{"type":"FeatureCollection","features":[{"type":"Feature","id":"hydrolakes:14671","properties":{"Hylak_id":14671,"Lake_name":"","Country":"China","Continent":"Asia","Poly_src":"SWBD","Lake_type":1,"Grand_id":0,"Lake_area":14.25,"Shore_len":15.08,"Shore_dev":1.13,"Vol_total":23.64,"Vol_res":0.0,"Vol_src":3,"Depth_avg":1.7,"Dis_avg":0.0,"Res_time":-1.0,"Elevation":1313,"Slope_100":0.7,"Wshd_area":6613.7,"Pour_long":104.339583,"Pour_lat":38.660417,"source_id":"hydrolakes:14671","label":""},"geometry":{"type":"Polygon","coordinates":[[[104.34463812934081,38.675236273872144],[104.34642740885499,38.67439195421076],[104.3476334635422,38.673466932509484],[104.34962782118106,38.673086208767984],[104.35149088541715,38.67180406358574],[104.35430013020891,38.67146782769163],[104.35403320312582,38.66985582139819],[104.35319986979215,38.66864474826457],[104.3556998697922,38.66819973415875],[104.35596679687552,38.6676335991761],[104.35791124131998,38.6673238118496],[104.35764431423667,38.66596693250938],[104.35653320312548,38.665249430339145],[104.35889973958382,38.664455023872165],[104.35930013020885,38.66318915473158],[104.36101725260465,38.66073676215342],[104.36430447048662,38.657690972222895],[104.3648556857645,38.656522488065036],[104.365952148438,38.65600490993984],[104.36725151909786,38.65260064019162],[104.36791124131997,38.64754123263958],[104.36735568576455,38.6454219563808],[104.36707248263957,38.64128472222285],[104.36390787760479,38.639610188802806],[104.35848795572969,38.63846666124198],[104.35347764757012,38.637078043620534],[104.34972222222291,38.63666666666728],[104.34617892795194,38.63680284288256],[104.34410210503523,38.637901611328914],[104.34046820746596,38.63897379557352],[104.33639214409772,38.64137017144168],[104.3312554253477,38.645977511936394],[104.3263503689243,38.6495528157559],[104.32163574218816,38.65351671007011],[104.31768500434077,38.663279215495436],[104.31755371093811,38.66659817165862],[104.31812825520899,38.671400824653404],[104.31907497829923,38.673011610243805],[104.3198665364589,38.67374471028711],[104.32038465711867,38.67484334309967],[104.32312554253531,38.674836290148164],[104.32423014322973,38.67535780164991],[104.32319986979218,38.677305230035415],[104.32806532118116,38.6778070746534],[104.32949815538251,38.67926852756142],[104.33116319444497,38.679852159288885],[104.3356673177089,38.6800306532125],[104.33652235243102,38.679578043620495],[104.33819986979216,38.6793108452697],[104.34267632378533,38.67735392252666],[104.34463812934081,38.675236273872144]]]}},{"type":"Feature","id":"hydrolakes:14687","properties":{"Hylak_id":14687,"Lake_name":"","Country":"China","Continent":"Asia","Poly_src":"SWBD","Lake_type":1,"Grand_id":0,"Lake_area":15.56,"Shore_len":20.1,"Shore_dev":1.44,"Vol_total":36.99,"Vol_res":0.0,"Vol_src":3,"Depth_avg":2.4,"Dis_avg":0.0,"Res_time":-1.0,"Elevation":1416,"Slope_100":0.94,"Wshd_area":14138.0,"Pour_long":102.896305,"Pour_lat":38.40887,"source_id":"hydrolakes:14687","label":""},"geometry":{"type":"Polygon","coordinates":[[[102.87485839843805,38.41874728732705],[102.87581515842055,38.418436686198504],[102.87736219618097,38.41875352647645],[102.88047336154568,38.41733113606841],[102.88208604600737,38.417363959419106],[102.883469509549,38.41652506510485],[102.88466200086862,38.41613810221418],[102.8863226996533,38.41479736328188],[102.8900908745664,38.41487426757891],[102.89246853298647,38.41438734266558],[102.89313205295196,38.413019476997135],[102.89968695746575,38.405557590061335],[102.90120876736154,38.403236083985064],[102.90291937934063,38.40125271267425],[102.9068191189242,38.3953888617628],[102.90679443359414,38.39417494032182],[102.90764160156294,38.392086046007535],[102.90791395399356,38.389302842882614],[102.908480631511,38.38790581597283],[102.90845567491374,38.38363891601642],[102.90709065755266,38.38274386935825],[102.90680826822955,38.37985839843816],[102.90628309461846,38.37832411024368],[102.90593153211847,38.374370795356526],[102.90494900173667,38.3729212782124],[102.90403184678871,38.370726589627395],[102.90361111111167,38.3688888888895],[102.90171413845542,38.36934054904572],[102.8990494791671,38.36928615993986],[102.8981971571186,38.369863823785295],[102.8968028428825,38.37013617621585],[102.89570258246562,38.37070285373329],[102.8951416015629,38.370413953993705],[102.89303955078185,38.370071614583935],[102.89186225043437,38.36946519639821],[102.89067735460117,38.36987060546937],[102.89011203342068,38.371036241320155],[102.8884299045144,38.37265218099026],[102.88736924913229,38.372630615235096],[102.88665283203181,38.37299953884616],[102.88764187283022,38.3743029785162],[102.8876302083338,38.37486884223148],[102.88819146050389,38.37625271267427],[102.88930826822951,38.37652506510483],[102.88958062066007,38.37766357421941],[102.88840332031288,38.379400499132544],[102.88508843316026,38.380350070530085],[102.88196289062552,38.37954888237908],[102.87828667534774,38.379576687283645],[102.87565158420193,38.37736463758739],[102.873983289931,38.377935655382544],[102.87265218098997,38.377908393012774],[102.87121934678879,38.37839884440166],[102.86938422309066,38.37691745334263],[102.86817572699704,38.376525472005824],[102.86736924913248,38.375685763889464],[102.86635742187542,38.37570638020907],[102.86514160156293,38.376530490451955],[102.86326931423656,38.37733506944505],[102.86392035590325,38.379236653646444],[102.86708604600739,38.379580620660306],[102.8684998914934,38.380721842448565],[102.87238633897613,38.38210055881149],[102.87235243055596,38.38376383463611],[102.87041205512207,38.384393581814834],[102.8691037326393,38.386597629123855],[102.86870388454918,38.38905381944505],[102.8670806206602,38.389580620660354],[102.86680826822965,38.3899468315978],[102.86844970703163,38.392796902127316],[102.86761583116368,38.39320163303029],[102.86658474392397,38.39427463107705],[102.86569715711857,38.39787068684956],[102.86796386718794,38.39921630859436],[102.86846950954913,38.40060723198843],[102.86444905598995,38.40104410807356],[102.86166151258738,38.4018508572056],[102.85900824652816,38.40179660373343],[102.85750027126772,38.39949666341204],[102.8568082682296,38.39963500976626],[102.85736382378508,38.4018028428826],[102.857963867188,38.40614284939295],[102.85874728732682,38.4087527126743],[102.86096950954897,38.41236382378537],[102.86282416449706,38.41451443142421],[102.86461235894154,38.41486341688437],[102.87291395399359,38.41903049045203],[102.87377983941013,38.41930284288247],[102.87485839843805,38.41874728732705]]]}},{"type":"Feature","id":"hydrolakes:14787","properties":{"Hylak_id":14787,"Lake_name":"","Country":"China","Continent":"Asia","Poly_src":"SWBD","Lake_type":1,"Grand_id":0,"Lake_area":47.38,"Shore_len":38.42,"Shore_dev":1.57,"Vol_total":185.88,"Vol_res":0.0,"Vol_src":3,"Depth_avg":3.9,"Dis_avg":0.834,"Res_time":2579.6,"Elevation":3197,"Slope_100":1.14,"Wshd_area":367.6,"Pour_long":100.533041,"Pour_lat":37.007279,"source_id":"hydrolakes:14787","label":""},"geometry":{"type":"Polygon","coordinates":[[[100.55291388617644,37.05152506510467],[100.55536207411058,37.050730523004006],[100.55750908745688,37.04854492187553],[100.55837015787785,37.04985839843806],[100.55903055826849,37.04958604600762],[100.5593916829431,37.04736789279576],[100.56130106608111,37.04738769531298],[100.56525207519564,37.046499023438],[100.56787400987429,37.046552463108185],[100.5687472195097,37.045691731771456],[100.57179334852452,37.04531955295198],[100.57553385416685,37.04384847005258],[100.58033867730052,37.039666883681036],[100.58388515896291,37.03495008680608],[100.58486389160191,37.034308268229665],[100.5862214491105,37.03098849826438],[100.58802347819034,37.02965277777827],[100.59014567057329,37.026789822049125],[100.59178609212262,37.02599392361168],[100.59372619628942,37.02236762152825],[100.59484164767832,37.02129584418452],[100.59567498101154,37.01886121961854],[100.59643371582052,37.01366943359426],[100.59683756510458,37.00706705729215],[100.59953708224873,37.00440999349007],[100.60124721950973,36.99985839843799],[100.60243408203155,36.99956895616373],[100.60394748263928,36.99757459852492],[100.60541320800814,36.994336751302626],[100.60544684516077,36.992689344618555],[100.60512539333791,36.99206542968807],[100.60432379828586,36.98795898437555],[100.60290513780427,36.98314751519149],[100.60097500271308,36.979302842882475],[100.59872768825994,36.97609185112901],[100.59875759548635,36.96935085720537],[100.59810872395872,36.967480740017834],[100.59875278049066,36.96653049045193],[100.59911885579453,36.96428195529569],[100.60108900282131,36.96432210286514],[100.60376729329482,36.96399495442756],[100.60507500542565,36.96273844401094],[100.60587727864618,36.96118109809083],[100.60525648329013,36.958634168837364],[100.60350212944894,36.95680826822979],[100.60152777777802,36.95764322916722],[100.60090067545599,36.9573201497401],[100.59848022460972,36.95736952039982],[100.59734775119387,36.95708631727484],[100.59694444444466,36.95666666666716],[100.59593268500458,36.95680799696231],[100.59043938530834,36.95845621744843],[100.58954033745675,36.95891954210117],[100.58596944173212,36.95958062066012],[100.58491373697956,36.960296223958835],[100.58203572591185,36.960697970920705],[100.57655442979637,36.96319335937551],[100.57485833062094,36.96346950954904],[100.56639234754795,36.968163248698374],[100.5647591145837,36.96856146918458],[100.56356330023897,36.969806043837366],[100.55911397298212,36.97283718533038],[100.55643981933622,36.975143500434626],[100.5545024278432,36.976293674045735],[100.54674981011317,36.98436957465333],[100.54569722493534,36.98597493489632],[100.54208055284306,36.989858398438],[100.5384694417321,36.99430284288246],[100.53513610839877,36.99902506510483],[100.53481079101596,37.002683105469316],[100.53240702311234,37.00749240451444],[100.53180277506544,37.00958062066019],[100.5315181477867,37.01190999349018],[100.5295930311417,37.018115776910236],[100.52903055826857,37.02472222222269],[100.52939866807748,37.0316745334207],[100.53022684733088,37.03893988715322],[100.53097500271303,37.04152506510468],[100.53140387641088,37.0445971679693],[100.53204359266522,37.045915798611645],[100.53425835503498,37.048709309896424],[100.53602708604626,37.05005154079913],[100.53946377224412,37.051227756076855],[100.5426464165584,37.051292588976196],[100.54626681857661,37.05076361762218],[100.54819722493511,37.05152506510467],[100.54942660861593,37.052358398438116],[100.55129136827293,37.05208034939284],[100.55291388617644,37.05152506510467]],[[100.54035224066877,36.99540717230957],[100.53989407009578,36.993936360677594],[100.54072740342917,36.993994683160224],[100.54106974283872,36.99455023871582],[100.54196695963572,36.99430311414983],[100.54232815212708,36.993716905382485],[100.54277777777816,36.99361111111165],[100.54340298122855,36.99410291883737],[100.54205037434912,36.99482801649356],[100.54115105523033,36.99559543185825],[100.5406584337025,36.99639485677136],[100.53934319390208,36.99684326171922],[100.53889390733536,36.99816134982689],[100.53767903645854,36.997906629774775],[100.53751607259136,36.997383355035254],[100.53812154134152,36.99701036241373],[100.53914788140213,36.99569091796923],[100.54035224066877,36.99540717230957]],[[100.54400051540819,36.989034288194944],[100.54514906141526,36.989055718316536],[100.54589280870255,36.98747992621577],[100.54707804361999,36.98596679687557],[100.54847751193603,36.98514431423666],[100.54925503200991,36.98394015842081],[100.55010335286511,36.98485568576439],[100.55042195638038,36.98458875868107],[100.55077467176665,36.982374403212305],[100.55125495062958,36.982355414497135],[100.5517616102436,36.98290228949713],[100.55212368435366,36.98100585937556],[100.55418090820336,36.978785536024986],[100.55545823838992,36.97818250868107],[100.55715081108957,36.97635579427134],[100.56099968804273,36.97347737630264],[100.56014417860268,36.97307373046931],[100.56259548611149,36.97239122178888],[100.56320095486132,36.97183024088605],[100.56317857530416,36.97126654730954],[100.56527777777802,36.97027777777828],[100.56542419433612,36.970695529514444],[100.56468831380226,36.972188313802576],[100.5637447102867,36.972633463542195],[100.56235582139783,36.973744574653324],[100.56197611490938,36.974549153646365],[100.56068874783006,36.974855957031934],[100.5607023111981,36.97519883897627],[100.55738755967906,36.97877658420185],[100.55403957790821,36.98176405164992],[100.55371073404973,36.982460666233294],[100.551378309462,36.984294976129036],[100.55097751193597,36.98514431423666],[100.55015184190574,36.98590928819493],[100.54986640082518,36.986810980903385],[100.54902248806445,36.98735568576444],[100.54873887803853,36.988841417101355],[100.54652248806462,36.99068901909777],[100.54607720269132,36.99163275824702],[100.54491041395431,36.99218343099005],[100.54450405544742,36.993466796875566],[100.54269476996552,36.992847764757414],[100.54403347439268,36.98986572265676],[100.54400051540819,36.989034288194944]]]}},{"type":"Feature","id":"hydrolakes:14799","properties":{"Hylak_id":14799,"Lake_name":"","Country":"China","Continent":"Asia","Poly_src":"SWBD","Lake_type":1,"Grand_id":0,"Lake_area":23.71,"Shore_len":20.18,"Shore_dev":1.17,"Vol_total":36.29,"Vol_res":0.0,"Vol_src":3,"Depth_avg":1.5,"Dis_avg":0.12,"Res_time":3500.3,"Elevation":3194,"Slope_100":0.58,"Wshd_area":85.0,"Pour_long":100.523958,"Pour_lat":36.864906,"source_id":"hydrolakes:14799","label":""},"geometry":{"type":"Polygon","coordinates":[[[100.52347751193611,36.90986653645882],[100.52606445312523,36.90869303385472],[100.52888400607674,36.90880479600753],[100.53096164279549,36.90721164279569],[100.53195237901514,36.90674397786512],[100.5327162679041,36.90556098090332],[100.5357003445099,36.90461642795191],[100.54034030490476,36.903730468750496],[100.54551337348119,36.90457790798661],[100.54924329969634,36.90371527777825],[100.55093322753942,36.902552354601255],[100.55157606336832,36.89985351562558],[100.55312757704013,36.89794704861157],[100.55360053168431,36.89596164279567],[100.55462314181892,36.89362874349007],[100.55520772298195,36.89252414279565],[100.55623582628056,36.89157145182344],[100.55652248806445,36.89100531684079],[100.5543108452693,36.88806640625046],[100.5557030571834,36.88625108507],[100.55438225640233,36.88358534071227],[100.55406650119374,36.877911512587445],[100.55261664496561,36.877227376302585],[100.55265597873301,36.87623643663244],[100.55194200303839,36.87488715277823],[100.55068915473106,36.87458875868106],[100.55001017252624,36.87314995659767],[100.5481278483075,36.87322455512208],[100.54625040690127,36.87207492404559],[100.5456796603736,36.87237711588591],[100.54402336968349,36.872366807726166],[100.54129489474843,36.8711762152783],[100.53754218207496,36.87180013020884],[100.53538404676692,36.87123480902824],[100.5339410400394,36.87124104817775],[100.53233710394983,36.870678982205334],[100.53015367296041,36.87076551649352],[100.52918646918425,36.869721679687984],[100.52839328342054,36.867227376302594],[100.52695434570336,36.86677164713598],[100.52542195638057,36.86482557508725],[100.52680026584227,36.86324598524351],[100.52583333333371,36.86166666666713],[100.52431084526933,36.8629220920144],[100.52114312065993,36.864921332465826],[100.51982279459673,36.86625488281305],[100.51985365125904,36.86879937066021],[100.51844577365472,36.868743489584006],[100.51764906141523,36.86705539279569],[100.51675571017824,36.86709092882012],[100.51408474392377,36.86892876519147],[100.5077893744579,36.87142388237896],[100.50550876193591,36.87263075086855],[100.50290079752637,36.87345621744839],[100.50037936740472,36.87519151475749],[100.49583367241775,36.87723470052134],[100.4928276909726,36.877808702257425],[100.49160366482221,36.87845621744839],[100.48307128906265,36.886333550347786],[100.48118760850713,36.88953748914986],[100.48119181315127,36.89285698784778],[100.48242818196633,36.89437608506995],[100.48491231282583,36.89573866102478],[100.48660149468338,36.898611924913666],[100.4879157172312,36.89982964409768],[100.48828030056444,36.90136013454918],[100.49034735785614,36.903042534722886],[100.49270534939274,36.905587565104724],[100.49970228407153,36.90850613064288],[100.50171210395001,36.908426378038655],[100.50318915473116,36.909033203125546],[100.509922010634,36.90931342230954],[100.51262030707488,36.910662434896324],[100.51950927734413,36.910966796875584],[100.52347751193611,36.90986653645882]]]}},{"type":"Feature","id":"hydrolakes:14839","properties":{"Hylak_id":14839,"Lake_name":"","Country":"China","Continent":"Asia","Poly_src":"GRanD","Lake_type":2,"Grand_id":5063,"Lake_area":31.9,"Shore_len":62.68,"Shore_dev":3.13,"Vol_total":1650.0,"Vol_res":1650.0,"Vol_src":2,"Depth_avg":51.7,"Dis_avg":558.671,"Res_time":34.2,"Elevation":2160,"Slope_100":14.4,"Wshd_area":138182.5,"Pour_long":101.808886,"Pour_lat":36.117663,"source_id":"hydrolakes:14839","label":""},"geometry":{"type":"Polygon","coordinates":[[[101.75695539041033,36.17445700377294],[101.7587885865774,36.17306686681707],[101.76144939967867,36.1731389462488],[101.76306075778581,36.17174273371552],[101.7644799213383,36.1696213811465],[101.76394051898899,36.16654713817246],[101.76416982296172,36.16097397690362],[101.76632770895253,36.16247216926962],[101.7673919047703,36.16358081228668],[101.76595075944147,36.16624154976154],[101.76607636469629,36.16858467990153],[101.76788709778015,36.16773372663795],[101.76870749480844,36.169375709999656],[101.76935789983753,36.169753239038016],[101.77123506488789,36.16728421092705],[101.77200353941492,36.16478523447802],[101.77290514823773,36.164449603035166],[101.77301620814671,36.167152298585734],[101.77387358876302,36.167895346982675],[101.7750116952082,36.16720611899825],[101.77629043276613,36.168500450981696],[101.7781010650856,36.16764933723141],[101.78078382497517,36.167181631503354],[101.78272048531755,36.168673583187],[101.7833268315079,36.17012973494366],[101.78852946031282,36.167749810623434],[101.79161161916903,36.16837246836934],[101.79239413431014,36.16551376045817],[101.79447755061545,36.16340983880025],[101.79630985407914,36.16201907760467],[101.79592502024468,36.16056891986551],[101.79328652926063,36.15995827385535],[101.79708479944577,36.15934010998558],[101.79692166006907,36.157895890657755],[101.7944756421283,36.15801035132898],[101.79342577108065,36.156542363591825],[101.79656611174528,36.15572659297686],[101.79846624233119,36.15811722051126],[101.79992306993427,36.16049596138953],[101.80211091242478,36.16127439704019],[101.80427688678594,36.16259215437759],[101.80480325738841,36.16602586792345],[101.80487158433613,36.16980730709042],[101.8061873902314,36.17020241266232],[101.80813642510634,36.1659348777352],[101.80772665350088,36.159624576629994],[101.80625499892926,36.15760549366479],[101.80654968048333,36.15581354134031],[101.80744376014275,36.15565742356375],[101.80398427871233,36.15340526603205],[101.80142634085217,36.15081715632368],[101.79768704470007,36.14999719543624],[101.79552884187387,36.148499553863985],[101.79903173794423,36.14967321880113],[101.79993306862644,36.149337368205295],[101.80288790707385,36.14761655046851],[101.80251030488188,36.1459866216868],[101.80495594819507,36.145871977032016],[101.80811034015682,36.14469629937025],[101.80887738469869,36.142197007957805],[101.81026561827133,36.14079416670336],[101.8120752608645,36.13994248445397],[101.81361227435184,36.14034339236497],[101.81455709211082,36.13892868868521],[101.81330724681101,36.13691559776737],[101.80987022164908,36.134124271742394],[101.80714934975782,36.13009208510971],[101.80470419863275,36.13020679966161],[101.80295311046501,36.12962008053165],[101.80274608789318,36.12925458461268],[101.8039125627451,36.12784588708132],[101.80527143617468,36.127162243564044],[101.80578029171579,36.125555984830555],[101.80409494991369,36.12335119693688],[101.80260210691443,36.12187146006596],[101.80151601035055,36.12130248940059],[101.79839172733438,36.121758892206],[101.7986425521737,36.121045673366666],[101.79551095477018,36.12168178700182],[101.7951043332132,36.12077098768623],[101.79758573268327,36.11975752212015],[101.79874483675513,36.11852865751581],[101.7990321692402,36.11691650205432],[101.80221463144653,36.11502177169473],[101.80435751647707,36.11687883579185],[101.80515637184686,36.11905995621311],[101.80800793702207,36.119855978660325],[101.80821496332965,36.12022146593807],[101.80943944737925,36.11737439138216],[101.80930523122362,36.11521101801651],[101.8085281350273,36.112490553971725],[101.80730066881824,36.10993805533798],[101.80421331826824,36.10949569383422],[101.80043212190168,36.10975463736116],[101.7936242655411,36.113532058674025],[101.79335147483255,36.114784624853655],[101.79068522510494,36.11489313878684],[101.78928249886911,36.11665533379386],[101.790560724937,36.11794949271615],[101.7896230975104,36.119184216633755],[101.78877338340499,36.118261510258264],[101.7865575227226,36.118202031720216],[101.78458526682033,36.11760911282579],[101.7842389256844,36.120659492722154],[101.78197159604161,36.121858413917664],[101.78053915231163,36.12433962289407],[101.77937968491938,36.1255682912884],[101.77578985587974,36.12655150713243],[101.78022200609956,36.126670845284934],[101.78152226779474,36.12742574921896],[101.78102025870027,36.128852095218974],[101.77929146067703,36.127725689963654],[101.77593786374854,36.1283553039587],[101.77719396137815,36.1301889501857],[101.77738614886607,36.13091404994947],[101.77624125083867,36.13178311420097],[101.776839882954,36.13341906854396],[101.77813285912998,36.134353795331435],[101.77868005379327,36.13724822227101],[101.77755714887383,36.13757794649206],[101.77580613383827,36.13699083223071],[101.7687285662509,36.13643994224253],[101.76600989227529,36.13780633157205],[101.76254504323168,36.13573284885939],[101.76112651158172,36.13785421696048],[101.76439193612697,36.13938240866605],[101.76704424261044,36.13963408677341],[101.76996985148384,36.13863322258584],[101.77217150704001,36.13905260011114],[101.77301385314001,36.14015520500482],[101.77121120223808,36.140826492869905],[101.77250422184272,36.141761282350444],[101.77500932094858,36.145608424805005],[101.77430012817916,36.146669188023225],[101.7734061053132,36.146825059885145],[101.77332502056265,36.14880265670382],[101.77283007233245,36.150049168186115],[101.7739163224175,36.15061840676651],[101.77341399738918,36.15204470168891],[101.77095340881812,36.1525182507076],[101.76988191781908,36.15158942352423],[101.76993357839046,36.15033095777977],[101.76889903739033,36.148503219794634],[101.76634988700494,36.15113404301155],[101.76457649763529,36.151086094249024],[101.76223426036353,36.1486829886565],[101.76135499531989,36.14847920910313],[101.76122951710062,36.146136076149844],[101.75933082606599,36.14374492459393],[101.75760205197537,36.14261820714586],[101.7553411078622,36.143636788125605],[101.75417354357671,36.14504495247422],[101.75169825168223,36.14587766654131],[101.75143207000826,36.14695031403437],[101.74965137582399,36.147081926478336],[101.74849108626034,36.1483102496764],[101.74841680054908,36.1501080201831],[101.74563178912183,36.147692565393356],[101.74502629712788,36.14623626210624],[101.74329769206605,36.14510934580147],[101.7419380122775,36.145792239845036],[101.74175357303267,36.14488732343773],[101.74209429047636,36.142016942626356],[101.74051301233203,36.14269378710611],[101.73912356086629,36.14409575278847],[101.73754221700341,36.14477255431785],[101.73667052719895,36.14438882341136],[101.73671525090037,36.1433101727788],[101.74040304179061,36.13999111078766],[101.73613977343359,36.141134733301215],[101.73597031753246,36.13987026115234],[101.73418977664545,36.140001650235035],[101.73365914187355,36.13674755388513],[101.73187867091815,36.13687891202085],[101.73175925395498,36.13975530236462],[101.7311242132364,36.13901804052301],[101.72997871353977,36.13988662848618],[101.73033983924273,36.14187625766499],[101.72683846317591,36.140700648309576],[101.7248587031587,36.14028651324554],[101.72805618386263,36.143433626750266],[101.7266964153182,36.14411634224854],[101.7281881464848,36.145596971063924],[101.72638503710328,36.14626755634873],[101.72676104329526,36.14789764506088],[101.72445468775794,36.14999425001719],[101.72243727252231,36.150478926419225],[101.72111479061448,36.15026270806777],[101.71962311790128,36.14878199422344],[101.71789485255556,36.14765472671337],[101.717954833514,36.146216553627426],[101.71664743909798,36.14564074699223],[101.71632077555222,36.14815146262163],[101.7177073846587,36.15214901482176],[101.71656904645641,36.15283768390589],[101.71378138632048,36.15582074378034],[101.71327794911821,36.15724672719523],[101.71323288158135,36.15832534999504],[101.71168862112518,36.158102930579446],[101.71097096036914,36.15934303652256],[101.71179006345147,36.16098534707288],[101.71293607625097,36.16011696220096],[101.7110949264374,36.161686142005465],[101.70906961862289,36.16235034192533],[101.70920104794101,36.164513676189756],[101.71135038230864,36.16619258156095],[101.71239126273309,36.1678409864798],[101.71294366548125,36.17055581854265],[101.71441304936786,36.17257593678704],[101.71595009237723,36.172978106078006],[101.72060631741772,36.17310587214058],[101.72146323358885,36.17384927396142],[101.72178674658124,36.17673777362688],[101.72310217692063,36.17713377838612],[101.72359810211947,36.17588752671833],[101.72603718235422,36.17595432314016],[101.72412397418594,36.17392218425175],[101.72399962763728,36.17157907534198],[101.72723566739131,36.173827399178435],[101.7284762706152,36.17602106997663],[101.73050180153456,36.17535655200902],[101.73102002362356,36.17357094317657],[101.73195925080324,36.17233676857512],[101.73354121027165,36.17166007439744],[101.73407943173311,36.174734393471],[101.73492903291145,36.17565747975556],[101.7364513339756,36.17641894156321],[101.737383055723,36.17536449641983],[101.74337739328809,36.175347896045594],[101.7472064403023,36.17401227346346],[101.74849223436235,36.17512710786025],[101.7469028768478,36.17598377865971],[101.74527626845895,36.177739304655404],[101.74566021430064,36.17918957879482],[101.74741188605259,36.17977716768456],[101.75074558163277,36.17968781163205],[101.75275619657714,36.17938246549096],[101.75305220822241,36.17759071658082],[101.75532161018663,36.176392457503596],[101.75695539041033,36.17445700377294]],[[101.7316901045304,36.16279059740441],[101.73194168328325,36.1620775602226],[101.7349708195643,36.16396006341489],[101.73552399398596,36.16667483112178],[101.73416386578208,36.16735761210293],[101.73185204126992,36.164234844193345],[101.7316901045304,36.16279059740441]],[[101.74359655528588,36.15933579291607],[101.74698885385243,36.15780828706528],[101.75414226111161,36.156562774810084],[101.75673645520442,36.152853573312086],[101.75915268683463,36.153458995036885],[101.76020185777031,36.15492724998978],[101.76233730877556,36.1569648409353],[101.7607040524789,36.15890039820334],[101.76037912305782,36.15601192762921],[101.75794798586656,36.15576608356105],[101.75567182598735,36.15714420641115],[101.75254592912358,36.157599322774104],[101.74988566468039,36.15752707210328],[101.74761675501264,36.158725254630724],[101.74359655528588,36.15933579291607]]]}},{"type":"Feature","id":"hydrolakes:14840","properties":{"Hylak_id":14840,"Lake_name":"","Country":"China","Continent":"Asia","Poly_src":"GRanD","Lake_type":2,"Grand_id":5065,"Lake_area":17.28,"Shore_len":61.92,"Shore_dev":4.2,"Vol_total":280.0,"Vol_res":280.0,"Vol_src":2,"Depth_avg":16.2,"Dis_avg":692.931,"Res_time":4.7,"Elevation":1620,"Slope_100":7.68,"Wshd_area":184102.8,"Pour_long":103.26875,"Pour_lat":36.056081,"source_id":"hydrolakes:14840","label":""},"geometry":{"type":"Polygon","coordinates":[[[103.18903127226605,35.9744491577149],[103.19481435332091,35.97370529174816],[103.21993032011761,35.975051879882926],[103.23677602324278,35.96939468383806],[103.2561928323247,35.95436477661144],[103.271131186817,35.949661254882926],[103.2784096291997,35.949623107910156],[103.2959572366214,35.95774078369158],[103.30187764677765,35.95847702026367],[103.30665364775427,35.95407867431652],[103.31294789824267,35.94363021850586],[103.33153310332085,35.935516357422046],[103.33219686064484,35.933650970459155],[103.31750264677771,35.93541336059576],[103.3100410989262,35.937767028808594],[103.30605855498078,35.941997528076286],[103.30302205595751,35.950717926025504],[103.30019917998078,35.95352554321295],[103.29470601591845,35.95386886596697],[103.28113332304719,35.9449081420899],[103.25495687041064,35.94710922241228],[103.24862447294981,35.94825363159191],[103.24234548125048,35.95193481445318],[103.2155815652348,35.97101211547874],[103.19748464140667,35.96644592285156],[103.18907704863335,35.96747589111345],[103.1831108621098,35.97053909301758],[103.1762062600589,35.97862243652355],[103.17650380644602,35.981388092041016],[103.1888329080083,35.986492156982536],[103.19721761259814,36.008083343505916],[103.2035194924809,36.01370620727556],[103.23668752709807,36.02766640099986],[103.2446243050029,36.034469353489726],[103.25199417020065,36.04448481132226],[103.26541110427792,36.05676791998468],[103.26805669691305,36.058657629009815],[103.27221405676801,36.054689240057314],[103.2637611916997,36.04757690429699],[103.25634050095812,36.03957156785742],[103.25482873373795,36.036737004319946],[103.24638906035204,36.02741241455078],[103.24204793486388,36.0231666564942],[103.23573842558642,36.02071380615246],[103.21552278601808,36.014060496020136],[103.20137563261767,36.00492477417009],[103.19624105009797,35.99132919311529],[103.18696370634814,35.97750854492199],[103.18903127226605,35.9744491577149]],[[103.23506703886761,35.96061325073248],[103.23881307158246,35.958595275878906],[103.24284902128949,35.95878219604498],[103.24267354521527,35.96133422851574],[103.23757710966828,35.96329498291044],[103.23409810576237,35.96788787841814],[103.22955861601594,35.96840667724615],[103.22974172148497,35.965854644775504],[103.23506703886761,35.96061325073248]]]}},{"type":"Feature","id":"hydrolakes:14861","properties":{"Hylak_id":14861,"Lake_name":"","Country":"China","Continent":"Asia","Poly_src":"GRanD","Lake_type":2,"Grand_id":5067,"Lake_area":17.05,"Shore_len":91.71,"Shore_dev":6.27,"Vol_total":692.0,"Vol_res":692.0,"Vol_src":2,"Depth_avg":40.6,"Dis_avg":560.908,"Res_time":14.3,"Elevation":1997,"Slope_100":16.24,"Wshd_area":145157.7,"Pour_long":102.227243,"Pour_lat":35.876698,"source_id":"hydrolakes:14861","label":""},"geometry":{"type":"Polygon","coordinates":[[[102.04662163582026,35.954240133382996],[102.04781136632317,35.95037350924872],[102.04840623157486,35.94412742410822],[102.04840623157486,35.93758390634224],[102.05019082732906,35.93579931058781],[102.05078569258052,35.93371728220791],[102.04959596207749,35.93252755170499],[102.04691906844602,35.93163525382761],[102.04424217481449,35.929553225447705],[102.04394474218867,35.929553225447705],[102.04216014643436,35.92598403393902],[102.04275501168604,35.92479430343616],[102.04453960744024,35.92300970768173],[102.04632420319467,35.917358487792626],[102.04781136632317,35.91527645941284],[102.05019082732906,35.914681594161266],[102.05197542308349,35.91349186365852],[102.05257028833483,35.91140983527811],[102.0540574514634,35.90843550902076],[102.05554461459229,35.90843550902076],[102.0579240755979,35.909922672149605],[102.06060096922965,35.909327806898204],[102.0617906997324,35.90843550902076],[102.06357529548683,35.9057586153894],[102.06684705436987,35.903974019635086],[102.06833421749849,35.90248685650636],[102.06922651537565,35.89980996287488],[102.0701188132528,35.894456175611765],[102.06654962174406,35.88910238834853],[102.06446759336399,35.8870203599684],[102.06387272811247,35.885235764213974],[102.06506245861556,35.881071707453714],[102.0641701607384,35.87898967907381],[102.0641701607384,35.87661021806804],[102.06535989124143,35.87452818968774],[102.06773935224709,35.87274359393331],[102.07220084163288,35.870364132927534],[102.07547260051604,35.868282104547745],[102.07666233101878,35.86620007616733],[102.07874435939897,35.86084628890421],[102.08082638777904,35.858466827898326],[102.0817186856562,35.855789934266966],[102.07874435939897,35.84894898387506],[102.07904179202484,35.8462720902437],[102.08052895515328,35.84240546610897],[102.08528787716494,35.841215735606056],[102.09123652967946,35.838241409348825],[102.09391342331111,35.83794397672324],[102.09629288431711,35.83734911147178],[102.10075437370301,35.83526708309165],[102.10224153683151,35.833779919963035],[102.10491843046339,35.83229275683419],[102.10640559359183,35.831103026331334],[102.10789275672033,35.82842613269992],[102.1084876219719,35.82545180644263],[102.10729789146905,35.8224774801854],[102.10581072834043,35.82069288443097],[102.10610816096602,35.81980058655358],[102.10759532409475,35.81980058655358],[102.10908248722325,35.821287749682426],[102.11056965035209,35.82336977806233],[102.1123542461064,35.82872356532545],[102.11354397660926,35.830805593705804],[102.11711316811818,35.833779919963035],[102.12008749437524,35.834969650466064],[102.12454898376131,35.83437478521461],[102.1287130405214,35.83288762208565],[102.13138993415299,35.83229275683419],[102.13347196253306,35.83259018946018],[102.1349591256618,35.833779919963035],[102.13793345191897,35.835564515717465],[102.14804616119386,35.83794397672324],[102.15756400521718,35.838538841974696],[102.16113319672593,35.83943113985174],[102.16470238823462,35.84151316823204],[102.16589211873759,35.84359519661194],[102.16648698398893,35.847759253372146],[102.16737928186609,35.851031012255305],[102.17065104074925,35.85311304063538],[102.17392279963218,35.85400533851265],[102.17630226063807,35.85430277113812],[102.18106118264973,35.85787196264704],[102.18463037415847,35.85935912577577],[102.1879021330414,35.85935912577577],[102.19593281393622,35.85995399102717],[102.20009687069631,35.861143721530084],[102.20485579270797,35.863820615161444],[102.20753268633945,35.86887696979903],[102.20961471471963,35.870364132927534],[102.2128864736028,35.87125643080492],[102.21467106935711,35.870958998179105],[102.21764539561445,35.87125643080492],[102.21976811826568,35.87314949882051],[102.218993948697,35.876762290140505],[102.2233809095859,35.87547200752607],[102.22537864388323,35.87690765069351],[102.22746067226336,35.87958454432538],[102.23192216164944,35.87423075706215],[102.22835297014052,35.87214872868185],[102.22508121125759,35.86976926767608],[102.21764539561445,35.86709237404472],[102.21348133885414,35.867687239296174],[102.21169674309971,35.86738980667019],[102.21080444522255,35.865902643541745],[102.20991214734534,35.863523182536085],[102.20842498421689,35.86173858678154],[102.20307119695354,35.85876426052431],[102.19236362242748,35.85608736689261],[102.1840355089069,35.855195069015565],[102.18046631739816,35.85192331013235],[102.17778942376668,35.85013871437792],[102.17392279963218,35.84954384912646],[102.17124590600059,35.84835411862372],[102.16916387762052,35.8406208703546],[102.16797414711749,35.838241409348825],[102.16529725348602,35.83675424622038],[102.16113319672593,35.83586194834294],[102.15756400521718,35.83586194834294],[102.1471538633167,35.83407735258862],[102.14209750867923,35.83288762208565],[102.1394206150477,35.83199532420872],[102.13674372141622,35.83050816107999],[102.13436426041022,35.82872356532545],[102.13287709728172,35.826938969571074],[102.13049763627572,35.82753383482253],[102.12930790577298,35.82931843057696],[102.12692844476697,35.83050816107999],[102.12395411850974,35.83140045895726],[102.120384927001,35.831103026331334],[102.11830289862093,35.83021072845429],[102.115031139738,35.826938969571074],[102.11324654398356,35.82455950856536],[102.11146194822913,35.82009801917951],[102.11086708297768,35.81771855817374],[102.10819018934609,35.816528827670766],[102.10551329571467,35.81682626029635],[102.10372869996024,35.81861085605067],[102.10283640208308,35.8203954518051],[102.10283640208308,35.82188261493394],[102.10372869996024,35.82634410431967],[102.09837491269701,35.8266415369456],[102.09421085593692,35.8260466716942],[102.09093909705388,35.82485694119117],[102.08707247291937,35.8224774801854],[102.08588274241652,35.821287749682426],[102.08499044453936,35.82009801917951],[102.0855853097907,35.81712369292228],[102.08499044453936,35.81593396241942],[102.08320584878504,35.81504166454192],[102.082313550908,35.81414936666499],[102.08261098353347,35.81325706878755],[102.08469301191366,35.81028274253026],[102.08647760766786,35.808795579401874],[102.08618017504222,35.8076058488989],[102.0840981466622,35.808200714150416],[102.082313550908,35.81087760778166],[102.07993408990188,35.81266220353626],[102.07933922465054,35.81444679929058],[102.08052895515328,35.81593396241942],[102.082313550908,35.81682626029635],[102.08290841615928,35.81801599079921],[102.08201611828213,35.82009801917951],[102.08290841615928,35.82188261493394],[102.08588274241652,35.82455950856536],[102.09153396230545,35.82723640219706],[102.09391342331111,35.82812870007399],[102.09837491269701,35.82812870007399],[102.10134923895436,35.82872356532545],[102.09688774956845,35.83199532420872],[102.09450828856279,35.83407735258862],[102.09272369280819,35.834969650466064],[102.09093909705388,35.834969650466064],[102.08885706867375,35.83348248733722],[102.08499044453936,35.83407735258862],[102.08350328141063,35.834969650466064],[102.08261098353347,35.83734911147178],[102.0802315225277,35.83913370722615],[102.07844692677338,35.83972857247767],[102.07547260051604,35.84359519661194],[102.0733905721359,35.84865155124959],[102.07398543738731,35.851328444880835],[102.07577003314162,35.85281560800968],[102.07666233101878,35.85549250164104],[102.07398543738731,35.85935912577577],[102.07279570688445,35.86203601940713],[102.07279570688445,35.86471291303883],[102.07190340900718,35.86620007616733],[102.06684705436987,35.86947183505049],[102.06149326710681,35.87363589181069],[102.0603035366039,35.875420487565066],[102.06060096922965,35.87750251594497],[102.05970867135261,35.88612806209147],[102.0617906997324,35.88850752309713],[102.06506245861556,35.89475360823724],[102.06595475649272,35.89743050186911],[102.06595475649272,35.8995125302489],[102.06387272811247,35.901891991254786],[102.05970867135261,35.905163750137945],[102.0579240755979,35.90694834589232],[102.0540574514634,35.90486631751213],[102.05257028833483,35.90486631751213],[102.05019082732906,35.90754321114383],[102.04900109682615,35.91051753740106],[102.04721650107183,35.91230213315549],[102.0451344726917,35.91289699840695],[102.04334987693733,35.91438416153534],[102.0418627138086,35.91706105516715],[102.04156528118301,35.9200353814245],[102.03978068542858,35.921819977178814],[102.03710379179682,35.92687633181595],[102.03769865704851,35.92836349494479],[102.03968154121986,35.929553225447705],[102.03888838755142,35.929553225447705],[102.0454319053174,35.93431214745948],[102.04483704006583,35.937286473716654],[102.04483704006583,35.939963367348014],[102.04394474218867,35.942640260979886],[102.04334987693733,35.948588913494405],[102.04216014643436,35.95275297025461],[102.03948325280271,35.95305040288014],[102.03502176341692,35.954240133382996],[102.03056027403085,35.954240133382996],[102.02877567827653,35.95572729651184],[102.02669364989652,35.95989135327204],[102.02669364989652,35.964055410032245],[102.02907311090229,35.96940919729536],[102.03264230241103,35.97416811930702],[102.0332371676626,35.976845012938384],[102.02996540877945,35.97981933919573],[102.02044756475613,35.982793665453016],[102.01806810375035,35.98517312645879],[102.01658094062162,35.98844488534212],[102.0171758058732,35.99231150947634],[102.01568864274446,35.99469097048211],[102.01182201860996,35.99647556623654],[102.00914512497837,35.998260161990856],[102.0088476923529,36.00034219037116],[102.01568864274446,35.998260161990856],[102.01896040162762,35.99528583573368],[102.02015013213065,35.99409610523065],[102.02133986263328,35.99231150947634],[102.02282702576201,35.988742317967706],[102.02401675626487,35.98666028958763],[102.02520648676779,35.985470559084774],[102.02907311090229,35.983983395956045],[102.0308577066566,35.983685963330345],[102.03412946553976,35.98249623282743],[102.03621149391978,35.980711637073114],[102.03680635917135,35.979521906570255],[102.03769865704851,35.97416811930702],[102.03650892654542,35.96940919729536],[102.03383203291395,35.96643487103813],[102.0293705435281,35.96227081427793],[102.02966797615369,35.959593920646114],[102.03204743715969,35.958106757517726],[102.03561662866827,35.95661959438888],[102.04453960744024,35.95513243126038],[102.04662163582026,35.954240133382996]]]}},{"type":"Feature","id":"hydrolakes:172860","properties":{"Hylak_id":172860,"Lake_name":"","Country":"China","Continent":"Asia","Poly_src":"SWBD","Lake_type":1,"Grand_id":0,"Lake_area":4.27,"Shore_len":10.87,"Shore_dev":1.48,"Vol_total":11.76,"Vol_res":0.0,"Vol_src":3,"Depth_avg":2.8,"Dis_avg":0.0,"Res_time":-1.0,"Elevation":1188,"Slope_100":0.98,"Wshd_area":3031.7,"Pour_long":104.135417,"Pour_lat":39.989583,"source_id":"hydrolakes:172860","label":""},"geometry":{"type":"Polygon","coordinates":[[[104.13874213324704,39.97570225609758],[104.13489339192768,39.97494677225825],[104.13444444444508,39.974444444445226],[104.13156331380276,39.9748298009244],[104.13021918402836,39.97549595091158],[104.12849338107696,39.97539309607703],[104.12625786675397,39.976638308631834],[104.12736897786522,39.97763107723739],[104.12763102213586,39.978245802986066],[104.12629909939301,39.97943593978954],[104.12598008897635,39.98177679909679],[104.12814398871592,39.983036596510885],[104.12846435546925,39.98386053085403],[104.12769341362912,39.986009150611835],[104.12846028645896,39.988872125414446],[104.1272620985248,39.99250365999097],[104.12738362630273,39.99454632229356],[104.13098008897617,39.9948532983999],[104.13215793185822,39.99567613919652],[104.13436360677127,39.9959711233783],[104.13423502604223,39.9981255372374],[104.13263102213602,39.998742187288826],[104.13230631510476,39.99910554038229],[104.13118082682354,40.00222326914542],[104.12981906467076,40.00321143892148],[104.12909152560826,40.004796782070514],[104.12797851562561,40.00623308446751],[104.1285720486116,40.00788769986974],[104.13151991102478,40.0104244791807],[104.13277832031315,40.01068663194849],[104.13680853949711,40.00832748519127],[104.13735324435817,40.005408853955544],[104.1393134223095,40.00125781271271],[104.13957546658031,39.999950821135485],[104.13856445312553,39.99850353452973],[104.13820231119843,39.99640891499081],[104.1397984483512,39.99539372550191],[104.14162950303887,39.99304617987809],[104.14421847873325,39.99093278249194],[104.14460611979217,39.98885559717888],[104.1464748806431,39.98790917926442],[104.14721354166727,39.985517523024555],[104.14700005425414,39.98193656709532],[104.14763102213601,39.98032132890569],[104.14503119574698,39.97843458599584],[104.14401719835132,39.9772996245498],[104.14087076822972,39.97598693211944],[104.13874213324704,39.97570225609758]]]}},{"type":"Feature","id":"hydrolakes:172907","properties":{"Hylak_id":172907,"Lake_name":"","Country":"China","Continent":"Asia","Poly_src":"SWBD","Lake_type":1,"Grand_id":0,"Lake_area":1.07,"Shore_len":3.92,"Shore_dev":1.07,"Vol_total":16.66,"Vol_res":0.0,"Vol_src":3,"Depth_avg":15.6,"Dis_avg":0.001,"Res_time":192819.7,"Elevation":1172,"Slope_100":12.36,"Wshd_area":19.6,"Pour_long":102.425241,"Pour_lat":39.788827,"source_id":"hydrolakes:172907","label":""},"geometry":{"type":"Polygon","coordinates":[[[102.42207302517392,39.781260325114715],[102.4203860134553,39.78124135335355],[102.41798583984428,39.78262520684211],[102.41489366319485,39.78623623318214],[102.41450141059084,39.78881103515704],[102.41376030816008,39.7908287217889],[102.41441514756985,39.793057590061494],[102.41605360243102,39.79421936035226],[102.41742377387192,39.79472249349038],[102.42348497178864,39.79243903266138],[102.42538275824694,39.79014470418366],[102.42560763888929,39.787346208361214],[102.42466606987898,39.78486524793908],[102.42314046223993,39.78192894829715],[102.42207302517392,39.781260325114715]]]}},{"type":"Feature","id":"hydrolakes:172915","properties":{"Hylak_id":172915,"Lake_name":"","Country":"China","Continent":"Asia","Poly_src":"SWBD","Lake_type":1,"Grand_id":0,"Lake_area":1.28,"Shore_len":4.98,"Shore_dev":1.24,"Vol_total":13.55,"Vol_res":0.0,"Vol_src":3,"Depth_avg":10.6,"Dis_avg":0.0,"Res_time":-1.0,"Elevation":1178,"Slope_100":7.32,"Wshd_area":4.9,"Pour_long":102.471383,"Pour_lat":39.774159,"source_id":"hydrolakes:172915","label":""},"geometry":{"type":"Polygon","coordinates":[[[102.46633300781298,39.77764088948646],[102.46796332465311,39.77673119439089],[102.4699728732644,39.77689266628761],[102.47254204644133,39.77528350830147],[102.4730322265629,39.774405127632065],[102.470629882813,39.772822774252006],[102.46765326605936,39.76849295722184],[102.4657736545143,39.7677013821081],[102.46407552083366,39.76864888509192],[102.46397542317754,39.76740439521012],[102.46508138020869,39.76599212646562],[102.46519612630254,39.764564107259844],[102.46388888888924,39.76388888888965],[102.46148139105946,39.76452490912624],[102.45972384982701,39.76530917697551],[102.458666992188,39.76720309787402],[102.45792697482676,39.77126032511467],[102.45734592013935,39.7726403299975],[102.45800591362882,39.77382334391348],[102.45737141927117,39.77555094401117],[102.4582630750873,39.77673346625505],[102.46212212456629,39.777819332547494],[102.46368245442761,39.77794472588505],[102.46633300781298,39.77764088948646]]]}},{"type":"Feature","id":"hydrolakes:172994","properties":{"Hylak_id":172994,"Lake_name":"","Country":"China","Continent":"Asia","Poly_src":"SWBD","Lake_type":1,"Grand_id":0,"Lake_area":2.79,"Shore_len":7.54,"Shore_dev":1.27,"Vol_total":2.52,"Vol_res":0.0,"Vol_src":3,"Depth_avg":0.9,"Dis_avg":0.0,"Res_time":-1.0,"Elevation":1157,"Slope_100":0.3,"Wshd_area":1906.8,"Pour_long":104.869041,"Pour_lat":39.438483,"source_id":"hydrolakes:172994","label":""},"geometry":{"type":"Polygon","coordinates":[[[104.8656629774311,39.41263793945399],[104.86527777777849,39.41222222222308],[104.86404025607703,39.41245842827766],[104.86397406684085,39.4141269938159],[104.86511393229222,39.41885654025674],[104.86541124132009,39.42597751193654],[104.86608995225765,39.428295559353955],[104.86491807725758,39.430510525174384],[104.86483127170192,39.43269212510921],[104.86528374566029,39.43552951388955],[104.86580132378538,39.43716593424551],[104.86744628906303,39.438941311307076],[104.86967285156305,39.43985582139828],[104.8720990668408,39.43955261230542],[104.87536783854222,39.43768534342519],[104.87652235243127,39.43513359917608],[104.87776638454932,39.433325602214325],[104.87843804253527,39.43011610243127],[104.87792209201444,39.42902248806507],[104.87681098090326,39.42757351345551],[104.8773556857646,39.42707804362061],[104.8781998697923,39.42681084526981],[104.87863281250065,39.424992268881],[104.88013346354222,39.42281148274816],[104.87972601996586,39.42169284396772],[104.87834472656323,39.42020202636786],[104.8727832031256,39.417294379340944],[104.87052788628529,39.41485982259195],[104.869036458334,39.413833753798485],[104.8656629774311,39.41263793945399]]]}},{"type":"Feature","id":"hydrolakes:173296","properties":{"Hylak_id":173296,"Lake_name":"","Country":"China","Continent":"Asia","Poly_src":"SWBD","Lake_type":1,"Grand_id":0,"Lake_area":1.19,"Shore_len":6.63,"Shore_dev":1.72,"Vol_total":4.1,"Vol_res":0.0,"Vol_src":3,"Depth_avg":3.5,"Dis_avg":0.544,"Res_time":87.2,"Elevation":1714,"Slope_100":2.01,"Wshd_area":3759.7,"Pour_long":101.014827,"Pour_lat":38.809762,"source_id":"hydrolakes:173296","label":""},"geometry":{"type":"Polygon","coordinates":[[[101.02790134006113,38.81206800672811],[101.0306738281252,38.811797281901704],[101.03135687934082,38.81086235894168],[101.02943060980925,38.80873345269163],[101.02815294053852,38.80798231336871],[101.02640068901951,38.80901245117252],[101.02381523980063,38.808663872613465],[101.02185913085975,38.80709743923677],[101.02169596354196,38.80578545464476],[101.02329250759573,38.805328911675986],[101.02435411241339,38.8040016004781],[101.02418294270876,38.80262505425412],[101.02616563585104,38.801789550781905],[101.02632202148465,38.80053222656312],[101.02429022894995,38.799598659939875],[101.02385077582505,38.79855590820375],[101.0213888888893,38.79722222222284],[101.01988742404541,38.797368842231606],[101.01803738064268,38.798669162327144],[101.01723049587713,38.80004191080792],[101.01890041775204,38.8005193413635],[101.01945461697068,38.80146199544333],[101.01810831705768,38.80227959526974],[101.01901245117216,38.80351725260499],[101.01647881401931,38.80481621636346],[101.01530517578152,38.805756157769736],[101.01305257161494,38.809185655382635],[101.01287122938425,38.81064331054756],[101.01434963650217,38.81151245117252],[101.01550184461831,38.81115858289991],[101.01768296983539,38.809876437717776],[101.02011759440126,38.810150689019736],[101.02120307074682,38.810810004340965],[101.02219211154556,38.812045084636],[101.02515557183182,38.811856689453805],[101.02659790039087,38.81270453559097],[101.02790134006113,38.81206800672811]]]}},{"type":"Feature","id":"hydrolakes:173390","properties":{"Hylak_id":173390,"Lake_name":"","Country":"China","Continent":"Asia","Poly_src":"SWBD","Lake_type":1,"Grand_id":0,"Lake_area":1.17,"Shore_len":5.48,"Shore_dev":1.43,"Vol_total":3.58,"Vol_res":0.0,"Vol_src":3,"Depth_avg":3.1,"Dis_avg":0.201,"Res_time":205.9,"Elevation":2176,"Slope_100":1.75,"Wshd_area":1148.5,"Pour_long":101.135128,"Pour_lat":38.505521,"source_id":"hydrolakes:173390","label":""},"geometry":{"type":"Polygon","coordinates":[[[101.13832085503509,38.50385701497464],[101.13874471028663,38.50283013237919],[101.13710340711833,38.49938937717076],[101.13875528971374,38.496533067491896],[101.13902248806465,38.49534423828203],[101.13841634114607,38.4948664008254],[101.13668199327282,38.4967382812506],[101.13495076497429,38.49735582139823],[101.13282307942728,38.49648193359434],[101.13184705946225,38.49542846679748],[101.13055555555593,38.49472222222295],[101.1292903645836,38.4962832302524],[101.12934190538238,38.49758531358572],[101.12884453667573,38.49852539062567],[101.12934095594647,38.49994154188431],[101.12925008138046,38.50223415798672],[101.12845187717062,38.50380967882012],[101.12659071180599,38.5037360297315],[101.12621595594658,38.505309380425956],[101.1249494086374,38.50590711805614],[101.12544284396728,38.50683973524366],[101.12540662977472,38.507752414280105],[101.12430026584224,38.50846693250929],[101.12403306749184,38.50933919270892],[101.12516181098124,38.50985582139822],[101.13292439778667,38.5078218587247],[101.13672688802126,38.50625990125934],[101.13832085503509,38.50385701497464]]]}},{"type":"Feature","id":"hydrolakes:173440","properties":{"Hylak_id":173440,"Lake_name":"","Country":"China","Continent":"Asia","Poly_src":"SWBD","Lake_type":1,"Grand_id":0,"Lake_area":2.77,"Shore_len":8.22,"Shore_dev":1.39,"Vol_total":32.02,"Vol_res":0.0,"Vol_src":3,"Depth_avg":11.5,"Dis_avg":0.527,"Res_time":703.3,"Elevation":1869,"Slope_100":6.19,"Wshd_area":3324.1,"Pour_long":102.005208,"Pour_lat":38.330557,"source_id":"hydrolakes:173440","label":""},"geometry":{"type":"Polygon","coordinates":[[[102.00718370225724,38.3305109320753],[102.00820475260451,38.329871419271456],[102.00948242187542,38.32838853624196],[102.01394775390662,38.325621202257594],[102.0161263020837,38.32335856119863],[102.01773193359418,38.322570936415445],[102.01923990885462,38.320163167318356],[102.02014919704902,38.319593641493725],[102.02041612413245,38.31755316840338],[102.02123969184072,38.31549112955781],[102.02010742187542,38.31389431423685],[102.01401746961847,38.31153808593814],[102.0138888888892,38.3111111111117],[102.01123969184056,38.31123969184085],[102.00971408420168,38.31188218858574],[102.00931586371559,38.31320475260475],[102.00802327474003,38.314767388238465],[102.00876573350723,38.316530354818326],[102.00810601128512,38.317460937500584],[102.00484239366375,38.31934258355096],[102.0026985677087,38.32242173936697],[102.00091769748315,38.322376708985075],[102.00093370225721,38.32464531792613],[101.99972683376774,38.32518391927141],[101.9966880967886,38.32493977864641],[101.99375813802118,38.32617363823846],[101.99279215494829,38.32729465060828],[101.9908704969622,38.32764526367254],[101.99006917317746,38.32857557508743],[101.99020046658023,38.33021199544328],[101.99331787109412,38.33024929470554],[101.99810004340327,38.33131334092951],[101.99903428819493,38.33123833550411],[102.00007758246562,38.33162136501795],[102.00158365885466,38.330502251519704],[102.0029063585074,38.33153808593812],[102.00496609158029,38.332073025174225],[102.0065380859379,38.33126030816038],[102.00718370225724,38.3305109320753]]]}},{"type":"Feature","id":"hydrolakes:173451","properties":{"Hylak_id":173451,"Lake_name":"","Country":"China","Continent":"Asia","Poly_src":"SWBD","Lake_type":1,"Grand_id":0,"Lake_area":1.35,"Shore_len":5.0,"Shore_dev":1.21,"Vol_total":1.24,"Vol_res":0.0,"Vol_src":3,"Depth_avg":0.9,"Dis_avg":0.0,"Res_time":-1.0,"Elevation":1315,"Slope_100":0.4,"Wshd_area":25.8,"Pour_long":104.701625,"Pour_lat":38.307035,"source_id":"hydrolakes:173451","label":""},"geometry":{"type":"Polygon","coordinates":[[[104.70402235243108,38.30809448242263],[104.70194444444502,38.30527777777843],[104.6993359375005,38.3056343587246],[104.69869466145889,38.30662665473153],[104.69593315972293,38.30549235026109],[104.68909776475766,38.30576321072107],[104.687558051216,38.30786254882884],[104.68659884982708,38.30682739257878],[104.685884331598,38.3065330674919],[104.68640407986169,38.310018717448486],[104.68764431423676,38.310411376953766],[104.68807671441022,38.310878228082345],[104.6885611979173,38.31341715494858],[104.69200141059093,38.315940483941574],[104.69490776909771,38.31624471028704],[104.69766438802134,38.31439629448846],[104.70092990451445,38.31400553385481],[104.70134440104232,38.31183430989648],[104.70292209201438,38.31153306749201],[104.70374403211855,38.31109809027845],[104.70402235243108,38.30809448242263]]]}},{"type":"Feature","id":"hydrolakes:173559","properties":{"Hylak_id":173559,"Lake_name":"","Country":"China","Continent":"Asia","Poly_src":"SWBD","Lake_type":1,"Grand_id":0,"Lake_area":2.47,"Shore_len":6.67,"Shore_dev":1.2,"Vol_total":16.03,"Vol_res":0.0,"Vol_src":3,"Depth_avg":6.5,"Dis_avg":0.363,"Res_time":511.0,"Elevation":2861,"Slope_100":3.26,"Wshd_area":644.0,"Pour_long":101.38125,"Pour_lat":38.051689,"source_id":"hydrolakes:173559","label":""},"geometry":{"type":"Polygon","coordinates":[[[101.38181084526951,38.053199734158625],[101.38280707465321,38.052850613064834],[101.38352579752643,38.053230794271485],[101.38461059570352,38.05318779839473],[101.38456488715315,38.052035725912106],[101.38369845920181,38.051232774523214],[101.38406928168445,38.04910291883749],[101.38403347439271,38.046800808377384],[101.3830299207902,38.04505154079925],[101.38432169596382,38.04346408420196],[101.38427856445338,38.042375895182886],[101.38514621310799,38.04157199435821],[101.38515597873294,38.04040188259603],[101.38277777777819,38.038055555556184],[101.38151733398462,38.03876614040854],[101.38042154947959,38.03876627604228],[101.37969387478358,38.03798082139821],[101.37869642469644,38.03850857204924],[101.37629421658039,38.03841335720546],[101.37276367187542,38.041638997396376],[101.37111002604206,38.042419297960635],[101.36664279513928,38.043272298177726],[101.36773451063397,38.04469577365512],[101.36624877929728,38.047690972222824],[101.36304809570339,38.05088541666731],[101.366146104601,38.053321668837384],[101.37152099609403,38.05484239366393],[101.37959038628497,38.05452243381137],[101.38096693250901,38.05346693250931],[101.38181084526951,38.053199734158625]]]}},{"type":"Feature","id":"hydrolakes:173650","properties":{"Hylak_id":173650,"Lake_name":"","Country":"China","Continent":"Asia","Poly_src":"SWBD","Lake_type":1,"Grand_id":0,"Lake_area":1.57,"Shore_len":5.27,"Shore_dev":1.19,"Vol_total":13.52,"Vol_res":0.0,"Vol_src":3,"Depth_avg":8.6,"Dis_avg":1.206,"Res_time":129.8,"Elevation":2528,"Slope_100":5.36,"Wshd_area":1152.1,"Pour_long":101.852083,"Pour_lat":37.91395,"source_id":"hydrolakes:173650","label":""},"geometry":{"type":"Polygon","coordinates":[[[101.84783420138933,37.9188521321621],[101.85168131510466,37.91524793836862],[101.85314643012202,37.915798475478084],[101.85480224609421,37.91562961154568],[101.85589477539094,37.91500393337731],[101.8548353407121,37.91412394205793],[101.85428141276071,37.9116258409295],[101.85437296549526,37.91072699652847],[101.85297688802115,37.90956719292592],[101.85265177408888,37.9084593370232],[101.84972113715321,37.906877712674316],[101.84719658745695,37.90613674587735],[101.84694444444506,37.905833333333874],[101.84447428385448,37.90651746961862],[101.84096964518261,37.907099066840885],[101.83915540907157,37.906591796875546],[101.83872639974004,37.908053927951926],[101.83725016276082,37.90946736653717],[101.83740139431472,37.91095065646755],[101.83852308485274,37.91279880099876],[101.84006306966194,37.914077962240185],[101.8413659667973,37.913945176866946],[101.84207044813411,37.91422661675409],[101.8408789062504,37.91630710178009],[101.84100911458381,37.917584228516205],[101.84351196289117,37.91929267035647],[101.84783420138933,37.9188521321621]]]}},{"type":"Feature","id":"hydrolakes:173757","properties":{"Hylak_id":173757,"Lake_name":"","Country":"China","Continent":"Asia","Poly_src":"SWBD","Lake_type":1,"Grand_id":0,"Lake_area":1.66,"Shore_len":8.55,"Shore_dev":1.88,"Vol_total":22.74,"Vol_res":0.0,"Vol_src":3,"Depth_avg":13.7,"Dis_avg":0.118,"Res_time":2230.5,"Elevation":2072,"Slope_100":9.12,"Wshd_area":826.8,"Pour_long":102.725299,"Pour_lat":37.579492,"source_id":"hydrolakes:173757","label":""},"geometry":{"type":"Polygon","coordinates":[[[102.72541151258719,37.57988850911511],[102.72575113932339,37.57916910807353],[102.72540391710118,37.57817843967075],[102.7248564995665,37.57820014105954],[102.72427897135452,37.57789442274361],[102.72431206597258,37.57705674913251],[102.72542209201436,37.576533203125734],[102.72618489583368,37.5753515625006],[102.72846679687535,37.57374457465329],[102.72973280164979,37.57334391276095],[102.73152235243106,37.57207790798668],[102.73332329644154,37.571304524740185],[102.73411783854209,37.56970621744847],[102.73846679687534,37.565966796875614],[102.73914171006993,37.56564832899363],[102.74232584635467,37.56252631293472],[102.74164225260455,37.56123480902829],[102.74245279947968,37.559703504774916],[102.74162163628506,37.55849582248317],[102.7423665364588,37.55708875868112],[102.74263346354223,37.555933973524986],[102.74121554904553,37.555990125868504],[102.74055555555606,37.55527777777837],[102.7390888129346,37.555433756511036],[102.7378803168408,37.55730550130261],[102.73563774956665,37.55801567925403],[102.73431098090322,37.55903320312558],[102.73291124131993,37.559577907986636],[102.73181098090333,37.56053385416726],[102.73292480468797,37.56263888888941],[102.73259277343783,37.56326633029573],[102.73145073784764,37.56374457465341],[102.7301443142365,37.5615223524311],[102.72976426866359,37.56125542534778],[102.72821912977469,37.56292317708386],[102.72717258029553,37.56288167317774],[102.72625542534757,37.565866970486695],[102.7271318901914,37.567140842014396],[102.72918212890681,37.56846462673667],[102.728766276042,37.57068549262203],[102.72778103298646,37.571970214844384],[102.72670871310805,37.570977647569975],[102.724663085938,37.57318549262209],[102.72255316840318,37.57380343967071],[102.72318901909779,37.57577067057349],[102.72242377387187,37.57795437283039],[102.72293050130241,37.57988796658043],[102.72541151258719,37.57988850911511]]]}},{"type":"Feature","id":"hydrolakes:174027","properties":{"Hylak_id":174027,"Lake_name":"","Country":"China","Continent":"Asia","Poly_src":"SWBD","Lake_type":1,"Grand_id":0,"Lake_area":2.29,"Shore_len":8.51,"Shore_dev":1.59,"Vol_total":12.35,"Vol_res":0.0,"Vol_src":3,"Depth_avg":5.4,"Dis_avg":5.693,"Res_time":25.1,"Elevation":2983,"Slope_100":2.69,"Wshd_area":1611.2,"Pour_long":101.046134,"Pour_lat":36.865541,"source_id":"hydrolakes:174027","label":""},"geometry":{"type":"Polygon","coordinates":[[[101.02570895724847,36.878267957899766],[101.02954725477451,36.87825032552132],[101.03113945855063,36.87738498263934],[101.03248494466186,36.87696967230954],[101.03413289388061,36.87503228081653],[101.03348008897615,36.87383083767406],[101.03392496744817,36.872737630208974],[101.03595079210089,36.87107530381991],[101.03728013780437,36.87179768880259],[101.04123087565142,36.87079888237912],[101.04208333333372,36.87126193576444],[101.04451402452281,36.870383029514414],[101.04681816948806,36.86708441840324],[101.04650417751765,36.86650661892406],[101.04656209309928,36.86553412543452],[101.0457950846357,36.863538953993555],[101.0435305447051,36.862687445746985],[101.04209120008716,36.86179768880254],[101.03813585069486,36.861511773004054],[101.03777777777799,36.861111111111654],[101.03445719401077,36.8622835286464],[101.03310791015679,36.86522352430603],[101.02931342230926,36.868757866754095],[101.0282255045575,36.86944959852485],[101.02792453342062,36.8704245334207],[101.02681098090301,36.87093560112902],[101.02582085503514,36.87309299045194],[101.02410373263922,36.87429226345546],[101.02248942057327,36.87479085286509],[101.01937934027802,36.877569715712355],[101.01865247938389,36.878907335069925],[101.01952650282158,36.88015842013942],[101.01962036132852,36.88173204210125],[101.01917588975715,36.88297064887206],[101.02034640842038,36.884810926649834],[101.02144680447071,36.885408799913705],[101.02315931532138,36.88503472222283],[101.02320475260467,36.88427056206643],[101.02233506944464,36.8834933810769],[101.02236979166707,36.88291042751791],[101.02199584960977,36.882222493490076],[101.02362453884587,36.879978298611604],[101.02570895724847,36.878267957899766]]]}},{"type":"Feature","id":"hydrolakes:174103","properties":{"Hylak_id":174103,"Lake_name":"","Country":"China","Continent":"Asia","Poly_src":"SWBD","Lake_type":1,"Grand_id":0,"Lake_area":6.24,"Shore_len":18.44,"Shore_dev":2.08,"Vol_total":17.22,"Vol_res":0.0,"Vol_src":3,"Depth_avg":2.8,"Dis_avg":0.604,"Res_time":330.0,"Elevation":3199,"Slope_100":0.86,"Wshd_area":744.8,"Pour_long":100.728683,"Pour_lat":36.57559,"source_id":"hydrolakes:174103","label":""},"geometry":{"type":"Polygon","coordinates":[[[100.74458055284322,36.58069715711855],[100.74375827365469,36.57769585503519],[100.74190463595943,36.57548773871571],[100.73987942165826,36.57653103298668],[100.73940280490478,36.57652126736161],[100.73873745388505,36.57311333550399],[100.73878038194465,36.56906575520884],[100.73699517144144,36.56637234158035],[100.73258572048644,36.561738552517795],[100.73068813747864,36.557335340712314],[100.72787190755236,36.553980577257505],[100.72680833604619,36.552358398438],[100.72322136773022,36.54838975694497],[100.72071024576843,36.54660183376785],[100.71957784016968,36.54736952039991],[100.71888054741794,36.547355143229595],[100.71811082628074,36.54498480902828],[100.71569166395426,36.54403049045186],[100.71458611382405,36.5431917317714],[100.71305555555591,36.54250000000047],[100.70765252007408,36.5431806098095],[100.70678378635012,36.54376953125046],[100.70542215983107,36.54374159071227],[100.70330654568164,36.545317111545785],[100.70291944715729,36.54657958984427],[100.70484252929714,36.54846978081645],[100.70620503743521,36.54891194661519],[100.7065565999352,36.551789008247056],[100.71050991482224,36.55419433593812],[100.71100904676672,36.55522325303866],[100.71255377875463,36.556707356771426],[100.71756279839434,36.559893120660206],[100.71792419433632,36.56100667317753],[100.7193419731991,36.562368977865106],[100.7203878445099,36.56234754774363],[100.72432935926673,36.56376356336858],[100.72766554090737,36.56430664062549],[100.72876397026954,36.564872504340826],[100.72872795952742,36.56663601345531],[100.72597690158437,36.56752875434074],[100.72514166937981,36.5686564127609],[100.73014383951846,36.574027235243534],[100.72948371039519,36.575001085070085],[100.7279557969839,36.57384168836859],[100.72596944173205,36.5731971571185],[100.72309434678857,36.57059868706642],[100.72213331434483,36.57109375000044],[100.7243604193796,36.57494113498308],[100.72546108669735,36.57456434461858],[100.72684163411498,36.574592556424136],[100.72788852267814,36.57568223741373],[100.73016072591173,36.57710286458382],[100.7308958604603,36.57861816406296],[100.73238050672774,36.57959147135466],[100.73724758572087,36.579492187500534],[100.73791388617656,36.58159044053872],[100.73705905490488,36.58408772786504],[100.73680989583357,36.58910264756997],[100.73985921224005,36.59203233506997],[100.74013610839876,36.594863823785204],[100.74101962619403,36.59632080078177],[100.74224005805155,36.59708062066011],[100.74349405924511,36.59623046875049],[100.74486945258269,36.5937434895838],[100.7451632351349,36.58758165147617],[100.74512308756533,36.5822824435769],[100.74458055284322,36.58069715711855]]]}},{"type":"Feature","id":"hydrolakes:174183","properties":{"Hylak_id":174183,"Lake_name":"","Country":"China","Continent":"Asia","Poly_src":"SWBD","Lake_type":1,"Grand_id":0,"Lake_area":1.21,"Shore_len":4.45,"Shore_dev":1.14,"Vol_total":5.03,"Vol_res":0.0,"Vol_src":3,"Depth_avg":4.2,"Dis_avg":0.901,"Res_time":64.7,"Elevation":2852,"Slope_100":2.49,"Wshd_area":6191.8,"Pour_long":100.402083,"Pour_lat":36.239583,"source_id":"hydrolakes:174183","label":""},"geometry":{"type":"Polygon","coordinates":[[[100.40304538302968,36.2336328125005],[100.402777777778,36.23333333333386],[100.39898091634143,36.233499891493466],[100.3984109836158,36.234741482205266],[100.39678507487008,36.23632269965327],[100.39679517957927,36.23795166015674],[100.3976492648656,36.23871500651086],[100.39771850585964,36.24272433810813],[100.39709113227019,36.24459120008726],[100.395980021159,36.245745713976135],[100.39667358398452,36.246365559896276],[100.39909891764364,36.24622097439294],[100.40885043674075,36.24370903862888],[100.40957553439705,36.24172471788245],[100.40811272515208,36.23889946831645],[100.40709113227018,36.23624213324695],[100.40565524631091,36.23495930989634],[100.40304538302968,36.2336328125005]]]}},{"type":"Feature","id":"hydrolakes:174188","properties":{"Hylak_id":174188,"Lake_name":"","Country":"China","Continent":"Asia","Poly_src":"SWBD","Lake_type":1,"Grand_id":0,"Lake_area":2.41,"Shore_len":6.89,"Shore_dev":1.25,"Vol_total":18.47,"Vol_res":0.0,"Vol_src":3,"Depth_avg":7.7,"Dis_avg":0.001,"Res_time":213768.7,"Elevation":2874,"Slope_100":4.0,"Wshd_area":5.7,"Pour_long":100.159442,"Pour_lat":36.230108,"source_id":"hydrolakes:174188","label":""},"geometry":{"type":"Polygon","coordinates":[[[100.16373965793201,36.224850802951835],[100.16413255479614,36.22414659288245],[100.1675139702694,36.22441840277827],[100.16997277153894,36.22156439887203],[100.17140953911695,36.2211317274311],[100.1741987101239,36.219391004774764],[100.17520623101166,36.21778238932353],[100.17508182101795,36.216233995226105],[100.17275078667552,36.214774034288666],[100.17089992947064,36.21484402126782],[100.17055555555572,36.214444444445064],[100.166698472765,36.215339898004004],[100.16493082682325,36.21598904079906],[100.16390333387602,36.21599338107683],[100.16211927625892,36.21689860026078],[100.15993394639787,36.21739501953175],[100.15718950059698,36.218926323785126],[100.15086500379795,36.223207194010854],[100.14993801540828,36.22428331163235],[100.14848256429053,36.22779947916712],[100.15001034206836,36.22975043402823],[100.15076775444913,36.23144775390682],[100.1519624498157,36.232476942274786],[100.15512542724622,36.23305392795197],[100.15764923095725,36.23209364149358],[100.15873277452283,36.23132541232684],[100.16022684733088,36.23087565104208],[100.16202446831613,36.2273925781256],[100.1633070882163,36.22628743489639],[100.16373965793201,36.224850802951835]]]}},{"type":"Feature","id":"hydrolakes:174201","properties":{"Hylak_id":174201,"Lake_name":"","Country":"China","Continent":"Asia","Poly_src":"GRanD","Lake_type":2,"Grand_id":5060,"Lake_area":2.84,"Shore_len":15.4,"Shore_dev":2.58,"Vol_total":90.0,"Vol_res":90.0,"Vol_src":2,"Depth_avg":31.7,"Dis_avg":759.687,"Res_time":1.4,"Elevation":1482,"Slope_100":5.24,"Wshd_area":229084.6,"Pour_long":104.022917,"Pour_lat":36.192783,"source_id":"hydrolakes:174201","label":""},"geometry":{"type":"Polygon","coordinates":[[[104.00887554509035,36.14719726516046],[104.00779571451051,36.14395777342065],[103.99969698516145,36.14584747693556],[103.99591757813158,36.14719726516046],[103.99321800168195,36.149086968675135],[103.99213817110189,36.15124662983527],[103.9910583405221,36.154756079219794],[103.9910583405221,36.15853548624921],[103.99159825581216,36.16582434266371],[103.9983471969366,36.17203336849792],[104.00293647690091,36.17473294494778],[104.0069858415755,36.17797243668758],[104.00968541802507,36.182291759007114],[104.01157512154003,36.18715099661671],[104.01211503682987,36.18958061542122],[104.01400474034494,36.19174027658124],[104.01724423208452,36.19362998009598],[104.01913393559948,36.193899937740866],[104.02372321556402,36.193899937740866],[104.02534296143392,36.193090064806086],[104.02345325791902,36.19147031893607],[104.01994380853426,36.18958061542122],[104.01670431679457,36.18715099661671],[104.01454465563495,36.18202180136217],[104.01265495211999,36.17851235197742],[104.00968541802507,36.175542817882786],[104.00590601099555,36.172303326143094],[104.00023690045106,36.16933379204846],[103.9961875357767,36.16582434266371],[103.99564762048652,36.16123506269918],[103.99537766284169,36.154756079219794],[103.9967274510667,36.15178654512499],[103.99915706987127,36.14935692632042],[104.00347639219086,36.147737180450406],[104.00887554509035,36.14719726516046]]]}},{"type":"Feature","id":"hydrolakes:174204","properties":{"Hylak_id":174204,"Lake_name":"","Country":"China","Continent":"Asia","Poly_src":"SWBD","Lake_type":1,"Grand_id":0,"Lake_area":2.41,"Shore_len":10.6,"Shore_dev":1.93,"Vol_total":8.34,"Vol_res":0.0,"Vol_src":3,"Depth_avg":3.5,"Dis_avg":0.091,"Res_time":1061.0,"Elevation":2861,"Slope_100":1.57,"Wshd_area":979.0,"Pour_long":100.121875,"Pour_lat":36.186163,"source_id":"hydrolakes:174204","label":""},"geometry":{"type":"Polygon","coordinates":[[[100.09565538194477,36.19941541883736],[100.09902248806475,36.197633463542104],[100.10063415527355,36.197123209636004],[100.10467007107223,36.19503634982681],[100.10718638102242,36.19405653211851],[100.11090057373059,36.19163818359419],[100.11452741834887,36.189866536458794],[100.11525970459013,36.1909667968755],[100.1165330674915,36.19069986979207],[100.11683824327275,36.18973578559081],[100.12066029866571,36.189887152778226],[100.12361650255008,36.18859483506992],[100.12427005343983,36.18930013020878],[100.12541137695331,36.18895128038241],[100.12507554796042,36.18764431423671],[100.12446251763265,36.188744574653185],[100.12264451768692,36.18736436631991],[100.12261830647822,36.18670328776085],[100.12513359917568,36.18590684678878],[100.12392147488094,36.184804687500446],[100.11993910047772,36.18484781901083],[100.11792195638037,36.18579969618099],[100.11818915473128,36.18625542534767],[100.11915144178636,36.18687662760465],[100.11624298095728,36.18748508029557],[100.11325595431896,36.1867738172748],[100.1120886230471,36.184300130208726],[100.10958862304705,36.18124457465319],[100.10874471028666,36.180699869792136],[100.1077777777781,36.17916666666713],[100.10705325656483,36.179305013021235],[100.10629153781485,36.18012695312541],[100.10464484320778,36.18090413411505],[100.10181084526931,36.18458875868106],[100.10013359917554,36.18596679687556],[100.09673278808606,36.19038357204903],[100.0948345947267,36.19377549913236],[100.09489501953158,36.19530029296925],[100.09319973415819,36.19751085069487],[100.09353702121336,36.2001334635421],[100.09565538194477,36.19941541883736]],[[100.09526201036272,36.19758870442752],[100.09593448215077,36.1967491319449],[100.09709591335752,36.196893446181036],[100.09762352837475,36.196234537760915],[100.09833333333353,36.19611111111158],[100.09785152859178,36.197796223958846],[100.09635080973322,36.19822536892411],[100.09501176622194,36.199012315538596],[100.0940431382923,36.19868082682348],[100.09429019504142,36.19817898220526],[100.09526201036272,36.19758870442752]]]}},{"type":"Feature","id":"hydrolakes:174206","properties":{"Hylak_id":174206,"Lake_name":"","Country":"China","Continent":"Asia","Poly_src":"SWBD","Lake_type":1,"Grand_id":0,"Lake_area":3.88,"Shore_len":10.24,"Shore_dev":1.47,"Vol_total":17.11,"Vol_res":0.0,"Vol_src":3,"Depth_avg":4.4,"Dis_avg":0.117,"Res_time":1692.5,"Elevation":2854,"Slope_100":1.77,"Wshd_area":1266.2,"Pour_long":100.160417,"Pour_lat":36.185417,"source_id":"hydrolakes:174206","label":""},"geometry":{"type":"Polygon","coordinates":[[[100.1656006876629,36.19100179036502],[100.16720011393244,36.19065999348999],[100.1684635755754,36.19073540581638],[100.16965942382825,36.190085449219225],[100.17260375976576,36.190194769965785],[100.17305555555578,36.189689127604595],[100.17353563096816,36.19022650824701],[100.17602125379813,36.18933458116362],[100.17523254394547,36.18862982855944],[100.17177246093769,36.18957546658032],[100.17092196994383,36.187290852864976],[100.16929775661902,36.18625786675398],[100.16862084282798,36.18550021701435],[100.16876200358104,36.18313205295186],[100.17063215467687,36.18227349175396],[100.17096442328591,36.18140896267403],[100.16844936794723,36.179550238715706],[100.16851331922766,36.1784771050352],[100.16707553439699,36.177924533420594],[100.16583333333352,36.17666666666713],[100.15647030300585,36.177908799913666],[100.15653757731155,36.176780056424036],[100.15265994601828,36.17676540798652],[100.15214575873495,36.177340766059444],[100.14540886773017,36.177908799913666],[100.14175214979406,36.18104844835119],[100.14183912489182,36.182507595486584],[100.14006174723323,36.18494845920185],[100.13825215657585,36.186099446615],[100.13674784342464,36.188900553385906],[100.13542446560359,36.18983262803857],[100.13641526963994,36.19040879991377],[100.13679775661905,36.18957546658032],[100.13788994683176,36.18907416449696],[100.13852359347896,36.18848008897618],[100.13946451822949,36.18953314887193],[100.14079335530613,36.18881103515673],[100.1415867106121,36.18962131076438],[100.14509263780417,36.189412163629015],[100.14764967176677,36.19009711371575],[100.14762908935575,36.19044216579903],[100.14849863688187,36.19039035373311],[100.1484390258791,36.19139051649353],[100.15222320556666,36.19004069010464],[100.15445875379788,36.19051812066027],[100.15891693115253,36.19201850043447],[100.1656006876629,36.19100179036502]]]}},{"type":"Feature","id":"hydrolakes:174226","properties":{"Hylak_id":174226,"Lake_name":"","Country":"China","Continent":"Asia","Poly_src":"GRanD","Lake_type":2,"Grand_id":5061,"Lake_area":4.95,"Shore_len":34.44,"Shore_dev":4.37,"Vol_total":50.0,"Vol_res":50.0,"Vol_src":2,"Depth_avg":10.1,"Dis_avg":758.343,"Res_time":0.8,"Elevation":1581,"Slope_100":6.13,"Wshd_area":217252.9,"Pour_long":103.408517,"Pour_lat":36.13774,"source_id":"hydrolakes:174226","label":""},"geometry":{"type":"Polygon","coordinates":[[[103.38805483095786,36.12228250645262],[103.38607434352502,36.121530831192786],[103.37567514371676,36.12184112154],[103.37230112708176,36.12161256489935],[103.37153373584601,36.12059701673854],[103.37031411752696,36.11966668528669],[103.36550496347957,36.11804778935306],[103.36247839528409,36.117366828461],[103.35935640390085,36.115862117606184],[103.35881843835239,36.114214151530575],[103.35782398941313,36.11373951237107],[103.35617336630588,36.11188938793498],[103.35307651273644,36.10919699775212],[103.34837520275755,36.10785302783603],[103.3467268389038,36.10591143273439],[103.3452845251989,36.10488640253021],[103.3440731330586,36.10359042553375],[103.34319947043286,36.10229910811864],[103.3422478239948,36.09936197175966],[103.3422708555292,36.09826580125207],[103.34017646061903,36.09613519623491],[103.33758292374523,36.09098228380719],[103.33676317781675,36.08819210099949],[103.33266970793437,36.083744208812504],[103.33203874137445,36.079659968869464],[103.32960002761956,36.07761116780881],[103.32752477039702,36.076862055450135],[103.32368530969359,36.07744802178985],[103.30726521955364,36.08205999208178],[103.30198602802591,36.08152842266776],[103.29754387211068,36.0787241746192],[103.29434965193764,36.07548066656477],[103.29272501406399,36.0725335697249],[103.28996744622754,36.06993578400022],[103.28607306411345,36.067869924370655],[103.28420998308695,36.065558920089074],[103.28143704075222,36.06369171139892],[103.28022931636707,36.06230378013271],[103.279216387372,36.060583525619165],[103.27478471016877,36.057598818026065],[103.27229158471272,36.05990526569252],[103.2754125732418,36.061683289198186],[103.28104587377601,36.066421864569975],[103.28349168213566,36.069367948175966],[103.28746440784721,36.071179270074936],[103.29019512659761,36.074412528541586],[103.29297484054558,36.07852759655907],[103.29719516208502,36.08237198146679],[103.300025788352,36.08369359543002],[103.3036045923638,36.08450062068346],[103.30755190056658,36.084439761288024],[103.31185952393997,36.083038551097104],[103.31873074835306,36.081511697749534],[103.32451016218278,36.07955492905813],[103.32844753760861,36.079901026949926],[103.32946907282803,36.080726894565714],[103.3297622201921,36.0828325870898],[103.33326111870315,36.087724142022864],[103.33615532587089,36.09461742969199],[103.33878349858492,36.09812611790937],[103.34046336236992,36.103905966066975],[103.34219337861498,36.10731075959592],[103.34529936063842,36.10954668287172],[103.35004229555994,36.11047519362177],[103.35356802260975,36.11343474637158],[103.35717163789718,36.118025147948856],[103.36024717197427,36.119934271409704],[103.36681231259774,36.12208685004617],[103.36988123405342,36.12423917614302],[103.37342509234708,36.124768020551414],[103.38705640652296,36.124952383872085],[103.39024328946499,36.12703299580522],[103.39158836189432,36.12842154372123],[103.39836991355082,36.133255159179896],[103.40156333799911,36.13504445714824],[103.40758007633269,36.13920008950822],[103.4094422843595,36.13677355758989],[103.4046114637818,36.133377775538975],[103.40081976509146,36.13149971112955],[103.39659827174728,36.128610655606906],[103.39073658626694,36.12332368989814],[103.38805483095786,36.12228250645262]]]}},{"type":"Feature","id":"hydrolakes:174247","properties":{"Hylak_id":174247,"Lake_name":"","Country":"China","Continent":"Asia","Poly_src":"GRanD","Lake_type":2,"Grand_id":5064,"Lake_area":1.42,"Shore_len":10.48,"Shore_dev":2.48,"Vol_total":26.2,"Vol_res":26.2,"Vol_src":2,"Depth_avg":18.5,"Dis_avg":558.56,"Res_time":0.5,"Elevation":2225,"Slope_100":8.97,"Wshd_area":134161.3,"Pour_long":101.267324,"Pour_lat":36.0628,"source_id":"hydrolakes:174247","label":""},"geometry":{"type":"Polygon","coordinates":[[[101.24341852614424,36.06975112505961],[101.24674977155257,36.06903728675809],[101.2532932893186,36.06939420590891],[101.25757631912887,36.07046496336136],[101.26007475318494,36.06975112505961],[101.26150242978855,36.068918313707684],[101.26376291774403,36.06701474490302],[101.26590443264928,36.06499220304795],[101.26733210925278,36.06308863424357],[101.26971157025866,36.06237479594165],[101.26971157025866,36.0610660923885],[101.2648336751966,36.06177993069025],[101.26364394469397,36.06237479594165],[101.26209729504012,36.06237479594165],[101.26043167233598,36.06296966119311],[101.25567275032432,36.06582501440016],[101.25293637016762,36.06677679880238],[101.24901025950805,36.06725269100377],[101.24544106799954,36.066895771852614],[101.23877857718287,36.06903728675809],[101.23592322397599,36.068918313707684],[101.23211608636649,36.06784755625523],[101.22283618844375,36.06415939169602],[101.21831521253284,36.06404041864579],[101.21807726643215,36.064873229998],[101.22009980828705,36.065468095249344],[101.2230741345445,36.06582501440016],[101.22842792180751,36.06844242150663],[101.2298555984109,36.06998907116048],[101.23259197856783,36.06998907116048],[101.23699398142855,36.07117880166322],[101.23984933463555,36.07082188251252],[101.24341852614424,36.06975112505961]]]}},{"type":"Feature","id":"hydrolakes:1366816","properties":{"Hylak_id":1366816,"Lake_name":"","Country":"China","Continent":"Asia","Poly_src":"SWBD","Lake_type":1,"Grand_id":0,"Lake_area":0.25,"Shore_len":2.15,"Shore_dev":1.22,"Vol_total":1.08,"Vol_res":0.0,"Vol_src":3,"Depth_avg":4.3,"Dis_avg":0.007,"Res_time":1787.2,"Elevation":1157,"Slope_100":3.6,"Wshd_area":158.5,"Pour_long":102.185713,"Pour_lat":39.991087,"source_id":"hydrolakes:1366816","label":""},"geometry":{"type":"Polygon","coordinates":[[[102.18769287109421,39.99165117263874],[102.18920437283015,39.99070440292428],[102.18861111111158,39.98944444444521],[102.18740641276082,39.98980711407205],[102.18623263888935,39.9907265218107],[102.18481228298646,39.99061241149974],[102.18154405381995,39.99159133487353],[102.18042697482673,39.99329949167122],[102.18130343967044,39.994870273802746],[102.18278238932345,39.99540633731493],[102.18473822699696,39.99468807856317],[102.18700656467081,39.99318913035995],[102.18769287109421,39.99165117263874]]]}},{"type":"Feature","id":"hydrolakes:1366826","properties":{"Hylak_id":1366826,"Lake_name":"","Country":"China","Continent":"Asia","Poly_src":"SWBD","Lake_type":1,"Grand_id":0,"Lake_area":0.22,"Shore_len":2.39,"Shore_dev":1.43,"Vol_total":1.33,"Vol_res":0.0,"Vol_src":3,"Depth_avg":5.9,"Dis_avg":0.0,"Res_time":-1.0,"Elevation":1155,"Slope_100":7.1,"Wshd_area":2.8,"Pour_long":102.225476,"Pour_lat":39.978672,"source_id":"hydrolakes:1366826","label":""},"geometry":{"type":"Polygon","coordinates":[[[102.2212421332469,39.980686632792924],[102.22228190104215,39.979344965617656],[102.22386311848999,39.97991231494552],[102.2257183159727,39.97980175018381],[102.22624213324696,39.9788244247444],[102.22333333333364,39.97638888888969],[102.22263102213577,39.97651996612626],[102.2202292209206,39.978614894020154],[102.21859863281287,39.97802983601963],[102.21810275607697,39.97963536156641],[102.2185234917539,39.980807565054135],[102.21846354166712,39.982646331787805],[102.21910861545172,39.98290885501524],[102.22020914713579,39.98231084399839],[102.2212421332469,39.980686632792924]]]}},{"type":"Feature","id":"hydrolakes:1366848","properties":{"Hylak_id":1366848,"Lake_name":"","Country":"China","Continent":"Asia","Poly_src":"SWBD","Lake_type":1,"Grand_id":0,"Lake_area":0.35,"Shore_len":2.3,"Shore_dev":1.1,"Vol_total":2.63,"Vol_res":0.0,"Vol_src":3,"Depth_avg":7.5,"Dis_avg":0.0,"Res_time":-1.0,"Elevation":1139,"Slope_100":10.16,"Wshd_area":171.9,"Pour_long":101.838085,"Pour_lat":39.953238,"source_id":"hydrolakes:1366848","label":""},"geometry":{"type":"Polygon","coordinates":[[[101.83624213324674,39.95125781165302],[101.83385837131118,39.95130340152389],[101.83100531684067,39.95305422465077],[101.82967773437537,39.95666421678402],[101.83086222330769,39.957491607666725],[101.83372884114624,39.95766245948016],[101.83547634548631,39.95698934767057],[101.83596435546917,39.955408855015264],[101.83867078993109,39.95329792446631],[101.83691365559935,39.95156600104508],[101.83624213324674,39.95125781165302]]]}},{"type":"Feature","id":"hydrolakes:1366855","properties":{"Hylak_id":1366855,"Lake_name":"","Country":"China","Continent":"Asia","Poly_src":"SWBD","Lake_type":1,"Grand_id":0,"Lake_area":0.45,"Shore_len":2.93,"Shore_dev":1.23,"Vol_total":3.12,"Vol_res":0.0,"Vol_src":3,"Depth_avg":6.9,"Dis_avg":0.0,"Res_time":-1.0,"Elevation":1148,"Slope_100":7.94,"Wshd_area":2.0,"Pour_long":102.096568,"Pour_lat":39.94562,"source_id":"hydrolakes:1366855","label":""},"geometry":{"type":"Polygon","coordinates":[[[102.09623453776089,39.9467901908036],[102.09734564887191,39.94540091196774],[102.09623453776089,39.9454013019145],[102.09509385850725,39.94623463524789],[102.09448187934066,39.94562524583682],[102.09496744791716,39.94436197916741],[102.09421332465342,39.94307892693479],[102.0937654622399,39.941512413025805],[102.09333333333365,39.94111111111181],[102.0904614257816,39.941244769626906],[102.0888712565108,39.942362458971616],[102.08820990668448,39.94765644073567],[102.08885715060808,39.94868150499207],[102.09054117838582,39.94916243235343],[102.09237657335103,39.94876536475374],[102.0957858615455,39.94785550435455],[102.09623453776089,39.9467901908036]]]}},{"type":"Feature","id":"hydrolakes:1366914","properties":{"Hylak_id":1366914,"Lake_name":"","Country":"China","Continent":"Asia","Poly_src":"SWBD","Lake_type":1,"Grand_id":0,"Lake_area":0.97,"Shore_len":4.05,"Shore_dev":1.16,"Vol_total":7.87,"Vol_res":0.0,"Vol_src":3,"Depth_avg":8.1,"Dis_avg":0.0,"Res_time":-1.0,"Elevation":1156,"Slope_100":8.65,"Wshd_area":2.5,"Pour_long":102.255208,"Pour_lat":39.885417,"source_id":"hydrolakes:1366914","label":""},"geometry":{"type":"Polygon","coordinates":[[[102.25320475260452,39.890704778036195],[102.2537464735247,39.89040254381041],[102.2554668511288,39.890873404609636],[102.25805989583375,39.889162394206494],[102.25985080295186,39.887071194119756],[102.2576977539066,39.88630801730761],[102.25691569010485,39.88520513746556],[102.25827962239634,39.88213283115033],[102.25778537326437,39.88049164666148],[102.25666666666712,39.87972222222305],[102.25157741970531,39.879856533475106],[102.25012858072967,39.88040633307645],[102.2476491970491,39.88348436143741],[102.24826850043434,39.88496506585096],[102.24856201171917,39.88861785888747],[102.24793782552149,39.889736650255884],[102.2478862847226,39.89037750244211],[102.24886013454892,39.89106792026166],[102.25320475260452,39.890704778036195]]]}},{"type":"Feature","id":"hydrolakes:1366915","properties":{"Hylak_id":1366915,"Lake_name":"","Country":"China","Continent":"Asia","Poly_src":"SWBD","Lake_type":1,"Grand_id":0,"Lake_area":0.18,"Shore_len":1.91,"Shore_dev":1.26,"Vol_total":1.11,"Vol_res":0.0,"Vol_src":3,"Depth_avg":6.0,"Dis_avg":0.0,"Res_time":-1.0,"Elevation":1154,"Slope_100":7.87,"Wshd_area":2.1,"Pour_long":102.137698,"Pour_lat":39.88307,"source_id":"hydrolakes:1366915","label":""},"geometry":{"type":"Polygon","coordinates":[[[102.1379131401913,39.88378044128501],[102.13793050130255,39.88292805989647],[102.13683946397606,39.88236589219906],[102.13461968316017,39.88182478163043],[102.13362955729195,39.881175587972905],[102.1325000000005,39.88000000000079],[102.13180284288234,39.88013610839914],[102.13127332899336,39.88122716267975],[102.129863823785,39.88297334459162],[102.13075439453166,39.88378562079612],[102.13344835069478,39.883730646770005],[102.13674289279561,39.884858330621455],[102.1379131401913,39.88378044128501]]]}},{"type":"Feature","id":"hydrolakes:1366916","properties":{"Hylak_id":1366916,"Lake_name":"","Country":"China","Continent":"Asia","Poly_src":"SWBD","Lake_type":1,"Grand_id":0,"Lake_area":0.82,"Shore_len":3.51,"Shore_dev":1.09,"Vol_total":5.42,"Vol_res":0.0,"Vol_src":3,"Depth_avg":6.6,"Dis_avg":0.0,"Res_time":-1.0,"Elevation":1183,"Slope_100":5.94,"Wshd_area":3.5,"Pour_long":102.467471,"Pour_lat":39.880812,"source_id":"hydrolakes:1366916","label":""},"geometry":{"type":"Polygon","coordinates":[[[102.46641059027809,39.88374470181009],[102.46822021484417,39.881761779785904],[102.46817843967045,39.8807092454706],[102.46876708984428,39.87959700690459],[102.46869194878508,39.87770264519662],[102.4695779079866,39.876028137207754],[102.46857503255274,39.87527615865156],[102.46709201388933,39.87579588148401],[102.46431152343803,39.87526501973548],[102.46277777777823,39.874444444445146],[102.46152235243119,39.874578035143486],[102.45765218099001,39.87594710456074],[102.45706624349003,39.87818273756318],[102.4570255533859,39.88034343295715],[102.45845621744826,39.881887410482534],[102.46041205512194,39.88292235480486],[102.46173258463591,39.88287000868132],[102.46237603081647,39.88321037292553],[102.46362087673646,39.883161027697156],[102.46641059027809,39.88374470181009]]]}},{"type":"Feature","id":"hydrolakes:1366920","properties":{"Hylak_id":1366920,"Lake_name":"","Country":"China","Continent":"Asia","Poly_src":"SWBD","Lake_type":1,"Grand_id":0,"Lake_area":0.28,"Shore_len":2.05,"Shore_dev":1.1,"Vol_total":1.42,"Vol_res":0.0,"Vol_src":3,"Depth_avg":5.1,"Dis_avg":0.0,"Res_time":-1.0,"Elevation":1160,"Slope_100":4.82,"Wshd_area":10.4,"Pour_long":102.294283,"Pour_lat":39.877275,"source_id":"hydrolakes:1366920","label":""},"geometry":{"type":"Polygon","coordinates":[[[102.29873969184058,39.87542700025847],[102.29303521050394,39.87540985955212],[102.2926087782123,39.876571027968396],[102.29258951822965,39.87839256286691],[102.2931521267364,39.87904546949676],[102.29939453125053,39.879547051324494],[102.30067518446214,39.87774088541744],[102.30081081814268,39.87605060153612],[102.29873969184058,39.87542700025847]]]}},{"type":"Feature","id":"hydrolakes:1366938","properties":{"Hylak_id":1366938,"Lake_name":"","Country":"China","Continent":"Asia","Poly_src":"SWBD","Lake_type":1,"Grand_id":0,"Lake_area":0.3,"Shore_len":2.41,"Shore_dev":1.24,"Vol_total":1.96,"Vol_res":0.0,"Vol_src":3,"Depth_avg":6.5,"Dis_avg":0.0,"Res_time":-1.0,"Elevation":1147,"Slope_100":7.98,"Wshd_area":1.8,"Pour_long":102.029469,"Pour_lat":39.862277,"source_id":"hydrolakes:1366938","label":""},"geometry":{"type":"Polygon","coordinates":[[[102.03376925998305,39.863497992622285],[102.03294731987882,39.862642347548615],[102.02989040798667,39.862675136990845],[102.0292686631949,39.86175808376811],[102.02944444444478,39.86055555555629],[102.02862223307324,39.86082233005175],[102.02792643229196,39.86285549587751],[102.0278488498268,39.866656121148765],[102.02970431857676,39.86791388617701],[102.03393120659769,39.86717080010379],[102.03487630208366,39.86626261393303],[102.03374159071217,39.86485690646771],[102.03376925998305,39.863497992622285]]]}},{"type":"Feature","id":"hydrolakes:1366950","properties":{"Hylak_id":1366950,"Lake_name":"","Country":"China","Continent":"Asia","Poly_src":"SWBD","Lake_type":1,"Grand_id":0,"Lake_area":0.31,"Shore_len":2.24,"Shore_dev":1.14,"Vol_total":1.01,"Vol_res":0.0,"Vol_src":3,"Depth_avg":3.3,"Dis_avg":0.0,"Res_time":-1.0,"Elevation":1150,"Slope_100":1.86,"Wshd_area":3.8,"Pour_long":102.077129,"Pour_lat":39.849698,"source_id":"hydrolakes:1366950","label":""},"geometry":{"type":"Polygon","coordinates":[[[102.07790635850745,39.85106148613909],[102.07753553602481,39.84931588067036],[102.07623969184061,39.849573008220204],[102.07541666666714,39.85003217909144],[102.07412380642404,39.849310862224],[102.07250000000028,39.84888888888963],[102.0696790907121,39.84952014499328],[102.06849582248293,39.85053949991942],[102.0684082031255,39.8516288248706],[102.06889268663258,39.85271450466655],[102.07153293185792,39.85343709309967],[102.07663682725723,39.85285200331032],[102.07790635850745,39.85106148613909]]]}},{"type":"Feature","id":"hydrolakes:1366953","properties":{"Hylak_id":1366953,"Lake_name":"","Country":"China","Continent":"Asia","Poly_src":"SWBD","Lake_type":1,"Grand_id":0,"Lake_area":0.86,"Shore_len":5.86,"Shore_dev":1.78,"Vol_total":5.48,"Vol_res":0.0,"Vol_src":3,"Depth_avg":6.3,"Dis_avg":0.0,"Res_time":-1.0,"Elevation":1176,"Slope_100":5.37,"Wshd_area":2.8,"Pour_long":102.441158,"Pour_lat":39.84772,"source_id":"hydrolakes:1366953","label":""},"geometry":{"type":"Polygon","coordinates":[[[102.43881374783024,39.85790885077654],[102.44145697699707,39.85586039225336],[102.44356418185816,39.85598597208735],[102.44641981336844,39.857353295220946],[102.44909233941013,39.85678227742585],[102.4504087999137,39.851815083822316],[102.447166883681,39.84816550360864],[102.44444444444485,39.84611111111184],[102.44207546658038,39.84624218410988],[102.44112711588576,39.846582472060334],[102.44039442274357,39.84740268283491],[102.440437554254,39.848127610949234],[102.44248942057345,39.849961073134466],[102.44651991102478,39.84994205051072],[102.4459244791671,39.851038123237515],[102.442668728299,39.852043423123575],[102.44063747829892,39.85377144707661],[102.44006374783027,39.85373723348056],[102.43821614583385,39.852446780735306],[102.43881564670187,39.850208350288426],[102.43835340711843,39.84959114922492],[102.43756727430588,39.850827263726956],[102.43607259114629,39.85566775851868],[102.43684244791706,39.857084842258814],[102.43881374783024,39.85790885077654]]]}},{"type":"Feature","id":"hydrolakes:1366963","properties":{"Hylak_id":1366963,"Lake_name":"","Country":"China","Continent":"Asia","Poly_src":"SWBD","Lake_type":1,"Grand_id":0,"Lake_area":0.19,"Shore_len":1.66,"Shore_dev":1.07,"Vol_total":0.99,"Vol_res":0.0,"Vol_src":3,"Depth_avg":5.1,"Dis_avg":0.0,"Res_time":-1.0,"Elevation":1173,"Slope_100":5.57,"Wshd_area":4.3,"Pour_long":102.421305,"Pour_lat":39.836479,"source_id":"hydrolakes:1366963","label":""},"geometry":{"type":"Polygon","coordinates":[[[102.41900987413231,39.83487899780346],[102.41888888888928,39.83472222222292],[102.41691623263927,39.83485312567899],[102.41497965494824,39.83539243910121],[102.41543809678865,39.837565884061235],[102.41657904730943,39.8382540215394],[102.41819851345542,39.83849333021453],[102.42141493055607,39.837862362332544],[102.42202853732704,39.836302015517276],[102.42139567057325,39.8354822285977],[102.41900987413231,39.83487899780346]]]}},{"type":"Feature","id":"hydrolakes:1366966","properties":{"Hylak_id":1366966,"Lake_name":"","Country":"China","Continent":"Asia","Poly_src":"SWBD","Lake_type":1,"Grand_id":0,"Lake_area":0.19,"Shore_len":1.68,"Shore_dev":1.08,"Vol_total":0.59,"Vol_res":0.0,"Vol_src":3,"Depth_avg":3.1,"Dis_avg":0.0,"Res_time":-1.0,"Elevation":1181,"Slope_100":1.94,"Wshd_area":4.3,"Pour_long":102.485724,"Pour_lat":39.835325,"source_id":"hydrolakes:1366966","label":""},"geometry":{"type":"Polygon","coordinates":[[[102.48706787109427,39.83265424940396],[102.48694444444493,39.83250000000078],[102.48489556206636,39.83263899061495],[102.48383436414969,39.83348880344039],[102.48363498263939,39.83509175618559],[102.48458007812536,39.83733481513207],[102.48630235460104,39.83834723578644],[102.48730604383712,39.837543521457974],[102.48843071831641,39.83533408271012],[102.48854166666717,39.834441596137935],[102.48706787109427,39.83265424940396]]]}},{"type":"Feature","id":"hydrolakes:1366980","properties":{"Hylak_id":1366980,"Lake_name":"","Country":"China","Continent":"Asia","Poly_src":"SWBD","Lake_type":1,"Grand_id":0,"Lake_area":0.19,"Shore_len":1.71,"Shore_dev":1.1,"Vol_total":1.26,"Vol_res":0.0,"Vol_src":3,"Depth_avg":6.6,"Dis_avg":0.0,"Res_time":-1.0,"Elevation":1167,"Slope_100":9.3,"Wshd_area":1539.1,"Pour_long":102.345574,"Pour_lat":39.828951,"source_id":"hydrolakes:1366980","label":""},"geometry":{"type":"Polygon","coordinates":[[[102.34956542968786,39.8282123311368],[102.34944444444483,39.82805555555626],[102.34734320746583,39.82817655775369],[102.34521674262203,39.82886018541194],[102.34586914062533,39.83051979912722],[102.34632052951423,39.83317655775352],[102.34883490668443,39.83235156589154],[102.35090142144128,39.830756429037194],[102.3510877821185,39.82949623955699],[102.35055230034766,39.8288025241435],[102.34956542968786,39.8282123311368]]]}},{"type":"Feature","id":"hydrolakes:1366983","properties":{"Hylak_id":1366983,"Lake_name":"","Country":"China","Continent":"Asia","Poly_src":"SWBD","Lake_type":1,"Grand_id":0,"Lake_area":0.25,"Shore_len":2.67,"Shore_dev":1.5,"Vol_total":1.27,"Vol_res":0.0,"Vol_src":3,"Depth_avg":5.0,"Dis_avg":0.0,"Res_time":-1.0,"Elevation":1150,"Slope_100":4.79,"Wshd_area":2.1,"Pour_long":102.050226,"Pour_lat":39.827891,"source_id":"hydrolakes:1366983","label":""},"geometry":{"type":"Polygon","coordinates":[[[102.0458490668409,39.83057118733808],[102.04666612413229,39.82792448255822],[102.04758599175403,39.828267584907394],[102.04833279079912,39.830686628554304],[102.04948866102472,39.83025546603818],[102.05039605034767,39.828956332737334],[102.05052381727478,39.82681321885923],[102.04847195095533,39.8264934963658],[102.04722222222279,39.82583333333406],[102.04466335720531,39.82601830376598],[102.0429367404517,39.82994105021237],[102.04282606336841,39.8317977396656],[102.0451692708337,39.83117841932585],[102.0458490668409,39.83057118733808]]]}},{"type":"Feature","id":"hydrolakes:1366997","properties":{"Hylak_id":1366997,"Lake_name":"","Country":"China","Continent":"Asia","Poly_src":"SWBD","Lake_type":1,"Grand_id":0,"Lake_area":0.18,"Shore_len":1.65,"Shore_dev":1.09,"Vol_total":1.03,"Vol_res":0.0,"Vol_src":3,"Depth_avg":5.6,"Dis_avg":0.0,"Res_time":-1.0,"Elevation":1145,"Slope_100":6.7,"Wshd_area":5281.0,"Pour_long":101.957161,"Pour_lat":39.819052,"source_id":"hydrolakes:1366997","label":""},"geometry":{"type":"Polygon","coordinates":[[[101.96106363932319,39.8179453192825],[101.9595754665803,39.817934926351825],[101.95777777777812,39.81722222222294],[101.95679009331633,39.81734575059761],[101.95598768446234,39.82021068996926],[101.95679009331633,39.82070980495968],[101.95944959852471,39.82139022827221],[101.96083713107674,39.82156282213066],[101.96202799479227,39.821061096192125],[101.96238769531305,39.820125071208565],[101.96106363932319,39.8179453192825]]]}},{"type":"Feature","id":"hydrolakes:1366999","properties":{"Hylak_id":1366999,"Lake_name":"","Country":"China","Continent":"Asia","Poly_src":"SWBD","Lake_type":1,"Grand_id":0,"Lake_area":0.26,"Shore_len":2.15,"Shore_dev":1.19,"Vol_total":2.18,"Vol_res":0.0,"Vol_src":3,"Depth_avg":8.3,"Dis_avg":0.0,"Res_time":-1.0,"Elevation":1170,"Slope_100":13.7,"Wshd_area":1427.8,"Pour_long":102.372917,"Pour_lat":39.818021,"source_id":"hydrolakes:1366999","label":""},"geometry":{"type":"Polygon","coordinates":[[[102.3726310221358,39.812924482558344],[102.37250000000051,39.812777777778535],[102.37020073784788,39.81301739162939],[102.36982693142414,39.815416870117986],[102.36875786675381,39.81755794949072],[102.37106689453174,39.81957551744324],[102.37372314453165,39.81928695678789],[102.3754087999136,39.81687372843504],[102.37495578342066,39.81626241048252],[102.37322916666704,39.81586068047494],[102.37326768663235,39.813493296306035],[102.3726310221358,39.812924482558344]]]}},{"type":"Feature","id":"hydrolakes:1367010","properties":{"Hylak_id":1367010,"Lake_name":"","Country":"China","Continent":"Asia","Poly_src":"SWBD","Lake_type":1,"Grand_id":0,"Lake_area":0.15,"Shore_len":2.05,"Shore_dev":1.49,"Vol_total":0.66,"Vol_res":0.0,"Vol_src":3,"Depth_avg":4.4,"Dis_avg":0.0,"Res_time":-1.0,"Elevation":1180,"Slope_100":4.29,"Wshd_area":1408.7,"Pour_long":102.424682,"Pour_lat":39.810351,"source_id":"hydrolakes:1367010","label":""},"geometry":{"type":"Polygon","coordinates":[[[102.42873833550391,39.81214058770149],[102.42880533854208,39.811014404297566],[102.42702989366353,39.810324656169314],[102.42573404947962,39.80916666666735],[102.427623697917,39.8074782986119],[102.42767903645864,39.806548851861635],[102.42722222222272,39.80611111111182],[102.42482014974019,39.806812947591936],[102.42488335503526,39.80787107679657],[102.42410319010452,39.810783979628525],[102.42471489800391,39.81211688571585],[102.42873833550391,39.81214058770149]]]}},{"type":"Feature","id":"hydrolakes:1367026","properties":{"Hylak_id":1367026,"Lake_name":"","Country":"China","Continent":"Asia","Poly_src":"SWBD","Lake_type":1,"Grand_id":0,"Lake_area":0.48,"Shore_len":2.63,"Shore_dev":1.07,"Vol_total":3.44,"Vol_res":0.0,"Vol_src":3,"Depth_avg":7.2,"Dis_avg":0.0,"Res_time":-1.0,"Elevation":1175,"Slope_100":8.37,"Wshd_area":3.3,"Pour_long":102.380208,"Pour_lat":39.79697,"source_id":"hydrolakes:1367026","label":""},"geometry":{"type":"Polygon","coordinates":[[[102.37881754557338,39.79825492011253],[102.38238064236157,39.797876434326895],[102.3842805989587,39.79798967149611],[102.38473063151076,39.795882314046935],[102.38243245442754,39.79321575588739],[102.3794444444448,39.79111111111183],[102.37758761935788,39.79126961602174],[102.37513102213586,39.79346440633208],[102.37431342230946,39.79505794949074],[102.37477159288244,39.79618398030675],[102.37881754557338,39.79825492011253]]]}},{"type":"Feature","id":"hydrolakes:1367060","properties":{"Hylak_id":1367060,"Lake_name":"","Country":"China","Continent":"Asia","Poly_src":"SWBD","Lake_type":1,"Grand_id":0,"Lake_area":0.79,"Shore_len":4.36,"Shore_dev":1.39,"Vol_total":4.46,"Vol_res":0.0,"Vol_src":3,"Depth_avg":5.7,"Dis_avg":0.0,"Res_time":-1.0,"Elevation":1152,"Slope_100":4.39,"Wshd_area":2412.2,"Pour_long":102.145415,"Pour_lat":39.76865,"source_id":"hydrolakes:1367060","label":""},"geometry":{"type":"Polygon","coordinates":[[[102.15651991102482,39.7690355936694],[102.15485894097253,39.76787540012015],[102.15345730251767,39.76789094713075],[102.14924180772618,39.76901996188775],[102.14765842013935,39.768486056858364],[102.14719807942754,39.76763888888968],[102.14891954210111,39.76447090996709],[102.14861111111139,39.7636111111118],[102.14653455946217,39.76378836737808],[102.14547146267392,39.76473827785986],[102.14486897786503,39.766417253283066],[102.14514594184072,39.77124077691053],[102.14599609375028,39.77309270223054],[102.15169514973991,39.774575517443395],[102.15512885199684,39.774264695910006],[102.15929768880255,39.77129331800745],[102.15903564453185,39.77040885077662],[102.15736897786496,39.76929773966549],[102.15651991102482,39.7690355936694]]]}},{"type":"Feature","id":"hydrolakes:1367070","properties":{"Hylak_id":1367070,"Lake_name":"","Country":"China","Continent":"Asia","Poly_src":"SWBD","Lake_type":1,"Grand_id":0,"Lake_area":0.13,"Shore_len":1.58,"Shore_dev":1.22,"Vol_total":0.69,"Vol_res":0.0,"Vol_src":3,"Depth_avg":5.2,"Dis_avg":0.0,"Res_time":-1.0,"Elevation":1175,"Slope_100":6.31,"Wshd_area":5.8,"Pour_long":102.428201,"Pour_lat":39.761441,"source_id":"hydrolakes:1367070","label":""},"geometry":{"type":"Polygon","coordinates":[[[102.42963785807325,39.7605028449172],[102.42944444444475,39.76000000000073],[102.42845079210122,39.76017293294342],[102.4265611436636,39.761761559381114],[102.42519965277819,39.76256183200485],[102.42376546224017,39.762971937392194],[102.42416666666708,39.76426111857171],[102.42605957031299,39.76461805555624],[102.42713053385444,39.76431179470575],[102.42915093316026,39.76308473375184],[102.42963785807325,39.7605028449172]]]}},{"type":"Feature","id":"hydrolakes:1367083","properties":{"Hylak_id":1367083,"Lake_name":"","Country":"China","Continent":"Asia","Poly_src":"SWBD","Lake_type":1,"Grand_id":0,"Lake_area":0.13,"Shore_len":2.04,"Shore_dev":1.59,"Vol_total":0.78,"Vol_res":0.0,"Vol_src":3,"Depth_avg":6.0,"Dis_avg":0.0,"Res_time":-1.0,"Elevation":1181,"Slope_100":8.56,"Wshd_area":2.3,"Pour_long":102.458715,"Pour_lat":39.750347,"source_id":"hydrolakes:1367083","label":""},"geometry":{"type":"Polygon","coordinates":[[[102.45930013020865,39.74597751193647],[102.45916666666704,39.74583333333402],[102.45764431423669,39.746474049886785],[102.45828342013948,39.74727978176611],[102.45930013020865,39.747759687636346],[102.45903320312533,39.748199734158675],[102.45806559244824,39.7485060797805],[102.45719482421913,39.74985421074831],[102.4543109809033,39.750541178386186],[102.4561759440108,39.75165825737918],[102.45855468750034,39.75086510552376],[102.45925781250031,39.75021365695619],[102.46096679687548,39.74757353040985],[102.46055257161504,39.746373952230556],[102.45930013020865,39.74597751193647]]]}},{"type":"Feature","id":"hydrolakes:1367096","properties":{"Hylak_id":1367096,"Lake_name":"","Country":"China","Continent":"Asia","Poly_src":"SWBD","Lake_type":1,"Grand_id":0,"Lake_area":0.3,"Shore_len":2.65,"Shore_dev":1.35,"Vol_total":1.56,"Vol_res":0.0,"Vol_src":3,"Depth_avg":5.1,"Dis_avg":0.0,"Res_time":-1.0,"Elevation":1159,"Slope_100":4.74,"Wshd_area":3.3,"Pour_long":102.213816,"Pour_lat":39.743121,"source_id":"hydrolakes:1367096","label":""},"geometry":{"type":"Polygon","coordinates":[[[102.2115199110246,39.74153559366931],[102.2089062500005,39.74160079956124],[102.20792833116349,39.743000979954104],[102.20957546658025,39.74447280883868],[102.20767713758715,39.74641966078099],[102.20625786675379,39.74852491590781],[102.2071614583337,39.74878228081678],[102.21088243272618,39.748464660645254],[102.21174180772596,39.746592102051466],[102.21264675564271,39.745424482558235],[102.21319552951434,39.743996768528405],[102.21513102213589,39.743399081760685],[102.2143134223096,39.74263107299873],[102.2115199110246,39.74153559366931]]]}},{"type":"Feature","id":"hydrolakes:1367119","properties":{"Hylak_id":1367119,"Lake_name":"","Country":"China","Continent":"Asia","Poly_src":"SWBD","Lake_type":1,"Grand_id":0,"Lake_area":0.36,"Shore_len":2.68,"Shore_dev":1.26,"Vol_total":2.02,"Vol_res":0.0,"Vol_src":3,"Depth_avg":5.6,"Dis_avg":0.0,"Res_time":-1.0,"Elevation":1170,"Slope_100":5.44,"Wshd_area":2.0,"Pour_long":102.318582,"Pour_lat":39.728154,"source_id":"hydrolakes:1367119","label":""},"geometry":{"type":"Polygon","coordinates":[[[102.31626980251781,39.73166283501587],[102.31814751519141,39.728755289714286],[102.32008219401081,39.72972462972086],[102.320498318143,39.72853736029799],[102.3187866210942,39.72735958523299],[102.31462158203169,39.72686114841116],[102.31194444444498,39.72611111111189],[102.31095024956642,39.72630089653933],[102.30947401258732,39.72766869439096],[102.30995659722254,39.72869091457869],[102.31435221354201,39.732633599176154],[102.31626980251781,39.73166283501587]]]}},{"type":"Feature","id":"hydrolakes:1367225","properties":{"Hylak_id":1367225,"Lake_name":"","Country":"China","Continent":"Asia","Poly_src":"SWBD","Lake_type":1,"Grand_id":0,"Lake_area":0.17,"Shore_len":1.71,"Shore_dev":1.17,"Vol_total":0.83,"Vol_res":0.0,"Vol_src":3,"Depth_avg":4.9,"Dis_avg":0.0,"Res_time":-1.0,"Elevation":1299,"Slope_100":5.16,"Wshd_area":101.2,"Pour_long":102.509574,"Pour_lat":39.61751,"source_id":"hydrolakes:1367225","label":""},"geometry":{"type":"Polygon","coordinates":[[[102.50865641276079,39.613196343316645],[102.50833333333378,39.61277777777855],[102.50710530598991,39.61292785644605],[102.50648844401087,39.61395050048907],[102.50686686197952,39.616177876791085],[102.5081271701394,39.61715070936492],[102.50956217447953,39.61900990804111],[102.51067165798668,39.61764231364003],[102.51108235677117,39.61587022569529],[102.51011366102477,39.61350389268739],[102.50865641276079,39.613196343316645]]]}},{"type":"Feature","id":"hydrolakes:1367672","properties":{"Hylak_id":1367672,"Lake_name":"","Country":"China","Continent":"Asia","Poly_src":"SWBD","Lake_type":1,"Grand_id":0,"Lake_area":0.3,"Shore_len":2.21,"Shore_dev":1.13,"Vol_total":0.53,"Vol_res":0.0,"Vol_src":3,"Depth_avg":1.7,"Dis_avg":0.009,"Res_time":683.9,"Elevation":1407,"Slope_100":0.51,"Wshd_area":17.5,"Pour_long":100.044792,"Pour_lat":39.226063,"source_id":"hydrolakes:1367672","label":""},"geometry":{"type":"Polygon","coordinates":[[[100.04318410237659,39.2223714192715],[100.04235076904314,39.22235080295212],[100.03978376600503,39.22334655761796],[100.03690914577925,39.22387091742689],[100.0376569959854,39.22635477701891],[100.04565246582052,39.22721801757882],[100.04609785291927,39.22517612033488],[100.04553029378303,39.22390421549545],[100.04431589762396,39.22262858072986],[100.04318410237659,39.2223714192715]]]}},{"type":"Feature","id":"hydrolakes:1367743","properties":{"Hylak_id":1367743,"Lake_name":"","Country":"China","Continent":"Asia","Poly_src":"SWBD","Lake_type":1,"Grand_id":0,"Lake_area":0.67,"Shore_len":3.63,"Shore_dev":1.25,"Vol_total":1.17,"Vol_res":0.0,"Vol_src":3,"Depth_avg":1.8,"Dis_avg":0.032,"Res_time":424.9,"Elevation":1429,"Slope_100":0.41,"Wshd_area":43.6,"Pour_long":100.130208,"Pour_lat":39.184103,"source_id":"hydrolakes:1367743","label":""},"geometry":{"type":"Polygon","coordinates":[[[100.13818664550803,39.17598002115966],[100.13759023030622,39.17565592447983],[100.13515994601812,39.17580078125064],[100.13444444444474,39.17500000000069],[100.13348253038208,39.17517951117691],[100.13201900906046,39.17631374783059],[100.12987311469215,39.17729858398502],[100.1298176405167,39.17822957356839],[100.13126203748948,39.17952012803886],[100.13177700466593,39.18085306803465],[100.12827701144784,39.18418741862047],[100.12945722791915,39.18482876247896],[100.13239440917988,39.18500379774372],[100.13601057264566,39.18274495442773],[100.1375809393993,39.18098741319528],[100.13860015869153,39.18051961263103],[100.14124220106362,39.17845893012219],[100.14074072943822,39.17740668402848],[100.13818664550803,39.17598002115966]]]}},{"type":"Feature","id":"hydrolakes:1368092","properties":{"Hylak_id":1368092,"Lake_name":"","Country":"China","Continent":"Asia","Poly_src":"SWBD","Lake_type":1,"Grand_id":0,"Lake_area":0.37,"Shore_len":2.49,"Shore_dev":1.15,"Vol_total":0.86,"Vol_res":0.0,"Vol_src":3,"Depth_avg":2.3,"Dis_avg":1.107,"Res_time":9.0,"Elevation":1492,"Slope_100":0.89,"Wshd_area":5807.8,"Pour_long":100.614539,"Pour_lat":38.918239,"source_id":"hydrolakes:1368092","label":""},"geometry":{"type":"Polygon","coordinates":[[[100.61399807400193,38.92001288520038],[100.61616427951435,38.91952087402416],[100.61806939019124,38.919757826064085],[100.61956793891085,38.91623460557787],[100.62029371473551,38.915653483073584],[100.61956793891085,38.91376539442348],[100.61944444444475,38.912777777778444],[100.61817905002187,38.91290127224454],[100.6145987277564,38.914876505534494],[100.61308614095077,38.915308973524986],[100.61262152777817,38.916517673069166],[100.61221435546906,38.91979105631589],[100.61399807400193,38.92001288520038]]]}},{"type":"Feature","id":"hydrolakes:1368168","properties":{"Hylak_id":1368168,"Lake_name":"","Country":"China","Continent":"Asia","Poly_src":"SWBD","Lake_type":1,"Grand_id":0,"Lake_area":0.3,"Shore_len":2.99,"Shore_dev":1.54,"Vol_total":0.88,"Vol_res":0.0,"Vol_src":3,"Depth_avg":2.9,"Dis_avg":21.344,"Res_time":0.5,"Elevation":1626,"Slope_100":1.5,"Wshd_area":10068.0,"Pour_long":100.255867,"Pour_lat":38.843442,"source_id":"hydrolakes:1368168","label":""},"geometry":{"type":"Polygon","coordinates":[[[100.25735331217464,38.84042453342079],[100.25709113227026,38.83763102213612],[100.25611111111141,38.83611111111185],[100.25526367187518,38.83686835395048],[100.25598002115902,38.8381865776916],[100.25624220106363,38.839325629340976],[100.25517279730917,38.8404087999138],[100.2534413655602,38.83898817274371],[100.25257113986567,38.839040120443485],[100.2520911322701,38.840219862196875],[100.25346171061233,38.843108588325265],[100.25263020833353,38.844298909505994],[100.25265190972237,38.84466335720555],[100.25543836805582,38.845734592014594],[100.25636027018248,38.845679660373946],[100.2582089572486,38.84237196180635],[100.25735331217464,38.84042453342079]]]}},{"type":"Feature","id":"hydrolakes:1368170","properties":{"Hylak_id":1368170,"Lake_name":"","Country":"China","Continent":"Asia","Poly_src":"SWBD","Lake_type":1,"Grand_id":0,"Lake_area":0.59,"Shore_len":3.55,"Shore_dev":1.3,"Vol_total":3.21,"Vol_res":0.0,"Vol_src":3,"Depth_avg":5.4,"Dis_avg":0.0,"Res_time":-1.0,"Elevation":1296,"Slope_100":4.38,"Wshd_area":64.9,"Pour_long":104.903987,"Pour_lat":38.841964,"source_id":"hydrolakes:1368170","label":""},"geometry":{"type":"Polygon","coordinates":[[[104.90192871093814,38.834460042318426],[104.90166666666744,38.8341666666675],[104.89954047309078,38.83438829210144],[104.89875759548664,38.83508748372458],[104.89916286892418,38.83689575195376],[104.9019531250006,38.840391167535415],[104.90320203993116,38.840964355469396],[104.90555013020884,38.844844292535356],[104.90921603732698,38.84506266276111],[104.91152018229224,38.84372124566033],[104.91125759548663,38.84290879991386],[104.90924370659792,38.83981187608572],[104.90681315104234,38.83874213324731],[104.90540907118117,38.838480088976326],[104.90454806857696,38.837126871745454],[104.90192871093814,38.834460042318426]]]}},{"type":"Feature","id":"hydrolakes:1368188","properties":{"Hylak_id":1368188,"Lake_name":"","Country":"China","Continent":"Asia","Poly_src":"SWBD","Lake_type":1,"Grand_id":0,"Lake_area":0.39,"Shore_len":3.59,"Shore_dev":1.63,"Vol_total":1.01,"Vol_res":0.0,"Vol_src":3,"Depth_avg":2.6,"Dis_avg":0.0,"Res_time":-1.0,"Elevation":1294,"Slope_100":1.08,"Wshd_area":19.9,"Pour_long":104.94618,"Pour_lat":38.828279,"source_id":"hydrolakes:1368188","label":""},"geometry":{"type":"Polygon","coordinates":[[[104.93846462673685,38.81986897786538],[104.9373535156256,38.8198532443584],[104.93542426215345,38.82147637261346],[104.9359239366326,38.82423489040866],[104.93665690104217,38.82505533854243],[104.94058159722277,38.825423583985014],[104.94107801649358,38.82650485568655],[104.9433463541672,38.8269283040371],[104.94409233941042,38.830964355469575],[104.94679796007017,38.83058865017432],[104.94646321614653,38.82752332899378],[104.94335286458391,38.82545464409799],[104.9396538628481,38.8221495225701],[104.93929578993112,38.82061197916738],[104.93846462673685,38.81986897786538]]]}},{"type":"Feature","id":"hydrolakes:1368210","properties":{"Hylak_id":1368210,"Lake_name":"","Country":"China","Continent":"Asia","Poly_src":"SWBD","Lake_type":1,"Grand_id":0,"Lake_area":0.15,"Shore_len":1.65,"Shore_dev":1.18,"Vol_total":0.2,"Vol_res":0.0,"Vol_src":3,"Depth_avg":1.3,"Dis_avg":0.0,"Res_time":-1.0,"Elevation":1316,"Slope_100":0.33,"Wshd_area":8.0,"Pour_long":104.194649,"Pour_lat":38.802965,"source_id":"hydrolakes:1368210","label":""},"geometry":{"type":"Polygon","coordinates":[[[104.19540907118102,38.80181342230975],[104.19323187934094,38.80184136284788],[104.19378851996589,38.80423529730973],[104.19542426215344,38.80624213324728],[104.19593424479228,38.807353244358296],[104.19729058159783,38.80694878472292],[104.19818684895887,38.80479424370742],[104.19768771701456,38.8038496907559],[104.19540907118102,38.80181342230975]]]}},{"type":"Feature","id":"hydrolakes:1368238","properties":{"Hylak_id":1368238,"Lake_name":"","Country":"China","Continent":"Asia","Poly_src":"SWBD","Lake_type":1,"Grand_id":0,"Lake_area":0.52,"Shore_len":2.76,"Shore_dev":1.08,"Vol_total":1.3,"Vol_res":0.0,"Vol_src":3,"Depth_avg":2.5,"Dis_avg":0.0,"Res_time":-1.0,"Elevation":1297,"Slope_100":0.92,"Wshd_area":65.7,"Pour_long":104.934269,"Pour_lat":38.770428,"source_id":"hydrolakes:1368238","label":""},"geometry":{"type":"Polygon","coordinates":[[[104.93942816840337,38.77706854926282],[104.94039333767432,38.77529242621597],[104.93929796006995,38.77431342230983],[104.93901692708403,38.771916639540564],[104.93681315104232,38.77068657769166],[104.9344444444452,38.77000000000061],[104.93238335503526,38.77027560763952],[104.93091145833392,38.7718450249572],[104.93002604166719,38.77431260850756],[104.93043185763946,38.77519680447119],[104.93123480902835,38.775914306641255],[104.93156467013955,38.77663316514827],[104.93461317274375,38.776451551649984],[104.93798014322971,38.77735324435832],[104.93942816840337,38.77706854926282]]]}},{"type":"Feature","id":"hydrolakes:1368250","properties":{"Hylak_id":1368250,"Lake_name":"","Country":"China","Continent":"Asia","Poly_src":"SWBD","Lake_type":1,"Grand_id":0,"Lake_area":0.36,"Shore_len":3.24,"Shore_dev":1.53,"Vol_total":0.71,"Vol_res":0.0,"Vol_src":3,"Depth_avg":2.0,"Dis_avg":0.0,"Res_time":-1.0,"Elevation":1306,"Slope_100":0.64,"Wshd_area":25.9,"Pour_long":104.799775,"Pour_lat":38.758715,"source_id":"hydrolakes:1368250","label":""},"geometry":{"type":"Polygon","coordinates":[[[104.80207031250063,38.75818155924554],[104.80345920138944,38.75625176323848],[104.802510850695,38.7551517740892],[104.80189127604223,38.75550645616386],[104.80105360243124,38.75651489257882],[104.79957031250052,38.75487399631146],[104.79928819444496,38.75328884548691],[104.79582519531317,38.751713324653394],[104.79555555555606,38.75138888888955],[104.79437608507004,38.75153984917597],[104.79320746527827,38.75251057942779],[104.7935584852437,38.75386773003544],[104.79647840711891,38.75568549262215],[104.79515190972273,38.75752888997471],[104.79601508246577,38.75818155924554],[104.7965407986116,38.75792955186694],[104.79713650173676,38.75721218533067],[104.79790364583386,38.75765177408914],[104.79921440972294,38.75794243706679],[104.79977105034789,38.7592256673185],[104.80132866753547,38.75938435872456],[104.80207031250063,38.75818155924554]]]}},{"type":"Feature","id":"hydrolakes:1368295","properties":{"Hylak_id":1368295,"Lake_name":"","Country":"China","Continent":"Asia","Poly_src":"SWBD","Lake_type":1,"Grand_id":0,"Lake_area":0.3,"Shore_len":2.06,"Shore_dev":1.06,"Vol_total":0.71,"Vol_res":0.0,"Vol_src":3,"Depth_avg":2.3,"Dis_avg":0.0,"Res_time":-1.0,"Elevation":1315,"Slope_100":0.94,"Wshd_area":323.5,"Pour_long":104.686458,"Pour_lat":38.716126,"source_id":"hydrolakes:1368295","label":""},"geometry":{"type":"Polygon","coordinates":[[[104.69152398003541,38.716019965278576],[104.69055555555622,38.71472222222286],[104.68827582465332,38.714853515625634],[104.68576768663263,38.71586371527843],[104.68494954427149,38.717736002604795],[104.68473198784778,38.7192065429694],[104.68522026909784,38.72039876302148],[104.68951985677137,38.72014512803884],[104.69178765191043,38.71862318250936],[104.69152398003541,38.716019965278576]]]}},{"type":"Feature","id":"hydrolakes:1368323","properties":{"Hylak_id":1368323,"Lake_name":"","Country":"China","Continent":"Asia","Poly_src":"SWBD","Lake_type":1,"Grand_id":0,"Lake_area":0.4,"Shore_len":2.47,"Shore_dev":1.1,"Vol_total":1.04,"Vol_res":0.0,"Vol_src":3,"Depth_avg":2.6,"Dis_avg":0.0,"Res_time":-1.0,"Elevation":1319,"Slope_100":1.07,"Wshd_area":144.9,"Pour_long":104.51943,"Pour_lat":38.687102,"source_id":"hydrolakes:1368323","label":""},"geometry":{"type":"Polygon","coordinates":[[[104.5231873914937,38.68792941623326],[104.52234103732701,38.68732923719682],[104.52152777777849,38.68739461263084],[104.52083333333394,38.686388888889496],[104.51900282118112,38.6867985026048],[104.51626030816033,38.688767632379154],[104.51659450954918,38.6909251573357],[104.51823025173661,38.69233412000932],[104.51817057291737,38.69307481553898],[104.52060492621592,38.694573025174236],[104.52226019965332,38.69428710937569],[104.52346191406303,38.69196831597293],[104.5231873914937,38.68792941623326]]]}},{"type":"Feature","id":"hydrolakes:1368338","properties":{"Hylak_id":1368338,"Lake_name":"","Country":"China","Continent":"Asia","Poly_src":"SWBD","Lake_type":1,"Grand_id":0,"Lake_area":0.16,"Shore_len":1.59,"Shore_dev":1.13,"Vol_total":0.22,"Vol_res":0.0,"Vol_src":3,"Depth_avg":1.4,"Dis_avg":0.0,"Res_time":-1.0,"Elevation":1305,"Slope_100":0.39,"Wshd_area":0.8,"Pour_long":104.942184,"Pour_lat":38.675283,"source_id":"hydrolakes:1368338","label":""},"geometry":{"type":"Polygon","coordinates":[[[104.94154296875053,38.67234578450581],[104.94055555555616,38.67111111111177],[104.93918619791742,38.67124484592085],[104.93765407986172,38.67334201388968],[104.93805392795213,38.67447631836001],[104.93873589409776,38.67487711588609],[104.94154405382,38.67567911783931],[104.94373480902846,38.67528917100765],[104.94154296875053,38.67234578450581]]]}},{"type":"Feature","id":"hydrolakes:1368502","properties":{"Hylak_id":1368502,"Lake_name":"","Country":"China","Continent":"Asia","Poly_src":"SWBD","Lake_type":1,"Grand_id":0,"Lake_area":0.68,"Shore_len":4.0,"Shore_dev":1.37,"Vol_total":6.67,"Vol_res":0.0,"Vol_src":3,"Depth_avg":9.8,"Dis_avg":0.296,"Res_time":260.8,"Elevation":2374,"Slope_100":14.32,"Wshd_area":234.5,"Pour_long":100.502083,"Pour_lat":38.464766,"source_id":"hydrolakes:1368502","label":""},"geometry":{"type":"Polygon","coordinates":[[[100.49653808593763,38.45457302517434],[100.4961111111113,38.45388888888948],[100.49466552734395,38.45403632270023],[100.49238043891091,38.45725911458396],[100.49233113606789,38.45787339952318],[100.49292195638054,38.459645589193315],[100.49348253038227,38.46012858072976],[100.4943237982859,38.46234537760478],[100.49646742079011,38.46358127170197],[100.49684665256092,38.46443115234439],[100.49820475260441,38.465406358507664],[100.49972669813388,38.467172851563134],[100.5020010715063,38.46813069661516],[100.50457302517378,38.465914849176045],[100.50426357693158,38.46496866862037],[100.50292507595498,38.463414984809674],[100.49947082519554,38.461159803603095],[100.49804524739608,38.459339463976335],[100.49653808593763,38.45457302517434]]]}},{"type":"Feature","id":"hydrolakes:1368519","properties":{"Hylak_id":1368519,"Lake_name":"","Country":"China","Continent":"Asia","Poly_src":"SWBD","Lake_type":1,"Grand_id":0,"Lake_area":0.23,"Shore_len":2.31,"Shore_dev":1.36,"Vol_total":0.39,"Vol_res":0.0,"Vol_src":3,"Depth_avg":1.7,"Dis_avg":0.0,"Res_time":-1.0,"Elevation":1335,"Slope_100":0.53,"Wshd_area":2.0,"Pour_long":104.768708,"Pour_lat":38.452638,"source_id":"hydrolakes:1368519","label":""},"geometry":{"type":"Polygon","coordinates":[[[104.7728917100701,38.45212904188429],[104.7730555555562,38.450555555556264],[104.7706781684036,38.451723768446755],[104.76927897135471,38.450746256511025],[104.76688693576449,38.45138685438428],[104.76625000000053,38.452099880643004],[104.7655257161465,38.451289605035356],[104.76414496527838,38.45283515082525],[104.76495713975754,38.454787055122154],[104.7668570963549,38.455131022136186],[104.7673535156257,38.45457546658048],[104.77042426215343,38.45431342230961],[104.7706993272576,38.45342352973165],[104.77136284722275,38.4528306749138],[104.7728917100701,38.45212904188429]]]}},{"type":"Feature","id":"hydrolakes:1368555","properties":{"Hylak_id":1368555,"Lake_name":"","Country":"China","Continent":"Asia","Poly_src":"SWBD","Lake_type":1,"Grand_id":0,"Lake_area":0.92,"Shore_len":4.86,"Shore_dev":1.43,"Vol_total":1.62,"Vol_res":0.0,"Vol_src":3,"Depth_avg":1.8,"Dis_avg":0.0,"Res_time":-1.0,"Elevation":1310,"Slope_100":0.37,"Wshd_area":253.6,"Pour_long":104.664715,"Pour_lat":38.405966,"source_id":"hydrolakes:1368555","label":""},"geometry":{"type":"Polygon","coordinates":[[[104.65902018229218,38.396813422309606],[104.65675726996596,38.39682074652836],[104.65442491319516,38.39966362847281],[104.65375759548681,38.40089124891557],[104.6595703125007,38.40458170572981],[104.65986979166729,38.40513264974015],[104.65980523003526,38.406214192708944],[104.66225965711857,38.40654242621588],[104.66652018229229,38.408480088976376],[104.6680767144104,38.40877061632011],[104.67117621527831,38.41068657769165],[104.67235351562567,38.410349392361695],[104.6719813368062,38.40885769314298],[104.66885362413257,38.407315538195064],[104.66701877170203,38.4052617730041],[104.66596462673681,38.40459120008745],[104.66570203993126,38.403186577691656],[104.66496419270885,38.40213012695369],[104.66452853732693,38.39979627821242],[104.66162814670224,38.397219780816556],[104.65902018229218,38.396813422309606]]]}},{"type":"Feature","id":"hydrolakes:1368564","properties":{"Hylak_id":1368564,"Lake_name":"","Country":"China","Continent":"Asia","Poly_src":"SWBD","Lake_type":1,"Grand_id":0,"Lake_area":0.58,"Shore_len":4.13,"Shore_dev":1.53,"Vol_total":0.86,"Vol_res":0.0,"Vol_src":3,"Depth_avg":1.5,"Dis_avg":0.0,"Res_time":-1.0,"Elevation":1311,"Slope_100":0.3,"Wshd_area":70.4,"Pour_long":104.661832,"Pour_lat":38.395974,"source_id":"hydrolakes:1368564","label":""},"geometry":{"type":"Polygon","coordinates":[[[104.67373969184081,38.397625461155314],[104.67192491319491,38.3952540418843],[104.67262858072974,38.39333794487908],[104.67189181857702,38.392101372613524],[104.67035427517413,38.391977945964186],[104.66784830729222,38.393033311632564],[104.66596191406308,38.39346191406321],[104.66455295138951,38.3944609917541],[104.66367567274364,38.39370510525242],[104.66384494357703,38.391596815321805],[104.6625000000007,38.390833333334],[104.66091742621597,38.39099473741385],[104.65973904079931,38.3936348470059],[104.65890245225745,38.39435601128531],[104.6598703342022,38.395901692709],[104.66402126736182,38.39635091145891],[104.66591796875053,38.39619859483571],[104.66653808593821,38.39707302517428],[104.66685384114646,38.39846191406326],[104.66848253038256,38.398204752604784],[104.6694590928825,38.39766004774384],[104.67064778645886,38.397564561632635],[104.67225585937575,38.39846191406326],[104.67373969184081,38.397625461155314]]]}},{"type":"Feature","id":"hydrolakes:1368608","properties":{"Hylak_id":1368608,"Lake_name":"","Country":"China","Continent":"Asia","Poly_src":"SWBD","Lake_type":1,"Grand_id":0,"Lake_area":0.26,"Shore_len":2.88,"Shore_dev":1.6,"Vol_total":1.59,"Vol_res":0.0,"Vol_src":3,"Depth_avg":6.2,"Dis_avg":0.398,"Res_time":46.2,"Elevation":2456,"Slope_100":7.36,"Wshd_area":564.2,"Pour_long":100.826062,"Pour_lat":38.346161,"source_id":"hydrolakes:1368608","label":""},"geometry":{"type":"Polygon","coordinates":[[[100.83095418294289,38.33638888888947],[100.8305555555558,38.3352777777784],[100.82914862738755,38.33554036458395],[100.82843302408872,38.33656480577315],[100.82850246853332,38.33773057725756],[100.82627183702289,38.3412350802958],[100.82598008897588,38.34403564453186],[100.82486897786498,38.34562622070371],[100.82552327473985,38.34650933159787],[100.82671386718789,38.346580268012815],[100.82707546658014,38.345408799913855],[100.82820231119831,38.34403564453186],[100.82943495008709,38.3413563368062],[100.83095418294289,38.33638888888947]]]}},{"type":"Feature","id":"hydrolakes:1368629","properties":{"Hylak_id":1368629,"Lake_name":"","Country":"China","Continent":"Asia","Poly_src":"SWBD","Lake_type":1,"Grand_id":0,"Lake_area":0.53,"Shore_len":4.5,"Shore_dev":1.75,"Vol_total":0.79,"Vol_res":0.0,"Vol_src":3,"Depth_avg":1.5,"Dis_avg":0.0,"Res_time":-1.0,"Elevation":1425,"Slope_100":0.32,"Wshd_area":12233.5,"Pour_long":102.824835,"Pour_lat":38.317869,"source_id":"hydrolakes:1368629","label":""},"geometry":{"type":"Polygon","coordinates":[[[102.82765896267398,38.32350925021774],[102.82941569010467,38.32252916124196],[102.8303548177089,38.323053249783584],[102.83165147569485,38.32247477213605],[102.83261854383721,38.321641438802715],[102.83270534939288,38.32056084526988],[102.83173963758719,38.31943983289989],[102.82982991536505,38.31837429470545],[102.82799641927136,38.31852159288252],[102.82697672526086,38.31764322916729],[102.83040635850733,38.31317165798674],[102.82819335937552,38.31169270833391],[102.825002712674,38.310959608290716],[102.82361111111163,38.30972222222283],[102.82264919704909,38.30989773220546],[102.82304904513927,38.311152750651615],[102.82623182508735,38.312550726997074],[102.82630886501784,38.313509928386054],[102.8259825303823,38.31459364149373],[102.82516357421918,38.31574883355114],[102.82451416015664,38.31812160915865],[102.82570610894135,38.320408935547505],[102.82560194227483,38.321705186632585],[102.82765896267398,38.32350925021774]]]}},{"type":"Feature","id":"hydrolakes:1368630","properties":{"Hylak_id":1368630,"Lake_name":"","Country":"China","Continent":"Asia","Poly_src":"SWBD","Lake_type":1,"Grand_id":0,"Lake_area":0.87,"Shore_len":4.8,"Shore_dev":1.45,"Vol_total":2.05,"Vol_res":0.0,"Vol_src":3,"Depth_avg":2.4,"Dis_avg":0.0,"Res_time":-1.0,"Elevation":1318,"Slope_100":0.69,"Wshd_area":807.5,"Pour_long":104.778125,"Pour_lat":38.315412,"source_id":"hydrolakes:1368630","label":""},"geometry":{"type":"Polygon","coordinates":[[[104.78110568576466,38.31631740993987],[104.7827777777785,38.316182996962425],[104.78495822482688,38.31635823567774],[104.78790201822972,38.314308539497176],[104.7882269965283,38.3107732476135],[104.79000759548666,38.31009752061692],[104.79068413628539,38.30901746961865],[104.79179036458396,38.308523898655096],[104.7918570963547,38.30769219292597],[104.79083333333386,38.30611111111176],[104.78829806857692,38.30624850803014],[104.78609592013942,38.307231309679594],[104.7827392578132,38.309955376519724],[104.78156304253537,38.31132080078186],[104.77982584635475,38.312568088108264],[104.77884385850757,38.31370795355963],[104.77773546007,38.314402262370436],[104.7769259982644,38.315694715712425],[104.7737825520839,38.31598347981833],[104.77370008680629,38.31700737847285],[104.77485080295207,38.31764919704926],[104.7770936414937,38.317906358507514],[104.77778971354218,38.3190174696187],[104.77995334201455,38.318709038629095],[104.78070475260466,38.31764919704926],[104.78110568576466,38.31631740993987]]]}},{"type":"Feature","id":"hydrolakes:1368682","properties":{"Hylak_id":1368682,"Lake_name":"","Country":"China","Continent":"Asia","Poly_src":"SWBD","Lake_type":1,"Grand_id":0,"Lake_area":0.12,"Shore_len":1.51,"Shore_dev":1.25,"Vol_total":0.32,"Vol_res":0.0,"Vol_src":3,"Depth_avg":2.7,"Dis_avg":0.012,"Res_time":305.2,"Elevation":2116,"Slope_100":1.71,"Wshd_area":44.4,"Pour_long":101.772917,"Pour_lat":38.243219,"source_id":"hydrolakes:1368682","label":""},"geometry":{"type":"Polygon","coordinates":[[[101.77207804362024,38.2415330674919],[101.76992173936674,38.241538085938146],[101.77402520073821,38.24596693250942],[101.7756126573355,38.2449384223097],[101.77436374240494,38.24243503146778],[101.77377929687526,38.24180406358573],[101.77207804362024,38.2415330674919]]]}},{"type":"Feature","id":"hydrolakes:1368717","properties":{"Hylak_id":1368717,"Lake_name":"","Country":"China","Continent":"Asia","Poly_src":"SWBD","Lake_type":1,"Grand_id":0,"Lake_area":0.25,"Shore_len":2.11,"Shore_dev":1.2,"Vol_total":0.38,"Vol_res":0.0,"Vol_src":3,"Depth_avg":1.5,"Dis_avg":0.0,"Res_time":-1.0,"Elevation":1398,"Slope_100":0.42,"Wshd_area":0.8,"Pour_long":104.206605,"Pour_lat":38.205636,"source_id":"hydrolakes:1368717","label":""},"geometry":{"type":"Polygon","coordinates":[[[104.20956814236172,38.20098754882878],[104.20873480902827,38.20095689561691],[104.20843478732695,38.20234375000064],[104.20594943576452,38.20270548502663],[104.20487630208385,38.2062076822923],[104.20531412760471,38.20680202908051],[104.20654296875051,38.207068006728036],[104.20748806423694,38.20762356228363],[104.20932074652825,38.20570977105092],[104.20956814236172,38.205123562283575],[104.21078613281315,38.20477525499189],[104.21179036458392,38.20306735568636],[104.21149902343814,38.202216932509316],[104.20956814236172,38.20098754882878]]]}},{"type":"Feature","id":"hydrolakes:1368740","properties":{"Hylak_id":1368740,"Lake_name":"","Country":"China","Continent":"Asia","Poly_src":"SWBD","Lake_type":1,"Grand_id":0,"Lake_area":0.17,"Shore_len":2.17,"Shore_dev":1.49,"Vol_total":0.39,"Vol_res":0.0,"Vol_src":3,"Depth_avg":2.3,"Dis_avg":0.001,"Res_time":4552.3,"Elevation":1448,"Slope_100":1.13,"Wshd_area":2.5,"Pour_long":102.740625,"Pour_lat":38.177115,"source_id":"hydrolakes:1368740","label":""},"geometry":{"type":"Polygon","coordinates":[[[102.74096299913242,38.17530151367254],[102.7393147786463,38.1741429307732],[102.73805555555589,38.17277777777838],[102.73682671441014,38.17347249349018],[102.73626546224011,38.17493286132873],[102.73667724609425,38.175764973958906],[102.73826633029569,38.175154215495354],[102.73928087022625,38.176202392578716],[102.73848768446231,38.17826619466206],[102.7388956705733,38.17954956054746],[102.74061414930594,38.17976331922807],[102.74101074218794,38.17792995876806],[102.7419921875005,38.17658664279577],[102.74096299913242,38.17530151367254]]]}},{"type":"Feature","id":"hydrolakes:1368769","properties":{"Hylak_id":1368769,"Lake_name":"","Country":"China","Continent":"Asia","Poly_src":"SWBD","Lake_type":1,"Grand_id":0,"Lake_area":0.17,"Shore_len":1.72,"Shore_dev":1.17,"Vol_total":0.27,"Vol_res":0.0,"Vol_src":3,"Depth_avg":1.6,"Dis_avg":0.0,"Res_time":-1.0,"Elevation":1403,"Slope_100":0.5,"Wshd_area":674.1,"Pour_long":104.287603,"Pour_lat":38.139828,"source_id":"hydrolakes:1368769","label":""},"geometry":{"type":"Polygon","coordinates":[[[104.28764160156311,38.13846950954917],[104.28722222222291,38.13750000000073],[104.28590494791712,38.137683919271524],[104.28434299045199,38.13844170464472],[104.28375705295201,38.13900458441918],[104.28323621961857,38.14007853190162],[104.28153049045187,38.14177571614641],[104.28388726128537,38.14205864800408],[104.28791395399361,38.14120849609452],[104.28764160156311,38.13846950954917]]]}},{"type":"Feature","id":"hydrolakes:1368780","properties":{"Hylak_id":1368780,"Lake_name":"","Country":"China","Continent":"Asia","Poly_src":"SWBD","Lake_type":1,"Grand_id":0,"Lake_area":0.28,"Shore_len":2.51,"Shore_dev":1.33,"Vol_total":0.44,"Vol_res":0.0,"Vol_src":3,"Depth_avg":1.6,"Dis_avg":0.0,"Res_time":-1.0,"Elevation":1410,"Slope_100":0.42,"Wshd_area":34.1,"Pour_long":104.232451,"Pour_lat":38.130298,"source_id":"hydrolakes:1368780","label":""},"geometry":{"type":"Polygon","coordinates":[[[104.24168077256996,38.129625515408634],[104.238278537327,38.1288986545145],[104.23596571180605,38.12903645833387],[104.23435980902826,38.128413492839115],[104.23416666666736,38.12722222222283],[104.2319194878479,38.12738457573846],[104.23153537326442,38.12903564453188],[104.23099663628517,38.12951727973149],[104.23257758246586,38.131888156467596],[104.23820203993108,38.13153564453182],[104.23874240451448,38.1312421332471],[104.2406944444449,38.130937906901636],[104.24207573784781,38.1303042263462],[104.24168077256996,38.129625515408634]]]}},{"type":"Feature","id":"hydrolakes:1368854","properties":{"Hylak_id":1368854,"Lake_name":"","Country":"China","Continent":"Asia","Poly_src":"SWBD","Lake_type":1,"Grand_id":0,"Lake_area":0.16,"Shore_len":1.66,"Shore_dev":1.17,"Vol_total":0.17,"Vol_res":0.0,"Vol_src":3,"Depth_avg":1.0,"Dis_avg":0.0,"Res_time":-1.0,"Elevation":1360,"Slope_100":0.21,"Wshd_area":50.8,"Pour_long":104.810417,"Pour_lat":38.030926,"source_id":"hydrolakes:1368854","label":""},"geometry":{"type":"Polygon","coordinates":[[[104.8122330729172,38.02873725043469],[104.81166666666724,38.028055555556136],[104.81025336371579,38.02830742730106],[104.80969672309095,38.0292799207906],[104.80931857638956,38.03098510742245],[104.80820746527837,38.031670464410354],[104.80852430555609,38.03290378146755],[104.81161458333389,38.03254692925407],[104.81401475694503,38.02987074110314],[104.81365831163254,38.029053412544044],[104.8122330729172,38.02873725043469]]]}},{"type":"Feature","id":"hydrolakes:1368864","properties":{"Hylak_id":1368864,"Lake_name":"","Country":"China","Continent":"Asia","Poly_src":"SWBD","Lake_type":1,"Grand_id":0,"Lake_area":0.18,"Shore_len":2.34,"Shore_dev":1.55,"Vol_total":0.17,"Vol_res":0.0,"Vol_src":3,"Depth_avg":1.0,"Dis_avg":0.0,"Res_time":-1.0,"Elevation":1451,"Slope_100":0.17,"Wshd_area":32.5,"Pour_long":104.391768,"Pour_lat":38.025903,"source_id":"hydrolakes:1368864","label":""},"geometry":{"type":"Polygon","coordinates":[[[104.39197102864631,38.02610622829923],[104.39166666666716,38.02527777777851],[104.38957302517412,38.025406358507496],[104.38820475260479,38.02626030816026],[104.38545247395894,38.0265410698791],[104.38505642361162,38.028713107639476],[104.38153808593796,38.02907199435822],[104.38261230468811,38.03012858072975],[104.38516601562554,38.02979722764832],[104.38935384114643,38.02798556857698],[104.39197102864631,38.02610622829923]]]}},{"type":"Feature","id":"hydrolakes:1368922","properties":{"Hylak_id":1368922,"Lake_name":"","Country":"China","Continent":"Asia","Poly_src":"SWBD","Lake_type":1,"Grand_id":0,"Lake_area":0.43,"Shore_len":2.79,"Shore_dev":1.21,"Vol_total":1.02,"Vol_res":0.0,"Vol_src":3,"Depth_avg":2.4,"Dis_avg":0.0,"Res_time":-1.0,"Elevation":1468,"Slope_100":0.89,"Wshd_area":335.8,"Pour_long":104.264989,"Pour_lat":37.972317,"source_id":"hydrolakes:1368922","label":""},"geometry":{"type":"Polygon","coordinates":[[[104.26942057291723,37.96640760633744],[104.26888888888942,37.965555555556136],[104.26631239149361,37.9657709418409],[104.26568793402834,37.967415500217555],[104.26323404947982,37.96895263671939],[104.26317654079907,37.96966430664128],[104.26429524739632,37.97062784830791],[104.26376030816022,37.97126030816037],[104.26266764322969,37.97158935546935],[104.26258897569505,37.97256293402842],[104.264645724827,37.97347751193632],[104.26534993489639,37.97429524739641],[104.26626030816027,37.97403808593816],[104.26996582031296,37.97158270941901],[104.2698464626742,37.97009399414128],[104.27096191406315,37.969132758247156],[104.27070475260467,37.96846191406314],[104.27010796441039,37.96794759114641],[104.26942057291723,37.96640760633744]]]}},{"type":"Feature","id":"hydrolakes:1368961","properties":{"Hylak_id":1368961,"Lake_name":"","Country":"China","Continent":"Asia","Poly_src":"SWBD","Lake_type":1,"Grand_id":0,"Lake_area":0.3,"Shore_len":2.38,"Shore_dev":1.23,"Vol_total":2.29,"Vol_res":0.0,"Vol_src":3,"Depth_avg":7.6,"Dis_avg":1.068,"Res_time":24.9,"Elevation":2020,"Slope_100":11.0,"Wshd_area":1466.8,"Pour_long":102.229538,"Pour_lat":37.929494,"source_id":"hydrolakes:1368961","label":""},"geometry":{"type":"Polygon","coordinates":[[[102.23012125651081,37.925974256728125],[102.23017442491351,37.92554741753531],[102.22929009331637,37.924043104384225],[102.22900607638923,37.92304958767437],[102.22750000000042,37.92250000000064],[102.22591878255253,37.92262654622459],[102.22607638888923,37.92389227973149],[102.2256759982642,37.92457329644168],[102.22579752604213,37.9255504014763],[102.22406114366373,37.92533447265697],[102.22348768446227,37.92612291124192],[102.22512342664982,37.92765421549541],[102.22858968098996,37.92996744791725],[102.22981472439272,37.92981513129388],[102.23043565538262,37.92792290581656],[102.23012125651081,37.925974256728125]]]}},{"type":"Feature","id":"hydrolakes:1369076","properties":{"Hylak_id":1369076,"Lake_name":"","Country":"China","Continent":"Asia","Poly_src":"SWBD","Lake_type":1,"Grand_id":0,"Lake_area":0.5,"Shore_len":3.56,"Shore_dev":1.42,"Vol_total":3.71,"Vol_res":0.0,"Vol_src":3,"Depth_avg":7.4,"Dis_avg":0.226,"Res_time":189.8,"Elevation":1917,"Slope_100":8.82,"Wshd_area":856.2,"Pour_long":102.518082,"Pour_lat":37.792975,"source_id":"hydrolakes:1369076","label":""},"geometry":{"type":"Polygon","coordinates":[[[102.51500678168458,37.79442097981831],[102.51829589843788,37.79427463107703],[102.51927625868092,37.793177354601255],[102.51957546658042,37.791131184896415],[102.51790147569488,37.79061414930612],[102.51641004774348,37.79101359049537],[102.51497070312553,37.79000813802139],[102.51088026258714,37.790125189887874],[102.50986897786498,37.78957546658046],[102.50833333333378,37.78916666666731],[102.50454861111166,37.78959676106825],[102.50379177517414,37.79204711914127],[102.50543294270881,37.79309082031307],[102.5087575954866,37.79220038520032],[102.51053222656299,37.79357571072103],[102.51353271484408,37.79293470594672],[102.51500678168458,37.79442097981831]]]}},{"type":"Feature","id":"hydrolakes:1369198","properties":{"Hylak_id":1369198,"Lake_name":"","Country":"China","Continent":"Asia","Poly_src":"SWBD","Lake_type":1,"Grand_id":0,"Lake_area":0.51,"Shore_len":2.8,"Shore_dev":1.1,"Vol_total":0.77,"Vol_res":0.0,"Vol_src":3,"Depth_avg":1.5,"Dis_avg":0.0,"Res_time":-1.0,"Elevation":1280,"Slope_100":0.32,"Wshd_area":248.3,"Pour_long":105.000693,"Pour_lat":37.645154,"source_id":"hydrolakes:1369198","label":""},"geometry":{"type":"Polygon","coordinates":[[[104.99996473524368,37.644118652344275],[104.9989794921882,37.643420410156864],[104.99811360677137,37.64348985460123],[104.9975000000008,37.64277777777829],[104.99562174479223,37.64296929253533],[104.99362575954927,37.64538248697983],[104.99239149305612,37.64816270616376],[104.99355197482697,37.6495100911464],[104.99431749132003,37.64985161675412],[104.99427517361175,37.650380859375616],[104.99654134114638,37.65179524739642],[104.99709364149356,37.65153808593817],[104.99735080295204,37.650684136285406],[104.99977756076447,37.64889621310817],[105.00086642795213,37.648410373264426],[105.00179524739656,37.646205240885934],[105.0013183593756,37.644722764757546],[104.99996473524368,37.644118652344275]]]}},{"type":"Feature","id":"hydrolakes:1369252","properties":{"Hylak_id":1369252,"Lake_name":"","Country":"China","Continent":"Asia","Poly_src":"SWBD","Lake_type":1,"Grand_id":0,"Lake_area":0.66,"Shore_len":4.02,"Shore_dev":1.4,"Vol_total":2.2,"Vol_res":0.0,"Vol_src":3,"Depth_avg":3.4,"Dis_avg":0.014,"Res_time":1818.7,"Elevation":3197,"Slope_100":1.56,"Wshd_area":7.7,"Pour_long":101.341093,"Pour_lat":37.596897,"source_id":"hydrolakes:1369252","label":""},"geometry":{"type":"Polygon","coordinates":[[[101.34233303493966,37.590393880208865],[101.34194444444483,37.58916666666727],[101.34047485351607,37.58932318793455],[101.33903469509585,37.59065728081657],[101.33900553385433,37.591394042969284],[101.34093397352461,37.59230414496585],[101.3412581380212,37.59291666666735],[101.34062188042572,37.59411892361169],[101.34102810329904,37.59527777777839],[101.34021497938392,37.59759738498332],[101.34260918511325,37.59816758897631],[101.34551771375897,37.5996153428826],[101.34736273871567,37.60160644531311],[101.34885525173644,37.60263346354225],[101.34951361762177,37.60224745008753],[101.34987291124156,37.60148627387224],[101.35068752712709,37.60073160807343],[101.35007419162349,37.59782226562555],[101.34650349934941,37.593968370226264],[101.34384494357676,37.59225179036514],[101.34233303493966,37.590393880208865]]]}},{"type":"Feature","id":"hydrolakes:1369495","properties":{"Hylak_id":1369495,"Lake_name":"","Country":"China","Continent":"Asia","Poly_src":"SWBD","Lake_type":1,"Grand_id":0,"Lake_area":0.35,"Shore_len":2.66,"Shore_dev":1.27,"Vol_total":2.09,"Vol_res":0.0,"Vol_src":3,"Depth_avg":6.0,"Dis_avg":0.061,"Res_time":397.3,"Elevation":2276,"Slope_100":6.34,"Wshd_area":412.8,"Pour_long":102.961021,"Pour_lat":37.386414,"source_id":"hydrolakes:1369495","label":""},"geometry":{"type":"Polygon","coordinates":[[[102.9706144205735,37.3857845052089],[102.97075927734414,37.38436442057349],[102.96793158637189,37.384652506510974],[102.96666666666715,37.38416666666734],[102.96373725043446,37.38429280599007],[102.96250189887223,37.385000271267984],[102.96062391493103,37.385416666667254],[102.95954237196236,37.38649142795191],[102.95992431640667,37.38715820312558],[102.95984592013929,37.387925618490215],[102.96015407986152,37.388463270399825],[102.96004231770883,37.38955919053876],[102.96095703125042,37.38965250651091],[102.96215983072966,37.3889637586812],[102.96436550564289,37.38847466362904],[102.96679280599,37.38734836154566],[102.96804470486148,37.38707058376792],[102.9706144205735,37.3857845052089]]]}},{"type":"Feature","id":"hydrolakes:1369507","properties":{"Hylak_id":1369507,"Lake_name":"","Country":"China","Continent":"Asia","Poly_src":"SWBD","Lake_type":1,"Grand_id":0,"Lake_area":0.23,"Shore_len":2.49,"Shore_dev":1.46,"Vol_total":1.5,"Vol_res":0.0,"Vol_src":3,"Depth_avg":6.5,"Dis_avg":0.045,"Res_time":384.9,"Elevation":2270,"Slope_100":8.38,"Wshd_area":428.1,"Pour_long":102.930793,"Pour_lat":37.380369,"source_id":"hydrolakes:1369507","label":""},"geometry":{"type":"Polygon","coordinates":[[[102.927101508247,37.374495713976216],[102.92611111111154,37.37305555555605],[102.92524631076446,37.37330268012204],[102.92503851996565,37.37497422960121],[102.92626546224005,37.37595675998335],[102.92663655599006,37.37683783637209],[102.92765435112904,37.3779012044277],[102.9279012044276,37.37876546224021],[102.92867268880264,37.37938286675404],[102.93008246527819,37.38114366319496],[102.93165500217054,37.38206787109425],[102.93234564887223,37.381039767795755],[102.9304321289066,37.376790093316515],[102.9295678710941,37.376265462240156],[102.9286854383684,37.37516330295193],[102.927101508247,37.374495713976216]]]}},{"type":"Feature","id":"hydrolakes:1369873","properties":{"Hylak_id":1369873,"Lake_name":"","Country":"China","Continent":"Asia","Poly_src":"SWBD","Lake_type":1,"Grand_id":0,"Lake_area":0.72,"Shore_len":4.19,"Shore_dev":1.4,"Vol_total":2.51,"Vol_res":0.0,"Vol_src":3,"Depth_avg":3.5,"Dis_avg":1.348,"Res_time":21.6,"Elevation":3204,"Slope_100":1.66,"Wshd_area":375.8,"Pour_long":100.468829,"Pour_lat":37.072868,"source_id":"hydrolakes:1369873","label":""},"geometry":{"type":"Polygon","coordinates":[[[100.47219448513465,37.07096137152831],[100.47132731119808,37.069071994358126],[100.46776977539082,37.06777208116375],[100.46472222222258,37.06416666666729],[100.4627327473961,37.06443277994856],[100.46209710015228,37.065602484809574],[100.46200405544721,37.06716362847283],[100.46277438693602,37.06884195963596],[100.46478637695361,37.069678819445016],[100.46688178168449,37.06955403645901],[100.4666202799483,37.07394151475745],[100.47012858072941,37.07705783420187],[100.4709181722007,37.07710503472276],[100.47208787706182,37.07636094835124],[100.47445054796037,37.074249945747056],[100.47513108995241,37.07299750434083],[100.47482449001768,37.07126953125055],[100.47219448513465,37.07096137152831]]]}},{"type":"Feature","id":"hydrolakes:1369893","properties":{"Hylak_id":1369893,"Lake_name":"","Country":"China","Continent":"Asia","Poly_src":"SWBD","Lake_type":1,"Grand_id":0,"Lake_area":0.23,"Shore_len":2.63,"Shore_dev":1.56,"Vol_total":0.75,"Vol_res":0.0,"Vol_src":3,"Depth_avg":3.3,"Dis_avg":0.001,"Res_time":8652.1,"Elevation":3202,"Slope_100":2.09,"Wshd_area":0.7,"Pour_long":100.464187,"Pour_lat":37.059913,"source_id":"hydrolakes:1369893","label":""},"geometry":{"type":"Polygon","coordinates":[[[100.46316901312969,37.05238661024356],[100.46305555555574,37.05222222222278],[100.46198669433619,37.05280300564294],[100.46174560546893,37.053878580729645],[100.46228481716616,37.05465955946238],[100.46368543836826,37.05562662760474],[100.46413621690562,37.05670003255261],[100.46366197374175,37.05796766493103],[100.46266432020417,37.05949951171925],[100.46296522352458,37.06074951171922],[100.46429511176245,37.06178005642414],[100.46534050835533,37.061173231337364],[100.46559326171905,37.060045572917204],[100.4648865424266,37.05776557074705],[100.46511345757415,37.05705783420194],[100.46620266384565,37.05630588107687],[100.4658477105038,37.05472222222278],[100.4661541748049,37.05335503472287],[100.46504835340733,37.05263481987902],[100.46316901312969,37.05238661024356]]]}},{"type":"Feature","id":"hydrolakes:1369907","properties":{"Hylak_id":1369907,"Lake_name":"","Country":"China","Continent":"Asia","Poly_src":"SWBD","Lake_type":1,"Grand_id":0,"Lake_area":0.31,"Shore_len":3.0,"Shore_dev":1.51,"Vol_total":1.06,"Vol_res":0.0,"Vol_src":3,"Depth_avg":3.4,"Dis_avg":0.004,"Res_time":3058.2,"Elevation":2638,"Slope_100":1.98,"Wshd_area":33.4,"Pour_long":103.475448,"Pour_lat":37.04749,"source_id":"hydrolakes:1369907","label":""},"geometry":{"type":"Polygon","coordinates":[[[103.47608534071242,37.04697021484424],[103.47583333333387,37.046666666667136],[103.47420735677127,37.04679958767417],[103.4729380967886,37.04858615451457],[103.47154052734436,37.049448242187964],[103.47234836154576,37.050151638455475],[103.47401502821225,37.05077609592064],[103.47363254123303,37.05151421441013],[103.47123589409767,37.05194146050394],[103.4695960828999,37.05295274522621],[103.47039822048669,37.05376247829918],[103.47376274956645,37.05401502821235],[103.47524142795197,37.05457058376794],[103.47667751736157,37.05421603732691],[103.47729627821224,37.05313557942776],[103.47738823784772,37.052232801649836],[103.47695176866375,37.050745442709],[103.47608778211861,37.05002766927146],[103.47516004774366,37.04840766059078],[103.47679280598999,37.047699652778306],[103.47608534071242,37.04697021484424]]]}},{"type":"Feature","id":"hydrolakes:1369915","properties":{"Hylak_id":1369915,"Lake_name":"","Country":"China","Continent":"Asia","Poly_src":"SWBD","Lake_type":1,"Grand_id":0,"Lake_area":0.57,"Shore_len":3.28,"Shore_dev":1.22,"Vol_total":1.93,"Vol_res":0.0,"Vol_src":3,"Depth_avg":3.4,"Dis_avg":0.012,"Res_time":1863.4,"Elevation":3201,"Slope_100":1.63,"Wshd_area":6.5,"Pour_long":100.504364,"Pour_lat":37.044007,"source_id":"hydrolakes:1369915","label":""},"geometry":{"type":"Polygon","coordinates":[[[100.5031866455081,37.041257866753995],[100.50060458713142,37.04128824869838],[100.49825012207066,37.04452148437554],[100.49760240342897,37.04915418836856],[100.49865668402822,37.05256863064284],[100.50054056803407,37.05373318142415],[100.50221693250887,37.05079996744854],[100.50273668077278,37.04856608072964],[100.5045018174917,37.04636718750055],[100.50461446126337,37.04253363715327],[100.5031866455081,37.041257866753995]]]}},{"type":"Feature","id":"hydrolakes:1369998","properties":{"Hylak_id":1369998,"Lake_name":"","Country":"China","Continent":"Asia","Poly_src":"SWBD","Lake_type":1,"Grand_id":0,"Lake_area":0.6,"Shore_len":3.27,"Shore_dev":1.19,"Vol_total":4.99,"Vol_res":0.0,"Vol_src":3,"Depth_avg":8.3,"Dis_avg":0.395,"Res_time":146.2,"Elevation":2759,"Slope_100":10.49,"Wshd_area":207.5,"Pour_long":101.892018,"Pour_lat":36.966351,"source_id":"hydrolakes:1369998","label":""},"geometry":{"type":"Polygon","coordinates":[[[101.89040879991347,36.964591200087284],[101.88923461914112,36.96458387586853],[101.88846435546901,36.9656865776916],[101.88814819335965,36.96671061197975],[101.88683227539104,36.96731472439302],[101.88508626302132,36.96900092230959],[101.88484049479194,36.973124457465815],[101.8858375379777,36.9756355794276],[101.88744059244829,36.9762106662331],[101.88861965603348,36.97489122178871],[101.89231336805585,36.97325059678866],[101.8915101453997,36.97053656684079],[101.89285563151071,36.96678683810819],[101.89040879991347,36.964591200087284]]]}},{"type":"Feature","id":"hydrolakes:1370093","properties":{"Hylak_id":1370093,"Lake_name":"","Country":"China","Continent":"Asia","Poly_src":"SWBD","Lake_type":1,"Grand_id":0,"Lake_area":0.31,"Shore_len":2.81,"Shore_dev":1.43,"Vol_total":1.2,"Vol_res":0.0,"Vol_src":3,"Depth_avg":3.9,"Dis_avg":0.07,"Res_time":198.4,"Elevation":3201,"Slope_100":2.71,"Wshd_area":39.8,"Pour_long":100.658061,"Pour_lat":36.88003,"source_id":"hydrolakes:1370093","label":""},"geometry":{"type":"Polygon","coordinates":[[[100.66244676378057,36.87689643012203],[100.66138888888912,36.87555555555605],[100.65971693250901,36.87586751302143],[100.65854254828577,36.87691704644152],[100.65764668782583,36.87941351996591],[100.65795430501339,36.88092556423669],[100.66157382541275,36.88408257378518],[100.66409471299932,36.885131022135965],[100.66447462293866,36.88419297960115],[100.66364189995693,36.882378472222626],[100.66138203938823,36.88202636718796],[100.6609598795576,36.88124945746591],[100.66231825086845,36.87905219184074],[100.66244676378057,36.87689643012203]]]}},{"type":"Feature","id":"hydrolakes:1370102","properties":{"Hylak_id":1370102,"Lake_name":"","Country":"China","Continent":"Asia","Poly_src":"SWBD","Lake_type":1,"Grand_id":0,"Lake_area":0.24,"Shore_len":2.06,"Shore_dev":1.19,"Vol_total":0.84,"Vol_res":0.0,"Vol_src":3,"Depth_avg":3.5,"Dis_avg":0.073,"Res_time":132.7,"Elevation":3199,"Slope_100":2.32,"Wshd_area":42.2,"Pour_long":100.655805,"Pour_lat":36.869391,"source_id":"hydrolakes:1370102","label":""},"geometry":{"type":"Polygon","coordinates":[[[100.6579219563805,36.86985568576438],[100.65555555555574,36.86722222222289],[100.65458875868092,36.86740668402837],[100.65402248806441,36.8690223524311],[100.65375528971373,36.87069986979213],[100.653249986437,36.8716547309034],[100.65316962348112,36.87368082682343],[100.6537235514325,36.8748546006949],[100.65509053548215,36.87490885416719],[100.65723809136301,36.87226996527829],[100.65818915473113,36.87047254774359],[100.6579219563805,36.86985568576438]]]}},{"type":"Feature","id":"hydrolakes:1370143","properties":{"Hylak_id":1370143,"Lake_name":"","Country":"China","Continent":"Asia","Poly_src":"SWBD","Lake_type":1,"Grand_id":0,"Lake_area":0.27,"Shore_len":2.16,"Shore_dev":1.17,"Vol_total":1.82,"Vol_res":0.0,"Vol_src":3,"Depth_avg":6.8,"Dis_avg":0.16,"Res_time":131.8,"Elevation":2756,"Slope_100":8.86,"Wshd_area":53.9,"Pour_long":101.538117,"Pour_lat":36.835782,"source_id":"hydrolakes:1370143","label":""},"geometry":{"type":"Polygon","coordinates":[[[101.53679022895005,36.83376546224008],[101.53666666666692,36.833611111111566],[101.53482896592908,36.834136555990085],[101.53404758029558,36.834762098524834],[101.53374294704889,36.83548502604219],[101.52987643771746,36.83728922526086],[101.5303356933598,36.8390003797748],[101.53238118489634,36.8392548285596],[101.5364301215281,36.837963867187966],[101.53873467339452,36.83621012369838],[101.53807644314276,36.834795464410206],[101.53679022895005,36.83376546224008]]]}},{"type":"Feature","id":"hydrolakes:1370212","properties":{"Hylak_id":1370212,"Lake_name":"","Country":"China","Continent":"Asia","Poly_src":"SWBD","Lake_type":1,"Grand_id":0,"Lake_area":0.1,"Shore_len":1.6,"Shore_dev":1.41,"Vol_total":0.62,"Vol_res":0.0,"Vol_src":3,"Depth_avg":6.0,"Dis_avg":0.006,"Res_time":1190.4,"Elevation":2680,"Slope_100":9.27,"Wshd_area":2.6,"Pour_long":102.106544,"Pour_lat":36.768374,"source_id":"hydrolakes:1370212","label":""},"geometry":{"type":"Polygon","coordinates":[[[102.11001085069495,36.76550808376783],[102.10972222222267,36.7647222222227],[102.10881618923656,36.764994845920626],[102.10750678168432,36.76651502821227],[102.10431586371561,36.76918782552127],[102.10472846137185,36.76983940972275],[102.10551296658036,36.76990234375046],[102.10682779947979,36.76950629340325],[102.10903808593781,36.7670936414936],[102.11001085069495,36.76550808376783]]]}},{"type":"Feature","id":"hydrolakes:1370384","properties":{"Hylak_id":1370384,"Lake_name":"","Country":"China","Continent":"Asia","Poly_src":"SWBD","Lake_type":1,"Grand_id":0,"Lake_area":0.91,"Shore_len":4.33,"Shore_dev":1.28,"Vol_total":4.4,"Vol_res":0.0,"Vol_src":3,"Depth_avg":4.8,"Dis_avg":0.0,"Res_time":-1.0,"Elevation":1729,"Slope_100":2.98,"Wshd_area":3.8,"Pour_long":104.255343,"Pour_lat":36.569369,"source_id":"hydrolakes:1370384","label":""},"geometry":{"type":"Polygon","coordinates":[[[104.25735351562554,36.57474338107676],[104.25706651475747,36.57364800347273],[104.25547471788246,36.57249267578169],[104.25504340277837,36.57129096137203],[104.25652018229215,36.56997151692764],[104.25572428385476,36.567926703559465],[104.25440755208399,36.56784830729231],[104.25191623263942,36.5687421332471],[104.25068684895888,36.568480088976116],[104.24861111111164,36.56638888888932],[104.24624240451436,36.566519911024784],[104.24295410156304,36.56753662109429],[104.24248969184089,36.569269205729654],[104.24382866753518,36.5711854383685],[104.24455078125061,36.574290635851185],[104.24736165364652,36.574790039062975],[104.2488357204868,36.57376057942753],[104.2501958550352,36.57449951171935],[104.2523920355909,36.574909396701855],[104.25467285156304,36.57624213324698],[104.25514648437581,36.57598008897634],[104.25568684895893,36.575131022135906],[104.25735351562554,36.57474338107676]]]}},{"type":"Feature","id":"hydrolakes:1370413","properties":{"Hylak_id":1370413,"Lake_name":"","Country":"China","Continent":"Asia","Poly_src":"SWBD","Lake_type":1,"Grand_id":0,"Lake_area":0.36,"Shore_len":3.1,"Shore_dev":1.46,"Vol_total":2.39,"Vol_res":0.0,"Vol_src":3,"Depth_avg":6.7,"Dis_avg":0.005,"Res_time":5536.3,"Elevation":2638,"Slope_100":7.81,"Wshd_area":3.1,"Pour_long":101.509789,"Pour_lat":36.527076,"source_id":"hydrolakes:1370413","label":""},"geometry":{"type":"Polygon","coordinates":[[[101.50985324435788,36.52209120008723],[101.50872328016516,36.52130181206661],[101.5064040798614,36.52192301432348],[101.50277777777802,36.5216666666671],[101.50435560438405,36.52343261718801],[101.50658108181455,36.524119737413685],[101.50824069552976,36.52569146050405],[101.50787868923658,36.528413085937984],[101.50941365559919,36.53013102213595],[101.51080417209243,36.52894883897625],[101.51183403862888,36.527619900174045],[101.51098008897611,36.52685682508735],[101.5112495930992,36.525082465278274],[101.51263102213574,36.52310465494844],[101.51191718207508,36.522571343316486],[101.50985324435788,36.52209120008723]]]}},{"type":"Feature","id":"hydrolakes:1370433","properties":{"Hylak_id":1370433,"Lake_name":"","Country":"China","Continent":"Asia","Poly_src":"SWBD","Lake_type":1,"Grand_id":0,"Lake_area":0.13,"Shore_len":1.58,"Shore_dev":1.22,"Vol_total":0.62,"Vol_res":0.0,"Vol_src":3,"Depth_avg":4.7,"Dis_avg":19.813,"Res_time":0.4,"Elevation":1845,"Slope_100":5.08,"Wshd_area":14880.2,"Pour_long":102.867124,"Pour_lat":36.499054,"source_id":"hydrolakes:1370433","label":""},"geometry":{"type":"Polygon","coordinates":[[[102.86676893446219,36.497364366319914],[102.86583333333397,36.49611111111159],[102.86464165581634,36.49644287109419],[102.8642632378477,36.49740505642404],[102.86456542968784,36.498490125868614],[102.86534288194485,36.49977918836851],[102.86532633463594,36.50144449869839],[102.86608913845527,36.5019048394102],[102.86787272135473,36.50140814887203],[102.86807074652847,36.5000689019102],[102.86676893446219,36.497364366319914]]]}},{"type":"Feature","id":"hydrolakes:1370443","properties":{"Hylak_id":1370443,"Lake_name":"","Country":"China","Continent":"Asia","Poly_src":"SWBD","Lake_type":2,"Grand_id":5059,"Lake_area":0.4,"Shore_len":4.21,"Shore_dev":1.87,"Vol_total":13.1,"Vol_res":13.1,"Vol_src":2,"Depth_avg":32.7,"Dis_avg":0.001,"Res_time":151620.4,"Elevation":2636,"Slope_100":6.97,"Wshd_area":0.9,"Pour_long":101.598958,"Pour_lat":36.492469,"source_id":"hydrolakes:1370443","label":""},"geometry":{"type":"Polygon","coordinates":[[[101.60595147026947,36.493263617622006],[101.60211385091173,36.49207845052132],[101.59993584526961,36.49178738064279],[101.59811279296906,36.49051378038246],[101.5964158799917,36.49112277560806],[101.59416666666709,36.48972222222278],[101.59151991102476,36.49013102213604],[101.59089586046048,36.49074788411508],[101.58704264322955,36.49014946831642],[101.58709526909746,36.491034613715726],[101.5891259765628,36.491966688368564],[101.59315524631103,36.49149088541719],[101.59526217990492,36.49279351128524],[101.5976340060767,36.49323621961855],[101.5987216525611,36.493171386719325],[101.60226589626791,36.494671766493525],[101.6040694173181,36.49655002170192],[101.6049938964847,36.49649495442765],[101.60607218424508,36.49528835720537],[101.60595147026947,36.493263617622006]]]}},{"type":"Feature","id":"hydrolakes:1370538","properties":{"Hylak_id":1370538,"Lake_name":"","Country":"China","Continent":"Asia","Poly_src":"SWBD","Lake_type":1,"Grand_id":0,"Lake_area":0.95,"Shore_len":5.04,"Shore_dev":1.46,"Vol_total":2.42,"Vol_res":0.0,"Vol_src":3,"Depth_avg":2.5,"Dis_avg":0.098,"Res_time":285.5,"Elevation":3176,"Slope_100":0.78,"Wshd_area":192.9,"Pour_long":100.812179,"Pour_lat":36.369634,"source_id":"hydrolakes:1370538","label":""},"geometry":{"type":"Polygon","coordinates":[[[100.82373697916688,36.370058865017825],[100.82179768880246,36.36931342230952],[100.82070963541707,36.368252495660215],[100.82013929579017,36.367009819878945],[100.81904296875024,36.366030273438014],[100.81875786675374,36.36540879991361],[100.8151699490021,36.36305040147619],[100.81500000000023,36.36250000000041],[100.81255452473982,36.36259250217057],[100.811621636285,36.364059244792145],[100.81125786675386,36.36491238064292],[100.81204752604208,36.36561821831657],[100.81290730794302,36.366969943576976],[100.81318657769134,36.368692220052594],[100.81153564453149,36.36988552517403],[100.81274074978325,36.36981363932347],[100.8132625325523,36.37150363498307],[100.8140785047745,36.36972574869833],[100.81518554687528,36.37032714843809],[100.81516031901083,36.372027180990074],[100.81480834960956,36.373675130208824],[100.81543185763928,36.37491916232682],[100.81600531684069,36.375431586371974],[100.81511284722262,36.37622884114626],[100.81515842013908,36.37699490017411],[100.81888481987875,36.37677273220527],[100.82008816189256,36.37488064236152],[100.82294121636306,36.37263454861153],[100.82290635850734,36.37204833984424],[100.82380750868077,36.37124294704904],[100.82373697916688,36.370058865017825]]]}},{"type":"Feature","id":"hydrolakes:1370587","properties":{"Hylak_id":1370587,"Lake_name":"","Country":"China","Continent":"Asia","Poly_src":"SWBD","Lake_type":1,"Grand_id":0,"Lake_area":0.17,"Shore_len":1.71,"Shore_dev":1.17,"Vol_total":1.13,"Vol_res":0.0,"Vol_src":3,"Depth_avg":6.6,"Dis_avg":0.057,"Res_time":229.0,"Elevation":2706,"Slope_100":9.65,"Wshd_area":32.5,"Pour_long":102.376717,"Pour_lat":36.297425,"source_id":"hydrolakes:1370587","label":""},"geometry":{"type":"Polygon","coordinates":[[[102.37596191406288,36.29487141927143],[102.3758333333339,36.29472222222273],[102.37477810329915,36.29519070095529],[102.37181586371571,36.29573106553869],[102.37207302517396,36.296260308160186],[102.37429524739628,36.29792697482691],[102.3765676540803,36.299242892795576],[102.37804036458385,36.29858588324703],[102.37920166015664,36.29758517795187],[102.37596191406288,36.29487141927143]]]}},{"type":"Feature","id":"hydrolakes:1370591","properties":{"Hylak_id":1370591,"Lake_name":"","Country":"China","Continent":"Asia","Poly_src":"SWBD","Lake_type":1,"Grand_id":0,"Lake_area":0.11,"Shore_len":1.46,"Shore_dev":1.22,"Vol_total":0.75,"Vol_res":0.0,"Vol_src":3,"Depth_avg":6.6,"Dis_avg":0.11,"Res_time":78.5,"Elevation":2355,"Slope_100":11.03,"Wshd_area":79.1,"Pour_long":102.497039,"Pour_lat":36.291816,"source_id":"hydrolakes:1370591","label":""},"geometry":{"type":"Polygon","coordinates":[[[102.49770914713582,36.28817572699694],[102.49750000000034,36.286944444444885],[102.49572292751776,36.287083604601094],[102.49539442274374,36.287628038194896],[102.49556043836856,36.28875000000045],[102.49534016927117,36.29024088541718],[102.49626491970542,36.29178683810812],[102.49788438585102,36.2921622721359],[102.49782036675401,36.29101508246572],[102.49826470269142,36.289096950955354],[102.49770914713582,36.28817572699694]]]}},{"type":"Feature","id":"hydrolakes:1370594","properties":{"Hylak_id":1370594,"Lake_name":"","Country":"China","Continent":"Asia","Poly_src":"SWBD","Lake_type":1,"Grand_id":0,"Lake_area":0.83,"Shore_len":3.71,"Shore_dev":1.15,"Vol_total":5.85,"Vol_res":0.0,"Vol_src":3,"Depth_avg":7.1,"Dis_avg":0.001,"Res_time":67675.5,"Elevation":2892,"Slope_100":6.8,"Wshd_area":2.9,"Pour_long":100.108621,"Pour_lat":36.287859,"source_id":"hydrolakes:1370594","label":""},"geometry":{"type":"Polygon","coordinates":[[[100.09891109890441,36.290451117621956],[100.10065460205101,36.29007866753523],[100.10306342230945,36.290222167969205],[100.10571553548192,36.288780924479795],[100.10863193088142,36.28832655164979],[100.10957553439692,36.28673746744835],[100.10820224338136,36.28450249566026],[100.1087735663524,36.283451063368545],[100.1087586466474,36.28207682291713],[100.10833333333369,36.28138888888947],[100.10485850016295,36.28146972656293],[100.10273800320124,36.281846516927544],[100.09656005859404,36.28714436849009],[100.09514668782583,36.28883083767403],[100.09609032524986,36.289673936632425],[100.09891109890441,36.290451117621956]]]}},{"type":"Feature","id":"hydrolakes:1370752","properties":{"Hylak_id":1370752,"Lake_name":"","Country":"China","Continent":"Asia","Poly_src":"SWBD","Lake_type":1,"Grand_id":0,"Lake_area":0.32,"Shore_len":3.56,"Shore_dev":1.78,"Vol_total":2.41,"Vol_res":0.0,"Vol_src":3,"Depth_avg":7.6,"Dis_avg":0.011,"Res_time":2533.4,"Elevation":2146,"Slope_100":10.66,"Wshd_area":28.1,"Pour_long":102.796352,"Pour_lat":36.146729,"source_id":"hydrolakes:1370752","label":""},"geometry":{"type":"Polygon","coordinates":[[[102.79678222656304,36.14488444010465],[102.79388888888946,36.13944444444485],[102.79315104166704,36.13958224826433],[102.79221110026077,36.14063422309073],[102.7937418619797,36.14200195312549],[102.79401991102469,36.14327528211862],[102.7933666992194,36.14447753906296],[102.7910365125872,36.1436943901914],[102.78861056857676,36.14237603081659],[102.78697319878529,36.14209120008729],[102.7865356445318,36.14274522569485],[102.79514648437538,36.147696397569916],[102.79691351996576,36.14759114583376],[102.79790879991361,36.14589138454909],[102.79678222656304,36.14488444010465]]]}},{"type":"Feature","id":"hydrolakes:1370789","properties":{"Hylak_id":1370789,"Lake_name":"","Country":"China","Continent":"Asia","Poly_src":"SWBD","Lake_type":1,"Grand_id":0,"Lake_area":0.19,"Shore_len":2.52,"Shore_dev":1.64,"Vol_total":0.52,"Vol_res":0.0,"Vol_src":3,"Depth_avg":2.8,"Dis_avg":758.854,"Res_time":0.1,"Elevation":1527,"Slope_100":1.53,"Wshd_area":224133.4,"Pour_long":103.662888,"Pour_lat":36.112148,"source_id":"hydrolakes:1370789","label":""},"geometry":{"type":"Polygon","coordinates":[[[103.66405002170183,36.112363009983085],[103.6636111111116,36.11166666666708],[103.66245307074695,36.111873101128936],[103.66098497178865,36.1129294162331],[103.65990695529564,36.11339708116367],[103.65957058376785,36.11429280599003],[103.65930338541727,36.11814670138932],[103.65831163194514,36.12047281901084],[103.65893771701434,36.12122667100738],[103.65955023871595,36.121289062500466],[103.66077962239638,36.11784803602478],[103.66262613932332,36.11401502821235],[103.66405002170183,36.112363009983085]]]}},{"type":"Feature","id":"hydrolakes:1370813","properties":{"Hylak_id":1370813,"Lake_name":"","Country":"China","Continent":"Asia","Poly_src":"SWBD","Lake_type":1,"Grand_id":0,"Lake_area":0.23,"Shore_len":2.39,"Shore_dev":1.42,"Vol_total":0.58,"Vol_res":0.0,"Vol_src":3,"Depth_avg":2.6,"Dis_avg":0.001,"Res_time":6725.4,"Elevation":1532,"Slope_100":1.24,"Wshd_area":5.2,"Pour_long":103.6681,"Pour_lat":36.089214,"source_id":"hydrolakes:1370813","label":""},"geometry":{"type":"Polygon","coordinates":[[[103.66430202908043,36.09432590060811],[103.66457628038239,36.09401909722271],[103.6653578016498,36.09406575520876],[103.66627766927132,36.09324354383722],[103.66623969184081,36.09260389539975],[103.66826551649365,36.09056504991378],[103.67034450954918,36.089500325521385],[103.669678005643,36.08804850260458],[103.66750000000042,36.08555555555597],[103.66596435546916,36.08790879991358],[103.66570231119852,36.08931342230949],[103.66448594835111,36.091648220486604],[103.6648735894102,36.092362196181],[103.66403564453168,36.093562011719314],[103.66430202908043,36.09432590060811]]]}},{"type":"Feature","id":"hydrolakes:1370851","properties":{"Hylak_id":1370851,"Lake_name":"","Country":"China","Continent":"Asia","Poly_src":"SWBD","Lake_type":1,"Grand_id":0,"Lake_area":0.16,"Shore_len":1.67,"Shore_dev":1.17,"Vol_total":1.18,"Vol_res":0.0,"Vol_src":3,"Depth_avg":7.3,"Dis_avg":0.423,"Res_time":32.2,"Elevation":2705,"Slope_100":11.99,"Wshd_area":261.4,"Pour_long":102.281884,"Pour_lat":36.056943,"source_id":"hydrolakes:1370851","label":""},"geometry":{"type":"Polygon","coordinates":[[[102.28262858072969,36.055426974826844],[102.28250000000031,36.05527777777826],[102.28066487630258,36.05546495225735],[102.28074517144148,36.05646565755268],[102.28021701388934,36.0574123806428],[102.28106987847275,36.06054551866367],[102.28276557074696,36.06149169921923],[102.28380072699684,36.05952121310804],[102.28377360026076,36.05748399522611],[102.283395182292,36.05622775607685],[102.28262858072969,36.055426974826844]]]}},{"type":"Feature","id":"hydrolakes:1370857","properties":{"Hylak_id":1370857,"Lake_name":"","Country":"China","Continent":"Asia","Poly_src":"SWBD","Lake_type":1,"Grand_id":0,"Lake_area":0.17,"Shore_len":1.6,"Shore_dev":1.08,"Vol_total":0.32,"Vol_res":0.0,"Vol_src":3,"Depth_avg":1.8,"Dis_avg":0.001,"Res_time":3662.8,"Elevation":1510,"Slope_100":0.67,"Wshd_area":2.4,"Pour_long":103.915694,"Pour_lat":36.050389,"source_id":"hydrolakes:1370857","label":""},"geometry":{"type":"Polygon","coordinates":[[[103.91790934244835,36.05153645833377],[103.91956922743111,36.05153591579909],[103.9204131401915,36.050725097656766],[103.920443522136,36.04924479166709],[103.91972222222267,36.048055555556004],[103.91470838758744,36.04823730468797],[103.91412217881992,36.04937554253519],[103.9153599717888,36.050663791233035],[103.91790934244835,36.05153645833377]]]}},{"type":"Feature","id":"hydrolakes:1371041","properties":{"Hylak_id":1371041,"Lake_name":"","Country":"China","Continent":"Asia","Poly_src":"SWBD","Lake_type":1,"Grand_id":0,"Lake_area":0.15,"Shore_len":1.78,"Shore_dev":1.27,"Vol_total":0.89,"Vol_res":0.0,"Vol_src":3,"Depth_avg":5.8,"Dis_avg":0.001,"Res_time":10329.1,"Elevation":1981,"Slope_100":7.51,"Wshd_area":0.9,"Pour_long":102.320466,"Pour_lat":35.903928,"source_id":"hydrolakes:1371041","label":""},"geometry":{"type":"Polygon","coordinates":[[[102.32345079210103,35.905403645833815],[102.32428765191037,35.904274902344184],[102.3237548828128,35.90400336371573],[102.32232340494818,35.904420572917104],[102.32111111111158,35.9036111111115],[102.31988850911512,35.90376057942751],[102.31906765408024,35.9043939887157],[102.31833821614617,35.90625000000051],[102.31806640625035,35.90808865017402],[102.31903266059061,35.9086713324657],[102.32008517795191,35.907307400174034],[102.32126790364617,35.90682345920192],[102.32345079210103,35.905403645833815]]]}},{"type":"Feature","id":"hydrolakes:1371136","properties":{"Hylak_id":1371136,"Lake_name":"","Country":"China","Continent":"Asia","Poly_src":"SWBD","Lake_type":1,"Grand_id":0,"Lake_area":0.14,"Shore_len":1.75,"Shore_dev":1.3,"Vol_total":0.97,"Vol_res":0.0,"Vol_src":3,"Depth_avg":6.7,"Dis_avg":0.02,"Res_time":559.4,"Elevation":2170,"Slope_100":10.39,"Wshd_area":32.6,"Pour_long":102.266964,"Pour_lat":35.817365,"source_id":"hydrolakes:1371136","label":""},"geometry":{"type":"Polygon","coordinates":[[[102.26751573350731,35.81625461154556],[102.2672222222227,35.81555555555599],[102.26622450086847,35.81566894531289],[102.2642418077262,35.8182120768235],[102.26392089843779,35.819643825955325],[102.26441216362883,35.82035536024347],[102.2665679253476,35.82178005642402],[102.26789035373298,35.82150634765662],[102.2679991319448,35.821020507812875],[102.26714165581637,35.819914008247],[102.26671115451438,35.81888888888932],[102.26751573350731,35.81625461154556]]]}},{"type":"Feature","id":"hydrolakes:1371269","properties":{"Hylak_id":1371269,"Lake_name":"","Country":"China","Continent":"Asia","Poly_src":"SWBD","Lake_type":1,"Grand_id":0,"Lake_area":0.83,"Shore_len":3.54,"Shore_dev":1.1,"Vol_total":5.04,"Vol_res":0.0,"Vol_src":3,"Depth_avg":6.1,"Dis_avg":0.107,"Res_time":544.6,"Elevation":2106,"Slope_100":5.0,"Wshd_area":129.6,"Pour_long":104.221835,"Pour_lat":35.679473,"source_id":"hydrolakes:1371269","label":""},"geometry":{"type":"Polygon","coordinates":[[[104.21735351562563,35.672646755642745],[104.21620876736176,35.67263563368101],[104.2151909722229,35.67377441406296],[104.21071343316027,35.67572428385466],[104.20914876302135,35.677963867187884],[104.21165364583396,35.67936387803866],[104.21308376736181,35.6809643554692],[104.21810980902825,35.680657009549066],[104.21957573784772,35.68013102213587],[104.22188693576442,35.679770779080286],[104.22402018229212,35.67841444227474],[104.22371961805618,35.67592475043443],[104.22153537326449,35.67401991102474],[104.21848198784772,35.67336452908029],[104.21735351562563,35.672646755642745]]]}},{"type":"Feature","id":"hydrolakes:1371501","properties":{"Hylak_id":1371501,"Lake_name":"","Country":"China","Continent":"Asia","Poly_src":"SWBD","Lake_type":1,"Grand_id":0,"Lake_area":0.15,"Shore_len":1.85,"Shore_dev":1.34,"Vol_total":0.8,"Vol_res":0.0,"Vol_src":3,"Depth_avg":5.2,"Dis_avg":0.051,"Res_time":181.6,"Elevation":2197,"Slope_100":6.18,"Wshd_area":28.5,"Pour_long":103.359263,"Pour_lat":35.499391,"source_id":"hydrolakes:1371501","label":""},"geometry":{"type":"Polygon","coordinates":[[[103.35901746961844,35.498760308160115],[103.3588888888894,35.49861111111153],[103.35445475260474,35.499086100260854],[103.35391628689297,35.50105360243094],[103.35463731553858,35.50189046223994],[103.3563631184901,35.50101562500049],[103.36207302517414,35.50007921006983],[103.36181586371566,35.499017469618536],[103.35901746961844,35.498760308160115]]]}},{"type":"Feature","id":"hydrolakes:1372021","properties":{"Hylak_id":1372021,"Lake_name":"","Country":"China","Continent":"Asia","Poly_src":"SWBD","Lake_type":1,"Grand_id":0,"Lake_area":0.21,"Shore_len":2.13,"Shore_dev":1.31,"Vol_total":1.36,"Vol_res":0.0,"Vol_src":3,"Depth_avg":6.5,"Dis_avg":0.162,"Res_time":97.4,"Elevation":2225,"Slope_100":8.77,"Wshd_area":42.0,"Pour_long":104.222284,"Pour_lat":35.022654,"source_id":"hydrolakes:1372021","label":""},"geometry":{"type":"Polygon","coordinates":[[[104.21578667534766,35.019629991319846],[104.21472222222275,35.01944444444479],[104.21490776909764,35.02009331597253],[104.21602105034788,35.02148383246566],[104.2176236979173,35.02265407986147],[104.2196690538201,35.02319769965328],[104.22054361979235,35.024290364583806],[104.22289984809106,35.0240142144101],[104.22373480902826,35.02287163628506],[104.22300889756997,35.02132649739616],[104.22039605034769,35.02094618055594],[104.21578667534766,35.019629991319846]]]}},{"type":"Feature","id":"hydrolakes:1372031","properties":{"Hylak_id":1372031,"Lake_name":"","Country":"China","Continent":"Asia","Poly_src":"SWBD","Lake_type":1,"Grand_id":0,"Lake_area":0.61,"Shore_len":6.09,"Shore_dev":2.19,"Vol_total":7.92,"Vol_res":0.0,"Vol_src":3,"Depth_avg":12.9,"Dis_avg":0.177,"Res_time":518.1,"Elevation":2595,"Slope_100":26.02,"Wshd_area":56.0,"Pour_long":103.63194,"Pour_lat":35.014648,"source_id":"hydrolakes:1372031","label":""},"geometry":{"type":"Polygon","coordinates":[[[103.63711452908029,35.02211046006977],[103.63658501519143,35.021161024306025],[103.63582872178881,35.021795247396085],[103.63364773220547,35.020994466146135],[103.63376166449694,35.019575737847674],[103.63238254123308,35.016374782986475],[103.63374457465324,35.01520128038237],[103.63414469401096,35.013872612847706],[103.63305555555621,35.011666666667054],[103.63179660373311,35.01179361979217],[103.63126329210132,35.01241265191004],[103.63044759114626,35.01600314670179],[103.62969401041715,35.01665256076433],[103.63032931857697,35.01956597222261],[103.63157714843828,35.02077419704892],[103.63145697699713,35.02226942274342],[103.6326491970492,35.02262858072953],[103.63477728949698,35.024028862847615],[103.63512858072977,35.027093641493366],[103.6360245768235,35.028237847222556],[103.63591851128518,35.02955620659759],[103.63675591362897,35.03027777777811],[103.63521213107697,35.03160753038236],[103.63479709201442,35.032537977430934],[103.6348890516499,35.033680013021296],[103.63663872612904,35.03303765191009],[103.63828830295182,35.03200792100728],[103.63929524739632,35.03101236979205],[103.63818413628513,35.02959364149342],[103.637926974827,35.02873969184077],[103.63746771918466,35.028344184028185],[103.63816514756985,35.02644476996568],[103.63687065972283,35.025147569444755],[103.63711452908029,35.02211046006977]]]}}]}