{"type":"FeatureCollection","features":[{"type":"Feature","id":"hydrolakes:164056","properties":{"Hylak_id":164056,"Lake_name":"","Country":"Russia","Continent":"Europe","Poly_src":"SWBD","Lake_type":1,"Grand_id":0,"Lake_area":1.89,"Shore_len":9.06,"Shore_dev":1.86,"Vol_total":4.06,"Vol_res":0.0,"Vol_src":3,"Depth_avg":2.2,"Dis_avg":7.114,"Res_time":6.6,"Elevation":431,"Slope_100":0.98,"Wshd_area":1016.4,"Pour_long":102.50104,"Pour_lat":53.543181,"source_id":"hydrolakes:164056","label":""},"geometry":{"type":"Polygon","coordinates":[[[102.46763617621593,53.54666395399357],[102.46895697699699,53.546391601562846],[102.47166286892411,53.54756239149344],[102.4749047851567,53.54749620225738],[102.47884060329892,53.54607042100736],[102.48467041015653,53.54618950737881],[102.48304416232679,53.544583333333776],[102.48388346354216,53.5437445746532],[102.48596950954902,53.54303656684067],[102.4845860460074,53.5410655381948],[102.49265787760464,53.54028049045178],[102.49347493489614,53.54110839843793],[102.49430284288258,53.542780490451776],[102.49516493055586,53.54363064236145],[102.49936306423649,53.54526936848998],[102.5011507161463,53.54465738932328],[102.50180826822947,53.54361382378511],[102.50208062066002,53.54248101128525],[102.5015250651046,53.541947157118614],[102.50125271267399,53.54110839843793],[102.49958604600738,53.539163953993466],[102.49613498263932,53.538230523003904],[102.49374728732687,53.53666937934065],[102.4934491644969,53.53544677734419],[102.49166124131989,53.53486653645871],[102.49111111111148,53.53429416232677],[102.4906971571184,53.53472493489619],[102.4874791124135,53.53517415364627],[102.48327256944498,53.534696451823436],[102.483055555556,53.534027777778135],[102.4810853407123,53.53420301649345],[102.48041395399338,53.53527506510454],[102.48014160156305,53.536947157118504],[102.4793028428823,53.537219509549004],[102.47903049045175,53.53778049045172],[102.47843153211852,53.53805284288228],[102.47666666666709,53.53744873046912],[102.47564995659764,53.5377967664935],[102.47344156901073,53.53779269748304],[102.47208062066005,53.53888617621584],[102.4718082682295,53.53946343316011],[102.47263373480934,53.54025661892399],[102.46930284288231,53.540552842882335],[102.46903049045181,53.54176866319483],[102.470141601563,53.542497287326796],[102.47041395399356,53.54324788411515],[102.46773111979212,53.544245876736454],[102.467001681858,53.54535074869847],[102.46398708767384,53.545830620660126],[102.46178602430592,53.54528103298662],[102.46125271267408,53.54583604600731],[102.45819173177125,53.54638617621583],[102.45791937934075,53.546616210937884],[102.46434624566012,53.54777506510459],[102.46763617621593,53.54666395399357]]]}},{"type":"Feature","id":"hydrolakes:164093","properties":{"Hylak_id":164093,"Lake_name":"","Country":"Russia","Continent":"Europe","Poly_src":"SWBD","Lake_type":1,"Grand_id":0,"Lake_area":1.02,"Shore_len":5.66,"Shore_dev":1.58,"Vol_total":3.93,"Vol_res":0.0,"Vol_src":3,"Depth_avg":3.8,"Dis_avg":5.909,"Res_time":7.7,"Elevation":453,"Slope_100":2.4,"Wshd_area":777.4,"Pour_long":102.367575,"Pour_lat":53.50626,"source_id":"hydrolakes:164093","label":""},"geometry":{"type":"Polygon","coordinates":[[[102.36847493489614,53.50722493489627],[102.3687472873267,53.50532823350733],[102.36363362630237,53.50422743055594],[102.35985839843795,53.50389160156294],[102.35680826822949,53.50249728732689],[102.35541395399355,53.50222493489616],[102.3552777777781,53.50180555555596],[102.3493028428822,53.50194173177118],[102.34329481336846,53.50288818359411],[102.34260742187541,53.5021972656254],[102.34123046875044,53.50222547743101],[102.34068115234425,53.50279730902827],[102.33789713541717,53.50278103298655],[102.33736382378498,53.50333604600735],[102.33560519748295,53.503679470486475],[102.33379638671903,53.503060167101125],[102.33347493489617,53.50482421875034],[102.33463053385458,53.50558186848997],[102.3366916232643,53.50625081380247],[102.34434624566,53.50666395399344],[102.34632921006977,53.50598524305599],[102.35289089626764,53.506118977865015],[102.35808295355929,53.50828613281294],[102.36285481770881,53.50864529079905],[102.36622043185793,53.50933458116356],[102.36652506510455,53.50777506510457],[102.36847493489614,53.50722493489627]]]}},{"type":"Feature","id":"hydrolakes:164369","properties":{"Hylak_id":164369,"Lake_name":"","Country":"Russia","Continent":"Europe","Poly_src":"SWBD","Lake_type":1,"Grand_id":0,"Lake_area":3.28,"Shore_len":10.64,"Shore_dev":1.66,"Vol_total":18.78,"Vol_res":0.0,"Vol_src":3,"Depth_avg":5.7,"Dis_avg":1.245,"Res_time":174.6,"Elevation":467,"Slope_100":2.55,"Wshd_area":150.5,"Pour_long":102.221838,"Pour_lat":53.202083,"source_id":"hydrolakes:164369","label":""},"geometry":{"type":"Polygon","coordinates":[[[102.18959364149333,53.22501030816011],[102.18985080295175,53.224156358507344],[102.19429524739621,53.219711914062884],[102.19737141927118,53.21945475260458],[102.20040635850722,53.21498969184063],[102.20331271701434,53.21206271701425],[102.20873969184055,53.211100802951705],[102.21538709852456,53.2108341471357],[102.21681586371557,53.21001030816012],[102.21873969184054,53.207767469618375],[102.22129937066029,53.207070583767745],[102.22237141927121,53.20639919704894],[102.22262858072946,53.205267469618434],[102.2229269748268,53.20501030816018],[102.22318413628506,53.20276746961838],[102.22348253038223,53.20251030816013],[102.22373969184054,53.20110080295177],[102.22485080295178,53.20040473090319],[102.22459364149341,53.19998969184064],[102.22250000000025,53.19958333333375],[102.21818413628512,53.1997119140629],[102.21626030815997,53.20056586371567],[102.20709038628507,53.202149793837066],[102.20373969184055,53.20304524739623],[102.20292697482682,53.20473253038233],[102.20054877387184,53.205379774305925],[102.1990380859379,53.206954752604645],[102.19429524739621,53.20832302517391],[102.19292697482666,53.2105658637156],[102.19181586371576,53.21167697482673],[102.1861178927955,53.21573133680607],[102.18314507378506,53.21654052734414],[102.1820730251739,53.21721191406294],[102.18106119791696,53.218296983507344],[102.1759619140629,53.219156358507405],[102.17570475260453,53.2208436414935],[102.17485080295188,53.22110080295187],[102.17403849283903,53.221877441406605],[102.17579657660616,53.2224066840281],[102.17681586371566,53.22304524739633],[102.17848253038227,53.22471191406282],[102.1788171386724,53.22582302517395],[102.18014919704899,53.22556586371559],[102.18062784830755,53.22501030816011],[102.18625325520867,53.22602430555588],[102.18654106987884,53.22915635850734],[102.18903808593814,53.22612141927118],[102.18929524739616,53.225267469618416],[102.18959364149333,53.22501030816011]]]}},{"type":"Feature","id":"hydrolakes:164743","properties":{"Hylak_id":164743,"Lake_name":"","Country":"Russia","Continent":"Europe","Poly_src":"SWBD","Lake_type":1,"Grand_id":0,"Lake_area":1.23,"Shore_len":4.8,"Shore_dev":1.22,"Vol_total":2.93,"Vol_res":0.0,"Vol_src":3,"Depth_avg":2.4,"Dis_avg":0.004,"Res_time":8485.8,"Elevation":423,"Slope_100":1.29,"Wshd_area":7.9,"Pour_long":103.623019,"Pour_lat":52.81832,"source_id":"hydrolakes:164743","label":""},"geometry":{"type":"Polygon","coordinates":[[[103.63848008897628,52.811674533420444],[103.63874213324692,52.81133761935797],[103.63638888888943,52.80875000000037],[103.6323282877608,52.809265136719034],[103.63055555555616,52.80862901475723],[103.6263821072053,52.809884711371865],[103.62707546658027,52.810688476562916],[103.62399386935806,52.811411675347586],[103.62341742621567,52.81137722439274],[103.62284016927123,52.810731065538505],[103.62169514974016,52.810285644531575],[103.62005967881998,52.81087239583371],[103.61792453342053,52.813618977864905],[103.6159643554692,52.8149921332469],[103.6145912000872,52.81781087239614],[103.61808892144154,52.81908718533026],[103.62070231119867,52.819436577691306],[103.62517795138945,52.82047363281282],[103.62672715928858,52.81991780598992],[103.62707546658027,52.819158799913566],[103.629853244358,52.817214355469105],[103.63254150390691,52.81574707031285],[103.63734293619831,52.813757595486436],[103.63763102213585,52.812214355469166],[103.63848008897628,52.811674533420444]]]}},{"type":"Feature","id":"hydrolakes:165063","properties":{"Hylak_id":165063,"Lake_name":"","Country":"Russia","Continent":"Europe","Poly_src":"SWBD","Lake_type":1,"Grand_id":0,"Lake_area":4.53,"Shore_len":8.74,"Shore_dev":1.16,"Vol_total":10.09,"Vol_res":0.0,"Vol_src":3,"Depth_avg":2.2,"Dis_avg":0.041,"Res_time":2849.5,"Elevation":431,"Slope_100":0.75,"Wshd_area":22.2,"Pour_long":103.937919,"Pour_lat":52.483608,"source_id":"hydrolakes:165063","label":""},"geometry":{"type":"Polygon","coordinates":[[[103.93540879991366,52.46111897786494],[103.93429768880264,52.46110324435807],[103.9281865776914,52.46304768880253],[103.9229245334206,52.465563422309344],[103.92040879991367,52.46638102213575],[103.91736897786518,52.46778564453166],[103.9116655815979,52.4692352973093],[103.907631022136,52.47138102213569],[103.90716254340339,52.47190538194474],[103.90434895833374,52.47258626302113],[103.90292453342079,52.47349229600724],[103.90874213324702,52.47639675564267],[103.91070231119863,52.47693657769122],[103.92263102213599,52.48139675564272],[103.93187093098999,52.4840443250871],[103.93292453342076,52.484714355469066],[103.93397298177138,52.48582166883716],[103.93584391276102,52.48593315972255],[103.93707546658027,52.48443657769127],[103.93959120008748,52.48278564453153],[103.94181342230951,52.48084120008707],[103.94207546658049,52.479714355469014],[103.94292453342058,52.47861897786498],[103.94318657769139,52.47776991102455],[103.94374213324699,52.47721435546907],[103.94508978949705,52.47679823133706],[103.94540879991382,52.47610324435806],[103.946519911025,52.47539659288225],[103.94540879991382,52.473618977864874],[103.94514675564301,52.472492133246874],[103.94468912760459,52.472083333333615],[103.9459643554693,52.470884602864885],[103.94570231119832,52.469158799913544],[103.94459120008742,52.467492133246935],[103.94263102213608,52.46611897786488],[103.94207546658049,52.465007866753865],[103.94179226345528,52.4634906684031],[103.93903564453166,52.462492133246826],[103.93607042100768,52.46218315972254],[103.93540879991366,52.46111897786494]]]}},{"type":"Feature","id":"hydrolakes:165088","properties":{"Hylak_id":165088,"Lake_name":"","Country":"Russia","Continent":"Europe","Poly_src":"SWBD","Lake_type":1,"Grand_id":0,"Lake_area":3.3,"Shore_len":8.41,"Shore_dev":1.31,"Vol_total":4.69,"Vol_res":0.0,"Vol_src":3,"Depth_avg":1.4,"Dis_avg":0.483,"Res_time":112.4,"Elevation":426,"Slope_100":0.49,"Wshd_area":179.4,"Pour_long":104.002774,"Pour_lat":52.451141,"source_id":"hydrolakes:165088","label":""},"geometry":{"type":"Polygon","coordinates":[[[104.0145912000873,52.443174370660074],[104.01593885633736,52.44250786675377],[104.01841010199695,52.44296088324694],[104.02073025173667,52.44373426649332],[104.02292453342062,52.44250786675377],[104.0255398220491,52.44012315538225],[104.02723795572979,52.439599066840685],[104.02837320963584,52.43839436849004],[104.03040879991386,52.43801432291713],[104.03014675564276,52.436658799913516],[104.02985324435826,52.43639675564276],[104.02954616970527,52.43540174696216],[104.02570231119836,52.43360324435798],[104.0242976888025,52.433341200087],[104.02403564453186,52.433047688802446],[104.02268798828169,52.43263156467049],[104.02231201171935,52.43181287977461],[104.01874213324709,52.430563422309376],[104.01651991102477,52.429174533420394],[104.01527777777818,52.427916666667045],[104.01266465928865,52.42808051215303],[104.00935465494854,52.42931287977456],[104.00848008897628,52.431118977864855],[104.00763102213614,52.43165879991352],[104.00736897786504,52.432230088975984],[104.00485324435812,52.43388102213572],[104.00459120008736,52.4344523111983],[104.00374213324721,52.43499213324691],[104.00348008897612,52.435563422309315],[104.00236897786522,52.436270073785124],[104.00263102213603,52.437230088976094],[104.00374213324721,52.43793674045173],[103.9992976888027,52.43832546658024],[103.99903564453172,52.442230088976146],[103.99848008897641,52.442726508246835],[103.9987421332471,52.44473008897597],[103.9992976888027,52.445226508247],[103.99903564453172,52.44695231119823],[103.9979245334207,52.44800428602463],[103.99818657769157,52.44917453342043],[103.9992976888027,52.45000786675388],[104.00125786675403,52.45026991102458],[104.00151991102479,52.45167453342049],[104.0022751193581,52.45245361328159],[104.0057741970491,52.45266194661485],[104.00651991102484,52.45193657769124],[104.01028374566016,52.45062717013923],[104.01125786675397,52.45000786675388],[104.01151991102506,52.449436577691415],[104.01348008897628,52.44834120008716],[104.01429768880269,52.44749213324695],[104.01557128906313,52.447099066840565],[104.01625786675402,52.446396755642695],[104.01707546658037,52.445329047309315],[104.01681342230961,52.444714355469046],[104.0145912000873,52.443174370660074]]]}},{"type":"Feature","id":"hydrolakes:165181","properties":{"Hylak_id":165181,"Lake_name":"","Country":"Russia","Continent":"Europe","Poly_src":"SWBD","Lake_type":1,"Grand_id":0,"Lake_area":1.13,"Shore_len":6.85,"Shore_dev":1.82,"Vol_total":11.73,"Vol_res":0.0,"Vol_src":3,"Depth_avg":10.4,"Dis_avg":0.054,"Res_time":2514.1,"Elevation":1609,"Slope_100":7.53,"Wshd_area":6.4,"Pour_long":100.120331,"Pour_lat":52.343149,"source_id":"hydrolakes:165181","label":""},"geometry":{"type":"Polygon","coordinates":[[[100.1171423594161,52.363167588975955],[100.11942610846637,52.36215386284755],[100.12148472256143,52.3623193359378],[100.12385775248225,52.361886393229554],[100.1242952219647,52.36137858072948],[100.12681588914666,52.360565863715635],[100.12724689059797,52.36006564670163],[100.13262855529814,52.35798855251767],[100.13237144470247,52.353878580729486],[100.13207299974243,52.35362141927112],[100.13181588914688,52.35248969184062],[100.13040633307583,52.35167697482666],[100.13014922248004,52.350545247396155],[100.12985077752035,52.35028808593779],[100.12959366692456,52.347489691840565],[100.12873966640922,52.34612141927124],[100.12846340603323,52.343413085937755],[100.12027777777809,52.342638888889155],[100.11959366692463,52.34284478081622],[100.11994457668737,52.34352566189267],[100.12455707126213,52.344868164062916],[100.1248507775203,52.34584364149339],[100.12570477803564,52.34665635850723],[100.12596188863142,52.34751030816],[100.1265174441869,52.347989095052355],[100.12626033359123,52.34945475260446],[100.12596188863142,52.34971191406288],[100.12570477803564,52.35139919704892],[100.12540633307594,52.35165635850734],[100.12514922248005,52.35278808593779],[100.12390954759417,52.35404839409756],[100.12201104058175,52.354619954427335],[100.12040633307578,52.355545247396094],[100.12014922248022,52.3577880859379],[100.1192952219647,52.35860080295163],[100.11903811136898,52.359454752604506],[100.11651744418685,52.36082302517406],[100.11540633307578,52.36165635850722],[100.11459366692446,52.362711317274716],[100.11488349066855,52.36498969184055],[100.1162603335913,52.364732530382184],[100.1171423594161,52.363167588975955]]]}},{"type":"Feature","id":"hydrolakes:165287","properties":{"Hylak_id":165287,"Lake_name":"","Country":"Russia","Continent":"Europe","Poly_src":"SWBD","Lake_type":1,"Grand_id":0,"Lake_area":1.16,"Shore_len":4.33,"Shore_dev":1.14,"Vol_total":8.54,"Vol_res":0.0,"Vol_src":3,"Depth_avg":7.4,"Dis_avg":0.388,"Res_time":254.6,"Elevation":1832,"Slope_100":4.96,"Wshd_area":47.2,"Pour_long":100.807741,"Pour_lat":52.242689,"source_id":"hydrolakes:165287","label":""},"geometry":{"type":"Polygon","coordinates":[[[100.82596944173207,52.23500271267386],[100.8219904920793,52.23505913628509],[100.8179194471573,52.23694715711832],[100.81514166937961,52.23750271267386],[100.81118191189273,52.23780083550372],[100.80652499728757,52.24027506510447],[100.80625278049064,52.24111382378504],[100.80582200792122,52.241527777778174],[100.80680833604623,52.24249728732667],[100.80708055284327,52.243336046007244],[100.80903055826866,52.24444173177113],[100.80935892740922,52.24511854383712],[100.81193006727455,52.24597466362883],[100.81928554958785,52.24612494574677],[100.82125278049062,52.24472493489617],[100.8226361083988,52.24277506510441],[100.82514166937955,52.24139160156278],[100.82541388617636,52.24055284288221],[100.82680833604638,52.23916937934058],[100.8270805528432,52.23833062066001],[100.82763610839879,52.237796766493375],[100.82680833604638,52.2366639539934],[100.82596598307327,52.23611165364616],[100.8265249972876,52.23557454427112],[100.82596944173207,52.23500271267386]]]}},{"type":"Feature","id":"hydrolakes:165455","properties":{"Hylak_id":165455,"Lake_name":"","Country":"Russia","Continent":"Europe","Poly_src":"SWBD","Lake_type":1,"Grand_id":0,"Lake_area":1.74,"Shore_len":5.86,"Shore_dev":1.25,"Vol_total":5.07,"Vol_res":0.0,"Vol_src":3,"Depth_avg":2.9,"Dis_avg":0.08,"Res_time":733.5,"Elevation":2053,"Slope_100":1.43,"Wshd_area":9.5,"Pour_long":100.01116,"Pour_lat":52.037203,"source_id":"hydrolakes:165455","label":""},"geometry":{"type":"Polygon","coordinates":[[[100.02292951371948,52.0422349717885],[100.02318159739207,52.03986490885438],[100.02186493131876,52.03905273437522],[100.01990916993901,52.038478732639135],[100.01833333333349,52.038639322916936],[100.01684747484018,52.03848795572941],[100.01515173594174,52.03776502821205],[100.01225853920005,52.03718370225721],[100.01194444444462,52.036805555555816],[100.01095937516988,52.03693169487889],[100.01070729149723,52.03751274956625],[100.00911003960528,52.03875000000028],[100.00959618038632,52.039153917100975],[100.00984826405858,52.04116482204893],[100.0072572824692,52.041925184462116],[100.00393784734962,52.041689995659965],[100.0029295137195,52.0428588867191],[100.00348506927509,52.04332058376758],[100.00373715294756,52.04424777560797],[100.00299892849404,52.0448611111114],[100.00348506927509,52.04526502821204],[100.00373715294756,52.04640163845528],[100.00459618038622,52.047209472656505],[100.00540381961406,52.04862386067737],[100.00626284705311,52.049153917100966],[100.00681840260842,52.04998725043441],[100.00707048628095,52.051123860677365],[100.0073739581639,52.05137613932317],[100.00762604183649,52.05390163845516],[100.00818159739197,52.054734971788434],[100.0089253044132,52.05526502821209],[100.01515173594174,52.053068305121826],[100.01898127237968,52.051260850694746],[100.01929270850314,52.05054280598989],[100.0218184026084,52.04862386067737],[100.02207048628082,52.04764268663223],[100.02040381961416,52.04640163845528],[100.0201517359418,52.04380777994828],[100.02138657675863,52.04268771701419],[100.02292951371948,52.0422349717885]]]}},{"type":"Feature","id":"hydrolakes:165514","properties":{"Hylak_id":165514,"Lake_name":"","Country":"Russia","Continent":"Europe","Poly_src":"SWBD","Lake_type":1,"Grand_id":0,"Lake_area":5.08,"Shore_len":10.17,"Shore_dev":1.27,"Vol_total":32.04,"Vol_res":0.0,"Vol_src":3,"Depth_avg":6.3,"Dis_avg":0.381,"Res_time":973.3,"Elevation":1991,"Slope_100":2.45,"Wshd_area":52.8,"Pour_long":100.398696,"Pour_lat":51.968044,"source_id":"hydrolakes:165514","label":""},"geometry":{"type":"Polygon","coordinates":[[[100.40708055284313,51.944724934896044],[100.40430277506522,51.94471950954886],[100.40069722493496,51.94555826822943],[100.39400180392829,51.94584337022593],[100.39229190402591,51.947577582465556],[100.38763610839874,51.948608398437784],[100.38736389160175,51.952224934896265],[100.38708055284309,51.95249728732671],[100.38680833604616,51.9566693793405],[100.3859694417319,51.95833062065998],[100.38569722493509,51.95944715711829],[100.38514166937966,51.95998101128504],[100.38541388617642,51.96055826822942],[100.38844963921474,51.96332682291694],[100.39819166395415,51.96471245659751],[100.39791944715734,51.966669379340544],[100.39652143690353,51.96749945746558],[100.39843929714647,51.96942708333364],[100.40182969835098,51.97066270616352],[100.41293830023886,51.970259602864814],[100.41736389160172,51.968891601562746],[100.4181916639543,51.96777506510443],[100.42096944173198,51.96685899522606],[100.42069722493505,51.96583062065997],[100.42014166937946,51.964997287326696],[100.41621381971618,51.964701605903144],[100.4141205173072,51.96322781033007],[100.41514166937964,51.962224934896085],[100.41596944173199,51.96027506510444],[100.41661573621991,51.959625108507225],[100.42069722493505,51.95889160156281],[100.42096944173198,51.95805284288224],[100.42152499728758,51.95751898871549],[100.42120581732888,51.95716769748293],[100.4142920939131,51.95611192491344],[100.41722778320326,51.955144314236406],[100.41791944715732,51.95444715711835],[100.4181916639543,51.953330620659926],[100.4187472195099,51.95279676649329],[100.41847500271297,51.95166395399332],[100.41736389160172,51.94999728732654],[100.41330942789739,51.946491699218996],[100.40708055284313,51.944724934896044]]]}},{"type":"Feature","id":"hydrolakes:165526","properties":{"Hylak_id":165526,"Lake_name":"","Country":"Russia","Continent":"Europe","Poly_src":"SWBD","Lake_type":1,"Grand_id":0,"Lake_area":2.41,"Shore_len":14.02,"Shore_dev":2.55,"Vol_total":15.01,"Vol_res":0.0,"Vol_src":3,"Depth_avg":6.2,"Dis_avg":0.52,"Res_time":334.0,"Elevation":1948,"Slope_100":3.14,"Wshd_area":88.6,"Pour_long":100.961838,"Pour_lat":51.956202,"source_id":"hydrolakes:165526","label":""},"geometry":{"type":"Polygon","coordinates":[[[101.00791944715735,51.99361382378504],[101.00823594835106,51.991669650607946],[101.01065361870695,51.992497287326614],[101.01208055284309,51.991848958333605],[101.0104138861766,51.991113823784985],[101.01014166937966,51.98999728732662],[101.00930277506546,51.98944715711838],[101.00889851888053,51.9886138237851],[101.00763610839869,51.988886176215544],[101.00710388183631,51.989440104166874],[101.0049944390193,51.98875542534745],[101.00403055826843,51.98779676649332],[101.00554158528672,51.98716606987864],[101.00732028537357,51.987775065104415],[101.00930277506546,51.98745958116342],[101.00903055826842,51.985275065104474],[101.00874287923222,51.98499864366357],[101.00959045410178,51.98472357855934],[101.00930277506546,51.984447157118325],[101.00903055826842,51.981941731771144],[101.00847500271283,51.98110839843781],[101.00652499728767,51.97972493489607],[101.00625278049074,51.97916395399335],[101.00541388617654,51.978613823785054],[101.00397440592468,51.97654812283008],[101.00221666124162,51.975977647569664],[101.0015574815543,51.97529161241346],[101.00068128797767,51.97499186197945],[100.99986375596825,51.97500840928859],[100.9990305582686,51.97388617621556],[100.9970805528431,51.97250271267393],[100.99680833604617,51.9713861762155],[100.99596944173203,51.97083604600721],[100.99180833604635,51.96666395399342],[100.98930277506537,51.96583604600738],[100.98722778320348,51.96346679687531],[100.98514166937952,51.962775065104495],[100.98208055284312,51.962224934896085],[100.97794257270004,51.9608528645835],[100.97712110731362,51.960022243923845],[100.97014166937953,51.95666395399337],[100.96305555555574,51.95375000000024],[100.9596067301436,51.95392768012175],[100.96069722493519,51.95499728732676],[100.96096944173212,51.95694715711835],[100.96157891167553,51.95822428385446],[100.96903055826851,51.95860839843772],[100.97096944173205,51.96055826822942],[100.97722778320332,51.96263346354198],[100.98096944173193,51.966391601562805],[100.98791944715742,51.970275065104374],[100.99319166395418,51.97778049045161],[100.99596944173203,51.9783360460072],[101.00065823025187,51.97884548611137],[101.00202440049964,51.97986111111135],[101.0006972249351,51.980731336805775],[101.00096944173202,51.984447157118325],[101.00181125217046,51.985277777778094],[101.00152208116339,51.985555555555834],[101.00208055284327,51.98609212239609],[101.00180833604628,51.988058268229395],[101.0006972249351,51.988786892361475],[101.00096944173202,51.98944715711838],[101.00208055284327,51.99017578125023],[101.00180833604628,51.991391601562725],[101.0006972249351,51.99248101128495],[101.00106797960098,51.99326741536487],[101.00287312825543,51.99388509114618],[101.00618374294726,51.99395263671903],[101.00791944715735,51.99361382378504]]]}},{"type":"Feature","id":"hydrolakes:165552","properties":{"Hylak_id":165552,"Lake_name":"","Country":"Russia","Continent":"Europe","Poly_src":"SWBD","Lake_type":1,"Grand_id":0,"Lake_area":1.55,"Shore_len":6.7,"Shore_dev":1.52,"Vol_total":15.55,"Vol_res":0.0,"Vol_src":3,"Depth_avg":10.0,"Dis_avg":0.124,"Res_time":1451.2,"Elevation":1970,"Slope_100":6.43,"Wshd_area":23.3,"Pour_long":100.953633,"Pour_lat":51.929277,"source_id":"hydrolakes:165552","label":""},"geometry":{"type":"Polygon","coordinates":[[[100.9665098741321,51.91529568142391],[100.96638888888907,51.915138888889146],[100.96428765191001,51.915259874132175],[100.96237901475712,51.917795681423854],[100.95817654079877,51.92053765190997],[100.95460123697939,51.92362901475724],[100.95150987413211,51.92581542968776],[100.95095431857663,51.92637098524335],[100.95071234809046,51.92724012586831],[100.95015679253498,51.92766899956638],[100.95042222764772,51.92872205946213],[100.95515679253498,51.92970431857668],[100.96058722602027,51.9317686631947],[100.96650634765643,51.93511149088579],[100.96595431857662,51.935537651909954],[100.96515679253525,51.937517903646096],[100.96460123697955,51.937946777343996],[100.965305379232,51.93831542968769],[100.96960123697937,51.93724012586836],[100.97150987413232,51.93538655598985],[100.97071234809044,51.93359320746549],[100.97039876302102,51.93335123697943],[100.97015679253497,51.93220431857662],[100.96984320746543,51.931962348090565],[100.96960123697937,51.93109320746555],[100.9665098741321,51.92807345920164],[100.96626790364604,51.92664876302109],[100.96595431857662,51.92640679253503],[100.96571234809045,51.9238709852433],[100.96515679253525,51.92344211154534],[100.9653987630212,51.921926540798836],[100.96571234809045,51.92168457031278],[100.96595431857662,51.92053765190997],[100.96626790364604,51.92029568142391],[100.9670654296877,51.91720431857664],[100.96762098524323,51.91677544487868],[100.96737901475728,51.916093207465565],[100.9665098741321,51.91529568142391]]]}},{"type":"Feature","id":"hydrolakes:166296","properties":{"Hylak_id":166296,"Lake_name":"","Country":"Russia","Continent":"Europe","Poly_src":"SWBD","Lake_type":1,"Grand_id":0,"Lake_area":7.71,"Shore_len":17.89,"Shore_dev":1.82,"Vol_total":46.29,"Vol_res":0.0,"Vol_src":3,"Depth_avg":6.0,"Dis_avg":0.779,"Res_time":687.8,"Elevation":1358,"Slope_100":1.99,"Wshd_area":73.6,"Pour_long":104.852025,"Pour_lat":50.968347,"source_id":"hydrolakes:166296","label":""},"geometry":{"type":"Polygon","coordinates":[[[104.86895779079913,50.96472656250029],[104.86957031250063,50.9647140842016],[104.87120930989647,50.96527506510432],[104.87326009114645,50.96494845920154],[104.87399468316022,50.96418402777795],[104.87541395399376,50.963608398437714],[104.88396538628524,50.96222493489597],[104.88625271267409,50.96249728732653],[104.89206108941022,50.964679361979506],[104.89592936197982,50.964758029514144],[104.89680826822985,50.9633360460071],[104.8970806206604,50.96194173177105],[104.89751139322965,50.961527777777974],[104.89652506510458,50.96055826822936],[104.89625271267425,50.959441731771165],[104.89569715711866,50.958907877604304],[104.8970806206604,50.95555284288224],[104.89763617621588,50.954997287326535],[104.89930284288249,50.95445638020857],[104.89896755642428,50.95341145833362],[104.89541395399357,50.95250271267378],[104.89508789062563,50.95116536458352],[104.8911870659727,50.95028808593764],[104.88932400173661,50.950925564236286],[104.88212402343805,50.94889160156271],[104.87877875434094,50.94921440972246],[104.8784369574658,50.95166395399332],[104.87652506510466,50.951391601562705],[104.87497504340342,50.95086100260443],[104.8703548177088,50.950767144097426],[104.86847493489637,50.95137695312519],[104.86930284288252,50.95220323350708],[104.86903049045202,50.95472493489598],[104.86763617621591,50.95555284288224],[104.86680826822959,50.95666937934044],[104.86569715711869,50.95750271267383],[104.86280381944505,50.95860839843772],[104.85788574218816,50.95831814236129],[104.85722764756991,50.95763346354181],[104.85596950954925,50.957224934895976],[104.85485839843824,50.9563916015627],[104.85374728732694,50.955280490451514],[104.85347493489638,50.953886176215406],[104.85291937934079,50.953352322048715],[104.85319173177135,50.952497287326594],[104.85403049045203,50.951947157118184],[104.85430284288242,50.951386176215465],[104.85596950954925,50.94971950954897],[104.8573638237853,50.94889160156271],[104.85847493489644,50.94778049045152],[104.85874728732699,50.946386176215526],[104.85917805989635,50.945972222222395],[104.85847493489644,50.94527506510434],[104.85625271267412,50.944964735243275],[104.85652506510496,50.941941731771124],[104.85708062066027,50.94138617621542],[104.85958604600745,50.94000271267379],[104.86041395399388,50.93890787760432],[104.85934027777841,50.93779676649319],[104.8573638237853,50.93694173177107],[104.85336317274368,50.93664062500022],[104.85180826822972,50.93610839843774],[104.84750000000048,50.93569444444478],[104.84403049045187,50.936113823784865],[104.83788953993104,50.93640028211831],[104.83652180989645,50.937499457465435],[104.83681152343831,50.937778320312646],[104.83569715711872,50.93850911458355],[104.83596950954927,50.94055826822938],[104.8362527126742,50.940830620659995],[104.83652506510487,50.94611382378491],[104.83736382378521,50.94694173177106],[104.83763617621577,50.950002712673836],[104.83903049045205,50.951108398437725],[104.8398583984382,50.95278049045163],[104.84236382378538,50.954441731771055],[104.84514160156306,50.957219509548736],[104.84596950954909,50.9588916015627],[104.84680826822978,50.959441731771165],[104.84708062066039,50.96028049045162],[104.84763617621593,50.96081434461826],[104.84680826822978,50.96164767795153],[104.84708062066039,50.96305826822936],[104.84763617621593,50.963592122395994],[104.84736382378537,50.964447157118286],[104.84680826822978,50.96498101128492],[104.84792209201436,50.96638888888907],[104.84708062066039,50.967219509548784],[104.84680826822978,50.96861382378489],[104.84637749566036,50.96902777777797],[104.84721137152832,50.97027180989596],[104.84983452691023,50.97032552083368],[104.85883029513946,50.96909993489601],[104.85930284288258,50.968608398437766],[104.86152506510467,50.96734863281267],[104.86081814236167,50.966523980034935],[104.86291937934084,50.966113823784895],[104.86430284288241,50.965552842882175],[104.86895779079913,50.96472656250029]]]}},{"type":"Feature","id":"hydrolakes:1321326","properties":{"Hylak_id":1321326,"Lake_name":"","Country":"Russia","Continent":"Europe","Poly_src":"SWBD","Lake_type":1,"Grand_id":0,"Lake_area":0.16,"Shore_len":1.98,"Shore_dev":1.39,"Vol_total":0.73,"Vol_res":0.0,"Vol_src":3,"Depth_avg":4.5,"Dis_avg":2.954,"Res_time":2.9,"Elevation":463,"Slope_100":4.51,"Wshd_area":372.1,"Pour_long":101.450411,"Pour_lat":53.994646,"source_id":"hydrolakes:1321326","label":""},"geometry":{"type":"Polygon","coordinates":[[[101.45040134006115,53.99390435112889],[101.45015421549505,53.9927623155387],[101.44873467339431,53.99057101779556],[101.44848754882855,53.98915120442746],[101.4480555555557,53.98875000000044],[101.44654324001766,53.988939073351105],[101.44626532660612,53.99084879557341],[101.44595689561675,53.99109564887192],[101.44570977105064,53.99223768446228],[101.44459865993963,53.99291259765664],[101.44496080186656,53.99355170355943],[101.44662163628504,53.993929036458724],[101.44736111111155,53.993837076823354],[101.44767957899325,53.99459282769152],[101.45039293077281,53.99581787109429],[101.45128729926245,53.99527994791708],[101.45040134006115,53.99390435112889]]]}},{"type":"Feature","id":"hydrolakes:1321452","properties":{"Hylak_id":1321452,"Lake_name":"","Country":"Russia","Continent":"Europe","Poly_src":"SWBD","Lake_type":1,"Grand_id":0,"Lake_area":0.23,"Shore_len":1.92,"Shore_dev":1.13,"Vol_total":0.43,"Vol_res":0.0,"Vol_src":3,"Depth_avg":1.9,"Dis_avg":0.051,"Res_time":96.9,"Elevation":439,"Slope_100":0.63,"Wshd_area":7.7,"Pour_long":102.10123,"Pour_lat":53.96752,"source_id":"hydrolakes:1321452","label":""},"geometry":{"type":"Polygon","coordinates":[[[102.10262356228338,53.96473768446225],[102.10250000000053,53.96458333333385],[102.10052476671041,53.964830457899836],[102.09614217122441,53.9655864800352],[102.09459865993955,53.96712700737885],[102.09484578450565,53.968071017795694],[102.09601888020865,53.96988498263943],[102.0988642035594,53.97023871527824],[102.09929022895005,53.96970675998301],[102.10126532660638,53.96834879557332],[102.10237643771728,53.96695990668451],[102.10262356228338,53.966095648872056],[102.10373467339468,53.96542073567758],[102.10348754882858,53.96498453776087],[102.10262356228338,53.96473768446225]]]}},{"type":"Feature","id":"hydrolakes:1321453","properties":{"Hylak_id":1321453,"Lake_name":"","Country":"Russia","Continent":"Europe","Poly_src":"SWBD","Lake_type":1,"Grand_id":0,"Lake_area":0.2,"Shore_len":2.22,"Shore_dev":1.41,"Vol_total":0.33,"Vol_res":0.0,"Vol_src":3,"Depth_avg":1.7,"Dis_avg":0.054,"Res_time":71.2,"Elevation":438,"Slope_100":0.54,"Wshd_area":8.2,"Pour_long":102.108791,"Pour_lat":53.967609,"source_id":"hydrolakes:1321453","label":""},"geometry":{"type":"Polygon","coordinates":[[[102.11014417860275,53.96694986979213],[102.11027777777838,53.96486111111153],[102.10732082790827,53.965010579427485],[102.10652248806468,53.96582790798669],[102.10569973415824,53.967783203125464],[102.10485582139785,53.968883463542056],[102.10458862304733,53.97139431423665],[102.10403306749174,53.97190890842063],[102.104381917318,53.97305013020872],[102.10681084526954,53.9727832031254],[102.10707804362016,53.97138346354211],[102.10792195638066,53.9705609809032],[102.10874471028677,53.96860568576432],[102.11014417860275,53.96694986979213]]]}},{"type":"Feature","id":"hydrolakes:1321755","properties":{"Hylak_id":1321755,"Lake_name":"","Country":"Russia","Continent":"Europe","Poly_src":"SWBD","Lake_type":1,"Grand_id":0,"Lake_area":0.2,"Shore_len":2.57,"Shore_dev":1.61,"Vol_total":1.28,"Vol_res":0.0,"Vol_src":3,"Depth_avg":6.3,"Dis_avg":1.072,"Res_time":13.8,"Elevation":437,"Slope_100":8.33,"Wshd_area":209.7,"Pour_long":102.400346,"Pour_lat":53.908059,"source_id":"hydrolakes:1321755","label":""},"geometry":{"type":"Polygon","coordinates":[[[102.39678304036494,53.90861762152815],[102.39878200954911,53.90832546658032],[102.40096950954904,53.90834743923665],[102.40046685112878,53.90780354817747],[102.39823621961835,53.90683837890663],[102.39503879123293,53.906370985243484],[102.39300130208363,53.90641276041708],[102.39208062066001,53.90611382378523],[102.39096950954911,53.90528049045179],[102.39083333333377,53.90486111111147],[102.38958604600737,53.90526584201427],[102.39152506510453,53.907780490451955],[102.3926361762156,53.908509114583694],[102.39236382378527,53.91111382378517],[102.39194173177117,53.91151936849002],[102.39396592881974,53.912212185330304],[102.39430284288244,53.910830620660306],[102.39678304036494,53.90861762152815]]]}},{"type":"Feature","id":"hydrolakes:1321828","properties":{"Hylak_id":1321828,"Lake_name":"","Country":"Russia","Continent":"Europe","Poly_src":"SWBD","Lake_type":1,"Grand_id":0,"Lake_area":0.1,"Shore_len":1.81,"Shore_dev":1.58,"Vol_total":0.46,"Vol_res":0.0,"Vol_src":3,"Depth_avg":4.3,"Dis_avg":0.77,"Res_time":6.9,"Elevation":434,"Slope_100":4.73,"Wshd_area":266.1,"Pour_long":102.564228,"Pour_lat":53.895361,"source_id":"hydrolakes:1321828","label":""},"geometry":{"type":"Polygon","coordinates":[[[102.56485568576426,53.89500542534768],[102.56472222222254,53.8945833333338],[102.56374457465324,53.8947167968754],[102.5623665364588,53.896116536458806],[102.559588758681,53.8966720920144],[102.5551443142366,53.89695610894154],[102.55896294487894,53.89749186197969],[102.56504258897604,53.89773301866359],[102.56652235243104,53.896777072483076],[102.56625542534772,53.89610568576427],[102.56485568576426,53.89500542534768]]]}},{"type":"Feature","id":"hydrolakes:1322341","properties":{"Hylak_id":1322341,"Lake_name":"","Country":"Russia","Continent":"Europe","Poly_src":"SWBD","Lake_type":1,"Grand_id":0,"Lake_area":0.56,"Shore_len":4.54,"Shore_dev":1.71,"Vol_total":1.54,"Vol_res":0.0,"Vol_src":3,"Depth_avg":2.7,"Dis_avg":33.073,"Res_time":0.5,"Elevation":481,"Slope_100":1.08,"Wshd_area":3629.2,"Pour_long":101.626523,"Pour_lat":53.789717,"source_id":"hydrolakes:1322341","label":""},"geometry":{"type":"Polygon","coordinates":[[[101.62650987413218,53.783719889323436],[101.62613945855065,53.783100857205284],[101.62429321289119,53.78311903211858],[101.62404568142404,53.78109320746586],[101.6233677842884,53.78037923177129],[101.62162556966189,53.77961778428869],[101.61960123697946,53.7791487630214],[101.61583333333357,53.7787500000004],[101.61237901475738,53.779648708767866],[101.61262098524332,53.78057345920183],[101.61330810546929,53.78129937066012],[101.61467692057323,53.78183756510458],[101.61759209526952,53.78140679253511],[101.61983683268255,53.78178059895873],[101.61904568142387,53.78239122178866],[101.61928765190993,53.78529568142403],[101.61984320746552,53.78612901475748],[101.6229345703128,53.787759874132405],[101.62349012586833,53.788315429688],[101.62373209635444,53.789462348090694],[101.62460123697952,53.790537651910086],[101.62487738715322,53.79216308593789],[101.62622043185792,53.79236165364631],[101.62873209635461,53.79099745008733],[101.62793457031285,53.78914876302116],[101.62762098524337,53.7889067925351],[101.62737901475725,53.78748209635455],[101.6266605631514,53.78671549479202],[101.62460123697952,53.786365559896296],[101.62539876302117,53.784704318576814],[101.62650987413218,53.783719889323436]]]}},{"type":"Feature","id":"hydrolakes:1322922","properties":{"Hylak_id":1322922,"Lake_name":"","Country":"Russia","Continent":"Europe","Poly_src":"SWBD","Lake_type":1,"Grand_id":0,"Lake_area":0.18,"Shore_len":1.73,"Shore_dev":1.16,"Vol_total":0.69,"Vol_res":0.0,"Vol_src":3,"Depth_avg":3.9,"Dis_avg":0.266,"Res_time":30.2,"Elevation":474,"Slope_100":3.29,"Wshd_area":40.4,"Pour_long":102.235402,"Pour_lat":53.677314,"source_id":"hydrolakes:1322922","label":""},"geometry":{"type":"Polygon","coordinates":[[[102.23737399631108,53.680012749566345],[102.23750000000035,53.67541666666705],[102.23318155924511,53.675542805990005],[102.23292955186668,53.67806830512188],[102.23237399631108,53.67853000217059],[102.23262600368969,53.679457194010865],[102.23318155924511,53.68029052734414],[102.23394653320344,53.68109836154554],[102.23662000868086,53.680807291667236],[102.23737399631108,53.680012749566345]]]}},{"type":"Feature","id":"hydrolakes:1323045","properties":{"Hylak_id":1323045,"Lake_name":"","Country":"Russia","Continent":"Europe","Poly_src":"SWBD","Lake_type":1,"Grand_id":0,"Lake_area":0.22,"Shore_len":2.81,"Shore_dev":1.68,"Vol_total":0.95,"Vol_res":0.0,"Vol_src":3,"Depth_avg":4.2,"Dis_avg":0.208,"Res_time":53.0,"Elevation":481,"Slope_100":3.56,"Wshd_area":29.5,"Pour_long":102.14005,"Pour_lat":53.652281,"source_id":"hydrolakes:1323045","label":""},"geometry":{"type":"Polygon","coordinates":[[[102.14207546658014,53.65056342230946],[102.14194444444473,53.65013888888927],[102.13937418619827,53.65030002170175],[102.13848008897617,53.652785644531605],[102.13736897786492,53.65500786675392],[102.13651991102472,53.65582546658027],[102.13514675564284,53.65917453342058],[102.13459120008724,53.659670952691386],[102.13491197374174,53.66110324435806],[102.13625786675374,53.66084120008719],[102.1379245334204,53.65889675564273],[102.13818657769133,53.65776991102473],[102.13959120008724,53.656118977865106],[102.14070231119825,53.65445231119827],[102.14096435546912,53.65360324435818],[102.14263102213573,53.651440158420655],[102.14207546658014,53.65056342230946]]]}},{"type":"Feature","id":"hydrolakes:1323490","properties":{"Hylak_id":1323490,"Lake_name":"","Country":"Russia","Continent":"Europe","Poly_src":"SWBD","Lake_type":1,"Grand_id":0,"Lake_area":0.18,"Shore_len":2.32,"Shore_dev":1.56,"Vol_total":0.71,"Vol_res":0.0,"Vol_src":3,"Depth_avg":4.0,"Dis_avg":0.098,"Res_time":83.4,"Elevation":461,"Slope_100":3.41,"Wshd_area":18.2,"Pour_long":102.43125,"Pour_lat":53.559493,"source_id":"hydrolakes:1323490","label":""},"geometry":{"type":"Polygon","coordinates":[[[102.4331716579864,53.558078342014426],[102.43305555555605,53.55791666666704],[102.43150499131991,53.558032769097565],[102.4307172309031,53.55891167534759],[102.428727213542,53.55942165798649],[102.42650499131969,53.56192165798649],[102.42460611979209,53.56474500868097],[102.42405056423661,53.56514322916706],[102.42462456597258,53.56553276909756],[102.42613769531295,53.56521158854207],[102.42650499131969,53.56469943576428],[102.42960611979203,53.56252278645877],[102.43094943576432,53.56081054687536],[102.43405056423643,53.55918945312544],[102.43478678385446,53.55850450303859],[102.4331716579864,53.558078342014426]]]}},{"type":"Feature","id":"hydrolakes:1323842","properties":{"Hylak_id":1323842,"Lake_name":"","Country":"Russia","Continent":"Europe","Poly_src":"SWBD","Lake_type":1,"Grand_id":0,"Lake_area":0.14,"Shore_len":1.72,"Shore_dev":1.32,"Vol_total":0.66,"Vol_res":0.0,"Vol_src":3,"Depth_avg":4.9,"Dis_avg":0.005,"Res_time":1537.6,"Elevation":543,"Slope_100":5.66,"Wshd_area":3.1,"Pour_long":102.909292,"Pour_lat":53.480837,"source_id":"hydrolakes:1323842","label":""},"geometry":{"type":"Polygon","coordinates":[[[102.90985080295178,53.480010308160274],[102.90633300781286,53.47999701605943],[102.90447564019138,53.48033582899342],[102.90390950520884,53.48099283854202],[102.90198106553873,53.48157335069487],[102.90014919704896,53.48298909505252],[102.90135959201422,53.48351725260454],[102.90485080295184,53.482489691840726],[102.90862955729216,53.48199517144138],[102.91095730251772,53.48070339626776],[102.90985080295178,53.480010308160274]]]}},{"type":"Feature","id":"hydrolakes:1323989","properties":{"Hylak_id":1323989,"Lake_name":"","Country":"Russia","Continent":"Europe","Poly_src":"SWBD","Lake_type":1,"Grand_id":0,"Lake_area":0.51,"Shore_len":4.15,"Shore_dev":1.64,"Vol_total":2.85,"Vol_res":0.0,"Vol_src":3,"Depth_avg":5.6,"Dis_avg":0.061,"Res_time":541.1,"Elevation":1359,"Slope_100":4.82,"Wshd_area":5.8,"Pour_long":100.378913,"Pour_lat":53.453259,"source_id":"hydrolakes:1323989","label":""},"geometry":{"type":"Polygon","coordinates":[[[100.38930026584228,53.44278320312554],[100.38916666666717,53.44236111111155],[100.38652248806454,53.44249457465315],[100.38625528971386,53.44278320312554],[100.38449354383704,53.4431193033858],[100.38318915473104,53.444439019097615],[100.38262786865266,53.44527777777819],[100.38374471028663,53.446353352865],[100.38318342420814,53.446944444444796],[100.38374471028663,53.447464463976075],[100.38347751193612,53.44944986979209],[100.38207804362003,53.45082790798659],[100.3817543199329,53.451513943142686],[100.37998942057322,53.45207275390658],[100.37847751193601,53.453222927517686],[100.3787447102867,53.45361653645875],[100.38014417860262,53.45388346354207],[100.38395144992415,53.45527235243094],[100.38423397488083,53.454347601996915],[100.38347751193612,53.45364664713594],[100.38374471028663,53.451383463542015],[100.38430026584223,53.450272352431],[100.38563930935351,53.449193250868404],[100.39230987548854,53.446791720920544],[100.3937447102868,53.444439019097615],[100.39430026584228,53.44392442491363],[100.39394236246761,53.44312554253503],[100.38930026584228,53.44278320312554]]]}},{"type":"Feature","id":"hydrolakes:1324030","properties":{"Hylak_id":1324030,"Lake_name":"","Country":"Russia","Continent":"Europe","Poly_src":"SWBD","Lake_type":1,"Grand_id":0,"Lake_area":0.94,"Shore_len":5.17,"Shore_dev":1.51,"Vol_total":5.13,"Vol_res":0.0,"Vol_src":3,"Depth_avg":5.5,"Dis_avg":0.136,"Res_time":436.9,"Elevation":1324,"Slope_100":3.86,"Wshd_area":12.9,"Pour_long":100.352083,"Pour_lat":53.44375,"source_id":"hydrolakes:1324030","label":""},"geometry":{"type":"Polygon","coordinates":[[[100.36847500271296,53.44888617621564],[100.36800465901717,53.448434244792054],[100.37132069905624,53.44797119140662],[100.37263610839875,53.446685655382396],[100.37236389160182,53.44610839843784],[100.37130455864826,53.445764702691406],[100.37208055284316,53.445018988715674],[100.36948167588997,53.444810926649666],[100.36879530164941,53.445525444878854],[100.36680833604618,53.444719509548975],[100.36403055826844,53.44416395399355],[100.35950137668215,53.44376112196221],[100.35740834554065,53.44308186849008],[100.35527777777799,53.44125000000042],[100.35032514784092,53.44142957899339],[100.34811147054063,53.442147894965615],[100.34874721950968,53.44275878906285],[100.34847500271286,53.445002712673954],[100.3476361083986,53.44527506510468],[100.34680833604625,53.44666937934062],[100.34569722493518,53.44739800347264],[100.34616312662797,53.448052842882305],[100.35157487657347,53.447467990451685],[100.35234208848772,53.44666937934062],[100.3540305582685,53.446941731771176],[100.35499443901921,53.44792209201427],[100.35784342447931,53.448875054253904],[100.3617211914065,53.44944173177123],[100.36289764404313,53.44861382378508],[100.36347500271285,53.44888617621564],[100.3638355509442,53.44999728732677],[100.36874721950983,53.44961832682338],[100.36847500271296,53.44888617621564]]]}},{"type":"Feature","id":"hydrolakes:1324123","properties":{"Hylak_id":1324123,"Lake_name":"","Country":"Russia","Continent":"Europe","Poly_src":"SWBD","Lake_type":1,"Grand_id":0,"Lake_area":0.39,"Shore_len":4.01,"Shore_dev":1.81,"Vol_total":1.65,"Vol_res":0.0,"Vol_src":3,"Depth_avg":4.2,"Dis_avg":0.085,"Res_time":225.3,"Elevation":524,"Slope_100":2.97,"Wshd_area":50.6,"Pour_long":102.915076,"Pour_lat":53.423712,"source_id":"hydrolakes:1324123","label":""},"geometry":{"type":"Polygon","coordinates":[[[102.9162627495665,53.43279052734414],[102.9167144097226,53.43224717881981],[102.9170705837679,53.43306830512199],[102.91813910590332,53.43372748480948],[102.9173738606774,53.434363335503804],[102.91908121744831,53.434562174479595],[102.92040391710123,53.43374620225728],[102.92015163845531,53.43248725043446],[102.91966552734436,53.43208333333365],[102.92015163845531,53.43167941623301],[102.92040391710123,53.429709472656725],[102.9209594726567,53.429247775608076],[102.92015163845531,53.42832058376774],[102.91929280598998,53.42779052734409],[102.91904052734407,53.42554280598995],[102.91681830512198,53.42332058376775],[102.91595947265671,53.42279052734409],[102.91583333333375,53.42236111111151],[102.91429280598999,53.42248725043436],[102.91404052734407,53.42362386067754],[102.91348497178888,53.42408555772607],[102.9137372504344,53.425012749566406],[102.91404052734407,53.42526502821221],[102.91429280598999,53.42612386067748],[102.9165150282123,53.42825222439279],[102.91595947265671,53.42915391710113],[102.9157071940109,53.43112386067753],[102.91429280598999,53.432209472656666],[102.91348497178888,53.43362386067747],[102.91292941623317,53.434085557726064],[102.91330729166714,53.43464246961861],[102.91461208767402,53.43513292100732],[102.91627821180595,53.43388888888927],[102.9157071940109,53.43341444227474],[102.9162627495665,53.43279052734414]]]}},{"type":"Feature","id":"hydrolakes:1324262","properties":{"Hylak_id":1324262,"Lake_name":"","Country":"Russia","Continent":"Europe","Poly_src":"SWBD","Lake_type":1,"Grand_id":0,"Lake_area":0.18,"Shore_len":2.08,"Shore_dev":1.38,"Vol_total":0.62,"Vol_res":0.0,"Vol_src":3,"Depth_avg":3.4,"Dis_avg":0.039,"Res_time":183.1,"Elevation":522,"Slope_100":2.41,"Wshd_area":17.3,"Pour_long":102.781116,"Pour_lat":53.39814,"source_id":"hydrolakes:1324262","label":""},"geometry":{"type":"Polygon","coordinates":[[[102.78262858072969,53.39639919704905],[102.78250000000031,53.395972222222554],[102.78040635850726,53.39610080295182],[102.78014919704913,53.396954752604586],[102.77873969184077,53.39943413628515],[102.77848253038229,53.400843641493395],[102.7779269748267,53.401322428385754],[102.77821668836845,53.403600802951814],[102.77997043185815,53.403273383246926],[102.78058403862877,53.40256103515668],[102.78318359375038,53.40159966362887],[102.78237141927121,53.4008997938372],[102.78262858072969,53.39748969184069],[102.78318413628529,53.397010904948274],[102.78262858072969,53.39639919704905]]]}},{"type":"Feature","id":"hydrolakes:1324309","properties":{"Hylak_id":1324309,"Lake_name":"","Country":"Russia","Continent":"Europe","Poly_src":"SWBD","Lake_type":1,"Grand_id":0,"Lake_area":0.15,"Shore_len":1.81,"Shore_dev":1.31,"Vol_total":0.81,"Vol_res":0.0,"Vol_src":3,"Depth_avg":5.3,"Dis_avg":0.096,"Res_time":97.9,"Elevation":1426,"Slope_100":6.48,"Wshd_area":9.0,"Pour_long":100.328273,"Pour_lat":53.389028,"source_id":"hydrolakes:1324309","label":""},"geometry":{"type":"Polygon","coordinates":[[[100.33206546359605,53.38585123697953],[100.33194444444456,53.38541666666708],[100.32960120307092,53.38555148654552],[100.32984324137402,53.38640679253507],[100.33039879692956,53.386835666233026],[100.32873213026272,53.387482096354574],[100.32849009195974,53.38807345920179],[100.32737898084883,53.38873806423652],[100.32762101915182,53.38946234809083],[100.32849009195974,53.389982096354515],[100.32890051947732,53.39051378038232],[100.33124813503724,53.39089952256984],[100.33159057617218,53.39006266276084],[100.33428768581848,53.38960449218786],[100.33404564751532,53.38887098524344],[100.33262101915165,53.38807345920179],[100.33237898084866,53.386093207465706],[100.33206546359605,53.38585123697953]]]}},{"type":"Feature","id":"hydrolakes:1324393","properties":{"Hylak_id":1324393,"Lake_name":"","Country":"Russia","Continent":"Europe","Poly_src":"SWBD","Lake_type":1,"Grand_id":0,"Lake_area":0.1,"Shore_len":1.49,"Shore_dev":1.29,"Vol_total":0.89,"Vol_res":0.0,"Vol_src":3,"Depth_avg":8.5,"Dis_avg":0.011,"Res_time":941.6,"Elevation":1789,"Slope_100":19.15,"Wshd_area":1.0,"Pour_long":100.277518,"Pour_lat":53.375418,"source_id":"hydrolakes:1324393","label":""},"geometry":{"type":"Polygon","coordinates":[[[100.27705790201838,53.372803276910076],[100.27694444444478,53.372083333333705],[100.2734976535375,53.37220486111153],[100.27376207139787,53.37322591145886],[100.27516432020423,53.37358561197965],[100.27571987575982,53.374418945312925],[100.2759868197972,53.37545925564268],[100.27853727552639,53.37608561197953],[100.28039123535171,53.37582709418433],[100.28016432020422,53.374974500868404],[100.27960876464874,53.37414116753507],[100.2782824707034,53.373800998264414],[100.2779420979819,53.373307834201796],[100.27705790201838,53.372803276910076]]]}},{"type":"Feature","id":"hydrolakes:1324395","properties":{"Hylak_id":1324395,"Lake_name":"","Country":"Russia","Continent":"Europe","Poly_src":"SWBD","Lake_type":1,"Grand_id":0,"Lake_area":0.13,"Shore_len":1.87,"Shore_dev":1.45,"Vol_total":1.1,"Vol_res":0.0,"Vol_src":3,"Depth_avg":8.3,"Dis_avg":0.012,"Res_time":1056.8,"Elevation":1548,"Slope_100":16.87,"Wshd_area":1.2,"Pour_long":100.423135,"Pour_lat":53.374827,"source_id":"hydrolakes:1324395","label":""},"geometry":{"type":"Polygon","coordinates":[[[100.42404564751536,53.37474012586841],[100.42416666666685,53.374583333333874],[100.42262101915173,53.3747043185769],[100.42142466227244,53.37517469618098],[100.41595435248502,53.3763709852434],[100.4157123141822,53.376684570312875],[100.414843241374,53.37692654079899],[100.41460120307102,53.37751790364621],[100.41404564751537,53.377946777344164],[100.41462439643044,53.378611111111525],[100.41404564751537,53.37905788845529],[100.4173789808487,53.378906792535076],[100.41960120307101,53.3780734592018],[100.41984324137383,53.37748209635453],[100.42095435248501,53.3763709852434],[100.42182342529304,53.37612901475734],[100.42404564751536,53.37474012586841]]]}},{"type":"Feature","id":"hydrolakes:1324410","properties":{"Hylak_id":1324410,"Lake_name":"","Country":"Russia","Continent":"Europe","Poly_src":"SWBD","Lake_type":1,"Grand_id":0,"Lake_area":0.3,"Shore_len":3.04,"Shore_dev":1.55,"Vol_total":1.08,"Vol_res":0.0,"Vol_src":3,"Depth_avg":3.6,"Dis_avg":0.066,"Res_time":190.0,"Elevation":516,"Slope_100":2.23,"Wshd_area":29.2,"Pour_long":102.782454,"Pour_lat":53.372917,"source_id":"hydrolakes:1324410","label":""},"geometry":{"type":"Polygon","coordinates":[[[102.78262098524345,53.37085123697966],[102.78250000000031,53.37069444444495],[102.7797995334206,53.37081732855944],[102.78182345920169,53.37275987413244],[102.78206542968792,53.373629014757284],[102.78237901475728,53.37387098524346],[102.78262098524345,53.37779568142406],[102.78317654079893,53.3782245551219],[102.78293457031288,53.37918457031293],[102.78237901475728,53.379613444010886],[102.78276584201427,53.38025987413232],[102.78404568142412,53.38001790364626],[102.7846012369796,53.37946234809067],[102.78484320746577,53.37831542968786],[102.78682345920168,53.37640679253508],[102.78706542968786,53.375537651910065],[102.78737901475739,53.37529568142401],[102.78763888888926,53.373467339410126],[102.78873209635469,53.37303765191007],[102.79095431857678,53.37266004774341],[102.78849012586852,53.371926540798995],[102.78262098524345,53.37085123697966]]]}},{"type":"Feature","id":"hydrolakes:1324430","properties":{"Hylak_id":1324430,"Lake_name":"","Country":"Russia","Continent":"Europe","Poly_src":"SWBD","Lake_type":1,"Grand_id":0,"Lake_area":0.14,"Shore_len":1.58,"Shore_dev":1.19,"Vol_total":0.85,"Vol_res":0.0,"Vol_src":3,"Depth_avg":6.1,"Dis_avg":0.098,"Res_time":100.7,"Elevation":1462,"Slope_100":8.72,"Wshd_area":9.3,"Pour_long":100.433846,"Pour_lat":53.36944,"source_id":"hydrolakes:1324430","label":""},"geometry":{"type":"Polygon","coordinates":[[[100.42984324137399,53.36696234809074],[100.4297222222225,53.36680555555603],[100.42762101915167,53.36692654079906],[100.42737898084886,53.36751790364616],[100.42682342529326,53.36794677734423],[100.42706546359608,53.36835123697949],[100.42904564751535,53.36942654079894],[100.42935506184915,53.37053765191024],[100.43480933295376,53.37028618706637],[100.43538564046236,53.369841308594175],[100.43428768581839,53.36918457031288],[100.43349009195998,53.36803765191007],[100.43206546359608,53.36779568142401],[100.42984324137399,53.36696234809074]]]}},{"type":"Feature","id":"hydrolakes:1324508","properties":{"Hylak_id":1324508,"Lake_name":"","Country":"Russia","Continent":"Europe","Poly_src":"SWBD","Lake_type":1,"Grand_id":0,"Lake_area":0.14,"Shore_len":1.87,"Shore_dev":1.42,"Vol_total":0.5,"Vol_res":0.0,"Vol_src":3,"Depth_avg":3.6,"Dis_avg":0.091,"Res_time":63.0,"Elevation":543,"Slope_100":2.87,"Wshd_area":11.7,"Pour_long":102.217892,"Pour_lat":53.354744,"source_id":"hydrolakes:1324508","label":""},"geometry":{"type":"Polygon","coordinates":[[[102.21984076605935,53.352757432726094],[102.22194444444477,53.350416666667],[102.21984076605935,53.350535210504006],[102.21718139648488,53.351487087673945],[102.21611111111139,53.35273464626778],[102.21571478949693,53.3522018771705],[102.21458685980951,53.35196478949689],[102.21349256727461,53.352621799045494],[102.21428521050376,53.35335367838576],[102.21559638129384,53.35370930989626],[102.2172252061635,53.35551649305597],[102.21900933159753,53.35520914713578],[102.21928521050376,53.35386854383722],[102.21960367838585,53.35363145616361],[102.21984076605935,53.352757432726094]]]}},{"type":"Feature","id":"hydrolakes:1324622","properties":{"Hylak_id":1324622,"Lake_name":"","Country":"Russia","Continent":"Europe","Poly_src":"SWBD","Lake_type":1,"Grand_id":0,"Lake_area":0.19,"Shore_len":2.04,"Shore_dev":1.33,"Vol_total":1.18,"Vol_res":0.0,"Vol_src":3,"Depth_avg":6.3,"Dis_avg":0.055,"Res_time":247.7,"Elevation":1728,"Slope_100":8.63,"Wshd_area":5.1,"Pour_long":100.098958,"Pour_lat":53.332177,"source_id":"hydrolakes:1324622","label":""},"geometry":{"type":"Polygon","coordinates":[[[100.09818411085365,53.33056586371566],[100.09707299974247,53.330545247396174],[100.09681588914691,53.3308436414934],[100.09570520189095,53.331178114149736],[100.09681588914691,53.33221191406284],[100.09707299974247,53.33362141927125],[100.09762855529794,53.334454752604586],[100.09915093315982,53.334913194444766],[100.09853908962702,53.335440266927435],[100.09959366692448,53.33610080295176],[100.09995868259017,53.33691867404548],[100.1031841108537,53.33717800564273],[100.10292700025781,53.33582302517402],[100.10151744418687,53.33334364149346],[100.10126033359131,53.33221191406284],[100.10014922248001,53.331378580729506],[100.09857847425684,53.33090576171912],[100.09818411085365,53.33056586371566]]]}},{"type":"Feature","id":"hydrolakes:1324636","properties":{"Hylak_id":1324636,"Lake_name":"","Country":"Russia","Continent":"Europe","Poly_src":"SWBD","Lake_type":1,"Grand_id":0,"Lake_area":0.15,"Shore_len":1.64,"Shore_dev":1.18,"Vol_total":1.1,"Vol_res":0.0,"Vol_src":3,"Depth_avg":7.2,"Dis_avg":0.025,"Res_time":511.0,"Elevation":1735,"Slope_100":11.85,"Wshd_area":2.3,"Pour_long":100.046854,"Pour_lat":53.330485,"source_id":"hydrolakes:1324636","label":""},"geometry":{"type":"Polygon","coordinates":[[[100.04791812049041,53.33151828342051],[100.04805555555583,53.327083333333746],[100.04596692827056,53.32721679687535],[100.04374470604802,53.32832790798648],[100.0434775161745,53.330283203125475],[100.04292196061891,53.33139431423649],[100.04236640506332,53.33190890842047],[100.04497475518139,53.332338595920476],[100.04791812049041,53.33151828342051]]]}},{"type":"Feature","id":"hydrolakes:1324685","properties":{"Hylak_id":1324685,"Lake_name":"","Country":"Russia","Continent":"Europe","Poly_src":"SWBD","Lake_type":1,"Grand_id":0,"Lake_area":0.38,"Shore_len":4.42,"Shore_dev":2.02,"Vol_total":1.33,"Vol_res":0.0,"Vol_src":3,"Depth_avg":3.5,"Dis_avg":0.173,"Res_time":89.2,"Elevation":513,"Slope_100":2.04,"Wshd_area":43.9,"Pour_long":102.593542,"Pour_lat":53.320512,"source_id":"hydrolakes:1324685","label":""},"geometry":{"type":"Polygon","coordinates":[[[102.59403808593783,53.32223253038234],[102.59416666666709,53.32013888888929],[102.5915993923615,53.32035346137195],[102.5901491970489,53.3212619357642],[102.59049045138931,53.321812879774654],[102.59207302517405,53.32228922526082],[102.59094807942739,53.323053927951776],[102.59143364800389,53.32347222222262],[102.5907047526045,53.3241769748268],[102.589038085938,53.32513780381993],[102.5907047526045,53.325545247396235],[102.59096191406297,53.326954752604706],[102.5916460503476,53.32765950520866],[102.5931835937505,53.32812255859409],[102.59261664496563,53.32861111111146],[102.59293891059059,53.32888888888931],[102.59237141927133,53.32973253038233],[102.59131700303868,53.33039306640666],[102.59294921875045,53.33167019314271],[102.5916460503476,53.33206271701431],[102.59096191406297,53.332767469618375],[102.5907047526045,53.33362141927125],[102.5901491970489,53.33410020616361],[102.59040635850732,53.334732530382325],[102.5917390950525,53.33582302517402],[102.59292697482681,53.3355658637156],[102.59318413628506,53.33498969184069],[102.59403808593783,53.33417697482673],[102.59429524739608,53.33332302517397],[102.59476698133727,53.33291666666713],[102.59403808593783,53.33228868272619],[102.59570475260472,53.33001030816007],[102.59596191406297,53.328045247396176],[102.59651746961839,53.32756646050382],[102.59626030816014,53.32721191406284],[102.59429524739608,53.32612141927126],[102.59403808593783,53.323323025174034],[102.59348253038252,53.32284423828162],[102.59403808593783,53.32223253038234]]]}},{"type":"Feature","id":"hydrolakes:1324736","properties":{"Hylak_id":1324736,"Lake_name":"","Country":"Russia","Continent":"Europe","Poly_src":"SWBD","Lake_type":1,"Grand_id":0,"Lake_area":0.2,"Shore_len":2.52,"Shore_dev":1.6,"Vol_total":0.63,"Vol_res":0.0,"Vol_src":3,"Depth_avg":3.2,"Dis_avg":0.508,"Res_time":14.4,"Elevation":519,"Slope_100":2.07,"Wshd_area":88.7,"Pour_long":102.512724,"Pour_lat":53.311814,"source_id":"hydrolakes:1324736","label":""},"geometry":{"type":"Polygon","coordinates":[[[102.51291937934064,53.31194715711848],[102.51305555555604,53.31152777777828],[102.50652506510454,53.31221950954898],[102.50625271267398,53.31528049045187],[102.50236382378506,53.31914767795172],[102.50547851562555,53.31939697265665],[102.50680826822969,53.318058268229606],[102.50874728732686,53.31527506510457],[102.51041395399335,53.31360839843785],[102.51291937934064,53.31194715711848]]]}},{"type":"Feature","id":"hydrolakes:1324815","properties":{"Hylak_id":1324815,"Lake_name":"","Country":"Russia","Continent":"Europe","Poly_src":"SWBD","Lake_type":1,"Grand_id":0,"Lake_area":0.3,"Shore_len":3.2,"Shore_dev":1.64,"Vol_total":2.27,"Vol_res":0.0,"Vol_src":3,"Depth_avg":7.5,"Dis_avg":0.077,"Res_time":341.3,"Elevation":1732,"Slope_100":10.52,"Wshd_area":7.2,"Pour_long":100.121836,"Pour_lat":53.298361,"source_id":"hydrolakes:1324815","label":""},"geometry":{"type":"Polygon","coordinates":[[[100.12151241726355,53.29668212890658],[100.1213888888891,53.29625000000033],[100.11904313829234,53.29638807508718],[100.11929019504146,53.296959906684435],[100.11984575059716,53.29740478515657],[100.11959869384793,53.298626573351044],[100.11904313829234,53.299071451823295],[100.11984575059716,53.29990478515663],[100.11959869384793,53.30029324001788],[100.11737647162562,53.30067979600727],[100.11762352837474,53.301682128906634],[100.11795385572668,53.301946614583755],[100.11669739617264,53.302947319878854],[100.1149027252199,53.303460557726055],[100.11459869384788,53.304182128906575],[100.11370635986344,53.305007324219105],[100.11459869384788,53.30526231553864],[100.11504358079713,53.30581787109412],[100.11964513990642,53.30556830512194],[100.11870933532737,53.30500000000035],[100.12015424940353,53.303904351128836],[100.12040130615247,53.303040093316326],[100.12151241726355,53.30137342664983],[100.12348758273686,53.30001546223991],[100.12373463948609,53.2991512044274],[100.12484575059688,53.29787299262193],[100.12454472012018,53.297061360677446],[100.12151241726355,53.29668212890658]]]}},{"type":"Feature","id":"hydrolakes:1324926","properties":{"Hylak_id":1324926,"Lake_name":"","Country":"Russia","Continent":"Europe","Poly_src":"SWBD","Lake_type":1,"Grand_id":0,"Lake_area":0.44,"Shore_len":3.61,"Shore_dev":1.54,"Vol_total":1.76,"Vol_res":0.0,"Vol_src":3,"Depth_avg":4.0,"Dis_avg":0.436,"Res_time":46.6,"Elevation":495,"Slope_100":2.56,"Wshd_area":168.1,"Pour_long":102.838878,"Pour_lat":53.278877,"source_id":"hydrolakes:1324926","label":""},"geometry":{"type":"Polygon","coordinates":[[[102.83984564887186,53.27862657335106],[102.83972222222263,53.27847222222255],[102.8379852973095,53.27861138237887],[102.83663601345529,53.27899712456639],[102.83570990668437,53.280293240017784],[102.83459879557336,53.28096815321214],[102.83565266927116,53.28164388020872],[102.83817898220536,53.28195990668439],[102.83793212890669,53.282515462239985],[102.83737657335104,53.28296034071229],[102.83929009331638,53.28366644965314],[102.83901367187548,53.284864908854615],[102.83706678602482,53.285421549479565],[102.83595675998305,53.28609564887188],[102.83570990668437,53.28668212890676],[102.8341965060767,53.28711480034758],[102.83348768446211,53.28768256293438],[102.83379096137196,53.28884223090313],[102.8356995985248,53.289079589844164],[102.83651231553853,53.28831787109408],[102.84040120442745,53.28665120442747],[102.84182101779561,53.286404351128795],[102.84262342665,53.285262315538546],[102.8440432400177,53.283904351128854],[102.84429009331637,53.283317871094084],[102.8459567599831,53.28176188151082],[102.84561008029544,53.28121663411497],[102.84086317274352,53.27955186631982],[102.83984564887186,53.27862657335106]]]}},{"type":"Feature","id":"hydrolakes:1325000","properties":{"Hylak_id":1325000,"Lake_name":"","Country":"Russia","Continent":"Europe","Poly_src":"SWBD","Lake_type":1,"Grand_id":0,"Lake_area":0.12,"Shore_len":1.71,"Shore_dev":1.41,"Vol_total":0.78,"Vol_res":0.0,"Vol_src":3,"Depth_avg":6.7,"Dis_avg":0.116,"Res_time":77.6,"Elevation":1625,"Slope_100":11.06,"Wshd_area":10.8,"Pour_long":100.077034,"Pour_lat":53.265507,"source_id":"hydrolakes:1325000","label":""},"geometry":{"type":"Polygon","coordinates":[[[100.07594679090727,53.26224772135458],[100.07583333333355,53.26208333333369],[100.07490347120512,53.262322048611395],[100.07312335544196,53.263611653646194],[100.07460876464853,53.26441894531291],[100.07516432020412,53.26497450086839],[100.07540373060465,53.26649359809079],[100.07773163689518,53.26758056640671],[100.07950771755674,53.267978786892684],[100.08020116170263,53.267500000000325],[100.078724568685,53.26641438802136],[100.07849765353745,53.26553005642393],[100.07705790201851,53.2644699435769],[100.07683098687096,53.26330783420178],[100.07594679090727,53.26224772135458]]]}},{"type":"Feature","id":"hydrolakes:1325317","properties":{"Hylak_id":1325317,"Lake_name":"","Country":"Russia","Continent":"Europe","Poly_src":"SWBD","Lake_type":1,"Grand_id":0,"Lake_area":0.46,"Shore_len":2.84,"Shore_dev":1.18,"Vol_total":2.07,"Vol_res":0.0,"Vol_src":3,"Depth_avg":4.5,"Dis_avg":0.488,"Res_time":49.1,"Elevation":478,"Slope_100":3.17,"Wshd_area":65.0,"Pour_long":102.319792,"Pour_lat":53.206668,"source_id":"hydrolakes:1325317","label":""},"geometry":{"type":"Polygon","coordinates":[[[102.3204087999136,53.205007866753874],[102.31874213324687,53.204992133247],[102.31736897786487,53.206952311198336],[102.31403564453171,53.210285644531666],[102.31181342230929,53.21152750651083],[102.31207546658027,53.21195231119833],[102.31612413194478,53.21224500868101],[102.3183618164066,53.213047688802476],[102.3207023111982,53.21278564453161],[102.32125786675374,53.212230088976014],[102.32151991102461,53.211381022135754],[102.32459120008713,53.209730088976016],[102.32514675564266,53.20917453342054],[102.32540879991353,53.20832546658022],[102.32596435546901,53.20782904730953],[102.32565538194473,53.20677707248302],[102.3204087999136,53.205007866753874]]]}},{"type":"Feature","id":"hydrolakes:1325464","properties":{"Hylak_id":1325464,"Lake_name":"","Country":"Russia","Continent":"Europe","Poly_src":"SWBD","Lake_type":1,"Grand_id":0,"Lake_area":0.16,"Shore_len":2.11,"Shore_dev":1.48,"Vol_total":0.49,"Vol_res":0.0,"Vol_src":3,"Depth_avg":3.0,"Dis_avg":0.027,"Res_time":209.7,"Elevation":556,"Slope_100":1.94,"Wshd_area":11.1,"Pour_long":102.924775,"Pour_lat":53.176406,"source_id":"hydrolakes:1325464","label":""},"geometry":{"type":"Polygon","coordinates":[[[102.93150499131991,53.170856119792006],[102.93138888888922,53.17069444444485],[102.9293212890629,53.17121934678852],[102.92905056423649,53.172245008680875],[102.92817165798647,53.172754991319835],[102.92793945312553,53.17363389756986],[102.92650499131986,53.17386610243091],[102.9262727864587,53.1744672309033],[102.92485649956637,53.1748410373267],[102.9246061197922,53.17668945312539],[102.92410210503505,53.177051052517754],[102.92678358289982,53.17791531033026],[102.92793945312553,53.17724500868093],[102.92817165798647,53.17608832465322],[102.9292827690976,53.174977213542036],[102.93016167534762,53.1744672309033],[102.93039388020878,53.17358832465328],[102.9312727864588,53.17280056423647],[102.93150499131991,53.17164388020882],[102.9320543077261,53.171250000000384],[102.93150499131991,53.170856119792006]]]}},{"type":"Feature","id":"hydrolakes:1326129","properties":{"Hylak_id":1326129,"Lake_name":"","Country":"Russia","Continent":"Europe","Poly_src":"SWBD","Lake_type":1,"Grand_id":0,"Lake_area":0.36,"Shore_len":3.78,"Shore_dev":1.77,"Vol_total":1.46,"Vol_res":0.0,"Vol_src":3,"Depth_avg":4.0,"Dis_avg":0.027,"Res_time":627.3,"Elevation":522,"Slope_100":2.71,"Wshd_area":12.9,"Pour_long":103.102161,"Pour_lat":53.0446,"source_id":"hydrolakes:1326129","label":""},"geometry":{"type":"Polygon","coordinates":[[[103.10682101779554,53.04370632595521],[103.10866834852465,53.04345160590316],[103.11019531250037,53.04403862847272],[103.11095675998303,53.043428548177474],[103.11070990668446,53.043040093316336],[103.10929009331653,53.04223768446212],[103.10904324001785,53.040817871094134],[103.1086111111116,53.04041666666711],[103.10765082465332,53.0406911892365],[103.10737657335102,53.04195990668438],[103.10470160590313,53.04229437934072],[103.10095675998309,53.04387342664978],[103.10070990668436,53.044459906684324],[103.10015435112888,53.044904785156575],[103.10095675998309,53.047515462239915],[103.10203993055592,53.04817328559068],[103.10126546224012,53.0487936740455],[103.10151231553868,53.049737684462116],[103.10195855034755,53.05009494357671],[103.09959879557329,53.05076958550387],[103.10061794704899,53.05109564887192],[103.10651231553862,53.05083794487899],[103.10595675998331,53.05001546223997],[103.10570990668452,53.04887342664961],[103.10459879557328,53.047872992621876],[103.10486300998303,53.04597195095516],[103.10676405164986,53.04542833116352],[103.1070678710941,53.044706759982944],[103.10756917317735,53.044305555556036],[103.10682101779554,53.04370632595521]]]}},{"type":"Feature","id":"hydrolakes:1326289","properties":{"Hylak_id":1326289,"Lake_name":"","Country":"Russia","Continent":"Europe","Poly_src":"SWBD","Lake_type":1,"Grand_id":0,"Lake_area":0.12,"Shore_len":1.58,"Shore_dev":1.3,"Vol_total":0.61,"Vol_res":0.0,"Vol_src":3,"Depth_avg":5.2,"Dis_avg":0.024,"Res_time":293.7,"Elevation":1519,"Slope_100":6.52,"Wshd_area":2.5,"Pour_long":100.457128,"Pour_lat":53.01113,"source_id":"hydrolakes:1326289","label":""},"geometry":{"type":"Polygon","coordinates":[[[100.46070980495898,53.009459906684356],[100.46083333333365,53.008472222222565],[100.45880245632623,53.00872612847252],[100.45682091607006,53.01001546223995],[100.4559568617081,53.01026231553857],[100.45570980495904,53.01140435112882],[100.4551822238501,53.01182671441012],[100.45626536051446,53.01248453776077],[100.45661651611374,53.013317871094216],[100.4604013061525,53.012818196614944],[100.45959869384797,53.011373426649754],[100.45909756130669,53.01097222222256],[100.46070980495898,53.009459906684356]]]}},{"type":"Feature","id":"hydrolakes:1326913","properties":{"Hylak_id":1326913,"Lake_name":"","Country":"Russia","Continent":"Europe","Poly_src":"SWBD","Lake_type":1,"Grand_id":0,"Lake_area":0.22,"Shore_len":2.46,"Shore_dev":1.47,"Vol_total":0.87,"Vol_res":0.0,"Vol_src":3,"Depth_avg":3.9,"Dis_avg":0.03,"Res_time":336.8,"Elevation":587,"Slope_100":3.04,"Wshd_area":62.6,"Pour_long":104.650807,"Pour_lat":52.904839,"source_id":"hydrolakes:1326913","label":""},"geometry":{"type":"Polygon","coordinates":[[[104.63985839843798,52.90111382378501],[104.63792154947976,52.901132269965785],[104.63847764757014,52.90166666666698],[104.63818901909775,52.90194444444495],[104.63903049045194,52.90277506510449],[104.63941623263935,52.90357014973995],[104.644030490452,52.904441731771215],[104.64437717013942,52.90550998263922],[104.64729871961868,52.90610839843782],[104.6504595269102,52.90580566406288],[104.65096950954916,52.90527506510466],[104.65208062066023,52.9049145507816],[104.65169379340324,52.9042423502608],[104.64942708333393,52.90326171875029],[104.64152506510482,52.902502712673936],[104.63985839843798,52.90111382378501]]]}},{"type":"Feature","id":"hydrolakes:1327035","properties":{"Hylak_id":1327035,"Lake_name":"","Country":"Russia","Continent":"Europe","Poly_src":"SWBD","Lake_type":1,"Grand_id":0,"Lake_area":0.31,"Shore_len":2.29,"Shore_dev":1.17,"Vol_total":0.84,"Vol_res":0.0,"Vol_src":3,"Depth_avg":2.7,"Dis_avg":0.207,"Res_time":46.9,"Elevation":549,"Slope_100":1.29,"Wshd_area":184.9,"Pour_long":104.962236,"Pour_lat":52.87842,"source_id":"hydrolakes:1327035","label":""},"geometry":{"type":"Polygon","coordinates":[[[104.97205783420196,52.87474772135454],[104.97194444444506,52.874583333333646],[104.96983561197976,52.874696723090665],[104.96794216579929,52.87613661024341],[104.96183105468822,52.87795030381983],[104.96208116319502,52.879012858073395],[104.9637093098965,52.87969672309066],[104.97253092447971,52.879466145833646],[104.9734977213547,52.878914388021315],[104.97372450086868,52.878307834201735],[104.97428005642428,52.877924262153044],[104.9740532769103,52.87636338975727],[104.97294216579928,52.875252278646144],[104.97205783420196,52.87474772135454]]]}},{"type":"Feature","id":"hydrolakes:1327121","properties":{"Hylak_id":1327121,"Lake_name":"","Country":"Russia","Continent":"Europe","Poly_src":"SWBD","Lake_type":1,"Grand_id":0,"Lake_area":0.12,"Shore_len":2.06,"Shore_dev":1.7,"Vol_total":0.47,"Vol_res":0.0,"Vol_src":3,"Depth_avg":4.1,"Dis_avg":0.026,"Res_time":211.0,"Elevation":537,"Slope_100":4.04,"Wshd_area":59.8,"Pour_long":104.453715,"Pour_lat":52.862967,"source_id":"hydrolakes:1327121","label":""},"geometry":{"type":"Polygon","coordinates":[[[104.46009928385462,52.86192003038235],[104.45972222222281,52.86152777777812],[104.45589328342078,52.86177761501784],[104.45374728732685,52.86249728732673],[104.45291937934093,52.8633143446184],[104.46708062066034,52.86305148654549],[104.46680826822961,52.86249728732673],[104.46009928385462,52.86192003038235]]]}},{"type":"Feature","id":"hydrolakes:1327225","properties":{"Hylak_id":1327225,"Lake_name":"","Country":"Russia","Continent":"Europe","Poly_src":"SWBD","Lake_type":1,"Grand_id":0,"Lake_area":0.3,"Shore_len":3.21,"Shore_dev":1.65,"Vol_total":0.74,"Vol_res":0.0,"Vol_src":3,"Depth_avg":2.4,"Dis_avg":0.007,"Res_time":1216.1,"Elevation":419,"Slope_100":1.02,"Wshd_area":13.4,"Pour_long":103.603852,"Pour_lat":52.837049,"source_id":"hydrolakes:1327225","label":""},"geometry":{"type":"Polygon","coordinates":[[[103.61207302517408,52.83679904513917],[103.60972222222279,52.835416666667015],[103.60773573133736,52.83558268229211],[103.60732259114633,52.83650851779544],[103.60384765625037,52.836414659288494],[103.60348253038251,52.837232530382266],[103.60292697482686,52.8377880859378],[103.6015174696185,52.83860080295176],[103.60126030816019,52.84028808593786],[103.60040635850731,52.84082302517396],[103.60014919704918,52.84251030816006],[103.59959364149358,52.8431220160594],[103.60016113281296,52.84361111111144],[103.59966606987905,52.84403781467057],[103.60056016710115,52.844711914062884],[103.60229275173663,52.84407552083371],[103.60262858072974,52.843323025174016],[103.605149197049,52.841954752604465],[103.60540635850731,52.84124891493093],[103.60373969184064,52.84028808593786],[103.60348253038251,52.83946044921913],[103.60626030816019,52.83917697482673],[103.60883572048652,52.838578559028065],[103.60968967013929,52.83770534939259],[103.61207302517408,52.83679904513917]]]}},{"type":"Feature","id":"hydrolakes:1327276","properties":{"Hylak_id":1327276,"Lake_name":"","Country":"Russia","Continent":"Europe","Poly_src":"SWBD","Lake_type":1,"Grand_id":0,"Lake_area":0.43,"Shore_len":2.95,"Shore_dev":1.27,"Vol_total":0.86,"Vol_res":0.0,"Vol_src":3,"Depth_avg":2.0,"Dis_avg":42.884,"Res_time":0.2,"Elevation":418,"Slope_100":0.61,"Wshd_area":6005.5,"Pour_long":103.03812,"Pour_lat":52.823039,"source_id":"hydrolakes:1327276","label":""},"geometry":{"type":"Polygon","coordinates":[[[103.03707302517404,52.82028808593793],[103.036944444445,52.820138888889176],[103.03495795355957,52.82030490451427],[103.03459364149353,52.82112141927121],[103.03403808593788,52.82167697482669],[103.03151746961845,52.82193413628505],[103.03014919704896,52.822510308160076],[103.02769287109425,52.82283175998293],[103.02737141927139,52.823899197049],[103.02681586371568,52.824377983941304],[103.0270730251741,52.82501030816013],[103.02818413628512,52.825706380208715],[103.02681586371568,52.8271557617191],[103.02712429470529,52.82858100043427],[103.02862304687534,52.82870144314268],[103.031176757813,52.826684841580175],[103.03558837890654,52.82631618923648],[103.03737141927121,52.825288085937984],[103.03873969184065,52.823677571614894],[103.03848253038245,52.82221191406279],[103.03818413628517,52.82195475260454],[103.0379269748268,52.82082302517392],[103.03707302517404,52.82028808593793]]]}},{"type":"Feature","id":"hydrolakes:1327360","properties":{"Hylak_id":1327360,"Lake_name":"","Country":"Russia","Continent":"Europe","Poly_src":"SWBD","Lake_type":1,"Grand_id":0,"Lake_area":0.32,"Shore_len":2.34,"Shore_dev":1.16,"Vol_total":0.83,"Vol_res":0.0,"Vol_src":3,"Depth_avg":2.6,"Dis_avg":0.001,"Res_time":9641.8,"Elevation":433,"Slope_100":1.14,"Wshd_area":1.0,"Pour_long":103.635417,"Pour_lat":52.805665,"source_id":"hydrolakes:1327360","label":""},"geometry":{"type":"Polygon","coordinates":[[[103.63317898220527,52.80251546223997],[103.63305555555593,52.80236111111145],[103.63073920355947,52.8024975585941],[103.62984564887194,52.803040093316326],[103.62737657335111,52.805182562934306],[103.62767388237893,52.805984157986416],[103.63261501736167,52.808040093316265],[103.63593668619836,52.80700113932323],[103.64029893663246,52.80645534939271],[103.64090250651083,52.80597222222252],[103.63998562283041,52.80505208333369],[103.63702609592059,52.804536946614974],[103.63317898220527,52.80251546223997]]]}},{"type":"Feature","id":"hydrolakes:1327387","properties":{"Hylak_id":1327387,"Lake_name":"","Country":"Russia","Continent":"Europe","Poly_src":"SWBD","Lake_type":1,"Grand_id":0,"Lake_area":0.27,"Shore_len":2.11,"Shore_dev":1.15,"Vol_total":0.63,"Vol_res":0.0,"Vol_src":3,"Depth_avg":2.3,"Dis_avg":0.0,"Res_time":-1.0,"Elevation":433,"Slope_100":0.98,"Wshd_area":0.8,"Pour_long":103.635855,"Pour_lat":52.801318,"source_id":"hydrolakes:1327387","label":""},"geometry":{"type":"Polygon","coordinates":[[[103.6392952473962,52.798065863715635],[103.6372878689242,52.79807373046907],[103.63681586371575,52.79862141927123],[103.6354063585074,52.79943413628507],[103.63348253038242,52.80132242838573],[103.63387668185828,52.80186631944474],[103.6354063585074,52.80251030816015],[103.63681586371575,52.8027674696184],[103.6405078125004,52.80414062500029],[103.64246446397607,52.80429768880242],[103.64318413628513,52.80367757161508],[103.6429269748271,52.80248969184066],[103.64150553385463,52.800833333333685],[103.64207302517406,52.80034423828164],[103.64040635850745,52.79917697482682],[103.64014919704908,52.79860080295174],[103.6392952473962,52.798065863715635]]]}},{"type":"Feature","id":"hydrolakes:1327393","properties":{"Hylak_id":1327393,"Lake_name":"","Country":"Russia","Continent":"Europe","Poly_src":"SWBD","Lake_type":1,"Grand_id":0,"Lake_area":0.24,"Shore_len":2.46,"Shore_dev":1.42,"Vol_total":0.88,"Vol_res":0.0,"Vol_src":3,"Depth_avg":3.7,"Dis_avg":0.029,"Res_time":350.1,"Elevation":544,"Slope_100":2.58,"Wshd_area":52.7,"Pour_long":104.584195,"Pour_lat":52.79917,"source_id":"hydrolakes:1327393","label":""},"geometry":{"type":"Polygon","coordinates":[[[104.58540635850744,52.79978868272616],[104.58514919704919,52.79887858072948],[104.58250000000066,52.79736111111146],[104.57929524739643,52.79748969184061],[104.57459418402846,52.799233669705245],[104.57562771267413,52.80026746961835],[104.57792697482716,52.8000103081601],[104.57911241319488,52.799574924045544],[104.57997938368106,52.80043728298642],[104.58151746961852,52.80090033637185],[104.5801491970492,52.80181749131975],[104.58045518663249,52.803302951389185],[104.58246419270887,52.80346435546903],[104.58348253038247,52.80251030816015],[104.58373969184095,52.801100802951794],[104.58540635850744,52.79978868272616]]]}},{"type":"Feature","id":"hydrolakes:1327500","properties":{"Hylak_id":1327500,"Lake_name":"","Country":"Russia","Continent":"Europe","Poly_src":"SWBD","Lake_type":1,"Grand_id":0,"Lake_area":0.1,"Shore_len":1.61,"Shore_dev":1.43,"Vol_total":0.67,"Vol_res":0.0,"Vol_src":3,"Depth_avg":6.6,"Dis_avg":0.117,"Res_time":66.2,"Elevation":1552,"Slope_100":11.49,"Wshd_area":12.6,"Pour_long":101.234342,"Pour_lat":52.771589,"source_id":"hydrolakes:1327500","label":""},"geometry":{"type":"Polygon","coordinates":[[[101.23658840603332,52.77163438585097],[101.23736640082495,52.77083875868095],[101.23750000000024,52.769583333333685],[101.23652248806457,52.76971679687529],[101.23403306749162,52.77083875868095],[101.23176812066015,52.771469997830195],[101.22875949435792,52.77135064019143],[101.22847751193598,52.77197998046904],[101.2295376247834,52.773039279514194],[101.23514417860264,52.77222764756982],[101.23658840603332,52.77163438585097]]]}},{"type":"Feature","id":"hydrolakes:1327551","properties":{"Hylak_id":1327551,"Lake_name":"","Country":"Russia","Continent":"Europe","Poly_src":"SWBD","Lake_type":1,"Grand_id":0,"Lake_area":0.87,"Shore_len":4.28,"Shore_dev":1.29,"Vol_total":4.47,"Vol_res":0.0,"Vol_src":3,"Depth_avg":5.1,"Dis_avg":0.124,"Res_time":417.3,"Elevation":1687,"Slope_100":3.43,"Wshd_area":13.5,"Pour_long":100.726715,"Pour_lat":52.755405,"source_id":"hydrolakes:1327551","label":""},"geometry":{"type":"Polygon","coordinates":[[[100.71991733127192,52.75956271701426],[100.72255920410191,52.75949381510446],[100.72292697482669,52.7591769748268],[100.72321716308608,52.757899848090574],[100.72485080295166,52.757211914062964],[100.72792697482663,52.75639919704901],[100.72848253038211,52.75584364149341],[100.72873969184059,52.754711914062796],[100.72929524739618,52.75423312717061],[100.72861111111149,52.75319444444477],[100.72540635850726,52.75332302517393],[100.72262858072935,52.75387858072952],[100.72126030815986,52.754454752604545],[100.70651746961835,52.75637858072952],[100.70485080295163,52.75693413628511],[100.7045936414932,52.75751030816002],[100.70372768825979,52.75833333333361],[100.70502848307314,52.75966118706634],[100.70853000217062,52.76097059461836],[100.71282958984392,52.761316189236425],[100.71848253038229,52.76084364149341],[100.71873969184043,52.76054524739618],[100.71959364149325,52.76028808593793],[100.71991733127192,52.75956271701426]]]}},{"type":"Feature","id":"hydrolakes:1327995","properties":{"Hylak_id":1327995,"Lake_name":"","Country":"Russia","Continent":"Europe","Poly_src":"SWBD","Lake_type":1,"Grand_id":0,"Lake_area":0.44,"Shore_len":2.58,"Shore_dev":1.1,"Vol_total":2.39,"Vol_res":0.0,"Vol_src":3,"Depth_avg":5.4,"Dis_avg":0.096,"Res_time":288.4,"Elevation":442,"Slope_100":4.81,"Wshd_area":114.6,"Pour_long":103.610417,"Pour_lat":52.648192,"source_id":"hydrolakes:1327995","label":""},"geometry":{"type":"Polygon","coordinates":[[[103.60925157335123,52.65110324435801],[103.61125786675393,52.650007866753754],[103.61263102213587,52.64866238064275],[103.61181342230952,52.64721435546909],[103.60972222222279,52.645972222222554],[103.60190185546918,52.6465543619795],[103.59948432074685,52.64700547960098],[103.59792453342055,52.64821451822962],[103.59818657769154,52.649730088976014],[103.5989624023444,52.650532226562916],[103.60095757378514,52.65095838758708],[103.6038888888894,52.65078369140656],[103.60925157335123,52.65110324435801]]]}},{"type":"Feature","id":"hydrolakes:1327996","properties":{"Hylak_id":1327996,"Lake_name":"","Country":"Russia","Continent":"Europe","Poly_src":"SWBD","Lake_type":1,"Grand_id":0,"Lake_area":0.14,"Shore_len":1.97,"Shore_dev":1.49,"Vol_total":0.65,"Vol_res":0.0,"Vol_src":3,"Depth_avg":4.7,"Dis_avg":0.105,"Res_time":72.1,"Elevation":425,"Slope_100":5.02,"Wshd_area":153.1,"Pour_long":104.042237,"Pour_lat":52.647917,"source_id":"hydrolakes:1327996","label":""},"geometry":{"type":"Polygon","coordinates":[[[104.04650227864647,52.6441921657991],[104.04638888888934,52.64402777777809],[104.0426133897576,52.644141167535],[104.04205783420178,52.6446967230907],[104.04183105468815,52.64530327691],[104.04016438802125,52.646797960069705],[104.04039116753512,52.64946994357666],[104.04110351562554,52.65025227864612],[104.04238661024345,52.65002549913237],[104.0426133897576,52.64886338975725],[104.04372450086862,52.64822916666702],[104.04349772135464,52.64691894531279],[104.04294216579905,52.646535373264214],[104.04316894531303,52.64608561197946],[104.04705783420195,52.64482476128501],[104.04650227864647,52.6441921657991]]]}},{"type":"Feature","id":"hydrolakes:1328124","properties":{"Hylak_id":1328124,"Lake_name":"","Country":"Russia","Continent":"Europe","Poly_src":"SWBD","Lake_type":1,"Grand_id":0,"Lake_area":0.63,"Shore_len":4.71,"Shore_dev":1.68,"Vol_total":1.52,"Vol_res":0.0,"Vol_src":3,"Depth_avg":2.4,"Dis_avg":0.003,"Res_time":5869.8,"Elevation":407,"Slope_100":0.81,"Wshd_area":2.6,"Pour_long":103.93948,"Pour_lat":52.618377,"source_id":"hydrolakes:1328124","label":""},"geometry":{"type":"Polygon","coordinates":[[[103.9451443142367,52.61607557508722],[103.94588324652824,52.615390896267684],[103.9445887586811,52.61443901909752],[103.9413978407124,52.61271565755243],[103.93818901909788,52.611672092014146],[103.93792209201456,52.61082790798645],[103.93750000000057,52.61041666666699],[103.93561903211867,52.61058051215309],[103.93514431423654,52.61114664713574],[103.93569986979213,52.61166124131978],[103.93603379991373,52.61271620008711],[103.93847764756987,52.61305013020865],[103.94233018663272,52.61453803168439],[103.94263346354211,52.616033257378774],[103.94119493272609,52.615528971354536],[103.93983561197979,52.61443684895869],[103.93617377387199,52.61361653645861],[103.93433430989631,52.61426106770881],[103.93403320312564,52.61583875868092],[103.93236653645891,52.61917209201431],[103.93152235243105,52.61999457465305],[103.93125542534762,52.62059109158025],[103.93200629340328,52.62128689236147],[103.93778401692771,52.62061767578166],[103.93930013020878,52.61999457465305],[103.94177761501788,52.61965603298643],[103.94564778645884,52.61823106553851],[103.94596679687572,52.61718668619824],[103.9451443142367,52.61607557508722]]]}},{"type":"Feature","id":"hydrolakes:1328243","properties":{"Hylak_id":1328243,"Lake_name":"","Country":"Russia","Continent":"Europe","Poly_src":"SWBD","Lake_type":1,"Grand_id":0,"Lake_area":0.24,"Shore_len":2.53,"Shore_dev":1.46,"Vol_total":0.76,"Vol_res":0.0,"Vol_src":3,"Depth_avg":3.2,"Dis_avg":0.026,"Res_time":339.1,"Elevation":406,"Slope_100":1.96,"Wshd_area":20.9,"Pour_long":103.942344,"Pour_lat":52.592548,"source_id":"hydrolakes:1328243","label":""},"geometry":{"type":"Polygon","coordinates":[[[103.94151746961847,52.58473253038238],[103.94138888888949,52.584583333333796],[103.93903808593802,52.58477973090311],[103.93929524739644,52.586676974826844],[103.94071912977483,52.58749782986149],[103.93903808593802,52.58917697482667],[103.93798366970526,52.589837510851055],[103.93848253038237,52.59026746961831],[103.93873969184085,52.59112141927113],[103.93959364149362,52.59193413628509],[103.9398939344623,52.59358018663221],[103.941854383681,52.59373779296902],[103.94318413628537,52.59290473090306],[103.94292697482695,52.5886008029517],[103.9423714192713,52.58812201605929],[103.94318413628537,52.58728868272607],[103.94292697482695,52.58582302517408],[103.94151746961847,52.58473253038238]]]}},{"type":"Feature","id":"hydrolakes:1328245","properties":{"Hylak_id":1328245,"Lake_name":"","Country":"Russia","Continent":"Europe","Poly_src":"SWBD","Lake_type":1,"Grand_id":0,"Lake_area":0.11,"Shore_len":1.53,"Shore_dev":1.3,"Vol_total":0.37,"Vol_res":0.0,"Vol_src":3,"Depth_avg":3.3,"Dis_avg":0.086,"Res_time":49.6,"Elevation":1220,"Slope_100":2.66,"Wshd_area":9.3,"Pour_long":101.695535,"Pour_lat":52.591876,"source_id":"hydrolakes:1328245","label":""},"geometry":{"type":"Polygon","coordinates":[[[101.6926133897573,52.588636610243384],[101.6925000000004,52.58847222222249],[101.69127549913253,52.58878634982676],[101.69150227864617,52.58974772135451],[101.69405327691015,52.59108561197945],[101.69571994357665,52.59219672309058],[101.6960719129778,52.59270670572948],[101.69751451280405,52.59303005642391],[101.69872450086831,52.59240885416693],[101.69849772135456,52.59108561197945],[101.69785563151066,52.590405002170485],[101.69324205186655,52.589070638021155],[101.6926133897573,52.588636610243384]]]}},{"type":"Feature","id":"hydrolakes:1328577","properties":{"Hylak_id":1328577,"Lake_name":"","Country":"Russia","Continent":"Europe","Poly_src":"SWBD","Lake_type":1,"Grand_id":0,"Lake_area":0.69,"Shore_len":4.07,"Shore_dev":1.39,"Vol_total":1.47,"Vol_res":0.0,"Vol_src":3,"Depth_avg":2.1,"Dis_avg":0.002,"Res_time":8478.6,"Elevation":408,"Slope_100":0.6,"Wshd_area":1.4,"Pour_long":103.968672,"Pour_lat":52.518382,"source_id":"hydrolakes:1328577","label":""},"geometry":{"type":"Polygon","coordinates":[[[103.97594943576445,52.506689453125375],[103.97583333333387,52.5065277777781],[103.97474310980948,52.50665473090305],[103.97100775824708,52.50760335286503],[103.97071723090335,52.50835611979198],[103.96983832465332,52.50942165798642],[103.96960611979227,52.510578342014185],[103.96928276909784,52.51081054687529],[103.96905056423645,52.511689453125314],[103.96706054687542,52.513588324653085],[103.96682291666713,52.51932237413223],[103.96460611979211,52.519906955295426],[103.96490044487899,52.520758734809306],[103.96600368923669,52.52097683376775],[103.97054280599014,52.519366861979506],[103.97238389756984,52.51835611979203],[103.97317165798665,52.51747721354201],[103.97460611979227,52.51668945312542],[103.97571723090317,52.51557834201424],[103.97594943576445,52.514699435764214],[103.97627278645876,52.51446723090311],[103.97650499131998,52.513032769097606],[103.97705430772618,52.51263888888917],[103.97650499131998,52.51224500868091],[103.97571723090317,52.51081054687529],[103.97516167534769,52.5104123263892],[103.97594943576445,52.50886610243083],[103.97650499131998,52.50846788194474],[103.97627278645876,52.50692165798637],[103.97594943576445,52.506689453125375]]]}},{"type":"Feature","id":"hydrolakes:1328605","properties":{"Hylak_id":1328605,"Lake_name":"","Country":"Russia","Continent":"Europe","Poly_src":"SWBD","Lake_type":1,"Grand_id":0,"Lake_area":0.21,"Shore_len":2.17,"Shore_dev":1.32,"Vol_total":0.99,"Vol_res":0.0,"Vol_src":3,"Depth_avg":4.6,"Dis_avg":0.131,"Res_time":87.7,"Elevation":443,"Slope_100":4.28,"Wshd_area":95.6,"Pour_long":104.247382,"Pour_lat":52.510709,"source_id":"hydrolakes:1328605","label":""},"geometry":{"type":"Polygon","coordinates":[[[104.2490733506952,52.5108789062503],[104.24916666666707,52.5090277777781],[104.24537109375069,52.509121093750366],[104.24518446180628,52.50976779513917],[104.2442599826395,52.51050998263918],[104.24407335069509,52.51115668402804],[104.24351779513938,52.51143771701419],[104.24371148003536,52.51662109375036],[104.24574001736158,52.51643446180583],[104.24629557291718,52.51587890625029],[104.24648220486159,52.5143988715281],[104.24740668402848,52.51365668402809],[104.24759331597289,52.513009982639176],[104.24851779513949,52.51254557291702],[104.24870442708391,52.511065538194714],[104.2490733506952,52.5108789062503]]]}},{"type":"Feature","id":"hydrolakes:1328720","properties":{"Hylak_id":1328720,"Lake_name":"","Country":"Russia","Continent":"Europe","Poly_src":"SWBD","Lake_type":1,"Grand_id":0,"Lake_area":0.63,"Shore_len":3.4,"Shore_dev":1.2,"Vol_total":2.66,"Vol_res":0.0,"Vol_src":3,"Depth_avg":4.2,"Dis_avg":0.221,"Res_time":139.4,"Elevation":425,"Slope_100":2.51,"Wshd_area":109.3,"Pour_long":103.814587,"Pour_lat":52.485413,"source_id":"hydrolakes:1328720","label":""},"geometry":{"type":"Polygon","coordinates":[[[103.82263346354227,52.481661241319784],[103.82533962673659,52.480175781250296],[103.82472222222265,52.47958333333361],[103.82263346354227,52.47971679687532],[103.81929551866381,52.4804760742191],[103.81719129774348,52.479738498264226],[103.81419433593817,52.48036566840318],[103.81063937717062,52.48169325086832],[103.80930013020878,52.48277235243091],[103.80874457465319,52.483605685764246],[103.80847764756987,52.48503553602461],[103.80930013020878,52.48583875868081],[103.81146294487888,52.48705620659763],[103.81485568576443,52.48806098090313],[103.81608940972268,52.488327907986445],[103.81901068793456,52.4877167426219],[103.81930013020894,52.484994574653115],[103.81985568576454,52.48416124131978],[103.82181098090342,52.48306098090319],[103.82236653645884,52.48250542534748],[103.82263346354227,52.481661241319784]]]}},{"type":"Feature","id":"hydrolakes:1329576","properties":{"Hylak_id":1329576,"Lake_name":"","Country":"Russia","Continent":"Europe","Poly_src":"SWBD","Lake_type":1,"Grand_id":0,"Lake_area":0.15,"Shore_len":1.58,"Shore_dev":1.14,"Vol_total":0.89,"Vol_res":0.0,"Vol_src":3,"Depth_avg":5.8,"Dis_avg":0.052,"Res_time":197.1,"Elevation":1504,"Slope_100":7.63,"Wshd_area":7.6,"Pour_long":101.946316,"Pour_lat":52.30072,"source_id":"hydrolakes:1329576","label":""},"geometry":{"type":"Polygon","coordinates":[[[101.94680772569478,52.30127197265654],[101.94694444444468,52.29875000000038],[101.94462402343788,52.29936984592035],[101.94214152018276,52.298828396267766],[101.94058078342044,52.29895372178845],[101.93929524739622,52.29998969184055],[101.93903808593785,52.30070095486144],[101.94171440972252,52.30218614366345],[101.9450477430558,52.301918402778085],[101.94680772569478,52.30127197265654]]]}},{"type":"Feature","id":"hydrolakes:1329598","properties":{"Hylak_id":1329598,"Lake_name":"","Country":"Russia","Continent":"Europe","Poly_src":"SWBD","Lake_type":1,"Grand_id":0,"Lake_area":0.27,"Shore_len":2.25,"Shore_dev":1.22,"Vol_total":1.55,"Vol_res":0.0,"Vol_src":3,"Depth_avg":5.7,"Dis_avg":0.371,"Res_time":48.2,"Elevation":1753,"Slope_100":6.12,"Wshd_area":41.5,"Pour_long":101.268618,"Pour_lat":52.297889,"source_id":"hydrolakes:1329598","label":""},"geometry":{"type":"Polygon","coordinates":[[[101.26611721462695,52.293562282986386],[101.26583333333372,52.29319444444468],[101.26297932942748,52.29332438151067],[101.26182345920176,52.29401584201423],[101.26237901475736,52.29470431857675],[101.26262098524342,52.295573459201705],[101.2651567925351,52.29720431857663],[101.26626790364617,52.29831542968782],[101.26656222873288,52.29903455946214],[101.2687303331166,52.29998209635443],[101.27137044270864,52.299534233941415],[101.27202650282146,52.299027777778065],[101.26984320746567,52.296962348090574],[101.2696012369795,52.29498209635449],[101.2689141167537,52.29425618489614],[101.26611721462695,52.293562282986386]]]}},{"type":"Feature","id":"hydrolakes:1329773","properties":{"Hylak_id":1329773,"Lake_name":"","Country":"Russia","Continent":"Europe","Poly_src":"SWBD","Lake_type":1,"Grand_id":0,"Lake_area":0.41,"Shore_len":2.93,"Shore_dev":1.28,"Vol_total":3.29,"Vol_res":0.0,"Vol_src":3,"Depth_avg":7.9,"Dis_avg":0.16,"Res_time":238.3,"Elevation":1849,"Slope_100":10.74,"Wshd_area":18.1,"Pour_long":101.264119,"Pour_lat":52.264687,"source_id":"hydrolakes:1329773","label":""},"geometry":{"type":"Polygon","coordinates":[[[101.26373467339442,52.25751546223984],[101.26361111111129,52.257361111111436],[101.26212972005243,52.25754638671907],[101.26182088216194,52.25862657335114],[101.25984578450561,52.26054009331625],[101.25959865993951,52.26140435112876],[101.25848754882833,52.26240478515649],[101.25873467339443,52.264182128906555],[101.25929022895002,52.26501546223983],[101.26126532660624,52.266651204427376],[101.26156846788223,52.26737060546907],[101.26428181966185,52.26859564887184],[101.26570977105087,52.267515462239885],[101.26595689561651,52.26554009331636],[101.26645792643257,52.26513888888917],[101.26540134006103,52.264182128906555],[101.26515421549516,52.26165120442744],[101.26465318467922,52.261250000000246],[101.26540134006103,52.26065077039959],[101.26515421549516,52.25859564887179],[101.26373467339442,52.25751546223984]]]}},{"type":"Feature","id":"hydrolakes:1329855","properties":{"Hylak_id":1329855,"Lake_name":"","Country":"Russia","Continent":"Europe","Poly_src":"SWBD","Lake_type":1,"Grand_id":0,"Lake_area":0.25,"Shore_len":2.61,"Shore_dev":1.48,"Vol_total":1.81,"Vol_res":0.0,"Vol_src":3,"Depth_avg":7.3,"Dis_avg":0.059,"Res_time":355.2,"Elevation":1886,"Slope_100":10.61,"Wshd_area":6.7,"Pour_long":101.514259,"Pour_lat":52.250688,"source_id":"hydrolakes:1329855","label":""},"geometry":{"type":"Polygon","coordinates":[[[101.51219143337704,52.248502875434326],[101.5116723632816,52.24785454644126],[101.51027777777813,52.2473185221358],[101.50840047200563,52.24804009331643],[101.50706800672776,52.24779324001764],[101.50651245117223,52.24723768446211],[101.50626532660635,52.245540093316265],[101.50527777777808,52.24486111111139],[101.50350830078145,52.24500271267385],[101.50237643771754,52.24569037543438],[101.50262356228313,52.246682128906514],[101.50682088216166,52.249151204427335],[101.50720065646738,52.24962565104198],[101.50984578450544,52.25084879557329],[101.51215508355074,52.25165120442739],[101.51484578450561,52.25129909939261],[101.5145807562937,52.24929361979201],[101.51219143337704,52.248502875434326]]]}},{"type":"Feature","id":"hydrolakes:1329861","properties":{"Hylak_id":1329861,"Lake_name":"","Country":"Russia","Continent":"Europe","Poly_src":"SWBD","Lake_type":1,"Grand_id":0,"Lake_area":0.28,"Shore_len":2.57,"Shore_dev":1.37,"Vol_total":0.93,"Vol_res":0.0,"Vol_src":3,"Depth_avg":3.3,"Dis_avg":0.246,"Res_time":43.7,"Elevation":1889,"Slope_100":1.96,"Wshd_area":29.3,"Pour_long":100.688356,"Pour_lat":52.248003,"source_id":"hydrolakes:1329861","label":""},"geometry":{"type":"Polygon","coordinates":[[[100.68959113227027,52.24971435546905],[100.68929775661923,52.24945231119818],[100.68903557671462,52.24749213324685],[100.68873345269128,52.24722222222255],[100.68903557671462,52.24695231119824],[100.68929775661923,52.24582546658013],[100.68978997124583,52.24538574218775],[100.68803704155846,52.24436523437538],[100.68638888888916,52.24375000000032],[100.68404642740916,52.24394992404558],[100.68531087239614,52.24513888888913],[100.68480217827721,52.24559353298656],[100.68279602050814,52.2455710177955],[100.68236891004801,52.24622992621562],[100.68374220106358,52.24734103732675],[100.6826310899524,52.248047688802444],[100.68236891004801,52.24889675564259],[100.68191134982652,52.24930555555585],[100.68242004394546,52.24976019965311],[100.68441507975297,52.24964111328154],[100.68771843804285,52.250872395833596],[100.69036966959663,52.25046929253506],[100.68959113227027,52.24971435546905]]]}},{"type":"Feature","id":"hydrolakes:1329877","properties":{"Hylak_id":1329877,"Lake_name":"","Country":"Russia","Continent":"Europe","Poly_src":"SWBD","Lake_type":1,"Grand_id":0,"Lake_area":0.19,"Shore_len":1.64,"Shore_dev":1.06,"Vol_total":1.22,"Vol_res":0.0,"Vol_src":3,"Depth_avg":6.4,"Dis_avg":0.007,"Res_time":2010.6,"Elevation":1862,"Slope_100":8.78,"Wshd_area":0.9,"Pour_long":101.88781,"Pour_lat":52.246498,"source_id":"hydrolakes:1329877","label":""},"geometry":{"type":"Polygon","coordinates":[[[101.88609049479209,52.24377061631969],[101.88583333333366,52.243472222222465],[101.88262505425394,52.24374050564262],[101.88070475260446,52.245211317274595],[101.88151746961842,52.246121419271105],[101.88348253038237,52.2472119140628],[101.88395548502655,52.24776068793443],[101.88672797309056,52.24798366970532],[101.88873969184067,52.24645534939276],[101.88845960829025,52.2445559353302],[101.88609049479209,52.24377061631969]]]}},{"type":"Feature","id":"hydrolakes:1329883","properties":{"Hylak_id":1329883,"Lake_name":"","Country":"Russia","Continent":"Europe","Poly_src":"SWBD","Lake_type":1,"Grand_id":0,"Lake_area":0.13,"Shore_len":2.14,"Shore_dev":1.7,"Vol_total":0.24,"Vol_res":0.0,"Vol_src":3,"Depth_avg":1.9,"Dis_avg":0.001,"Res_time":2816.9,"Elevation":434,"Slope_100":0.82,"Wshd_area":0.1,"Pour_long":104.12184,"Pour_lat":52.244971,"source_id":"hydrolakes:1329883","label":""},"geometry":{"type":"Polygon","coordinates":[[[104.12095187717068,52.24057590060801],[104.12083333333396,52.239861111111395],[104.11904812283046,52.23999782986135],[104.11928521050396,52.243631456163484],[104.12039632161515,52.24428575303847],[104.12015923394154,52.24502034505235],[104.11960367838606,52.24543375651075],[104.12071478949696,52.246924099392686],[104.121046006945,52.24775743272613],[104.12285997178884,52.24743543836837],[104.12370686849005,52.24680555555585],[104.12261854383729,52.245575900607946],[104.12238145616374,52.244701877170485],[104.12036566840328,52.24249755859415],[104.12150743272628,52.241825358073186],[104.12127034505255,52.24081298828156],[104.12095187717068,52.24057590060801]]]}},{"type":"Feature","id":"hydrolakes:1329894","properties":{"Hylak_id":1329894,"Lake_name":"","Country":"Russia","Continent":"Europe","Poly_src":"SWBD","Lake_type":1,"Grand_id":0,"Lake_area":0.53,"Shore_len":4.7,"Shore_dev":1.82,"Vol_total":1.07,"Vol_res":0.0,"Vol_src":3,"Depth_avg":2.0,"Dis_avg":0.155,"Res_time":80.1,"Elevation":435,"Slope_100":0.58,"Wshd_area":32.2,"Pour_long":104.103177,"Pour_lat":52.242989,"source_id":"hydrolakes:1329894","label":""},"geometry":{"type":"Polygon","coordinates":[[[104.10447509765669,52.24128065321213],[104.10487358941015,52.240783148871856],[104.1073752170143,52.24109429253497],[104.10817898220546,52.242008192274625],[104.10626546224023,52.24272243923639],[104.1076453993062,52.24311713324681],[104.11061062283028,52.2426391601565],[104.11095675998314,52.242206759982935],[104.11235107421953,52.24180826822936],[104.11262342664986,52.24046034071222],[104.11203965928883,52.23999267578154],[104.11293212890689,52.23973768446211],[104.11348768446237,52.239182128906634],[104.11404324001808,52.23834879557319],[104.11429009331647,52.236972113715524],[104.11174560546931,52.23634440104195],[104.11058702256997,52.23635823567736],[104.11027777777821,52.23597222222247],[104.10929307725763,52.23619601779541],[104.10775661892404,52.23600477430597],[104.10737657335113,52.23626464843784],[104.10904324001797,52.23720675998288],[104.10929009331653,52.23772894965305],[104.10706787109422,52.23695990668432],[104.10682101779565,52.2366512044274],[104.10504367404576,52.236404351128726],[104.10459879557351,52.23695990668432],[104.10206787109422,52.23776231553853],[104.10126546224012,52.23862657335104],[104.1003795030386,52.23916449652802],[104.1009567599832,52.23980658637191],[104.09985622829925,52.2396698676219],[104.0995987955734,52.24057101779539],[104.09814751519144,52.240823567708674],[104.09864095052131,52.24121853298641],[104.10058620876777,52.24177490234405],[104.1015123155388,52.242793240017704],[104.1039195421011,52.24371934678851],[104.10444444444494,52.244374728732964],[104.10574490017416,52.243327365451705],[104.10274468316021,52.242412651910115],[104.10237657335131,52.24188069661483],[104.10447509765669,52.24128065321213]]]}},{"type":"Feature","id":"hydrolakes:1329901","properties":{"Hylak_id":1329901,"Lake_name":"","Country":"Russia","Continent":"Europe","Poly_src":"SWBD","Lake_type":1,"Grand_id":0,"Lake_area":0.1,"Shore_len":1.51,"Shore_dev":1.31,"Vol_total":0.66,"Vol_res":0.0,"Vol_src":3,"Depth_avg":6.3,"Dis_avg":0.014,"Res_time":548.6,"Elevation":2154,"Slope_100":10.3,"Wshd_area":1.6,"Pour_long":101.278815,"Pour_lat":52.241356,"source_id":"hydrolakes:1329901","label":""},"geometry":{"type":"Polygon","coordinates":[[[101.28681342230931,52.24056342230932],[101.28694444444471,52.240138888889135],[101.28403564453163,52.24056342230932],[101.27893920898475,52.24088270399329],[101.27792453342039,52.241893174913514],[101.2782984754777,52.242769911024595],[101.28373752170165,52.24249484592042],[101.28681342230931,52.24056342230932]]]}},{"type":"Feature","id":"hydrolakes:1329912","properties":{"Hylak_id":1329912,"Lake_name":"","Country":"Russia","Continent":"Europe","Poly_src":"SWBD","Lake_type":1,"Grand_id":0,"Lake_area":0.14,"Shore_len":1.91,"Shore_dev":1.42,"Vol_total":0.47,"Vol_res":0.0,"Vol_src":3,"Depth_avg":3.3,"Dis_avg":0.078,"Res_time":70.1,"Elevation":1900,"Slope_100":2.35,"Wshd_area":9.5,"Pour_long":100.680622,"Pour_lat":52.239053,"source_id":"hydrolakes:1329912","label":""},"geometry":{"type":"Polygon","coordinates":[[[100.68152248806445,52.23833875868081],[100.68117126464881,52.237594401041974],[100.6790330674915,52.23666124131978],[100.67673665364612,52.2363476562503],[100.67638888888911,52.23597222222247],[100.67292195638049,52.23614746093784],[100.6732398817278,52.23776312934058],[100.67727749294738,52.237676595052505],[100.67847751193591,52.23888346354198],[100.67879659016955,52.24022298177118],[100.68085523817314,52.24065375434071],[100.68207804361992,52.239479980469014],[100.68152248806445,52.23833875868081]]]}},{"type":"Feature","id":"hydrolakes:1329918","properties":{"Hylak_id":1329918,"Lake_name":"","Country":"Russia","Continent":"Europe","Poly_src":"SWBD","Lake_type":1,"Grand_id":0,"Lake_area":0.23,"Shore_len":2.29,"Shore_dev":1.35,"Vol_total":0.42,"Vol_res":0.0,"Vol_src":3,"Depth_avg":1.8,"Dis_avg":0.142,"Res_time":34.4,"Elevation":435,"Slope_100":0.63,"Wshd_area":29.3,"Pour_long":104.096875,"Pour_lat":52.238334,"source_id":"hydrolakes:1329918","label":""},"geometry":{"type":"Polygon","coordinates":[[[104.09840304904554,52.23966715494822],[104.0995860460074,52.238891601562784],[104.09985839843807,52.23833062066001],[104.10152506510457,52.23734130859407],[104.10125271267412,52.23694173177114],[104.10040961371573,52.236668023003745],[104.10070176866367,52.236387261284904],[104.09857394748309,52.23578721788226],[104.10152506510457,52.23584743923635],[104.10125271267412,52.23527506510442],[104.10014160156294,52.234441731771085],[104.09861111111155,52.23375000000033],[104.09763617621576,52.23388617621566],[104.09711615668454,52.23442708333357],[104.09443901909776,52.23541124131975],[104.09347493489628,52.23666937934058],[104.0923638237852,52.237029893663475],[104.09653049045198,52.23917507595519],[104.09790337456644,52.23914713541711],[104.09840304904554,52.23966715494822]]]}},{"type":"Feature","id":"hydrolakes:1329921","properties":{"Hylak_id":1329921,"Lake_name":"","Country":"Russia","Continent":"Europe","Poly_src":"SWBD","Lake_type":1,"Grand_id":0,"Lake_area":0.3,"Shore_len":2.49,"Shore_dev":1.28,"Vol_total":0.69,"Vol_res":0.0,"Vol_src":3,"Depth_avg":2.3,"Dis_avg":6.262,"Res_time":1.3,"Elevation":433,"Slope_100":0.9,"Wshd_area":635.4,"Pour_long":104.12944,"Pour_lat":52.237928,"source_id":"hydrolakes:1329921","label":""},"geometry":{"type":"Polygon","coordinates":[[[104.12761338975758,52.23085883246563],[104.12750000000062,52.23041666666694],[104.12468668619834,52.23053656684061],[104.1236843532991,52.23110866970512],[104.12428005642414,52.231520182292],[104.12397488064283,52.232125108507205],[104.12261338975753,52.23247450086848],[104.1220209418409,52.233055555555836],[104.1223866102435,52.23330783420164],[104.12372450086866,52.23558105468783],[104.12460883246581,52.23608561197943],[104.12483561197968,52.236969943576696],[104.1251643880214,52.23719672309056],[104.12542643229216,52.237897135417086],[104.1275585937505,52.23886338975734],[104.1296061197923,52.23836859809052],[104.12983561197967,52.2374745008683],[104.130218098959,52.23721055772609],[104.12928005642408,52.236969943576696],[104.12905327691033,52.23497450086842],[104.12872450086849,52.23474772135455],[104.12849772135473,52.23191894531277],[104.12761338975758,52.23085883246563]]]}},{"type":"Feature","id":"hydrolakes:1329940","properties":{"Hylak_id":1329940,"Lake_name":"","Country":"Russia","Continent":"Europe","Poly_src":"SWBD","Lake_type":1,"Grand_id":0,"Lake_area":0.15,"Shore_len":1.69,"Shore_dev":1.25,"Vol_total":0.43,"Vol_res":0.0,"Vol_src":3,"Depth_avg":3.0,"Dis_avg":0.073,"Res_time":68.9,"Elevation":1902,"Slope_100":1.92,"Wshd_area":8.9,"Pour_long":100.675267,"Pour_lat":52.233484,"source_id":"hydrolakes:1329940","label":""},"geometry":{"type":"Polygon","coordinates":[[[100.67540127224407,52.229459906684326],[100.6752777777782,52.22930555555581],[100.67392001681873,52.229475368923886],[100.6734876166451,52.23001546224003],[100.6723765055342,52.230690375434335],[100.67295118543854,52.23138888888923],[100.67095682779967,52.23304009331633],[100.67070983886737,52.23390435112873],[100.67015428331177,52.23434922960098],[100.67133931477878,52.234922688802385],[100.6726234944665,52.2344289822052],[100.67441433376769,52.23411756727455],[100.67651238335532,52.23293131510451],[100.67626539442301,52.231095648871985],[100.67595682779972,52.230848795573195],[100.67570983886753,52.229706759983],[100.67540127224407,52.229459906684326]]]}},{"type":"Feature","id":"hydrolakes:1329979","properties":{"Hylak_id":1329979,"Lake_name":"","Country":"Russia","Continent":"Europe","Poly_src":"SWBD","Lake_type":1,"Grand_id":0,"Lake_area":0.16,"Shore_len":1.9,"Shore_dev":1.33,"Vol_total":0.61,"Vol_res":0.0,"Vol_src":3,"Depth_avg":3.8,"Dis_avg":0.341,"Res_time":20.6,"Elevation":1841,"Slope_100":3.1,"Wshd_area":42.0,"Pour_long":100.607676,"Pour_lat":52.223524,"source_id":"hydrolakes:1329979","label":""},"geometry":{"type":"Polygon","coordinates":[[[100.61214653862868,52.22619845920167],[100.61608032226576,52.226191948785015],[100.61707553439703,52.2257820638024],[100.61651123046909,52.22527777777816],[100.61682359483524,52.22499864366347],[100.6159644232859,52.22445231119826],[100.61535773383275,52.22357313368093],[100.61398118760866,52.22365532769129],[100.60861111111126,52.22291666666695],[100.60632792154962,52.22301893446212],[100.60570224338142,52.22354682074683],[100.6079244656035,52.22415879991354],[100.60995083279113,52.225050726996926],[100.6104088677302,52.22556342230928],[100.61181335449231,52.22582546658015],[100.61214653862868,52.22619845920167]]]}},{"type":"Feature","id":"hydrolakes:1329980","properties":{"Hylak_id":1329980,"Lake_name":"","Country":"Russia","Continent":"Europe","Poly_src":"SWBD","Lake_type":1,"Grand_id":0,"Lake_area":0.68,"Shore_len":6.02,"Shore_dev":2.06,"Vol_total":3.27,"Vol_res":0.0,"Vol_src":3,"Depth_avg":4.8,"Dis_avg":0.068,"Res_time":556.2,"Elevation":455,"Slope_100":3.2,"Wshd_area":13.9,"Pour_long":104.188824,"Pour_lat":52.223115,"source_id":"hydrolakes:1329980","label":""},"geometry":{"type":"Polygon","coordinates":[[[104.17430284288235,52.20666937934055],[104.17416666666725,52.205416666666906],[104.17319173177145,52.205552842882184],[104.17236382378513,52.20636990017391],[104.17306694878528,52.207083333333685],[104.17208062066027,52.20805284288218],[104.17070448133728,52.20997395833359],[104.17347493489632,52.2102750651045],[104.17430284288235,52.21139160156281],[104.17569715711863,52.212219509548845],[104.17596950954919,52.21333604600727],[104.17874728732687,52.21639160156275],[104.18142795138937,52.21816758897597],[104.18069715711857,52.21886990017396],[104.1809695095493,52.21944715711851],[104.18152506510461,52.22028049045167],[104.1831917317715,52.22126980251767],[104.18291937934089,52.222780490451726],[104.18125271267405,52.22310601128498],[104.1831917317715,52.22387695312523],[104.18193305121588,52.22513888888915],[104.18289713541714,52.226107855903024],[104.18536187066019,52.22615831163222],[104.19014811197968,52.22277615017407],[104.18874728732715,52.22250271267387],[104.18680826822981,52.22085232204893],[104.18736680772639,52.22027777777805],[104.1865250651046,52.21944715711851],[104.18569715711857,52.21805284288223],[104.18347493489648,52.21610839843777],[104.18152506510461,52.21500271267388],[104.17958604600756,52.21277506510444],[104.17763617621569,52.211113823784956],[104.17736382378513,52.2102750651045],[104.17596950954919,52.20916937934061],[104.17569715711863,52.20805284288218],[104.17430284288235,52.20666937934055]]]}},{"type":"Feature","id":"hydrolakes:1330028","properties":{"Hylak_id":1330028,"Lake_name":"","Country":"Russia","Continent":"Europe","Poly_src":"SWBD","Lake_type":1,"Grand_id":0,"Lake_area":0.13,"Shore_len":1.49,"Shore_dev":1.17,"Vol_total":1.21,"Vol_res":0.0,"Vol_src":3,"Depth_avg":9.4,"Dis_avg":0.015,"Res_time":933.3,"Elevation":2143,"Slope_100":21.88,"Wshd_area":1.7,"Pour_long":101.380208,"Pour_lat":52.214844,"source_id":"hydrolakes:1330028","label":""},"geometry":{"type":"Polygon","coordinates":[[[101.38540879991353,52.21278564453149],[101.38260810004368,52.21280626085098],[101.37792453342041,52.214689127604345],[101.37828342013927,52.21550564236145],[101.38080851237004,52.21604519314269],[101.38359551323805,52.21512315538223],[101.38651991102455,52.2145773654517],[101.38625786675374,52.213603244357955],[101.38540879991353,52.21278564453149]]]}},{"type":"Feature","id":"hydrolakes:1330045","properties":{"Hylak_id":1330045,"Lake_name":"","Country":"Russia","Continent":"Europe","Poly_src":"SWBD","Lake_type":1,"Grand_id":0,"Lake_area":0.1,"Shore_len":1.66,"Shore_dev":1.44,"Vol_total":0.77,"Vol_res":0.0,"Vol_src":3,"Depth_avg":7.3,"Dis_avg":0.051,"Res_time":173.7,"Elevation":1922,"Slope_100":13.84,"Wshd_area":5.9,"Pour_long":101.54181,"Pour_lat":52.211996,"source_id":"hydrolakes:1330045","label":""},"geometry":{"type":"Polygon","coordinates":[[[101.54095689561672,52.21057101779553],[101.5408333333337,52.2104166666669],[101.53904310438406,52.210640462239894],[101.53929022894994,52.21140435112886],[101.53959865993966,52.21165120442737],[101.53984578450542,52.21279324001762],[101.54126532660615,52.21470675998296],[101.54155883789099,52.2160630967885],[101.54405409071211,52.216373426649625],[101.54404310438406,52.21526231553844],[101.54373467339434,52.21501546223976],[101.54348754882847,52.21387342664957],[101.54262356228344,52.213348795573154],[101.54206800672785,52.21251546223999],[101.54182088216174,52.21137342664963],[101.54095689561672,52.21057101779553]]]}},{"type":"Feature","id":"hydrolakes:1330127","properties":{"Hylak_id":1330127,"Lake_name":"","Country":"Russia","Continent":"Europe","Poly_src":"SWBD","Lake_type":1,"Grand_id":0,"Lake_area":0.26,"Shore_len":2.36,"Shore_dev":1.31,"Vol_total":2.17,"Vol_res":0.0,"Vol_src":3,"Depth_avg":8.4,"Dis_avg":0.06,"Res_time":417.7,"Elevation":1985,"Slope_100":14.12,"Wshd_area":7.1,"Pour_long":101.259847,"Pour_lat":52.196866,"source_id":"hydrolakes:1330127","label":""},"geometry":{"type":"Polygon","coordinates":[[[101.25595187717045,52.18974256727461],[101.25583333333356,52.189583333333644],[101.25462375217046,52.18972764756978],[101.25407104492228,52.19013888888918],[101.25515923394124,52.19109076605935],[101.25539632161497,52.19335367838568],[101.25627034505231,52.19442409939262],[101.25650743272587,52.19613145616347],[101.25738145616356,52.19692409939262],[101.25769612630245,52.197715928819775],[101.25955050998283,52.198035210503804],[101.26150743272598,52.1976369900176],[101.26127034505248,52.19525743272601],[101.26095187717038,52.1950203450524],[101.26071478949689,52.19359076605929],[101.25928521050378,52.192520345052515],[101.25904812283005,52.191646321614826],[101.25849256727457,52.19109076605935],[101.25726304796052,52.19009819878505],[101.25595187717045,52.18974256727461]]]}},{"type":"Feature","id":"hydrolakes:1330200","properties":{"Hylak_id":1330200,"Lake_name":"","Country":"Russia","Continent":"Europe","Poly_src":"SWBD","Lake_type":1,"Grand_id":0,"Lake_area":0.16,"Shore_len":1.77,"Shore_dev":1.26,"Vol_total":0.77,"Vol_res":0.0,"Vol_src":3,"Depth_avg":5.0,"Dis_avg":0.141,"Res_time":63.6,"Elevation":1975,"Slope_100":5.51,"Wshd_area":16.9,"Pour_long":101.342708,"Pour_lat":52.181127,"source_id":"hydrolakes:1330200","label":""},"geometry":{"type":"Polygon","coordinates":[[[101.34039876302103,52.177795681423845],[101.340277777778,52.17763888888925],[101.33904568142395,52.17798204210101],[101.33928765191013,52.17946234809068],[101.33960123697938,52.179704318576626],[101.33984320746555,52.180573459201696],[101.34071234809056,52.18109320746561],[101.3418234592018,52.182204318576794],[101.34215074327295,52.18300401475739],[101.34425876193603,52.18331542968781],[101.34650987413227,52.182940538194714],[101.34626790364621,52.18192654079894],[101.34571234809061,52.18137098524335],[101.34428765190995,52.180573459201696],[101.34237901475728,52.17887098524329],[101.34039876302103,52.177795681423845]]]}},{"type":"Feature","id":"hydrolakes:1330201","properties":{"Hylak_id":1330201,"Lake_name":"","Country":"Russia","Continent":"Europe","Poly_src":"SWBD","Lake_type":1,"Grand_id":0,"Lake_area":0.16,"Shore_len":1.62,"Shore_dev":1.14,"Vol_total":0.23,"Vol_res":0.0,"Vol_src":3,"Depth_avg":1.5,"Dis_avg":6.124,"Res_time":0.4,"Elevation":445,"Slope_100":0.43,"Wshd_area":621.5,"Pour_long":104.118837,"Pour_lat":52.18124,"source_id":"hydrolakes:1330201","label":""},"geometry":{"type":"Polygon","coordinates":[[[104.11928765191016,52.17918457031283],[104.11873209635468,52.179148763021146],[104.11571234809082,52.180573459201696],[104.1140456814241,52.18103759765654],[104.11706542968807,52.18251790364616],[104.11934787326447,52.18331542968781],[104.12015679253534,52.18307345920175],[104.12317654079908,52.18127766927108],[104.1229125976567,52.18016710069486],[104.11989691840319,52.1796549479169],[104.11928765191016,52.17918457031283]]]}},{"type":"Feature","id":"hydrolakes:1330276","properties":{"Hylak_id":1330276,"Lake_name":"","Country":"Russia","Continent":"Europe","Poly_src":"SWBD","Lake_type":1,"Grand_id":0,"Lake_area":0.13,"Shore_len":1.58,"Shore_dev":1.26,"Vol_total":0.78,"Vol_res":0.0,"Vol_src":3,"Depth_avg":6.2,"Dis_avg":0.101,"Res_time":89.3,"Elevation":1988,"Slope_100":9.3,"Wshd_area":12.2,"Pour_long":101.323417,"Pour_lat":52.16802,"source_id":"hydrolakes:1330276","label":""},"geometry":{"type":"Polygon","coordinates":[[[101.32262356228324,52.166126573350994],[101.32250000000033,52.16597222222248],[101.32070977105053,52.16619601779547],[101.32151245117205,52.1677932400176],[101.32317911783883,52.16918212890653],[101.32459865993945,52.169984537760854],[101.32503133138061,52.170524902344084],[101.32729153103327,52.17080593533012],[101.32817911783889,52.170095214844025],[101.32793199327278,52.16942898220515],[101.32651245117216,52.168626573350934],[101.3257097710507,52.167762315538425],[101.32429022894996,52.16695990668444],[101.32391967773464,52.16649712456632],[101.32262356228324,52.166126573350994]]]}},{"type":"Feature","id":"hydrolakes:1330279","properties":{"Hylak_id":1330279,"Lake_name":"","Country":"Russia","Continent":"Europe","Poly_src":"SWBD","Lake_type":1,"Grand_id":0,"Lake_area":0.27,"Shore_len":2.03,"Shore_dev":1.11,"Vol_total":0.97,"Vol_res":0.0,"Vol_src":3,"Depth_avg":3.7,"Dis_avg":0.045,"Res_time":249.8,"Elevation":447,"Slope_100":2.49,"Wshd_area":8.6,"Pour_long":104.104679,"Pour_lat":52.167901,"source_id":"hydrolakes:1330279","label":""},"geometry":{"type":"Polygon","coordinates":[[[104.10208062066016,52.165558268229404],[104.10194444444505,52.1651388888892],[104.10041395399367,52.165275065104424],[104.09797417534787,52.16608154296898],[104.09514160156311,52.16795355902809],[104.09541395399373,52.168613823784995],[104.0979193793408,52.16999728732662],[104.09844265408032,52.17054172092037],[104.1000981987853,52.17110839843781],[104.10274658203167,52.16990505642394],[104.103747287327,52.16888617621572],[104.10570339626787,52.16777696397594],[104.10407497829902,52.167248535156546],[104.10208062066016,52.165558268229404]]]}},{"type":"Feature","id":"hydrolakes:1330333","properties":{"Hylak_id":1330333,"Lake_name":"","Country":"Russia","Continent":"Europe","Poly_src":"SWBD","Lake_type":1,"Grand_id":0,"Lake_area":0.25,"Shore_len":2.36,"Shore_dev":1.34,"Vol_total":2.1,"Vol_res":0.0,"Vol_src":3,"Depth_avg":8.5,"Dis_avg":0.028,"Res_time":867.8,"Elevation":1972,"Slope_100":14.56,"Wshd_area":4.0,"Pour_long":101.81875,"Pour_lat":52.155729,"source_id":"hydrolakes:1330333","label":""},"geometry":{"type":"Polygon","coordinates":[[[101.81985080295186,52.14862141927114],[101.8197222222226,52.14847222222255],[101.81766425238737,52.148644205729454],[101.81737141927124,52.1505658637156],[101.81707302517407,52.15082302517402],[101.81681586371559,52.15334364149328],[101.8157047526044,52.15437798394129],[101.81597913954016,52.156830783420446],[101.817773166233,52.15748969184057],[101.81951280381986,52.15713595920164],[101.81985080295186,52.15637858072944],[101.82096191406288,52.15534423828154],[101.82070475260451,52.15276746961848],[101.8204063585074,52.15251030816006],[101.82014919704892,52.14887858072956],[101.81985080295186,52.14862141927114]]]}},{"type":"Feature","id":"hydrolakes:1330335","properties":{"Hylak_id":1330335,"Lake_name":"","Country":"Russia","Continent":"Europe","Poly_src":"SWBD","Lake_type":1,"Grand_id":0,"Lake_area":0.2,"Shore_len":1.74,"Shore_dev":1.1,"Vol_total":1.71,"Vol_res":0.0,"Vol_src":3,"Depth_avg":8.7,"Dis_avg":0.04,"Res_time":495.5,"Elevation":2162,"Slope_100":16.37,"Wshd_area":4.9,"Pour_long":101.202091,"Pour_lat":52.155496,"source_id":"hydrolakes:1330335","label":""},"geometry":{"type":"Polygon","coordinates":[[[101.20537109375022,52.153656684028135],[101.20527777777818,52.15347222222255],[101.20092122395857,52.1535655381947],[101.1998155381948,52.154121093750234],[101.19962890625038,52.15504557291712],[101.19907335069479,52.15532660590304],[101.19926079644125,52.1561602105038],[101.20074652777816,52.15689887152803],[101.20685668945333,52.156711968316245],[101.20870442708355,52.155506727430804],[101.20851779513913,52.15495442708357],[101.20703776041705,52.15421223958356],[101.20685112847252,52.15384331597255],[101.20537109375022,52.153656684028135]]]}},{"type":"Feature","id":"hydrolakes:1330420","properties":{"Hylak_id":1330420,"Lake_name":"","Country":"Russia","Continent":"Europe","Poly_src":"SWBD","Lake_type":1,"Grand_id":0,"Lake_area":0.22,"Shore_len":2.35,"Shore_dev":1.42,"Vol_total":1.39,"Vol_res":0.0,"Vol_src":3,"Depth_avg":6.4,"Dis_avg":0.018,"Res_time":895.8,"Elevation":879,"Slope_100":8.47,"Wshd_area":14.0,"Pour_long":102.668217,"Pour_lat":52.135756,"source_id":"hydrolakes:1330420","label":""},"geometry":{"type":"Polygon","coordinates":[[[102.65716064453164,52.137039659288575],[102.6594287109379,52.13604980468779],[102.6611737738719,52.13666124131964],[102.66625542534769,52.1363943142365],[102.66710720486162,52.136095648871844],[102.66976671006978,52.136200900608],[102.66596679687558,52.13417209201418],[102.66527777777816,52.13347222222245],[102.66152235243095,52.13360568576417],[102.6582527669276,52.134255371094014],[102.65633219401104,52.13538438585101],[102.65699435763923,52.13599799262187],[102.65569986979222,52.136834038628706],[102.65716064453164,52.137039659288575]]]}},{"type":"Feature","id":"hydrolakes:1330434","properties":{"Hylak_id":1330434,"Lake_name":"","Country":"Russia","Continent":"Europe","Poly_src":"SWBD","Lake_type":1,"Grand_id":0,"Lake_area":0.17,"Shore_len":2.21,"Shore_dev":1.49,"Vol_total":1.27,"Vol_res":0.0,"Vol_src":3,"Depth_avg":7.3,"Dis_avg":0.091,"Res_time":161.0,"Elevation":2047,"Slope_100":11.77,"Wshd_area":11.2,"Pour_long":101.178402,"Pour_lat":52.132373,"source_id":"hydrolakes:1330434","label":""},"geometry":{"type":"Polygon","coordinates":[[[101.17936876085105,52.131780056423906],[101.17916666666684,52.1315277777781],[101.17737643771738,52.13175157335098],[101.17765380859413,52.13292073567732],[101.18135891384588,52.1340592447919],[101.18206800672766,52.13473768446204],[101.18404310438405,52.13581787109399],[101.18558688693594,52.13774712456626],[101.18736626519126,52.137968478732944],[101.18817911783873,52.13731743706626],[101.18793199327297,52.13665120442738],[101.18706800672783,52.13612657335102],[101.18682088216173,52.135540093316365],[101.18446601019986,52.13342990451429],[101.18182088216201,52.13220675998292],[101.17936876085105,52.131780056423906]]]}},{"type":"Feature","id":"hydrolakes:1330441","properties":{"Hylak_id":1330441,"Lake_name":"","Country":"Russia","Continent":"Europe","Poly_src":"SWBD","Lake_type":1,"Grand_id":0,"Lake_area":0.33,"Shore_len":2.2,"Shore_dev":1.09,"Vol_total":2.43,"Vol_res":0.0,"Vol_src":3,"Depth_avg":7.5,"Dis_avg":0.033,"Res_time":853.2,"Elevation":2205,"Slope_100":10.19,"Wshd_area":4.1,"Pour_long":101.44391,"Pour_lat":52.130789,"source_id":"hydrolakes:1330441","label":""},"geometry":{"type":"Polygon","coordinates":[[[101.44436672634583,52.12734266493095],[101.44416666666694,52.12708333333359],[101.44294867621568,52.12723225911486],[101.4415098741323,52.12803765190995],[101.44126790364624,52.128629014757166],[101.44071234809064,52.12905788845512],[101.44211778428843,52.13181233723992],[101.44373209635438,52.13251790364609],[101.44586914062546,52.132880859375234],[101.44768107096388,52.133593207465594],[101.44904568142397,52.13279568142394],[101.44928765191014,52.13164876302113],[101.44984320746562,52.13081542968774],[101.45095431857663,52.130150824653015],[101.45068060980924,52.12901746961836],[101.44753580729218,52.12788085937524],[101.44436672634583,52.12734266493095]]]}},{"type":"Feature","id":"hydrolakes:1330452","properties":{"Hylak_id":1330452,"Lake_name":"","Country":"Russia","Continent":"Europe","Poly_src":"SWBD","Lake_type":1,"Grand_id":0,"Lake_area":0.15,"Shore_len":1.77,"Shore_dev":1.29,"Vol_total":0.93,"Vol_res":0.0,"Vol_src":3,"Depth_avg":6.3,"Dis_avg":0.045,"Res_time":240.3,"Elevation":2172,"Slope_100":9.22,"Wshd_area":5.5,"Pour_long":101.334084,"Pour_lat":52.127088,"source_id":"hydrolakes:1330452","label":""},"geometry":{"type":"Polygon","coordinates":[[[101.33428005642395,52.12641438802109],[101.33416666666699,52.126250000000425],[101.33316894531288,52.126363389757216],[101.33238661024347,52.127247721354536],[101.33071994357675,52.12835883246555],[101.32794216579896,52.129815809462116],[101.32818806966179,52.131849500868384],[101.3296633572051,52.13218044704894],[101.33227308485272,52.13130099826412],[101.3329421657989,52.13058105468775],[101.33316894531288,52.12858561197942],[101.33483561197937,52.127368706597565],[101.33460883246568,52.126641167534956],[101.33428005642395,52.12641438802109]]]}},{"type":"Feature","id":"hydrolakes:1330454","properties":{"Hylak_id":1330454,"Lake_name":"","Country":"Russia","Continent":"Europe","Poly_src":"SWBD","Lake_type":1,"Grand_id":0,"Lake_area":0.21,"Shore_len":1.83,"Shore_dev":1.12,"Vol_total":1.65,"Vol_res":0.0,"Vol_src":3,"Depth_avg":7.7,"Dis_avg":0.209,"Res_time":91.2,"Elevation":2032,"Slope_100":12.54,"Wshd_area":27.9,"Pour_long":100.847478,"Pour_lat":52.126109,"source_id":"hydrolakes:1330454","label":""},"geometry":{"type":"Polygon","coordinates":[[[100.84484571668872,52.1225154622399],[100.8447222222224,52.1223611111115],[100.842648247613,52.12262044270858],[100.8423765055341,52.12418212890651],[100.84182094997851,52.12462700737865],[100.84206793891082,52.12557101779538],[100.8439160834422,52.12746419270866],[100.84638739691889,52.12786241319475],[100.84723646375903,52.12699652777809],[100.84984571668855,52.126542426215565],[100.84900607638917,52.124577365451614],[100.84762349446652,52.12418212890651],[100.84667229546466,52.12313232421906],[100.84484571668872,52.1225154622399]]]}},{"type":"Feature","id":"hydrolakes:1330471","properties":{"Hylak_id":1330471,"Lake_name":"","Country":"Russia","Continent":"Europe","Poly_src":"SWBD","Lake_type":1,"Grand_id":0,"Lake_area":0.11,"Shore_len":1.66,"Shore_dev":1.39,"Vol_total":0.85,"Vol_res":0.0,"Vol_src":3,"Depth_avg":7.5,"Dis_avg":0.108,"Res_time":90.8,"Elevation":2119,"Slope_100":14.33,"Wshd_area":13.3,"Pour_long":101.268472,"Pour_lat":52.123629,"source_id":"hydrolakes:1330471","label":""},"geometry":{"type":"Polygon","coordinates":[[[101.26762098524324,52.121406792535026],[101.26750000000021,52.1212500000002],[101.26628092447942,52.12139892578148],[101.26516994900214,52.122063530816206],[101.26626790364617,52.123037651910124],[101.26706542968782,52.124184570312934],[101.26793457031278,52.12470431857662],[101.26817654079883,52.12585123697954],[101.26945814344651,52.12718315972262],[101.27027058919299,52.127303331163546],[101.27095431857657,52.12677544487872],[101.27039876302115,52.126129014757396],[101.27015679253509,52.123870985243286],[101.2696012369795,52.123037651910124],[101.26873209635443,52.1225179036461],[101.26762098524324,52.121406792535026]]]}},{"type":"Feature","id":"hydrolakes:1330517","properties":{"Hylak_id":1330517,"Lake_name":"","Country":"Russia","Continent":"Europe","Poly_src":"SWBD","Lake_type":1,"Grand_id":0,"Lake_area":0.53,"Shore_len":3.55,"Shore_dev":1.37,"Vol_total":3.16,"Vol_res":0.0,"Vol_src":3,"Depth_avg":6.0,"Dis_avg":0.04,"Res_time":914.5,"Elevation":2127,"Slope_100":5.47,"Wshd_area":5.4,"Pour_long":100.942271,"Pour_lat":52.11331,"source_id":"hydrolakes:1330517","label":""},"geometry":{"type":"Polygon","coordinates":[[[100.94206542968789,52.11224012586831],[100.94194444444474,52.1120833333336],[100.93928765190998,52.11248209635448],[100.93762098524337,52.113037651910076],[100.93724738227019,52.11352159288219],[100.93626790364607,52.11390679253503],[100.93237901475715,52.11491021050375],[100.9326209852432,52.11640679253509],[100.9329345703128,52.116648763021146],[100.93317654079874,52.118073459201696],[100.93349012586839,52.118315429687755],[100.93373209635445,52.11918457031288],[100.93626790364607,52.12137098524329],[100.9365231662328,52.123752983941245],[100.93823662651931,52.12442654079888],[100.9401253933379,52.12409152560787],[100.94039876302105,52.12248209635442],[100.94095431857659,52.122053222656575],[100.94071234809064,52.12137098524329],[100.94015679253488,52.120942111545446],[100.94039876302105,52.11525987413239],[100.94317654079879,52.11348415798636],[100.94293457031273,52.11275987413222],[100.94206542968789,52.11224012586831]]]}},{"type":"Feature","id":"hydrolakes:1330557","properties":{"Hylak_id":1330557,"Lake_name":"","Country":"Russia","Continent":"Europe","Poly_src":"SWBD","Lake_type":1,"Grand_id":0,"Lake_area":0.2,"Shore_len":2.0,"Shore_dev":1.27,"Vol_total":1.06,"Vol_res":0.0,"Vol_src":3,"Depth_avg":5.4,"Dis_avg":0.003,"Res_time":4108.6,"Elevation":747,"Slope_100":6.11,"Wshd_area":2.8,"Pour_long":102.707292,"Pour_lat":52.101997,"source_id":"hydrolakes:1330557","label":""},"geometry":{"type":"Polygon","coordinates":[[[102.70870442708366,52.09865668402807],[102.70861111111162,52.09819444444469],[102.70537109375033,52.09828776041695],[102.70481553819474,52.09884331597249],[102.70462890625032,52.099490017361404],[102.70407335069484,52.099771050347556],[102.70425998263926,52.10087890625027],[102.70518446180591,52.10162109375028],[102.70537109375033,52.1042122395836],[102.70681803385469,52.10520968967052],[102.70703776041717,52.104121093750166],[102.70796223958365,52.10365668402818],[102.70814887152807,52.10300998263915],[102.70907335069484,52.102545572916995],[102.70925998263925,52.10134331597254],[102.7103710937505,52.10078504774333],[102.71018446180608,52.09995442708356],[102.70870442708366,52.09865668402807]]]}},{"type":"Feature","id":"hydrolakes:1330639","properties":{"Hylak_id":1330639,"Lake_name":"","Country":"Russia","Continent":"Europe","Poly_src":"SWBD","Lake_type":1,"Grand_id":0,"Lake_area":0.17,"Shore_len":1.71,"Shore_dev":1.18,"Vol_total":0.5,"Vol_res":0.0,"Vol_src":3,"Depth_avg":3.0,"Dis_avg":0.006,"Res_time":959.6,"Elevation":1969,"Slope_100":1.9,"Wshd_area":0.8,"Pour_long":101.144651,"Pour_lat":52.086768,"source_id":"hydrolakes:1330639","label":""},"geometry":{"type":"Polygon","coordinates":[[[101.14649726020002,52.08586371527821],[101.14638888888913,52.0856944444447],[101.14470865885471,52.08581136067738],[101.14294718424497,52.08705268012176],[101.14316392686669,52.08975260416702],[101.14350273980057,52.08996961805582],[101.1437194824224,52.09086371527803],[101.1443701171878,52.09156765408011],[101.14560221354213,52.09191406250028],[101.14682820638046,52.091522081163475],[101.1470528157555,52.08858072916706],[101.14760837131132,52.088225097656505],[101.14739162868949,52.08635850694475],[101.14649726020002,52.08586371527821]]]}},{"type":"Feature","id":"hydrolakes:1330682","properties":{"Hylak_id":1330682,"Lake_name":"","Country":"Russia","Continent":"Europe","Poly_src":"SWBD","Lake_type":1,"Grand_id":0,"Lake_area":0.18,"Shore_len":2.01,"Shore_dev":1.33,"Vol_total":0.4,"Vol_res":0.0,"Vol_src":3,"Depth_avg":2.2,"Dis_avg":0.009,"Res_time":510.2,"Elevation":2043,"Slope_100":0.96,"Wshd_area":1.1,"Pour_long":100.014606,"Pour_lat":52.076582,"source_id":"hydrolakes:1330682","label":""},"geometry":{"type":"Polygon","coordinates":[[[100.0195578638714,52.07825954861141],[100.01984574635838,52.076928982205175],[100.02027158101413,52.07658799913219],[100.01848758697543,52.07581787109399],[100.01601780997402,52.07550916883707],[100.01527777777824,52.07486111111149],[100.0139199977454,52.07503092447945],[100.01333896848917,52.07575656467043],[100.00990750842664,52.076782497830095],[100.0095986980865,52.07751546223983],[100.00908813582555,52.0779242621532],[100.01182574484108,52.07854600694469],[100.01500346501683,52.07741644965307],[100.01761512968284,52.07859564887178],[100.0195578638714,52.07825954861141]]]}},{"type":"Feature","id":"hydrolakes:1330748","properties":{"Hylak_id":1330748,"Lake_name":"","Country":"Russia","Continent":"Europe","Poly_src":"SWBD","Lake_type":1,"Grand_id":0,"Lake_area":0.17,"Shore_len":1.91,"Shore_dev":1.32,"Vol_total":0.48,"Vol_res":0.0,"Vol_src":3,"Depth_avg":2.9,"Dis_avg":0.044,"Res_time":126.3,"Elevation":2054,"Slope_100":1.71,"Wshd_area":5.3,"Pour_long":100.009521,"Pour_lat":52.056395,"source_id":"hydrolakes:1330748","label":""},"geometry":{"type":"Polygon","coordinates":[[[100.00904817687172,52.05752034505247],[100.0094036462574,52.057042643229465],[100.0110078461966,52.05660753038222],[100.01150737868443,52.056230197482876],[100.01027777777801,52.055416666666986],[100.00872960090658,52.055535210503706],[100.00475876013479,52.05714192708359],[100.00222524166117,52.05670572916699],[100.00129324383227,52.05763888888919],[100.00182595464946,52.05803521050376],[100.00206293423986,52.05946478949676],[100.0026910156675,52.059932183160015],[100.00682595464929,52.059187011719075],[100.00904817687172,52.05752034505247]]]}},{"type":"Feature","id":"hydrolakes:1330765","properties":{"Hylak_id":1330765,"Lake_name":"","Country":"Russia","Continent":"Europe","Poly_src":"SWBD","Lake_type":1,"Grand_id":0,"Lake_area":0.15,"Shore_len":1.79,"Shore_dev":1.3,"Vol_total":0.34,"Vol_res":0.0,"Vol_src":3,"Depth_avg":2.3,"Dis_avg":0.003,"Res_time":1326.9,"Elevation":2042,"Slope_100":1.11,"Wshd_area":0.4,"Pour_long":100.039974,"Pour_lat":52.051341,"source_id":"hydrolakes:1330765","label":""},"geometry":{"type":"Polygon","coordinates":[[[100.03929522620331,52.04834364149332],[100.03916666666674,52.048194444444846],[100.03649694230847,52.04841769748293],[100.03578869289845,52.04902777777801],[100.03626032935261,52.04943413628513],[100.0365174484254,52.05028808593778],[100.03903810713052,52.051656358507216],[100.0400604332819,52.053031412760674],[100.04346503787582,52.05355957031276],[100.04429522620325,52.05284423828158],[100.04096189286992,52.05028808593778],[100.03929522620331,52.04834364149332]]]}},{"type":"Feature","id":"hydrolakes:1330835","properties":{"Hylak_id":1330835,"Lake_name":"","Country":"Russia","Continent":"Europe","Poly_src":"SWBD","Lake_type":1,"Grand_id":0,"Lake_area":0.42,"Shore_len":2.47,"Shore_dev":1.07,"Vol_total":3.33,"Vol_res":0.0,"Vol_src":3,"Depth_avg":7.9,"Dis_avg":0.018,"Res_time":2142.2,"Elevation":1982,"Slope_100":10.56,"Wshd_area":2.6,"Pour_long":101.056088,"Pour_lat":52.031376,"source_id":"hydrolakes:1330835","label":""},"geometry":{"type":"Polygon","coordinates":[[[101.05316901312966,52.028358832465585],[101.05305555555583,52.02819444444475],[101.05079467773476,52.02831597222246],[101.047942097982,52.03040907118071],[101.04816901312955,52.03252549913219],[101.04928012424074,52.03363661024349],[101.05016432020432,52.0341411675351],[101.05100938585093,52.03574815538224],[101.05171664767835,52.03590684678858],[101.0539397515193,52.035189887153024],[101.0543665228953,52.03457166883709],[101.05665093316003,52.03381808810798],[101.05872456868502,52.03236870659765],[101.05848856608094,52.03045627170161],[101.05516432020454,52.028863389757305],[101.05316901312966,52.028358832465585]]]}},{"type":"Feature","id":"hydrolakes:1330897","properties":{"Hylak_id":1330897,"Lake_name":"","Country":"Russia","Continent":"Europe","Poly_src":"SWBD","Lake_type":1,"Grand_id":0,"Lake_area":0.16,"Shore_len":2.17,"Shore_dev":1.53,"Vol_total":0.63,"Vol_res":0.0,"Vol_src":3,"Depth_avg":3.9,"Dis_avg":0.145,"Res_time":50.4,"Elevation":1969,"Slope_100":3.39,"Wshd_area":22.5,"Pour_long":101.053912,"Pour_lat":52.015878,"source_id":"hydrolakes:1330897","label":""},"geometry":{"type":"Polygon","coordinates":[[[101.05484571668876,52.01557101779537],[101.05472222222244,52.015416666666965],[101.05348761664527,52.01557101779537],[101.05373460557763,52.01612657335107],[101.05484571668876,52.01695990668435],[101.05904317220069,52.01942898220511],[101.05932115342921,52.02133897569473],[101.06055820041269,52.021492784288455],[101.06373460557751,52.02109564887195],[101.0618209499786,52.01987575954888],[101.06256910536041,52.019027777778035],[101.0616857910158,52.01814914279538],[101.05484571668876,52.01557101779537]]]}},{"type":"Feature","id":"hydrolakes:1330909","properties":{"Hylak_id":1330909,"Lake_name":"","Country":"Russia","Continent":"Europe","Poly_src":"SWBD","Lake_type":1,"Grand_id":0,"Lake_area":0.1,"Shore_len":1.85,"Shore_dev":1.67,"Vol_total":0.24,"Vol_res":0.0,"Vol_src":3,"Depth_avg":2.5,"Dis_avg":0.179,"Res_time":15.8,"Elevation":1961,"Slope_100":1.52,"Wshd_area":27.4,"Pour_long":101.031374,"Pour_lat":52.011498,"source_id":"hydrolakes:1330909","label":""},"geometry":{"type":"Polygon","coordinates":[[[101.0329446072052,52.011139051649536],[101.03305555555585,52.01041666666691],[101.03135965983108,52.01053765190994],[101.0303887261287,52.011083170573215],[101.03016682942746,52.01169460720513],[101.02983317057328,52.01191650390666],[101.02961127387186,52.01336127387174],[101.02927761501769,52.013583170573156],[101.02905571831627,52.01447238498292],[101.0287220594621,52.014694281684285],[101.02850016276062,52.0153057183162],[101.02738905164955,52.01623074001765],[101.0276858859595,52.01685139973989],[101.02900316026495,52.01718315972249],[101.02927761501769,52.01608317057321],[101.03072238498288,52.01502794053846],[101.03094428168419,52.01386094835112],[101.03183349609395,52.01336127387174],[101.03205539279548,52.011638726128695],[101.0329446072052,52.011139051649536]]]}},{"type":"Feature","id":"hydrolakes:1330911","properties":{"Hylak_id":1330911,"Lake_name":"","Country":"Russia","Continent":"Europe","Poly_src":"SWBD","Lake_type":1,"Grand_id":0,"Lake_area":0.53,"Shore_len":2.94,"Shore_dev":1.14,"Vol_total":2.8,"Vol_res":0.0,"Vol_src":3,"Depth_avg":5.3,"Dis_avg":0.027,"Res_time":1200.6,"Elevation":1960,"Slope_100":4.28,"Wshd_area":4.1,"Pour_long":101.022917,"Pour_lat":52.010914,"source_id":"hydrolakes:1330911","label":""},"geometry":{"type":"Polygon","coordinates":[[[101.02263359917578,52.009172092014126],[101.02250000000026,52.00875000000025],[101.02064256456197,52.00891194661489],[101.01874471028685,52.01082790798648],[101.01847751193594,52.01139431423644],[101.01707804361996,52.01221679687524],[101.01681084526945,52.0133387586809],[101.01625528971385,52.013853352864885],[101.01652248806465,52.01667209201412],[101.01717196994383,52.017704264323186],[101.01895148383278,52.01832790798636],[101.02508361816427,52.01803738064268],[101.02541137695329,52.016661241319696],[101.02596693250888,52.01614664713571],[101.0256997341582,52.01443901909755],[101.02458862304707,52.01372151692732],[101.02485582139781,52.01249457465309],[101.02541137695329,52.01197998046911],[101.0251441786026,52.01055013020863],[101.02263359917578,52.009172092014126]]]}},{"type":"Feature","id":"hydrolakes:1330964","properties":{"Hylak_id":1330964,"Lake_name":"","Country":"Russia","Continent":"Europe","Poly_src":"SWBD","Lake_type":1,"Grand_id":0,"Lake_area":0.62,"Shore_len":3.7,"Shore_dev":1.33,"Vol_total":3.14,"Vol_res":0.0,"Vol_src":3,"Depth_avg":5.1,"Dis_avg":0.08,"Res_time":454.7,"Elevation":2062,"Slope_100":3.78,"Wshd_area":12.8,"Pour_long":101.070012,"Pour_lat":51.996818,"source_id":"hydrolakes:1330964","label":""},"geometry":{"type":"Polygon","coordinates":[[[101.07373969184044,51.99112141927111],[101.07361111111135,51.99069444444467],[101.07207302517395,51.99082302517394],[101.06690388997418,51.991879069010736],[101.065961914063,51.992767469618286],[101.06570475260446,51.99362141927105],[101.06514919704892,51.994100206163466],[101.06555209689691,51.99465576171906],[101.06808817545618,51.99548312717042],[101.06848253038214,51.99582302517388],[101.06985080295192,51.99778808593783],[101.07126030815999,51.99887858072947],[101.0715174696183,52.00001030815997],[101.07181586371547,52.00026746961828],[101.07211615668439,52.00191351996551],[101.07362297905854,52.00203477647614],[101.07429524739604,52.00145534939264],[101.07403808593779,52.00054524739613],[101.07348253038231,52.000066460503774],[101.07373969184044,51.999711914062914],[101.0745936414935,51.999454752604436],[101.07490071614603,51.99843478732669],[101.07762858072937,51.99754340277809],[101.07737141927123,51.995267469618284],[101.0768158637157,51.994788682726096],[101.07707302517395,51.993878580729415],[101.07873969184044,51.993574490017636],[101.07848253038242,51.99248969184055],[101.07721611870693,51.991475965712084],[101.07373969184044,51.99112141927111]]]}},{"type":"Feature","id":"hydrolakes:1331012","properties":{"Hylak_id":1331012,"Lake_name":"","Country":"Russia","Continent":"Europe","Poly_src":"SWBD","Lake_type":1,"Grand_id":0,"Lake_area":0.24,"Shore_len":2.49,"Shore_dev":1.44,"Vol_total":1.25,"Vol_res":0.0,"Vol_src":3,"Depth_avg":5.2,"Dis_avg":0.091,"Res_time":158.8,"Elevation":1764,"Slope_100":5.31,"Wshd_area":11.9,"Pour_long":100.346731,"Pour_lat":51.982157,"source_id":"hydrolakes:1331012","label":""},"geometry":{"type":"Polygon","coordinates":[[[100.3423714531794,51.984176974826596],[100.34266577826617,51.9822455512155],[100.34762854682106,51.98264431423638],[100.34737145317962,51.98193413628502],[100.34651743570981,51.98167697482677],[100.34626034206832,51.98054524739615],[100.34570478651273,51.980066460503735],[100.34651743570981,51.9792331271704],[100.345277777778,51.97736111111152],[100.34339887830964,51.97751817491343],[100.34262854682089,51.978323025173836],[100.34227423773905,51.97911702473982],[100.33982994927311,51.979436848958755],[100.3404063245988,51.97993353949681],[100.34014923095731,51.98112141927106],[100.33959367540177,51.98160020616342],[100.33985076904321,51.98362141927123],[100.34052107069243,51.984711914062814],[100.3423714531794,51.984176974826596]]]}},{"type":"Feature","id":"hydrolakes:1331275","properties":{"Hylak_id":1331275,"Lake_name":"","Country":"Russia","Continent":"Europe","Poly_src":"SWBD","Lake_type":1,"Grand_id":0,"Lake_area":0.13,"Shore_len":1.48,"Shore_dev":1.16,"Vol_total":0.45,"Vol_res":0.0,"Vol_src":3,"Depth_avg":3.5,"Dis_avg":0.003,"Res_time":1738.2,"Elevation":1879,"Slope_100":2.82,"Wshd_area":0.5,"Pour_long":100.499343,"Pour_lat":51.919848,"source_id":"hydrolakes:1331275","label":""},"geometry":{"type":"Polygon","coordinates":[[[100.50207299126538,51.91778808593773],[100.50194444444469,51.917638888889144],[100.49995802137619,51.91780490451413],[100.49959367540163,51.91862141927106],[100.49737145317954,51.92076687283014],[100.49792700873496,51.92137858072948],[100.49825605604417,51.922471516927374],[100.49956254747195,51.922576497396165],[100.50122375488309,51.922076280382214],[100.50207299126538,51.92026746961835],[100.50318410237645,51.9192331271704],[100.50207299126538,51.91778808593773]]]}},{"type":"Feature","id":"hydrolakes:1331296","properties":{"Hylak_id":1331296,"Lake_name":"","Country":"Russia","Continent":"Europe","Poly_src":"SWBD","Lake_type":1,"Grand_id":0,"Lake_area":0.4,"Shore_len":2.84,"Shore_dev":1.26,"Vol_total":1.67,"Vol_res":0.0,"Vol_src":3,"Depth_avg":4.1,"Dis_avg":0.015,"Res_time":1288.3,"Elevation":1939,"Slope_100":2.8,"Wshd_area":2.6,"Pour_long":100.664468,"Pour_lat":51.916736,"source_id":"hydrolakes:1331296","label":""},"geometry":{"type":"Polygon","coordinates":[[[100.67430026584219,51.91028320312529],[100.67416666666702,51.90958333333356],[100.6701604546443,51.909785698785015],[100.66430026584237,51.910550130208605],[100.66403306749152,51.91278320312523],[100.66236640082502,51.9141311306426],[100.66292195638044,51.91527235243086],[100.663240152995,51.91693901909747],[100.66633158365914,51.91660319010441],[100.67001057942724,51.915149468316315],[100.67085537380677,51.91430555555581],[100.66976535373294,51.91325466579889],[100.67485582139778,51.9115874565976],[100.6745886230471,51.910550130208605],[100.67430026584219,51.91028320312529]]]}},{"type":"Feature","id":"hydrolakes:1331320","properties":{"Hylak_id":1331320,"Lake_name":"","Country":"Russia","Continent":"Europe","Poly_src":"SWBD","Lake_type":1,"Grand_id":0,"Lake_area":0.16,"Shore_len":1.71,"Shore_dev":1.19,"Vol_total":1.38,"Vol_res":0.0,"Vol_src":3,"Depth_avg":8.4,"Dis_avg":0.006,"Res_time":2653.4,"Elevation":2252,"Slope_100":16.11,"Wshd_area":2.5,"Pour_long":102.152348,"Pour_lat":51.912376,"source_id":"hydrolakes:1331320","label":""},"geometry":{"type":"Polygon","coordinates":[[[102.15374471028701,51.91222764756975],[102.15069973415831,51.91226942274335],[102.150966932509,51.91528320312523],[102.15125528971379,51.915550130208544],[102.15155056423657,51.91740342881974],[102.15339586046048,51.9180501302086],[102.15596693250922,51.91697211371559],[102.1554113769534,51.91583875868082],[102.15514417860271,51.914161241319675],[102.15430026584232,51.91361653645862],[102.1540330674917,51.91249457465307],[102.15374471028701,51.91222764756975]]]}},{"type":"Feature","id":"hydrolakes:1331386","properties":{"Hylak_id":1331386,"Lake_name":"","Country":"Russia","Continent":"Europe","Poly_src":"SWBD","Lake_type":1,"Grand_id":0,"Lake_area":0.14,"Shore_len":1.57,"Shore_dev":1.19,"Vol_total":1.06,"Vol_res":0.0,"Vol_src":3,"Depth_avg":7.7,"Dis_avg":0.026,"Res_time":471.8,"Elevation":2320,"Slope_100":14.41,"Wshd_area":4.4,"Pour_long":101.721975,"Pour_lat":51.898338,"source_id":"hydrolakes:1331386","label":""},"geometry":{"type":"Polygon","coordinates":[[[101.7188644748266,51.9012114800351],[101.72103122287348,51.90022488064261],[101.72189887152808,51.9003531901044],[101.72372558593793,51.8993305121532],[101.72317654079882,51.898906792534945],[101.72293457031287,51.896926540798916],[101.72250000000025,51.89652777777803],[101.71964938693611,51.896657714844025],[101.71793457031282,51.89761773003494],[101.71817654079888,51.898351236979465],[101.71873209635447,51.89878011067731],[101.7184901258683,51.90029568142381],[101.71793457031282,51.90072455512177],[101.7188644748266,51.9012114800351]]]}},{"type":"Feature","id":"hydrolakes:1331394","properties":{"Hylak_id":1331394,"Lake_name":"","Country":"Russia","Continent":"Europe","Poly_src":"SWBD","Lake_type":1,"Grand_id":0,"Lake_area":0.46,"Shore_len":2.76,"Shore_dev":1.15,"Vol_total":1.99,"Vol_res":0.0,"Vol_src":3,"Depth_avg":4.3,"Dis_avg":0.154,"Res_time":149.4,"Elevation":1968,"Slope_100":2.91,"Wshd_area":30.2,"Pour_long":100.655263,"Pour_lat":51.896964,"source_id":"hydrolakes:1331394","label":""},"geometry":{"type":"Polygon","coordinates":[[[100.65040886773033,51.8930634223093],[100.64460632324239,51.893053656684344],[100.64348002115918,51.893770073784935],[100.64429775661915,51.89500786675376],[100.64626654730915,51.896666666667045],[100.6451466878259,51.897726508246876],[100.64545688205328,51.899111056857976],[100.64836066352012,51.89928412543446],[100.6529842122398,51.89866590711836],[100.65706434461828,51.897438693576646],[100.65651997884135,51.89695231119822],[100.65570224338137,51.89526991102457],[100.65459113227013,51.8938810221357],[100.65040886773033,51.8930634223093]]]}},{"type":"Feature","id":"hydrolakes:1331475","properties":{"Hylak_id":1331475,"Lake_name":"","Country":"Russia","Continent":"Europe","Poly_src":"SWBD","Lake_type":1,"Grand_id":0,"Lake_area":0.28,"Shore_len":2.3,"Shore_dev":1.24,"Vol_total":0.89,"Vol_res":0.0,"Vol_src":3,"Depth_avg":3.2,"Dis_avg":0.031,"Res_time":330.8,"Elevation":1859,"Slope_100":1.87,"Wshd_area":4.0,"Pour_long":100.252083,"Pour_lat":51.880788,"source_id":"hydrolakes:1331475","label":""},"geometry":{"type":"Polygon","coordinates":[[[100.25484322441963,51.87557345920163],[100.25472222222254,51.87541666666692],[100.25039877997523,51.87553765190995],[100.2501567755807,51.877240125868354],[100.24960122002528,51.87766899956631],[100.24984322441992,51.879462348090556],[100.2501567755807,51.879704318576614],[100.25039877997523,51.881129014757164],[100.25071233113619,51.881370985243336],[100.25102172851587,51.88248209635452],[100.25460122002511,51.88224012586835],[100.25484322441963,51.87887098524334],[100.25762100219737,51.87621988932318],[100.25484322441963,51.87557345920163]]]}},{"type":"Feature","id":"hydrolakes:1331545","properties":{"Hylak_id":1331545,"Lake_name":"","Country":"Russia","Continent":"Europe","Poly_src":"SWBD","Lake_type":1,"Grand_id":0,"Lake_area":0.24,"Shore_len":2.03,"Shore_dev":1.16,"Vol_total":0.97,"Vol_res":0.0,"Vol_src":3,"Depth_avg":4.0,"Dis_avg":0.188,"Res_time":60.0,"Elevation":2074,"Slope_100":3.05,"Wshd_area":41.4,"Pour_long":100.985673,"Pour_lat":51.86371,"source_id":"hydrolakes:1331545","label":""},"geometry":{"type":"Polygon","coordinates":[[[100.99151746961826,51.86165635850722],[100.9926285807295,51.86051703559053],[100.98972222222238,51.8598611111114],[100.98707302517386,51.8599896918405],[100.9856854248049,51.8614217122398],[100.9838309054906,51.86127251519133],[100.98318413628493,51.86193413628496],[100.9829269748268,51.86256646050367],[100.9834825303821,51.86304524739597],[100.98437784830747,51.86491780598982],[100.98826104058179,51.86526746961829],[100.99151746961826,51.86165635850722]]]}},{"type":"Feature","id":"hydrolakes:1331549","properties":{"Hylak_id":1331549,"Lake_name":"","Country":"Russia","Continent":"Europe","Poly_src":"SWBD","Lake_type":1,"Grand_id":0,"Lake_area":0.23,"Shore_len":2.93,"Shore_dev":1.72,"Vol_total":0.6,"Vol_res":0.0,"Vol_src":3,"Depth_avg":2.6,"Dis_avg":0.101,"Res_time":68.8,"Elevation":2139,"Slope_100":1.29,"Wshd_area":14.9,"Pour_long":100.398958,"Pour_lat":51.860579,"source_id":"hydrolakes:1331549","label":""},"geometry":{"type":"Polygon","coordinates":[[[100.4029244656034,51.85723008897605],[100.40305555555585,51.85680555555575],[100.4017264472115,51.856983235677376],[100.3995911322703,51.85861897786481],[100.39459113227014,51.858932291666974],[100.39485331217475,51.85973008897594],[100.39681335449245,51.859992133246806],[100.39707553439683,51.86195231119814],[100.39874220106367,51.86383761935781],[100.39848002115906,51.86473008897593],[100.39792446560347,51.86522650824685],[100.39829844156912,51.86610324435793],[100.39903557671448,51.86584120008706],[100.40070224338137,51.86417453342057],[100.40096442328576,51.86276991102454],[100.40223785400411,51.86237684461827],[100.40293785942958,51.861662597656505],[100.40070224338137,51.86104682074682],[100.40096442328576,51.859992133246806],[100.4029244656034,51.85723008897605]]]}},{"type":"Feature","id":"hydrolakes:1331585","properties":{"Hylak_id":1331585,"Lake_name":"","Country":"Russia","Continent":"Europe","Poly_src":"SWBD","Lake_type":1,"Grand_id":0,"Lake_area":0.45,"Shore_len":3.45,"Shore_dev":1.45,"Vol_total":1.46,"Vol_res":0.0,"Vol_src":3,"Depth_avg":3.2,"Dis_avg":0.007,"Res_time":2409.7,"Elevation":2066,"Slope_100":1.63,"Wshd_area":0.8,"Pour_long":100.117037,"Pour_lat":51.854415,"source_id":"hydrolakes:1331585","label":""},"geometry":{"type":"Polygon","coordinates":[[[100.1162653605146,51.851484103732844],[100.11660402086062,51.85057101779529],[100.11782135857504,51.8516512044273],[100.12010370890317,51.85133409288221],[100.12090243869375,51.85069444444474],[100.12040130615247,51.850293240017606],[100.12015424940353,51.84942898220521],[100.11959869384793,51.8489841037329],[100.12083333333362,51.84763888888915],[100.11540130615265,51.84776231553849],[100.11459869384788,51.848626573351],[100.10592147827157,51.84943142361135],[100.1081790839304,51.85251546223992],[100.11070980495896,51.85276231553843],[100.11302558898956,51.85350368923639],[100.11379731072333,51.85426025390643],[100.11738745795373,51.85470675998289],[100.11737647162562,51.85359564887176],[100.11706797281914,51.8533487955732],[100.11682091607003,51.85192898220515],[100.1162653605146,51.851484103732844]]]}},{"type":"Feature","id":"hydrolakes:1331594","properties":{"Hylak_id":1331594,"Lake_name":"","Country":"Russia","Continent":"Europe","Poly_src":"SWBD","Lake_type":1,"Grand_id":0,"Lake_area":0.29,"Shore_len":2.09,"Shore_dev":1.1,"Vol_total":1.14,"Vol_res":0.0,"Vol_src":3,"Depth_avg":4.0,"Dis_avg":0.015,"Res_time":883.0,"Elevation":2233,"Slope_100":2.89,"Wshd_area":2.3,"Pour_long":100.440625,"Pour_lat":51.852919,"source_id":"hydrolakes:1331594","label":""},"geometry":{"type":"Polygon","coordinates":[[[100.44262854682086,51.85167697482666],[100.43852701822948,51.851663682725984],[100.4372015719947,51.85206271701418],[100.43467759874142,51.85430555555581],[100.43596188015442,51.85556586371558],[100.43939673529758,51.856640625000296],[100.44236965603312,51.856879340278056],[100.44516309950126,51.85444281684056],[100.44292700873507,51.85290473090305],[100.44373925103116,51.85201144748288],[100.44262854682086,51.85167697482666]]]}},{"type":"Feature","id":"hydrolakes:1331665","properties":{"Hylak_id":1331665,"Lake_name":"","Country":"Russia","Continent":"Europe","Poly_src":"SWBD","Lake_type":1,"Grand_id":0,"Lake_area":0.37,"Shore_len":2.68,"Shore_dev":1.24,"Vol_total":3.46,"Vol_res":0.0,"Vol_src":3,"Depth_avg":9.3,"Dis_avg":0.017,"Res_time":2356.7,"Elevation":2430,"Slope_100":15.35,"Wshd_area":3.2,"Pour_long":101.352004,"Pour_lat":51.835568,"source_id":"hydrolakes:1331665","label":""},"geometry":{"type":"Polygon","coordinates":[[[101.35621826171916,51.83409830729198],[101.35267632378492,51.833919270833576],[101.34805555555585,51.83208333333357],[101.3460011121964,51.832255316840474],[101.34539238823805,51.832779405382155],[101.34646091037382,51.83344889322939],[101.34570475260438,51.83409993489619],[101.34596191406268,51.835288085937805],[101.34720160590297,51.836270616319666],[101.34848253038228,51.836656358507184],[101.34873969184054,51.83695475260453],[101.35099392361155,51.83772623697956],[101.3545109049482,51.8382714843753],[101.35710625542555,51.838480360243295],[101.3587396918407,51.83798828125026],[101.35818413628516,51.83723253038215],[101.35792697482663,51.83637858072933],[101.35594984266527,51.83500000000021],[101.35651746961827,51.834511176215585],[101.35621826171916,51.83409830729198]]]}},{"type":"Feature","id":"hydrolakes:1331737","properties":{"Hylak_id":1331737,"Lake_name":"","Country":"Russia","Continent":"Europe","Poly_src":"SWBD","Lake_type":1,"Grand_id":0,"Lake_area":0.38,"Shore_len":2.9,"Shore_dev":1.32,"Vol_total":2.69,"Vol_res":0.0,"Vol_src":3,"Depth_avg":7.1,"Dis_avg":0.101,"Res_time":308.3,"Elevation":2168,"Slope_100":8.65,"Wshd_area":21.9,"Pour_long":101.00159,"Pour_lat":51.821985,"source_id":"hydrolakes:1331737","label":""},"geometry":{"type":"Polygon","coordinates":[[[101.00317905002186,51.815015190972474],[101.00305555555587,51.814861111111384],[101.00151238335536,51.81498480902803],[101.00121086968352,51.81603949652799],[100.99876715766095,51.81646430121555],[100.99848761664515,51.818070746528065],[100.99697441948803,51.818503689236366],[100.99651238335542,51.818873697916956],[100.99626539442306,51.820015190972526],[100.99540127224412,51.82026258680577],[100.99515428331182,51.82112630208354],[100.99404317220075,51.821801215278015],[100.99430813259568,51.822865125868304],[101.00003736707919,51.823580729166906],[101.00182094997848,51.823070746528],[101.00237650553407,51.82251519097247],[101.00262349446638,51.821651475694864],[101.00317905002186,51.82120659722244],[101.00293206108967,51.81804036458357],[101.00237650553407,51.81759548611137],[101.00273166232677,51.81703667534748],[101.00484571668869,51.81633355034751],[101.00459872775639,51.81581814236148],[101.00317905002186,51.815015190972474]]]}},{"type":"Feature","id":"hydrolakes:1331821","properties":{"Hylak_id":1331821,"Lake_name":"","Country":"Russia","Continent":"Europe","Poly_src":"SWBD","Lake_type":1,"Grand_id":0,"Lake_area":0.15,"Shore_len":2.1,"Shore_dev":1.52,"Vol_total":1.21,"Vol_res":0.0,"Vol_src":3,"Depth_avg":8.0,"Dis_avg":0.019,"Res_time":734.1,"Elevation":2233,"Slope_100":14.91,"Wshd_area":3.8,"Pour_long":101.11717,"Pour_lat":51.802903,"source_id":"hydrolakes:1331821","label":""},"geometry":{"type":"Polygon","coordinates":[[[101.1165098741323,51.80196234809057],[101.11638888888922,51.80180555555586],[101.115398763021,51.80192654079889],[101.11373209635451,51.80248209635437],[101.11262098524338,51.80331542968776],[101.11237901475727,51.80418457031277],[101.1115098741322,51.80470431857668],[101.11126790364602,51.8052956814239],[101.10960781521305,51.80622504340312],[101.11017991807762,51.806666666666956],[101.10960123697953,51.80711317274336],[101.10984320746559,51.807517903646215],[101.11053039550819,51.80824381510439],[101.11175042046477,51.80872341579885],[101.11237901475727,51.808073459201694],[101.11317654079892,51.80553765190996],[101.11384636773022,51.80483398437525],[101.11817654079903,51.80300618489605],[101.1165098741323,51.80196234809057]]]}},{"type":"Feature","id":"hydrolakes:1331976","properties":{"Hylak_id":1331976,"Lake_name":"","Country":"Russia","Continent":"Europe","Poly_src":"SWBD","Lake_type":1,"Grand_id":0,"Lake_area":0.15,"Shore_len":1.56,"Shore_dev":1.14,"Vol_total":1.15,"Vol_res":0.0,"Vol_src":3,"Depth_avg":7.7,"Dis_avg":0.019,"Res_time":702.7,"Elevation":2612,"Slope_100":14.06,"Wshd_area":3.6,"Pour_long":100.530125,"Pour_lat":51.760906,"source_id":"hydrolakes:1331976","label":""},"geometry":{"type":"Polygon","coordinates":[[[100.53040886773016,51.7597298177086],[100.53027777777822,51.759305555555784],[100.52682159423853,51.7594471571183],[100.52570224338137,51.76015896267387],[100.52655426025422,51.762655164930834],[100.53314053005664,51.76304796006974],[100.53292446560368,51.76221462673635],[100.53040886773016,51.7597298177086]]]}},{"type":"Feature","id":"hydrolakes:1331999","properties":{"Hylak_id":1331999,"Lake_name":"","Country":"Russia","Continent":"Europe","Poly_src":"SWBD","Lake_type":1,"Grand_id":0,"Lake_area":0.16,"Shore_len":1.86,"Shore_dev":1.33,"Vol_total":1.08,"Vol_res":0.0,"Vol_src":3,"Depth_avg":6.9,"Dis_avg":0.024,"Res_time":521.6,"Elevation":2545,"Slope_100":11.02,"Wshd_area":4.3,"Pour_long":100.473686,"Pour_lat":51.756362,"source_id":"hydrolakes:1331999","label":""},"geometry":{"type":"Polygon","coordinates":[[[100.47929521348755,51.755288085937764],[100.47318410237642,51.755267469618275],[100.47292700873498,51.75612141927104],[100.47237145317939,51.75659993489603],[100.47273308648022,51.75748969184059],[100.47967993842252,51.75722927517387],[100.48373965793206,51.756815321180795],[100.48348256429057,51.75610080295161],[100.48292700873498,51.75554524739624],[100.47929521348755,51.755288085937764]]]}},{"type":"Feature","id":"hydrolakes:1332175","properties":{"Hylak_id":1332175,"Lake_name":"","Country":"Russia","Continent":"Europe","Poly_src":"SWBD","Lake_type":1,"Grand_id":0,"Lake_area":0.14,"Shore_len":2.39,"Shore_dev":1.77,"Vol_total":0.21,"Vol_res":0.0,"Vol_src":3,"Depth_avg":1.5,"Dis_avg":0.698,"Res_time":3.6,"Elevation":748,"Slope_100":0.46,"Wshd_area":154.8,"Pour_long":102.068029,"Pour_lat":51.723049,"source_id":"hydrolakes:1332175","label":""},"geometry":{"type":"Polygon","coordinates":[[[102.0692902289502,51.721959635416965],[102.06916666666694,51.72180555555593],[102.06771620008726,51.72198676215311],[102.06737643771731,51.7227929687503],[102.06540134006127,51.72442925347241],[102.065154215495,51.72529296875024],[102.06262356228325,51.726929253472406],[102.06237643771749,51.727515190972554],[102.0618208821619,51.727960069444805],[102.06209743923648,51.72995008680584],[102.06451375325554,51.73025065104201],[102.06534681532162,51.729583333333665],[102.06459865993958,51.72898437500021],[102.06484578450568,51.728040364583705],[102.06570977105082,51.72695963541696],[102.06595689561658,51.72581814236139],[102.06706800672777,51.72442925347241],[102.06848754882839,51.72362630208363],[102.06979125976602,51.72236111111141],[102.0692902289502,51.721959635416965]]]}},{"type":"Feature","id":"hydrolakes:1332295","properties":{"Hylak_id":1332295,"Lake_name":"","Country":"Mongolia","Continent":"Asia","Poly_src":"SWBD","Lake_type":1,"Grand_id":0,"Lake_area":0.13,"Shore_len":1.57,"Shore_dev":1.25,"Vol_total":0.88,"Vol_res":0.0,"Vol_src":3,"Depth_avg":7.0,"Dis_avg":0.004,"Res_time":2545.0,"Elevation":2363,"Slope_100":11.95,"Wshd_area":0.5,"Pour_long":100.269685,"Pour_lat":51.69898,"source_id":"hydrolakes:1332295","label":""},"geometry":{"type":"Polygon","coordinates":[[[100.27150234646297,51.69835883246549],[100.27138888888902,51.69819444444465],[100.26794209798209,51.698315972222474],[100.26816901312964,51.69891438802114],[100.27150234646297,51.700858832465485],[100.27482037014448,51.70191894531291],[100.27650234646279,51.70165690104193],[100.27626003689267,51.70015679253498],[100.27150234646297,51.69835883246549]]]}},{"type":"Feature","id":"hydrolakes:1332365","properties":{"Hylak_id":1332365,"Lake_name":"","Country":"Russia","Continent":"Europe","Poly_src":"SWBD","Lake_type":1,"Grand_id":0,"Lake_area":0.25,"Shore_len":2.23,"Shore_dev":1.25,"Vol_total":1.27,"Vol_res":0.0,"Vol_src":3,"Depth_avg":5.0,"Dis_avg":0.005,"Res_time":2933.3,"Elevation":1004,"Slope_100":4.78,"Wshd_area":1.2,"Pour_long":101.409118,"Pour_lat":51.683515,"source_id":"hydrolakes:1332365","label":""},"geometry":{"type":"Polygon","coordinates":[[[101.41561021592901,51.683505316840524],[101.41595689561666,51.68296006944473],[101.41540134006118,51.682515190972424],[101.41515421549508,51.68165147569471],[101.41429022894994,51.680848524305816],[101.41404310438406,51.68026258680584],[101.41317911783875,51.67973741319469],[101.411944444445,51.67847222222247],[101.41058661566859,51.678642035590485],[101.4101262749569,51.67921712239604],[101.40879652235276,51.67921278211827],[101.40848754882842,51.68029296875022],[101.40815985785628,51.680555555555884],[101.40850680881096,51.68083333333374],[101.40648993598114,51.68221950954887],[101.40706800672768,51.68307074652813],[101.40873467339452,51.68362630208361],[101.41006713867228,51.68387369791691],[101.41179728190133,51.6832085503475],[101.41206800672785,51.684459635416886],[101.41273423936673,51.68470703125024],[101.41317911783875,51.68415147569465],[101.41561021592901,51.683505316840524]]]}},{"type":"Feature","id":"hydrolakes:1332377","properties":{"Hylak_id":1332377,"Lake_name":"","Country":"Russia","Continent":"Europe","Poly_src":"SWBD","Lake_type":1,"Grand_id":0,"Lake_area":0.77,"Shore_len":4.42,"Shore_dev":1.42,"Vol_total":4.46,"Vol_res":0.0,"Vol_src":3,"Depth_avg":5.8,"Dis_avg":0.003,"Res_time":17220.1,"Elevation":1013,"Slope_100":4.59,"Wshd_area":0.7,"Pour_long":101.40445,"Pour_lat":51.679503,"source_id":"hydrolakes:1332377","label":""},"geometry":{"type":"Polygon","coordinates":[[[101.39984320746566,51.67140679253498],[101.39972222222264,51.67125000000027],[101.39349012586825,51.67137586805592],[101.39428765191002,51.67251790364605],[101.39519083658882,51.67276963975729],[101.39469197591171,51.67315429687528],[101.39706542968776,51.67381510416703],[101.39682345920158,51.67446234809046],[101.39626790364599,51.67501790364605],[101.39469197591171,51.675456814236384],[101.39539876302115,51.67600206163223],[101.39515679253509,51.67696234809051],[101.3948432074655,51.677204318576685],[101.39460123697955,51.678629014757234],[101.39404568142385,51.679057617187766],[101.39428765191002,51.682240125868304],[101.3962143283423,51.68256727430577],[101.39713283962698,51.68498209635442],[101.40166056315138,51.68411783854191],[101.40293457031282,51.68307345920164],[101.403176540799,51.68164876302109],[101.40349012586842,51.68140679253503],[101.40373209635459,51.68025987413233],[101.40484320746549,51.67959526909749],[101.40460123697943,51.6785932074655],[101.4023790147574,51.67738661024333],[101.40262098524335,51.67470431857657],[101.403176540799,51.6742757161461],[101.4028904893666,51.67346896701417],[101.39960123697949,51.672296006944634],[101.40017998589462,51.67166666666691],[101.39984320746566,51.67140679253498]]]}},{"type":"Feature","id":"hydrolakes:1332387","properties":{"Hylak_id":1332387,"Lake_name":"","Country":"Russia","Continent":"Europe","Poly_src":"SWBD","Lake_type":1,"Grand_id":0,"Lake_area":0.13,"Shore_len":1.53,"Shore_dev":1.21,"Vol_total":0.42,"Vol_res":0.0,"Vol_src":3,"Depth_avg":3.3,"Dis_avg":0.013,"Res_time":374.8,"Elevation":1047,"Slope_100":2.5,"Wshd_area":3.1,"Pour_long":101.356879,"Pour_lat":51.677805,"source_id":"hydrolakes:1332387","label":""},"geometry":{"type":"Polygon","coordinates":[[[101.35759331597245,51.676156684028],[101.35750000000041,51.67597222222241],[101.35702907986132,51.67606716579883],[101.35592664930596,51.67662109375027],[101.35574001736143,51.67726779513913],[101.35518446180595,51.67754882812528],[101.35537109375036,51.68115668402805],[101.35574001736143,51.68134331597247],[101.35600233289972,51.68186197916691],[101.35796223958351,51.6808789062502],[101.35814887152804,51.68023220486134],[101.35925998263929,51.67939561631982],[101.35907335069476,51.677454427083546],[101.35759331597245,51.676156684028]]]}},{"type":"Feature","id":"hydrolakes:1332423","properties":{"Hylak_id":1332423,"Lake_name":"","Country":"Russia","Continent":"Europe","Poly_src":"SWBD","Lake_type":1,"Grand_id":0,"Lake_area":0.13,"Shore_len":1.64,"Shore_dev":1.28,"Vol_total":0.46,"Vol_res":0.0,"Vol_src":3,"Depth_avg":3.5,"Dis_avg":0.014,"Res_time":383.5,"Elevation":1019,"Slope_100":2.89,"Wshd_area":3.2,"Pour_long":101.385417,"Pour_lat":51.66875,"source_id":"hydrolakes:1332423","label":""},"geometry":{"type":"Polygon","coordinates":[[[101.38596435546896,51.66695203993078],[101.38583333333355,51.666527777778185],[101.38403564453165,51.66668131510443],[101.38459988064278,51.667500000000246],[101.38292453342046,51.66877007378491],[101.38318657769122,51.67000759548637],[101.38403564453165,51.670547960069655],[101.38437717013926,51.671292317708605],[101.386583387587,51.67220974392387],[101.38763102213562,51.67116265190998],[101.38736897786498,51.670270182291915],[101.38691134982668,51.6698611111114],[101.38753309461845,51.66930555555581],[101.38706678602466,51.668888888889114],[101.38763102213562,51.66838487413219],[101.38596435546896,51.66695203993078]]]}},{"type":"Feature","id":"hydrolakes:1332442","properties":{"Hylak_id":1332442,"Lake_name":"","Country":"Russia","Continent":"Europe","Poly_src":"SWBD","Lake_type":1,"Grand_id":0,"Lake_area":0.27,"Shore_len":2.47,"Shore_dev":1.35,"Vol_total":1.4,"Vol_res":0.0,"Vol_src":3,"Depth_avg":5.2,"Dis_avg":0.015,"Res_time":1077.2,"Elevation":1048,"Slope_100":5.19,"Wshd_area":3.5,"Pour_long":101.342708,"Pour_lat":51.665934,"source_id":"hydrolakes:1332442","label":""},"geometry":{"type":"Polygon","coordinates":[[[101.3448381890193,51.665300564236475],[101.34472222222252,51.66513888888903],[101.34077379014781,51.66526041666691],[101.34016805013061,51.66569444444474],[101.34077229817734,51.66612738715315],[101.3386612955731,51.66637369791687],[101.3398381890193,51.66705620659741],[101.33960625542562,51.6680783420141],[101.3386916775176,51.66860894097243],[101.339282633464,51.669032118055895],[101.3390506998702,51.66946723090297],[101.33837917751771,51.67018446180583],[101.33701361762184,51.6705447048613],[101.33738403320336,51.67081054687526],[101.33770250108529,51.67163628472247],[101.34206041124173,51.67025499131972],[101.34349514431443,51.67002278645856],[101.34624905056455,51.669049479166915],[101.34705417209233,51.66847222222253],[101.34650485568613,51.6680783420141],[101.34627292209234,51.66719943576419],[101.34594930013054,51.66696723090297],[101.34571736653686,51.66581054687532],[101.3448381890193,51.665300564236475]]]}},{"type":"Feature","id":"hydrolakes:1332454","properties":{"Hylak_id":1332454,"Lake_name":"","Country":"Russia","Continent":"Europe","Poly_src":"SWBD","Lake_type":1,"Grand_id":0,"Lake_area":0.23,"Shore_len":2.68,"Shore_dev":1.58,"Vol_total":0.91,"Vol_res":0.0,"Vol_src":3,"Depth_avg":4.0,"Dis_avg":0.329,"Res_time":31.9,"Elevation":1034,"Slope_100":3.05,"Wshd_area":77.7,"Pour_long":101.359078,"Pour_lat":51.662408,"source_id":"hydrolakes:1332454","label":""},"geometry":{"type":"Polygon","coordinates":[[[101.35818413628516,51.661676974826605],[101.35792697482663,51.659434136284915],[101.35694444444482,51.65875000000034],[101.35313001844656,51.65897243923632],[101.35181586371561,51.65945475260452],[101.3495936414933,51.65984917534746],[101.35093085394999,51.66068684895856],[101.35232611762194,51.660174696180775],[101.35382229275194,51.66029459635445],[101.35626030816013,51.6627674696183],[101.35681586371561,51.66360080295158],[101.35714165581624,51.66468315972247],[101.36106282552117,51.66508300781271],[101.36233886718787,51.66461425781279],[101.3626285807295,51.663193359375214],[101.3587396918407,51.66223253038214],[101.35818413628516,51.661676974826605]]]}},{"type":"Feature","id":"hydrolakes:1332455","properties":{"Hylak_id":1332455,"Lake_name":"","Country":"Russia","Continent":"Europe","Poly_src":"SWBD","Lake_type":1,"Grand_id":0,"Lake_area":0.44,"Shore_len":4.55,"Shore_dev":1.94,"Vol_total":1.82,"Vol_res":0.0,"Vol_src":3,"Depth_avg":4.2,"Dis_avg":0.334,"Res_time":63.0,"Elevation":1029,"Slope_100":2.78,"Wshd_area":78.9,"Pour_long":101.375416,"Pour_lat":51.662024,"source_id":"hydrolakes:1332455","label":""},"geometry":{"type":"Polygon","coordinates":[[[101.37706542968783,51.666557074652985],[101.37682345920177,51.66470431857675],[101.37650987413235,51.66446234809058],[101.37626790364618,51.66275987413229],[101.3759543185767,51.66251790364623],[101.37564493815131,51.66140679253493],[101.37318508572082,51.66207519531264],[101.3729214138458,51.66604871961829],[101.37148532443604,51.666260850694755],[101.37071234809054,51.66566460503492],[101.37150987413219,51.66483127170159],[101.37126790364613,51.664148763021046],[101.37016994900199,51.663492296007234],[101.37071234809054,51.66307345920171],[101.3709543185766,51.662204318576585],[101.37147094726589,51.661805555555816],[101.36984320746569,51.66057345920177],[101.36960123697935,51.65970431857653],[101.36916666666707,51.65930555555582],[101.3657123480906,51.65943576388918],[101.36595431857677,51.66112901475725],[101.36682345920161,51.66164876302099],[101.36714667426236,51.6624386935768],[101.36984320746569,51.66203993055581],[101.36960123697935,51.66279568142386],[101.36904568142393,51.663351236979395],[101.3673790147572,51.66363444010443],[101.36762098524326,51.66668457031278],[101.36793457031291,51.66692654079884],[101.36820393880248,51.668203125000275],[101.36941596137177,51.66867947048638],[101.37113891601598,51.66893391927118],[101.37323432074686,51.66857801649326],[101.37706542968783,51.666557074652985]]]}},{"type":"Feature","id":"hydrolakes:1332459","properties":{"Hylak_id":1332459,"Lake_name":"","Country":"Mongolia","Continent":"Asia","Poly_src":"SWBD","Lake_type":1,"Grand_id":0,"Lake_area":0.65,"Shore_len":3.99,"Shore_dev":1.39,"Vol_total":4.04,"Vol_res":0.0,"Vol_src":3,"Depth_avg":6.2,"Dis_avg":0.136,"Res_time":343.8,"Elevation":1924,"Slope_100":5.55,"Wshd_area":24.1,"Pour_long":100.460593,"Pour_lat":51.661133,"source_id":"hydrolakes:1332459","label":""},"geometry":{"type":"Polygon","coordinates":[[[100.47403042263494,51.65985514322955],[100.47237145317939,51.659156358507175],[100.4697222222224,51.65875000000034],[100.4659618801544,51.65887858072938],[100.46184241400852,51.65984809027799],[100.45877444797122,51.65975368923637],[100.45848256429065,51.66173339843772],[100.45921129014772,51.662361111111295],[100.45872507731139,51.66277994791699],[100.46119384765649,51.66414984809052],[100.46712449815556,51.6646457248267],[100.47195410834445,51.66349717881968],[100.47329664442304,51.66300401475718],[100.47386823866117,51.66234049479198],[100.47518886990036,51.661942816840565],[100.48181589762396,51.661676974826605],[100.48294969346819,51.660546332465685],[100.47762854682105,51.66028808593779],[100.47403042263494,51.65985514322955]]]}},{"type":"Feature","id":"hydrolakes:1332587","properties":{"Hylak_id":1332587,"Lake_name":"","Country":"Mongolia","Continent":"Asia","Poly_src":"SWBD","Lake_type":1,"Grand_id":0,"Lake_area":0.16,"Shore_len":1.82,"Shore_dev":1.27,"Vol_total":0.57,"Vol_res":0.0,"Vol_src":3,"Depth_avg":3.5,"Dis_avg":0.034,"Res_time":193.8,"Elevation":1663,"Slope_100":2.58,"Wshd_area":7.1,"Pour_long":100.514216,"Pour_lat":51.627915,"source_id":"hydrolakes:1332587","label":""},"geometry":{"type":"Polygon","coordinates":[[[100.51374721950981,51.626113823784976],[100.5118106418189,51.62613226996547],[100.51236389160175,51.62666395399327],[100.51263610839857,51.62916937934057],[100.5130668809681,51.62958333333353],[100.51236389160175,51.63025878906291],[100.51729851616778,51.63138617621553],[100.51847500271299,51.631113823784915],[100.51958953857456,51.630278320312755],[100.5173638916018,51.628608398437734],[100.51541388617642,51.627502712673845],[100.51374721950981,51.626113823784976]]]}},{"type":"Feature","id":"hydrolakes:1332610","properties":{"Hylak_id":1332610,"Lake_name":"","Country":"Mongolia","Continent":"Asia","Poly_src":"SWBD","Lake_type":1,"Grand_id":0,"Lake_area":0.34,"Shore_len":2.88,"Shore_dev":1.39,"Vol_total":2.74,"Vol_res":0.0,"Vol_src":3,"Depth_avg":8.0,"Dis_avg":0.077,"Res_time":411.4,"Elevation":2283,"Slope_100":11.68,"Wshd_area":9.6,"Pour_long":100.009375,"Pour_lat":51.622176,"source_id":"hydrolakes:1332610","label":""},"geometry":{"type":"Polygon","coordinates":[[[100.0026618210477,51.62486924913219],[100.00570477379705,51.62389919704884],[100.00810950491189,51.622831488715576],[100.01161879645468,51.62247395833367],[100.01373967064768,51.62125108506973],[100.01161978191828,51.62085937500024],[100.0094921493532,51.62164062500034],[100.00865374883034,51.62170789930576],[100.00416666666678,51.62013888888907],[100.00216934416045,51.62030598958353],[100.000704774327,51.62084364149325],[99.9987396701178,51.62110080295162],[99.99848255210469,51.621676974826585],[99.9970730034513,51.622767469618395],[99.99681588543808,51.62389919704884],[99.99638057779953,51.62427408854188],[99.9977818707626,51.62478895399329],[99.99972222222254,51.62463270399331],[100.0026618210477,51.62486924913219]]]}},{"type":"Feature","id":"hydrolakes:1332614","properties":{"Hylak_id":1332614,"Lake_name":"","Country":"Mongolia","Continent":"Asia","Poly_src":"SWBD","Lake_type":1,"Grand_id":0,"Lake_area":0.59,"Shore_len":3.03,"Shore_dev":1.12,"Vol_total":2.26,"Vol_res":0.0,"Vol_src":3,"Depth_avg":3.8,"Dis_avg":0.072,"Res_time":363.5,"Elevation":2160,"Slope_100":2.14,"Wshd_area":11.3,"Pour_long":100.270438,"Pour_lat":51.621225,"source_id":"hydrolakes:1332614","label":""},"geometry":{"type":"Polygon","coordinates":[[[100.2781790839303,51.61529296875028],[100.27805555555585,51.61513888888925],[100.27151092529323,51.615262586805784],[100.26481255425364,51.61609971788221],[100.26737647162571,51.618318142361375],[100.26762352837488,51.61918185763909],[100.2699698723689,51.62155924479197],[100.27244912041573,51.62186740451409],[100.2801542494035,51.62057074652802],[100.28040130615244,51.619707031250186],[100.28095686170803,51.61926215277799],[100.28070980495892,51.618318142361375],[100.2795986938479,51.61665147569465],[100.2781790839303,51.61529296875028]]]}},{"type":"Feature","id":"hydrolakes:1332704","properties":{"Hylak_id":1332704,"Lake_name":"","Country":"Mongolia","Continent":"Asia","Poly_src":"SWBD","Lake_type":1,"Grand_id":0,"Lake_area":0.43,"Shore_len":2.67,"Shore_dev":1.15,"Vol_total":2.17,"Vol_res":0.0,"Vol_src":3,"Depth_avg":5.0,"Dis_avg":0.056,"Res_time":449.1,"Elevation":2337,"Slope_100":4.14,"Wshd_area":7.2,"Pour_long":100.012655,"Pour_lat":51.60222,"source_id":"hydrolakes:1332704","label":""},"geometry":{"type":"Polygon","coordinates":[[[100.00774201393148,51.59628580729196],[100.00750000000039,51.595972222222485],[100.00575037426455,51.5961089409725],[100.00147791703552,51.59833224826417],[100.00260786321451,51.599007703993436],[100.00206545141032,51.599426540798845],[100.00182343747889,51.6002956814238],[100.00126788192341,51.60072428385445],[100.00150989585484,51.601129014757134],[100.0021970446906,51.601854926215594],[100.00317656252133,51.60224012586826],[100.01015677134222,51.60248209635432],[100.01156996091231,51.603037651909915],[100.01296479119219,51.60222222222245],[100.01206545088036,51.60168457031273],[100.01181685765607,51.59793836805585],[100.00904566023092,51.59664876302111],[100.00774201393148,51.59628580729196]]]}},{"type":"Feature","id":"hydrolakes:1332826","properties":{"Hylak_id":1332826,"Lake_name":"","Country":"Mongolia","Continent":"Asia","Poly_src":"SWBD","Lake_type":1,"Grand_id":0,"Lake_area":0.15,"Shore_len":1.77,"Shore_dev":1.3,"Vol_total":0.59,"Vol_res":0.0,"Vol_src":3,"Depth_avg":4.0,"Dis_avg":0.002,"Res_time":3437.0,"Elevation":1663,"Slope_100":3.66,"Wshd_area":0.4,"Pour_long":100.455417,"Pour_lat":51.572752,"source_id":"hydrolakes:1332826","label":""},"geometry":{"type":"Polygon","coordinates":[[[100.45540886773023,51.571396484375384],[100.45266930474196,51.57141330295161],[100.45236891004794,51.573340928819846],[100.45070224338156,51.574948459201664],[100.45101243760882,51.57633355034744],[100.45362155490477,51.576488715278],[100.45459113227008,51.57556315104193],[100.45485331217463,51.574159071180816],[100.45561516655829,51.57337239583359],[100.45818664550796,51.572533094618336],[100.45540886773023,51.571396484375384]]]}},{"type":"Feature","id":"hydrolakes:1332896","properties":{"Hylak_id":1332896,"Lake_name":"","Country":"Russia","Continent":"Europe","Poly_src":"SWBD","Lake_type":1,"Grand_id":0,"Lake_area":0.86,"Shore_len":4.72,"Shore_dev":1.43,"Vol_total":3.56,"Vol_res":0.0,"Vol_src":3,"Depth_avg":4.1,"Dis_avg":0.03,"Res_time":1375.0,"Elevation":1915,"Slope_100":2.21,"Wshd_area":8.8,"Pour_long":101.064622,"Pour_lat":51.557191,"source_id":"hydrolakes:1332896","label":""},"geometry":{"type":"Polygon","coordinates":[[[101.06848253038214,51.55667697482676],[101.06861111111135,51.55541666666687],[101.06429524739627,51.556100802951676],[101.06284823947504,51.558242187500184],[101.06096191406289,51.55887858072947],[101.06070475260441,51.55945475260438],[101.05497931586393,51.56178493923636],[101.05373969184063,51.56276746961828],[101.05348253038215,51.563621419271044],[101.05262858072933,51.56387858072941],[101.05230712890642,51.56459906684063],[101.04916917588997,51.56545301649328],[101.04738484700539,51.56680881076409],[101.04961344401079,51.567215711805886],[101.04903808593775,51.56771104600722],[101.05002522786504,51.56882378472244],[101.05320997450121,51.56907986111145],[101.05894795735719,51.56798502604187],[101.06126030815983,51.56639919704884],[101.06157443576416,51.565695529514244],[101.06292697482672,51.565288085937766],[101.06403808593774,51.56445475260438],[101.06429524739627,51.56193413628495],[101.06459364149322,51.56167697482658],[101.0648508029517,51.56082302517382],[101.06570475260446,51.560288085937714],[101.065961914063,51.5597119140628],[101.06681586371565,51.55889919704879],[101.06707302517378,51.558045247396024],[101.06848253038214,51.55667697482676]]]}},{"type":"Feature","id":"hydrolakes:1332899","properties":{"Hylak_id":1332899,"Lake_name":"","Country":"Mongolia","Continent":"Asia","Poly_src":"SWBD","Lake_type":1,"Grand_id":0,"Lake_area":0.46,"Shore_len":3.64,"Shore_dev":1.52,"Vol_total":1.5,"Vol_res":0.0,"Vol_src":3,"Depth_avg":3.3,"Dis_avg":0.03,"Res_time":577.8,"Elevation":1644,"Slope_100":1.65,"Wshd_area":6.1,"Pour_long":100.456301,"Pour_lat":51.556662,"source_id":"hydrolakes:1332899","label":""},"geometry":{"type":"Polygon","coordinates":[[[100.46182342529335,51.560295681423895],[100.46241370307109,51.55971354166695],[100.46144321017817,51.559462348090506],[100.45844316270643,51.56015733506973],[100.45793453640442,51.559890950521094],[100.45928768581831,51.558315429687696],[100.46182342529335,51.55640679253497],[100.46206546359605,51.55525987413216],[100.46237898084865,51.5550179036461],[100.46250000000015,51.55402777777812],[100.45984324137396,51.554148763021146],[100.45722344292562,51.55477756076408],[100.4567758517797,51.55535753038214],[100.4528078206381,51.55474012586825],[100.45206546359628,51.555537651910015],[100.45182342529318,51.55640679253497],[100.45130679660389,51.55680555555574],[100.45515675862652,51.56053765191001],[100.45539879692939,51.56094238281281],[100.45484324137391,51.561370985243286],[100.45460120307092,51.56224012586824],[100.45405212402369,51.562663845486384],[100.45571407741983,51.56359320746549],[100.46003448486363,51.56184299045168],[100.46182342529335,51.560295681423895]]]}},{"type":"Feature","id":"hydrolakes:1332941","properties":{"Hylak_id":1332941,"Lake_name":"","Country":"Mongolia","Continent":"Asia","Poly_src":"SWBD","Lake_type":1,"Grand_id":0,"Lake_area":0.23,"Shore_len":1.96,"Shore_dev":1.16,"Vol_total":0.46,"Vol_res":0.0,"Vol_src":3,"Depth_avg":2.1,"Dis_avg":0.05,"Res_time":107.4,"Elevation":1643,"Slope_100":0.79,"Wshd_area":10.1,"Pour_long":100.466975,"Pour_lat":51.545519,"source_id":"hydrolakes:1332941","label":""},"geometry":{"type":"Polygon","coordinates":[[[100.46596442328581,51.544174262153035],[100.4634165785049,51.54417914496548],[100.4618133544925,51.54584092881964],[100.45874220106356,51.54777018229191],[100.45792446560358,51.54855957031276],[100.45934807671455,51.54888129340304],[100.46625779893685,51.54861870659744],[100.46818664550813,51.54644042968778],[100.46596442328581,51.544174262153035]]]}},{"type":"Feature","id":"hydrolakes:1333023","properties":{"Hylak_id":1333023,"Lake_name":"","Country":"Russia","Continent":"Europe","Poly_src":"SWBD","Lake_type":1,"Grand_id":0,"Lake_area":0.22,"Shore_len":2.19,"Shore_dev":1.31,"Vol_total":0.66,"Vol_res":0.0,"Vol_src":3,"Depth_avg":3.0,"Dis_avg":0.002,"Res_time":3817.6,"Elevation":490,"Slope_100":1.7,"Wshd_area":0.1,"Pour_long":104.077001,"Pour_lat":51.526739,"source_id":"hydrolakes:1333023","label":""},"geometry":{"type":"Polygon","coordinates":[[[104.08152506510476,51.52528049045151],[104.07554334852489,51.52528591579892],[104.07514160156308,51.526113823784954],[104.07220703125046,51.526432834201614],[104.0704139539938,51.527497287326696],[104.06968315972279,51.528221028646044],[104.07123046875063,51.52944118923648],[104.07289252387199,51.5294753689239],[104.0734426540804,51.52890299479196],[104.07430284288273,51.52860839843771],[104.07700276692765,51.52823133680579],[104.08263617621577,51.52630316840299],[104.08236382378522,51.52583062066009],[104.08152506510476,51.52528049045151]]]}},{"type":"Feature","id":"hydrolakes:1333039","properties":{"Hylak_id":1333039,"Lake_name":"","Country":"Mongolia","Continent":"Asia","Poly_src":"SWBD","Lake_type":1,"Grand_id":0,"Lake_area":0.24,"Shore_len":2.33,"Shore_dev":1.34,"Vol_total":1.49,"Vol_res":0.0,"Vol_src":3,"Depth_avg":6.2,"Dis_avg":0.033,"Res_time":522.4,"Elevation":2187,"Slope_100":7.65,"Wshd_area":5.2,"Pour_long":100.176042,"Pour_lat":51.522581,"source_id":"hydrolakes:1333039","label":""},"geometry":{"type":"Polygon","coordinates":[[[100.18041388617638,51.521391601562755],[100.18027777777792,51.5209722222225],[100.1734239366321,51.5211442057294],[100.16903055826839,51.52664767795159],[100.17018034193279,51.52673990885438],[100.1712527804907,51.52639160156281],[100.17347500271279,51.52555826822936],[100.17399169921919,51.52502061631964],[100.17708055284305,51.52360839843777],[100.17903055826855,51.523336046007216],[100.18096944173197,51.52269205729192],[100.18069722493505,51.52166395399331],[100.18041388617638,51.521391601562755]]]}},{"type":"Feature","id":"hydrolakes:1333154","properties":{"Hylak_id":1333154,"Lake_name":"","Country":"Russia","Continent":"Europe","Poly_src":"SWBD","Lake_type":1,"Grand_id":0,"Lake_area":0.13,"Shore_len":1.86,"Shore_dev":1.48,"Vol_total":0.43,"Vol_res":0.0,"Vol_src":3,"Depth_avg":3.4,"Dis_avg":0.002,"Res_time":2507.4,"Elevation":2200,"Slope_100":2.7,"Wshd_area":0.4,"Pour_long":101.552162,"Pour_lat":51.497596,"source_id":"hydrolakes:1333154","label":""},"geometry":{"type":"Polygon","coordinates":[[[101.55209838867216,51.499308268229356],[101.553457980686,51.499106987847426],[101.55391886393272,51.499704318576676],[101.55704277886315,51.4994439019099],[101.55762098524332,51.498997938368234],[101.55587334526945,51.49808268229191],[101.55440863715302,51.49767469618075],[101.55317654079909,51.49668457031288],[101.55293457031274,51.49609320746549],[101.55138888888933,51.49569444444472],[101.550156792535,51.4958452690974],[101.55039876302106,51.496962348090506],[101.55071234809049,51.497204318576564],[101.55095431857666,51.49862901475734],[101.55129109700556,51.4988888888891],[101.55071234809049,51.499335394965556],[101.55101535373291,51.500537651909895],[101.55182345920173,51.500295681423836],[101.55209838867216,51.499308268229356]]]}},{"type":"Feature","id":"hydrolakes:1333163","properties":{"Hylak_id":1333163,"Lake_name":"","Country":"Mongolia","Continent":"Asia","Poly_src":"SWBD","Lake_type":1,"Grand_id":0,"Lake_area":0.14,"Shore_len":1.72,"Shore_dev":1.28,"Vol_total":1.18,"Vol_res":0.0,"Vol_src":3,"Depth_avg":8.1,"Dis_avg":0.025,"Res_time":545.4,"Elevation":2477,"Slope_100":15.67,"Wshd_area":3.7,"Pour_long":100.08895,"Pour_lat":51.494828,"source_id":"hydrolakes:1333163","label":""},"geometry":{"type":"Polygon","coordinates":[[[100.08872456868517,51.49363661024324],[100.08861111111122,51.493472222222465],[100.08705790201833,51.49386338975734],[100.08683098687078,51.49446994357663],[100.08428012424076,51.495807834201685],[100.08316901312952,51.49664116753496],[100.08238654242638,51.49735351562538],[100.08261345757393,51.497803276909906],[100.08324734158003,51.498472222222404],[100.08483567979624,51.497752278646146],[100.08893975999655,51.49657877604193],[100.08928012424076,51.496085611979424],[100.09132360670316,51.49500000000029],[100.08872456868517,51.49363661024324]]]}},{"type":"Feature","id":"hydrolakes:1333182","properties":{"Hylak_id":1333182,"Lake_name":"","Country":"Russia","Continent":"Europe","Poly_src":"SWBD","Lake_type":1,"Grand_id":0,"Lake_area":0.11,"Shore_len":1.53,"Shore_dev":1.28,"Vol_total":0.42,"Vol_res":0.0,"Vol_src":3,"Depth_avg":3.7,"Dis_avg":0.157,"Res_time":30.8,"Elevation":487,"Slope_100":3.23,"Wshd_area":9.0,"Pour_long":104.246971,"Pour_lat":51.491907,"source_id":"hydrolakes:1333182","label":""},"geometry":{"type":"Polygon","coordinates":[[[104.24984836154562,51.49056857638902],[104.24972222222277,51.49041666666693],[104.24240017361166,51.49054687500035],[104.24181830512197,51.491029730902994],[104.24211778428878,51.4924609375002],[104.24504991319492,51.49275987413216],[104.24651502821229,51.49220920138907],[104.25095947265669,51.49135687934046],[104.25070719401089,51.49082031250026],[104.24984836154562,51.49056857638902]]]}},{"type":"Feature","id":"hydrolakes:1333187","properties":{"Hylak_id":1333187,"Lake_name":"","Country":"Mongolia","Continent":"Asia","Poly_src":"SWBD","Lake_type":1,"Grand_id":0,"Lake_area":0.13,"Shore_len":1.89,"Shore_dev":1.47,"Vol_total":0.74,"Vol_res":0.0,"Vol_src":3,"Depth_avg":5.6,"Dis_avg":0.064,"Res_time":134.7,"Elevation":2332,"Slope_100":7.58,"Wshd_area":9.9,"Pour_long":100.114583,"Pour_lat":51.491254,"source_id":"hydrolakes:1333187","label":""},"geometry":{"type":"Polygon","coordinates":[[[100.11847500271284,51.49083604600719],[100.1186111111113,51.49069444444467],[100.11448107401549,51.49084418402805],[100.1099272155763,51.49175889756964],[100.10680833604636,51.493480902778],[100.10726093716102,51.49416395399339],[100.11649615817618,51.4922384982641],[100.11847500271284,51.49083604600719]]]}},{"type":"Feature","id":"hydrolakes:1333262","properties":{"Hylak_id":1333262,"Lake_name":"","Country":"Russia","Continent":"Europe","Poly_src":"SWBD","Lake_type":1,"Grand_id":0,"Lake_area":0.14,"Shore_len":1.93,"Shore_dev":1.43,"Vol_total":0.27,"Vol_res":0.0,"Vol_src":3,"Depth_avg":1.9,"Dis_avg":0.118,"Res_time":26.7,"Elevation":457,"Slope_100":0.76,"Wshd_area":6.6,"Pour_long":104.610796,"Pour_lat":51.475566,"source_id":"hydrolakes:1333262","label":""},"geometry":{"type":"Polygon","coordinates":[[[104.60763346354219,51.471394314236306],[104.60454318576438,51.47139919704887],[104.60347764756995,51.47246473524331],[104.60387912326433,51.4729432508683],[104.60685980902832,51.47377441406269],[104.6095887586813,51.47527235243081],[104.60997884114647,51.476099175347485],[104.61143554687567,51.47615722656269],[104.61318901909783,51.47512586805584],[104.61287651909794,51.47399685329884],[104.6088161892369,51.473564995659956],[104.60847764757011,51.472494574652956],[104.60763346354219,51.471394314236306]]]}},{"type":"Feature","id":"hydrolakes:1333315","properties":{"Hylak_id":1333315,"Lake_name":"","Country":"Mongolia","Continent":"Asia","Poly_src":"SWBD","Lake_type":1,"Grand_id":0,"Lake_area":0.14,"Shore_len":1.74,"Shore_dev":1.3,"Vol_total":0.39,"Vol_res":0.0,"Vol_src":3,"Depth_avg":2.7,"Dis_avg":0.049,"Res_time":92.1,"Elevation":1642,"Slope_100":1.66,"Wshd_area":15.1,"Pour_long":100.698926,"Pour_lat":51.465177,"source_id":"hydrolakes:1333315","label":""},"geometry":{"type":"Polygon","coordinates":[[[100.70460876464864,51.46308105468768],[100.70472222222259,51.46236111111142],[100.70080566406267,51.46247884114604],[100.69928012424077,51.46330783420177],[100.69816901312947,51.46414116753493],[100.69794209798198,51.46502549913214],[100.69738654242639,51.46540907118083],[100.69764146592905,51.46747450086832],[100.6996087646487,51.46724772135434],[100.7032824707033,51.46342122395856],[100.70460876464864,51.46308105468768]]]}},{"type":"Feature","id":"hydrolakes:1333358","properties":{"Hylak_id":1333358,"Lake_name":"","Country":"Mongolia","Continent":"Asia","Poly_src":"SWBD","Lake_type":1,"Grand_id":0,"Lake_area":0.39,"Shore_len":3.42,"Shore_dev":1.54,"Vol_total":1.03,"Vol_res":0.0,"Vol_src":3,"Depth_avg":2.6,"Dis_avg":0.104,"Res_time":114.2,"Elevation":1641,"Slope_100":1.08,"Wshd_area":34.5,"Pour_long":100.754583,"Pour_lat":51.453729,"source_id":"hydrolakes:1333358","label":""},"geometry":{"type":"Polygon","coordinates":[[[100.75571234809041,51.45335123697936],[100.75583333333356,51.453194444444705],[100.75428765191009,51.45331542968785],[100.75262098524325,51.45387098524327],[100.74994683159736,51.45483018663219],[100.74762098524343,51.45609320746547],[100.74724738227013,51.45657714843776],[100.74626790364619,51.4569623480906],[100.7437201605905,51.45739529079884],[100.7409543185766,51.458870985243266],[100.74039876302129,51.45942654079886],[100.74015679253495,51.460573459201555],[100.73793809678853,51.46177842881963],[100.73890597873282,51.46274305555585],[100.74404568142376,51.461129014757205],[100.74762098524343,51.45942654079886],[100.74892930772597,51.45906250000024],[100.7518234592016,51.45751790364602],[100.75262098524325,51.456648763021064],[100.75349012586838,51.456129014757266],[100.75515679253482,51.45446234809066],[100.75539876302116,51.453593207465474],[100.75571234809041,51.45335123697936]]]}},{"type":"Feature","id":"hydrolakes:1333800","properties":{"Hylak_id":1333800,"Lake_name":"","Country":"Mongolia","Continent":"Asia","Poly_src":"SWBD","Lake_type":1,"Grand_id":0,"Lake_area":0.19,"Shore_len":2.09,"Shore_dev":1.36,"Vol_total":0.36,"Vol_res":0.0,"Vol_src":3,"Depth_avg":1.9,"Dis_avg":0.162,"Res_time":25.4,"Elevation":1643,"Slope_100":0.72,"Wshd_area":35.8,"Pour_long":100.285417,"Pour_lat":51.355431,"source_id":"hydrolakes:1333800","label":""},"geometry":{"type":"Polygon","coordinates":[[[100.28626034206849,51.35584364149332],[100.28638888888901,51.35486111111129],[100.28351494683193,51.35500054253498],[100.28220157199456,51.355396050347395],[100.28151743570976,51.35610080295157],[100.28126034206826,51.35751030815993],[100.27967758178738,51.35902777777807],[100.28062215169285,51.359983181423786],[100.28257422553185,51.36013997395861],[100.28502065022815,51.35932617187524],[100.28762234158,51.356738823784895],[100.28403811984629,51.3563731553823],[100.2842952134879,51.35610080295157],[100.28626034206849,51.35584364149332]]]}},{"type":"Feature","id":"hydrolakes:1334017","properties":{"Hylak_id":1334017,"Lake_name":"","Country":"Russia","Continent":"Europe","Poly_src":"SWBD","Lake_type":1,"Grand_id":0,"Lake_area":0.82,"Shore_len":5.3,"Shore_dev":1.65,"Vol_total":9.09,"Vol_res":0.0,"Vol_src":3,"Depth_avg":11.1,"Dis_avg":4.063,"Res_time":25.9,"Elevation":643,"Slope_100":17.5,"Wshd_area":229.0,"Pour_long":104.686458,"Pour_lat":51.305563,"source_id":"hydrolakes:1334017","label":""},"geometry":{"type":"Polygon","coordinates":[[[104.69650227864645,51.28946994357659],[104.69638888888949,51.28930555555581],[104.69557128906308,51.28951551649328],[104.69428005642413,51.29025227864605],[104.69372450086854,51.29080783420159],[104.69349772135479,51.29169216579879],[104.69223795572998,51.292015516493336],[104.6909467230908,51.29275227864605],[104.69070312500054,51.29400010850725],[104.68905327691027,51.29474772135438],[104.68495062934085,51.29591959635434],[104.68316894531296,51.29747450086842],[104.68261338975748,51.29830783420158],[104.68238661024373,51.299192165798786],[104.68183105468813,51.299575737847476],[104.68205783420188,51.30113661024325],[104.68316894531296,51.301770833333535],[104.68294216579932,51.30280327691008],[104.68183105468813,51.30374240451408],[104.68208984375048,51.304571940104324],[104.68316894531296,51.30502549913217],[104.68516438802135,51.30525227864615],[104.68539116753522,51.3061366102433],[104.68607204861178,51.30687337239601],[104.68686631944496,51.30705132378489],[104.68738661024355,51.30669216579889],[104.68761338975753,51.30525227864615],[104.68816894531312,51.30486870659746],[104.68794216579914,51.302752278646096],[104.68738661024355,51.30191894531282],[104.68683105468824,51.301535373264244],[104.68705783420188,51.300807834201635],[104.68816894531312,51.299696723090506],[104.68960883246586,51.29891438802116],[104.68991427951448,51.29847222222253],[104.69276204427132,51.29742892795156],[104.69428005642413,51.29636338975712],[104.69738661024371,51.29474772135438],[104.69761338975746,51.29247450086831],[104.69983561197978,51.291293945312816],[104.69953721788272,51.29065429687523],[104.69779351128528,51.29020670572942],[104.69650227864645,51.28946994357659]]]}},{"type":"Feature","id":"hydrolakes:1334314","properties":{"Hylak_id":1334314,"Lake_name":"","Country":"Mongolia","Continent":"Asia","Poly_src":"SWBD","Lake_type":1,"Grand_id":0,"Lake_area":0.27,"Shore_len":2.12,"Shore_dev":1.15,"Vol_total":0.71,"Vol_res":0.0,"Vol_src":3,"Depth_avg":2.6,"Dis_avg":0.003,"Res_time":2721.8,"Elevation":2052,"Slope_100":1.23,"Wshd_area":1.1,"Pour_long":100.9884,"Pour_lat":51.231694,"source_id":"hydrolakes:1334314","label":""},"geometry":{"type":"Polygon","coordinates":[[[100.9854113769535,51.228894314236356],[100.98263359917559,51.22888346354182],[100.98069973415824,51.23083875868082],[100.97814466688396,51.231187608507184],[100.9774779595271,51.23180555555575],[100.9783411322702,51.23266927083358],[100.98275872124589,51.233327907986336],[100.98823513454897,51.23304470486147],[100.9893002658423,51.231979709201596],[100.98847751193597,51.23055013020854],[100.9854113769535,51.228894314236356]]]}},{"type":"Feature","id":"hydrolakes:1334384","properties":{"Hylak_id":1334384,"Lake_name":"","Country":"Mongolia","Continent":"Asia","Poly_src":"SWBD","Lake_type":1,"Grand_id":0,"Lake_area":0.24,"Shore_len":2.24,"Shore_dev":1.29,"Vol_total":0.99,"Vol_res":0.0,"Vol_src":3,"Depth_avg":4.2,"Dis_avg":0.001,"Res_time":11439.6,"Elevation":2208,"Slope_100":3.33,"Wshd_area":0.1,"Pour_long":100.080208,"Pour_lat":51.21406,"source_id":"hydrolakes:1334384","label":""},"geometry":{"type":"Polygon","coordinates":[[[100.08096440633165,51.21111870659746],[100.07704861958854,51.21110405815989],[100.0797337171768,51.21256998697942],[100.07586306254092,51.21380588107655],[100.07785621643097,51.21609320746546],[100.08251562330486,51.21515462239603],[100.08540885077593,51.2141997612851],[100.08514670477996,51.21277018229188],[100.08403559366883,51.21138129340295],[100.08096440633165,51.21111870659746]]]}},{"type":"Feature","id":"hydrolakes:1334448","properties":{"Hylak_id":1334448,"Lake_name":"","Country":"Russia","Continent":"Europe","Poly_src":"SWBD","Lake_type":1,"Grand_id":0,"Lake_area":0.14,"Shore_len":2.2,"Shore_dev":1.63,"Vol_total":0.71,"Vol_res":0.0,"Vol_src":3,"Depth_avg":4.9,"Dis_avg":0.022,"Res_time":374.8,"Elevation":1489,"Slope_100":5.61,"Wshd_area":1.3,"Pour_long":104.270165,"Pour_lat":51.196037,"source_id":"hydrolakes:1334448","label":""},"geometry":{"type":"Polygon","coordinates":[[[104.26736382378533,51.193052842882196],[104.26493435329911,51.19223632812526],[104.260833333334,51.19152777777799],[104.25904405382005,51.19177734375029],[104.26067491319486,51.193052300347404],[104.2659057617193,51.193413628472456],[104.26514160156302,51.19414767795155],[104.26564019097265,51.19469618055575],[104.26997395833376,51.19638617621541],[104.27096950954927,51.19562934027795],[104.27069715711866,51.194997287326544],[104.26878282335116,51.193628472222485],[104.26736382378533,51.193052842882196]]]}},{"type":"Feature","id":"hydrolakes:1334460","properties":{"Hylak_id":1334460,"Lake_name":"","Country":"Mongolia","Continent":"Asia","Poly_src":"SWBD","Lake_type":1,"Grand_id":0,"Lake_area":0.61,"Shore_len":3.11,"Shore_dev":1.13,"Vol_total":1.73,"Vol_res":0.0,"Vol_src":3,"Depth_avg":2.9,"Dis_avg":0.003,"Res_time":6685.7,"Elevation":2047,"Slope_100":1.14,"Wshd_area":1.1,"Pour_long":101.018734,"Pour_lat":51.193793,"source_id":"hydrolakes:1334460","label":""},"geometry":{"type":"Polygon","coordinates":[[[101.01985331217469,51.19139648437522],[101.01972222222247,51.191250000000366],[101.01848002115923,51.19167426215307],[101.01435397677983,51.19197265625024],[101.01403557671472,51.19334092881968],[101.01292446560348,51.194174262152956],[101.01014668782591,51.19454589843775],[101.01040886773035,51.19611870659742],[101.01071099175385,51.1963888888892],[101.01030748155404,51.19674967447946],[101.01223782009566,51.19734537760439],[101.01393805609848,51.19883789062516],[101.01652031792554,51.199974500868336],[101.01788153754359,51.200055881076594],[101.01831773546024,51.19956759982654],[101.02292446560375,51.19806315104188],[101.02429775661932,51.19671820746544],[101.02403557671465,51.19527018229195],[101.02318664550802,51.19472981770855],[101.02292446560375,51.19415907118076],[101.02096442328593,51.19278537326409],[101.02070224338132,51.1922146267363],[101.01985331217469,51.19139648437522]]]}},{"type":"Feature","id":"hydrolakes:1334635","properties":{"Hylak_id":1334635,"Lake_name":"","Country":"Mongolia","Continent":"Asia","Poly_src":"SWBD","Lake_type":1,"Grand_id":0,"Lake_area":0.17,"Shore_len":1.62,"Shore_dev":1.12,"Vol_total":0.45,"Vol_res":0.0,"Vol_src":3,"Depth_avg":2.7,"Dis_avg":0.085,"Res_time":61.4,"Elevation":1645,"Slope_100":1.5,"Wshd_area":35.0,"Pour_long":100.719774,"Pour_lat":51.139246,"source_id":"hydrolakes:1334635","label":""},"geometry":{"type":"Polygon","coordinates":[[[100.72540127224408,51.138904079861334],[100.72527777777799,51.13736111111126],[100.72317905002205,51.13748480902808],[100.71971381293423,51.13825629340295],[100.71871548122846,51.139166666666995],[100.72058688693613,51.14108018663211],[100.72294304741769,51.14137369791683],[100.72497701009132,51.14106987847242],[100.72695861816425,51.13934950086826],[100.72540127224408,51.138904079861334]]]}},{"type":"Feature","id":"hydrolakes:1334935","properties":{"Hylak_id":1334935,"Lake_name":"","Country":"Mongolia","Continent":"Asia","Poly_src":"SWBD","Lake_type":1,"Grand_id":0,"Lake_area":0.15,"Shore_len":1.57,"Shore_dev":1.13,"Vol_total":0.48,"Vol_res":0.0,"Vol_src":3,"Depth_avg":3.2,"Dis_avg":0.002,"Res_time":2790.0,"Elevation":1997,"Slope_100":2.16,"Wshd_area":0.8,"Pour_long":100.885464,"Pour_lat":51.048688,"source_id":"hydrolakes:1334935","label":""},"geometry":{"type":"Polygon","coordinates":[[[100.88706542968765,51.047517903645996],[100.88694444444462,51.0470833333336],[100.88539876302127,51.04720431857663],[100.88237901475719,51.04862901475718],[100.88099846733974,51.04901367187517],[100.87981709798197,51.0497200520835],[100.88098178439685,51.05088650173633],[100.88425869411907,51.05137098524324],[100.8876209852433,51.04932671441003],[100.88737901475724,51.04775987413217],[100.88706542968765,51.047517903645996]]]}},{"type":"Feature","id":"hydrolakes:1334957","properties":{"Hylak_id":1334957,"Lake_name":"","Country":"Mongolia","Continent":"Asia","Poly_src":"SWBD","Lake_type":1,"Grand_id":0,"Lake_area":0.27,"Shore_len":2.39,"Shore_dev":1.3,"Vol_total":0.94,"Vol_res":0.0,"Vol_src":3,"Depth_avg":3.5,"Dis_avg":0.001,"Res_time":10858.3,"Elevation":2009,"Slope_100":2.27,"Wshd_area":0.5,"Pour_long":100.921067,"Pour_lat":51.042014,"source_id":"hydrolakes:1334957","label":""},"geometry":{"type":"Polygon","coordinates":[[[100.91596944173199,51.03666937934048],[100.91284471299946,51.03668185763905],[100.90874376085088,51.03916612413218],[100.90956075032574,51.03999348958354],[100.9160051812068,51.04057291666703],[100.91677103678421,51.04136990017372],[100.91937642415394,51.04249728732657],[100.92150899251322,51.042188042534974],[100.91596944173199,51.03666937934048]]]}},{"type":"Feature","id":"hydrolakes:1335264","properties":{"Hylak_id":1335264,"Lake_name":"","Country":"Russia","Continent":"Europe","Poly_src":"SWBD","Lake_type":1,"Grand_id":0,"Lake_area":0.27,"Shore_len":2.63,"Shore_dev":1.42,"Vol_total":0.6,"Vol_res":0.0,"Vol_src":3,"Depth_avg":2.2,"Dis_avg":0.423,"Res_time":16.5,"Elevation":1360,"Slope_100":0.88,"Wshd_area":42.5,"Pour_long":104.872568,"Pour_lat":50.946923,"source_id":"hydrolakes:1335264","label":""},"geometry":{"type":"Polygon","coordinates":[[[104.87430284288257,50.94695638020846],[104.87390190972275,50.94611707899321],[104.8694319661463,50.946657986111404],[104.86874728732693,50.94555826822932],[104.86847493489637,50.944441731771064],[104.86750000000052,50.943750000000136],[104.86596950954902,50.943886176215585],[104.86458604600745,50.94489800347242],[104.86534993489647,50.946030815972506],[104.86208062066027,50.946386176215526],[104.86125271267423,50.94748101128499],[104.86158257378526,50.948516710069725],[104.86341362847281,50.949259440104356],[104.87236382378529,50.94778049045152],[104.87263617621585,50.947497287326655],[104.87430284288257,50.94695638020846]]]}},{"type":"Feature","id":"hydrolakes:1335641","properties":{"Hylak_id":1335641,"Lake_name":"","Country":"Mongolia","Continent":"Asia","Poly_src":"SWBD","Lake_type":1,"Grand_id":0,"Lake_area":0.15,"Shore_len":1.53,"Shore_dev":1.11,"Vol_total":0.4,"Vol_res":0.0,"Vol_src":3,"Depth_avg":2.7,"Dis_avg":0.0,"Res_time":-1.0,"Elevation":1748,"Slope_100":1.53,"Wshd_area":0.1,"Pour_long":101.969792,"Pour_lat":50.823816,"source_id":"hydrolakes:1335641","label":""},"geometry":{"type":"Polygon","coordinates":[[[101.96828247070357,50.8221343315974],[101.96805555555602,50.82180555555573],[101.96516438802121,50.82239746093774],[101.96539116753496,50.82335883246549],[101.96594672309055,50.824192165798934],[101.96683105468782,50.824696723090426],[101.9670578342018,50.82530327690995],[101.96773857964456,50.82604003906266],[101.96913235134576,50.82635253906284],[101.97205783420162,50.82524522569469],[101.97183105468793,50.824418945312686],[101.97094672309072,50.82363661024323],[101.97068047417577,50.82292480468766],[101.96828247070357,50.8221343315974]]]}},{"type":"Feature","id":"hydrolakes:1335661","properties":{"Hylak_id":1335661,"Lake_name":"","Country":"Mongolia","Continent":"Asia","Poly_src":"SWBD","Lake_type":1,"Grand_id":0,"Lake_area":0.51,"Shore_len":2.84,"Shore_dev":1.12,"Vol_total":1.62,"Vol_res":0.0,"Vol_src":3,"Depth_avg":3.2,"Dis_avg":0.003,"Res_time":6235.3,"Elevation":1920,"Slope_100":1.48,"Wshd_area":1.1,"Pour_long":100.668787,"Pour_lat":50.81838,"source_id":"hydrolakes:1335661","label":""},"geometry":{"type":"Polygon","coordinates":[[[100.67429775661924,50.81306315104189],[100.67209004720092,50.81309407552095],[100.67105150010866,50.814127604166856],[100.66965115017388,50.814629991319634],[100.66499721950976,50.815027126736254],[100.66292446560362,50.816615125868225],[100.66318664550818,50.818340928819566],[100.6637422010636,50.81889648437516],[100.66595079210089,50.819308810764085],[100.66826137966609,50.820270182291836],[100.67214240180158,50.81998372395856],[100.67318664550811,50.81888129340297],[100.67707553439698,50.81650770399324],[100.67681335449237,50.814992404514044],[100.67429775661924,50.81306315104189]]]}},{"type":"Feature","id":"hydrolakes:1335726","properties":{"Hylak_id":1335726,"Lake_name":"","Country":"Mongolia","Continent":"Asia","Poly_src":"SWBD","Lake_type":1,"Grand_id":0,"Lake_area":0.28,"Shore_len":2.16,"Shore_dev":1.15,"Vol_total":1.11,"Vol_res":0.0,"Vol_src":3,"Depth_avg":3.9,"Dis_avg":0.002,"Res_time":6397.0,"Elevation":1899,"Slope_100":2.8,"Wshd_area":0.7,"Pour_long":100.628315,"Pour_lat":50.792626,"source_id":"hydrolakes:1335726","label":""},"geometry":{"type":"Polygon","coordinates":[[[100.632613457574,50.78808105468772],[100.63250000000028,50.78791666666689],[100.63023912217898,50.788038194444596],[100.62928012424067,50.78858561197927],[100.62816901312948,50.78969672309057],[100.62794209798193,50.79058105468772],[100.6273865424265,50.7909646267363],[100.62763271755665,50.79386338975712],[100.63094679090739,50.79275227864605],[100.6370579020184,50.791949869791836],[100.63683098687085,50.79108561197933],[100.63627543131525,50.79025227864605],[100.63508599175384,50.78902777777796],[100.632613457574,50.78808105468772]]]}},{"type":"Feature","id":"hydrolakes:1335736","properties":{"Hylak_id":1335736,"Lake_name":"","Country":"Mongolia","Continent":"Asia","Poly_src":"SWBD","Lake_type":1,"Grand_id":0,"Lake_area":0.32,"Shore_len":2.6,"Shore_dev":1.3,"Vol_total":1.19,"Vol_res":0.0,"Vol_src":3,"Depth_avg":3.8,"Dis_avg":0.006,"Res_time":2302.5,"Elevation":1901,"Slope_100":2.47,"Wshd_area":2.3,"Pour_long":100.651173,"Pour_lat":50.790125,"source_id":"hydrolakes:1335736","label":""},"geometry":{"type":"Polygon","coordinates":[[[100.64198954264344,50.792449544270994],[100.64615281846801,50.791828342014014],[100.64659172905834,50.792302517361236],[100.65071587456623,50.79213867187519],[100.65234585232213,50.79156738281273],[100.6526335991756,50.789143880208485],[100.6505449761288,50.788483072916904],[100.64972222222235,50.787638888889035],[100.64621229383698,50.787785373264],[100.64541137695346,50.78860568576408],[100.64514417860272,50.789727647569634],[100.64470811631969,50.79013129340291],[100.64010179307746,50.79000705295152],[100.6390330674916,50.791146375868266],[100.63963433159745,50.79170355902801],[100.64198954264344,50.792449544270994]]]}},{"type":"Feature","id":"hydrolakes:1335830","properties":{"Hylak_id":1335830,"Lake_name":"","Country":"Russia","Continent":"Europe","Poly_src":"SWBD","Lake_type":1,"Grand_id":0,"Lake_area":0.16,"Shore_len":1.69,"Shore_dev":1.19,"Vol_total":0.65,"Vol_res":0.0,"Vol_src":3,"Depth_avg":4.1,"Dis_avg":0.001,"Res_time":7528.5,"Elevation":1493,"Slope_100":3.61,"Wshd_area":0.3,"Pour_long":102.85885,"Pour_lat":50.759701,"source_id":"hydrolakes:1335830","label":""},"geometry":{"type":"Polygon","coordinates":[[[102.85817654079915,50.75862901475722],[102.85805555555612,50.758472222222395],[102.85630289713572,50.75860948350709],[102.85317654079904,50.760537651909885],[102.85237901475745,50.76127983940984],[102.85293457031298,50.761926540798754],[102.85318576388943,50.76282823350709],[102.85620307074686,50.763274197048815],[102.85737901475738,50.76196234809055],[102.85762098524356,50.760815429687625],[102.85960123697947,50.76029568142383],[102.86039876302124,50.75955349392393],[102.85817654079915,50.75862901475722]]]}},{"type":"Feature","id":"hydrolakes:1336060","properties":{"Hylak_id":1336060,"Lake_name":"","Country":"Mongolia","Continent":"Asia","Poly_src":"SWBD","Lake_type":1,"Grand_id":0,"Lake_area":0.39,"Shore_len":2.48,"Shore_dev":1.12,"Vol_total":1.45,"Vol_res":0.0,"Vol_src":3,"Depth_avg":3.7,"Dis_avg":0.0,"Res_time":-1.0,"Elevation":1797,"Slope_100":2.26,"Wshd_area":0.1,"Pour_long":101.022968,"Pour_lat":50.702134,"source_id":"hydrolakes:1336060","label":""},"geometry":{"type":"Polygon","coordinates":[[[101.02429524739608,50.698343641493295],[101.02416666666687,50.69819444444465],[101.0221158854169,50.69836588541688],[101.02181586371552,50.700010308159904],[101.02096191406275,50.70082302517375],[101.0207047526045,50.701676974826626],[101.02014919704891,50.7021554904515],[101.02040635850716,50.70389919704883],[101.02096191406275,50.70445475260436],[101.022371419271,50.70526746961821],[101.02339992947071,50.706372070312625],[101.02489617241798,50.7064919704863],[101.02681586371551,50.705843641493175],[101.0277570936417,50.70484049479188],[101.02929524739608,50.70437717013914],[101.02873969184049,50.70362141927109],[101.02848253038223,50.701934136284876],[101.0265174696184,50.69973253038228],[101.02618157280841,50.69898003472241],[101.02429524739608,50.698343641493295]]]}},{"type":"Feature","id":"hydrolakes:1336235","properties":{"Hylak_id":1336235,"Lake_name":"","Country":"Mongolia","Continent":"Asia","Poly_src":"SWBD","Lake_type":1,"Grand_id":0,"Lake_area":0.59,"Shore_len":2.94,"Shore_dev":1.08,"Vol_total":2.35,"Vol_res":0.0,"Vol_src":3,"Depth_avg":4.0,"Dis_avg":0.006,"Res_time":4538.6,"Elevation":1644,"Slope_100":2.33,"Wshd_area":1.9,"Pour_long":100.240625,"Pour_lat":50.652648,"source_id":"hydrolakes:1336235","label":""},"geometry":{"type":"Polygon","coordinates":[[[100.24985078599741,50.650843641493225],[100.24428134494377,50.65082356770847],[100.23976786295583,50.651200629340394],[100.23681588066995,50.652004123263964],[100.23707300821951,50.6541769748265],[100.23892559475388,50.656059570312664],[100.24055094401064,50.65665635850718],[100.24702928331186,50.65639051649333],[100.25113177829331,50.65515950520847],[100.25262856377509,50.65401584201402],[100.25237143622525,50.65276746961837],[100.25181588066982,50.65193413628492],[100.25113177829331,50.65122938368074],[100.24985078599741,50.650843641493225]]]}},{"type":"Feature","id":"hydrolakes:1336258","properties":{"Hylak_id":1336258,"Lake_name":"","Country":"Mongolia","Continent":"Asia","Poly_src":"SWBD","Lake_type":1,"Grand_id":0,"Lake_area":0.23,"Shore_len":1.91,"Shore_dev":1.12,"Vol_total":1.13,"Vol_res":0.0,"Vol_src":3,"Depth_avg":4.9,"Dis_avg":0.001,"Res_time":13064.4,"Elevation":1613,"Slope_100":4.76,"Wshd_area":0.3,"Pour_long":101.334483,"Pour_lat":50.646982,"source_id":"hydrolakes:1336258","label":""},"geometry":{"type":"Polygon","coordinates":[[[101.33317911783882,50.644737413194605],[101.33305555555575,50.64402777777798],[101.32758626302103,50.644152018229306],[101.3281245930994,50.644583333333514],[101.326820882162,50.645737847222335],[101.32706800672764,50.64640407986121],[101.32777208116346,50.647145182291865],[101.33152913411493,50.64859592013903],[101.33456068250888,50.648213433159924],[101.33595689561673,50.64736545138908],[101.33568535698817,50.6459700520835],[101.3342902289499,50.64557074652794],[101.33317911783882,50.644737413194605]]]}},{"type":"Feature","id":"hydrolakes:1336340","properties":{"Hylak_id":1336340,"Lake_name":"","Country":"Mongolia","Continent":"Asia","Poly_src":"SWBD","Lake_type":1,"Grand_id":0,"Lake_area":0.14,"Shore_len":1.56,"Shore_dev":1.19,"Vol_total":0.23,"Vol_res":0.0,"Vol_src":3,"Depth_avg":1.7,"Dis_avg":0.104,"Res_time":25.8,"Elevation":1149,"Slope_100":0.6,"Wshd_area":39.6,"Pour_long":101.816145,"Pour_lat":50.620151,"source_id":"hydrolakes:1336340","label":""},"geometry":{"type":"Polygon","coordinates":[[[101.81792453342052,50.62250759548624],[101.81805555555587,50.619305555555684],[101.8159790039067,50.61948296440994],[101.81429768880236,50.62110351562518],[101.8140356445316,50.62195203993076],[101.81348008897595,50.62244845920151],[101.81374213324676,50.62417426215296],[101.81453192816878,50.6249924045141],[101.81663642035613,50.62409450954874],[101.81792453342052,50.62250759548624]]]}},{"type":"Feature","id":"hydrolakes:1337207","properties":{"Hylak_id":1337207,"Lake_name":"","Country":"Russia","Continent":"Europe","Poly_src":"SWBD","Lake_type":1,"Grand_id":0,"Lake_area":0.52,"Shore_len":3.25,"Shore_dev":1.28,"Vol_total":3.32,"Vol_res":0.0,"Vol_src":3,"Depth_avg":6.4,"Dis_avg":0.038,"Res_time":1011.2,"Elevation":1135,"Slope_100":6.52,"Wshd_area":11.5,"Pour_long":103.32054,"Pour_lat":50.379287,"source_id":"hydrolakes:1337207","label":""},"geometry":{"type":"Polygon","coordinates":[[[103.3234876844623,50.37807074652807],[103.3237345377608,50.37692925347238],[103.32406222873317,50.376666666666836],[103.32371554904552,50.37638888888898],[103.324043240018,50.376126302083605],[103.32429009331639,50.37498480902792],[103.3251543511289,50.37362630208344],[103.32540120442758,50.372207031250184],[103.32595675998311,50.371762152777876],[103.32540120442758,50.371126302083496],[103.32527777777813,50.37013888888902],[103.32212890625055,50.370602213541815],[103.32126546223998,50.371404079861236],[103.31873453776097,50.372207031250184],[103.31848768446235,50.37279296875016],[103.31762342664973,50.37304036458346],[103.31682101779558,50.373904079861404],[103.31595675998307,50.374151475694646],[103.31459879557343,50.37529296875016],[103.31293212890665,50.37623535156274],[103.31388319227483,50.377422960069566],[103.31492106119828,50.37782226562513],[103.32040120442747,50.37834906684037],[103.31966172960114,50.379298502604456],[103.32230577256985,50.379627821180634],[103.32262342664978,50.378873697916845],[103.3234876844623,50.37807074652807]]]}}]}