{"type":"FeatureCollection","features":[{"type":"Feature","id":"hydrolakes:15643","properties":{"Hylak_id":15643,"Lake_name":"","Country":"China","Continent":"Asia","Poly_src":"SWBD","Lake_type":1,"Grand_id":0,"Lake_area":11.62,"Shore_len":61.84,"Shore_dev":5.12,"Vol_total":39.54,"Vol_res":0.0,"Vol_src":3,"Depth_avg":3.4,"Dis_avg":1.845,"Res_time":248.0,"Elevation":72,"Slope_100":1.36,"Wshd_area":57.1,"Pour_long":110.335417,"Pour_lat":19.49375,"source_id":"hydrolakes:15643","label":""},"geometry":{"type":"Polygon","coordinates":[[[110.3597275119348,19.51639417860258],[110.36064758300688,19.51576107449017],[110.36271915011844,19.51638359917547],[110.36874203152018,19.51575595431865],[110.37185963948463,19.51587951660167],[110.37394829643989,19.516611565484027],[110.37471693250762,19.51627834743931],[110.37352108425466,19.51550615098762],[110.37193915472994,19.515005289713656],[110.37153316921552,19.514567125108726],[110.37019734700425,19.51503533257386],[110.36527659098215,19.5151266479495],[110.36274875216913,19.515566813151167],[110.36087097167876,19.51490868462463],[110.35867136637273,19.513221944173267],[110.35833862304594,19.510994160970142],[110.36074428982113,19.511837327745354],[110.36153205023771,19.512687513563492],[110.36332943386395,19.512216559516276],[110.36675153944134,19.51280195448146],[110.36845594617967,19.512734375000093],[110.36899278428717,19.511038682725825],[110.37085615369915,19.51015930175788],[110.3708276367177,19.509439459906844],[110.3727981567373,19.50774478488512],[110.37500528971253,19.506394178602648],[110.37611640082366,19.504449734158186],[110.37732316758792,19.501452738444073],[110.37685794406377,19.501116400824856],[110.37520300971028,19.501992085774987],[110.37206932915495,19.50623599582258],[110.36821675618393,19.508857048882533],[110.36637410481683,19.509460381402107],[110.36369306776152,19.509523756239332],[110.36258958604503,19.51010769314246],[110.36187700059588,19.50933865017373],[110.36241885714952,19.507792697482785],[110.36386603461278,19.507109714084322],[110.3654990641266,19.507682054307793],[110.3663835991743,19.505151401096157],[110.36566077338216,19.504727511935926],[110.3641264851878,19.505783284505412],[110.36212999131834,19.50644578721807],[110.3588939751508,19.50644924587681],[110.3580282592763,19.504685974121173],[110.35636094834979,19.503899095323504],[110.3564218817807,19.501806335449373],[110.35771942138581,19.501116400824856],[110.35805026584114,19.502505289713724],[110.35906745062834,19.502985365125937],[110.36037614610353,19.50229288736989],[110.36313330756195,19.503496093750073],[110.3647403971346,19.502263692220197],[110.36469675699772,19.50116333007827],[110.36528639051545,19.499395243326887],[110.36678025987311,19.499454447428548],[110.36749471028537,19.500560845269376],[110.36837015787671,19.50112616644975],[110.36908610025944,19.501097785102104],[110.36860395643345,19.499722188314024],[110.36879926893357,19.499171956380394],[110.37132904052629,19.500211079915516],[110.37196000840834,19.498309326172034],[110.37193786621003,19.497750515408143],[110.37064042833026,19.497801954481474],[110.36721693250774,19.497227511935932],[110.36611640082356,19.496332973904202],[110.36720309787233,19.49532609727663],[110.36805026584119,19.493832973904205],[110.36718465169162,19.493030971951214],[110.36723222520527,19.491830851237125],[110.37004750569565,19.49026312934035],[110.37081854926123,19.490293714735344],[110.37146365695429,19.489952358669825],[110.37219075520744,19.48916761610252],[110.37397464328251,19.488557637532665],[110.3735831366634,19.48744055853956],[110.37160580105143,19.48749206542982],[110.3698471747494,19.48656151665591],[110.36840525309134,19.487667236328207],[110.36735883924592,19.489093865288737],[110.36543802897035,19.489460584852566],[110.36441680908126,19.490848761664665],[110.36378770616227,19.490823805067407],[110.3641931491419,19.489667087131238],[110.36507941351891,19.488426310221485],[110.36555026584091,19.486939154730976],[110.36702612982765,19.4860715060766],[110.36749471028537,19.485529683431196],[110.36585371229279,19.484755215115285],[110.36552958170478,19.484405381944555],[110.36556555853844,19.4834975179038],[110.36675167507491,19.48273159450963],[110.36833770751849,19.482772115071725],[110.37093004014656,19.483605821397703],[110.37224060058492,19.48219136556014],[110.37447994655923,19.481671956380467],[110.37564395480575,19.482849494086565],[110.37718193901827,19.48610829671236],[110.37837226019872,19.486383599175497],[110.3788835991744,19.48524227566196],[110.37817135280943,19.48458234998924],[110.37717722574763,19.481213175455878],[110.37613471137053,19.480721164279657],[110.37378326415904,19.475543212890727],[110.37329627142907,19.475562540690248],[110.37246429443269,19.47646043565561],[110.37251556396376,19.477753770616346],[110.37191056993186,19.4795734320748],[110.37062194824108,19.480405544705093],[110.36556084526819,19.47926757812519],[110.3672279188358,19.476393500434313],[110.36720665825646,19.47391289605048],[110.3675127495651,19.473039550781493],[110.36915659586481,19.473082682291817],[110.36943915472983,19.47268107096363],[110.36805026584119,19.471394178602566],[110.36749287923072,19.46996280246327],[110.36691145155066,19.469424065484077],[110.36639417860141,19.468328043619863],[110.36461714002724,19.467765435112995],[110.36291466606883,19.467832912869085],[110.3619423760299,19.467492133246594],[110.36167195637927,19.46770894368501],[110.36405246310676,19.469288160536166],[110.3658280436187,19.47122165256087],[110.36443915472984,19.47166137695325],[110.36288055419834,19.472896931966318],[110.3613527086037,19.475064120822594],[110.36027248806334,19.47610582139771],[110.359897664387,19.478458760579542],[110.35933088514446,19.478983900282174],[110.35728939480151,19.478289727105164],[110.3568829345694,19.477005954318656],[110.3552830674904,19.476353386773155],[110.35610582139668,19.475550265842173],[110.35755564371635,19.47498569064686],[110.35871334499694,19.47503156873927],[110.35943915473001,19.474110751681962],[110.35881846109942,19.472937757704074],[110.35706227620341,19.47386701795807],[110.35493089463898,19.473308546278304],[110.35357371012259,19.473362325032667],[110.35364234076508,19.47509345160597],[110.35272844102553,19.475828043619856],[110.3528213840051,19.473482767741018],[110.35333902994688,19.472504543728462],[110.35334611680685,19.47176099989167],[110.35417195637916,19.47056084526929],[110.35496127658325,19.468730197482728],[110.35422529432407,19.468338623046975],[110.35133063422205,19.471462775336477],[110.35083862304583,19.47250528971375],[110.35018554687406,19.47277248806438],[110.34917195637945,19.471353386773217],[110.35027058919167,19.47033542209209],[110.35107625325423,19.466953091091852],[110.35203152126638,19.466502278645976],[110.35193196614483,19.46399071587473],[110.34990047878591,19.46303198920367],[110.34838955349284,19.463041280110815],[110.34805460611875,19.461635199652903],[110.34736111111022,19.460972222222324],[110.34665941026373,19.461622382270093],[110.34664889865343,19.463087327745313],[110.34506679958673,19.463833991156775],[110.34326392279644,19.465331895616487],[110.34335357665913,19.467594061957584],[110.34163187662654,19.468705817328726],[110.34168528238826,19.470052761502018],[110.34283369276153,19.470550265842178],[110.34390475802849,19.46998352050798],[110.3438623725034,19.468914421929412],[110.34448364257702,19.46801157633473],[110.34555026584093,19.465272488064386],[110.34676099989053,19.46410983615459],[110.34849341498386,19.464178500705373],[110.34888359917426,19.46500528971376],[110.34948279486673,19.46556047227648],[110.34943196614478,19.466842617458894],[110.34720648871439,19.46807532416466],[110.34721652560665,19.46889343261728],[110.34767923990796,19.469767862955848],[110.34582841661137,19.46969451904306],[110.34523827446725,19.47033142089856],[110.34556732177629,19.472538079156095],[110.34680508083665,19.472489013672032],[110.34721693250776,19.47329606797973],[110.34412879096027,19.47390550401491],[110.34417914496436,19.475175950792163],[110.34610582139652,19.47611640082482],[110.34832438150937,19.476818813748025],[110.34955420599937,19.478495483398603],[110.34912482367537,19.48013414171021],[110.34803056504887,19.48084075927744],[110.34862742106014,19.481393805609912],[110.34909033881206,19.483605821397703],[110.34673746744687,19.482781134711445],[110.34464975992734,19.48250528971363],[110.34417195637923,19.483111470540507],[110.34680477566098,19.48508046468112],[110.34721693250776,19.486416219075636],[110.34557237413088,19.486351013183707],[110.34528306749053,19.48677720811645],[110.34668690999246,19.48768371582048],[110.346653374565,19.488529696994476],[110.3431315782326,19.488904486762237],[110.34276387532447,19.490065917968877],[110.34280846489708,19.49119052463118],[110.34422030978635,19.49249867757169],[110.34133748372301,19.492892659505344],[110.33917195637918,19.49186811659081],[110.34168297661586,19.489161749945822],[110.34166097005101,19.488606567383044],[110.34211059570208,19.48775682237425],[110.34331498887718,19.487804565429826],[110.34388359917443,19.48728756374811],[110.34277248806319,19.485838623047016],[110.3425052897125,19.484994710286514],[110.34170396592788,19.48472751193583],[110.34023871527688,19.48697041829439],[110.33924801296575,19.48693115234397],[110.33833862304596,19.48577741834862],[110.33944349500763,19.484753689236356],[110.33989162868829,19.48287234836164],[110.33913709852328,19.48222751193589],[110.33791666666565,19.484117465549218],[110.33680555555463,19.483529527452504],[110.33611219617967,19.483896416558252],[110.33457573784625,19.483357883029612],[110.33389417860138,19.48422258165158],[110.3353141954201,19.487275729709324],[110.33526594373808,19.488493414984873],[110.33417195637918,19.489045850965795],[110.33502207438039,19.489447055392873],[110.33324564615776,19.48973005506741],[110.33223015679147,19.493116421169816],[110.33333862304579,19.49582804361995],[110.33362409803493,19.497323269314336],[110.33499715169188,19.499918145073934],[110.33722764756862,19.50086049397794],[110.33782206217359,19.500218980577415],[110.33948150634654,19.50028476291243],[110.34014366997525,19.500999382866894],[110.33944973415691,19.5038528781468],[110.34144480387266,19.504161376953277],[110.34263383653331,19.50353220621753],[110.34305026584099,19.502216932508816],[110.34336096869464,19.50192901611348],[110.34614817301338,19.50165968153226],[110.3468668958867,19.500883992513252],[110.34749471028539,19.501753777398108],[110.34588148328919,19.502937045627277],[110.34506629096035,19.50407463921448],[110.34636850992752,19.50468922932953],[110.3467562527116,19.505107693142463],[110.34805026584098,19.504161376953277],[110.34889417860137,19.503894178602593],[110.34962124294594,19.50276828342038],[110.35027350531601,19.50279412163644],[110.35138359917431,19.503783671061285],[110.35041975233179,19.50518436008042],[110.34888359917426,19.50555026584226],[110.34806084526815,19.506268073188153],[110.34980292426121,19.507142232259355],[110.35055026584104,19.508443874783154],[110.34913248697819,19.50889272054053],[110.34836751301981,19.50971839057081],[110.34749471028539,19.50999471028655],[110.34722751193499,19.510871649848127],[110.34839419894644,19.51082539876319],[110.34943915472985,19.510272488064345],[110.35154585096473,19.510005289713604],[110.35213819715608,19.511260375976633],[110.35110541449558,19.512217305501395],[110.35112294514886,19.51266008165163],[110.35199195014013,19.513070203993152],[110.35300198025072,19.513030158149036],[110.35347171359501,19.511058180067494],[110.3530498928485,19.509448343912993],[110.35303904215385,19.50833306206607],[110.35364661322598,19.508060845269256],[110.35476972791781,19.508903537326603],[110.35650197346916,19.508909878201223],[110.35777248806318,19.50962348090286],[110.35581017388142,19.510387607150676],[110.35585984971692,19.51164113362637],[110.35527208116213,19.512495286729802],[110.35528479681972,19.512816026475832],[110.35639343261613,19.512772081163405],[110.35888359917442,19.513944803873812],[110.3578792317698,19.515842861599538],[110.35650458441728,19.515788370768348],[110.35417195637916,19.5194508870444],[110.35469723171553,19.51999471028654],[110.35851579454118,19.5166828070748],[110.3597275119348,19.51639417860258]],[[110.3644127739791,19.49900475396072],[110.36334120008598,19.498592868381138],[110.36012712266603,19.498294609917593],[110.3603056165897,19.49685950385208],[110.36180555555444,19.49625000000026],[110.36398776584093,19.49751983642591],[110.3645154825839,19.498178812662957],[110.3644127739791,19.49900475396072]],[[110.35168860541347,19.494989657931967],[110.35200256347554,19.49108228895409],[110.35250986734934,19.491123080783666],[110.35276743570887,19.49021118164069],[110.35184014214315,19.489412265353906],[110.35248965793079,19.48743340386295],[110.35161726209748,19.48658701578796],[110.35173363579537,19.48513888888897],[110.35029513888782,19.484497002495743],[110.35001034206721,19.484062466091643],[110.35129306369248,19.48362145317941],[110.3538184271909,19.48431257459862],[110.35415632459762,19.483745388454963],[110.3508043416332,19.48105516221807],[110.35082163492746,19.480271165635997],[110.35148179795902,19.478473510742276],[110.35387549506191,19.4786658393013],[110.35526743570853,19.479177008735007],[110.35736172146176,19.479496120876888],[110.35828789604926,19.482260911729725],[110.3574882676856,19.484159647623926],[110.35744194878384,19.486417100694553],[110.35635626898784,19.48836293538426],[110.35712795681331,19.489027777777892],[110.35597462971901,19.490894877115977],[110.35309770372072,19.49141964382602],[110.35276801215184,19.494651930067334],[110.35168860541347,19.494989657931967]]]}},{"type":"Feature","id":"hydrolakes:15656","properties":{"Hylak_id":15656,"Lake_name":"","Country":"China","Continent":"Asia","Poly_src":"GRanD","Lake_type":2,"Grand_id":5789,"Lake_area":25.33,"Shore_len":147.13,"Shore_dev":8.25,"Vol_total":780.0,"Vol_res":780.0,"Vol_src":2,"Depth_avg":30.8,"Dis_avg":47.238,"Res_time":191.1,"Elevation":103,"Slope_100":6.26,"Wshd_area":1251.5,"Pour_long":110.196321,"Pour_lat":19.008174,"source_id":"hydrolakes:15656","label":""},"geometry":{"type":"Polygon","coordinates":[[[110.16473532782561,19.02852518717458],[110.16470235188706,19.02769307454429],[110.16682761298193,19.028249986436663],[110.1678466118696,19.026671956380312],[110.16909579806759,19.029439154731165],[110.17111546834207,19.029070841471537],[110.1725056966136,19.027782728407146],[110.17249430338427,19.027495049370884],[110.1732414245597,19.026802842882205],[110.1744391547299,19.024846733941217],[110.17220633612658,19.021960313585282],[110.17123558892064,19.01889417860258],[110.17014672173309,19.019318712022653],[110.16920372856879,19.020270792643373],[110.16835181342111,19.02030456542974],[110.16722751193493,19.017567477756245],[110.16893044365685,19.016654866536612],[110.169821641709,19.015693020291053],[110.17138359917425,19.015198499891596],[110.17102374606566,19.014175821940114],[110.16877497355051,19.01496398925798],[110.16778233845918,19.014438747830013],[110.16727098252937,19.014459025065378],[110.16611640082368,19.013328043619993],[110.16363703409723,19.01273742675778],[110.16359478420583,19.01056050618496],[110.16443940904304,19.00943874782996],[110.16473898993502,19.009450615777155],[110.16469489203479,19.00833841959644],[110.16688357882947,19.00723015679256],[110.16956246269973,19.00770541720948],[110.17051400078566,19.006678466797098],[110.17168255276056,19.006126980251963],[110.17279410468103,19.00499504937079],[110.17277130126848,19.004419826931553],[110.17344045003165,19.003799845377728],[110.17428363376092,19.001275160047783],[110.17611640082367,19.000838623047002],[110.17638359917424,18.998328043620006],[110.17671520656899,18.99770134819886],[110.17629448784618,18.99569051106789],[110.17693952772248,18.99499430338551],[110.17749508327819,18.99501634385871],[110.17795135497954,18.994523857964566],[110.17925282796159,18.993835177951496],[110.18028306749045,18.994161376953343],[110.1814941067156,18.994994710286505],[110.18245664808393,18.994180433485326],[110.18416334364048,18.993883260091366],[110.18718317667549,18.993862915039244],[110.18805026584101,18.994666341145944],[110.18694059583783,18.998645290798834],[110.18619388156367,18.999337158203332],[110.184449734157,19.00194973415813],[110.18361640082367,19.002721896701644],[110.18446141560781,19.006377156575695],[110.18453018188387,19.010912950303975],[110.18388320922764,19.012217678493982],[110.18384070502293,19.013854437934185],[110.18511771307953,19.015770060221428],[110.1868577236587,19.016379937066176],[110.18833755493063,19.016383192274475],[110.18984244452508,19.016910671658025],[110.19107047186878,19.016959364149386],[110.19302317301333,19.016550835503608],[110.19424711439245,19.01697977701855],[110.1963108995215,19.016957872179034],[110.19871605767071,19.015660536024484],[110.1996547953276,19.01378445095503],[110.19976732042016,19.01094543457043],[110.19917176988298,19.009683498806623],[110.19805033365782,19.00972791883686],[110.1977338663728,19.00807033962684],[110.19585564507292,19.00799587673623],[110.19528306749044,19.011116400824733],[110.19267255994902,19.0127724880644],[110.19193915472994,19.01250528971366],[110.19095933702152,19.01083862304705],[110.19025761922109,19.01129692925366],[110.19031431409962,19.012727322048704],[110.18962487114703,19.013471408420287],[110.18793824937518,19.012937418620027],[110.18749471028542,19.011671956380326],[110.18665203518248,19.005603095160723],[110.18720633612656,19.004428575303905],[110.1882644992395,19.003448147244058],[110.18947062174374,19.000521375868175],[110.18941899617425,18.99921888563381],[110.18972790188155,18.99833753797759],[110.1897387356218,18.99722222222232],[110.18944093492212,18.992375420464498],[110.18804987589425,18.991639336480148],[110.1814719306089,18.991375664605243],[110.18027248806328,18.99166137695329],[110.17774951510864,18.99276238335517],[110.17647945827804,18.99281270345068],[110.17571860419281,18.992453613281327],[110.17610582139673,18.9908280436199],[110.17665969848542,18.990314873589455],[110.17666098700545,18.98971767849406],[110.1770622592494,18.988959350585958],[110.17588924831728,18.9883386230469],[110.17513566758805,18.988932562933996],[110.1746824815528,18.994133165147673],[110.17205835978092,18.993091566297892],[110.16990841335632,18.993845079210075],[110.16895772298074,18.992819010416838],[110.16641876220609,18.992718438042516],[110.16636291503795,18.99412760416675],[110.16759974161704,18.994892578125132],[110.16836551242329,18.997639702691288],[110.17070753309343,18.998550347222306],[110.17138359917425,19.000479261610337],[110.17106357150504,19.00224046495248],[110.17008534749249,19.00329623752185],[110.16587936401265,19.00493930392804],[110.16451921250996,19.006341213650387],[110.16207273695113,19.007350531684267],[110.16142439100383,19.008050265842087],[110.1602724880633,19.00778306749129],[110.15915367974083,19.005492485894194],[110.15749471028556,19.003894178602593],[110.15657014634775,19.001617567274423],[110.15552861531489,19.000540771484566],[110.15564620971583,18.997573784722306],[110.1541705152714,18.995867513020926],[110.15359478420584,18.99471727159289],[110.1536274380145,18.993893839518478],[110.1528551059289,18.99310601128485],[110.15082804361896,18.99278306749153],[110.15031933254551,18.99223402235259],[110.14918506198376,18.99169874403225],[110.14880311753922,18.99060906304254],[110.15110470241865,18.989745144314384],[110.15115820990582,18.98839518229181],[110.15059261745785,18.987784762912383],[110.14647352430455,18.987846001519188],[110.14583862304585,18.987257758246585],[110.14721693250766,18.985611436632098],[110.14686358981567,18.98406114366327],[110.14635133531266,18.98358649359818],[110.14637747870484,18.982073160807374],[110.15031695895624,18.97979078504784],[110.15139417860149,18.979449734158152],[110.15270894368388,18.97817036946634],[110.1534058803972,18.976853230794404],[110.15252727172913,18.973543441817185],[110.15068255954208,18.970267266167752],[110.15138232760859,18.966917995876884],[110.14943428887165,18.965950656467044],[110.14947511460957,18.964920586480048],[110.15033960978099,18.964119601779657],[110.15203848944662,18.964186876085307],[110.15329995049274,18.9622334120009],[110.15516021728422,18.9611397976347],[110.15921205308598,18.960786743164306],[110.15984107123376,18.959453870985442],[110.16322764078677,18.959129367404728],[110.16375510321632,18.958011745876945],[110.16644975450214,18.958047620985383],[110.16776718139567,18.957350531684085],[110.17138407389217,18.956917724609468],[110.17168129814894,18.95754753960523],[110.17170216878156,18.95916137695326],[110.17278306749023,18.95833862304704],[110.17360582139668,18.9572169325088],[110.17853722466253,18.955497979058293],[110.17943915472995,18.953050265842194],[110.18139417860135,18.95278306749151],[110.18305026584102,18.950828043620106],[110.18395975748615,18.950560845269194],[110.18477650960199,18.95265828450522],[110.18470380994921,18.954492119683323],[110.18361640082367,18.9558386230471],[110.18277248806334,18.956383599175524],[110.18250528971254,18.95699374728747],[110.18531292385433,18.956882527669393],[110.18732781304146,18.956354505750937],[110.18851521809796,18.956401570638263],[110.19065994262581,18.95916137695326],[110.19051110161581,18.95540622287342],[110.18982744004904,18.955005289713824],[110.1885191006121,18.955905558268455],[110.18582804361881,18.955005289713824],[110.18554092407118,18.95439690483954],[110.18553939819225,18.951397772895177],[110.1867460293231,18.949824218750166],[110.18838924831732,18.949449734158065],[110.18953465779526,18.950055813259553],[110.19108590019977,18.949649386935846],[110.19206427680018,18.948134290907205],[110.19055167304049,18.94702480740034],[110.1883386230457,18.948338623046993],[110.18680811564047,18.948703206380287],[110.18580568101578,18.949737616645166],[110.18502985636286,18.94970689561643],[110.18472751193497,18.94749471028649],[110.18396818372844,18.94722751193609],[110.18355021158749,18.948547702365488],[110.17888359917441,18.95055026584214],[110.17779076470174,18.95160359700543],[110.17742406209203,18.95276190863723],[110.17628846910151,18.9521609836155],[110.17575554741654,18.94992370605479],[110.1764112853993,18.947656182183323],[110.17832804361882,18.946171061198015],[110.1740411037859,18.945658026801368],[110.17196585761087,18.94732706705753],[110.1716128370486,18.949543117947087],[110.1680597771529,18.950283474392336],[110.16686108059253,18.95029758029534],[110.16517357720176,18.951190524631272],[110.16386428832914,18.95253757052967],[110.16229539659184,18.952475382487023],[110.16181615193602,18.95096164279522],[110.16135589599526,18.950535210503745],[110.16008682250873,18.947987738715483],[110.15970052083253,18.945964355468902],[110.15973115708982,18.945191040039276],[110.1607579888227,18.94226142035609],[110.16167314317408,18.941413506402114],[110.1616938442645,18.940286593967187],[110.1606944444436,18.93958333333353],[110.15805026584098,18.93971693250876],[110.15721574571279,18.940530938042684],[110.15676557752727,18.942156643337682],[110.1546324496789,18.942563883463606],[110.1530608452681,18.944323662652153],[110.15531372070205,18.945549112955916],[110.15633324517046,18.947709418402837],[110.15666137695212,18.949544677734593],[110.15525368584434,18.951971571180593],[110.15468992445108,18.954924384223204],[110.15305026584105,18.956939154730946],[110.15276387532441,18.95784369574659],[110.15246554904422,18.961051635742194],[110.15154739379796,18.961661376953316],[110.1505608452681,18.96106445312512],[110.15167641533651,18.95944329155833],[110.14994235568486,18.957704535590494],[110.15000567965944,18.956106567382903],[110.14917195637935,18.95440890842019],[110.15003653632192,18.953560655382034],[110.15027208116237,18.950828653971428],[110.15111640082375,18.949449734158065],[110.15138359917444,18.947772488064345],[110.15203599717796,18.946824408637326],[110.1515149434399,18.945839708116353],[110.15052005343875,18.94500528971355],[110.15000528971251,18.945560845269256],[110.14873940361764,18.945961642795282],[110.1483386230459,18.946394178602645],[110.14594458685906,18.94685126410593],[110.14441716511948,18.94329705132401],[110.14295060899423,18.942604980468843],[110.14245602077824,18.940014444987185],[110.14175145467038,18.94077487521713],[110.14226489596808,18.943228895399443],[110.14219646877609,18.94495544433596],[110.14280353122189,18.946433444553065],[110.14276185777351,18.947485215928907],[110.14307147555775,18.94807033962678],[110.14304858737415,18.948648206922826],[110.14246095445321,18.94919264051657],[110.14059995863062,18.94911885579438],[110.13894205729065,18.949996134440255],[110.13671882627608,18.950577306467153],[110.13620349115678,18.950558901641728],[110.13539296957805,18.94950914237222],[110.13401408719949,18.949064641394045],[110.13324226466375,18.94993716699969],[110.1326359669435,18.948474111974406],[110.1314158479787,18.94700818100074],[110.13326111131249,18.946286704838144],[110.13342285824302,18.944681218138555],[110.13204477556502,18.944090685568256],[110.13112026680255,18.944816466587213],[110.12974067837365,18.94451795401062],[110.12928864037173,18.942909590755505],[110.13066897065806,18.943062087720477],[110.13159498138418,18.942044271476902],[110.13021692696714,18.941453726279633],[110.12914275826222,18.941448686088222],[110.12915487181948,18.939112390885043],[110.13023280604244,18.93838733782735],[110.12778443218241,18.937061644321602],[110.12624994668391,18.937054423631423],[110.12442074136322,18.934709448701824],[110.12565211138474,18.93398514564859],[110.12656443549463,18.935595684670375],[110.12779277135422,18.935455441257147],[110.1288767435189,18.933562246839927],[110.12903700087838,18.93224880012491],[110.12720249624658,18.930925981722055],[110.12736124680669,18.929904573601334],[110.1293575067337,18.929621905427666],[110.12905818993164,18.928160279195424],[110.1273718609828,18.927860313763347],[110.12567186552542,18.93018866613272],[110.1233649010307,18.931199936546193],[110.11998992028333,18.931037940384726],[110.12045177710485,18.930748086275173],[110.12031056372513,18.928411066590627],[110.11847310892807,18.92767223878093],[110.11755860409329,18.926499718144726],[110.11863879879064,18.925336675431083],[110.11588383643544,18.924009377150412],[110.11512664664139,18.9221074853902],[110.1136046191919,18.919763875282285],[110.1114635128767,18.91843944481741],[110.11193228745839,18.91683544754676],[110.11148202714861,18.91493500980522],[110.10964244095504,18.914634155409146],[110.10871568687304,18.915797883836035],[110.10826314321184,18.91433549380571],[110.10657544628083,18.914327382120177],[110.10489085831404,18.913735183482572],[110.10474675719706,18.91198222892092],[110.10720387868759,18.911555991332648],[110.10766802453321,18.910828112961042],[110.10782841711631,18.909514687243984],[110.10691640692323,18.907904064758156],[110.10784080462054,18.907178397457983],[110.10723409468505,18.905861286160018],[110.10631745629314,18.905126769832805],[110.10386353784969,18.904968927764514],[110.10264475556443,18.903356805958822],[110.10280906881059,18.901313294787087],[110.10266188086467,18.90014440978706],[110.10205367744089,18.89911931936973],[110.10282152018868,18.89897700615495],[110.10343128325849,18.899710058109008],[110.10389230103522,18.899566259958647],[110.10328720273895,18.897957100929716],[110.10190805377937,18.89765839771661],[110.10160590546172,18.896780806542836],[110.10022520899633,18.896774127319077],[110.10052344948946,18.898381810343835],[110.10158798402051,18.900139220934648],[110.10158408755444,18.900869310857217],[110.10096185100298,18.90247254024439],[110.10095327142847,18.904078737317548],[110.10293524463805,18.906424664992073],[110.10155524814758,18.90627197447907],[110.10002652069528,18.905242423608854],[110.10003120570451,18.90436631648231],[110.09972905687374,18.903488722787586],[110.09926333632905,18.904508616965245],[110.09772133122618,18.905961350260554],[110.09480715783684,18.905801152484855],[110.09587481273894,18.906974523322845],[110.0974082278695,18.90712800153898],[110.09940659583435,18.906407592344692],[110.10032477057337,18.906850106051536],[110.09724540721203,18.908879468358577],[110.09831622848219,18.90946875549014],[110.09985435649315,18.908746107876937],[110.1013893524958,18.908607518337476],[110.1021541226811,18.909049281340742],[110.10153575651805,18.9099224210716],[110.10076552124264,18.910502780084755],[110.10014636136782,18.91152193229135],[110.09907082872633,18.911808761307384],[110.09799294387636,18.912533636896626],[110.09645634180714,18.91296423186833],[110.09492837413171,18.911788620989682],[110.09278594865202,18.91075601927838],[110.0907930269941,18.910454231873757],[110.09262228719416,18.912653496646783],[110.09507237249818,18.913541578948013],[110.0952234420447,18.913980379040083],[110.09245862106144,18.914550973333917],[110.09245389389628,18.915427077664447],[110.09168439150875,18.91586137896752],[110.0884576625865,18.916721694113903],[110.08722627339097,18.917445750318336],[110.0849248395412,18.917434422656754],[110.08293265355235,18.916986531388886],[110.0813943823328,18.91770903198369],[110.07924877583093,18.91726034235785],[110.07404025146207,18.915774235436743],[110.0734313703469,18.914895074580613],[110.0715942879703,18.914155796455873],[110.06792421895904,18.911947105476543],[110.06378504764808,18.911342205349968],[110.06102344578898,18.911328264439646],[110.05796072540721,18.91029061420511],[110.05611967182699,18.910281267597043],[110.05658648515276,18.909115478065758],[110.05843324593019,18.90810270692276],[110.0564428908562,18.90736250674837],[110.05459530696777,18.90852127393481],[110.05414325661599,18.90705877173076],[110.05244990273451,18.9080722823536],[110.0533646658792,18.909099086674132],[110.05335973662977,18.909975181792674],[110.05274112123493,18.910848148012576],[110.05106007431073,18.909671407367114],[110.05029874216967,18.90864537668716],[110.05076723742297,18.907187571593454],[110.04939142462752,18.906304416619946],[110.04892209513622,18.90790823365643],[110.04784899135007,18.907756716449228],[110.0472526783351,18.90468724138833],[110.04588352694992,18.90263593678378],[110.04404505144328,18.902188427456394],[110.04236249135317,18.901303644542452],[110.04021222234957,18.90173060935325],[110.04112521159959,18.90304950069651],[110.04357236592477,18.90437629203467],[110.04341563101934,18.904959564226544],[110.04187981213312,18.905243689532597],[110.0385054993393,18.90508023714233],[110.03820701274213,18.903618496048864],[110.03683296978494,18.9024432214012],[110.03575740545779,18.9027296819238],[110.03545727273223,18.901559967728474],[110.03331621078968,18.90038068529134],[110.03284507137226,18.902276486847313],[110.03145175317059,18.904459520019486],[110.03237308084402,18.904318301391243],[110.0328308072755,18.904758743024104],[110.03451837281023,18.904767520563155],[110.03696549509976,18.906094397494996],[110.03757247996731,18.90726569945258],[110.03725812604404,18.908578246236857],[110.03618084973914,18.909156737578087],[110.03418556304206,18.90929239304728],[110.03234621270695,18.908990781368743],[110.02528557057354,18.909537941528185],[110.02238672946646,18.90674834584331],[110.01947522355869,18.906148925380478],[110.01869622429325,18.90818907664476],[110.0209966379,18.908347233875247],[110.0234436953993,18.909674286010272],[110.02344115283256,18.91011232969248],[110.0219086563551,18.90981222810251],[110.02190356311866,18.910688315030598],[110.02143735815747,18.911707991868013],[110.01959545791556,18.91184429693817],[110.0192758470128,18.914032891898955],[110.0195784372533,18.91476458370812],[110.0204930261545,18.9157915419118],[110.02111097329868,18.915064706221074],[110.0209651984764,18.913749767969932],[110.02326823497975,18.913469857049733],[110.02341402776585,18.914784794332718],[110.02417775792162,18.915372885000295],[110.02509661108292,18.915669749214146],[110.02432440584596,18.91654180720485],[110.02508730059998,18.917275909038267],[110.02616973805141,18.915821399108836],[110.02418792314029,18.91362071075048],[110.02587641880433,18.91348355617049],[110.02710211115294,18.91378201946867],[110.0263299250559,18.914654086831376],[110.02724708974074,18.915242969701126],[110.0280074606514,18.916415103916393],[110.0284694238648,18.91612548332597],[110.02801674279459,18.914808942545392],[110.02802349285611,18.913640825007803],[110.0294068266902,18.913210002460005],[110.0332398754295,18.913668053313643],[110.03431132281395,18.914111685869614],[110.03600902426444,18.912368273490586],[110.03830952170853,18.91252621947916],[110.03953439956751,18.912970616620328],[110.04229767375028,18.9126928475485],[110.04336748071694,18.913428459405623],[110.0473564913541,18.91344896445446],[110.04903672168422,18.914771754263256],[110.05118467055513,18.9147827412732],[110.0527131640522,18.915812684077764],[110.05333097726611,18.915085734980607],[110.05424824529047,18.915674488725358],[110.05440331305334,18.915383238459867],[110.0560868984785,18.916121904054137],[110.0565529111555,18.915102131945048],[110.05762607175188,18.915253601125983],[110.05900118469992,18.91628271531755],[110.05914889340812,18.917305604639864],[110.06006782712694,18.917602298900363],[110.06022696663206,18.916580963341914],[110.06176530994912,18.915858641498573],[110.06344974868068,18.916451225738115],[110.06390515344395,18.917329643755465],[110.06390271515164,18.91776769226857],[110.06298051857283,18.918055081180057],[110.06206401967518,18.91732035273907],[110.06205831903623,18.918342465365185],[110.06435650071631,18.91893814164922],[110.06558393572345,18.918944323043036],[110.06635594693466,18.91807208474455],[110.06696723115562,18.918513218573594],[110.06850556625113,18.917790840541727],[110.06973137889537,18.918089026966697],[110.07080134664687,18.918824487031998],[110.07018278427103,18.91969751305004],[110.07002450857868,18.92057284290604],[110.07202072502253,18.92029079056806],[110.0720158898323,18.92116688932424],[110.0729364802549,18.921171488677658],[110.07294292072311,18.920003356679047],[110.07263847520312,18.919563774670053],[110.0740201520876,18.91942465023544],[110.07707513289256,18.92192221257301],[110.07553598972294,18.9227906778371],[110.07675463608393,18.92440296924201],[110.07598104088163,18.92556728436881],[110.07628149344009,18.92673694418795],[110.0770486784512,18.926740760753944],[110.0770550923844,18.92557262809447],[110.0781379523782,18.92397178247046],[110.07890432513682,18.924121607520476],[110.07981694075869,18.92558634057417],[110.08104682439915,18.92515437154475],[110.08120664465764,18.923986996884707],[110.07983612218334,18.922081938974827],[110.07830979798928,18.920614160418438],[110.07877089246819,18.92047042825618],[110.08229822211808,18.920779939088618],[110.08367353830982,18.921808878317336],[110.08841729124259,18.924168568215464],[110.090102707499,18.924614900481743],[110.09238847474688,18.92754651231394],[110.0928401206798,18.92915495191994],[110.09391420018147,18.92916019905482],[110.09193604799304,18.92608408888941],[110.09148520683522,18.92432963006445],[110.08520786673404,18.921816445280058],[110.08506158491389,18.920501536244217],[110.08613322597961,18.92094487719089],[110.09042616866913,18.921550043728928],[110.09378673926739,18.924340880359978],[110.09484899460347,18.92653638055708],[110.09531873771607,18.92478641677036],[110.09440677402529,18.92317573698398],[110.09242000826453,18.92170582291675],[110.09211944955206,18.920536184240802],[110.09120043602985,18.920239645643107],[110.09059302682346,18.919068502514506],[110.09366872300677,18.917769350855565],[110.09535644847614,18.917777581266023],[110.09735573653603,18.91691118304567],[110.09642888696123,18.918074845821593],[110.09719446899095,18.918370612532442],[110.09980122094152,18.9186753119169],[110.10211047743064,18.91722627859582],[110.10180907737009,18.916202670328744],[110.10227170095266,18.91576684284513],[110.10334414083269,18.91606406749429],[110.10455757407351,18.91869831140224],[110.10761611889995,18.920611318167175],[110.10745183432454,18.922654831035686],[110.10760139358518,18.92338565804306],[110.10852742510292,18.922367956073458],[110.10791911087341,18.9213428824944],[110.10869169620827,18.92032444164147],[110.11113658241686,18.92223444552343],[110.11296469801414,18.92472555952628],[110.11341653680807,18.9263339573547],[110.11448598884311,18.9272151931969],[110.11494015480145,18.928385533536016],[110.11417295423053,18.92838187327476],[110.11278582706274,18.9295434206943],[110.11354918163374,18.930277176906714],[110.11462712076121,18.92955221427451],[110.11523550434771,18.93057726786202],[110.11659729252057,18.93423429892573],[110.11475748521218,18.933933486840033],[110.11338264280533,18.932758749353752],[110.1129207688968,18.933048585082588],[110.11276424045491,18.9336319231017],[110.11169321468185,18.93304271239657],[110.1112274753167,18.93406263300244],[110.11367027355669,18.936410663768527],[110.11658193621935,18.937154659518058],[110.11827293254493,18.936578617267116],[110.11995932837323,18.93687866800002],[110.12240534463558,18.938642516869095],[110.1246956784251,18.940843665992418],[110.12468882920712,18.942157830305177],[110.12314667418246,18.943610763886454],[110.12313904924025,18.94507094540262],[110.12452015092242,18.94507747040501],[110.12605850889497,18.944354617049385],[110.12588985046818,18.947274258582297],[110.12603646713688,18.948589145772416],[110.1280352273663,18.947868446577843],[110.12909807416526,18.950063769504084],[110.13032197598005,18.950799623710395],[110.1304678729199,18.952260526731777],[110.13138638152049,18.95270289810253],[110.13183468518571,18.955041348066402],[110.13152170931443,18.95620805674247],[110.13266965286186,18.9566817016821],[110.13443243255023,18.95641668630708],[110.13628999498053,18.955201144748344],[110.1376338534875,18.955912272135492],[110.13891108194895,18.95891554090707],[110.1400108167852,18.958871934678996],[110.14306939019025,18.95951185438372],[110.14302937825408,18.960521375868154],[110.14340216742539,18.961225925021722],[110.14479878743379,18.962519938151218],[110.14656638251307,18.966431274414106],[110.14778306749042,18.967216932508848],[110.14895260280917,18.969906751844746],[110.14979620580823,18.970302402672246],[110.150378090054,18.97124604071638],[110.15111918718338,18.971838918419735],[110.15193439402543,18.97350638696082],[110.15195907592675,18.975785793728278],[110.15140477498261,18.97696031358521],[110.14897181192936,18.979110175238816],[110.14443915472992,18.981661376953298],[110.14332841661155,18.982794121636346],[110.14224987453804,18.982793172200672],[110.14056084526817,18.981105821397705],[110.13809643215518,18.980270657009555],[110.13708041720838,18.98025566948803],[110.13524361504341,18.980837198893425],[110.13447994655922,18.981661376953298],[110.13181754218107,18.977902289496626],[110.13083862304586,18.975828043619913],[110.12938413831819,18.9737820095487],[110.1284722222212,18.972916666666833],[110.12775548299066,18.973143581814384],[110.12721654256097,18.974162122938537],[110.12719707912777,18.975217624240543],[110.12777248806327,18.975838623047082],[110.12866719563709,18.976416422526256],[110.13055026584118,18.978338623047023],[110.13192335340608,18.978773328993327],[110.13200134277236,18.98074110243067],[110.13083862304586,18.9829996744794],[110.13121370103539,18.983865424262262],[110.13194936116435,18.983894585503776],[110.13244486490777,18.983359781901243],[110.13332804361897,18.983050265842166],[110.13807032267147,18.982205132378624],[110.13889417860133,18.983050265842166],[110.13923614501851,18.983774820963674],[110.14083862304591,18.98471693250889],[110.14165874904955,18.98688354492208],[110.14176656087142,18.98960340711824],[110.14008004082484,18.991222941080878],[110.13892323811746,18.993873765733667],[110.1399948967819,18.993916219075743],[110.14079186333458,18.992227511935823],[110.14224899291901,18.992873874240615],[110.14403652614914,18.994103936089516],[110.14503907945334,18.992551405165102],[110.14672275119273,18.993638644748444],[110.14820504082479,18.995128309461904],[110.14887300279315,18.9972380913631],[110.14947743733626,18.997798122830147],[110.14999471028557,18.99889417860254],[110.1510484483498,19.00026835123714],[110.1491336737729,19.00224256727438],[110.1486142985018,19.00334309895851],[110.14755591498374,19.00278306749135],[110.14638359917438,19.00305026584209],[110.14556084526811,19.00361640082474],[110.14222751193466,19.00414740668407],[110.14253095838666,19.006383599175308],[110.1434902275924,19.005653008355125],[110.14526529947813,19.006490681966113],[110.14530375162661,19.007460937500014],[110.14464633517701,19.008170505099827],[110.14374999999905,19.007696194118978],[110.14302139282114,19.008081732856056],[110.14072067260656,19.007990519205975],[110.13972751193472,19.00833862304711],[110.1369073316776,19.00867607964426],[110.13632247924699,19.009218004014883],[110.13912075466487,19.01098870171444],[110.14284674750326,19.00945821126328],[110.14388359917422,19.00941711425787],[110.14361640082365,19.01028306749157],[110.1431952582455,19.010673285590315],[110.14385338677204,19.01138359917553],[110.14557220458903,19.0111146375869],[110.14553843180249,19.010262451171968],[110.14701492309479,19.009565633138152],[110.14766223483525,19.00752109103746],[110.14864413791139,19.007506781684185],[110.14973702324676,19.00692850748709],[110.15053154839319,19.006959974501058],[110.1517783779558,19.006523030599112],[110.15320219251743,19.007842271593063],[110.15222751193494,19.00889417860259],[110.15111640082375,19.00924594455313],[110.15138359917444,19.009727511935864],[110.15425584581061,19.01167961968332],[110.15528269449777,19.011638929579192],[110.15582804361895,19.01222751193592],[110.15727232191199,19.013076578776065],[110.16045664469311,19.016337212456733],[110.16082804361878,19.015550265842194],[110.16303336249354,19.014023301866473],[110.16309310912976,19.01553093804273],[110.16195309109054,19.01658725314695],[110.1618973456479,19.01799370659728],[110.16365539550691,19.019503241644998],[110.1655390591082,19.019428575304005],[110.16688047620875,19.022169257270207],[110.16777248806329,19.022783067491503],[110.16947860717687,19.02335951063378],[110.17051874796459,19.023318277994974],[110.17164535522375,19.02404581705747],[110.17169348822591,19.025260213216256],[110.16707219441622,19.02524427625883],[110.16565497504263,19.025693020290873],[110.16462280273339,19.02680697970942],[110.16249830457804,19.027479654948024],[110.16222751193476,19.028616400824887],[110.16139811197831,19.030183851454183],[110.1614043002649,19.03136121961819],[110.16080034043955,19.031964789496556],[110.1598122321223,19.034058498806473],[110.15861640082363,19.03522189670167],[110.15911966959544,19.03638359917545],[110.16192704942392,19.035863104926307],[110.1650052897125,19.03361640082477],[110.16568650987324,19.032561509874256],[110.16641621907456,19.03221713595923],[110.16637225680773,19.031107991536487],[110.16805026584103,19.030787624783102],[110.16667195637933,19.029439154731165],[110.16473532782561,19.02852518717458]],[[110.16670477973003,18.956611802842986],[110.16669092814038,18.955009697808237],[110.16584072536801,18.954959038628658],[110.16531684027672,18.956100531684058],[110.16310957166786,18.956232096354313],[110.1625078158898,18.954554985894276],[110.16516035291795,18.953595852322223],[110.16606246948146,18.953649631076416],[110.16763039482873,18.95302551269549],[110.16860329521927,18.951936645507942],[110.16902777777693,18.951805555555723],[110.1702053493915,18.9526177978517],[110.17063932630651,18.95494296603755],[110.17124269273455,18.95605326334652],[110.17013888888783,18.95644931369378],[110.16893035888575,18.95601569281706],[110.16670477973003,18.956611802842986]]]}},{"type":"Feature","id":"hydrolakes:15658","properties":{"Hylak_id":15658,"Lake_name":"","Country":"China","Continent":"Asia","Poly_src":"SWBD","Lake_type":1,"Grand_id":0,"Lake_area":41.36,"Shore_len":40.41,"Shore_dev":1.77,"Vol_total":115.23,"Vol_res":0.0,"Vol_src":3,"Depth_avg":2.8,"Dis_avg":12.847,"Res_time":103.8,"Elevation":-3,"Slope_100":0.87,"Wshd_area":368.1,"Pour_long":110.489164,"Pour_lat":18.868753,"source_id":"hydrolakes:15658","label":""},"geometry":{"type":"Polygon","coordinates":[[[110.49077806260749,18.870069173177114],[110.4908654785147,18.86578613281256],[110.4915074666331,18.860763481987874],[110.49250278048936,18.860280490451544],[110.49354451497294,18.856777886284817],[110.49388610839742,18.853508978949833],[110.49249721950866,18.853058268229177],[110.49222500271168,18.851827663845597],[110.49336849636404,18.848806016710114],[110.49569885253811,18.846511908637297],[110.49892340765956,18.842613932291783],[110.49980662027917,18.842185465494822],[110.50151279025533,18.840409613715394],[110.50194166395289,18.837775065104267],[110.50278869628806,18.83469536675358],[110.50333611382274,18.83416937934038],[110.50419050428496,18.828806423611184],[110.50416059705856,18.827341715494867],[110.50257758246437,18.826573621961927],[110.5002805582672,18.82471950954863],[110.49805277506408,18.824447157118072],[110.49729051377932,18.823284640842132],[110.49960622151588,18.818305257161512],[110.5017041693784,18.816641981336886],[110.50307383219308,18.816669921875018],[110.5048486328115,18.815755615234423],[110.50541110568469,18.814022216796957],[110.50583611382285,18.813613823784806],[110.50659244113393,18.812054850260438],[110.50916944715613,18.809169379340346],[110.51066063774863,18.80646850585947],[110.51139166937827,18.806113823784813],[110.51168555365558,18.805508083767393],[110.51168623182406,18.802513292100855],[110.51134158664178,18.802182210286617],[110.5067123752159,18.80135050455732],[110.50176584879466,18.799657389322988],[110.50111419677631,18.798314208984493],[110.49916944715619,18.79721950954871],[110.49726033528538,18.79659993489588],[110.49583055284188,18.794724934895896],[110.49541029188276,18.79342990451397],[110.49050387912217,18.7922249348959],[110.48779300265738,18.79291978624144],[110.48680555555455,18.791527777777787],[110.48447601318259,18.791780870225864],[110.48352789984722,18.792269287109434],[110.48222500271174,18.794313151041763],[110.48427608913738,18.794813096788232],[110.48552174885975,18.794171413845618],[110.48773111979057,18.79363281250005],[110.48840359157896,18.79699340820315],[110.4874972195085,18.798330620659726],[110.48718556721917,18.79929090711812],[110.48495276557003,18.80085964626744],[110.48239403618601,18.801689995659785],[110.48028323703232,18.80164699978303],[110.4799461195193,18.802341715494947],[110.47845313178073,18.801594102647698],[110.47152187771178,18.802099880642402],[110.47028045654201,18.800807834201464],[110.46874457465168,18.800839165581692],[110.46918046739262,18.801685248480908],[110.4691598849816,18.8026935492623],[110.46803693983202,18.803057861328227],[110.46723921033981,18.803888210720515],[110.4659126451271,18.804211561415116],[110.45861389160046,18.80889160156272],[110.4558163452138,18.80972290039074],[110.45528055826713,18.810280490451476],[110.45317660861446,18.810552842881975],[110.45159637451081,18.80948160807293],[110.44861134846917,18.808607313368157],[110.4475753106002,18.80896185980913],[110.44722500271178,18.811113823784808],[110.44635898166143,18.811386176215365],[110.44462171766384,18.810491129557363],[110.44361389160048,18.81083604600707],[110.44081854926111,18.811109483506982],[110.43969167073476,18.81228230794278],[110.43916944715608,18.813891601562545],[110.43859168158536,18.814744059244845],[110.43594445122511,18.816066487630223],[110.4349643961578,18.817561306423727],[110.43501281738173,18.819934082031295],[110.43467990451302,18.82221218532993],[110.43597778320225,18.822633327908136],[110.4365054660363,18.82318250868076],[110.43694166395295,18.824315185546936],[110.43610822889445,18.82471950954863],[110.43543650309152,18.827571207682354],[110.43640299479063,18.829447292751922],[110.43637566460399,18.830787624783113],[110.43733116997504,18.83521091037335],[110.43608005099719,18.836031222873316],[110.43647986517897,18.837199300130237],[110.43861389160054,18.837497287326414],[110.43916388617527,18.83778049045145],[110.44662292480382,18.838737250434065],[110.44923495822383,18.838202175564277],[110.45067111545035,18.83722873263895],[110.4527777777767,18.838506266276056],[110.45447801377935,18.837475179036517],[110.45974755181118,18.83750908745668],[110.45973286946509,18.84010457356777],[110.46112972683284,18.840557861328193],[110.46192582872078,18.841386583116503],[110.46278628879043,18.841665717231024],[110.46278500027023,18.84299302842885],[110.46416944715622,18.8433306206598],[110.4645803832999,18.84543565538212],[110.46584316677416,18.84664889865462],[110.46545508490578,18.847782660590326],[110.46733557806971,18.84778293185775],[110.46983686658967,18.84929972330741],[110.46861389160063,18.851069607205034],[110.4713174099382,18.851509738498294],[110.47166388617529,18.85352552625875],[110.47055277506405,18.85388617621544],[110.46861389160063,18.855558268229174],[110.46748097737543,18.8558306206599],[110.4666800265831,18.85499688042546],[110.46596133761835,18.85501152886286],[110.46667171902021,18.856390516493263],[110.46555457221035,18.856932508680586],[110.46528055826718,18.858336046007082],[110.4646902465812,18.85862250434036],[110.46530768500327,18.859163953993118],[110.46667860242962,18.85778049045149],[110.46739400227756,18.859985215928873],[110.46445302327379,18.866053670247595],[110.46610833061965,18.870040825737874],[110.4654008314335,18.872107815212757],[110.46500278048944,18.874218343099074],[110.46560502793966,18.876568264431512],[110.4682748413075,18.87811937120233],[110.46888610839767,18.878009304470595],[110.46780273437395,18.875906304253533],[110.46889689127494,18.87192816840286],[110.4700027804895,18.871391669379364],[110.47142968071722,18.870002780490495],[110.47308081732763,18.8705678982206],[110.47304416232538,18.87236382378478],[110.47418368869256,18.872916666666754],[110.47415822346892,18.874164021809918],[110.47544535318923,18.875433349609466],[110.47870947943687,18.87665805392811],[110.47928273518772,18.878424546983638],[110.48087521023126,18.880321587456763],[110.48193088107541,18.882497558593855],[110.48413757324118,18.883608737521797],[110.48555833604507,18.883886108398542],[110.48911732991462,18.88683946397572],[110.49209967719094,18.888794759114603],[110.49363535563049,18.88916910807302],[110.49631818983181,18.890987684462004],[110.49721944173069,18.889128214518337],[110.4954796006935,18.886561482747425],[110.49458750406797,18.88339864095053],[110.49397288004451,18.879623074001756],[110.49277499728629,18.876947224934952],[110.49077806260749,18.870069173177114]]]}},{"type":"Feature","id":"hydrolakes:178249","properties":{"Hylak_id":178249,"Lake_name":"","Country":"China","Continent":"Asia","Poly_src":"SWBD","Lake_type":1,"Grand_id":0,"Lake_area":4.46,"Shore_len":20.38,"Shore_dev":2.72,"Vol_total":13.66,"Vol_res":0.0,"Vol_src":3,"Depth_avg":3.1,"Dis_avg":1.69,"Res_time":93.5,"Elevation":6,"Slope_100":1.09,"Wshd_area":55.9,"Pour_long":110.690394,"Pour_lat":19.947193,"source_id":"hydrolakes:178249","label":""},"geometry":{"type":"Polygon","coordinates":[[[110.70323194715627,19.95370471106645],[110.70456332736455,19.953341144985927],[110.70505174424812,19.954922926161203],[110.70594387478201,19.955269966125627],[110.70761949327164,19.953394576178937],[110.70951205783331,19.952525973850015],[110.71019321017707,19.95328837500682],[110.7105959065745,19.955872319539594],[110.71141316731678,19.955823610094058],[110.71126851399657,19.953396534390038],[110.71219000922207,19.952573157416623],[110.7136505126943,19.953366800944195],[110.71348836262922,19.956920089721848],[110.71453979492094,19.95721441057009],[110.7157818603506,19.95550292544914],[110.71842624240367,19.955854538811764],[110.71974080403561,19.957325829400133],[110.72133687337146,19.956753162808184],[110.72221598307209,19.957230873108017],[110.72362277560666,19.957196693420542],[110.73111891004675,19.95167447831909],[110.73382778591485,19.949185388353442],[110.73329427083235,19.947698495653242],[110.73252807617098,19.947013918558923],[110.73098320854945,19.944558152092952],[110.72946872287241,19.945101564195568],[110.72454413519864,19.947759789361044],[110.72213392469524,19.947114279005348],[110.71925950791996,19.94543512980158],[110.71874335394858,19.946012802124244],[110.71918945312405,19.94725620269793],[110.71915696885748,19.94780203077545],[110.71661200629251,19.948044018215796],[110.71527865939584,19.94671182844388],[110.71496866861901,19.945379490322637],[110.71405856662221,19.94496177673352],[110.71276997884013,19.94361892276362],[110.71250779893569,19.942214410570216],[110.7115865071604,19.94051894293915],[110.71035135904856,19.940592562357665],[110.70924506293301,19.940195617675897],[110.70879726833675,19.9392199452721],[110.70785373263783,19.938896700541363],[110.7087086317265,19.940120565626444],[110.70832126193471,19.9408333333335],[110.70942918565459,19.943096762763332],[110.70807712130971,19.943717316521656],[110.70876071505984,19.944975378248557],[110.71000779893569,19.945547743903433],[110.7113856336797,19.946615490383692],[110.71165886772917,19.94768481360569],[110.70649820963439,19.949337404039284],[110.70399732801559,19.948440068563002],[110.70301452636636,19.949540015326704],[110.70188835991667,19.949135915968384],[110.70198798285486,19.947464294433757],[110.69955254448683,19.94860329945908],[110.69764485676984,19.946468238830676],[110.69665886772918,19.94584114498582],[110.69590474446517,19.94483041551399],[110.69320034450868,19.94334114498588],[110.69278557671333,19.94556336720808],[110.69214124891386,19.945825521681172],[110.69098809136199,19.94453483581566],[110.69056335449119,19.94286748674193],[110.69196512857974,19.940485687256],[110.69192694769879,19.939844987657636],[110.69124999999906,19.938750000000198],[110.69078464084112,19.938893695407614],[110.69004211425676,19.939724773831017],[110.68964179144865,19.94186934577118],[110.68769680446962,19.942214410570216],[110.68615736219544,19.94137785169829],[110.68562086317172,19.941409827338646],[110.68528557671351,19.942551358541152],[110.68747049967362,19.944871309068674],[110.68778259277241,19.94588200463204],[110.68951212565014,19.94742733425585],[110.69031351725164,19.94868744744207],[110.69315633137927,19.950890647040637],[110.69445054795915,19.950544018215794],[110.69480272081063,19.9513112852311],[110.69332553439585,19.953047743903426],[110.69306335449136,19.953734817504994],[110.69565714518131,19.953580224779103],[110.6970254177507,19.952230033874628],[110.69816277397905,19.952848091125645],[110.69869703504668,19.95344607035338],[110.6994154866527,19.955011461046183],[110.69971442328455,19.95711414761024],[110.69804775661805,19.958603299458957],[110.69768832736452,19.963575380113525],[110.699271375867,19.963007358975005],[110.70007032606247,19.960448354085486],[110.70265794541996,19.957796037462117],[110.70443664550692,19.957184444003815],[110.7030868869349,19.956564954122086],[110.70274020724725,19.955075039333963],[110.70323194715627,19.95370471106645]]]}},{"type":"Feature","id":"hydrolakes:178258","properties":{"Hylak_id":178258,"Lake_name":"","Country":"China","Continent":"Asia","Poly_src":"SWBD","Lake_type":1,"Grand_id":0,"Lake_area":1.17,"Shore_len":8.1,"Shore_dev":2.12,"Vol_total":1.88,"Vol_res":0.0,"Vol_src":3,"Depth_avg":1.6,"Dis_avg":0.358,"Res_time":60.9,"Elevation":15,"Slope_100":0.83,"Wshd_area":11.9,"Pour_long":110.819792,"Pour_lat":19.896954,"source_id":"hydrolakes:178258","label":""},"geometry":{"type":"Polygon","coordinates":[[[110.8250423177073,19.898220791287088],[110.82283548990785,19.89681727091488],[110.82250779893565,19.896103295220428],[110.8212717013879,19.895317145453703],[110.81948540581504,19.894765540229116],[110.81734157986,19.89320448133691],[110.81788391113179,19.889639324612233],[110.81986355251632,19.88873074001748],[110.8217348225902,19.88728055318228],[110.82667941623174,19.887575268215755],[110.82665825737774,19.88722048441599],[110.82279412163524,19.885446963840252],[110.81976921929163,19.88553352355973],[110.81958333333233,19.88375000000019],[110.81817565917879,19.883896696302827],[110.81626668294177,19.887175572713318],[110.81465406629667,19.887769961887045],[110.81263760036785,19.88639670477994],[110.81396782769002,19.894836824205356],[110.81323181152243,19.89660645378973],[110.8147251383453,19.897690226237103],[110.81882615831069,19.897445797390503],[110.82785875108414,19.903325517442738],[110.82880703396177,19.90226414998392],[110.82604342990373,19.899794887966834],[110.8250423177073,19.898220791287088]]]}},{"type":"Feature","id":"hydrolakes:178261","properties":{"Hylak_id":178261,"Lake_name":"","Country":"China","Continent":"Asia","Poly_src":"SWBD","Lake_type":1,"Grand_id":0,"Lake_area":1.41,"Shore_len":10.28,"Shore_dev":2.44,"Vol_total":3.77,"Vol_res":0.0,"Vol_src":3,"Depth_avg":2.7,"Dis_avg":1.399,"Res_time":31.2,"Elevation":17,"Slope_100":1.4,"Wshd_area":46.2,"Pour_long":110.578125,"Pour_lat":19.875459,"source_id":"hydrolakes:178261","label":""},"geometry":{"type":"Polygon","coordinates":[[[110.57921712239488,19.876367492676025],[110.5802627224383,19.875238995022414],[110.58055216471251,19.87191695319291],[110.5822169325076,19.870105209350754],[110.58120347764651,19.868632431030562],[110.58024224175267,19.86833863152424],[110.57972751193478,19.86889418707966],[110.57804511176113,19.869738328721894],[110.57744642469527,19.86971459282779],[110.5769497341571,19.868540250990236],[110.57889417860156,19.867783075968532],[110.57918206108837,19.867472347683474],[110.57913235134441,19.866216871473796],[110.5766548665357,19.86106955634233],[110.57547614203463,19.85988124423585],[110.57469923231247,19.858305130005135],[110.57302137586697,19.857773929172254],[110.57263888888787,19.857361111111288],[110.5713835991744,19.85749471028663],[110.57109571668735,19.857805430094572],[110.5711178249773,19.858363808526065],[110.57278306749032,19.859439146253976],[110.57360582139648,19.860560853746392],[110.57536404079752,19.86218994140637],[110.57618292914412,19.863458048502764],[110.57666137695219,19.86568003336606],[110.57543477376214,19.867683325873656],[110.57407158745553,19.86900254991332],[110.57289855956947,19.869439146254024],[110.57223809136184,19.868039669460813],[110.57052137586703,19.867496151394448],[110.56934380425247,19.866225255330505],[110.56865695529427,19.864769787258695],[110.56777248806321,19.863616409301983],[110.56747517903557,19.862986518012292],[110.56750698513372,19.8621851603192],[110.56826185438268,19.861485705905523],[110.56775051540689,19.860519298977465],[110.56540134005974,19.859039052327603],[110.5641719563792,19.859757732815467],[110.56499471028553,19.860611470540505],[110.56345303005543,19.862039905124334],[110.56501125759445,19.862775293986203],[110.5641505262576,19.86389776441797],[110.56417616102345,19.864545618693228],[110.56532999674374,19.864141209920376],[110.5662463378896,19.864177534315502],[110.56817905002083,19.86565961202001],[110.56860582139649,19.86833863152424],[110.56972751193484,19.868605812920578],[110.5710352240659,19.869608620537747],[110.57050774468223,19.87365428500715],[110.57059109157899,19.875757836236005],[110.57710435655275,19.875499674479272],[110.57921712239488,19.876367492676025]]]}},{"type":"Feature","id":"hydrolakes:178263","properties":{"Hylak_id":178263,"Lake_name":"","Country":"China","Continent":"Asia","Poly_src":"SWBD","Lake_type":1,"Grand_id":0,"Lake_area":1.2,"Shore_len":8.69,"Shore_dev":2.24,"Vol_total":4.49,"Vol_res":0.0,"Vol_src":3,"Depth_avg":3.8,"Dis_avg":0.082,"Res_time":633.4,"Elevation":35,"Slope_100":2.21,"Wshd_area":2.8,"Pour_long":110.476886,"Pour_lat":19.856319,"source_id":"hydrolakes:178263","label":""},"geometry":{"type":"Polygon","coordinates":[[[110.47194722493396,19.8591694471574],[110.4732816569001,19.857780558268416],[110.47389166937842,19.85833055284303],[110.47451266818473,19.86053227742525],[110.47722500271175,19.86000278049056],[110.47776716444133,19.857778795030583],[110.47851077609488,19.857418043348616],[110.47894388834538,19.855303378635085],[110.47772060818045,19.854128061930453],[110.47676388210613,19.85073611789295],[110.47358161078466,19.84983854505782],[110.47243832058274,19.849283888075206],[110.46930555555451,19.843194444444578],[110.46713877359934,19.8434298536514],[110.4664619615333,19.844080098470215],[110.46694166395321,19.84555833604628],[110.46778055826718,19.846663886176373],[110.46845262315446,19.849725579155916],[110.47043894449763,19.853036193847743],[110.4705809868696,19.859995430840513],[110.46971944173083,19.86027499728749],[110.46833611382277,19.862780558268355],[110.46658379448678,19.863065812852767],[110.46703314887048,19.86614067077653],[110.46656880696526,19.867497219509744],[110.46903930663956,19.866472329033854],[110.4694472249339,19.86528055826841],[110.46972120496866,19.861640404595448],[110.47194722493396,19.8591694471574]],[[110.47448438856247,19.853341369629163],[110.47541666666575,19.853194444444625],[110.47592057969746,19.855223456489],[110.47523976643771,19.856101904975276],[110.47362128363625,19.856363457573934],[110.47335876464734,19.85469109429272],[110.47448438856247,19.853341369629163]]]}},{"type":"Feature","id":"hydrolakes:178268","properties":{"Hylak_id":178268,"Lake_name":"","Country":"China","Continent":"Asia","Poly_src":"SWBD","Lake_type":1,"Grand_id":0,"Lake_area":4.01,"Shore_len":29.22,"Shore_dev":4.11,"Vol_total":10.01,"Vol_res":0.0,"Vol_src":3,"Depth_avg":2.5,"Dis_avg":1.779,"Res_time":65.1,"Elevation":18,"Slope_100":0.89,"Wshd_area":57.3,"Pour_long":110.824394,"Pour_lat":19.849667,"source_id":"hydrolakes:178268","label":""},"geometry":{"type":"Polygon","coordinates":[[[110.85244018554584,19.86612999810137],[110.85450174967355,19.866048287285878],[110.85630961100156,19.866620652940696],[110.8594329833976,19.868786866929895],[110.86102227104931,19.87080784267863],[110.86333862304588,19.87166136847611],[110.86454962836268,19.8724947018095],[110.8652696397561,19.87141313340942],[110.86450595431751,19.87058887905556],[110.8607156711144,19.86798361036523],[110.85930636935666,19.86646263122583],[110.85744425455624,19.865367872450236],[110.85812520344956,19.863291193644386],[110.8596215820304,19.86167616102449],[110.86158725314579,19.861598247952145],[110.86361287434806,19.861950971815418],[110.86480061848857,19.861534686618654],[110.87028306749045,19.861939146253917],[110.87296468098873,19.862406090630543],[110.8763941786014,19.861394187079668],[110.876697930229,19.86043477376319],[110.87943413628369,19.857899559868883],[110.87946072048521,19.85722751193589],[110.87855821397477,19.85750957912876],[110.87373569064584,19.860828035142845],[110.87062160915707,19.860001703898376],[110.86493991427858,19.85934747484015],[110.86297078450417,19.85865729437944],[110.86031684027677,19.85858513726157],[110.85972751193492,19.859171964857467],[110.85621344672222,19.861289460924127],[110.85338433159626,19.8621851603192],[110.85253553602325,19.863050257365046],[110.85002393934383,19.8625808885364],[110.84746582031147,19.85986404418952],[110.84472751193482,19.85817369249156],[110.845061170789,19.8559383138022],[110.84623786078475,19.853936784532436],[110.84798210991664,19.853113589816758],[110.84843499077601,19.85121241251653],[110.84929762098426,19.850755954318743],[110.85216566297652,19.85086963229719],[110.84939303927848,19.849171956380303],[110.84846204969512,19.849487948947683],[110.84398125542435,19.85440863715297],[110.84216613769428,19.855583055284455],[110.84148952907901,19.856313340928978],[110.83812879774212,19.856446533203382],[110.83644476996437,19.85472751193595],[110.8355502658411,19.854994710286633],[110.83453118218222,19.856606072320005],[110.83255316840172,19.85555940416151],[110.82748338487312,19.854447580973442],[110.8274302164703,19.8503227912056],[110.83016825357976,19.849120381673345],[110.82941792805912,19.848030022515445],[110.82930555555453,19.846250000000225],[110.82886528862747,19.84638939751528],[110.82820502387045,19.847788374159165],[110.82469570583663,19.849154934353407],[110.82168246798943,19.850851118299886],[110.82164435492524,19.85181335449238],[110.82360582139677,19.852280578613374],[110.82333862304597,19.852783067491487],[110.82243048773768,19.85336951361768],[110.82277248806321,19.854449734158095],[110.82418863932207,19.855118103027507],[110.82501593695656,19.85668146769217],[110.82507629394445,19.859563598632917],[110.82354553222552,19.86193405151397],[110.82200032551981,19.86111640930193],[110.8202896457239,19.861506305270836],[110.82026638454755,19.862093616062054],[110.82388359917451,19.86342648824069],[110.8236164008236,19.866394187079777],[110.82250528971252,19.868008889092437],[110.82279968261633,19.870820634630093],[110.82436170789845,19.871647177802288],[110.82367458767254,19.869686745537763],[110.82416137695208,19.86916136847617],[110.8250208197689,19.868889278835752],[110.82598144531164,19.865854983859776],[110.82667168511188,19.86582762824179],[110.82789442274213,19.867494701809562],[110.82835998535063,19.864727520413],[110.83022189670038,19.865550257365214],[110.83090542263363,19.864946255154337],[110.82758599175241,19.863723119100086],[110.82672431098001,19.86247083875884],[110.82738986545053,19.8617525143095],[110.82889682345814,19.861393559774058],[110.82858547634447,19.860205535888838],[110.82979105631404,19.858338631524077],[110.83056084526822,19.858605812920644],[110.83236253526371,19.859987403022217],[110.83904561360589,19.86027909172924],[110.83980373806332,19.862124794854196],[110.83931043836702,19.866383590698376],[110.84028306749042,19.866116409301924],[110.84230150010762,19.861394187079668],[110.84528306749024,19.86166136847629],[110.84860582139669,19.8669497426352],[110.85079081217361,19.86989922417564],[110.85083902994694,19.87111533270962],[110.85024902343662,19.874143134223345],[110.84806084526815,19.875429560343605],[110.84946478949547,19.875831629435254],[110.85034315321093,19.878605812920625],[110.85083862304583,19.878338631524116],[110.85145541720823,19.87549717373338],[110.85374599880544,19.871149300469426],[110.85316257052853,19.868700078328516],[110.85251837836279,19.868103213840357],[110.85244018554584,19.86612999810137]]]}},{"type":"Feature","id":"hydrolakes:178273","properties":{"Hylak_id":178273,"Lake_name":"","Country":"China","Continent":"Asia","Poly_src":"SWBD","Lake_type":1,"Grand_id":0,"Lake_area":1.16,"Shore_len":7.39,"Shore_dev":1.94,"Vol_total":5.93,"Vol_res":0.0,"Vol_src":3,"Depth_avg":5.1,"Dis_avg":1.535,"Res_time":44.7,"Elevation":9,"Slope_100":3.22,"Wshd_area":52.1,"Pour_long":110.428983,"Pour_lat":19.825193,"source_id":"hydrolakes:178273","label":""},"geometry":{"type":"Polygon","coordinates":[[[110.43412400987307,19.825231967502475],[110.42956319173067,19.82257943047432],[110.42847222222133,19.821527777777874],[110.42028730604306,19.821665802002144],[110.41960238986451,19.822661166721105],[110.41778306749023,19.826698794894924],[110.4180947197799,19.827963528103396],[110.4215816582564,19.828101738823875],[110.42252770317828,19.827490810818347],[110.42361518012058,19.8251865471737],[110.4282359144413,19.824584062364465],[110.42909189859921,19.825507897271166],[110.43114678276822,19.826529015435312],[110.43265346950847,19.828862253825037],[110.43655300564149,19.82990861680787],[110.4386058213965,19.831394178602523],[110.44194973415694,19.83166137695332],[110.4440699598515,19.8322169325088],[110.44610582139666,19.831852077908195],[110.44582699245774,19.829623870849787],[110.44361640082377,19.829161376953266],[110.43881405300476,19.828742896186156],[110.43412400987307,19.825231967502475]]]}},{"type":"Feature","id":"hydrolakes:178275","properties":{"Hylak_id":178275,"Lake_name":"","Country":"China","Continent":"Asia","Poly_src":"SWBD","Lake_type":1,"Grand_id":0,"Lake_area":1.23,"Shore_len":9.47,"Shore_dev":2.41,"Vol_total":3.71,"Vol_res":0.0,"Vol_src":3,"Depth_avg":3.0,"Dis_avg":0.841,"Res_time":51.0,"Elevation":49,"Slope_100":1.69,"Wshd_area":29.5,"Pour_long":110.086938,"Pour_lat":19.816259,"source_id":"hydrolakes:178275","label":""},"geometry":{"type":"Polygon","coordinates":[[[110.09805025736404,19.81889417860259],[110.09728046840979,19.816462758382272],[110.09691317240305,19.816066351996767],[110.09347973293632,19.81497931586381],[110.09208333333225,19.813472222222344],[110.09082803514173,19.813605821397687],[110.08944974263409,19.814727511935928],[110.08734965006403,19.81554529825877],[110.08529496934574,19.817052357991827],[110.08494328816624,19.819625684950267],[110.08346984015458,19.820321061876257],[110.08442185295843,19.82332804361988],[110.08619404262862,19.82150009155282],[110.08721081203777,19.820962066650566],[110.08724638197066,19.82185957166888],[110.08682395934949,19.823878614637692],[110.08778491549913,19.823916693793535],[110.08979927062882,19.82117038302971],[110.09134485032718,19.820765397813716],[110.09256535000156,19.824161376953327],[110.09279954698252,19.823873969184206],[110.09343891567562,19.820525054931807],[110.0947552405454,19.818730417887537],[110.09624009874028,19.8192005242243],[110.09734335157503,19.820909016927203],[110.10002850002616,19.82358651055239],[110.09996181911794,19.82526887681763],[110.10648745218799,19.82556722005222],[110.10856202867205,19.82666498819998],[110.11240328470768,19.827494710286658],[110.11305025736374,19.82703954060895],[110.11273113674497,19.826587863498446],[110.1080502573638,19.825283067491455],[110.10667196485628,19.824439154731067],[110.10141610887212,19.82415888468455],[110.10142631530664,19.821416795518928],[110.09894713507663,19.820197550455987],[110.09805025736404,19.81889417860259]]]}},{"type":"Feature","id":"hydrolakes:178283","properties":{"Hylak_id":178283,"Lake_name":"","Country":"China","Continent":"Asia","Poly_src":"SWBD","Lake_type":1,"Grand_id":0,"Lake_area":3.17,"Shore_len":16.89,"Shore_dev":2.68,"Vol_total":9.48,"Vol_res":0.0,"Vol_src":3,"Depth_avg":3.0,"Dis_avg":2.063,"Res_time":53.2,"Elevation":34,"Slope_100":1.2,"Wshd_area":64.9,"Pour_long":110.63125,"Pour_lat":19.780338,"source_id":"hydrolakes:178283","label":""},"geometry":{"type":"Polygon","coordinates":[[[110.6210324435753,19.787018093533277],[110.62259141709961,19.785749325222582],[110.62481187608421,19.786661376953248],[110.62692023383158,19.786305355496154],[110.62695014105816,19.78555045233844],[110.6261164008236,19.78515697903117],[110.62686950683491,19.783397284613898],[110.63416137695214,19.780253601074264],[110.63372029622298,19.778909115261683],[110.6305040147559,19.778489752875544],[110.62936652289409,19.78042466905407],[110.6271578640401,19.781776970757505],[110.62639682345832,19.7803386433921],[110.62637295193053,19.779737023247776],[110.62674011230376,19.779043138292252],[110.62538831922637,19.776949734158222],[110.6243471272777,19.777242821587663],[110.6248056369347,19.778550821940257],[110.62406209309802,19.78182023790157],[110.625107896592,19.78318408542225],[110.62357360839741,19.78513522677963],[110.62233615451294,19.78448042127843],[110.62068128797642,19.78506045871336],[110.62012763129246,19.78348095364055],[110.6206738959408,19.780051862928758],[110.62304836696956,19.778931257459988],[110.62306125216924,19.77860585530624],[110.61999471028543,19.778338623046977],[110.6190298122819,19.778000420464707],[110.61548611111016,19.778140886095002],[110.61328192816745,19.774727511935907],[110.61223883734709,19.77527457343217],[110.61232130262482,19.779027421739556],[110.6106890190963,19.779599524604123],[110.60952073838877,19.778338623046977],[110.60887234157894,19.778610534668132],[110.60892632378369,19.77997209337036],[110.60783365885317,19.780550265842237],[110.60510002983852,19.78026507907458],[110.60459865993818,19.778834448920634],[110.60711012098432,19.778933987087782],[110.60804368760745,19.778493398030776],[110.60806125216925,19.778050367567403],[110.60587673611002,19.777530008951942],[110.60555026584092,19.77722751193585],[110.60527926974737,19.775526326497584],[110.60446194118816,19.774769049750603],[110.60374999999891,19.773472222222324],[110.60278774685224,19.773776872423184],[110.60275234646167,19.77466934204125],[110.60336086696952,19.775611640082616],[110.60437276204334,19.776549241807857],[110.6031229654937,19.779938473171796],[110.60405341254233,19.781379428439834],[110.6061164008238,19.781661376953252],[110.60811021592775,19.784973415798788],[110.60472751193493,19.78715779622405],[110.60556905110576,19.788037448459306],[110.6050634765615,19.78947991265204],[110.60579779730813,19.790272488064545],[110.60730007595396,19.789924028184885],[110.60685228135748,19.788646392822443],[110.60747741699112,19.786671956380417],[110.60942857530301,19.78703993055575],[110.60974826388787,19.789711710612266],[110.61082804361871,19.790283067491487],[110.61592380099722,19.790554792616206],[110.61792412651829,19.793392232259237],[110.62121053059798,19.796939154731092],[110.62278306749027,19.79667195638035],[110.62312269422642,19.794893103705647],[110.62553778754238,19.79336510552315],[110.62562045627061,19.791279279920957],[110.6252011447474,19.788647087945037],[110.62149000379674,19.788323703342144],[110.6210324435753,19.787018093533277]]]}},{"type":"Feature","id":"hydrolakes:178284","properties":{"Hylak_id":178284,"Lake_name":"","Country":"China","Continent":"Asia","Poly_src":"SWBD","Lake_type":1,"Grand_id":0,"Lake_area":1.55,"Shore_len":9.01,"Shore_dev":2.04,"Vol_total":6.43,"Vol_res":0.0,"Vol_src":3,"Depth_avg":4.2,"Dis_avg":0.467,"Res_time":159.5,"Elevation":38,"Slope_100":2.27,"Wshd_area":16.0,"Pour_long":110.230208,"Pour_lat":19.765971,"source_id":"hydrolakes:178284","label":""},"geometry":{"type":"Polygon","coordinates":[[[110.24443915473,19.78556084526923],[110.24417195637915,19.781661376953252],[110.2380247158464,19.77999974568695],[110.2373114352747,19.77922992282464],[110.23694973415706,19.777945014106024],[110.23833862304576,19.7775052897137],[110.23870949639138,19.77556279500334],[110.23654654608725,19.77274219089105],[110.23611640082368,19.771383599175522],[110.23393152872615,19.768511267768133],[110.23361640082373,19.765550265842137],[110.23291666666569,19.765138888889],[110.22892605251639,19.765340508355166],[110.22861640082357,19.766870405409236],[110.22950744628815,19.76991405910934],[110.23338523016946,19.774385087755093],[110.23328942192819,19.77680213080521],[110.2314924791113,19.77796251085084],[110.22909652709853,19.77631381564686],[110.22799964056975,19.775838623046923],[110.2269285753028,19.776405385335465],[110.22695977104945,19.77719236585847],[110.22928476969292,19.77751012166351],[110.2332855394144,19.78205167982327],[110.23643953111326,19.783783213297625],[110.23814207288865,19.784161376953307],[110.2397757297083,19.783296915690244],[110.24109403822052,19.783349168565678],[110.24140541924271,19.786922387017455],[110.24078177557948,19.78844065348318],[110.24229853312079,19.788883599175506],[110.24358188205207,19.787498524983903],[110.24528306749039,19.787227511935896],[110.24555026584119,19.785912628174117],[110.24443915473,19.78556084526923]]]}},{"type":"Feature","id":"hydrolakes:178288","properties":{"Hylak_id":178288,"Lake_name":"","Country":"China","Continent":"Asia","Poly_src":"SWBD","Lake_type":1,"Grand_id":0,"Lake_area":3.25,"Shore_len":17.85,"Shore_dev":2.79,"Vol_total":16.93,"Vol_res":0.0,"Vol_src":3,"Depth_avg":5.2,"Dis_avg":1.491,"Res_time":131.4,"Elevation":34,"Slope_100":2.29,"Wshd_area":46.9,"Pour_long":110.680168,"Pour_lat":19.731753,"source_id":"hydrolakes:178288","label":""},"geometry":{"type":"Polygon","coordinates":[[[110.68116875542444,19.732704552544647],[110.68110412597554,19.731074049208075],[110.67999471028554,19.730005289713688],[110.67917195637921,19.727772488064375],[110.67748460557624,19.72608345879479],[110.67751003689148,19.725441979302445],[110.67866719563688,19.72469472249361],[110.67978237575852,19.723585968017687],[110.6821958414705,19.723681623670927],[110.68249471028571,19.72306571112756],[110.67985344780715,19.71895199245887],[110.67923550075864,19.718616400824715],[110.67801567925255,19.720505455865066],[110.6764780002161,19.72087171766509],[110.67479390462154,19.720281456841462],[110.67417195637921,19.718050265842237],[110.67357367621435,19.717180836995738],[110.67394476996435,19.715560845269238],[110.67511155870142,19.71617824978307],[110.67771830240792,19.71607493082712],[110.6783280436187,19.7156542968753],[110.67579901801133,19.715171474880833],[110.67585110134462,19.713857116699387],[110.67698601616667,19.713321533203214],[110.67783189561544,19.71240854899105],[110.68081929524647,19.712526957194143],[110.68138359917441,19.711893954807067],[110.6790277777767,19.70791666666679],[110.67766703287663,19.708061489529257],[110.6757054307717,19.71331234402146],[110.67409037272029,19.713605821397834],[110.67244778103213,19.713030090332154],[110.67066419813267,19.713100789388193],[110.66888359917448,19.71250528971376],[110.66836324055896,19.711943698459322],[110.66688856336714,19.711671956380314],[110.66583787706082,19.712227918836902],[110.66474622938262,19.712237786187302],[110.66290466308493,19.711625874837353],[110.66113715277669,19.708888787163858],[110.66004428439561,19.70861640082495],[110.66221394856683,19.713271755642552],[110.66678744845836,19.71447570800791],[110.66834791395308,19.716159871419507],[110.66831407334962,19.71701327853748],[110.66715399847999,19.718140190972406],[110.66724195692188,19.720359564887247],[110.67031487358844,19.720284745958224],[110.67203199598436,19.722072007921156],[110.67149631076285,19.72308442857542],[110.66786526150088,19.722480010986487],[110.66479119194787,19.72251378377308],[110.66278306749041,19.72333862304697],[110.65971693250759,19.723605821397655],[110.65944973415708,19.723809594048475],[110.66278306749041,19.724716932508784],[110.66305060492522,19.725005696614687],[110.66660407172202,19.725481635199856],[110.66693915473002,19.72719100952162],[110.66464396158767,19.72750467936214],[110.66505906846686,19.729088694254642],[110.66247131347563,19.729442342122525],[110.66192905002066,19.730027652316778],[110.66195115831061,19.7305860392255],[110.66405748155279,19.732137383355223],[110.66667195637933,19.73249471028663],[110.6700659179678,19.73418056911902],[110.67120435926563,19.734135437011844],[110.6718185763878,19.73155707465287],[110.67478244357534,19.731674567328696],[110.67466708712999,19.734585333930397],[110.67513163248594,19.73591069539401],[110.67761121961706,19.735812411838197],[110.67911655002064,19.734187723795742],[110.68060567219953,19.733312276204515],[110.68116875542444,19.732704552544647]],[[110.67582444932634,19.724464467366715],[110.67586961534181,19.722251603868415],[110.67528781466916,19.72169267442507],[110.67680555555467,19.72152777777802],[110.67723646375765,19.721952650282276],[110.67835876464756,19.72194780137812],[110.67832987467352,19.723364579942654],[110.67776638454762,19.72445838080523],[110.67582444932634,19.724464467366715]]]}},{"type":"Feature","id":"hydrolakes:178290","properties":{"Hylak_id":178290,"Lake_name":"","Country":"China","Continent":"Asia","Poly_src":"SWBD","Lake_type":1,"Grand_id":0,"Lake_area":3.26,"Shore_len":22.0,"Shore_dev":3.44,"Vol_total":9.1,"Vol_res":0.0,"Vol_src":3,"Depth_avg":2.8,"Dis_avg":0.594,"Res_time":177.3,"Elevation":13,"Slope_100":1.1,"Wshd_area":18.8,"Pour_long":110.817346,"Pour_lat":19.712655,"source_id":"hydrolakes:178290","label":""},"geometry":{"type":"Polygon","coordinates":[[[110.81026997884044,19.71610329522042],[110.81073499891392,19.715687764485892],[110.8122222222213,19.716221398247797],[110.81340738932187,19.715796135796552],[110.81415886772896,19.714158867730248],[110.81474833170472,19.71363216824011],[110.8146971299903,19.712773200141214],[110.8163302951379,19.712468363444145],[110.8173017713749,19.712816942003315],[110.81969034830632,19.712453579372948],[110.81999220106235,19.710752393934627],[110.81924750433922,19.709381951226362],[110.8172115749773,19.707783101399855],[110.81755961100151,19.706154242621608],[110.81686672634447,19.704879218207566],[110.81585171169598,19.705430806478034],[110.81556335449119,19.706718037923338],[110.81693013509039,19.707939249674666],[110.81372361924821,19.7088810899524],[110.8132687038837,19.707889912923235],[110.81335381401828,19.706461588541742],[110.81484815809364,19.702845933702406],[110.81209574381421,19.700563354492317],[110.81252149793727,19.702556186252252],[110.81243598090191,19.70399044460737],[110.81174770778989,19.704605407715064],[110.81139221191307,19.707263793945515],[110.81023091634012,19.707194586860055],[110.8097300211578,19.706103312174776],[110.80940287272051,19.705810987684742],[110.80888163248608,19.705842047797603],[110.80771504719962,19.70409589979397],[110.80555555555463,19.704224616156807],[110.80503302680029,19.70087124294713],[110.80584608289837,19.698605143229372],[110.80513766818501,19.698341132270116],[110.8025547281892,19.699032931857687],[110.80180555555467,19.698194444444596],[110.80054775661813,19.69832553439693],[110.80028557671346,19.699391276041922],[110.80168043348431,19.699715779622522],[110.80108798556756,19.70114006890202],[110.80112731933502,19.701799146864403],[110.80397521972549,19.705270216200233],[110.8035348171648,19.706914503309577],[110.80360039604943,19.708929646810077],[110.802638481987,19.70887230767164],[110.80175408257281,19.70566179063593],[110.80057508680466,19.705285576714573],[110.80028557671346,19.70806335449231],[110.80002258300692,19.708325534396863],[110.79799133300696,19.706597561306637],[110.79723002115787,19.703325534396868],[110.79633232964312,19.70275458441853],[110.79632486979068,19.700176222059554],[110.79521396213005,19.698768480089143],[110.79433390299391,19.698063354492376],[110.79268927680022,19.698653496636496],[110.79282986111025,19.701013014051853],[110.79476223415696,19.702739529080134],[110.79415886772915,19.703603312174607],[110.79389668782454,19.705928683810896],[110.79566385904849,19.707211134168915],[110.79545661078458,19.71068837483739],[110.79499220106237,19.7111033121746],[110.79464118109712,19.71372792561857],[110.79395968966907,19.714336819119183],[110.79042182074568,19.714997151693012],[110.78692057291568,19.715271233452825],[110.78874647352336,19.717145640055435],[110.78776394314133,19.71802356296132],[110.78823174370558,19.72109887017166],[110.78955193413549,19.721381072998327],[110.78911383734714,19.720160183376834],[110.7895118543828,19.71867409600162],[110.7916775173602,19.71710242377395],[110.79306335449132,19.716674482557607],[110.7936467149512,19.716021609836332],[110.79614183213891,19.715563354492303],[110.7972735595693,19.71971440633149],[110.79801744249033,19.718881886800318],[110.7977368164054,19.71417405870244],[110.80070434570223,19.712720879448966],[110.80174024793729,19.713092549642113],[110.80260464138371,19.713041042751854],[110.8034003363706,19.714292161729702],[110.80329243977764,19.716102701823104],[110.80386013454762,19.716381072998274],[110.80499220106236,19.71443664550793],[110.80615763346259,19.71390174018029],[110.80724385579327,19.71560963948582],[110.80718607584532,19.716578335232327],[110.80630011664402,19.7190475294326],[110.80393168131405,19.720706922743148],[110.80361891004685,19.721440243191296],[110.80459811740377,19.722410786946796],[110.80576029459542,19.721110093858726],[110.80891065809357,19.720781792534808],[110.80887736002506,19.72022308349625],[110.80832465277695,19.71972924126527],[110.80836947970829,19.71897722032344],[110.80892795138783,19.7174207221139],[110.81026997884044,19.71610329522042]],[[110.80815504285931,19.71022657606352],[110.80562228732549,19.708813476562625],[110.80528808593652,19.70557145860471],[110.80680555555477,19.70541666666685],[110.80814954969526,19.706327141656118],[110.80775967068053,19.706663038465877],[110.80915635850596,19.70881435818154],[110.80815504285931,19.71022657606352]]]}},{"type":"Feature","id":"hydrolakes:178292","properties":{"Hylak_id":178292,"Lake_name":"","Country":"China","Continent":"Asia","Poly_src":"SWBD","Lake_type":1,"Grand_id":0,"Lake_area":1.37,"Shore_len":6.53,"Shore_dev":1.58,"Vol_total":5.75,"Vol_res":0.0,"Vol_src":3,"Depth_avg":4.2,"Dis_avg":0.541,"Res_time":123.0,"Elevation":69,"Slope_100":2.42,"Wshd_area":17.4,"Pour_long":110.593681,"Pour_lat":19.706293,"source_id":"hydrolakes:178292","label":""},"geometry":{"type":"Polygon","coordinates":[[[110.59327996147903,19.708931443956374],[110.5954030354809,19.708600633409503],[110.5966588677291,19.707170850965895],[110.5961033121734,19.70667446560344],[110.59554775661792,19.70556335449237],[110.59528557671354,19.703047756619014],[110.59360331217346,19.70278557671452],[110.59347222222124,19.701527777777926],[110.5911033121734,19.701658867730146],[110.58985555012913,19.703258599175456],[110.58857204861005,19.704405381944582],[110.58608269585415,19.70831949869813],[110.58291544596261,19.70860331217466],[110.57996704101453,19.707813618978037],[110.57945224337999,19.70998887803836],[110.58389458550255,19.710309956868628],[110.58589253743384,19.712871500651147],[110.58547743055448,19.71442138671887],[110.58438863118397,19.716425001356527],[110.58451850043303,19.71860332912877],[110.58800713433055,19.71888107299816],[110.58862263997293,19.71601306491442],[110.59009134928294,19.714947204590032],[110.58970275878812,19.713864237467703],[110.59154242621457,19.713296135796554],[110.59327996147903,19.708931443956374]]]}},{"type":"Feature","id":"hydrolakes:178293","properties":{"Hylak_id":178293,"Lake_name":"","Country":"China","Continent":"Asia","Poly_src":"SWBD","Lake_type":1,"Grand_id":0,"Lake_area":2.0,"Shore_len":13.68,"Shore_dev":2.73,"Vol_total":7.1,"Vol_res":0.0,"Vol_src":3,"Depth_avg":3.5,"Dis_avg":1.354,"Res_time":60.7,"Elevation":49,"Slope_100":1.72,"Wshd_area":43.5,"Pour_long":110.471868,"Pour_lat":19.705387,"source_id":"hydrolakes:178293","label":""},"geometry":{"type":"Polygon","coordinates":[[[110.48194973415707,19.70000528971366],[110.48277001274869,19.698735046386844],[110.48105014377069,19.69832536485478],[110.47984395344946,19.6976871066625],[110.47788486056749,19.69411858452702],[110.47846652560668,19.691338467068306],[110.48051598442828,19.68722347683388],[110.48387776692618,19.686288282606483],[110.48599073621853,19.68517018636095],[110.48754764132934,19.686437242296222],[110.4874834526899,19.688055996365165],[110.48811147053948,19.688328043619947],[110.48888359917441,19.6874947102865],[110.49141971164192,19.686944207085673],[110.49219889322814,19.68610324435781],[110.49013888888817,19.681250000000148],[110.48919291178282,19.681430596245832],[110.48882215711717,19.68414354112423],[110.48649675157242,19.682360331217637],[110.48540781656811,19.681949734158195],[110.48148318820421,19.684026455349567],[110.4792880927182,19.683257073296545],[110.47861640082374,19.682216932508823],[110.47766723632719,19.681949734158195],[110.47696031358419,19.684182535807565],[110.4763831922732,19.684717305501465],[110.47639794243605,19.68508985731347],[110.47882073296353,19.68718170166028],[110.47550177680034,19.690882093641733],[110.47391442192838,19.69163123236791],[110.47164920382943,19.69194081624363],[110.47278306749035,19.692772488064463],[110.47305026584098,19.693536614312166],[110.47188852945857,19.69388359917548],[110.46995066324757,19.693060845269372],[110.47002305772463,19.694887593587453],[110.47100999620119,19.69535335964639],[110.47448269314134,19.69528479682083],[110.47443874782886,19.696394076877255],[110.47709950764897,19.697200656467146],[110.47664130316753,19.69983215332053],[110.47452887640958,19.699091762966816],[110.47197859022248,19.699192843967296],[110.47127929687417,19.698822801378185],[110.47013888888796,19.699222513834798],[110.4683170233825,19.69861640082479],[110.46834543863838,19.699332784017088],[110.47030666775083,19.70077131483299],[110.46992811414822,19.701851331922853],[110.46772884792665,19.703580796983772],[110.46528306749025,19.704045850965827],[110.46716600206054,19.704934488932565],[110.47015882703897,19.706939900716293],[110.4727724880633,19.70716630723757],[110.47192450629245,19.70638061523448],[110.47275549994481,19.704810248481124],[110.47422359890311,19.704345431857803],[110.47690317789625,19.702501559787493],[110.47848358154204,19.702199842665095],[110.48092041015519,19.700331183539618],[110.48194973415707,19.70000528971366]]]}},{"type":"Feature","id":"hydrolakes:178297","properties":{"Hylak_id":178297,"Lake_name":"","Country":"China","Continent":"Asia","Poly_src":"SWBD","Lake_type":1,"Grand_id":0,"Lake_area":1.0,"Shore_len":10.3,"Shore_dev":2.9,"Vol_total":1.96,"Vol_res":0.0,"Vol_src":3,"Depth_avg":2.0,"Dis_avg":0.55,"Res_time":41.2,"Elevation":15,"Slope_100":1.09,"Wshd_area":17.4,"Pour_long":110.732766,"Pour_lat":19.662371,"source_id":"hydrolakes:178297","label":""},"geometry":{"type":"Polygon","coordinates":[[[110.74251722547649,19.6796124267579],[110.73973253038088,19.67735436333561],[110.73998969183936,19.6763785468209],[110.74221191406144,19.676087816026552],[110.7417013210711,19.67501034206822],[110.73815334743836,19.675922071668936],[110.73743462456503,19.67463392469631],[110.73906032986042,19.67253251817516],[110.74023932562841,19.672006429036628],[110.74031039767698,19.67112145317941],[110.73838731553747,19.671410658094715],[110.7366175672733,19.673698221842585],[110.73566426594954,19.67327284071183],[110.73497260199548,19.670975477430716],[110.73417697482546,19.669549492730198],[110.73443413628371,19.668322991265313],[110.73612141926992,19.66806589762382],[110.73665635850602,19.66721188015424],[110.7377393256283,19.666728651258836],[110.73778971354079,19.666101074218886],[110.73572875976464,19.665725131564784],[110.73359951443047,19.66256669786253],[110.73236111110998,19.6620833333335],[110.72973253038106,19.662928500705448],[110.73009819878382,19.664308946397682],[110.73217848035938,19.665983649359987],[110.73223388671767,19.668339945475452],[110.73191446940001,19.669209899902455],[110.73193291558056,19.671115892198486],[110.73248969183925,19.673899230957204],[110.73415635850608,19.675288119846073],[110.73526746961716,19.675843675401552],[110.7371837700727,19.676135660807574],[110.73858751084981,19.677345038520116],[110.73869405110588,19.678671535915896],[110.73778808593642,19.679177008734882],[110.73548468695651,19.679441053602545],[110.73668931749029,19.68047892252622],[110.7372587754981,19.683600769043267],[110.73815456814128,19.68331542968764],[110.73794189453025,19.680668470594753],[110.73968254936972,19.679228617350418],[110.74056586371455,19.67998965793197],[110.74111443413523,19.681435173882505],[110.74223253038093,19.68193410237643],[110.74338406032888,19.683270636664588],[110.74613382975161,19.685545213487615],[110.74665635850596,19.685038994683282],[110.7460936143653,19.68294148763033],[110.74372192382725,19.681290181477948],[110.74251722547649,19.6796124267579]]]}},{"type":"Feature","id":"hydrolakes:178298","properties":{"Hylak_id":178298,"Lake_name":"","Country":"China","Continent":"Asia","Poly_src":"SWBD","Lake_type":2,"Grand_id":5785,"Lake_area":1.5,"Shore_len":13.99,"Shore_dev":3.22,"Vol_total":46.0,"Vol_res":46.0,"Vol_src":2,"Depth_avg":30.7,"Dis_avg":1.848,"Res_time":288.1,"Elevation":64,"Slope_100":1.64,"Wshd_area":59.1,"Pour_long":110.039442,"Pour_lat":19.651728,"source_id":"hydrolakes:178298","label":""},"geometry":{"type":"Polygon","coordinates":[[[110.0401549869103,19.65323679606138],[110.04138359493567,19.652656962077003],[110.04109454260833,19.651579895019665],[110.03934874640476,19.6499623277453],[110.04074089050181,19.646183234320915],[110.03945439656462,19.645732320149875],[110.0391719606177,19.64750528971382],[110.03860900878806,19.648026902940785],[110.03822714487598,19.650821024577112],[110.03777274661502,19.65083902994803],[110.03667196061764,19.64947994656046],[110.03723031785643,19.646386176215458],[110.03634485032728,19.645565761990156],[110.03718703375841,19.644785427517547],[110.0381234020648,19.64263973659962],[110.0361849848419,19.64172492133258],[110.03528558942895,19.64089158799925],[110.03610581715799,19.638172675238934],[110.03556084950674,19.63693915473101],[110.03312768300265,19.63591518825973],[110.03215371449681,19.6346450805666],[110.03223854064828,19.632504916721018],[110.0314195632925,19.631746080186815],[110.0313551500098,19.63012101915166],[110.03234070671823,19.62803273518898],[110.03376114739217,19.62808902316641],[110.03546553717615,19.6275494045683],[110.03721550835405,19.626419372558757],[110.03719785478273,19.624524095323522],[110.03971692826917,19.62110582139769],[110.04056126488473,19.62083848741338],[110.04053007337671,19.62005160861571],[110.04250048319398,19.619675394694127],[110.04321055094289,19.618333502875544],[110.04210474649955,19.61645253499364],[110.03964489406917,19.616060689290464],[110.03930555555445,19.615694444444614],[110.03806821187226,19.615930684407658],[110.0380295774662,19.616905381944548],[110.03846163007842,19.617371690538334],[110.04082803938019,19.617823486328234],[110.04056084950656,19.61917195638034],[110.03783039516782,19.620460578070833],[110.03722751617323,19.621394178602657],[110.03636117299294,19.621953633626447],[110.03583862728448,19.623060845269265],[110.03527248382477,19.623328043619892],[110.03500529395114,19.62389417860254],[110.03371310763777,19.624201965332134],[110.03447133805906,19.62530385335299],[110.03308421240826,19.626668768988793],[110.0310983615442,19.626940171983676],[110.02927198621859,19.630913967556637],[110.02971692826901,19.631394178602534],[110.03110581715788,19.631833902994913],[110.03056084950674,19.632227511935866],[110.02861640506228,19.63259874131961],[110.02954509734997,19.634061008029676],[110.03056084950674,19.63471693250881],[110.03093672434403,19.63746724446628],[110.03235316806268,19.63966071234819],[110.03338592953065,19.64014811197933],[110.03277208963937,19.642226867676015],[110.03388359493579,19.644042188856417],[110.03327956305503,19.644963548448516],[110.03111640506222,19.64537651909734],[110.03382563273004,19.647062140570824],[110.03423168606139,19.64822065565329],[110.03418223063039,19.650809326172123],[110.03388011508423,19.6516713121203],[110.03528307172877,19.651939154730997],[110.03589501698701,19.65323581271707],[110.03735187954283,19.652725185818213],[110.03785220252036,19.653785332573932],[110.0401549869103,19.65323679606138]]]}},{"type":"Feature","id":"hydrolakes:178302","properties":{"Hylak_id":178302,"Lake_name":"","Country":"China","Continent":"Asia","Poly_src":"SWBD","Lake_type":1,"Grand_id":0,"Lake_area":1.39,"Shore_len":7.77,"Shore_dev":1.86,"Vol_total":6.29,"Vol_res":0.0,"Vol_src":3,"Depth_avg":4.5,"Dis_avg":0.871,"Res_time":83.6,"Elevation":52,"Slope_100":2.61,"Wshd_area":27.3,"Pour_long":110.502126,"Pour_lat":19.639633,"source_id":"hydrolakes:178302","label":""},"geometry":{"type":"Polygon","coordinates":[[[110.51034556070874,19.643257107204988],[110.51133517795051,19.639748535156343],[110.51474124484486,19.639447224935054],[110.51777296278101,19.641640523274873],[110.51805277506406,19.64250278049053],[110.51843539767691,19.64277499728746],[110.51932017008357,19.641425543891216],[110.52028055826719,19.641113891601663],[110.5218106418177,19.63780056423633],[110.5233361138229,19.637502780490593],[110.52360833061971,19.636708204481465],[110.52166388617525,19.636391669379464],[110.52055833604493,19.635552775065207],[110.51970811631844,19.63528055826839],[110.51973066541774,19.636386210123817],[110.51932793511179,19.636773139106083],[110.5153807915571,19.637735392252864],[110.51322177463004,19.636426120334306],[110.51402777777668,19.634027777777874],[110.51215776231453,19.634194064670282],[110.5108253309453,19.635580885145657],[110.51084584553934,19.636585523817416],[110.5101127794045,19.63777499728741],[110.50805833604494,19.636941663954076],[110.50395972357762,19.636391669379464],[110.49907243516606,19.63852918836818],[110.49750278048936,19.641047532823507],[110.49889166937834,19.641386108398592],[110.50109029134035,19.643606465657626],[110.50176873101032,19.64388610839859],[110.5025165133996,19.64274556477875],[110.50359083387491,19.641713392469796],[110.50499721950854,19.642780558268385],[110.50611389160048,19.643052775065314],[110.5072632514096,19.643924899631372],[110.50975277370782,19.643874104817826],[110.51034556070874,19.643257107204988]]]}},{"type":"Feature","id":"hydrolakes:178315","properties":{"Hylak_id":178315,"Lake_name":"","Country":"China","Continent":"Asia","Poly_src":"SWBD","Lake_type":1,"Grand_id":0,"Lake_area":1.24,"Shore_len":9.54,"Shore_dev":2.41,"Vol_total":4.6,"Vol_res":0.0,"Vol_src":3,"Depth_avg":3.7,"Dis_avg":0.299,"Res_time":178.1,"Elevation":112,"Slope_100":2.14,"Wshd_area":9.3,"Pour_long":110.057292,"Pour_lat":19.505873,"source_id":"hydrolakes:178315","label":""},"geometry":{"type":"Polygon","coordinates":[[[110.06713480631413,19.505453796386803],[110.06584366692334,19.502011515299614],[110.06695477803453,19.501677008734873],[110.0672933536095,19.49982086181666],[110.06683511521987,19.498999565972326],[110.06697978549437,19.497199028863122],[110.06595988803332,19.49537105984166],[110.06521580166174,19.493410237630428],[110.06528962029256,19.492491488986616],[110.06415633307455,19.491121453179403],[110.06347222222115,19.489861111111168],[110.06246593899101,19.489992777506757],[110.06252968682088,19.490786098904152],[110.06360077751896,19.492566596137294],[110.06258127848201,19.49344492594429],[110.06473255581221,19.494989657931967],[110.06542423672039,19.496093987359018],[110.06524241129466,19.498356831868534],[110.06278811136775,19.501399230957134],[110.06175575256242,19.501934102376367],[110.06263793945203,19.498710734049666],[110.06162812974611,19.497840711805623],[110.06169385274166,19.497022806803443],[110.06042369418566,19.496640421549557],[110.0598647223569,19.49478383382177],[110.05926016065706,19.494454786512733],[110.05889922247883,19.496314358181507],[110.06034478081489,19.498467135959288],[110.05988671196735,19.49971445719416],[110.05754020690824,19.49998965793202],[110.05606001112108,19.498830430772728],[110.0561230214426,19.498046264648565],[110.05572828504683,19.497788119846064],[110.05423355950154,19.498622063530945],[110.05353559705833,19.500384284125687],[110.05652323404837,19.500299716525774],[110.05721188863026,19.501399230957134],[110.05859408908327,19.502391730414672],[110.05887855529676,19.503410610622893],[110.0573153347429,19.503285013834727],[110.05601960923843,19.50376085069456],[110.05472222222124,19.502840949164636],[110.05353854709108,19.503680216471537],[110.0536359066424,19.504891933865167],[110.0555658891455,19.506100769043144],[110.0578320058176,19.508041347927588],[110.06028040567935,19.508322991265345],[110.06344978332424,19.50687625461171],[110.0644828881147,19.505857883029705],[110.06713480631413,19.505453796386803]]]}},{"type":"Feature","id":"hydrolakes:178317","properties":{"Hylak_id":178317,"Lake_name":"","Country":"China","Continent":"Asia","Poly_src":"SWBD","Lake_type":1,"Grand_id":0,"Lake_area":1.94,"Shore_len":15.41,"Shore_dev":3.12,"Vol_total":7.59,"Vol_res":0.0,"Vol_src":3,"Depth_avg":3.9,"Dis_avg":1.031,"Res_time":85.3,"Elevation":98,"Slope_100":1.95,"Wshd_area":31.2,"Pour_long":110.608478,"Pour_lat":19.505193,"source_id":"hydrolakes:178317","label":""},"geometry":{"type":"Polygon","coordinates":[[[110.60491943359267,19.510900166829515],[110.60560458713019,19.508478698730528],[110.60863599989062,19.50607957628057],[110.60862046983414,19.50412394205756],[110.60916958278978,19.50305813259564],[110.61001017252505,19.498585001627703],[110.6107988823776,19.49782721625462],[110.61444722493388,19.49750278049055],[110.61524536132714,19.497091606988022],[110.61648600260321,19.495418056912],[110.6169416639529,19.493696662055186],[110.61583055284211,19.493336113823943],[110.61541666666568,19.492638888889076],[110.61497456868403,19.49278235541459],[110.6150140380849,19.494714219835146],[110.61370930989494,19.496000400119556],[110.61008687337153,19.49644304063594],[110.60720811631842,19.497219441731886],[110.6072762722431,19.493879292806128],[110.60665466308501,19.493891974555254],[110.60585021972548,19.49637084960949],[110.6049900987403,19.497639804416394],[110.60368930392701,19.49833055284296],[110.60163140190872,19.49676900227871],[110.60028055826723,19.496985236274043],[110.60336486816306,19.500302632649834],[110.60504272460844,19.500268419053896],[110.606887274847,19.499318169487992],[110.60770792643143,19.50100972493499],[110.60691942002961,19.502540351020116],[110.6058212619348,19.503629353841234],[110.60106818305013,19.505805664062564],[110.59875061035063,19.504201863606795],[110.59775641547219,19.502152676052674],[110.59633999294596,19.500791829427214],[110.59389689127534,19.500841674804747],[110.59220811631855,19.500002780490604],[110.59222547742968,19.50085276285813],[110.59331631130533,19.50190087212468],[110.59368041992093,19.50265140109599],[110.59314961751215,19.503681776258816],[110.59166388617513,19.504163886176343],[110.59048210991659,19.505552775065325],[110.58861389160057,19.503608330620864],[110.58774787055012,19.50305833604608],[110.58660569932636,19.503646714952367],[110.58423265245113,19.503598293728373],[110.57972554524639,19.50419708251968],[110.58084201388789,19.5052697753909],[110.58081854926127,19.50642035590289],[110.58331766764223,19.50636935763896],[110.58557861328029,19.504419420030445],[110.58780856662241,19.504464925130492],[110.58776380750794,19.506655612521797],[110.58931016709988,19.508571200900803],[110.59110833061993,19.509169447157205],[110.59277499728631,19.5092794460723],[110.59166944715616,19.50634216308606],[110.59590440538085,19.504287584093106],[110.59640774196953,19.5053251817493],[110.59640340169176,19.508071289062627],[110.59822808159635,19.508663397895134],[110.59887797037675,19.510003051757963],[110.59948798285495,19.510003729926325],[110.60130981445212,19.510627271864223],[110.60076599120998,19.512749226888104],[110.60159118652234,19.513149583604672],[110.60309611002515,19.512763875325618],[110.60491943359267,19.510900166829515]]]}},{"type":"Feature","id":"hydrolakes:178324","properties":{"Hylak_id":178324,"Lake_name":"","Country":"China","Continent":"Asia","Poly_src":"SWBD","Lake_type":1,"Grand_id":0,"Lake_area":1.3,"Shore_len":10.51,"Shore_dev":2.6,"Vol_total":3.24,"Vol_res":0.0,"Vol_src":3,"Depth_avg":2.5,"Dis_avg":0.341,"Res_time":110.0,"Elevation":113,"Slope_100":1.32,"Wshd_area":10.5,"Pour_long":110.426164,"Pour_lat":19.444192,"source_id":"hydrolakes:178324","label":""},"geometry":{"type":"Polygon","coordinates":[[[110.42640675862538,19.456128980848632],[110.42665245903765,19.455810716417204],[110.42746985541368,19.455931498209793],[110.42825693766179,19.454615512424198],[110.42754157172209,19.452795884874206],[110.42604332817837,19.453384874132155],[110.42541792127719,19.453292473687213],[110.42561713324562,19.451944444444507],[110.42546325683492,19.45090325249572],[110.42670043945236,19.449443596734],[110.4301410251183,19.449184536404232],[110.42993313259456,19.450591362847376],[110.43133327907884,19.452479858398647],[110.43212015787662,19.455477566189302],[110.43472028944126,19.455093349880713],[110.43540103488408,19.452500033908507],[110.43379808213871,19.452227715386357],[110.43320814344514,19.451463453504857],[110.43256547715839,19.449155544705093],[110.43081546359502,19.448906758626492],[110.42960215250542,19.446672532823413],[110.42803768581723,19.446406758626438],[110.42773118760772,19.446009691026745],[110.4276924302834,19.444005737304963],[110.42611799451947,19.44266374376093],[110.42597222222128,19.441805555555675],[110.42442657470593,19.441926574707168],[110.42416205512046,19.442876383463613],[110.42331522623584,19.4435300360787],[110.42189080132289,19.44411302354615],[110.42120049370567,19.44500735812727],[110.41948594834963,19.445259908040555],[110.42010959201298,19.44367350260427],[110.41862633599078,19.443351203070847],[110.41779564751437,19.444740091959716],[110.41684583875781,19.4450046115453],[110.41617180718214,19.445877821180716],[110.41557342529194,19.44751786973751],[110.41387101915052,19.44775990804044],[110.41335120306985,19.44826565212685],[110.4146800401465,19.448871019151625],[110.41625478108625,19.448251953125123],[110.41727355956937,19.448402506510547],[110.41712588839971,19.44940178765205],[110.41794809977125,19.450036417643503],[110.419171854654,19.449855550130337],[110.42171573214966,19.448844401041868],[110.42370391845606,19.447107645670712],[110.4247043524839,19.447584567600018],[110.42390675862532,19.451561109754834],[110.4244665866417,19.452489149305677],[110.42435370551112,19.45325293646937],[110.42501786973651,19.454148796929417],[110.42553087022469,19.45540218777154],[110.42424163818254,19.454895358615545],[110.42333350287453,19.453376939561792],[110.42205000135533,19.45307342529304],[110.42130784776367,19.45403493245459],[110.42147559271808,19.455170084635483],[110.42298085530501,19.4555892605253],[110.42331546359486,19.456406758626372],[110.42538662380542,19.456926574707154],[110.42581546359492,19.456371019151618],[110.42640675862538,19.456128980848632]]]}},{"type":"Feature","id":"hydrolakes:178327","properties":{"Hylak_id":178327,"Lake_name":"","Country":"China","Continent":"Asia","Poly_src":"SWBD","Lake_type":1,"Grand_id":0,"Lake_area":1.98,"Shore_len":9.54,"Shore_dev":1.91,"Vol_total":8.28,"Vol_res":0.0,"Vol_src":3,"Depth_avg":4.2,"Dis_avg":0.776,"Res_time":123.5,"Elevation":79,"Slope_100":2.1,"Wshd_area":23.9,"Pour_long":110.480056,"Pour_lat":19.42487,"source_id":"hydrolakes:178327","label":""},"geometry":{"type":"Polygon","coordinates":[[[110.47861891004669,19.432230021158944],[110.47895209418294,19.431857164171106],[110.48299821641615,19.431923014323047],[110.48360331217344,19.430504218207545],[110.4828310818134,19.429814249674564],[110.48106394449763,19.429268527560964],[110.48174930148559,19.427358466254418],[110.48163380940662,19.425420735677278],[110.48040720621657,19.42464063856346],[110.47814331054599,19.42504299587688],[110.47578582763583,19.426248982747666],[110.47301578097773,19.42608391655841],[110.4730774943024,19.425048828125114],[110.47492462158107,19.42364583333341],[110.47526997884012,19.422381117079112],[110.47319444444344,19.420972222222304],[110.47249220106238,19.421103312174637],[110.47162770589085,19.421707153320426],[110.47165605333021,19.424205729166772],[110.47035797119037,19.424801500108572],[110.46860670301567,19.424730767144183],[110.4662218899187,19.424221259223202],[110.46452962239493,19.425140855577354],[110.4632540554461,19.424683159722406],[110.4620884874123,19.423838907877666],[110.4591874186188,19.42396213107645],[110.45677008734702,19.42344570583782],[110.45596554226239,19.424346110026136],[110.45642588297449,19.42562913682741],[110.4563205634214,19.42739644368504],[110.45688991970394,19.428444213867294],[110.45929948594744,19.428300577799632],[110.46026997884013,19.42721442328576],[110.46096706814131,19.426894463433314],[110.46270423041358,19.42690741644975],[110.46376742892693,19.427288953993184],[110.46446394178508,19.42838406032996],[110.46634958902905,19.429583333333596],[110.4648706393761,19.43052395290823],[110.46389668782479,19.432404005262754],[110.46482079399868,19.432769978841293],[110.46969919840393,19.43074089898016],[110.47144358316962,19.43084486219624],[110.47207611083888,19.43155280219196],[110.47266404893571,19.434079861111172],[110.47334072536796,19.435040961371612],[110.47451477050686,19.43497097439257],[110.47499220106249,19.4344366455079],[110.47738864474724,19.43406317816863],[110.4780779012035,19.43329176161035],[110.47804517957792,19.432742648654653],[110.47861891004669,19.432230021158944]]]}},{"type":"Feature","id":"hydrolakes:178328","properties":{"Hylak_id":178328,"Lake_name":"","Country":"China","Continent":"Asia","Poly_src":"SWBD","Lake_type":1,"Grand_id":0,"Lake_area":1.51,"Shore_len":10.11,"Shore_dev":2.32,"Vol_total":3.15,"Vol_res":0.0,"Vol_src":3,"Depth_avg":2.1,"Dis_avg":2.627,"Res_time":13.9,"Elevation":62,"Slope_100":1.02,"Wshd_area":80.8,"Pour_long":110.497381,"Pour_lat":19.410171,"source_id":"hydrolakes:178328","label":""},"geometry":{"type":"Polygon","coordinates":[[[110.49709353976698,19.421271701389117],[110.49772264268557,19.420567559136373],[110.49860331217343,19.421952243381156],[110.49948537190664,19.422214423285652],[110.49942545572821,19.42120917426223],[110.49760450574985,19.419582180447208],[110.4968198309997,19.41673366970514],[110.49753312852539,19.416096327040066],[110.49438524034201,19.41279886881523],[110.49449069552861,19.411029730902897],[110.49828691270517,19.412196519639906],[110.49921854654843,19.410731675889906],[110.49914825439373,19.409552069770086],[110.4983255343958,19.409174465603485],[110.49749135335179,19.40722846137163],[110.49719058566518,19.403672349717965],[110.49468082004034,19.403336656358647],[110.49430555555466,19.40291666666684],[110.49367940266836,19.403110012478407],[110.492801208495,19.405023464626936],[110.49156494140539,19.405590820312625],[110.49102739122088,19.40790113661035],[110.4911688571496,19.41027465820332],[110.48991906060013,19.410547756619053],[110.4869673326271,19.409174465603485],[110.48655270046555,19.41271396213125],[110.48582553439587,19.41304775661905],[110.48549109564777,19.415902642144204],[110.48449466281357,19.418298339843886],[110.48221442328469,19.418603312174582],[110.4816744656024,19.418921983507005],[110.48351623535046,19.41949069552976],[110.48388108995141,19.420285576714548],[110.48439544677638,19.420745171441126],[110.48636216905288,19.41976867675794],[110.4868524169911,19.41921997070324],[110.48721442328463,19.418047756619046],[110.4878025987403,19.41777777777787],[110.48765825059576,19.415355495876838],[110.49026455349286,19.414353569878642],[110.48964711507057,19.413217298719644],[110.48992865668293,19.4125077989367],[110.49278557671346,19.41471442328566],[110.49345743814996,19.416178249783115],[110.49503472222119,19.41608418782556],[110.49415886772903,19.417214423285714],[110.49388800726894,19.418378499349103],[110.49303544786153,19.419140218099017],[110.49346459282697,19.420336235894183],[110.49296803792225,19.421250000000157],[110.49343478732544,19.422108968099053],[110.4948475477421,19.422492201063505],[110.49709353976698,19.421271701389117]]]}},{"type":"Feature","id":"hydrolakes:178334","properties":{"Hylak_id":178334,"Lake_name":"","Country":"China","Continent":"Asia","Poly_src":"SWBD","Lake_type":1,"Grand_id":0,"Lake_area":1.8,"Shore_len":12.76,"Shore_dev":2.68,"Vol_total":10.9,"Vol_res":0.0,"Vol_src":3,"Depth_avg":6.0,"Dis_avg":3.042,"Res_time":41.5,"Elevation":33,"Slope_100":3.36,"Wshd_area":90.8,"Pour_long":110.375274,"Pour_lat":19.28324,"source_id":"hydrolakes:178334","label":""},"geometry":{"type":"Polygon","coordinates":[[[110.37126481797878,19.298049587673802],[110.37166388617521,19.29720323350699],[110.37083452012712,19.296406385633816],[110.37055833604506,19.295382351345552],[110.37270016140315,19.294537556966247],[110.37305277506408,19.294141235351788],[110.37086252848212,19.294185926649448],[110.37025821261841,19.293874579535668],[110.37028367784177,19.292627766927183],[110.37173621283529,19.29192308213993],[110.37305277506408,19.290552775065237],[110.37382476806545,19.290178222656323],[110.37444166395295,19.288869900173722],[110.37388600667225,19.28833597819016],[110.37389234754676,19.288024970160734],[110.37472510443695,19.28722486707926],[110.37471354166576,19.286657986111265],[110.37546451144641,19.28704488118501],[110.37583346896594,19.286660834418456],[110.37610833061979,19.286974351671063],[110.37527489556106,19.28777513292124],[110.37528611924824,19.28832533094635],[110.3748958333324,19.289082912868935],[110.3762613254114,19.290416666666886],[110.37554212782027,19.29142510308185],[110.37555901421337,19.292252807617444],[110.37668646918297,19.293335978190157],[110.3766408623581,19.295569186740522],[110.37499108208448,19.295535549587782],[110.3749914550774,19.29694580078143],[110.37611389160048,19.297219441731897],[110.37639160156147,19.29779188368076],[110.37731936984494,19.297772962782176],[110.37694003634897,19.296664699978464],[110.37803693983182,19.295835706922844],[110.37889597574758,19.295556911892504],[110.3786064317481,19.295278727213656],[110.37900621202147,19.294502699110296],[110.38058546278108,19.29389166937949],[110.38170745849499,19.294997219509696],[110.38340979681982,19.2932254367405],[110.38510453965819,19.294098442925474],[110.38555277506401,19.292864515516555],[110.38309967040908,19.292465209960994],[110.38272928873602,19.290567898220615],[110.38136945936304,19.29110785590302],[110.37888448079343,19.288612331814306],[110.38083055284181,19.283697848849954],[110.37775583902902,19.283197360568693],[110.37662309434569,19.283607381185107],[110.37498684353216,19.283047349717947],[110.3738638983823,19.283046535915844],[110.37347222222121,19.282638888889153],[110.37193589952165,19.282775539822183],[110.37196309407477,19.285496487087812],[110.37165076361657,19.287862006293665],[110.37103234185003,19.288330552843036],[110.3697482977962,19.286598375108554],[110.36941128200846,19.28418416341151],[110.36889166937823,19.284725002712776],[110.36694166395307,19.284997219509705],[110.36416944715603,19.285981852213638],[110.36535634358614,19.286557617187555],[110.36470831976891,19.28751363118505],[110.36473073323475,19.288611992730182],[110.36359876844512,19.288979356553966],[110.36363026936743,19.290522596571236],[110.36583611382287,19.29083055284309],[110.36737938774849,19.291358778211873],[110.36805277506409,19.29326972113728],[110.3666638861751,19.293608330620714],[110.36611389160049,19.29399095323356],[110.36750288221481,19.29444173177103],[110.36805277506409,19.296303304036655],[110.36694166395307,19.296663886176304],[110.36640750461044,19.297219848632892],[110.36528055826727,19.29779188368076],[110.36719302707161,19.297797037760517],[110.36777872721262,19.29749532063812],[110.36827409532253,19.29801086425806],[110.36944620768134,19.29721638997404],[110.36972679985792,19.298080986870787],[110.37126481797878,19.298049587673802]]]}},{"type":"Feature","id":"hydrolakes:178335","properties":{"Hylak_id":178335,"Lake_name":"","Country":"China","Continent":"Asia","Poly_src":"SWBD","Lake_type":1,"Grand_id":0,"Lake_area":4.63,"Shore_len":34.75,"Shore_dev":4.56,"Vol_total":19.3,"Vol_res":0.0,"Vol_src":3,"Depth_avg":4.2,"Dis_avg":1.661,"Res_time":134.5,"Elevation":15,"Slope_100":1.55,"Wshd_area":49.2,"Pour_long":110.587936,"Pour_lat":19.278329,"source_id":"hydrolakes:178335","label":""},"geometry":{"type":"Polygon","coordinates":[[[110.58055026584111,19.312783067491466],[110.57819620768134,19.309386664496742],[110.5786358642568,19.307708672417675],[110.57860541449566,19.306939358181467],[110.5813941786015,19.305560845269213],[110.58272060818041,19.304648098415896],[110.58374572753809,19.30247606065558],[110.58503553602327,19.30167195638029],[110.58560262044165,19.30228407118068],[110.58552361382277,19.304278021918492],[110.5835261366093,19.30718078613296],[110.5840614827465,19.307494710286505],[110.58528082953467,19.30665561252181],[110.58665079752501,19.30973809136293],[110.58737169053722,19.31040608723964],[110.5880340576162,19.312498236762337],[110.58866041395311,19.312772488064297],[110.58858378092361,19.310839029948056],[110.5893412950295,19.309407484266615],[110.58837456597115,19.308002590603394],[110.58688686794608,19.306911349826464],[110.58723592122288,19.30524278428834],[110.58906297471697,19.30406297471808],[110.58980353461271,19.302916124132025],[110.58888359917432,19.30167195638029],[110.58861640082375,19.299847751193624],[110.59000230577158,19.300550265842162],[110.59055026584093,19.298402506510627],[110.58805026584099,19.298060845269333],[110.58722751193488,19.297660658094742],[110.58805026584099,19.29360582139776],[110.58889417860138,19.293060845269167],[110.58916137695218,19.29027248806443],[110.58950032551991,19.28944973415804],[110.59136942545473,19.29043877495684],[110.59166137695217,19.291753200954986],[110.59010165744252,19.294700792100798],[110.590943874782,19.29527248806437],[110.59182284884889,19.29391126844638],[110.59306084526816,19.293616400824703],[110.59388359917426,19.292494710286462],[110.59449198404855,19.29220757378482],[110.59530951605797,19.29223999023452],[110.59582804361872,19.293338623046964],[110.59832804361878,19.29357557508689],[110.59762830946073,19.292927246093882],[110.5971894666875,19.29154120551226],[110.59754855685674,19.289479234483565],[110.59707512749463,19.289040595160657],[110.5947811550555,19.288147311740715],[110.5924947102854,19.287783067491432],[110.59137322319782,19.286923082139822],[110.59139872232964,19.286280381944493],[110.59421929253386,19.28583109537766],[110.59325948079334,19.284941745334265],[110.59166408962568,19.28418884277363],[110.59135192870991,19.282229478624288],[110.5889457872168,19.27873277452261],[110.58641330295058,19.275620998806687],[110.5841055636925,19.275071275499272],[110.58333862304596,19.273883599175406],[110.5791624620216,19.27338385687949],[110.57847222222114,19.27263888888899],[110.57637220594512,19.272773234049623],[110.57639797634454,19.27342319064695],[110.57797003851908,19.274576280382064],[110.57910834418311,19.27610582139772],[110.57943915472987,19.274716932508852],[110.57981892903541,19.274171956380314],[110.58131991916133,19.275791897244005],[110.58319763183493,19.277169189453218],[110.58360582139647,19.278111436632003],[110.58304985893989,19.279162122938487],[110.58303799099303,19.280582411024454],[110.58170498318037,19.280529581705878],[110.58028306749048,19.27943915473105],[110.57888359917428,19.27917195638031],[110.57727261013355,19.27806342230923],[110.57631083170486,19.27778306749144],[110.57670850965604,19.279300808376888],[110.57778306749032,19.27999471028653],[110.57805026584106,19.28088921440991],[110.57631259494269,19.2824947102867],[110.57468078613181,19.280838623047032],[110.5738888888879,19.28251654730917],[110.5732394070086,19.282490776909924],[110.57140794541994,19.28152167426225],[110.57111165364495,19.27996988932307],[110.57050509982548,19.279407891167637],[110.56931633843215,19.279455023871606],[110.57082804361892,19.283091091579934],[110.57002190483837,19.28383795844195],[110.56813958061963,19.284197319878615],[110.56694973415694,19.28498107910167],[110.57016113281156,19.285272488064322],[110.57187906900941,19.283060845269233],[110.57336954752509,19.28420376247834],[110.57444939507297,19.2841609700522],[110.57471693250773,19.284449734158102],[110.57722724066753,19.284994303385474],[110.57777967664845,19.28584974500876],[110.578370429144,19.285826348198896],[110.57940592447824,19.284708726671113],[110.57999471028552,19.28481892903659],[110.57927435980804,19.287568155924703],[110.58029391818474,19.288897772895155],[110.58025200737757,19.289955444336158],[110.58084011501643,19.291387193467983],[110.58052680121438,19.292884657118123],[110.57991346571072,19.29332804361991],[110.57812235514217,19.2923802354602],[110.57752353244251,19.291111382378517],[110.57662835015094,19.290838623046966],[110.57662495930884,19.29396904839433],[110.57791097005111,19.29479953342019],[110.58002780490358,19.294715643988866],[110.57999220106234,19.295613810221425],[110.57792371961699,19.297970038520134],[110.57693915472981,19.2986058213977],[110.57546434190442,19.300197550455778],[110.57443847656151,19.30068169487862],[110.57082302517267,19.301471082899354],[110.56752434624462,19.301340332031373],[110.56639417860151,19.301499430338595],[110.56823201497309,19.302686225043544],[110.56655870225597,19.30511800130222],[110.56700032551981,19.305828043619897],[110.56889458550256,19.30482571072065],[110.56999471028575,19.30249471028651],[110.57269131130556,19.302065158420362],[110.57446451822813,19.302793511284847],[110.5757694498688,19.30274176703574],[110.5778264024512,19.30220282660605],[110.57994391547203,19.299749755859466],[110.5808386230459,19.29917195638035],[110.58273634168728,19.297291191948887],[110.58380961100147,19.295827975803036],[110.58444973415698,19.29444973415815],[110.5848168945302,19.29061835394981],[110.58599032931755,19.289727511935894],[110.58643398708665,19.290667656792664],[110.58636142306756,19.292498304579055],[110.58723883734717,19.29277608235691],[110.58721313476457,19.293423190646763],[110.58530537923082,19.29482252332906],[110.58500528971246,19.29639417860261],[110.58283806694777,19.298782009548745],[110.57993882920908,19.30327175564247],[110.57809387206942,19.30402370876743],[110.57778306749032,19.30500528971362],[110.5766609700512,19.30638407389347],[110.5763733588314,19.307524007161533],[110.57601908365785,19.3091310628256],[110.57669399685244,19.309449530707695],[110.57665310329776,19.310481296115483],[110.57454915364497,19.312970987955794],[110.57303758409188,19.313331095377748],[110.57396518283326,19.313883599175426],[110.57663248697827,19.312948744032326],[110.57694159613612,19.31165106879365],[110.57841708713005,19.313527357313433],[110.57930026584108,19.31394415961381],[110.5812948269305,19.313865085178065],[110.58055026584111,19.312783067491466]],[[110.59387349446507,19.289151272244],[110.59486111111028,19.289027777777903],[110.59592047797219,19.289449598524413],[110.59655219183946,19.29023844401047],[110.59478203667436,19.29089287651925],[110.59328369140525,19.290012139214525],[110.59387349446507,19.289151272244]],[[110.58203660752935,19.285871175130467],[110.58374192979494,19.283375583224995],[110.58473646375774,19.283355984158106],[110.58513888888797,19.28291666666678],[110.58480645073678,19.28494032118067],[110.58509629991221,19.286901787652027],[110.58334757486887,19.2886337619359],[110.58159288194372,19.288806762695515],[110.58042711045914,19.286874118381263],[110.5808154296866,19.28637098524314],[110.58203660752935,19.285871175130467]]]}},{"type":"Feature","id":"hydrolakes:178347","properties":{"Hylak_id":178347,"Lake_name":"","Country":"China","Continent":"Asia","Poly_src":"SWBD","Lake_type":1,"Grand_id":0,"Lake_area":1.17,"Shore_len":7.43,"Shore_dev":1.94,"Vol_total":3.09,"Vol_res":0.0,"Vol_src":3,"Depth_avg":2.6,"Dis_avg":0.221,"Res_time":161.9,"Elevation":34,"Slope_100":1.48,"Wshd_area":6.5,"Pour_long":110.385417,"Pour_lat":19.139236,"source_id":"hydrolakes:178347","label":""},"geometry":{"type":"Polygon","coordinates":[[[110.38777499728644,19.14250278049053],[110.38719797770068,19.135049438476756],[110.38619113498169,19.13389166937941],[110.38513888888787,19.135496622721405],[110.38400305853844,19.134911499023474],[110.38458333333227,19.13319444444454],[110.38363101535276,19.133380330403725],[110.38188174777463,19.13470770941848],[110.37616285535933,19.135173950195565],[110.37477613660928,19.134459567600004],[110.37333611382275,19.135329454210193],[110.37556159125336,19.137500339084283],[110.37422726101244,19.13848944769984],[110.37136369493174,19.13888922797321],[110.36944166395301,19.13971944173187],[110.3691694471562,19.140227389865572],[110.37083611382269,19.140552775065146],[110.37138610839747,19.14113009982657],[110.37078837076712,19.14170444064689],[110.3730475531674,19.14165832519535],[110.37433983696735,19.142219441731868],[110.37501902262267,19.139725002712794],[110.37591708713012,19.140659722222267],[110.37667466905276,19.140269436306482],[110.37777489556117,19.140291883680675],[110.37893948025072,19.139691975911546],[110.38057457817825,19.14333055284294],[110.38163794623398,19.142223782009808],[110.38278055826731,19.141669447157255],[110.3836090766049,19.14027377658431],[110.38511688232325,19.140660196940246],[110.3859655083541,19.14154344346798],[110.38666761610142,19.144742024739685],[110.38822713216035,19.144710218641535],[110.38777499728644,19.14250278049053]]]}},{"type":"Feature","id":"hydrolakes:178359","properties":{"Hylak_id":178359,"Lake_name":"","Country":"China","Continent":"Asia","Poly_src":"SWBD","Lake_type":1,"Grand_id":0,"Lake_area":1.69,"Shore_len":11.6,"Shore_dev":2.52,"Vol_total":9.56,"Vol_res":0.0,"Vol_src":3,"Depth_avg":5.7,"Dis_avg":0.468,"Res_time":236.5,"Elevation":70,"Slope_100":3.19,"Wshd_area":13.6,"Pour_long":110.269277,"Pour_lat":19.014046,"source_id":"hydrolakes:178359","label":""},"geometry":{"type":"Polygon","coordinates":[[[110.28207855224508,19.018039279513914],[110.28376380072586,19.017434624566192],[110.28806613498153,19.017691040039097],[110.29054775661785,19.016658867730143],[110.29253312852546,19.01634948730475],[110.29444444444329,19.01646341959639],[110.2997190348297,19.01614902072498],[110.30105150010746,19.015424940321225],[110.30138108995129,19.014743855794393],[110.29640475802859,19.01504041883686],[110.29545654296783,19.013733859592037],[110.29612152099514,19.012781846788243],[110.29600056966041,19.012230021158985],[110.29424580891822,19.01285970052095],[110.29389668782443,19.01473002115904],[110.29272640652039,19.014992201063535],[110.29168273925688,19.013947618272653],[110.28912248399416,19.013311631944646],[110.2878003607845,19.009696044922123],[110.28713199191532,19.009735853407335],[110.28728383382065,19.01228386773016],[110.28590603298511,19.0122017415365],[110.2834979926206,19.011337687174603],[110.28111850314559,19.01147949218762],[110.28021884494257,19.009962090386523],[110.27903188069553,19.01003289116761],[110.27831173366866,19.011165161132908],[110.27834194607095,19.011672227647693],[110.27723093668516,19.01445163302958],[110.27608652750553,19.015282118055723],[110.27605973985357,19.016658867730143],[110.27525336371434,19.015826280381987],[110.27532897949112,19.013168674045232],[110.27492038302876,19.01202996148004],[110.27500874837142,19.010547892252703],[110.2734731038401,19.010261298285627],[110.2729166666656,19.00930555555567],[110.27110331217347,19.00943664550789],[110.27068077935002,19.010804918077326],[110.26926805284182,19.011241115993982],[110.26849226209742,19.010563354492263],[110.26761752658336,19.011938680013202],[110.26802947997936,19.01418775770412],[110.26999220106245,19.016396687825647],[110.2709734429244,19.01669969346807],[110.27195936414842,19.01664096408433],[110.27512220594514,19.017488064236204],[110.28011756049165,19.0181561957466],[110.28207855224508,19.018039279513914]],[[110.28610185411134,19.016705593533118],[110.28544514973856,19.015101114908987],[110.28414879692815,19.014740125868173],[110.28390675862533,19.014216172960175],[110.2854166666657,19.013750000000073],[110.28601779513787,19.01452880859398],[110.28677551269419,19.01498209635423],[110.28721266004669,19.01441575792103],[110.28822665744269,19.014814385308227],[110.28800659179615,19.016303643120693],[110.28610185411134,19.016705593533118]]]}},{"type":"Feature","id":"hydrolakes:178363","properties":{"Hylak_id":178363,"Lake_name":"","Country":"China","Continent":"Asia","Poly_src":"SWBD","Lake_type":1,"Grand_id":0,"Lake_area":1.87,"Shore_len":13.06,"Shore_dev":2.69,"Vol_total":8.45,"Vol_res":0.0,"Vol_src":3,"Depth_avg":4.5,"Dis_avg":1.11,"Res_time":88.1,"Elevation":58,"Slope_100":2.35,"Wshd_area":32.1,"Pour_long":110.338163,"Pour_lat":18.976084,"source_id":"hydrolakes:178363","label":""},"geometry":{"type":"Polygon","coordinates":[[[110.32608011881416,18.98024678548188],[110.3267237684451,18.979093153211863],[110.32915171305234,18.979288194444564],[110.32948055691082,18.977840779622454],[110.33152665879902,18.976851467556457],[110.3330068291549,18.97570665147572],[110.33498630099746,18.975865681966297],[110.33554521348634,18.97784437391499],[110.3344810316288,18.978761257595522],[110.33417700873377,18.979521755642395],[110.33568983289825,18.979400160047874],[110.33680914984706,18.97810099283862],[110.3388262939443,18.976757473415887],[110.33915632459764,18.973878580729263],[110.33977339002712,18.972121378580823],[110.3393078613272,18.969987046983533],[110.3377953423385,18.968683946397675],[110.33729454888146,18.967561645507885],[110.33830095079105,18.96575778537334],[110.33645890977544,18.965805460612103],[110.33411370171348,18.966317003038228],[110.33060065375349,18.96435696072058],[110.32906985812616,18.96613681369365],[110.32855655246209,18.96609558105473],[110.32864956325847,18.964938015408052],[110.32986545138778,18.96439548068588],[110.33026743570872,18.963789265950652],[110.32887990315646,18.963900756835983],[110.32839558919164,18.96333862304698],[110.32736111111006,18.962916666666786],[110.32506890190882,18.96312811957472],[110.32473256428943,18.963955485026077],[110.32536804199111,18.964502970377623],[110.32582299126415,18.965622151692912],[110.32522182888363,18.966140068902007],[110.32428710937404,18.966064995659906],[110.32302381727334,18.966410725911487],[110.32330261230362,18.968299221462757],[110.32185058593655,18.969208645290962],[110.32109924316308,18.969990980360308],[110.32114345974298,18.970541653103396],[110.32038218180236,18.971378580729265],[110.32001034206723,18.970545247395933],[110.31898471408311,18.969732530381975],[110.31768754747088,18.97123813205303],[110.31780666775063,18.97272074381516],[110.31895548502507,18.973045247395987],[110.31966406928058,18.972222764756964],[110.32084367540051,18.97195475260429],[110.3222118801533,18.971100802951526],[110.32439795599936,18.97060411241324],[110.32651594373823,18.971656358507005],[110.32721188015302,18.970545247395933],[110.32899163140098,18.969119127061674],[110.33000898573033,18.96915479871967],[110.33165632459742,18.97084364149316],[110.33300923665274,18.971447347005267],[110.33332299126425,18.97260504828563],[110.3320713297515,18.973683403862992],[110.3286563788509,18.974459228515684],[110.32726945665041,18.97447414822051],[110.32589074028755,18.975451660156295],[110.32538791232548,18.97820814344624],[110.32584520127932,18.97860209147143],[110.32581780327598,18.9789434136286],[110.32495503743388,18.978874104817805],[110.32437462700648,18.979547797309124],[110.32447574191531,18.98080607096358],[110.323866373697,18.981898261176298],[110.32399393717355,18.98248969184033],[110.32543908013145,18.981683349609455],[110.32608011881416,18.98024678548188]],[[110.32747636583014,18.969147271050474],[110.3259766642243,18.969421522352548],[110.3249210611969,18.968316107856026],[110.32513865152896,18.96665947808168],[110.32763888888792,18.96625000000006],[110.32791883680449,18.966931220160802],[110.32747636583014,18.969147271050474]]]}},{"type":"Feature","id":"hydrolakes:178388","properties":{"Hylak_id":178388,"Lake_name":"","Country":"China","Continent":"Asia","Poly_src":"SWBD","Lake_type":1,"Grand_id":0,"Lake_area":9.5,"Shore_len":52.33,"Shore_dev":4.79,"Vol_total":38.93,"Vol_res":0.0,"Vol_src":3,"Depth_avg":4.1,"Dis_avg":15.399,"Res_time":29.3,"Elevation":19,"Slope_100":1.18,"Wshd_area":440.5,"Pour_long":110.322911,"Pour_lat":18.785411,"source_id":"hydrolakes:178388","label":""},"geometry":{"type":"Polygon","coordinates":[[[110.30799774169827,18.795899115668476],[110.30885898166122,18.795002712673636],[110.3102587551532,18.79638617621538],[110.31083611382275,18.79611382378482],[110.31113654242529,18.79426852756086],[110.3136086697038,18.79306911892371],[110.31439721001408,18.791443684896024],[110.31659874810003,18.789486762152876],[110.3206785413945,18.789023437500077],[110.32218143039188,18.790552842881993],[110.32275539821939,18.790066596137365],[110.32333055284198,18.788608398437532],[110.3244258287209,18.78750230577276],[110.32580756293305,18.787054036458358],[110.32638610839734,18.784229193793408],[110.32603227403342,18.78342217339417],[110.3237101915139,18.781660156250098],[110.31867746988831,18.77863796657988],[110.31451066758802,18.778552924262158],[110.3125407918285,18.78055284288206],[110.31138610839736,18.780280490451617],[110.30923055012914,18.7780824110244],[110.30695244683051,18.77806382921011],[110.30473632812402,18.776963704427146],[110.30434027777682,18.776194797092103],[110.30625905354708,18.774351264105974],[110.30721944173081,18.772934570312543],[110.30600860595615,18.772224934895917],[110.30378167046337,18.77251057942709],[110.30287984212146,18.7738861762154],[110.30240743001201,18.77210598415803],[110.3014005533845,18.771138644748362],[110.3025026787642,18.76999159071198],[110.30468604193698,18.770013427734455],[110.30555277506409,18.76959296332467],[110.30517713758576,18.768617621527824],[110.30366363525297,18.768624267578275],[110.30138888888786,18.767306993272598],[110.30028055826733,18.768058268229254],[110.2991538831912,18.768333062066006],[110.29999721950867,18.769970160590503],[110.29888441297646,18.771121419270855],[110.29725131564578,18.770280083550347],[110.2955687459301,18.76995171440973],[110.29554840087792,18.76895494249146],[110.29749721950867,18.76847981770834],[110.297174987792,18.76665907118064],[110.29521877712563,18.766699083116464],[110.29333055284172,18.766391601562532],[110.29252197265515,18.764724934895924],[110.29055277506399,18.76527506510422],[110.28837368435234,18.76691948784736],[110.28444722493379,18.769169379340326],[110.28027499728631,18.769441731770883],[110.27974541558069,18.769992811415023],[110.27864857991437,18.77052503797762],[110.27777509901154,18.771408691406293],[110.27638149685242,18.771380208333426],[110.27249959309802,18.772503526475816],[110.27163787841693,18.772208658854368],[110.26860843234482,18.772225070529714],[110.2669756740986,18.77055976019966],[110.26470411512491,18.76999186197918],[110.26144931369276,18.76994737413196],[110.26055833604505,18.770803493923665],[110.26139899359697,18.771400824652858],[110.26483822292653,18.77207221137155],[110.2658305528418,18.773025716145867],[110.26538974338024,18.77442803276915],[110.26368849012482,18.77446275499142],[110.26090579562629,18.773501112196243],[110.2597194417308,18.7738861762154],[110.25940555148549,18.776134575737956],[110.25833055284193,18.777219509548615],[110.25805833604511,18.778058268229188],[110.25723419189364,18.779274088541683],[110.2572185262033,18.780042588975732],[110.25972313774872,18.779991455078346],[110.26017571343215,18.78138617621528],[110.26119822184143,18.780964626736193],[110.25944722493392,18.77818115234396],[110.26189168294172,18.77614908854173],[110.26802778455851,18.775846896701523],[110.26892110188692,18.775261230468743],[110.27066755506632,18.77348890516498],[110.27196465386191,18.773044976128517],[110.2741197374122,18.77415513780386],[110.275552775064,18.774620090060807],[110.2751069810646,18.775246717665027],[110.27278055826713,18.776113823784726],[110.27036410861456,18.77650729709211],[110.26994354247955,18.777323676215417],[110.27084133571952,18.777786051432372],[110.27470859103641,18.7775138346355],[110.27703921847768,18.77619276258696],[110.27779113769441,18.776975368923615],[110.2802364773213,18.77695203993062],[110.28277499728625,18.775552842882007],[110.2847197469066,18.77499715169273],[110.28584133571951,18.77499131944461],[110.28830342610581,18.77749728732647],[110.28884416368163,18.777023111979247],[110.28928622775521,18.776164957682397],[110.28838562011612,18.77572808159732],[110.28776943630538,18.77415866427964],[110.28778622097343,18.773336317274413],[110.28652231852112,18.773339165581717],[110.28601881239058,18.772301296658043],[110.28529680040072,18.773052842881953],[110.28526058620764,18.771677788628608],[110.28639797634457,18.770584988064286],[110.28637535942829,18.769475504557363],[110.28719902886183,18.768618299696186],[110.2888589816614,18.7677804904514],[110.2894407484257,18.768290608724044],[110.28942708333221,18.769878472222388],[110.29055555555465,18.769297146267547],[110.2919473266594,18.770014105902817],[110.29303022596463,18.769991997612863],[110.2936190795889,18.770557725694516],[110.29109005398129,18.770832519531268],[110.29295199923956,18.77119601779515],[110.29343373616439,18.77213121202277],[110.29222500271163,18.773592122395996],[110.2958458455393,18.77591417100706],[110.29583045111667,18.77666937934032],[110.29723273383149,18.77712443033863],[110.29719736734916,18.77885728624142],[110.29749721950867,18.779169379340317],[110.29835194905496,18.779446750217062],[110.29914764404202,18.780275065104206],[110.29982238769435,18.779307590060853],[110.29916388617511,18.778336046007155],[110.29873752170028,18.77702216254346],[110.29667256673082,18.775983344184226],[110.29665449354286,18.77509724934896],[110.29944722493377,18.7761083984376],[110.30138610839754,18.778058268229188],[110.3022250027118,18.778330620659744],[110.3024972534169,18.779725070529594],[110.3030499267569,18.779713812934176],[110.30333902994681,18.7808420138889],[110.30113111707789,18.780819634331635],[110.29971757676776,18.78306966145834],[110.29888631184787,18.783052707248316],[110.29726847330625,18.783886176215333],[110.29582885742076,18.78285888671894],[110.29581915961268,18.781666124132073],[110.29754516601474,18.781329210069487],[110.29852976481027,18.78038316514767],[110.29759104410704,18.779899631076432],[110.29721421983396,18.78029174804692],[110.29612531873812,18.780269504123282],[110.29529680040059,18.78110839843754],[110.29472500271157,18.780588785807424],[110.2949972195085,18.779163953993077],[110.29538679334746,18.778407660590346],[110.2939187961145,18.779163953993077],[110.29385321722998,18.77806043836813],[110.29527499728619,18.777370741102516],[110.29428117540056,18.77709743923623],[110.29368509928275,18.77771782769105],[110.29263888888795,18.777083333333394],[110.29233249240343,18.778027615017436],[110.29110833061958,18.777224934895855],[110.2907040405264,18.776391601562693],[110.290375840928,18.77758504231781],[110.29083055284195,18.778058268229188],[110.29249521891171,18.778865966797014],[110.29177435980802,18.78182305230041],[110.29027109781805,18.782310791015675],[110.29028611924815,18.78304701063371],[110.28919657389224,18.783608398437707],[110.28769687228629,18.782914360894267],[110.28666378445007,18.781113688151265],[110.28669776068688,18.77944797092033],[110.28610809326096,18.77943589952264],[110.28612487792873,18.780257839626756],[110.28557457817828,18.7808306206598],[110.2841524929463,18.780556098090244],[110.28419128417858,18.778655327691013],[110.28260545518555,18.780794542100807],[110.28131357828681,18.78142130533871],[110.28055833604498,18.78333604600698],[110.27975860595609,18.783724093967123],[110.28168216281364,18.784456651475864],[110.28329165988407,18.78278143988723],[110.28468244764434,18.78275309244799],[110.28666388617518,18.783396945529603],[110.28544382731008,18.78535441080743],[110.2841898600251,18.786659478081617],[110.28303419324993,18.78753919813363],[110.27973063150938,18.789141981336854],[110.27934885660699,18.79100599500873],[110.2803128729916,18.79200927734388],[110.28251773410267,18.791387396918424],[110.28437499999916,18.789454345703177],[110.2861077541765,18.78941894531266],[110.28612504747076,18.790266655816026],[110.28451514349939,18.792261149088574],[110.28507358127081,18.79444010416688],[110.28340006510308,18.79443169487854],[110.28175737168948,18.79483208550357],[110.28083611382283,18.7966204155818],[110.28136372884006,18.798330620659726],[110.28193773057632,18.79781941731784],[110.28242123073898,18.79583604600697],[110.28305833604492,18.796108398437525],[110.28350562201507,18.79748670789934],[110.28618750678083,18.795701361762212],[110.28693054199118,18.794169786241355],[110.28814164903321,18.794145100911578],[110.2890646023211,18.795552842882046],[110.2894696723082,18.79526462131082],[110.28944122314363,18.793870578342137],[110.290525004068,18.79170410156263],[110.2919492594392,18.790652669270912],[110.29190884060228,18.788672417534883],[110.29262220594518,18.787584364149495],[110.29385898166123,18.786947157118163],[110.29444166395291,18.787458089192853],[110.2941694471561,18.788336046006975],[110.29282521565648,18.790552842881993],[110.29418297661584,18.790277777777874],[110.29499165852752,18.789436170789998],[110.29611389160044,18.78889160156251],[110.29664723714097,18.78833658854188],[110.29777509901169,18.78831353081614],[110.29859168158544,18.78916341145856],[110.2996748182498,18.789185519748287],[110.30050326877074,18.788783637152846],[110.30083055284177,18.787775065104256],[110.30300930446941,18.786669379340367],[110.30469919840402,18.78706597222225],[110.30474599202375,18.78935980902793],[110.3042713080502,18.79082275390641],[110.29907304551773,18.79038411458339],[110.29665222167881,18.79276448567714],[110.29664744059153,18.795248345269272],[110.29825039333673,18.797186143663225],[110.29970469156808,18.797891710069507],[110.299697909884,18.80077473958346],[110.30013617621432,18.80167805989589],[110.30134080674821,18.801653510199685],[110.30345713297419,18.80208699544272],[110.30416344536565,18.80140828450527],[110.30419223361457,18.79999728732645],[110.30235758463448,18.798234592013955],[110.30083947075633,18.79599500868062],[110.3013758680546,18.793066541883775],[110.30210008409199,18.79269341362857],[110.30554945203914,18.793450520833346],[110.30558468288768,18.795177680121753],[110.30513715955851,18.796923963758786],[110.30555277506409,18.79778049045143],[110.30689500596691,18.798660617404607],[110.30861389160066,18.801108398437634],[110.30901574028758,18.80357679578998],[110.31130398220398,18.804045545790018],[110.31192915174591,18.80283189561635],[110.31195285373161,18.80167087131082],[110.30972500271156,18.79888617621532],[110.30844906277042,18.79766018337682],[110.30799774169827,18.795899115668476]],[[110.28124999999892,18.7720833333334],[110.28143558078233,18.773077663845527],[110.28221520317834,18.773031141493163],[110.28249220106238,18.77334120008686],[110.28349860297197,18.77360324435773],[110.2843038601336,18.772392171224],[110.28526997884006,18.772618815104238],[110.28414201524419,18.77333618164073],[110.2841916571715,18.774169243706694],[110.28313005235344,18.774496934678837],[110.28249728732533,18.77415310329883],[110.28199476453887,18.7747155761719],[110.28118174234925,18.7749921332466],[110.2816787380633,18.773607042100707],[110.28030124240377,18.7723763020835],[110.28124999999892,18.7720833333334]]]}},{"type":"Feature","id":"hydrolakes:178396","properties":{"Hylak_id":178396,"Lake_name":"","Country":"China","Continent":"Asia","Poly_src":"SWBD","Lake_type":1,"Grand_id":0,"Lake_area":1.62,"Shore_len":11.76,"Shore_dev":2.6,"Vol_total":4.76,"Vol_res":0.0,"Vol_src":3,"Depth_avg":2.9,"Dis_avg":0.616,"Res_time":89.4,"Elevation":37,"Slope_100":1.48,"Wshd_area":18.1,"Pour_long":110.265799,"Pour_lat":18.725247,"source_id":"hydrolakes:178396","label":""},"geometry":{"type":"Polygon","coordinates":[[[110.26621615939575,18.72554524739587],[110.2669938490115,18.72464260525186],[110.26692416720823,18.723775227864678],[110.26537668863841,18.72236518012153],[110.26558627658324,18.71975640190982],[110.2676182725686,18.718483615451476],[110.26968827989276,18.717559950086752],[110.26744571261833,18.71662027994796],[110.26687859429143,18.714736599392438],[110.26751034206723,18.714454752604354],[110.26804521348635,18.713706868489624],[110.26643086751221,18.712316080729238],[110.26566880967772,18.711099446614583],[110.26642422146176,18.709745415581608],[110.26634792751645,18.708795979817808],[110.26575368245335,18.708283962673704],[110.2645759752051,18.708378499349124],[110.26410003662033,18.71098782009551],[110.2654148356109,18.71410970052085],[110.26443267822157,18.71760769314244],[110.26349934895734,18.71928046332482],[110.2618721516917,18.719149712456613],[110.26000610351468,18.717600504557367],[110.25972022162438,18.71603312174483],[110.25850294324994,18.716130913628547],[110.25778811984503,18.714989691840344],[110.25641432020302,18.714677598741332],[110.2541229756664,18.711238199869797],[110.25421657986004,18.710073242187605],[110.25319444444341,18.707916666666677],[110.25248967488517,18.70804524739583],[110.2520615302181,18.708542209201426],[110.25304523044053,18.711399197048593],[110.25508982340392,18.71568766276056],[110.25482264200741,18.719012858072915],[110.25339090982965,18.71965169270834],[110.25040006849389,18.718833143446204],[110.2497325473351,18.71776746961814],[110.24813579983083,18.717286648220636],[110.24686180962345,18.71937228732645],[110.24471189710732,18.720545247395876],[110.24445476955754,18.721188422309126],[110.24600451999152,18.721063910590317],[110.24708223130864,18.720462646484464],[110.24885435316207,18.718698594835132],[110.2497914632151,18.71922132704003],[110.25026745266274,18.720288085937625],[110.25195476955764,18.720545247395876],[110.25360078599607,18.721273871527842],[110.25255304972228,18.72315171983513],[110.25389665391617,18.723043755425465],[110.256801554361,18.724695231119824],[110.25844336615563,18.72377916124134],[110.25923590765967,18.72422132703997],[110.25971188015302,18.725288085937564],[110.26023312038734,18.72554524739587],[110.26222049289186,18.72470825195319],[110.26415632459742,18.725288085937564],[110.26621615939575,18.72554524739587]]]}},{"type":"Feature","id":"hydrolakes:178403","properties":{"Hylak_id":178403,"Lake_name":"","Country":"China","Continent":"Asia","Poly_src":"SWBD","Lake_type":1,"Grand_id":0,"Lake_area":2.7,"Shore_len":10.6,"Shore_dev":1.82,"Vol_total":20.99,"Vol_res":0.0,"Vol_src":3,"Depth_avg":7.8,"Dis_avg":0.897,"Res_time":270.8,"Elevation":-2,"Slope_100":3.93,"Wshd_area":26.4,"Pour_long":110.398377,"Pour_lat":18.694038,"source_id":"hydrolakes:178403","label":""},"geometry":{"type":"Polygon","coordinates":[[[110.41436397976258,18.69707112630209],[110.41544396294398,18.694261881510442],[110.41465396457141,18.69236246744805],[110.41326677110362,18.69193413628477],[110.41371904161167,18.68767645941847],[110.41278557671353,18.685474582248276],[110.41342875162655,18.684291042751795],[110.41319444444338,18.683194444444496],[110.4109250895172,18.68333672417549],[110.41001624213226,18.68531684027778],[110.40962761772897,18.689046088324744],[110.41032463921351,18.692308485243075],[110.41110331217351,18.693195665147584],[110.41041385226686,18.69576985677088],[110.4072144232847,18.696103244357857],[110.40619255913526,18.696469997829922],[110.40380571153327,18.694511583116423],[110.40420108371217,18.692660997178905],[110.40415039062407,18.69181030273444],[110.40342536078452,18.68978963216165],[110.40304775661792,18.68945231119801],[110.40250779893557,18.688047688802158],[110.40157714843656,18.6865422905816],[110.39953250461053,18.684892171223964],[110.39798556857545,18.685306396484407],[110.39719780815864,18.686118164062577],[110.39728095160484,18.687513020833364],[110.39834113226902,18.688881022135433],[110.39943664550685,18.691299235026122],[110.39779958089105,18.692050509982664],[110.39695224338027,18.693896755642413],[110.39530300564132,18.696044243706638],[110.3937652926964,18.698795572916765],[110.39304775661799,18.699436577691188],[110.39221272786352,18.700870903862892],[110.3916744656022,18.702407090928887],[110.39334113226909,18.703047688802144],[110.39471442328448,18.703896755642575],[110.3984252251509,18.704430745442778],[110.40039730495766,18.70335910373268],[110.40417446560241,18.70306342230913],[110.40605689154626,18.702387966579863],[110.40767476399651,18.70031372070315],[110.40976437038745,18.69912801106784],[110.41195315890735,18.6986187065973],[110.41192949083029,18.698221435546884],[110.41334113226901,18.697785644531336],[110.41436397976258,18.69707112630209]]]}},{"type":"Feature","id":"hydrolakes:178404","properties":{"Hylak_id":178404,"Lake_name":"","Country":"China","Continent":"Asia","Poly_src":"SWBD","Lake_type":1,"Grand_id":0,"Lake_area":2.06,"Shore_len":12.51,"Shore_dev":2.46,"Vol_total":7.78,"Vol_res":0.0,"Vol_src":3,"Depth_avg":3.8,"Dis_avg":1.399,"Res_time":64.4,"Elevation":0,"Slope_100":1.84,"Wshd_area":41.1,"Pour_long":110.349515,"Pour_lat":18.688626,"source_id":"hydrolakes:178404","label":""},"geometry":{"type":"Polygon","coordinates":[[[110.38191714816526,18.69440823025178],[110.38049106173958,18.693735215928825],[110.38000528971259,18.692236599392402],[110.38630133734699,18.691772189670132],[110.38666137695225,18.691383599175367],[110.3907278442374,18.689965549045326],[110.39338083902919,18.688596462673672],[110.39417158338648,18.68860541449658],[110.3944436984583,18.688899061414986],[110.39587029351048,18.687738037109398],[110.39582553439567,18.686608479817778],[110.39483395046551,18.68568969726573],[110.39361531575423,18.68611680772574],[110.3925522189661,18.68613661024318],[110.39067667643133,18.685479193793412],[110.38810536702385,18.68558105468759],[110.3861164008236,18.68694973415802],[110.38343855115994,18.688328043619833],[110.38222751193467,18.687494710286558],[110.38029771592772,18.687126329210173],[110.37766299777451,18.685764431423706],[110.3770833333324,18.685138888888957],[110.37386037190646,18.68530178493927],[110.36722751193469,18.688060845269092],[110.36193915472995,18.688328043619833],[110.36062957763579,18.689439154730906],[110.35778306749035,18.688605821397573],[110.35522338867099,18.688333468967016],[110.35091973198683,18.68656561957465],[110.34837727864499,18.685838623047005],[110.34806084526815,18.687555881076435],[110.34918375650932,18.688596327040102],[110.34914265950414,18.689633653428984],[110.35028306749024,18.689994710286555],[110.35057030571721,18.69030476888031],[110.35191029866434,18.690251600477495],[110.35364661322598,18.69082804362],[110.35447560628148,18.68993340386288],[110.35942827012701,18.690506998697913],[110.3613906860341,18.68999281141498],[110.36237399630971,18.690513102213572],[110.36689151339971,18.691053738064284],[110.3685414971236,18.690475396050374],[110.36919779459532,18.688790011935794],[110.37411916096897,18.689360080295216],[110.37656958685886,18.69200480143229],[110.37601908365798,18.693575439453127],[110.37789255777892,18.694235568576516],[110.37862141926985,18.695022108289947],[110.38175689697158,18.695769042968777],[110.3823172336144,18.695164252387258],[110.38191714816526,18.69440823025178]]]}},{"type":"Feature","id":"hydrolakes:178409","properties":{"Hylak_id":178409,"Lake_name":"","Country":"China","Continent":"Asia","Poly_src":"SWBD","Lake_type":1,"Grand_id":0,"Lake_area":1.03,"Shore_len":9.45,"Shore_dev":2.62,"Vol_total":10.24,"Vol_res":0.0,"Vol_src":3,"Depth_avg":9.9,"Dis_avg":1.526,"Res_time":77.6,"Elevation":226,"Slope_100":7.31,"Wshd_area":44.9,"Pour_long":110.014399,"Pour_lat":18.661959,"source_id":"hydrolakes:178409","label":""},"geometry":{"type":"Polygon","coordinates":[[[110.04526963127887,18.67131157769103],[110.04399857414984,18.67004706488717],[110.04218330807055,18.66953952365452],[110.03590409172807,18.669201931423686],[110.03463472154328,18.667311333550344],[110.03322992112788,18.666783582899313],[110.03126013013957,18.666693929036512],[110.02885782877496,18.665318060980894],[110.02554818895032,18.665570475260438],[110.0247350692739,18.665264892578193],[110.02220937516864,18.6650128851997],[110.0214017359408,18.66443155924486],[110.0197388076773,18.664062906901165],[110.01844301859444,18.66282484266503],[110.01524446275408,18.66213243272574],[110.01537556542189,18.660846218533038],[110.0144315973908,18.661098225911644],[110.01377812703356,18.66188490125876],[110.01263893975039,18.662001003689454],[110.01041666666572,18.660694444444516],[110.00934289296367,18.660885823567867],[110.00978055741945,18.663824055989608],[110.01113194783414,18.663961859809035],[110.01303426954382,18.663538275824692],[110.01415770212697,18.664181722005367],[110.01832544538598,18.665570475260438],[110.0202906248295,18.66582044813373],[110.02332048627966,18.667235107421902],[110.02690956539482,18.667852240668537],[110.02684665679823,18.670264892578132],[110.02779062482938,18.670012885199696],[110.02804345448715,18.669151340060807],[110.02937172783652,18.66907497829868],[110.02973989698518,18.669717746310766],[110.0292762671566,18.67137600368926],[110.03193707783919,18.670262858072988],[110.03413366529566,18.670238715277833],[110.03505882263084,18.670768500434065],[110.03819444444338,18.671088189019144],[110.04088299221354,18.670814073350755],[110.04401785108661,18.671281060112847],[110.04454092237586,18.67248711480056],[110.04554270426343,18.6721503363716],[110.04526963127887,18.67131157769103]]]}},{"type":"Feature","id":"hydrolakes:1392331","properties":{"Hylak_id":1392331,"Lake_name":"","Country":"China","Continent":"Asia","Poly_src":"SWBD","Lake_type":1,"Grand_id":0,"Lake_area":0.2,"Shore_len":1.88,"Shore_dev":1.17,"Vol_total":0.48,"Vol_res":0.0,"Vol_src":3,"Depth_avg":2.3,"Dis_avg":0.329,"Res_time":16.8,"Elevation":28,"Slope_100":1.05,"Wshd_area":12.3,"Pour_long":110.19079,"Pour_lat":19.999198,"source_id":"hydrolakes:1392331","label":""},"geometry":{"type":"Polygon","coordinates":[[[110.19588156806003,19.996140047709275],[110.19513888888798,19.99513888888913],[110.19335915459413,19.99528135140747],[110.19106102837344,19.99817866166444],[110.19003829955949,19.99899765623968],[110.18988098144439,20.000262413190626],[110.19307242499355,20.00001524743135],[110.1951394992393,19.998249294625566],[110.1957479519304,19.99721420023195],[110.19588156806003,19.996140047709275]]]}},{"type":"Feature","id":"hydrolakes:1392345","properties":{"Hylak_id":1392345,"Lake_name":"","Country":"China","Continent":"Asia","Poly_src":"SWBD","Lake_type":1,"Grand_id":0,"Lake_area":0.15,"Shore_len":2.04,"Shore_dev":1.5,"Vol_total":0.25,"Vol_res":0.0,"Vol_src":3,"Depth_avg":1.7,"Dis_avg":0.197,"Res_time":14.9,"Elevation":36,"Slope_100":0.63,"Wshd_area":7.3,"Pour_long":110.223016,"Pour_lat":19.986222,"source_id":"hydrolakes:1392345","label":""},"geometry":{"type":"Polygon","coordinates":[[[110.22554884168727,19.986913966073075],[110.2238011678051,19.98578540696053],[110.22430555555457,19.983750000000157],[110.22331346299819,19.983885585996973],[110.2227830674903,19.985560850567424],[110.22223081800576,19.986072536044844],[110.22007419162236,19.985186685986207],[110.2197068108444,19.98558320681275],[110.21973407321417,19.98627118004714],[110.22056084526821,19.986661371655032],[110.22337795681318,19.98887375937585],[110.22413518269764,19.98805649651439],[110.22528306749035,19.987783072789625],[110.22557096693151,19.987472348743154],[110.22554884168727,19.986913966073075]]]}},{"type":"Feature","id":"hydrolakes:1392353","properties":{"Hylak_id":1392353,"Lake_name":"","Country":"China","Continent":"Asia","Poly_src":"SWBD","Lake_type":1,"Grand_id":0,"Lake_area":0.54,"Shore_len":3.36,"Shore_dev":1.3,"Vol_total":1.91,"Vol_res":0.0,"Vol_src":3,"Depth_avg":3.6,"Dis_avg":0.687,"Res_time":32.1,"Elevation":38,"Slope_100":1.87,"Wshd_area":25.0,"Pour_long":110.252083,"Pour_lat":19.976141,"source_id":"hydrolakes:1392353","label":""},"geometry":{"type":"Polygon","coordinates":[[[110.25282592773334,19.976548141903493],[110.25476993136834,19.975122256809072],[110.25820549858832,19.976105815039887],[110.25762702094079,19.969440305498097],[110.25708333333222,19.968194444444634],[110.25597442626844,19.96900532828454],[110.2540926276302,19.968512244754606],[110.25098088582263,19.974040158589844],[110.24915037366986,19.976095608605533],[110.24956620958028,19.976881480747068],[110.25245168050037,19.977341134813287],[110.25282592773334,19.976548141903493]]]}},{"type":"Feature","id":"hydrolakes:1392361","properties":{"Hylak_id":1392361,"Lake_name":"","Country":"China","Continent":"Asia","Poly_src":"SWBD","Lake_type":1,"Grand_id":0,"Lake_area":0.17,"Shore_len":2.41,"Shore_dev":1.67,"Vol_total":0.25,"Vol_res":0.0,"Vol_src":3,"Depth_avg":1.5,"Dis_avg":0.388,"Res_time":7.5,"Elevation":3,"Slope_100":0.46,"Wshd_area":13.3,"Pour_long":110.744854,"Pour_lat":19.966993,"source_id":"hydrolakes:1392361","label":""},"geometry":{"type":"Polygon","coordinates":[[[110.74675421820655,19.965769918229967],[110.74652777777692,19.965138888888987],[110.74404269748175,19.96529465569421],[110.74351535373177,19.966265152825372],[110.74436340331937,19.96721432156056],[110.74734469943479,19.967854198879763],[110.75120083278989,19.970547743903467],[110.75193664550693,19.96956298192356],[110.75120666503807,19.9678900421992],[110.74883768717342,19.967447863684924],[110.74606791178292,19.96638310114554],[110.74675421820655,19.965769918229967]]]}},{"type":"Feature","id":"hydrolakes:1392367","properties":{"Hylak_id":1392367,"Lake_name":"","Country":"China","Continent":"Asia","Poly_src":"SWBD","Lake_type":1,"Grand_id":0,"Lake_area":0.19,"Shore_len":2.22,"Shore_dev":1.44,"Vol_total":0.42,"Vol_res":0.0,"Vol_src":3,"Depth_avg":2.2,"Dis_avg":0.6,"Res_time":8.0,"Elevation":43,"Slope_100":0.95,"Wshd_area":21.8,"Pour_long":110.260147,"Pour_lat":19.959956,"source_id":"hydrolakes:1392367","label":""},"geometry":{"type":"Polygon","coordinates":[[[110.26415130615129,19.958127352396787],[110.26236111111001,19.95652777777798],[110.26075466579749,19.95672870636014],[110.26088816324767,19.957801873948995],[110.25908372666999,19.95780537075484],[110.25910861545049,19.960050070020998],[110.25776241726243,19.961651301913946],[110.2575153605132,19.962457495795547],[110.25881710476261,19.96276241302502],[110.26020185682415,19.9610331810847],[110.26282348632719,19.95893547905831],[110.26390424940217,19.958626475864094],[110.26415130615129,19.958127352396787]]]}},{"type":"Feature","id":"hydrolakes:1392368","properties":{"Hylak_id":1392368,"Lake_name":"","Country":"China","Continent":"Asia","Poly_src":"SWBD","Lake_type":1,"Grand_id":0,"Lake_area":0.43,"Shore_len":4.31,"Shore_dev":1.84,"Vol_total":1.53,"Vol_res":0.0,"Vol_src":3,"Depth_avg":3.5,"Dis_avg":0.648,"Res_time":27.3,"Elevation":21,"Slope_100":1.96,"Wshd_area":23.8,"Pour_long":110.321437,"Pour_lat":19.959668,"source_id":"hydrolakes:1392368","label":""},"geometry":{"type":"Polygon","coordinates":[[[110.31430619981444,19.961100073920534],[110.31608052571517,19.95786810133211],[110.31753414577815,19.95863728417305],[110.31915354410728,19.958573095533836],[110.32041480170261,19.96081367068831],[110.32200035942816,19.961105817159194],[110.32324781629677,19.96044572194438],[110.32203935411138,19.959236072964302],[110.32167195637913,19.95798259311283],[110.32421437581269,19.957497198316958],[110.32499471028552,19.95568211449529],[110.32319444444352,19.95319444444459],[110.32138359917434,19.953328039381347],[110.32067850748604,19.953701129489673],[110.31967512342567,19.95478405846501],[110.31973778618595,19.95636488596614],[110.3193936157216,19.957346822950683],[110.31502638074994,19.95717372470449],[110.31403513590391,19.958525174458998],[110.31361640082366,19.960283071730032],[110.31301910400293,19.96115108913864],[110.31430619981444,19.961100073920534]]]}},{"type":"Feature","id":"hydrolakes:1392371","properties":{"Hylak_id":1392371,"Lake_name":"","Country":"China","Continent":"Asia","Poly_src":"SWBD","Lake_type":1,"Grand_id":0,"Lake_area":0.15,"Shore_len":1.78,"Shore_dev":1.29,"Vol_total":0.27,"Vol_res":0.0,"Vol_src":3,"Depth_avg":1.8,"Dis_avg":0.04,"Res_time":78.3,"Elevation":13,"Slope_100":0.67,"Wshd_area":1.4,"Pour_long":110.525886,"Pour_lat":19.958046,"source_id":"hydrolakes:1392371","label":""},"geometry":{"type":"Polygon","coordinates":[[[110.5293450249556,19.960809313456366],[110.52652777777672,19.957638888888994],[110.52565738254032,19.957801348368605],[110.52525495741008,19.958922869364585],[110.52530554877296,19.959771380954464],[110.5241764661991,19.960780194600716],[110.52521528455844,19.963043551975034],[110.52583713107532,19.96308061811675],[110.52613939073262,19.961781501770076],[110.52776997884013,19.961103299459012],[110.5293450249556,19.960809313456366]]]}},{"type":"Feature","id":"hydrolakes:1392381","properties":{"Hylak_id":1392381,"Lake_name":"","Country":"China","Continent":"Asia","Poly_src":"SWBD","Lake_type":1,"Grand_id":0,"Lake_area":0.67,"Shore_len":5.7,"Shore_dev":1.96,"Vol_total":2.4,"Vol_res":0.0,"Vol_src":3,"Depth_avg":3.6,"Dis_avg":0.236,"Res_time":117.6,"Elevation":8,"Slope_100":1.76,"Wshd_area":8.7,"Pour_long":110.028533,"Pour_lat":19.949542,"source_id":"hydrolakes:1392381","label":""},"geometry":{"type":"Polygon","coordinates":[[[110.03951021830147,19.948626204596735],[110.04242596520209,19.94833862728575],[110.04632542927948,19.949439150492424],[110.04482365925998,19.947256719801317],[110.0419391504912,19.946949738396654],[110.0407553905901,19.94653483496785],[110.03916202545088,19.94695234086788],[110.03889418284007,19.945888972812384],[110.04139418284012,19.943060849507845],[110.04193822648699,19.94190807766404],[110.04124999999891,19.94125000000014],[110.0402724838246,19.941383594937008],[110.03968716091475,19.942886708577646],[110.03668273925689,19.94518277486185],[110.03639418284001,19.94639418284129],[110.03607560051717,19.946661372714686],[110.03480151706168,19.945560849507842],[110.03444973839555,19.946671960618914],[110.03161178588766,19.94701156192383],[110.02968206617464,19.947517204284907],[110.0279000176314,19.94994678921188],[110.03120783064003,19.951105817159316],[110.03746522691415,19.949466196696108],[110.03951021830147,19.948626204596735]]]}},{"type":"Feature","id":"hydrolakes:1392393","properties":{"Hylak_id":1392393,"Lake_name":"","Country":"China","Continent":"Asia","Poly_src":"SWBD","Lake_type":1,"Grand_id":0,"Lake_area":0.13,"Shore_len":1.46,"Shore_dev":1.16,"Vol_total":0.39,"Vol_res":0.0,"Vol_src":3,"Depth_avg":3.1,"Dis_avg":0.301,"Res_time":15.1,"Elevation":60,"Slope_100":2.25,"Wshd_area":10.9,"Pour_long":110.268875,"Pour_lat":19.928759,"source_id":"hydrolakes:1392393","label":""},"geometry":{"type":"Polygon","coordinates":[[[110.27026743570866,19.92834366692449],[110.26821282280713,19.928355433146407],[110.26556589762276,19.93001332177073],[110.26590260823468,19.9311007817588],[110.27007086859692,19.93083987342004],[110.27115383571942,19.928898849487496],[110.27026743570866,19.92834366692449]]]}},{"type":"Feature","id":"hydrolakes:1392397","properties":{"Hylak_id":1392397,"Lake_name":"","Country":"China","Continent":"Asia","Poly_src":"SWBD","Lake_type":1,"Grand_id":0,"Lake_area":0.53,"Shore_len":5.21,"Shore_dev":2.02,"Vol_total":1.95,"Vol_res":0.0,"Vol_src":3,"Depth_avg":3.7,"Dis_avg":0.277,"Res_time":81.5,"Elevation":13,"Slope_100":2.02,"Wshd_area":9.3,"Pour_long":110.772394,"Pour_lat":19.925714,"source_id":"hydrolakes:1392397","label":""},"geometry":{"type":"Polygon","coordinates":[[[110.76941216362752,19.912930764092437],[110.76987318250792,19.909899944729375],[110.76732442219975,19.910051854451694],[110.76541666666571,19.90791666666678],[110.76456020778977,19.908076519436463],[110.76690578884461,19.911434410943116],[110.76685838487333,19.914360834757645],[110.7682590738923,19.9174126519099],[110.76893337673516,19.918377990722774],[110.77076300726901,19.92514941745344],[110.77151760525089,19.925993923611315],[110.77325236002497,19.926936628553733],[110.77342637803724,19.926422653198472],[110.7733985731328,19.923489108615627],[110.77169752332799,19.9217682308622],[110.77163052028993,19.920643446180748],[110.77231235080188,19.918340886434066],[110.77033067491232,19.917971004910044],[110.77033854166575,19.91550777011463],[110.77000779893564,19.914436628553915],[110.76947347005108,19.91395919799828],[110.76941216362752,19.912930764092437]]]}},{"type":"Feature","id":"hydrolakes:1392400","properties":{"Hylak_id":1392400,"Lake_name":"","Country":"China","Continent":"Asia","Poly_src":"SWBD","Lake_type":1,"Grand_id":0,"Lake_area":0.58,"Shore_len":3.51,"Shore_dev":1.3,"Vol_total":1.55,"Vol_res":0.0,"Vol_src":3,"Depth_avg":2.7,"Dis_avg":0.188,"Res_time":95.5,"Elevation":22,"Slope_100":1.03,"Wshd_area":6.7,"Pour_long":110.437352,"Pour_lat":19.92456,"source_id":"hydrolakes:1392400","label":""},"geometry":{"type":"Polygon","coordinates":[[[110.43915632459749,19.923343666924552],[110.4390277777768,19.92319444444462],[110.43788401285707,19.923538801405357],[110.43735958523115,19.92399063958078],[110.43682369655949,19.925948647393284],[110.4383229912641,19.927433412340122],[110.43797465006406,19.92829030354835],[110.43641452365364,19.928986460368037],[110.43632154676561,19.93014346228722],[110.43726915147477,19.93165633731428],[110.44417141384446,19.928953916761827],[110.44444973415699,19.92622529771603],[110.44693410237522,19.925507473415905],[110.44667700873373,19.925267444186943],[110.44491031222765,19.924998236762406],[110.44243611653536,19.92361779954723],[110.43915632459749,19.923343666924552]]]}},{"type":"Feature","id":"hydrolakes:1392406","properties":{"Hylak_id":1392406,"Lake_name":"","Country":"China","Continent":"Asia","Poly_src":"SWBD","Lake_type":1,"Grand_id":0,"Lake_area":0.92,"Shore_len":6.57,"Shore_dev":1.94,"Vol_total":2.53,"Vol_res":0.0,"Vol_src":3,"Depth_avg":2.8,"Dis_avg":0.256,"Res_time":114.5,"Elevation":15,"Slope_100":0.94,"Wshd_area":8.7,"Pour_long":110.730897,"Pour_lat":19.921048,"source_id":"hydrolakes:1392406","label":""},"geometry":{"type":"Polygon","coordinates":[[[110.73968973795479,19.916972579956166],[110.74166388617522,19.915552775065237],[110.74444919162238,19.915250159369748],[110.74582132975172,19.913225869072903],[110.74585279676558,19.91168611314589],[110.74331997341483,19.913075120714154],[110.74165866427859,19.913064219157036],[110.74085428873599,19.912227037218088],[110.73667738172651,19.914897528754466],[110.73531534830636,19.91536372714586],[110.73487074110153,19.914447224935145],[110.73377502441315,19.916371375190067],[110.73222534179604,19.91640299479178],[110.7326172553158,19.912552761501956],[110.73173956976905,19.912126948038917],[110.73071729871862,19.909425693088224],[110.73124999999897,19.908194444444632],[110.72974155002078,19.908358332316197],[110.7297513834626,19.912399927775255],[110.72861511230377,19.91799915737596],[110.72859130859285,19.91916529337584],[110.72972500271163,19.91944166395416],[110.73082431369266,19.921293496026124],[110.73529866536359,19.919439722697064],[110.73623887803728,19.918461108737688],[110.73833611382304,19.917780558268362],[110.73968973795479,19.916972579956166]]]}},{"type":"Feature","id":"hydrolakes:1392413","properties":{"Hylak_id":1392413,"Lake_name":"","Country":"China","Continent":"Asia","Poly_src":"SWBD","Lake_type":1,"Grand_id":0,"Lake_area":0.24,"Shore_len":2.89,"Shore_dev":1.66,"Vol_total":0.6,"Vol_res":0.0,"Vol_src":3,"Depth_avg":2.5,"Dis_avg":0.133,"Res_time":52.2,"Elevation":25,"Slope_100":1.13,"Wshd_area":4.4,"Pour_long":110.85625,"Pour_lat":19.913756,"source_id":"hydrolakes:1392413","label":""},"geometry":{"type":"Polygon","coordinates":[[[110.85466003417872,19.916161914401812],[110.85778808593659,19.913899222480097],[110.85921183268135,19.912518751356572],[110.86153333875762,19.91221499972886],[110.86124999999896,19.90986111111124],[110.86064527723425,19.9100431738961],[110.8602672661666,19.91089029947932],[110.85844523111876,19.912031555175872],[110.85572394476912,19.91203135172543],[110.85358296712133,19.9133676571318],[110.85284105088863,19.912506518893906],[110.85197964138348,19.912232555813432],[110.85341389973871,19.916138119167954],[110.85466003417872,19.916161914401812]]]}},{"type":"Feature","id":"hydrolakes:1392428","properties":{"Hylak_id":1392428,"Lake_name":"","Country":"China","Continent":"Asia","Poly_src":"SWBD","Lake_type":1,"Grand_id":0,"Lake_area":0.29,"Shore_len":2.12,"Shore_dev":1.1,"Vol_total":0.6,"Vol_res":0.0,"Vol_src":3,"Depth_avg":2.0,"Dis_avg":0.354,"Res_time":19.5,"Elevation":76,"Slope_100":0.7,"Wshd_area":12.7,"Pour_long":110.189628,"Pour_lat":19.893529,"source_id":"hydrolakes:1392428","label":""},"geometry":{"type":"Polygon","coordinates":[[[110.19317377726145,19.891548436482935],[110.19291666666555,19.891250000000298],[110.18823964436763,19.891380894978965],[110.1860425821929,19.89394652472612],[110.18876005384573,19.895545221964653],[110.19196573893134,19.89528722127295],[110.19415634155172,19.893399920993545],[110.19388899061306,19.892164620293784],[110.19317377726145,19.891548436482935]]]}},{"type":"Feature","id":"hydrolakes:1392431","properties":{"Hylak_id":1392431,"Lake_name":"","Country":"China","Continent":"Asia","Poly_src":"SWBD","Lake_type":1,"Grand_id":0,"Lake_area":0.33,"Shore_len":3.08,"Shore_dev":1.51,"Vol_total":0.64,"Vol_res":0.0,"Vol_src":3,"Depth_avg":1.9,"Dis_avg":0.615,"Res_time":12.1,"Elevation":73,"Slope_100":0.62,"Wshd_area":22.0,"Pour_long":110.181305,"Pour_lat":19.892837,"source_id":"hydrolakes:1392431","label":""},"geometry":{"type":"Polygon","coordinates":[[[110.18531419541995,19.89161315070271],[110.18520407782563,19.888835228814116],[110.18709774441106,19.88999470180954],[110.18809529622291,19.889430253770797],[110.18696070353081,19.88837900797546],[110.18597222222127,19.88652777777793],[110.18280280219079,19.886706704033884],[110.1822275119348,19.891116409301958],[110.18122985839733,19.891587236192606],[110.17927664862628,19.89339698791531],[110.18023023817165,19.89442616780616],[110.18475880940662,19.89266271803126],[110.18531419541995,19.89161315070271]]]}},{"type":"Feature","id":"hydrolakes:1392432","properties":{"Hylak_id":1392432,"Lake_name":"","Country":"China","Continent":"Asia","Poly_src":"SWBD","Lake_type":1,"Grand_id":0,"Lake_area":0.62,"Shore_len":5.35,"Shore_dev":1.92,"Vol_total":1.87,"Vol_res":0.0,"Vol_src":3,"Depth_avg":3.0,"Dis_avg":10.671,"Res_time":2.0,"Elevation":3,"Slope_100":1.28,"Wshd_area":336.7,"Pour_long":110.655947,"Pour_lat":19.89277,"source_id":"hydrolakes:1392432","label":""},"geometry":{"type":"Polygon","coordinates":[[[110.65443067762482,19.88775806003173],[110.65446695963436,19.885980445014354],[110.65638610839756,19.88483500162772],[110.65291666666576,19.883257573445803],[110.65026319715611,19.884464586046192],[110.65028150770308,19.88356755574563],[110.65069444444345,19.882361111111152],[110.6499704318569,19.882502458360648],[110.64907565646598,19.883433744642616],[110.64788906521159,19.882822469075677],[110.64611389160063,19.88416944715732],[110.64453945583682,19.884553256564857],[110.64389166937832,19.885798110962014],[110.64611389160063,19.886108330620857],[110.6469905598949,19.886702575683728],[110.65047498914822,19.88668486701141],[110.65149549696076,19.889419801500253],[110.65336195203906,19.889723646376012],[110.6546546088316,19.891069107055955],[110.6553479003897,19.89391296386742],[110.65713412814563,19.893876512315728],[110.65662238226895,19.892381464640494],[110.65700771755553,19.89087779574953],[110.65555833604498,19.888939251370118],[110.65724053276824,19.888610856798095],[110.65555277506417,19.888336113823982],[110.65443067762482,19.88775806003173]]]}},{"type":"Feature","id":"hydrolakes:1392435","properties":{"Hylak_id":1392435,"Lake_name":"","Country":"China","Continent":"Asia","Poly_src":"SWBD","Lake_type":1,"Grand_id":0,"Lake_area":0.18,"Shore_len":1.76,"Shore_dev":1.18,"Vol_total":0.38,"Vol_res":0.0,"Vol_src":3,"Depth_avg":2.2,"Dis_avg":2.639,"Res_time":1.7,"Elevation":6,"Slope_100":0.96,"Wshd_area":86.0,"Pour_long":110.641229,"Pour_lat":19.890512,"source_id":"hydrolakes:1392435","label":""},"geometry":{"type":"Polygon","coordinates":[[[110.64317355685665,19.890179027981333],[110.64236111111018,19.88875000000013],[110.64130981445237,19.8889417690703],[110.64056586371441,19.890967602200192],[110.64090176052406,19.89334581163206],[110.64147549099283,19.894011722140988],[110.64372612847126,19.895267444186914],[110.64429463704317,19.89442282782676],[110.64317355685665,19.890179027981333]]]}},{"type":"Feature","id":"hydrolakes:1392440","properties":{"Hylak_id":1392440,"Lake_name":"","Country":"China","Continent":"Asia","Poly_src":"SWBD","Lake_type":1,"Grand_id":0,"Lake_area":0.24,"Shore_len":2.42,"Shore_dev":1.38,"Vol_total":0.65,"Vol_res":0.0,"Vol_src":3,"Depth_avg":2.7,"Dis_avg":0.06,"Res_time":125.7,"Elevation":21,"Slope_100":1.32,"Wshd_area":2.0,"Pour_long":110.772555,"Pour_lat":19.885149,"source_id":"hydrolakes:1392440","label":""},"geometry":{"type":"Polygon","coordinates":[[[110.77044413248586,19.882465209961083],[110.76958333333226,19.880972222222397],[110.76878729926136,19.881117426554454],[110.76804653591472,19.881977199978508],[110.7672654893654,19.881914435492774],[110.76528808593673,19.88267337375231],[110.7661214192699,19.883045221964608],[110.76679802788527,19.883830549452114],[110.76951768663088,19.88444841172975],[110.77221191406153,19.886677000257976],[110.77328640407904,19.88693411085353],[110.7742765977639,19.885353249443995],[110.77233635796347,19.88330956353093],[110.77044413248586,19.882465209961083]]]}},{"type":"Feature","id":"hydrolakes:1392449","properties":{"Hylak_id":1392449,"Lake_name":"","Country":"China","Continent":"Asia","Poly_src":"SWBD","Lake_type":1,"Grand_id":0,"Lake_area":0.21,"Shore_len":2.57,"Shore_dev":1.58,"Vol_total":0.56,"Vol_res":0.0,"Vol_src":3,"Depth_avg":2.7,"Dis_avg":0.126,"Res_time":51.3,"Elevation":24,"Slope_100":1.38,"Wshd_area":4.2,"Pour_long":110.730301,"Pour_lat":19.876194,"source_id":"hydrolakes:1392449","label":""},"geometry":{"type":"Polygon","coordinates":[[[110.72936496310672,19.87756171332478],[110.73056552463015,19.87751852247476],[110.7314798312708,19.87698108249259],[110.73137064615798,19.87610326131204],[110.7317530653201,19.87510836283394],[110.73390428331066,19.873348693847845],[110.73415127224285,19.872206861708207],[110.7347298855243,19.87122256808823],[110.73486111111026,19.86958333333348],[110.73402615017261,19.869728639390928],[110.73362650553292,19.871126471625587],[110.73263570149635,19.872811932034153],[110.73197394476915,19.872729619344284],[110.73024034288107,19.87397017584931],[110.7278408474383,19.875150604248176],[110.72841505262483,19.877161441379258],[110.72936496310672,19.87756171332478]]]}},{"type":"Feature","id":"hydrolakes:1392456","properties":{"Hylak_id":1392456,"Lake_name":"","Country":"China","Continent":"Asia","Poly_src":"SWBD","Lake_type":1,"Grand_id":0,"Lake_area":0.48,"Shore_len":4.95,"Shore_dev":2.02,"Vol_total":1.29,"Vol_res":0.0,"Vol_src":3,"Depth_avg":2.7,"Dis_avg":0.181,"Res_time":82.7,"Elevation":23,"Slope_100":1.1,"Wshd_area":6.1,"Pour_long":110.782643,"Pour_lat":19.865769,"source_id":"hydrolakes:1392456","label":""},"geometry":{"type":"Polygon","coordinates":[[[110.78879903157463,19.867582278781754],[110.78736111111016,19.86458333333354],[110.7827702501076,19.864800949096775],[110.78118801540722,19.865683720906816],[110.78056586371423,19.86667700025788],[110.77943413628373,19.867489666409142],[110.77798407660492,19.869509082370428],[110.7784355333107,19.871158701578963],[110.77927225748596,19.871091469658893],[110.77971191406158,19.869156333075864],[110.78059753417864,19.8680254533557],[110.7816183132586,19.868107469346967],[110.78396857367517,19.866339492797977],[110.78513732910056,19.86643340216756],[110.78575792100611,19.86849447462322],[110.78473978678284,19.86937163458947],[110.78389919704756,19.87167700025799],[110.78303710937399,19.87277777777797],[110.78482557508579,19.874792039659383],[110.78604125976477,19.874694357978115],[110.7854663764096,19.873128950331136],[110.78592522515083,19.8710252889],[110.78763780381837,19.87018480936706],[110.78835903591494,19.869347652859346],[110.78879903157463,19.867582278781754]]]}},{"type":"Feature","id":"hydrolakes:1392464","properties":{"Hylak_id":1392464,"Lake_name":"","Country":"China","Continent":"Asia","Poly_src":"SWBD","Lake_type":1,"Grand_id":0,"Lake_area":0.26,"Shore_len":2.23,"Shore_dev":1.23,"Vol_total":0.61,"Vol_res":0.0,"Vol_src":3,"Depth_avg":2.4,"Dis_avg":0.012,"Res_time":591.6,"Elevation":30,"Slope_100":1.0,"Wshd_area":0.4,"Pour_long":110.539578,"Pour_lat":19.857212,"source_id":"hydrolakes:1392464","label":""},"geometry":{"type":"Polygon","coordinates":[[[110.5398564995649,19.86026744418689],[110.54084367540048,19.859177000257887],[110.54165635850597,19.857327270507994],[110.54139919704761,19.856934119330788],[110.5390843370215,19.855861918131666],[110.53816060384014,19.856934119330788],[110.53659861246643,19.856510789659467],[110.53541666666564,19.855138888889087],[110.53450985378595,19.85592013888902],[110.53411705864715,19.857355363634042],[110.53445017496637,19.85810184054924],[110.53582299126418,19.859177000257887],[110.5398564995649,19.86026744418689]]]}},{"type":"Feature","id":"hydrolakes:1392480","properties":{"Hylak_id":1392480,"Lake_name":"","Country":"China","Continent":"Asia","Poly_src":"SWBD","Lake_type":1,"Grand_id":0,"Lake_area":0.79,"Shore_len":5.53,"Shore_dev":1.76,"Vol_total":2.32,"Vol_res":0.0,"Vol_src":3,"Depth_avg":2.9,"Dis_avg":0.161,"Res_time":166.9,"Elevation":33,"Slope_100":1.12,"Wshd_area":5.5,"Pour_long":110.502083,"Pour_lat":19.838727,"source_id":"hydrolakes:1392480","label":""},"geometry":{"type":"Polygon","coordinates":[[[110.50496571858622,19.837884741889297],[110.50576416015531,19.835834316677676],[110.50805026584095,19.83499471028665],[110.510550265841,19.834695536295783],[110.50906073676128,19.833551415337638],[110.51041666666572,19.830416666666792],[110.50720709906591,19.830578833686104],[110.50483679877283,19.831143425835705],[110.50032565646592,19.83443830702049],[110.4966719563792,19.835418718126277],[110.497357957627,19.83721003214538],[110.49959774441089,19.83583862304704],[110.50055026584107,19.836463097466606],[110.50000528971282,19.83833862304698],[110.49899339463872,19.839658186170993],[110.50276204426996,19.840019310845378],[110.50279422336064,19.840831434461904],[110.50083862304598,19.842094251844742],[110.50159498426558,19.843050265842123],[110.50250528971247,19.84278306749144],[110.5031158447257,19.841837565104356],[110.50434383816088,19.840699785020774],[110.50502617729944,19.839410281711423],[110.50496571858622,19.837884741889297]]]}},{"type":"Feature","id":"hydrolakes:1392482","properties":{"Hylak_id":1392482,"Lake_name":"","Country":"China","Continent":"Asia","Poly_src":"SWBD","Lake_type":1,"Grand_id":0,"Lake_area":0.21,"Shore_len":2.06,"Shore_dev":1.28,"Vol_total":0.43,"Vol_res":0.0,"Vol_src":3,"Depth_avg":2.1,"Dis_avg":0.079,"Res_time":62.7,"Elevation":29,"Slope_100":0.83,"Wshd_area":2.6,"Pour_long":110.748651,"Pour_lat":19.8365,"source_id":"hydrolakes:1392482","label":""},"geometry":{"type":"Polygon","coordinates":[[[110.7486155192048,19.839015231662586],[110.74973178439569,19.83858617146825],[110.75041246202147,19.83970686170818],[110.75078694661357,19.839123009575985],[110.7510957166873,19.83664031982437],[110.75029317219952,19.835540195041403],[110.74930555555449,19.83513888888899],[110.7482244194868,19.835447998047187],[110.74734714084121,19.83615054660396],[110.7464042833106,19.838334706624494],[110.74670681423515,19.840392930772737],[110.74768249511618,19.841373528374675],[110.74833245171351,19.840960133870567],[110.7486155192048,19.839015231662586]]]}},{"type":"Feature","id":"hydrolakes:1392484","properties":{"Hylak_id":1392484,"Lake_name":"","Country":"China","Continent":"Asia","Poly_src":"SWBD","Lake_type":1,"Grand_id":0,"Lake_area":0.31,"Shore_len":3.29,"Shore_dev":1.67,"Vol_total":1.0,"Vol_res":0.0,"Vol_src":3,"Depth_avg":3.2,"Dis_avg":0.048,"Res_time":240.4,"Elevation":33,"Slope_100":1.82,"Wshd_area":1.6,"Pour_long":110.534997,"Pour_lat":19.835995,"source_id":"hydrolakes:1392484","label":""},"geometry":{"type":"Polygon","coordinates":[[[110.52989169650516,19.84019397311755],[110.5332220119891,19.836599663628704],[110.53438852945857,19.837216932508852],[110.53666137695205,19.83650007459869],[110.53428297254686,19.834307030572006],[110.53100548638139,19.83352634006087],[110.53041666666564,19.83180555555566],[110.52913618299601,19.8320500352649],[110.52751566568901,19.833238627115975],[110.52969930012915,19.834088948567796],[110.53059916178285,19.836178249783075],[110.5302830674903,19.837505289713647],[110.52889417860149,19.839316474066948],[110.52923522949112,19.840550265842182],[110.52989169650516,19.84019397311755]]]}},{"type":"Feature","id":"hydrolakes:1392485","properties":{"Hylak_id":1392485,"Lake_name":"","Country":"China","Continent":"Asia","Poly_src":"SWBD","Lake_type":1,"Grand_id":0,"Lake_area":0.79,"Shore_len":6.19,"Shore_dev":1.96,"Vol_total":1.65,"Vol_res":0.0,"Vol_src":3,"Depth_avg":2.1,"Dis_avg":0.155,"Res_time":123.1,"Elevation":63,"Slope_100":0.55,"Wshd_area":5.5,"Pour_long":110.142641,"Pour_lat":19.835029,"source_id":"hydrolakes:1392485","label":""},"geometry":{"type":"Polygon","coordinates":[[[110.14852681477782,19.828787197536997],[110.14921858045693,19.82712402343759],[110.14750781588981,19.827582210964806],[110.1477699618859,19.82332551744264],[110.14809256659521,19.82242645263682],[110.14800818549168,19.821010691325],[110.14845482720182,19.81892015245245],[110.14819444444345,19.818194444444543],[110.14690444946194,19.81832887437622],[110.14525182088113,19.82137008667013],[110.14531565348193,19.822441050211694],[110.14500781588976,19.822785593668755],[110.14371302286673,19.82308683607323],[110.144664255777,19.824151458740346],[110.14610329521929,19.824811926947802],[110.14520163641942,19.826253102620626],[110.14366295708453,19.82762790256095],[110.14235387166235,19.832613864474922],[110.14195226033439,19.833063371446485],[110.14082551744173,19.833325517442688],[110.1401776123036,19.834344278971457],[110.13889670477869,19.835158911811163],[110.13943662855257,19.83584114922428],[110.1420820448123,19.836334906684215],[110.1445341491688,19.83804773966483],[110.14496517605153,19.837470889621443],[110.1437224154991,19.83464731852223],[110.14415885077483,19.83415885077602],[110.14548399183383,19.83385053846581],[110.14582551744144,19.831658850775966],[110.14832026163634,19.831078406440042],[110.14913764105813,19.830348086887057],[110.14917533026704,19.829715643988834],[110.14852681477782,19.828787197536997]]]}},{"type":"Feature","id":"hydrolakes:1392488","properties":{"Hylak_id":1392488,"Lake_name":"","Country":"China","Continent":"Asia","Poly_src":"SWBD","Lake_type":1,"Grand_id":0,"Lake_area":0.21,"Shore_len":2.16,"Shore_dev":1.32,"Vol_total":0.49,"Vol_res":0.0,"Vol_src":3,"Depth_avg":2.3,"Dis_avg":0.035,"Res_time":162.2,"Elevation":71,"Slope_100":1.0,"Wshd_area":1.2,"Pour_long":110.219794,"Pour_lat":19.830905,"source_id":"hydrolakes:1392488","label":""},"geometry":{"type":"Polygon","coordinates":[[[110.22365454779623,19.833600785997362],[110.2242325168175,19.83168111165378],[110.22281066894425,19.830958387586975],[110.22208333333225,19.829027777777867],[110.22054523044073,19.829156341552846],[110.21861828274098,19.830011732313494],[110.21724678887153,19.829901529948017],[110.21667699177948,19.831340806749267],[110.21911312527021,19.83189425998279],[110.22070599026051,19.832888454861234],[110.22253640068789,19.832741377089008],[110.22248804728076,19.833343302409048],[110.22365454779623,19.833600785997362]]]}},{"type":"Feature","id":"hydrolakes:1392521","properties":{"Hylak_id":1392521,"Lake_name":"","Country":"China","Continent":"Asia","Poly_src":"SWBD","Lake_type":1,"Grand_id":0,"Lake_area":0.45,"Shore_len":4.59,"Shore_dev":1.93,"Vol_total":1.19,"Vol_res":0.0,"Vol_src":3,"Depth_avg":2.6,"Dis_avg":0.091,"Res_time":151.2,"Elevation":46,"Slope_100":1.06,"Wshd_area":3.0,"Pour_long":110.512089,"Pour_lat":19.791934,"source_id":"hydrolakes:1392521","label":""},"geometry":{"type":"Polygon","coordinates":[[[110.51571007622505,19.792376742892884],[110.51611229790484,19.789369422064965],[110.51776997884019,19.787717200385316],[110.51555240207148,19.786699405246566],[110.5152815416115,19.78524826049818],[110.5134722222212,19.784583333333615],[110.51260331895526,19.784745517306987],[110.51365197075643,19.786675313313935],[110.51357862684353,19.78790620591917],[110.51294501410501,19.78832551744273],[110.51139668782469,19.787769961887022],[110.5089917670345,19.787507815890933],[110.50806335449118,19.78787311130111],[110.51000779893553,19.78832551744273],[110.51060848659836,19.789269985622923],[110.51111199272907,19.791434054904755],[110.51201707627928,19.792242736816718],[110.5144715033627,19.792740342882098],[110.51440575493609,19.793843366835006],[110.5130040486643,19.795850067138815],[110.51313530815872,19.79749218410933],[110.51499220106228,19.79686350504568],[110.51443579779624,19.795839606391155],[110.5144767930762,19.79515167236343],[110.51500779893564,19.79417448255765],[110.51526997884025,19.792769961887075],[110.51571007622505,19.792376742892884]]]}},{"type":"Feature","id":"hydrolakes:1392523","properties":{"Hylak_id":1392523,"Lake_name":"","Country":"China","Continent":"Asia","Poly_src":"SWBD","Lake_type":1,"Grand_id":0,"Lake_area":0.15,"Shore_len":1.75,"Shore_dev":1.27,"Vol_total":0.32,"Vol_res":0.0,"Vol_src":3,"Depth_avg":2.1,"Dis_avg":1.56,"Res_time":2.4,"Elevation":29,"Slope_100":0.96,"Wshd_area":51.7,"Pour_long":110.4337,"Pour_lat":19.790058,"source_id":"hydrolakes:1392523","label":""},"geometry":{"type":"Polygon","coordinates":[[[110.43320061577595,19.789400160047933],[110.43236111111014,19.78819444444457],[110.4311007690419,19.78832300821955],[110.43084367540047,19.788621436225185],[110.42806589762279,19.78967554728206],[110.42835601806553,19.791934119330733],[110.43056589762273,19.791676991780776],[110.43131225585836,19.79081066555466],[110.43443410237529,19.790241207546842],[110.43320061577595,19.789400160047933]]]}},{"type":"Feature","id":"hydrolakes:1392527","properties":{"Hylak_id":1392527,"Lake_name":"","Country":"China","Continent":"Asia","Poly_src":"SWBD","Lake_type":1,"Grand_id":0,"Lake_area":0.4,"Shore_len":3.43,"Shore_dev":1.54,"Vol_total":1.28,"Vol_res":0.0,"Vol_src":3,"Depth_avg":3.2,"Dis_avg":3.091,"Res_time":4.8,"Elevation":9,"Slope_100":1.69,"Wshd_area":106.4,"Pour_long":110.355493,"Pour_lat":19.788728,"source_id":"hydrolakes:1392527","label":""},"geometry":{"type":"Polygon","coordinates":[[[110.35266116671988,19.789843139648553],[110.35445509168727,19.788408406575627],[110.35558119032015,19.790262417263705],[110.35665130615126,19.789941202799753],[110.35634114583235,19.78790320502401],[110.35498250325429,19.787514750162984],[110.35295874701495,19.785894148084935],[110.35161719428072,19.78368548923089],[110.35069444444338,19.783194444444632],[110.34891276041566,19.783337063259808],[110.34780670165907,19.78485122680678],[110.34994374592992,19.786353386773214],[110.34988491482119,19.78884175618515],[110.3513330417199,19.791517164442382],[110.3531273396801,19.792206861708166],[110.35356662326296,19.79171657986126],[110.35266116671988,19.789843139648553]]]}},{"type":"Feature","id":"hydrolakes:1392530","properties":{"Hylak_id":1392530,"Lake_name":"","Country":"China","Continent":"Asia","Poly_src":"SWBD","Lake_type":1,"Grand_id":0,"Lake_area":0.63,"Shore_len":5.92,"Shore_dev":2.1,"Vol_total":2.63,"Vol_res":0.0,"Vol_src":3,"Depth_avg":4.2,"Dis_avg":0.15,"Res_time":202.8,"Elevation":27,"Slope_100":2.48,"Wshd_area":4.8,"Pour_long":110.872851,"Pour_lat":19.786169,"source_id":"hydrolakes:1392530","label":""},"geometry":{"type":"Polygon","coordinates":[[[110.87028808593647,19.79612143622529],[110.8729745822472,19.793899214002977],[110.87624538845381,19.79498967488621],[110.8765869140617,19.79441884358738],[110.87334587944775,19.791668429904746],[110.8728363037099,19.78885813395192],[110.87332302517268,19.787767452663957],[110.87486816406164,19.785963049994848],[110.87266276041578,19.78473254733626],[110.87193413628381,19.784989674886162],[110.87123819986891,19.786100785997462],[110.86912841796772,19.785840216742713],[110.8679166666659,19.782638888889153],[110.86746385362306,19.78277523464635],[110.86691365559807,19.785791185167227],[110.86340840657448,19.786148732503364],[110.8632566324859,19.788038228353003],[110.86464294433506,19.788149617513113],[110.86726094563704,19.787267642551285],[110.86945346408334,19.788043670654417],[110.87001030815884,19.78860078599729],[110.87110080295065,19.792078721788357],[110.87078199598432,19.792958289252567],[110.86870788574112,19.79365215725386],[110.8697424994566,19.796378563775136],[110.87028808593647,19.79612143622529]]]}},{"type":"Feature","id":"hydrolakes:1392536","properties":{"Hylak_id":1392536,"Lake_name":"","Country":"China","Continent":"Asia","Poly_src":"SWBD","Lake_type":1,"Grand_id":0,"Lake_area":0.17,"Shore_len":1.8,"Shore_dev":1.24,"Vol_total":0.43,"Vol_res":0.0,"Vol_src":3,"Depth_avg":2.5,"Dis_avg":0.036,"Res_time":136.7,"Elevation":31,"Slope_100":1.35,"Wshd_area":1.2,"Pour_long":110.403661,"Pour_lat":19.780327,"source_id":"hydrolakes:1392536","label":""},"geometry":{"type":"Polygon","coordinates":[[[110.40696387396827,19.778330841064587],[110.40624999999892,19.777638888889044],[110.4034906684019,19.77810167100705],[110.40145267062644,19.77810623168955],[110.40428209092784,19.78243867662229],[110.4049797227637,19.782767452664018],[110.40631724039605,19.779242808024208],[110.40696387396827,19.778330841064587]]]}},{"type":"Feature","id":"hydrolakes:1392540","properties":{"Hylak_id":1392540,"Lake_name":"","Country":"China","Continent":"Asia","Poly_src":"SWBD","Lake_type":1,"Grand_id":0,"Lake_area":0.16,"Shore_len":2.14,"Shore_dev":1.51,"Vol_total":0.29,"Vol_res":0.0,"Vol_src":3,"Depth_avg":1.8,"Dis_avg":0.068,"Res_time":50.1,"Elevation":20,"Slope_100":0.7,"Wshd_area":2.2,"Pour_long":110.759566,"Pour_lat":19.774593,"source_id":"hydrolakes:1392540","label":""},"geometry":{"type":"Polygon","coordinates":[[[110.7583753119564,19.776572791205695],[110.7589990234365,19.7760354275174],[110.76036607530278,19.776537441677647],[110.76069444444352,19.77402777777786],[110.7575258382152,19.774502326117783],[110.75612074110165,19.774389411078857],[110.75582702636638,19.77504764133039],[110.75363362630117,19.776026373969273],[110.753343641492,19.776683230930075],[110.75384426540694,19.777211897108486],[110.75587083604512,19.776358422173587],[110.75646118163957,19.776405860053387],[110.75763007269865,19.777762603759925],[110.7583753119564,19.776572791205695]]]}},{"type":"Feature","id":"hydrolakes:1392544","properties":{"Hylak_id":1392544,"Lake_name":"","Country":"China","Continent":"Asia","Poly_src":"SWBD","Lake_type":1,"Grand_id":0,"Lake_area":0.27,"Shore_len":2.67,"Shore_dev":1.45,"Vol_total":0.47,"Vol_res":0.0,"Vol_src":3,"Depth_avg":1.8,"Dis_avg":0.165,"Res_time":33.3,"Elevation":47,"Slope_100":0.53,"Wshd_area":5.7,"Pour_long":110.200983,"Pour_lat":19.772917,"source_id":"hydrolakes:1392544","label":""},"geometry":{"type":"Polygon","coordinates":[[[110.20393176608525,19.77222625732452],[110.20347222222131,19.769027777778035],[110.20042761908542,19.769550476074357],[110.1987282647018,19.768901740180297],[110.19806840684589,19.77018129136843],[110.19890174017917,19.770542704264415],[110.19925659179586,19.770969916449758],[110.19981250338992,19.772864278157726],[110.19961597018681,19.774792361789423],[110.19887374877823,19.77582366943375],[110.19893022325209,19.776377800835746],[110.19985048082032,19.776931593153506],[110.20138622707685,19.775082787407882],[110.20188656277037,19.772826419406726],[110.20393176608525,19.77222625732452]]]}},{"type":"Feature","id":"hydrolakes:1392546","properties":{"Hylak_id":1392546,"Lake_name":"","Country":"China","Continent":"Asia","Poly_src":"SWBD","Lake_type":1,"Grand_id":0,"Lake_area":0.27,"Shore_len":3.22,"Shore_dev":1.74,"Vol_total":0.96,"Vol_res":0.0,"Vol_src":3,"Depth_avg":3.5,"Dis_avg":0.092,"Res_time":121.0,"Elevation":55,"Slope_100":2.25,"Wshd_area":3.0,"Pour_long":110.559165,"Pour_lat":19.771584,"source_id":"hydrolakes:1392546","label":""},"geometry":{"type":"Polygon","coordinates":[[[110.5616613769522,19.77221474541568],[110.56134874131851,19.769616885715266],[110.5598948160798,19.768616400824783],[110.5588835991743,19.76888359917558],[110.55718919542005,19.77026256985158],[110.5558571370434,19.77031536526158],[110.55555026584096,19.765005289713713],[110.55468370225606,19.765001051161278],[110.55475660535933,19.766838853624222],[110.55389526367088,19.77012605455201],[110.55586127387062,19.771100904676757],[110.55580600314562,19.77249471028665],[110.5616613769522,19.77221474541568]]]}},{"type":"Feature","id":"hydrolakes:1392549","properties":{"Hylak_id":1392549,"Lake_name":"","Country":"China","Continent":"Asia","Poly_src":"SWBD","Lake_type":1,"Grand_id":0,"Lake_area":0.24,"Shore_len":3.07,"Shore_dev":1.76,"Vol_total":0.71,"Vol_res":0.0,"Vol_src":3,"Depth_avg":2.9,"Dis_avg":0.048,"Res_time":171.6,"Elevation":46,"Slope_100":1.6,"Wshd_area":1.6,"Pour_long":110.503275,"Pour_lat":19.769958,"source_id":"hydrolakes:1392549","label":""},"geometry":{"type":"Polygon","coordinates":[[[110.49483683268136,19.775547739664944],[110.49811781141392,19.773631117079162],[110.49860331217343,19.77417448255767],[110.49960971408319,19.774436628553758],[110.50035786946506,19.772806566026645],[110.50443634033104,19.772487318251024],[110.50402777777686,19.769027777778035],[110.50208791096924,19.769168006049426],[110.50031290690026,19.7711545817059],[110.49943179660283,19.772540011935916],[110.49785817464101,19.773262244330624],[110.49587164984706,19.772507815890947],[110.49445224338024,19.774724171956564],[110.49483683268136,19.775547739664944]]]}},{"type":"Feature","id":"hydrolakes:1392553","properties":{"Hylak_id":1392553,"Lake_name":"","Country":"China","Continent":"Asia","Poly_src":"SWBD","Lake_type":1,"Grand_id":0,"Lake_area":0.13,"Shore_len":1.79,"Shore_dev":1.39,"Vol_total":0.25,"Vol_res":0.0,"Vol_src":3,"Depth_avg":1.9,"Dis_avg":0.145,"Res_time":20.2,"Elevation":33,"Slope_100":0.81,"Wshd_area":4.8,"Pour_long":110.420009,"Pour_lat":19.767173,"source_id":"hydrolakes:1392553","label":""},"geometry":{"type":"Polygon","coordinates":[[[110.42276489257722,19.76757032606355],[110.42263888888795,19.766250000000127],[110.41918453640312,19.766960974799417],[110.42029564751414,19.767759891086257],[110.42117848714082,19.769336819119076],[110.42281375461044,19.769979671902377],[110.42609324137277,19.768821292453538],[110.42276489257722,19.76757032606355]]]}},{"type":"Feature","id":"hydrolakes:1392556","properties":{"Hylak_id":1392556,"Lake_name":"","Country":"China","Continent":"Asia","Poly_src":"SWBD","Lake_type":1,"Grand_id":0,"Lake_area":0.21,"Shore_len":2.47,"Shore_dev":1.51,"Vol_total":0.67,"Vol_res":0.0,"Vol_src":3,"Depth_avg":3.2,"Dis_avg":0.03,"Res_time":260.3,"Elevation":31,"Slope_100":1.97,"Wshd_area":1.0,"Pour_long":110.290625,"Pour_lat":19.759684,"source_id":"hydrolakes:1392556","label":""},"geometry":{"type":"Polygon","coordinates":[[[110.29193410237531,19.757232547336287],[110.2918055555545,19.757083333333412],[110.28974171956276,19.757293853760018],[110.28937672932835,19.759689229329524],[110.28862145317822,19.760565880669674],[110.28612145317817,19.760852474636636],[110.28669796413749,19.76252724541581],[110.28661210801772,19.763595564100626],[110.28720479329326,19.763643188476692],[110.28832299126412,19.762767452664036],[110.29032389322805,19.76250564575207],[110.28959204779625,19.76217907375775],[110.29026743570859,19.761100785997314],[110.29235392252502,19.760720180935436],[110.29193410237531,19.757232547336287]]]}},{"type":"Feature","id":"hydrolakes:1392560","properties":{"Hylak_id":1392560,"Lake_name":"","Country":"China","Continent":"Asia","Poly_src":"SWBD","Lake_type":1,"Grand_id":0,"Lake_area":0.33,"Shore_len":3.01,"Shore_dev":1.48,"Vol_total":0.96,"Vol_res":0.0,"Vol_src":3,"Depth_avg":2.9,"Dis_avg":0.018,"Res_time":614.2,"Elevation":46,"Slope_100":1.43,"Wshd_area":0.6,"Pour_long":110.472398,"Pour_lat":19.7562,"source_id":"hydrolakes:1392560","label":""},"geometry":{"type":"Polygon","coordinates":[[[110.4755401950402,19.74945980495886],[110.47541666666575,19.74930555555568],[110.47359575059573,19.749429083930238],[110.47334869384662,19.749737582736714],[110.47175075954772,19.750015665690228],[110.47005103217128,19.751376783582998],[110.4706229315853,19.755306176079785],[110.471253153482,19.757510291205676],[110.47309967040928,19.758595750596953],[110.47381137423952,19.75826197306327],[110.4740670437273,19.756206665039144],[110.47259406195639,19.753700849745087],[110.47371504041774,19.75171808878605],[110.47692908392906,19.750232713487605],[110.47640587700641,19.749707319471838],[110.4755401950402,19.74945980495886]]]}},{"type":"Feature","id":"hydrolakes:1392562","properties":{"Hylak_id":1392562,"Lake_name":"","Country":"China","Continent":"Asia","Poly_src":"SWBD","Lake_type":1,"Grand_id":0,"Lake_area":0.5,"Shore_len":4.63,"Shore_dev":1.85,"Vol_total":1.58,"Vol_res":0.0,"Vol_src":3,"Depth_avg":3.2,"Dis_avg":0.054,"Res_time":339.5,"Elevation":41,"Slope_100":1.5,"Wshd_area":1.8,"Pour_long":110.457292,"Pour_lat":19.755132,"source_id":"hydrolakes:1392562","label":""},"geometry":{"type":"Polygon","coordinates":[[[110.4593681165897,19.7547579956057],[110.46036217583458,19.754125773112094],[110.46110331217358,19.753281979031215],[110.46054775661798,19.75278559366876],[110.45973002115778,19.751381072998186],[110.45758972167863,19.751118927002096],[110.45635247124466,19.753814595540575],[110.4507140774187,19.75415885077598],[110.45028557671355,19.753483581543094],[110.45361891004677,19.752507815891022],[110.45476816813044,19.751617194281835],[110.45513888888797,19.75041666666675],[110.45388108995115,19.750547739664796],[110.45270511203233,19.75145906236446],[110.44992713080421,19.751293487548992],[110.44870205349287,19.75339772542327],[110.44957010904841,19.755817040337547],[110.45220313178066,19.75663009643563],[110.45652299668961,19.75637261284743],[110.4585872395823,19.755631951226235],[110.4593681165897,19.7547579956057]]]}},{"type":"Feature","id":"hydrolakes:1392568","properties":{"Hylak_id":1392568,"Lake_name":"","Country":"China","Continent":"Asia","Poly_src":"SWBD","Lake_type":1,"Grand_id":0,"Lake_area":0.2,"Shore_len":2.28,"Shore_dev":1.44,"Vol_total":0.62,"Vol_res":0.0,"Vol_src":3,"Depth_avg":3.1,"Dis_avg":0.092,"Res_time":77.5,"Elevation":57,"Slope_100":1.9,"Wshd_area":3.0,"Pour_long":110.524638,"Pour_lat":19.750724,"source_id":"hydrolakes:1392568","label":""},"geometry":{"type":"Polygon","coordinates":[[[110.52693742540038,19.744588402642307],[110.52708333333231,19.743750000000148],[110.52632463243191,19.743966929118017],[110.52435845268991,19.745541398790294],[110.52392120361242,19.749056837294006],[110.52448252359926,19.75165130615244],[110.52560997856887,19.751307695177047],[110.52775594075416,19.748369920518883],[110.52786244710177,19.747513834635583],[110.52705813937615,19.74717491997626],[110.525382792154,19.745833333333508],[110.52693742540038,19.744588402642307]]]}},{"type":"Feature","id":"hydrolakes:1392570","properties":{"Hylak_id":1392570,"Lake_name":"","Country":"China","Continent":"Asia","Poly_src":"SWBD","Lake_type":1,"Grand_id":0,"Lake_area":0.22,"Shore_len":2.19,"Shore_dev":1.31,"Vol_total":0.51,"Vol_res":0.0,"Vol_src":3,"Depth_avg":2.3,"Dis_avg":0.006,"Res_time":991.1,"Elevation":43,"Slope_100":1.04,"Wshd_area":0.2,"Pour_long":110.446875,"Pour_lat":19.747054,"source_id":"hydrolakes:1392570","label":""},"geometry":{"type":"Polygon","coordinates":[[[110.44679551866227,19.74832300821953],[110.4516563245976,19.74532585991767],[110.45017181396395,19.74498860677096],[110.44958333333233,19.744305555555854],[110.4463408067482,19.74486646864159],[110.44511003282224,19.744179789225313],[110.44349487304584,19.745080956353263],[110.44365237765732,19.74704155815988],[110.44542629665705,19.746899024115862],[110.44582299126432,19.747788102891832],[110.44679551866227,19.74832300821953]]]}},{"type":"Feature","id":"hydrolakes:1392571","properties":{"Hylak_id":1392571,"Lake_name":"","Country":"China","Continent":"Asia","Poly_src":"SWBD","Lake_type":1,"Grand_id":0,"Lake_area":0.17,"Shore_len":1.85,"Shore_dev":1.25,"Vol_total":0.51,"Vol_res":0.0,"Vol_src":3,"Depth_avg":2.9,"Dis_avg":0.043,"Res_time":137.2,"Elevation":47,"Slope_100":1.76,"Wshd_area":1.4,"Pour_long":110.488542,"Pour_lat":19.743974,"source_id":"hydrolakes:1392571","label":""},"geometry":{"type":"Polygon","coordinates":[[[110.4922118801532,19.743750983344285],[110.49171013726021,19.742373741997824],[110.48888519287027,19.74260074191642],[110.48708333333241,19.741250000000093],[110.48598341200005,19.741393924289525],[110.48755154079765,19.745526207818102],[110.48893937852552,19.745637732611897],[110.4922118801532,19.743750983344285]]]}},{"type":"Feature","id":"hydrolakes:1392572","properties":{"Hylak_id":1392572,"Lake_name":"","Country":"China","Continent":"Asia","Poly_src":"SWBD","Lake_type":1,"Grand_id":0,"Lake_area":0.52,"Shore_len":5.67,"Shore_dev":2.21,"Vol_total":1.54,"Vol_res":0.0,"Vol_src":3,"Depth_avg":2.9,"Dis_avg":0.241,"Res_time":73.8,"Elevation":68,"Slope_100":1.27,"Wshd_area":7.9,"Pour_long":110.567706,"Pour_lat":19.743929,"source_id":"hydrolakes:1392572","label":""},"geometry":{"type":"Polygon","coordinates":[[[110.56389166937828,19.746064876980427],[110.56497402614917,19.74396387736016],[110.56743157280715,19.744719441731945],[110.56805277506402,19.743740403917343],[110.56714864094948,19.743301764594378],[110.56791666666567,19.739861111111225],[110.56748141818474,19.74000235663533],[110.56668233235587,19.740834011501875],[110.56333055284199,19.741663886176298],[110.56291144476887,19.742100101047185],[110.56389756944344,19.743047536214306],[110.56387939453026,19.74393661499039],[110.5633034261059,19.744441663954206],[110.56150275336279,19.74351406521282],[110.56067986382288,19.742258877224515],[110.55958828396172,19.74190465291349],[110.55714111328024,19.741954600016356],[110.55528055826721,19.743291795518758],[110.55722500271168,19.74360833062076],[110.5594527859148,19.744436102973168],[110.55999721950866,19.745558336046145],[110.56244696722985,19.746353285047974],[110.56340053982115,19.75074105156807],[110.56258409288085,19.751945495605753],[110.56493557400069,19.752774997287474],[110.56583055284193,19.751348097059577],[110.56389166937828,19.746064876980427]]]}},{"type":"Feature","id":"hydrolakes:1392576","properties":{"Hylak_id":1392576,"Lake_name":"","Country":"China","Continent":"Asia","Poly_src":"SWBD","Lake_type":1,"Grand_id":0,"Lake_area":0.18,"Shore_len":1.94,"Shore_dev":1.3,"Vol_total":0.51,"Vol_res":0.0,"Vol_src":3,"Depth_avg":2.9,"Dis_avg":0.068,"Res_time":87.4,"Elevation":69,"Slope_100":1.71,"Wshd_area":2.2,"Pour_long":110.566905,"Pour_lat":19.737762,"source_id":"hydrolakes:1392576","label":""},"geometry":{"type":"Polygon","coordinates":[[[110.57109571668735,19.734182027181134],[110.5706944444434,19.732916666666824],[110.56998460557634,19.733040195041497],[110.56856764051554,19.73417349921351],[110.56629964192621,19.73501193576402],[110.56588846842351,19.738317972819175],[110.56695983886613,19.738070916070058],[110.56773559570217,19.736793619791854],[110.57130771213002,19.7363468424482],[110.57143100314568,19.73535602145745],[110.57109571668735,19.734182027181134]]]}},{"type":"Feature","id":"hydrolakes:1392588","properties":{"Hylak_id":1392588,"Lake_name":"","Country":"China","Continent":"Asia","Poly_src":"SWBD","Lake_type":1,"Grand_id":0,"Lake_area":0.51,"Shore_len":3.26,"Shore_dev":1.29,"Vol_total":1.83,"Vol_res":0.0,"Vol_src":3,"Depth_avg":3.6,"Dis_avg":0.173,"Res_time":122.7,"Elevation":70,"Slope_100":1.94,"Wshd_area":5.7,"Pour_long":110.532505,"Pour_lat":19.725959,"source_id":"hydrolakes:1392588","label":""},"geometry":{"type":"Polygon","coordinates":[[[110.5388018459733,19.72757924397814],[110.54067206488617,19.725395287407935],[110.53930555555456,19.72375000000011],[110.5388266330284,19.72389419555674],[110.53770446777253,19.72510740492106],[110.53594682481452,19.725891689724506],[110.5334272257478,19.72491433037669],[110.53204884846912,19.72502509223102],[110.53167700873377,19.725810597737848],[110.53417700873393,19.72915634155288],[110.53477386474509,19.73149107191307],[110.53576341416994,19.732343614366414],[110.53732727050692,19.732767452664064],[110.53939032660503,19.73173563639341],[110.53971188015294,19.730057356092743],[110.5388018459733,19.72757924397814]]]}},{"type":"Feature","id":"hydrolakes:1392607","properties":{"Hylak_id":1392607,"Lake_name":"","Country":"China","Continent":"Asia","Poly_src":"SWBD","Lake_type":1,"Grand_id":0,"Lake_area":0.16,"Shore_len":1.69,"Shore_dev":1.18,"Vol_total":0.56,"Vol_res":0.0,"Vol_src":3,"Depth_avg":3.5,"Dis_avg":0.031,"Res_time":210.3,"Elevation":73,"Slope_100":2.56,"Wshd_area":1.0,"Pour_long":110.552091,"Pour_lat":19.702713,"source_id":"hydrolakes:1392607","label":""},"geometry":{"type":"Polygon","coordinates":[[[110.55238532172223,19.7016271633575],[110.55208333333246,19.701250000000243],[110.55001539442168,19.701390279134216],[110.55027716742529,19.702582499186292],[110.55127339680905,19.70338026258696],[110.55252943250775,19.705448167589054],[110.55581793890963,19.703800150553548],[110.5551091851118,19.70202358669718],[110.55238532172223,19.7016271633575]]]}},{"type":"Feature","id":"hydrolakes:1392615","properties":{"Hylak_id":1392615,"Lake_name":"","Country":"China","Continent":"Asia","Poly_src":"SWBD","Lake_type":1,"Grand_id":0,"Lake_area":0.85,"Shore_len":8.35,"Shore_dev":2.56,"Vol_total":3.38,"Vol_res":0.0,"Vol_src":3,"Depth_avg":4.0,"Dis_avg":0.348,"Res_time":112.4,"Elevation":27,"Slope_100":2.06,"Wshd_area":11.5,"Pour_long":110.238629,"Pour_lat":19.697222,"source_id":"hydrolakes:1392615","label":""},"geometry":{"type":"Polygon","coordinates":[[[110.23361892700098,19.701952243381186],[110.23414404974932,19.701364542643375],[110.23479253133041,19.701716918945408],[110.23603797064783,19.703603312174607],[110.2367036777062,19.70159311930354],[110.2366131591786,19.700074564616045],[110.23881988525278,19.698473069932902],[110.23975862291047,19.69686069064693],[110.23970867580749,19.696022847493566],[110.23490917629567,19.69151533338777],[110.23598154703683,19.68978068033863],[110.23486111111015,19.68875000000014],[110.23443662855249,19.68888108995236],[110.23351099649955,19.692485080295228],[110.23138107299712,19.692769978841284],[110.23111892700103,19.69385443793425],[110.23500781588984,19.694158867730152],[110.23639670477866,19.694714423285745],[110.23693662855254,19.6956808810765],[110.23606084187719,19.697292548285702],[110.23381256103409,19.69894229465075],[110.23203065660175,19.69890858968114],[110.22930513169933,19.70026997884139],[110.22692564222444,19.69879896375886],[110.2242274305546,19.698959757487103],[110.22361892700093,19.700285576714577],[110.2221973164867,19.70083207872193],[110.22225140041678,19.701739434136414],[110.22423389010862,19.70162126329234],[110.22526996188589,19.69999220106365],[110.22574362860712,19.69973002115904],[110.22702862209655,19.70062761094846],[110.2282084316667,19.702482672797544],[110.23084114922307,19.703047756619014],[110.23162329779626,19.704277581109068],[110.23193662855272,19.70695224338118],[110.23255135430128,19.707214423285677],[110.23323148939267,19.706453213162035],[110.2327150302454,19.704524943034073],[110.23282614813803,19.7026605902779],[110.23361892700098,19.701952243381186]]]}},{"type":"Feature","id":"hydrolakes:1392627","properties":{"Hylak_id":1392627,"Lake_name":"","Country":"China","Continent":"Asia","Poly_src":"SWBD","Lake_type":1,"Grand_id":0,"Lake_area":0.22,"Shore_len":3.15,"Shore_dev":1.9,"Vol_total":0.52,"Vol_res":0.0,"Vol_src":3,"Depth_avg":2.4,"Dis_avg":0.698,"Res_time":8.5,"Elevation":43,"Slope_100":1.05,"Wshd_area":22.8,"Pour_long":110.182124,"Pour_lat":19.687714,"source_id":"hydrolakes:1392627","label":""},"geometry":{"type":"Polygon","coordinates":[[[110.18275989108503,19.678906758626454],[110.18263888888794,19.67791666666693],[110.18036448160717,19.67871880425355],[110.18025482177643,19.679460923936915],[110.18157996283531,19.679829915364735],[110.1817487589509,19.680972222222294],[110.18157034979833,19.682179565429806],[110.18234298705966,19.682775946723268],[110.18154357910066,19.683811645508],[110.18015391031798,19.684778035481884],[110.18146769205617,19.686550055609928],[110.18124786376842,19.6880376858183],[110.18320807562822,19.68777781168643],[110.18214206271597,19.68543663872623],[110.18321053398876,19.68390021430139],[110.18442655775186,19.683561604817953],[110.18418455335734,19.68248213026277],[110.18319510565766,19.681890360514558],[110.18374933878488,19.679498528374722],[110.18275989108503,19.678906758626454]]]}},{"type":"Feature","id":"hydrolakes:1392631","properties":{"Hylak_id":1392631,"Lake_name":"","Country":"China","Continent":"Asia","Poly_src":"SWBD","Lake_type":1,"Grand_id":0,"Lake_area":0.19,"Shore_len":1.96,"Shore_dev":1.26,"Vol_total":0.48,"Vol_res":0.0,"Vol_src":3,"Depth_avg":2.5,"Dis_avg":0.067,"Res_time":83.0,"Elevation":47,"Slope_100":1.23,"Wshd_area":2.2,"Pour_long":110.00894,"Pour_lat":19.685167,"source_id":"hydrolakes:1392631","label":""},"geometry":{"type":"Polygon","coordinates":[[[110.00940294053726,19.68646504720067],[110.00988962385276,19.684760708279214],[110.00878808763196,19.682947150336474],[110.00720603942767,19.68314395480695],[110.00624999999894,19.682638888889016],[110.0044117101022,19.682763604058266],[110.00495844311075,19.683693678114253],[110.00504515541832,19.6843908013239],[110.00423380533749,19.686270345052208],[110.00613734139228,19.685726759168972],[110.00865523868032,19.687206861707978],[110.00940294053726,19.68646504720067]]]}},{"type":"Feature","id":"hydrolakes:1392632","properties":{"Hylak_id":1392632,"Lake_name":"","Country":"China","Continent":"Asia","Poly_src":"SWBD","Lake_type":1,"Grand_id":0,"Lake_area":0.38,"Shore_len":4.9,"Shore_dev":2.23,"Vol_total":1.06,"Vol_res":0.0,"Vol_src":3,"Depth_avg":2.8,"Dis_avg":0.221,"Res_time":55.3,"Elevation":49,"Slope_100":1.22,"Wshd_area":7.3,"Pour_long":110.150933,"Pour_lat":19.684937,"source_id":"hydrolakes:1392632","label":""},"geometry":{"type":"Polygon","coordinates":[[[110.15324350992734,19.68570119222028],[110.15343293931653,19.683343675401773],[110.15276745266277,19.683600769043267],[110.15204949272896,19.68443410237643],[110.1510023159442,19.684032796224074],[110.15006106906361,19.6811800469294],[110.1480348714183,19.679725104438035],[110.1489069112132,19.67861161973758],[110.14829698350593,19.677751397027066],[110.14915634155182,19.677011040581817],[110.14821719699341,19.67603027343762],[110.14874262491765,19.673621453179464],[110.14749545627063,19.674185282389487],[110.14680555555452,19.67319444444456],[110.14557378133043,19.673565300835662],[110.14692747327922,19.6749277072484],[110.14720971001412,19.678440246582284],[110.14633002387063,19.679198167589163],[110.14584365844615,19.68028811984601],[110.14521314832825,19.680831332736716],[110.1468054368753,19.681193067762763],[110.14785710652575,19.682878011067885],[110.1472920905208,19.684416571723204],[110.14828501383374,19.684496358235833],[110.14934711032345,19.683743286132994],[110.15031126234163,19.68566406250011],[110.15234605577166,19.686934102376483],[110.15373209635311,19.686576877170296],[110.15324350992734,19.68570119222028]]]}},{"type":"Feature","id":"hydrolakes:1392635","properties":{"Hylak_id":1392635,"Lake_name":"","Country":"China","Continent":"Asia","Poly_src":"SWBD","Lake_type":1,"Grand_id":0,"Lake_area":0.61,"Shore_len":7.18,"Shore_dev":2.6,"Vol_total":2.71,"Vol_res":0.0,"Vol_src":3,"Depth_avg":4.5,"Dis_avg":0.335,"Res_time":93.8,"Elevation":68,"Slope_100":2.91,"Wshd_area":10.7,"Pour_long":110.527086,"Pour_lat":19.681937,"source_id":"hydrolakes:1392635","label":""},"geometry":{"type":"Polygon","coordinates":[[[110.5320121595584,19.683057996961907],[110.53901329888151,19.68058339436857],[110.54267279730794,19.678065219455505],[110.5446607123472,19.67798641628707],[110.54716098361445,19.67970689561639],[110.5495958794479,19.68060411241339],[110.55070732964316,19.682494710286562],[110.55192708333243,19.681805623372497],[110.55080084906575,19.680061611599513],[110.54794392903557,19.67926523844409],[110.54691670735588,19.678601921929555],[110.5459163411449,19.676482204861202],[110.54374999999902,19.675694444444616],[110.54129828558922,19.675832858615593],[110.53903174506206,19.679047749837423],[110.5374346584735,19.68027248806436],[110.5338722059451,19.68000444200311],[110.53393822563913,19.67833862304701],[110.53289357503161,19.67865295410172],[110.53246103922436,19.680468919542307],[110.5307281155047,19.681661376953286],[110.52913804795907,19.681331753201107],[110.52809105767062,19.680283067491473],[110.52500528971257,19.681226264106158],[110.52611602783094,19.683328043619895],[110.5320121595584,19.683057996961907]]]}},{"type":"Feature","id":"hydrolakes:1392639","properties":{"Hylak_id":1392639,"Lake_name":"","Country":"China","Continent":"Asia","Poly_src":"SWBD","Lake_type":1,"Grand_id":0,"Lake_area":0.45,"Shore_len":3.57,"Shore_dev":1.5,"Vol_total":1.13,"Vol_res":0.0,"Vol_src":3,"Depth_avg":2.5,"Dis_avg":0.133,"Res_time":98.5,"Elevation":15,"Slope_100":0.95,"Wshd_area":4.2,"Pour_long":110.772828,"Pour_lat":19.678426,"source_id":"hydrolakes:1392639","label":""},"geometry":{"type":"Polygon","coordinates":[[[110.77373440212585,19.68151214599635],[110.7745887586795,19.680748765733767],[110.77574496798957,19.681377054850373],[110.77610331217352,19.680415445963718],[110.77346774630985,19.677845458984507],[110.77152777777673,19.677361111111225],[110.7689982774512,19.677543945312664],[110.76861891004677,19.679174465603467],[110.76786749945649,19.67971442328576],[110.76620083278988,19.67861891004776],[110.76432759602761,19.679927368164215],[110.76249220106234,19.680269978841295],[110.76223002115779,19.680720825195408],[110.76480319552866,19.681936645507903],[110.76643202039833,19.681051500108595],[110.76848653157452,19.68149044460739],[110.77168185763782,19.68258022732215],[110.77312554253388,19.682193569607307],[110.77373440212585,19.68151214599635]]]}},{"type":"Feature","id":"hydrolakes:1392652","properties":{"Hylak_id":1392652,"Lake_name":"","Country":"China","Continent":"Asia","Poly_src":"SWBD","Lake_type":1,"Grand_id":0,"Lake_area":0.66,"Shore_len":8.1,"Shore_dev":2.82,"Vol_total":1.64,"Vol_res":0.0,"Vol_src":3,"Depth_avg":2.5,"Dis_avg":17.199,"Res_time":1.1,"Elevation":0,"Slope_100":0.84,"Wshd_area":505.0,"Pour_long":110.907697,"Pour_lat":19.661856,"source_id":"hydrolakes:1392652","label":""},"geometry":{"type":"Polygon","coordinates":[[[110.90332804361873,19.648338623046982],[110.90111640082358,19.648347744412035],[110.9040481228289,19.649737752278725],[110.90920118543733,19.65593404134131],[110.90910163031577,19.658446011013552],[110.90945793999481,19.65946255154097],[110.90751180012916,19.66134735107437],[110.9072180853941,19.661969807942796],[110.90598849826301,19.662550082736743],[110.90282545301551,19.665480787489287],[110.90205695258157,19.66794362386088],[110.89947747124467,19.67347218831395],[110.89939514160056,19.675550265842162],[110.90186909993389,19.675259941948866],[110.90235053168317,19.6737394205731],[110.90330268012048,19.67285719129785],[110.90337164984726,19.671116027832284],[110.90250528971245,19.670313279893946],[110.90282389322812,19.66827741834868],[110.90444973415691,19.66722751193589],[110.90474358452587,19.66568834092908],[110.90567559136196,19.66424506293413],[110.9102380371084,19.661740315755424],[110.91123833550245,19.659448174370823],[110.91056125216909,19.65499528672973],[110.90961161295473,19.65336022271066],[110.90698160807199,19.651506042480605],[110.90490675184378,19.649266764323045],[110.90332804361873,19.648338623046982]]]}},{"type":"Feature","id":"hydrolakes:1392655","properties":{"Hylak_id":1392655,"Lake_name":"","Country":"China","Continent":"Asia","Poly_src":"SWBD","Lake_type":1,"Grand_id":0,"Lake_area":0.18,"Shore_len":2.35,"Shore_dev":1.54,"Vol_total":0.47,"Vol_res":0.0,"Vol_src":3,"Depth_avg":2.6,"Dis_avg":0.366,"Res_time":15.0,"Elevation":55,"Slope_100":1.34,"Wshd_area":11.9,"Pour_long":110.167259,"Pour_lat":19.660081,"source_id":"hydrolakes:1392655","label":""},"geometry":{"type":"Polygon","coordinates":[[[110.16387895372071,19.655663146972756],[110.16374999999914,19.653472222222376],[110.16244781494032,19.65363508436434],[110.16190300835393,19.655052456326246],[110.16418202718006,19.658317972819248],[110.1644992913129,19.659784274631136],[110.16638705783333,19.661371392144247],[110.16716595119794,19.661468268500585],[110.16785047742945,19.65988257514124],[110.16680494520295,19.65816124810135],[110.16612647162452,19.65776241726354],[110.16496526082267,19.657511189778802],[110.16387895372071,19.655663146972756]]]}},{"type":"Feature","id":"hydrolakes:1392660","properties":{"Hylak_id":1392660,"Lake_name":"","Country":"China","Continent":"Asia","Poly_src":"SWBD","Lake_type":1,"Grand_id":0,"Lake_area":0.2,"Shore_len":2.31,"Shore_dev":1.44,"Vol_total":0.68,"Vol_res":0.0,"Vol_src":3,"Depth_avg":3.4,"Dis_avg":0.088,"Res_time":90.0,"Elevation":78,"Slope_100":2.25,"Wshd_area":2.8,"Pour_long":110.553272,"Pour_lat":19.652431,"source_id":"hydrolakes:1392660","label":""},"geometry":{"type":"Polygon","coordinates":[[[110.55446763780282,19.653996514214498],[110.55576002332805,19.653521898057818],[110.55789279513795,19.654711880154196],[110.5577762179895,19.65316535102005],[110.55605136447383,19.651163330078305],[110.55486111111003,19.650694444444582],[110.55223253038105,19.650836927626017],[110.55250671386625,19.654101833767527],[110.55434095594518,19.656656324598657],[110.55474100748597,19.656393669976353],[110.55417697482551,19.655382826063658],[110.55446763780282,19.653996514214498]]]}},{"type":"Feature","id":"hydrolakes:1392661","properties":{"Hylak_id":1392661,"Lake_name":"","Country":"China","Continent":"Asia","Poly_src":"SWBD","Lake_type":1,"Grand_id":0,"Lake_area":0.35,"Shore_len":4.25,"Shore_dev":2.04,"Vol_total":1.15,"Vol_res":0.0,"Vol_src":3,"Depth_avg":3.3,"Dis_avg":0.236,"Res_time":56.6,"Elevation":58,"Slope_100":1.88,"Wshd_area":7.7,"Pour_long":110.118349,"Pour_lat":19.65108,"source_id":"hydrolakes:1392661","label":""},"geometry":{"type":"Polygon","coordinates":[[[110.11963304307613,19.647997945149825],[110.12011435614585,19.6448953586156],[110.11991890801215,19.642463073730653],[110.11819444444342,19.640138888889112],[110.11736119588107,19.640290866428074],[110.11831858316947,19.644410298665434],[110.11848227606771,19.64637854682087],[110.11566601223313,19.644721747504548],[110.11389922247895,19.644547932942828],[110.11528810289059,19.645545213487594],[110.11582300821823,19.646399230957115],[110.11740888807412,19.647537977430716],[110.11717342800472,19.650468309190614],[110.11578435261941,19.651088155110756],[110.11670544094403,19.651881713867283],[110.11899393717346,19.652211880154255],[110.12036649915808,19.651446092393826],[110.11984044392796,19.650992872450217],[110.11930850558713,19.64922610812738],[110.12018352932313,19.64847222222238],[110.11963304307613,19.647997945149825]]]}},{"type":"Feature","id":"hydrolakes:1392671","properties":{"Hylak_id":1392671,"Lake_name":"","Country":"China","Continent":"Asia","Poly_src":"SWBD","Lake_type":1,"Grand_id":0,"Lake_area":0.38,"Shore_len":4.53,"Shore_dev":2.06,"Vol_total":1.57,"Vol_res":0.0,"Vol_src":3,"Depth_avg":4.1,"Dis_avg":0.527,"Res_time":34.5,"Elevation":70,"Slope_100":2.78,"Wshd_area":16.8,"Pour_long":110.58125,"Pour_lat":19.640592,"source_id":"hydrolakes:1392671","label":""},"geometry":{"type":"Polygon","coordinates":[[[110.58038187662652,19.64656148274753],[110.58222222222122,19.6459011501737],[110.58433390299388,19.64665886773014],[110.58572001139237,19.64611965603325],[110.5863810899512,19.644277208116478],[110.5857687038835,19.642703077528324],[110.58228379991226,19.64067416720934],[110.58105556911784,19.63929948594847],[110.5793055555547,19.638472222222333],[110.57810845269,19.63869564480268],[110.57801934136177,19.640191040039213],[110.57952467176545,19.640655890570827],[110.58013258192182,19.64198028564465],[110.58110331217341,19.642507798936833],[110.5825433349599,19.642776590983146],[110.58344380696519,19.64369503445107],[110.58256252712579,19.64508080376544],[110.58167446560242,19.64556335449231],[110.58037740071518,19.645865139431578],[110.57856899685231,19.64698313395195],[110.57611891004666,19.647553168402908],[110.57750779893564,19.6486033121746],[110.57821445041128,19.64971442328573],[110.58038187662652,19.64656148274753]]]}},{"type":"Feature","id":"hydrolakes:1392675","properties":{"Hylak_id":1392675,"Lake_name":"","Country":"China","Continent":"Asia","Poly_src":"SWBD","Lake_type":1,"Grand_id":0,"Lake_area":0.25,"Shore_len":2.28,"Shore_dev":1.29,"Vol_total":0.62,"Vol_res":0.0,"Vol_src":3,"Depth_avg":2.5,"Dis_avg":0.071,"Res_time":100.3,"Elevation":7,"Slope_100":1.13,"Wshd_area":2.2,"Pour_long":110.940625,"Pour_lat":19.636206,"source_id":"hydrolakes:1392675","label":""},"geometry":{"type":"Polygon","coordinates":[[[110.93737169053725,19.638205023871706],[110.93779256184797,19.637750854492367],[110.93889383951722,19.63777208116329],[110.93940110948267,19.63831956651501],[110.9413300238707,19.638655463324767],[110.94221693250785,19.637833692762683],[110.94152777777686,19.634861111111263],[110.93881618923524,19.63501420762833],[110.93444973415706,19.637165154351294],[110.93475497775512,19.63914045545806],[110.93629618326747,19.639201524522775],[110.93737169053725,19.638205023871706]]]}},{"type":"Feature","id":"hydrolakes:1392681","properties":{"Hylak_id":1392681,"Lake_name":"","Country":"China","Continent":"Asia","Poly_src":"SWBD","Lake_type":1,"Grand_id":0,"Lake_area":0.25,"Shore_len":3.64,"Shore_dev":2.05,"Vol_total":0.69,"Vol_res":0.0,"Vol_src":3,"Depth_avg":2.8,"Dis_avg":0.019,"Res_time":421.3,"Elevation":82,"Slope_100":1.41,"Wshd_area":0.6,"Pour_long":110.142546,"Pour_lat":19.6269,"source_id":"hydrolakes:1392681","label":""},"geometry":{"type":"Polygon","coordinates":[[[110.14491544935345,19.626711629231863],[110.14548478868164,19.623058030870368],[110.14456770155056,19.618765631781798],[110.14430555555464,19.614583333333485],[110.14360329521935,19.614714423285704],[110.14314317491215,19.61669203016504],[110.14371856689348,19.621019388834725],[110.14326538085845,19.62399868435358],[110.14342185126299,19.62662411159954],[110.141070183647,19.62556335449233],[110.14114013671764,19.626736992730116],[110.14210391574323,19.62759809705966],[110.1442369757749,19.627470974392565],[110.14491544935345,19.626711629231863]]]}},{"type":"Feature","id":"hydrolakes:1392689","properties":{"Hylak_id":1392689,"Lake_name":"","Country":"China","Continent":"Asia","Poly_src":"SWBD","Lake_type":1,"Grand_id":0,"Lake_area":0.19,"Shore_len":2.31,"Shore_dev":1.51,"Vol_total":0.43,"Vol_res":0.0,"Vol_src":3,"Depth_avg":2.3,"Dis_avg":0.078,"Res_time":64.0,"Elevation":4,"Slope_100":1.06,"Wshd_area":2.4,"Pour_long":110.907847,"Pour_lat":19.617919,"source_id":"hydrolakes:1392689","label":""},"geometry":{"type":"Polygon","coordinates":[[[110.91254306369257,19.619745415581747],[110.91304273817167,19.61804270426444],[110.91444315592355,19.617321472168157],[110.91459398057634,19.616401740180322],[110.91359998914845,19.616970994737642],[110.91347222222134,19.615972222222354],[110.91270968966921,19.6161080932618],[110.9118468560103,19.61714684380439],[110.90675571017692,19.61671284993497],[110.90751281738187,19.6177649264867],[110.90777777777691,19.61954352484821],[110.91014614528973,19.619302130805295],[110.91254306369257,19.619745415581747]]]}},{"type":"Feature","id":"hydrolakes:1392694","properties":{"Hylak_id":1392694,"Lake_name":"","Country":"China","Continent":"Asia","Poly_src":"SWBD","Lake_type":1,"Grand_id":0,"Lake_area":0.49,"Shore_len":4.04,"Shore_dev":1.63,"Vol_total":2.24,"Vol_res":0.0,"Vol_src":3,"Depth_avg":4.6,"Dis_avg":0.077,"Res_time":337.1,"Elevation":40,"Slope_100":3.28,"Wshd_area":2.4,"Pour_long":110.66727,"Pour_lat":19.608687,"source_id":"hydrolakes:1392694","label":""},"geometry":{"type":"Polygon","coordinates":[[[110.66202453613187,19.606465318468054],[110.6630249701596,19.606340874566058],[110.66511915418744,19.606793958875983],[110.66584872775508,19.608040195041326],[110.66616638183518,19.609151306152512],[110.66887118869255,19.608879665798725],[110.66918796115374,19.608055555555666],[110.66809583875767,19.604655795627366],[110.66713094075413,19.604088643392004],[110.66458333333242,19.603194444444682],[110.66328721788102,19.6035650295683],[110.66165127224303,19.604429083930256],[110.66123921712159,19.60494367811424],[110.65884724934796,19.605545857747586],[110.6573769124339,19.606438971625664],[110.65685424804582,19.6070916408965],[110.65418206108842,19.60821767171251],[110.6544290500209,19.60862647162554],[110.65673848469947,19.609429083930195],[110.65825256347551,19.609148356119874],[110.65890428331068,19.60862647162554],[110.65966640896164,19.60737172444675],[110.66202453613187,19.606465318468054]]]}},{"type":"Feature","id":"hydrolakes:1392695","properties":{"Hylak_id":1392695,"Lake_name":"","Country":"China","Continent":"Asia","Poly_src":"SWBD","Lake_type":1,"Grand_id":0,"Lake_area":0.18,"Shore_len":1.92,"Shore_dev":1.28,"Vol_total":0.65,"Vol_res":0.0,"Vol_src":3,"Depth_avg":3.6,"Dis_avg":0.082,"Res_time":91.5,"Elevation":94,"Slope_100":2.74,"Wshd_area":2.6,"Pour_long":110.241425,"Pour_lat":19.607819,"source_id":"hydrolakes:1392695","label":""},"geometry":{"type":"Polygon","coordinates":[[[110.24530069986878,19.606967366536708],[110.24553263346246,19.60581041124152],[110.24597222222127,19.605138888889144],[110.24525485568483,19.60525485568604],[110.24445793999479,19.605863444010538],[110.24330725775718,19.605636054145066],[110.24185416327487,19.606558600531855],[110.24112496269981,19.607816331651577],[110.24085625542426,19.609397108290125],[110.24161304049932,19.61053263346372],[110.24343158297967,19.609342210557827],[110.24576073540493,19.608875257704142],[110.24492506239056,19.607559000651293],[110.24530069986878,19.606967366536708]]]}},{"type":"Feature","id":"hydrolakes:1392698","properties":{"Hylak_id":1392698,"Lake_name":"","Country":"China","Continent":"Asia","Poly_src":"SWBD","Lake_type":1,"Grand_id":0,"Lake_area":0.17,"Shore_len":2.55,"Shore_dev":1.72,"Vol_total":0.49,"Vol_res":0.0,"Vol_src":3,"Depth_avg":2.8,"Dis_avg":0.05,"Res_time":112.7,"Elevation":90,"Slope_100":1.6,"Wshd_area":1.6,"Pour_long":110.29187,"Pour_lat":19.603183,"source_id":"hydrolakes:1392698","label":""},"geometry":{"type":"Polygon","coordinates":[[[110.29221944173082,19.603784281412857],[110.2918906317808,19.602229614257908],[110.29001335991654,19.602191331651625],[110.28891879611439,19.603330552843147],[110.2880215793175,19.603048536512745],[110.28669528537228,19.601668090820397],[110.28486111111022,19.60125000000022],[110.2840073649079,19.601416659885217],[110.28488335503363,19.602752787272266],[110.28723158094522,19.60332526312942],[110.28588250054145,19.60554992675793],[110.28749721950862,19.60499721950964],[110.28988355848435,19.604705641004955],[110.29221944173082,19.603784281412857]]]}},{"type":"Feature","id":"hydrolakes:1392704","properties":{"Hylak_id":1392704,"Lake_name":"","Country":"China","Continent":"Asia","Poly_src":"SWBD","Lake_type":1,"Grand_id":0,"Lake_area":0.38,"Shore_len":4.15,"Shore_dev":1.9,"Vol_total":1.61,"Vol_res":0.0,"Vol_src":3,"Depth_avg":4.2,"Dis_avg":0.102,"Res_time":183.3,"Elevation":59,"Slope_100":3.02,"Wshd_area":3.2,"Pour_long":110.455208,"Pour_lat":19.597917,"source_id":"hydrolakes:1392704","label":""},"geometry":{"type":"Polygon","coordinates":[[[110.45887993706486,19.59531199137382],[110.46167565239705,19.595334303114328],[110.46221188015318,19.594711880154193],[110.46582299126413,19.594343532986272],[110.46152777777706,19.59291666666678],[110.46019585503376,19.593090922037845],[110.45665632459742,19.59443410237651],[110.4531873236752,19.596944207085585],[110.45231424967358,19.59901730007607],[110.45446916368178,19.600545213487578],[110.45616583930013,19.60028120252838],[110.4573527696387,19.598903537326464],[110.45915632459747,19.598574523925947],[110.45889923095598,19.598322991265263],[110.45584367540044,19.598042263454886],[110.45652835421987,19.596979336209017],[110.45887993706486,19.59531199137382]]]}},{"type":"Feature","id":"hydrolakes:1392713","properties":{"Hylak_id":1392713,"Lake_name":"","Country":"China","Continent":"Asia","Poly_src":"SWBD","Lake_type":1,"Grand_id":0,"Lake_area":0.18,"Shore_len":2.25,"Shore_dev":1.48,"Vol_total":0.8,"Vol_res":0.0,"Vol_src":3,"Depth_avg":4.3,"Dis_avg":0.102,"Res_time":90.4,"Elevation":73,"Slope_100":3.94,"Wshd_area":3.2,"Pour_long":110.48614,"Pour_lat":19.582512,"source_id":"hydrolakes:1392713","label":""},"geometry":{"type":"Polygon","coordinates":[[[110.48887800428503,19.584165886773235],[110.48985127766827,19.58195454915375],[110.48767167833023,19.5825383165149],[110.48708333333241,19.581527777777865],[110.48514875623823,19.581692911784046],[110.48455881754461,19.582778523763125],[110.48526997884028,19.583896687825586],[110.48671115451293,19.5845581732857],[110.48815365261413,19.585846998426803],[110.48927917480376,19.588047756619062],[110.48993554009235,19.587053595649024],[110.49001037597566,19.58579820421022],[110.48920572916558,19.585079277886393],[110.48887800428503,19.584165886773235]]]}},{"type":"Feature","id":"hydrolakes:1392714","properties":{"Hylak_id":1392714,"Lake_name":"","Country":"China","Continent":"Asia","Poly_src":"SWBD","Lake_type":1,"Grand_id":0,"Lake_area":0.18,"Shore_len":1.83,"Shore_dev":1.21,"Vol_total":0.66,"Vol_res":0.0,"Vol_src":3,"Depth_avg":3.6,"Dis_avg":0.234,"Res_time":32.5,"Elevation":66,"Slope_100":2.74,"Wshd_area":7.5,"Pour_long":110.231452,"Pour_lat":19.582046,"source_id":"hydrolakes:1392714","label":""},"geometry":{"type":"Polygon","coordinates":[[[110.23249721950862,19.581113891601717],[110.23236111111004,19.58041666666685],[110.23038740369918,19.58059217664953],[110.22972941080621,19.583804762098737],[110.23083611382282,19.584163886176384],[110.23110833061969,19.585558336046176],[110.2327478705501,19.586386108398585],[110.23404481675783,19.585978427463203],[110.23249721950862,19.581113891601717]]]}},{"type":"Feature","id":"hydrolakes:1392723","properties":{"Hylak_id":1392723,"Lake_name":"","Country":"China","Continent":"Asia","Poly_src":"SWBD","Lake_type":1,"Grand_id":0,"Lake_area":0.1,"Shore_len":1.66,"Shore_dev":1.51,"Vol_total":0.37,"Vol_res":0.0,"Vol_src":3,"Depth_avg":3.8,"Dis_avg":0.077,"Res_time":55.1,"Elevation":91,"Slope_100":3.64,"Wshd_area":2.4,"Pour_long":110.55879,"Pour_lat":19.576965,"source_id":"hydrolakes:1392723","label":""},"geometry":{"type":"Polygon","coordinates":[[[110.55854031032885,19.575447421603826],[110.55874999999895,19.57208333333341],[110.55795606824995,19.57232849121101],[110.55675855848438,19.578325534396868],[110.55878417968654,19.578040093316247],[110.55924750433923,19.576748826768835],[110.55854031032885,19.575447421603826]]]}},{"type":"Feature","id":"hydrolakes:1392724","properties":{"Hylak_id":1392724,"Lake_name":"","Country":"China","Continent":"Asia","Poly_src":"SWBD","Lake_type":1,"Grand_id":0,"Lake_area":0.28,"Shore_len":2.64,"Shore_dev":1.41,"Vol_total":1.01,"Vol_res":0.0,"Vol_src":3,"Depth_avg":3.6,"Dis_avg":0.057,"Res_time":204.5,"Elevation":110,"Slope_100":2.39,"Wshd_area":1.8,"Pour_long":110.272593,"Pour_lat":19.575876,"source_id":"hydrolakes:1392724","label":""},"geometry":{"type":"Polygon","coordinates":[[[110.27318006727342,19.575643954806992],[110.27263888888791,19.570972222222395],[110.27093319362973,19.571153733995345],[110.26889417860133,19.57247043185788],[110.26917351616652,19.57366845024967],[110.27082804361868,19.575201449924123],[110.27055640326512,19.576696506076473],[110.26917195637913,19.577979227701974],[110.27200978596903,19.57999471028654],[110.27276662190644,19.579586588541872],[110.27279351128362,19.57890896267378],[110.27220740424156,19.5774820963544],[110.27318006727342,19.575643954806992]]]}},{"type":"Feature","id":"hydrolakes:1392735","properties":{"Hylak_id":1392735,"Lake_name":"","Country":"China","Continent":"Asia","Poly_src":"SWBD","Lake_type":1,"Grand_id":0,"Lake_area":0.16,"Shore_len":2.45,"Shore_dev":1.73,"Vol_total":0.61,"Vol_res":0.0,"Vol_src":3,"Depth_avg":3.8,"Dis_avg":0.019,"Res_time":369.2,"Elevation":82,"Slope_100":3.12,"Wshd_area":0.6,"Pour_long":110.229617,"Pour_lat":19.556509,"source_id":"hydrolakes:1392735","label":""},"geometry":{"type":"Polygon","coordinates":[[[110.22905073377723,19.555256720649027],[110.22874999999891,19.551805555555745],[110.2263923305926,19.552205844455443],[110.22611640082363,19.552555914984964],[110.22741187201501,19.55375623914938],[110.2284267171213,19.55513983832475],[110.22800896538519,19.557136501736238],[110.22640336778329,19.55789425320114],[110.22883299085731,19.559463161892438],[110.22947170681323,19.559437866211056],[110.22941857231899,19.558097398546124],[110.23050688001734,19.555603569878542],[110.22905073377723,19.555256720649027]]]}},{"type":"Feature","id":"hydrolakes:1392739","properties":{"Hylak_id":1392739,"Lake_name":"","Country":"China","Continent":"Asia","Poly_src":"SWBD","Lake_type":1,"Grand_id":0,"Lake_area":0.27,"Shore_len":3.15,"Shore_dev":1.71,"Vol_total":1.12,"Vol_res":0.0,"Vol_src":3,"Depth_avg":4.2,"Dis_avg":0.135,"Res_time":95.8,"Elevation":67,"Slope_100":3.21,"Wshd_area":4.2,"Pour_long":110.405208,"Pour_lat":19.54846,"source_id":"hydrolakes:1392739","label":""},"geometry":{"type":"Polygon","coordinates":[[[110.41089399549588,19.54424550374364],[110.41303493923505,19.54425048828142],[110.41402777777677,19.542361111111177],[110.4111859809019,19.54249335394985],[110.4095905219175,19.54308319091814],[110.40773081461481,19.545787760416772],[110.40668202718007,19.54640424940328],[110.40344109429168,19.54753875732439],[110.40443383110784,19.5502239990235],[110.40668202718007,19.549737582736725],[110.40723039415059,19.54825425889777],[110.40890424940216,19.54723758273667],[110.40921101887915,19.545474887424177],[110.41089399549588,19.54424550374364]]]}},{"type":"Feature","id":"hydrolakes:1392747","properties":{"Hylak_id":1392747,"Lake_name":"","Country":"China","Continent":"Asia","Poly_src":"SWBD","Lake_type":1,"Grand_id":0,"Lake_area":0.21,"Shore_len":2.44,"Shore_dev":1.5,"Vol_total":0.82,"Vol_res":0.0,"Vol_src":3,"Depth_avg":3.9,"Dis_avg":0.209,"Res_time":45.2,"Elevation":13,"Slope_100":3.03,"Wshd_area":6.5,"Pour_long":110.776022,"Pour_lat":19.53578,"source_id":"hydrolakes:1392747","label":""},"geometry":{"type":"Polygon","coordinates":[[[110.77698581271625,19.537222222222454],[110.77708333333248,19.53402777777785],[110.7745978461362,19.534183586968425],[110.77237874348862,19.53679219563827],[110.77316399468219,19.537671034071252],[110.7749238416875,19.537039591471455],[110.7762784152552,19.54165181477873],[110.77719502766826,19.541706441243605],[110.77725667317623,19.540672336154614],[110.7768841552724,19.538928731282738],[110.77698581271625,19.537222222222454]]]}},{"type":"Feature","id":"hydrolakes:1392755","properties":{"Hylak_id":1392755,"Lake_name":"","Country":"China","Continent":"Asia","Poly_src":"SWBD","Lake_type":1,"Grand_id":0,"Lake_area":0.29,"Shore_len":3.1,"Shore_dev":1.63,"Vol_total":1.19,"Vol_res":0.0,"Vol_src":3,"Depth_avg":4.1,"Dis_avg":0.263,"Res_time":52.2,"Elevation":63,"Slope_100":3.08,"Wshd_area":8.1,"Pour_long":110.658665,"Pour_lat":19.517421,"source_id":"hydrolakes:1392755","label":""},"geometry":{"type":"Polygon","coordinates":[[[110.65799669053729,19.521080966525687],[110.65831793890982,19.518873528374797],[110.65920172797206,19.517087232801714],[110.65905924479063,19.5159421115452],[110.65847222222118,19.51541666666691],[110.65692905002066,19.515540195041353],[110.65586629231677,19.515948689778725],[110.65609286838009,19.518341200086866],[110.65641140407882,19.51916988796671],[110.65602213541564,19.519832085503594],[110.65433688693486,19.519622463650308],[110.65390272352323,19.518592122395944],[110.65088968912659,19.518359002007458],[110.65115139431327,19.520462816026566],[110.65277777777692,19.520260518392092],[110.65384155273341,19.52039282904741],[110.6548560248471,19.52165964762378],[110.65673882378383,19.52198730468757],[110.65732977973005,19.52191379123275],[110.65799669053729,19.521080966525687]]]}},{"type":"Feature","id":"hydrolakes:1392762","properties":{"Hylak_id":1392762,"Lake_name":"","Country":"China","Continent":"Asia","Poly_src":"SWBD","Lake_type":1,"Grand_id":0,"Lake_area":0.94,"Shore_len":7.63,"Shore_dev":2.22,"Vol_total":5.2,"Vol_res":0.0,"Vol_src":3,"Depth_avg":5.6,"Dis_avg":0.305,"Res_time":197.4,"Elevation":109,"Slope_100":3.97,"Wshd_area":9.5,"Pour_long":110.125985,"Pour_lat":19.505845,"source_id":"hydrolakes:1392762","label":""},"geometry":{"type":"Polygon","coordinates":[[[110.1264042494023,19.50723758273665],[110.12731701320979,19.50562313503707],[110.1272623867448,19.503427124023574],[110.12692660861438,19.50194892035597],[110.12707365247843,19.500766805013086],[110.12760789659194,19.499857923719787],[110.12995547824329,19.500149943034046],[110.13026241726237,19.49946021185997],[110.12831797281791,19.49890424940338],[110.12773201836387,19.498172539605093],[110.12676812065877,19.498739149305777],[110.12359575059583,19.49807091607005],[110.12319444444341,19.496527777778],[110.12248463948464,19.496651306152444],[110.12217978583334,19.498745795356058],[110.12161685519635,19.49915130615244],[110.11727805243487,19.49709435356999],[110.11602817111435,19.497249823676327],[110.11608427259551,19.49896572536909],[110.11464536878702,19.499572041829595],[110.11279313829124,19.49915130615244],[110.11084869384678,19.4990395439998],[110.11149679395794,19.50014207628061],[110.11326338873863,19.499922315809613],[110.1144684346508,19.500802578396417],[110.11598397148884,19.501095750596903],[110.11766801622105,19.49933756510444],[110.11992195977001,19.49984954833991],[110.12226803249672,19.501342129177658],[110.12283949110139,19.50269829644111],[110.12282480875558,19.505239257812605],[110.1221256340865,19.506428697374247],[110.1212813313793,19.5064195421009],[110.11986178927867,19.50780544704884],[110.12086788601255,19.50861111111135],[110.11936275905941,19.510315517849563],[110.11947626749571,19.51122809516073],[110.12083918253478,19.511058553060025],[110.12577016194564,19.50789123535162],[110.1264042494023,19.50723758273665]]]}},{"type":"Feature","id":"hydrolakes:1392764","properties":{"Hylak_id":1392764,"Lake_name":"","Country":"China","Continent":"Asia","Poly_src":"SWBD","Lake_type":1,"Grand_id":0,"Lake_area":0.45,"Shore_len":4.34,"Shore_dev":1.82,"Vol_total":1.97,"Vol_res":0.0,"Vol_src":3,"Depth_avg":4.4,"Dis_avg":0.143,"Res_time":159.2,"Elevation":119,"Slope_100":3.0,"Wshd_area":4.5,"Pour_long":110.447917,"Pour_lat":19.502028,"source_id":"hydrolakes:1392764","label":""},"geometry":{"type":"Polygon","coordinates":[[[110.44806840684572,19.50146063910597],[110.44989919026614,19.500846184624606],[110.45304270426328,19.502764926486748],[110.45332048204114,19.500040045844287],[110.44970082600804,19.499280666775405],[110.44805382622519,19.498661804199287],[110.44757961696945,19.497045898437648],[110.44862789577815,19.49639929877395],[110.45094614664612,19.495530971951155],[110.45069444444357,19.494861111111277],[110.44763231065434,19.495449557834434],[110.44575419107963,19.494743821886004],[110.44378177218886,19.4996040513783],[110.44461656358419,19.500763990614246],[110.44620547824326,19.50111633300793],[110.44739993625109,19.50387047661684],[110.44819068060877,19.504153815375503],[110.44899804009225,19.502844916449817],[110.44806840684572,19.50146063910597]]]}},{"type":"Feature","id":"hydrolakes:1392765","properties":{"Hylak_id":1392765,"Lake_name":"","Country":"China","Continent":"Asia","Poly_src":"SWBD","Lake_type":1,"Grand_id":0,"Lake_area":0.24,"Shore_len":2.9,"Shore_dev":1.66,"Vol_total":0.63,"Vol_res":0.0,"Vol_src":3,"Depth_avg":2.6,"Dis_avg":0.292,"Res_time":24.8,"Elevation":75,"Slope_100":1.22,"Wshd_area":9.1,"Pour_long":110.168131,"Pour_lat":19.501529,"source_id":"hydrolakes:1392765","label":""},"geometry":{"type":"Polygon","coordinates":[[[110.16945729573479,19.501957295735906],[110.16966464572386,19.499018419053982],[110.16782877604066,19.498479648166438],[110.16736111110998,19.497916666666754],[110.1668694051096,19.49806094699443],[110.1647477891699,19.500044860839978],[110.16322523328893,19.498775193956305],[110.16056840684587,19.498471103244526],[110.16325797186857,19.500102098253137],[110.16405248006095,19.50105858696844],[110.16328799777449,19.501390143500544],[110.1648034498416,19.501931593153415],[110.16526492648563,19.501376037597822],[110.16596159193142,19.50112396240246],[110.16682232326826,19.502160135905115],[110.16851462470083,19.50332048204217],[110.16890792846584,19.502413635254072],[110.16945729573479,19.501957295735906]]]}},{"type":"Feature","id":"hydrolakes:1392773","properties":{"Hylak_id":1392773,"Lake_name":"","Country":"China","Continent":"Asia","Poly_src":"SWBD","Lake_type":1,"Grand_id":0,"Lake_area":0.29,"Shore_len":2.64,"Shore_dev":1.39,"Vol_total":1.23,"Vol_res":0.0,"Vol_src":3,"Depth_avg":4.3,"Dis_avg":1.636,"Res_time":8.7,"Elevation":35,"Slope_100":3.41,"Wshd_area":49.4,"Pour_long":110.6402,"Pour_lat":19.486547,"source_id":"hydrolakes:1392773","label":""},"geometry":{"type":"Polygon","coordinates":[[[110.64445726182618,19.48748714870885],[110.6429166666656,19.484861111111343],[110.64113837347992,19.485006612142172],[110.63987284342346,19.485555453830443],[110.6391794840485,19.486679517958066],[110.63723503960404,19.4870260281034],[110.63823187933923,19.48785264756964],[110.6408205159496,19.487443203396424],[110.64020894368394,19.488367004394604],[110.63993055555449,19.491098259819978],[110.64215081108853,19.490822109646388],[110.64347384982545,19.48946811252182],[110.64498718261615,19.489024013943208],[110.64445726182618,19.48748714870885]]]}},{"type":"Feature","id":"hydrolakes:1392786","properties":{"Hylak_id":1392786,"Lake_name":"","Country":"China","Continent":"Asia","Poly_src":"SWBD","Lake_type":1,"Grand_id":0,"Lake_area":0.18,"Shore_len":2.44,"Shore_dev":1.61,"Vol_total":0.59,"Vol_res":0.0,"Vol_src":3,"Depth_avg":3.2,"Dis_avg":0.085,"Res_time":79.9,"Elevation":131,"Slope_100":2.09,"Wshd_area":2.6,"Pour_long":110.057449,"Pour_lat":19.461869,"source_id":"hydrolakes:1392786","label":""},"geometry":{"type":"Polygon","coordinates":[[[110.05821417914387,19.456343892415532],[110.05847222222121,19.454861111111256],[110.05776241726255,19.454984639485758],[110.05679367065329,19.455692274305704],[110.05526713900991,19.455502421061283],[110.05484404669761,19.45888509114593],[110.0551609208838,19.461432630751062],[110.05801484001915,19.462762417263605],[110.05831797281803,19.461426968044805],[110.05692908392899,19.461126471625505],[110.05654838561918,19.460223049587853],[110.05726737975988,19.458557467990545],[110.05726442124995,19.456744113498416],[110.05821417914387,19.456343892415532]]]}},{"type":"Feature","id":"hydrolakes:1392792","properties":{"Hylak_id":1392792,"Lake_name":"","Country":"China","Continent":"Asia","Poly_src":"SWBD","Lake_type":1,"Grand_id":0,"Lake_area":0.62,"Shore_len":6.54,"Shore_dev":2.35,"Vol_total":2.73,"Vol_res":0.0,"Vol_src":3,"Depth_avg":4.4,"Dis_avg":0.509,"Res_time":62.2,"Elevation":55,"Slope_100":2.84,"Wshd_area":15.6,"Pour_long":110.598958,"Pour_lat":19.45089,"source_id":"hydrolakes:1392792","label":""},"geometry":{"type":"Polygon","coordinates":[[[110.60509935166994,19.456527777777865],[110.60491739908764,19.453475443522336],[110.60578199598416,19.452507798936722],[110.60682556152238,19.453881089952517],[110.60731628417875,19.453563028971416],[110.60645141601452,19.45167867024753],[110.60239644368403,19.45168111165384],[110.60015719943482,19.451381598578564],[110.59902777777677,19.449583333333408],[110.59504781087134,19.44987101237001],[110.59466722276386,19.450700208875958],[110.59304775661786,19.45138108995235],[110.59236640082383,19.452452426486616],[110.58922627766827,19.452872416178536],[110.5886189100467,19.454452243381184],[110.58723002115784,19.455460205078225],[110.58815843370132,19.45582553439698],[110.58973002115789,19.455563354492313],[110.59415886772905,19.452492201063535],[110.59500779893557,19.452230021158982],[110.59571051703455,19.45144358317077],[110.597573852538,19.450774976942398],[110.59934278699978,19.45205878363737],[110.60054775661803,19.453281962076915],[110.5994522433802,19.456178012424232],[110.60027730305882,19.45693664550788],[110.60111891004692,19.4566744656035],[110.60149664984709,19.456251763238072],[110.60231736924817,19.45698510064034],[110.60118706597109,19.458603312174603],[110.60306335449138,19.458341132270107],[110.60357442219959,19.457227681478003],[110.60509935166994,19.456527777777865]]]}},{"type":"Feature","id":"hydrolakes:1392797","properties":{"Hylak_id":1392797,"Lake_name":"","Country":"China","Continent":"Asia","Poly_src":"SWBD","Lake_type":1,"Grand_id":0,"Lake_area":0.26,"Shore_len":3.66,"Shore_dev":2.03,"Vol_total":1.03,"Vol_res":0.0,"Vol_src":3,"Depth_avg":4.0,"Dis_avg":0.08,"Res_time":149.0,"Elevation":49,"Slope_100":3.0,"Wshd_area":2.4,"Pour_long":110.590372,"Pour_lat":19.434312,"source_id":"hydrolakes:1392797","label":""},"geometry":{"type":"Polygon","coordinates":[[[110.59171522352335,19.421784735785707],[110.59152777777678,19.421250000000157],[110.58942782931757,19.421663547092123],[110.58945014105797,19.424726426866528],[110.58889417860138,19.426312594943738],[110.58971693250771,19.429449734158084],[110.59079311794602,19.429957614474915],[110.5908795844174,19.432138468424625],[110.58931145561957,19.435550265842153],[110.59047776963877,19.435101114908946],[110.59156602647477,19.433044433593807],[110.59221693250777,19.431187405056562],[110.59194112141819,19.42995619032132],[110.5905675591352,19.427960069444623],[110.59143554687398,19.42548353407136],[110.59137369791574,19.423088175455803],[110.59171522352335,19.421784735785707]]]}},{"type":"Feature","id":"hydrolakes:1392802","properties":{"Hylak_id":1392802,"Lake_name":"","Country":"China","Continent":"Asia","Poly_src":"SWBD","Lake_type":1,"Grand_id":0,"Lake_area":0.34,"Shore_len":3.16,"Shore_dev":1.53,"Vol_total":1.3,"Vol_res":0.0,"Vol_src":3,"Depth_avg":3.9,"Dis_avg":0.39,"Res_time":38.7,"Elevation":115,"Slope_100":2.56,"Wshd_area":11.9,"Pour_long":110.121143,"Pour_lat":19.42049,"source_id":"hydrolakes:1392802","label":""},"geometry":{"type":"Polygon","coordinates":[[[110.11547846476134,19.426688096788325],[110.11778322007814,19.426680976020123],[110.11977964613072,19.42350694444457],[110.12221944173069,19.421162787543494],[110.12194722493405,19.420552775065175],[110.12124999999895,19.420138888889028],[110.11916388617522,19.42027499728738],[110.11641499837134,19.42297058105487],[110.11427344428063,19.42548455132396],[110.11180821736548,19.42723341200093],[110.11111701965223,19.428575100369073],[110.11547846476134,19.426688096788325]]]}},{"type":"Feature","id":"hydrolakes:1392805","properties":{"Hylak_id":1392805,"Lake_name":"","Country":"China","Continent":"Asia","Poly_src":"SWBD","Lake_type":1,"Grand_id":0,"Lake_area":0.16,"Shore_len":1.65,"Shore_dev":1.16,"Vol_total":0.44,"Vol_res":0.0,"Vol_src":3,"Depth_avg":2.8,"Dis_avg":0.046,"Res_time":111.5,"Elevation":93,"Slope_100":1.63,"Wshd_area":1.4,"Pour_long":110.410892,"Pour_lat":19.418687,"source_id":"hydrolakes:1392805","label":""},"geometry":{"type":"Polygon","coordinates":[[[110.4116487969282,19.415295681423743],[110.41152777777688,19.415138888889032],[110.41064795599948,19.415383911132892],[110.40982503255111,19.417932671441065],[110.40910220675903,19.419130927191986],[110.40964867485803,19.421093207465333],[110.41172678629454,19.420363498263953],[110.41275990803928,19.41773559570322],[110.41249681260763,19.415950249566094],[110.4116487969282,19.415295681423743]]]}},{"type":"Feature","id":"hydrolakes:1392806","properties":{"Hylak_id":1392806,"Lake_name":"","Country":"China","Continent":"Asia","Poly_src":"SWBD","Lake_type":1,"Grand_id":0,"Lake_area":0.14,"Shore_len":1.97,"Shore_dev":1.47,"Vol_total":0.79,"Vol_res":0.0,"Vol_src":3,"Depth_avg":5.5,"Dis_avg":0.1,"Res_time":91.5,"Elevation":148,"Slope_100":7.09,"Wshd_area":3.0,"Pour_long":110.06577,"Pour_lat":19.417452,"source_id":"hydrolakes:1392806","label":""},"geometry":{"type":"Polygon","coordinates":[[[110.06801811218168,19.415863104926302],[110.07097222222126,19.41263888888915],[110.07023195902394,19.4127802191843],[110.06716072082429,19.414660712348166],[110.06532879299476,19.415240681966225],[110.0647291988787,19.415796237521818],[110.0646887461337,19.41681667751743],[110.06516576978782,19.4183233642579],[110.06631733364424,19.418369004991405],[110.06723810831602,19.417515869140686],[110.06801811218168,19.415863104926302]]]}},{"type":"Feature","id":"hydrolakes:1392820","properties":{"Hylak_id":1392820,"Lake_name":"","Country":"China","Continent":"Asia","Poly_src":"SWBD","Lake_type":1,"Grand_id":0,"Lake_area":0.21,"Shore_len":2.01,"Shore_dev":1.23,"Vol_total":0.68,"Vol_res":0.0,"Vol_src":3,"Depth_avg":3.2,"Dis_avg":0.126,"Res_time":62.2,"Elevation":60,"Slope_100":1.94,"Wshd_area":3.8,"Pour_long":110.461458,"Pour_lat":19.398653,"source_id":"hydrolakes:1392820","label":""},"geometry":{"type":"Polygon","coordinates":[[[110.46394738091271,19.3980941433378],[110.4629166666657,19.396805555555716],[110.46192908392908,19.39692905002181],[110.46084869384657,19.397793172200636],[110.45804019504016,19.39859571668842],[110.45723758273562,19.39934916178396],[110.45760447184148,19.40157613118498],[110.46045498318051,19.402035658094746],[110.46140424940216,19.40084872775617],[110.46170562744044,19.399455769856843],[110.46394738091271,19.3980941433378]]]}},{"type":"Feature","id":"hydrolakes:1392823","properties":{"Hylak_id":1392823,"Lake_name":"","Country":"China","Continent":"Asia","Poly_src":"SWBD","Lake_type":1,"Grand_id":0,"Lake_area":0.41,"Shore_len":4.92,"Shore_dev":2.17,"Vol_total":1.2,"Vol_res":0.0,"Vol_src":3,"Depth_avg":2.9,"Dis_avg":0.287,"Res_time":48.4,"Elevation":29,"Slope_100":1.38,"Wshd_area":8.7,"Pour_long":110.643019,"Pour_lat":19.391259,"source_id":"hydrolakes:1392823","label":""},"geometry":{"type":"Polygon","coordinates":[[[110.63882154676543,19.39694057888471],[110.64040384928279,19.396679484049628],[110.64005716959548,19.400081041124224],[110.64079026963867,19.400820515950613],[110.64111104329328,19.399373914930777],[110.64216417100602,19.39849914550797],[110.64141221788122,19.396021185981],[110.64244635687828,19.395162150065175],[110.6439317491309,19.394726223415944],[110.64385104709106,19.39393459743934],[110.64454867892692,19.3922984483508],[110.64374999999905,19.39069444444459],[110.64233330620573,19.39083584255667],[110.6411052110451,19.392314249674712],[110.64056837293737,19.394735039605223],[110.64022040473003,19.39534267849399],[110.63862419976027,19.39517998589423],[110.63704522026819,19.395621473524443],[110.63612392849285,19.397235039605107],[110.63488796657879,19.397771131727495],[110.63405863443916,19.39876946343327],[110.63487854003807,19.399908718533084],[110.63420525444792,19.401700642903734],[110.63489888509008,19.40248718261745],[110.63645874023331,19.400243259006174],[110.63613050672637,19.39800415039076],[110.63834615071528,19.39751281738296],[110.63882154676543,19.39694057888471]]]}},{"type":"Feature","id":"hydrolakes:1392828","properties":{"Hylak_id":1392828,"Lake_name":"","Country":"China","Continent":"Asia","Poly_src":"SWBD","Lake_type":1,"Grand_id":0,"Lake_area":0.76,"Shore_len":5.72,"Shore_dev":1.86,"Vol_total":3.37,"Vol_res":0.0,"Vol_src":3,"Depth_avg":4.5,"Dis_avg":0.272,"Res_time":143.2,"Elevation":62,"Slope_100":2.69,"Wshd_area":8.3,"Pour_long":110.409796,"Pour_lat":19.385574,"source_id":"hydrolakes:1392828","label":""},"geometry":{"type":"Polygon","coordinates":[[[110.41058037651817,19.393915405273503],[110.41562316894442,19.393974134657242],[110.41498389349954,19.393045111762262],[110.41499050564136,19.39184346516936],[110.41612755669416,19.391109212239712],[110.41682017008372,19.38643032497845],[110.41481618245342,19.38749077690977],[110.41299825032456,19.387562798394185],[110.4117281765399,19.38716071234836],[110.41139417860137,19.38610582139779],[110.41084031846697,19.385592651367347],[110.41097222222129,19.381250000000136],[110.40949120415485,19.381407606337007],[110.40811106363844,19.384015842014037],[110.4080318535689,19.386569824218896],[110.40842135959093,19.38780008951835],[110.40943990071509,19.388339029948042],[110.4102491929786,19.38830695258258],[110.41032484266407,19.39021484375013],[110.4094387478288,19.391661987304758],[110.40917195637928,19.393060845269247],[110.40882819281597,19.393379380967986],[110.40653618706489,19.397978447808384],[110.40745602077806,19.398465169270935],[110.40809061686099,19.396835530599105],[110.40944973415691,19.395838623047155],[110.41058037651817,19.393915405273503]]]}},{"type":"Feature","id":"hydrolakes:1392830","properties":{"Hylak_id":1392830,"Lake_name":"","Country":"China","Continent":"Asia","Poly_src":"SWBD","Lake_type":1,"Grand_id":0,"Lake_area":0.23,"Shore_len":3.24,"Shore_dev":1.91,"Vol_total":1.33,"Vol_res":0.0,"Vol_src":3,"Depth_avg":5.8,"Dis_avg":0.147,"Res_time":104.9,"Elevation":127,"Slope_100":6.79,"Wshd_area":4.5,"Pour_long":110.072465,"Pour_lat":19.384696,"source_id":"hydrolakes:1392830","label":""},"geometry":{"type":"Polygon","coordinates":[[[110.07129476759059,19.386478746202386],[110.07245992872339,19.385640190972367],[110.07283890618106,19.38693162706187],[110.07409690856844,19.386633232964527],[110.07291725158598,19.383913235134628],[110.07180555555448,19.383472222222338],[110.0711728074806,19.383657904730967],[110.06937697516457,19.385865885416877],[110.06966549343423,19.38869642469632],[110.06899152967583,19.39295769585516],[110.06950557284773,19.394709404839602],[110.07043690151545,19.39408081054711],[110.07068296644314,19.391666666666765],[110.07046763949825,19.389554172092176],[110.07129476759059,19.386478746202386]]]}},{"type":"Feature","id":"hydrolakes:1392831","properties":{"Hylak_id":1392831,"Lake_name":"","Country":"China","Continent":"Asia","Poly_src":"SWBD","Lake_type":1,"Grand_id":0,"Lake_area":0.23,"Shore_len":2.6,"Shore_dev":1.53,"Vol_total":0.51,"Vol_res":0.0,"Vol_src":3,"Depth_avg":2.2,"Dis_avg":0.02,"Res_time":296.6,"Elevation":60,"Slope_100":0.93,"Wshd_area":0.6,"Pour_long":110.494792,"Pour_lat":19.382603,"source_id":"hydrolakes:1392831","label":""},"geometry":{"type":"Polygon","coordinates":[[[110.49720435248372,19.38209533691412],[110.49597839355368,19.381697252061713],[110.49384056938919,19.382013142903702],[110.49303768581717,19.381684570312586],[110.49291666666579,19.378472222222285],[110.49180182562833,19.37860846625449],[110.49120381673077,19.380129665798734],[110.49168975829974,19.382226833767447],[110.49112898084746,19.38365329318583],[110.49137101915045,19.38418457031264],[110.49257846408341,19.384439358181623],[110.49338283962567,19.38637098524316],[110.49390675862537,19.386129014757046],[110.49442657470615,19.38525987413209],[110.495078430175,19.384993082682456],[110.49595974392287,19.382839694553184],[110.49720435248372,19.38209533691412]]]}},{"type":"Feature","id":"hydrolakes:1392835","properties":{"Hylak_id":1392835,"Lake_name":"","Country":"China","Continent":"Asia","Poly_src":"SWBD","Lake_type":1,"Grand_id":0,"Lake_area":0.15,"Shore_len":1.76,"Shore_dev":1.27,"Vol_total":0.61,"Vol_res":0.0,"Vol_src":3,"Depth_avg":4.0,"Dis_avg":0.033,"Res_time":212.4,"Elevation":67,"Slope_100":3.47,"Wshd_area":1.0,"Pour_long":110.58385,"Pour_lat":19.380554,"source_id":"hydrolakes:1392835","label":""},"geometry":{"type":"Polygon","coordinates":[[[110.58332051594942,19.376679484049703],[110.5831944444435,19.376527777777937],[110.5811275906023,19.37667107476136],[110.58042772081069,19.378312445746587],[110.58165615505533,19.378672892252723],[110.58250298394,19.379376356336877],[110.58286526150067,19.381409301757913],[110.58352986653551,19.3822094048395],[110.58423292371862,19.38193657769102],[110.58467095268992,19.377638956705823],[110.58332051594942,19.376679484049703]]]}},{"type":"Feature","id":"hydrolakes:1392836","properties":{"Hylak_id":1392836,"Lake_name":"","Country":"China","Continent":"Asia","Poly_src":"SWBD","Lake_type":1,"Grand_id":0,"Lake_area":0.18,"Shore_len":2.5,"Shore_dev":1.67,"Vol_total":0.54,"Vol_res":0.0,"Vol_src":3,"Depth_avg":3.0,"Dis_avg":2.567,"Res_time":2.4,"Elevation":59,"Slope_100":1.88,"Wshd_area":78.0,"Pour_long":110.367433,"Pour_lat":19.375856,"source_id":"hydrolakes:1392836","label":""},"geometry":{"type":"Polygon","coordinates":[[[110.36973127576948,19.37776455349399],[110.36597222222122,19.37319444444455],[110.36527191162003,19.37341071234829],[110.36437323676125,19.375064425998403],[110.36517920599948,19.377160983615568],[110.3667749362512,19.376293877495755],[110.36790025499033,19.377009548611227],[110.36563232421759,19.380257500542655],[110.36659152560657,19.380314670139],[110.36860331217343,19.378603312174562],[110.36970150417659,19.37826416015639],[110.36973127576948,19.37776455349399]]]}},{"type":"Feature","id":"hydrolakes:1392840","properties":{"Hylak_id":1392840,"Lake_name":"","Country":"China","Continent":"Asia","Poly_src":"SWBD","Lake_type":1,"Grand_id":0,"Lake_area":0.16,"Shore_len":1.89,"Shore_dev":1.34,"Vol_total":0.4,"Vol_res":0.0,"Vol_src":3,"Depth_avg":2.5,"Dis_avg":0.173,"Res_time":26.4,"Elevation":51,"Slope_100":1.32,"Wshd_area":5.3,"Pour_long":110.488473,"Pour_lat":19.373525,"source_id":"hydrolakes:1392840","label":""},"geometry":{"type":"Polygon","coordinates":[[[110.48776241726245,19.371126505533994],[110.487638888888,19.370972222222292],[110.48657948811751,19.371104736328277],[110.48675303141175,19.372500000000116],[110.48645351833665,19.374907972547817],[110.48762712266608,19.376373494466293],[110.48862647162446,19.37612650553399],[110.48887352837369,19.3758179389107],[110.49134256998587,19.375547214084406],[110.489727376301,19.374253811306517],[110.48945980495768,19.373317938910702],[110.48822462293742,19.37244974772142],[110.48863711886833,19.371376546224212],[110.48776241726245,19.371126505533994]]]}},{"type":"Feature","id":"hydrolakes:1392844","properties":{"Hylak_id":1392844,"Lake_name":"","Country":"China","Continent":"Asia","Poly_src":"SWBD","Lake_type":1,"Grand_id":0,"Lake_area":0.24,"Shore_len":2.03,"Shore_dev":1.18,"Vol_total":0.64,"Vol_res":0.0,"Vol_src":3,"Depth_avg":2.7,"Dis_avg":0.18,"Res_time":41.3,"Elevation":49,"Slope_100":1.39,"Wshd_area":5.5,"Pour_long":110.488548,"Pour_lat":19.367986,"source_id":"hydrolakes:1392844","label":""},"geometry":{"type":"Polygon","coordinates":[[[110.48453274196942,19.370462307400317],[110.48640740288528,19.369360351562648],[110.4883176676422,19.36959798177088],[110.48957339816519,19.368835245768366],[110.48994123670695,19.365878160264913],[110.48742312961065,19.365563218858597],[110.48708333333241,19.36513888888902],[110.48665130615126,19.365262383355116],[110.48640424940243,19.3658487277562],[110.4845040893544,19.36700283474397],[110.48390424940226,19.37018358018679],[110.48453274196942,19.370462307400317]]]}},{"type":"Feature","id":"hydrolakes:1392847","properties":{"Hylak_id":1392847,"Lake_name":"","Country":"China","Continent":"Asia","Poly_src":"SWBD","Lake_type":1,"Grand_id":0,"Lake_area":0.28,"Shore_len":3.49,"Shore_dev":1.84,"Vol_total":1.04,"Vol_res":0.0,"Vol_src":3,"Depth_avg":3.6,"Dis_avg":0.067,"Res_time":179.3,"Elevation":48,"Slope_100":2.4,"Wshd_area":2.0,"Pour_long":110.582292,"Pour_lat":19.365641,"source_id":"hydrolakes:1392847","label":""},"geometry":{"type":"Polygon","coordinates":[[[110.5850967068132,19.36499070909298],[110.58486111111011,19.363472222222413],[110.58415635850594,19.36360080295151],[110.58248704698258,19.364642673068772],[110.5781922064877,19.364060465494845],[110.57639919704758,19.365229695638106],[110.58027099609268,19.366223076714505],[110.58054524739487,19.36871459960952],[110.57783501519009,19.37074673122845],[110.57851528591482,19.371656358507096],[110.58109219021173,19.37095106336824],[110.58178243001197,19.368415188259632],[110.58277981228207,19.367555948893425],[110.58316779242517,19.365428941514836],[110.5850967068132,19.36499070909298]]]}},{"type":"Feature","id":"hydrolakes:1392849","properties":{"Hylak_id":1392849,"Lake_name":"","Country":"China","Continent":"Asia","Poly_src":"SWBD","Lake_type":1,"Grand_id":0,"Lake_area":0.17,"Shore_len":1.93,"Shore_dev":1.34,"Vol_total":0.89,"Vol_res":0.0,"Vol_src":3,"Depth_avg":5.4,"Dis_avg":0.054,"Res_time":191.4,"Elevation":158,"Slope_100":6.39,"Wshd_area":1.6,"Pour_long":110.00936,"Pour_lat":19.361367,"source_id":"hydrolakes:1392849","label":""},"geometry":{"type":"Polygon","coordinates":[[[110.01054774390212,19.36130540635861],[110.01013888888775,19.360138888889026],[110.00888359493575,19.36027248806431],[110.00783873240067,19.360825398763268],[110.0064743932079,19.361150377061733],[110.00758242712976,19.362595282660607],[110.00614451938094,19.366095920138946],[110.00745812945797,19.36614800347229],[110.00954870435828,19.363737589518337],[110.01054774390212,19.36130540635861]]]}},{"type":"Feature","id":"hydrolakes:1392852","properties":{"Hylak_id":1392852,"Lake_name":"","Country":"China","Continent":"Asia","Poly_src":"SWBD","Lake_type":1,"Grand_id":0,"Lake_area":0.42,"Shore_len":5.02,"Shore_dev":2.18,"Vol_total":1.34,"Vol_res":0.0,"Vol_src":3,"Depth_avg":3.2,"Dis_avg":0.343,"Res_time":45.2,"Elevation":39,"Slope_100":1.59,"Wshd_area":10.3,"Pour_long":110.553589,"Pour_lat":19.358005,"source_id":"hydrolakes:1392852","label":""},"geometry":{"type":"Polygon","coordinates":[[[110.5586262342656,19.368091430664208],[110.55736246744698,19.36278306749142],[110.55809244791561,19.36306233723974],[110.55911078558921,19.364161376953234],[110.56098944769872,19.363347507052993],[110.5577703857411,19.36199279785177],[110.55779486762043,19.361374104817855],[110.55582804361893,19.35972751193583],[110.55402777777681,19.357638888889028],[110.55203681097981,19.357812364366396],[110.55166097005105,19.358884684244913],[110.55165072970834,19.359707438151133],[110.55227478027257,19.361299167209324],[110.55487169053731,19.36179497612858],[110.55527248806334,19.362227511935828],[110.55620381673072,19.362522379557504],[110.55606852213452,19.36593627929699],[110.55698092990343,19.367262301974904],[110.55839165581506,19.372772488064413],[110.55947197808058,19.372499660915878],[110.55941711425686,19.371116197374306],[110.56002746581925,19.37082817925358],[110.55863118489475,19.369534437391565],[110.5586262342656,19.368091430664208]]]}},{"type":"Feature","id":"hydrolakes:1392855","properties":{"Hylak_id":1392855,"Lake_name":"","Country":"China","Continent":"Asia","Poly_src":"SWBD","Lake_type":1,"Grand_id":0,"Lake_area":0.15,"Shore_len":1.71,"Shore_dev":1.26,"Vol_total":0.32,"Vol_res":0.0,"Vol_src":3,"Depth_avg":2.1,"Dis_avg":0.013,"Res_time":280.6,"Elevation":50,"Slope_100":0.98,"Wshd_area":0.4,"Pour_long":110.448981,"Pour_lat":19.35256,"source_id":"hydrolakes:1392855","label":""},"geometry":{"type":"Polygon","coordinates":[[[110.44998463948474,19.35168206108949],[110.44986111111007,19.35125000000005],[110.44816290961268,19.351385904948074],[110.44729200575,19.35208333333344],[110.44779313829105,19.352484605577445],[110.44807539198024,19.353154432508745],[110.45001536051348,19.35470682779959],[110.45138210720393,19.35665127224405],[110.4516835530589,19.356402994791836],[110.45208896213006,19.353143649631193],[110.45115719265311,19.352176106770912],[110.44998463948474,19.35168206108949]]]}},{"type":"Feature","id":"hydrolakes:1392856","properties":{"Hylak_id":1392856,"Lake_name":"","Country":"China","Continent":"Asia","Poly_src":"SWBD","Lake_type":1,"Grand_id":0,"Lake_area":0.69,"Shore_len":7.69,"Shore_dev":2.6,"Vol_total":2.82,"Vol_res":0.0,"Vol_src":3,"Depth_avg":4.1,"Dis_avg":0.583,"Res_time":56.0,"Elevation":128,"Slope_100":2.27,"Wshd_area":17.4,"Pour_long":110.046836,"Pour_lat":19.352084,"source_id":"hydrolakes:1392856","label":""},"geometry":{"type":"Polygon","coordinates":[[[110.04804773966373,19.352052544487947],[110.04740210638994,19.349030626085153],[110.04616379631778,19.348618910047946],[110.04540792677034,19.351066758897844],[110.04467085944185,19.351381089952383],[110.04408498128163,19.350725368923804],[110.04526996188588,19.347334730360387],[110.04443662855255,19.346952243381168],[110.04413740369904,19.345349121093875],[110.04278064727674,19.34640055338548],[110.04110329945769,19.34584113227004],[110.04024709489505,19.34537590874578],[110.0403463321253,19.343710937500077],[110.04013765970757,19.343341132270098],[110.03779454125191,19.343968709310047],[110.03750781165138,19.343128662109507],[110.03861892276228,19.34278557671456],[110.03931843227724,19.341685723198907],[110.03727145300866,19.341303643120852],[110.03708333333236,19.340694444444523],[110.03538442399667,19.340839436849024],[110.03500781165133,19.341707560221437],[110.03612090216643,19.3416412353518],[110.03607566833392,19.34240017361128],[110.0347121810903,19.34302598741334],[110.03470380147212,19.34405904134121],[110.03351493835345,19.344604695638168],[110.03372163984403,19.345547756619],[110.0356139882395,19.34486877441418],[110.03662620968191,19.345418768988964],[110.03607028961068,19.3464417860244],[110.03483347998622,19.347009480794327],[110.03639670054014,19.34749220106346],[110.03704366895795,19.348216281467273],[110.03906512790144,19.346557685004427],[110.04181331210566,19.346975775824717],[110.04276996612435,19.348618910047946],[110.04370463900983,19.349213392469665],[110.04327169630164,19.350419989691943],[110.04072906070189,19.349738972981868],[110.04115017360999,19.35091261121977],[110.04194356706307,19.351621500651163],[110.04221441056887,19.352785576714552],[110.04334114922307,19.353047756619105],[110.0465299987784,19.354493950738004],[110.04756359524106,19.35443237304696],[110.04804773966373,19.352052544487947]]]}},{"type":"Feature","id":"hydrolakes:1392857","properties":{"Hylak_id":1392857,"Lake_name":"","Country":"China","Continent":"Asia","Poly_src":"SWBD","Lake_type":1,"Grand_id":0,"Lake_area":0.17,"Shore_len":3.13,"Shore_dev":2.14,"Vol_total":0.42,"Vol_res":0.0,"Vol_src":3,"Depth_avg":2.5,"Dis_avg":0.182,"Res_time":26.9,"Elevation":22,"Slope_100":1.28,"Wshd_area":5.5,"Pour_long":110.615152,"Pour_lat":19.352436,"source_id":"hydrolakes:1392857","label":""},"geometry":{"type":"Polygon","coordinates":[[[110.61361938476455,19.355586208767534],[110.61530632866646,19.353351236979222],[110.6164914279504,19.35361185709644],[110.61624782986013,19.355259874132003],[110.61775987413102,19.35474772135433],[110.617240125867,19.352204318576526],[110.61569444444353,19.35125000000005],[110.61457695854932,19.35138658311638],[110.61389736599284,19.353826904297023],[110.61298590765966,19.355022040473273],[110.61251790364497,19.357240125868145],[110.61168457031158,19.359146999783093],[110.6150744628896,19.358902723524523],[110.61335123697808,19.357937961154562],[110.61361938476455,19.355586208767534]]]}},{"type":"Feature","id":"hydrolakes:1392869","properties":{"Hylak_id":1392869,"Lake_name":"","Country":"China","Continent":"Asia","Poly_src":"SWBD","Lake_type":1,"Grand_id":0,"Lake_area":0.4,"Shore_len":3.56,"Shore_dev":1.59,"Vol_total":2.15,"Vol_res":0.0,"Vol_src":3,"Depth_avg":5.4,"Dis_avg":0.088,"Res_time":282.2,"Elevation":147,"Slope_100":4.84,"Wshd_area":2.6,"Pour_long":110.198338,"Pour_lat":19.336055,"source_id":"hydrolakes:1392869","label":""},"geometry":{"type":"Polygon","coordinates":[[[110.20474746704008,19.33149136013469],[110.2018819681793,19.331472032335284],[110.20195921156034,19.330510592990606],[110.20124999999888,19.3298611111112],[110.1999641418447,19.330248277452313],[110.20022740681856,19.33352457682298],[110.19908174302748,19.33403578016498],[110.19748967488505,19.335267469618145],[110.19723254733509,19.33612141927091],[110.1966769917795,19.336600070529585],[110.19701807657793,19.340018513997506],[110.19771118163959,19.340823025173677],[110.19906948513352,19.340529039171145],[110.19948986477215,19.33958692762593],[110.20069283379343,19.338550550672892],[110.20003584119905,19.337372979058216],[110.20084365844627,19.336676974826617],[110.20158372667004,19.333958129882944],[110.20420254177418,19.333363240560004],[110.20413391113169,19.332509019639815],[110.20470525105702,19.332016737196227],[110.20474746704008,19.33149136013469]]]}},{"type":"Feature","id":"hydrolakes:1392897","properties":{"Hylak_id":1392897,"Lake_name":"","Country":"China","Continent":"Asia","Poly_src":"SWBD","Lake_type":1,"Grand_id":0,"Lake_area":0.19,"Shore_len":2.84,"Shore_dev":1.82,"Vol_total":0.57,"Vol_res":0.0,"Vol_src":3,"Depth_avg":3.0,"Dis_avg":0.075,"Res_time":88.2,"Elevation":120,"Slope_100":1.76,"Wshd_area":2.2,"Pour_long":110.122883,"Pour_lat":19.3014,"source_id":"hydrolakes:1392897","label":""},"geometry":{"type":"Polygon","coordinates":[[[110.12354802449454,19.301370713975814],[110.12448262532462,19.3005944146052],[110.12648818969626,19.301449584961006],[110.12741956922633,19.30135464138459],[110.1262689378517,19.299755859375068],[110.12697001139219,19.29945176866329],[110.12652777777674,19.298750000000155],[110.12488881428925,19.29922614203565],[110.12345026651911,19.299079522027],[110.1223611111102,19.299703301323916],[110.12140174017918,19.299153849284096],[110.11991877237847,19.29890170627175],[110.11925299750322,19.299703233507046],[110.12084618462359,19.299987182617258],[110.12174302842789,19.300500827365568],[110.12164333767254,19.301478814019106],[110.1210430908194,19.30197740342902],[110.12179492526474,19.303320515950645],[110.12276492648544,19.302764960395166],[110.12445729573454,19.302512817383047],[110.1247093709299,19.30208706325965],[110.12354802449454,19.301370713975814]]]}},{"type":"Feature","id":"hydrolakes:1392906","properties":{"Hylak_id":1392906,"Lake_name":"","Country":"China","Continent":"Asia","Poly_src":"SWBD","Lake_type":1,"Grand_id":0,"Lake_area":0.6,"Shore_len":4.4,"Shore_dev":1.6,"Vol_total":4.44,"Vol_res":0.0,"Vol_src":3,"Depth_avg":7.3,"Dis_avg":0.327,"Res_time":157.3,"Elevation":143,"Slope_100":8.12,"Wshd_area":9.7,"Pour_long":110.269856,"Pour_lat":19.293161,"source_id":"hydrolakes:1392906","label":""},"geometry":{"type":"Polygon","coordinates":[[[110.2722473483604,19.29556070963548],[110.27218278672865,19.294477403428914],[110.2730683729373,19.29333468967019],[110.27264200846264,19.29255011664503],[110.27451422797219,19.28910481770845],[110.2691951836469,19.289913872613113],[110.26801550971044,19.286366102430804],[110.26806427001844,19.28554796006955],[110.26569444444334,19.28486111111124],[110.26458085801784,19.285205010308232],[110.26389668782463,19.287111680772625],[110.26415886772907,19.288618910047944],[110.26471442328449,19.28973002115896],[110.26610917833023,19.29122483995235],[110.26789252387044,19.292193942600022],[110.26936703152035,19.292536960178097],[110.26889668782462,19.293063354492233],[110.26723002115779,19.2935780164932],[110.26756184895731,19.29468451605925],[110.2705849202465,19.294645996093948],[110.27051462809152,19.295825534396897],[110.2722473483604,19.29556070963548]]]}},{"type":"Feature","id":"hydrolakes:1392938","properties":{"Hylak_id":1392938,"Lake_name":"","Country":"China","Continent":"Asia","Poly_src":"SWBD","Lake_type":1,"Grand_id":0,"Lake_area":0.38,"Shore_len":4.05,"Shore_dev":1.85,"Vol_total":2.18,"Vol_res":0.0,"Vol_src":3,"Depth_avg":5.7,"Dis_avg":0.254,"Res_time":99.4,"Elevation":219,"Slope_100":5.56,"Wshd_area":7.5,"Pour_long":110.241097,"Pour_lat":19.250934,"source_id":"hydrolakes:1392938","label":""},"geometry":{"type":"Polygon","coordinates":[[[110.24376137627388,19.24806660970063],[110.24609012179798,19.247641805013018],[110.24758266872755,19.24937425401481],[110.24952173868724,19.249711914062573],[110.24942747327913,19.248538818359464],[110.24773013644636,19.247493693033903],[110.24699208577385,19.24583964029955],[110.24612864176328,19.245454372829954],[110.24513888888794,19.24430555555574],[110.24439546373054,19.24452935112862],[110.24441206190227,19.246097479926277],[110.24045081244464,19.24650153266066],[110.23951037936632,19.2459768337676],[110.23889921400172,19.24526746961817],[110.23760403103194,19.24501030815992],[110.24018237643679,19.249524264865556],[110.24069727579644,19.251790771484423],[110.24173326280282,19.252211914062627],[110.24236941867292,19.25147352430571],[110.24190689086822,19.25021396213134],[110.24301355997625,19.249260525173668],[110.24376137627388,19.24806660970063]]]}},{"type":"Feature","id":"hydrolakes:1392947","properties":{"Hylak_id":1392947,"Lake_name":"","Country":"China","Continent":"Asia","Poly_src":"SWBD","Lake_type":1,"Grand_id":0,"Lake_area":0.4,"Shore_len":4.32,"Shore_dev":1.93,"Vol_total":2.32,"Vol_res":0.0,"Vol_src":3,"Depth_avg":5.8,"Dis_avg":0.358,"Res_time":75.1,"Elevation":187,"Slope_100":5.68,"Wshd_area":10.5,"Pour_long":110.207038,"Pour_lat":19.242106,"source_id":"hydrolakes:1392947","label":""},"geometry":{"type":"Polygon","coordinates":[[[110.20693411932962,19.227510308159765],[110.20680555555464,19.227361111111293],[110.20521791246091,19.22752305772576],[110.20334365844633,19.229916246202265],[110.2036007859964,19.232788085937557],[110.20426922268229,19.234375339084295],[110.20362143622395,19.234933403862954],[110.20387856377397,19.23695475260422],[110.20421329074338,19.237243177625942],[110.20481574164393,19.239244113498387],[110.2068471103234,19.242767469618116],[110.20761274549614,19.242470635308223],[110.20787604437822,19.239193657769192],[110.20528810289079,19.236963975694493],[110.20570254855585,19.235572577582502],[110.20721189710724,19.235229695638225],[110.20678003946841,19.234826524522646],[110.20502165052511,19.234297146267465],[110.20492694430772,19.233118489583433],[110.20748302883476,19.229794514974003],[110.20723254733525,19.22776746961813],[110.20693411932962,19.227510308159765]]]}},{"type":"Feature","id":"hydrolakes:1392950","properties":{"Hylak_id":1392950,"Lake_name":"","Country":"China","Continent":"Asia","Poly_src":"SWBD","Lake_type":1,"Grand_id":0,"Lake_area":0.14,"Shore_len":2.17,"Shore_dev":1.65,"Vol_total":0.95,"Vol_res":0.0,"Vol_src":3,"Depth_avg":6.9,"Dis_avg":0.2,"Res_time":55.2,"Elevation":178,"Slope_100":11.37,"Wshd_area":5.9,"Pour_long":110.128888,"Pour_lat":19.235603,"source_id":"hydrolakes:1392950","label":""},"geometry":{"type":"Polygon","coordinates":[[[110.1299871487077,19.235012817382938],[110.12986111111007,19.234861111111172],[110.12865197075644,19.235015801323925],[110.1285403272833,19.2361111111112],[110.13076931423501,19.236605360243175],[110.13220937093001,19.237512817382992],[110.13720937092995,19.238792249891617],[110.13677624172544,19.237504408094765],[110.1352259657109,19.237228122287377],[110.13332048204103,19.236401706271806],[110.13193150838111,19.235302463107644],[110.1299871487077,19.235012817382938]]]}},{"type":"Feature","id":"hydrolakes:1392951","properties":{"Hylak_id":1392951,"Lake_name":"","Country":"China","Continent":"Asia","Poly_src":"SWBD","Lake_type":1,"Grand_id":0,"Lake_area":0.17,"Shore_len":2.48,"Shore_dev":1.71,"Vol_total":0.63,"Vol_res":0.0,"Vol_src":3,"Depth_avg":3.8,"Dis_avg":0.117,"Res_time":62.8,"Elevation":50,"Slope_100":3.1,"Wshd_area":3.4,"Pour_long":110.364759,"Pour_lat":19.235521,"source_id":"hydrolakes:1392951","label":""},"geometry":{"type":"Polygon","coordinates":[[[110.36553768581723,19.236926540798663],[110.3667356024838,19.23436909993501],[110.36652777777675,19.233472222222304],[110.36498213026164,19.233593207465333],[110.3640185546866,19.23417446560336],[110.36356414794818,19.23580627441413],[110.36220435248373,19.23609320746533],[110.36135467529209,19.236723158094662],[110.36029659694998,19.236566840277874],[110.36001786973645,19.237189059787397],[110.36140675862532,19.237482096354256],[110.3616487969283,19.238073459201473],[110.36239444308717,19.238315429687646],[110.36343851725167,19.23696282280821],[110.3646265326596,19.236684570312605],[110.36434275309153,19.238604668511357],[110.36526126437633,19.238870985243125],[110.36553768581723,19.236926540798663]]]}},{"type":"Feature","id":"hydrolakes:1392955","properties":{"Hylak_id":1392955,"Lake_name":"","Country":"China","Continent":"Asia","Poly_src":"SWBD","Lake_type":1,"Grand_id":0,"Lake_area":0.17,"Shore_len":2.19,"Shore_dev":1.49,"Vol_total":0.51,"Vol_res":0.0,"Vol_src":3,"Depth_avg":3.0,"Dis_avg":0.076,"Res_time":77.0,"Elevation":144,"Slope_100":1.83,"Wshd_area":2.2,"Pour_long":110.099726,"Pour_lat":19.231133,"source_id":"hydrolakes:1392955","label":""},"geometry":{"type":"Polygon","coordinates":[[[110.10739112853895,19.233035753038337],[110.10782189263148,19.231862792968798],[110.10639788309646,19.231977199978473],[110.10547679477168,19.23090806749144],[110.10360077751903,19.230565863715356],[110.10236111111004,19.229861111111234],[110.10035606384173,19.230028686523667],[110.09917700025659,19.23104451497403],[110.1001452806251,19.232189466688453],[110.10151590982963,19.231424696180625],[110.10221188863022,19.23223253038202],[110.10389922247919,19.2324896918405],[110.10587797376758,19.23332302517366],[110.10739112853895,19.233035753038337]]]}},{"type":"Feature","id":"hydrolakes:1392968","properties":{"Hylak_id":1392968,"Lake_name":"","Country":"China","Continent":"Asia","Poly_src":"SWBD","Lake_type":1,"Grand_id":0,"Lake_area":0.1,"Shore_len":1.67,"Shore_dev":1.46,"Vol_total":0.42,"Vol_res":0.0,"Vol_src":3,"Depth_avg":4.0,"Dis_avg":0.048,"Res_time":100.2,"Elevation":138,"Slope_100":3.99,"Wshd_area":1.4,"Pour_long":110.103914,"Pour_lat":19.213918,"source_id":"hydrolakes:1392968","label":""},"geometry":{"type":"Polygon","coordinates":[[[110.10498212178442,19.21307345920144],[110.10486111111021,19.212361111111193],[110.1040215301503,19.212503729926254],[110.10344365437732,19.213973727756184],[110.10390892028698,19.21511054144969],[110.10477586534194,19.2157796902128],[110.10548199123707,19.21831542968772],[110.1061289893247,19.218073459201378],[110.10702131483197,19.215272352430645],[110.10541299607928,19.21493292914522],[110.10498212178442,19.21307345920144]]]}},{"type":"Feature","id":"hydrolakes:1392994","properties":{"Hylak_id":1392994,"Lake_name":"","Country":"China","Continent":"Asia","Poly_src":"SWBD","Lake_type":1,"Grand_id":0,"Lake_area":0.51,"Shore_len":5.1,"Shore_dev":2.02,"Vol_total":1.38,"Vol_res":0.0,"Vol_src":3,"Depth_avg":2.7,"Dis_avg":0.261,"Res_time":61.1,"Elevation":19,"Slope_100":1.07,"Wshd_area":7.7,"Pour_long":110.398958,"Pour_lat":19.188631,"source_id":"hydrolakes:1392994","label":""},"geometry":{"type":"Polygon","coordinates":[[[110.40053073459097,19.189024726020136],[110.40082804361879,19.184994710286617],[110.40140753851904,19.183899536132913],[110.40093855115998,19.18333862304695],[110.39861219617967,19.184729749891687],[110.3974660915789,19.18432807074663],[110.39751329209963,19.183137003580782],[110.40085374620128,19.1811731635201],[110.4007162136491,19.180560845269213],[110.39757931179372,19.181660291883816],[110.39580600314565,19.18193915473097],[110.39569444444334,19.1804166666667],[110.39459001329107,19.18056762695329],[110.39389417860133,19.181441311306457],[110.39693915472986,19.186900160047855],[110.39471004909836,19.185984564887406],[110.3941719563793,19.18677720811644],[110.39553778754231,19.187659166124206],[110.39582804361885,19.189085150824837],[110.39333862304585,19.189601440429726],[110.3947132025815,19.19025010850703],[110.397278137206,19.19055026584215],[110.40053073459097,19.189024726020136]]]}},{"type":"Feature","id":"hydrolakes:1393003","properties":{"Hylak_id":1393003,"Lake_name":"","Country":"China","Continent":"Asia","Poly_src":"SWBD","Lake_type":1,"Grand_id":0,"Lake_area":0.15,"Shore_len":2.17,"Shore_dev":1.56,"Vol_total":0.35,"Vol_res":0.0,"Vol_src":3,"Depth_avg":2.3,"Dis_avg":0.034,"Res_time":119.2,"Elevation":32,"Slope_100":1.11,"Wshd_area":1.0,"Pour_long":110.410927,"Pour_lat":19.177296,"source_id":"hydrolakes:1393003","label":""},"geometry":{"type":"Polygon","coordinates":[[[110.4112656317808,19.180710042317912],[110.4117300754113,19.180190226237073],[110.4135005696603,19.180825534396774],[110.41443664550684,19.180461357964646],[110.41361891004664,19.179992201063442],[110.41221442328452,19.179730021158946],[110.41195224338014,19.177214423285704],[110.41097222222129,19.175416666666763],[110.40975840250547,19.175643242730075],[110.40969865586942,19.176645507812623],[110.41026997884006,19.177696804470543],[110.40896982828679,19.18107455783428],[110.4107396443676,19.18118001302099],[110.4112656317808,19.180710042317912]]]}},{"type":"Feature","id":"hydrolakes:1393008","properties":{"Hylak_id":1393008,"Lake_name":"","Country":"China","Continent":"Asia","Poly_src":"SWBD","Lake_type":1,"Grand_id":0,"Lake_area":0.61,"Shore_len":5.09,"Shore_dev":1.83,"Vol_total":2.38,"Vol_res":0.0,"Vol_src":3,"Depth_avg":3.9,"Dis_avg":0.589,"Res_time":46.7,"Elevation":109,"Slope_100":2.13,"Wshd_area":17.2,"Pour_long":110.114913,"Pour_lat":19.173005,"source_id":"hydrolakes:1393008","label":""},"geometry":{"type":"Polygon","coordinates":[[[110.12115447997951,19.176779378255276],[110.12084114922305,19.17443664550791],[110.11996114094961,19.173013170030515],[110.12005747477122,19.17139668782562],[110.1191588507748,19.171658867730287],[110.11885584513237,19.173603312174635],[110.11765518188383,19.173313462999204],[110.11716449313582,19.171724378797876],[110.11556513468321,19.171230536566895],[110.11486111111009,19.168194444444623],[110.11393369038808,19.16848083496103],[110.11292703416501,19.174119059244845],[110.11363837347994,19.174445529513946],[110.11423060099196,19.178245985243223],[110.115745730929,19.178789605034865],[110.11702282375666,19.17650465223528],[110.11917448255656,19.177492201063558],[110.11973003811215,19.179714423285645],[110.12002290513675,19.182214423285643],[110.1205837504059,19.18194234212251],[110.12114132351246,19.178955078125057],[110.12276996188598,19.17845221625447],[110.12115447997951,19.176779378255276]]]}},{"type":"Feature","id":"hydrolakes:1393014","properties":{"Hylak_id":1393014,"Lake_name":"","Country":"China","Continent":"Asia","Poly_src":"SWBD","Lake_type":1,"Grand_id":0,"Lake_area":0.17,"Shore_len":1.9,"Shore_dev":1.3,"Vol_total":0.68,"Vol_res":0.0,"Vol_src":3,"Depth_avg":4.0,"Dis_avg":0.145,"Res_time":54.3,"Elevation":25,"Slope_100":3.38,"Wshd_area":4.3,"Pour_long":110.369797,"Pour_lat":19.168014,"source_id":"hydrolakes:1393014","label":""},"geometry":{"type":"Polygon","coordinates":[[[110.3703574964726,19.164309624566044],[110.37013888888794,19.162638888888978],[110.36894483778104,19.162856716579938],[110.36854858398334,19.164673461914163],[110.3689696926532,19.169711914062532],[110.37165632459767,19.168813205295294],[110.37139923095606,19.166656358506998],[110.3703574964726,19.164309624566044]]]}},{"type":"Feature","id":"hydrolakes:1393026","properties":{"Hylak_id":1393026,"Lake_name":"","Country":"China","Continent":"Asia","Poly_src":"SWBD","Lake_type":1,"Grand_id":0,"Lake_area":0.19,"Shore_len":2.5,"Shore_dev":1.64,"Vol_total":0.7,"Vol_res":0.0,"Vol_src":3,"Depth_avg":3.8,"Dis_avg":0.041,"Res_time":197.2,"Elevation":42,"Slope_100":2.92,"Wshd_area":1.2,"Pour_long":110.396788,"Pour_lat":19.155645,"source_id":"hydrolakes:1393026","label":""},"geometry":{"type":"Polygon","coordinates":[[[110.39558098686973,19.150252346462707],[110.39513888888786,19.149583333333453],[110.39363654242527,19.14971700032561],[110.39386345757282,19.150858764648603],[110.39497456868384,19.151274549696268],[110.39474765353657,19.15196987575962],[110.39440914577813,19.152203572591247],[110.3946312459301,19.153194444444637],[110.39431681315011,19.15459710015199],[110.39608567979491,19.15544121636293],[110.39585876464736,19.156969875759614],[110.39502543131414,19.15728169759126],[110.39627573648983,19.157243381076455],[110.39840040418744,19.156114434136327],[110.39791666666576,19.15578043619803],[110.39706417507506,19.153899468316013],[110.39727803548101,19.152945556640702],[110.39558098686973,19.150252346462707]]]}},{"type":"Feature","id":"hydrolakes:1393066","properties":{"Hylak_id":1393066,"Lake_name":"","Country":"China","Continent":"Asia","Poly_src":"SWBD","Lake_type":1,"Grand_id":0,"Lake_area":0.47,"Shore_len":4.68,"Shore_dev":1.94,"Vol_total":1.13,"Vol_res":0.0,"Vol_src":3,"Depth_avg":2.4,"Dis_avg":0.504,"Res_time":25.9,"Elevation":11,"Slope_100":0.88,"Wshd_area":14.8,"Pour_long":110.439042,"Pour_lat":19.111402,"source_id":"hydrolakes:1393066","label":""},"geometry":{"type":"Polygon","coordinates":[[[110.43348602294822,19.09883761935771],[110.43319444444353,19.09791666666689],[110.43194973415712,19.09815429687518],[110.4322169325078,19.098894178602507],[110.43273651122956,19.099375610351615],[110.43280429416126,19.1010855441624],[110.43220611572161,19.10195488823797],[110.43226989745995,19.103564317491532],[110.43099043104274,19.105136515299534],[110.43163248697829,19.10582946777356],[110.43305026584108,19.1063941786025],[110.43519765217997,19.106736246744845],[110.43571065266838,19.108199869791918],[110.43481706407238,19.109027777777953],[110.4358034939226,19.109941745334254],[110.4357948133669,19.111944444444475],[110.43818098280059,19.112324557834256],[110.4388518269846,19.113048570421086],[110.43944444444367,19.11307210286475],[110.43980597601893,19.11230597602008],[110.44058302137489,19.111939290364774],[110.4392566935212,19.110710381401987],[110.43719953748825,19.106822713216218],[110.43722791883573,19.10610609266496],[110.43610582139661,19.105283067491484],[110.43572611490782,19.10447848849833],[110.43418094211046,19.104110446506184],[110.4343020629874,19.09922275119368],[110.43348602294822,19.09883761935771]]]}},{"type":"Feature","id":"hydrolakes:1393083","properties":{"Hylak_id":1393083,"Lake_name":"","Country":"China","Continent":"Asia","Poly_src":"SWBD","Lake_type":1,"Grand_id":0,"Lake_area":0.33,"Shore_len":3.76,"Shore_dev":1.83,"Vol_total":0.83,"Vol_res":0.0,"Vol_src":3,"Depth_avg":2.5,"Dis_avg":0.222,"Res_time":43.1,"Elevation":36,"Slope_100":1.03,"Wshd_area":6.5,"Pour_long":110.29553,"Pour_lat":19.087652,"source_id":"hydrolakes:1393083","label":""},"geometry":{"type":"Polygon","coordinates":[[[110.29683376736006,19.088442654079927],[110.2991563245975,19.08815517849405],[110.29854451497289,19.08723253038204],[110.29772091335633,19.088045247395883],[110.29592790391604,19.085182630750978],[110.29642907036578,19.083817884657208],[110.30114013671772,19.08327785915816],[110.30105299207793,19.082193400065194],[110.29853902180884,19.082328423394188],[110.29569444444343,19.08097222222233],[110.29413448757492,19.08110263400613],[110.29488949245768,19.081753133138136],[110.29410007052866,19.082767469618148],[110.29362145317833,19.08221191406261],[110.29265584309786,19.081954752604304],[110.29276604546351,19.08445149739606],[110.29358113606662,19.086386922200575],[110.2950315009212,19.087558865017456],[110.29683376736006,19.088442654079927]]]}},{"type":"Feature","id":"hydrolakes:1393124","properties":{"Hylak_id":1393124,"Lake_name":"","Country":"China","Continent":"Asia","Poly_src":"SWBD","Lake_type":1,"Grand_id":0,"Lake_area":0.12,"Shore_len":1.7,"Shore_dev":1.41,"Vol_total":0.47,"Vol_res":0.0,"Vol_src":3,"Depth_avg":4.0,"Dis_avg":0.11,"Res_time":49.2,"Elevation":7,"Slope_100":3.93,"Wshd_area":3.2,"Pour_long":110.480535,"Pour_lat":19.04853,"source_id":"hydrolakes:1393124","label":""},"geometry":{"type":"Polygon","coordinates":[[[110.48390424940226,19.046404283311688],[110.4840277777767,19.045694444444507],[110.48159294976023,19.04582099066846],[110.47980912950203,19.048051418728335],[110.47960218641384,19.049714965820556],[110.48084869384661,19.04998460557738],[110.48129357231892,19.050540161132858],[110.48230373806337,19.050275811089477],[110.48178839789392,19.04800720214854],[110.48264817979492,19.04693352593324],[110.48390424940226,19.046404283311688]]]}},{"type":"Feature","id":"hydrolakes:1393127","properties":{"Hylak_id":1393127,"Lake_name":"","Country":"China","Continent":"Asia","Poly_src":"SWBD","Lake_type":1,"Grand_id":0,"Lake_area":0.9,"Shore_len":6.92,"Shore_dev":2.06,"Vol_total":2.95,"Vol_res":0.0,"Vol_src":3,"Depth_avg":3.3,"Dis_avg":0.44,"Res_time":77.6,"Elevation":49,"Slope_100":1.35,"Wshd_area":12.8,"Pour_long":110.280011,"Pour_lat":19.0463,"source_id":"hydrolakes:1393127","label":""},"geometry":{"type":"Polygon","coordinates":[[[110.2830658976228,19.0452880859375],[110.28395921495132,19.043513929579035],[110.28385498046765,19.042217000325593],[110.28295050726894,19.041121419270894],[110.2822258504221,19.04196255154085],[110.28130591498382,19.041449313693647],[110.28143944634229,19.039787258572176],[110.28362145317828,19.039454752604286],[110.28387854681966,19.03869696723109],[110.2776686604808,19.037211574978357],[110.27713911268347,19.033164333767502],[110.2762499999991,19.031250000000114],[110.27554521348645,19.03137858072921],[110.27528811984496,19.035288085937623],[110.27493564181759,19.03591986762177],[110.27623389349941,19.03824679904517],[110.27577738443915,19.038640068901884],[110.27446807861236,19.038534884982766],[110.27417700873372,19.039099595811706],[110.27531151665482,19.039441189236243],[110.27526607937205,19.040006646050415],[110.27578043619701,19.04140726725285],[110.27886318630539,19.04318461100263],[110.27915632459741,19.04431091308612],[110.27509558783538,19.044073893229267],[110.27417700873372,19.044788818359507],[110.2748018731001,19.04532714843765],[110.27579010009686,19.045247802734536],[110.27671976725185,19.045589192708462],[110.27663852267699,19.04660007052962],[110.27526584201291,19.04721259223112],[110.27529473198695,19.04757229275191],[110.27610582139675,19.048271077474],[110.27637854681967,19.049176974826423],[110.27743292914391,19.049434136284844],[110.27776743570854,19.04832302517366],[110.27943410237538,19.04693413628479],[110.2822838338206,19.046106567382992],[110.2830658976228,19.0452880859375]]]}},{"type":"Feature","id":"hydrolakes:1393186","properties":{"Hylak_id":1393186,"Lake_name":"","Country":"China","Continent":"Asia","Poly_src":"SWBD","Lake_type":1,"Grand_id":0,"Lake_area":0.34,"Shore_len":3.93,"Shore_dev":1.9,"Vol_total":1.11,"Vol_res":0.0,"Vol_src":3,"Depth_avg":3.3,"Dis_avg":0.305,"Res_time":42.1,"Elevation":26,"Slope_100":1.81,"Wshd_area":8.9,"Pour_long":110.442143,"Pour_lat":18.974405,"source_id":"hydrolakes:1393186","label":""},"geometry":{"type":"Polygon","coordinates":[[[110.44052639431345,18.97294087727886],[110.4395833333324,18.971805555555704],[110.43612396240144,18.972524685329915],[110.43637603759657,18.97279059516069],[110.43751285129031,18.973042738172808],[110.43783277723435,18.974132961697137],[110.43940578884445,18.974481743706633],[110.43951192219942,18.97552300347229],[110.4386396619999,18.97624755859391],[110.4385870022233,18.97676425509985],[110.43970937093002,18.977696533203243],[110.43945729573477,18.978623928493903],[110.4391514078767,18.978878038194466],[110.43926025390516,18.979945814344717],[110.43821546766412,18.9810601806642],[110.43711507161368,18.981537407769167],[110.43640174017906,18.98343580457913],[110.438990512423,18.983018188476706],[110.4397350735124,18.982235039605143],[110.44033721923728,18.980444403754404],[110.44024251301988,18.97951517740887],[110.44102884928276,18.978750000000105],[110.4404853312164,18.978298543294443],[110.44165381537448,18.97665384928399],[110.44241007486875,18.976025661892493],[110.44291171603624,18.974690619574687],[110.44198299831709,18.973572591145853],[110.44052639431345,18.97294087727886]]]}},{"type":"Feature","id":"hydrolakes:1393211","properties":{"Hylak_id":1393211,"Lake_name":"","Country":"China","Continent":"Asia","Poly_src":"SWBD","Lake_type":1,"Grand_id":0,"Lake_area":0.58,"Shore_len":5.73,"Shore_dev":2.13,"Vol_total":1.73,"Vol_res":0.0,"Vol_src":3,"Depth_avg":3.0,"Dis_avg":0.222,"Res_time":90.0,"Elevation":20,"Slope_100":1.28,"Wshd_area":6.5,"Pour_long":110.446549,"Pour_lat":18.940098,"source_id":"hydrolakes:1393211","label":""},"geometry":{"type":"Polygon","coordinates":[[[110.43703080918954,18.953724161783896],[110.43844567192815,18.95334364149312],[110.43803846571069,18.95445251464855],[110.43880164252283,18.95471191406267],[110.43916466606885,18.95272182888459],[110.43973256428944,18.952232530382048],[110.4412776353613,18.948445027669322],[110.44267557779858,18.94675496419279],[110.44541863335417,18.9463370090063],[110.44725975884245,18.944508260091254],[110.44682108561108,18.943313598632926],[110.44769293890948,18.941243353949744],[110.44667700873373,18.938323025173645],[110.446249999999,18.93791666666681],[110.44357469346681,18.93801913791242],[110.44363226996421,18.938735555013125],[110.44417700873385,18.939711914062514],[110.44443410237557,18.94084364149313],[110.44485592312174,18.94120707194014],[110.44526743570873,18.943144802517452],[110.44376071505968,18.945269911024354],[110.44165632459743,18.9455452473959],[110.44050611707797,18.945967610677258],[110.43958445231033,18.946481865777116],[110.43886318630535,18.947318996853426],[110.43884165445877,18.948504503038407],[110.43822530110583,18.949609239366396],[110.43661275227771,18.9508567301433],[110.43664971245562,18.952572292751768],[110.43551700168098,18.95354817708335],[110.43561686197808,18.95479058159725],[110.43606418185675,18.955267469618093],[110.43703080918954,18.953724161783896]]]}},{"type":"Feature","id":"hydrolakes:1393260","properties":{"Hylak_id":1393260,"Lake_name":"","Country":"China","Continent":"Asia","Poly_src":"SWBD","Lake_type":1,"Grand_id":0,"Lake_area":0.65,"Shore_len":7.77,"Shore_dev":2.72,"Vol_total":1.93,"Vol_res":0.0,"Vol_src":3,"Depth_avg":3.0,"Dis_avg":0.433,"Res_time":51.6,"Elevation":18,"Slope_100":1.21,"Wshd_area":12.6,"Pour_long":110.392334,"Pour_lat":18.886668,"source_id":"hydrolakes:1393260","label":""},"geometry":{"type":"Polygon","coordinates":[[[110.37970635308051,18.89220635308169],[110.38093739827377,18.891065673828166],[110.3827689276792,18.89113830566407],[110.3837405395497,18.889890272352545],[110.3857465955935,18.888393961588577],[110.3881660970041,18.889439154731008],[110.38888359917445,18.888328043619822],[110.38990746392034,18.887666897244003],[110.3903285386819,18.888121337890652],[110.38990159776375,18.890161946614796],[110.38790110270071,18.89474609375003],[110.38876807318701,18.89527248806428],[110.38934553358195,18.894048936631975],[110.3904703436948,18.89526285807301],[110.39160719129677,18.895550265842132],[110.39055026584106,18.89417195638032],[110.39024661593857,18.892265828450547],[110.39094499375977,18.890945977105048],[110.39336985270086,18.888838433159833],[110.39329718695649,18.88700480143234],[110.39246293809583,18.885792439778697],[110.38985721164175,18.88433722602008],[110.38930555555447,18.882638888889062],[110.38858710394862,18.882866346571234],[110.38858127170045,18.88533603244366],[110.38741299099291,18.886515842013978],[110.38658016628597,18.887216932508807],[110.3847796969934,18.88626424153648],[110.38356699625541,18.886689317491346],[110.38191880967776,18.88893636067712],[110.38195014105798,18.88972717285168],[110.38035196940001,18.890983954535784],[110.37825551350801,18.891973402235294],[110.37451738145506,18.895551554362157],[110.37543891058925,18.89610582139767],[110.37724321153337,18.893645901150194],[110.37917195637931,18.893338623046986],[110.37970635308051,18.89220635308169]]]}},{"type":"Feature","id":"hydrolakes:1393304","properties":{"Hylak_id":1393304,"Lake_name":"","Country":"China","Continent":"Asia","Poly_src":"SWBD","Lake_type":1,"Grand_id":0,"Lake_area":0.18,"Shore_len":2.0,"Shore_dev":1.32,"Vol_total":0.87,"Vol_res":0.0,"Vol_src":3,"Depth_avg":4.8,"Dis_avg":0.429,"Res_time":23.5,"Elevation":55,"Slope_100":4.95,"Wshd_area":12.4,"Pour_long":110.305777,"Pour_lat":18.846996,"source_id":"hydrolakes:1393304","label":""},"geometry":{"type":"Polygon","coordinates":[[[110.30630794948911,18.848171793619827],[110.30738742404407,18.846236979166747],[110.30667629665692,18.844643283420226],[110.30400936550456,18.844768337673713],[110.30319444444348,18.844027777777796],[110.30224633110782,18.8442007107206],[110.30056589762273,18.84495062934036],[110.30082299126423,18.845565863715365],[110.30384443494899,18.846252305772737],[110.3038506740985,18.848114420572983],[110.30630794948911,18.848171793619827]]]}},{"type":"Feature","id":"hydrolakes:1393347","properties":{"Hylak_id":1393347,"Lake_name":"","Country":"China","Continent":"Asia","Poly_src":"SWBD","Lake_type":1,"Grand_id":0,"Lake_area":0.11,"Shore_len":1.55,"Shore_dev":1.29,"Vol_total":0.16,"Vol_res":0.0,"Vol_src":3,"Depth_avg":1.4,"Dis_avg":3.192,"Res_time":0.6,"Elevation":-2,"Slope_100":0.45,"Wshd_area":92.2,"Pour_long":110.454851,"Pour_lat":18.805115,"source_id":"hydrolakes:1393347","label":""},"geometry":{"type":"Polygon","coordinates":[[[110.45612647162443,18.803070882161478],[110.45624999999899,18.802638888888964],[110.4520702446822,18.804031982421975],[110.45366638183498,18.807762451171925],[110.45509229871868,18.805717773437607],[110.45558641221686,18.803989664713583],[110.45612647162443,18.803070882161478]]]}},{"type":"Feature","id":"hydrolakes:1393359","properties":{"Hylak_id":1393359,"Lake_name":"","Country":"China","Continent":"Asia","Poly_src":"SWBD","Lake_type":1,"Grand_id":0,"Lake_area":0.7,"Shore_len":4.74,"Shore_dev":1.59,"Vol_total":5.87,"Vol_res":0.0,"Vol_src":3,"Depth_avg":8.3,"Dis_avg":1.225,"Res_time":55.5,"Elevation":159,"Slope_100":10.08,"Wshd_area":35.4,"Pour_long":110.092299,"Pour_lat":18.800968,"source_id":"hydrolakes:1393359","label":""},"geometry":{"type":"Polygon","coordinates":[[[110.08913889566963,18.80463582356782],[110.09012182447555,18.80260036892372],[110.09374036153048,18.801496039496612],[110.09419754875933,18.80044189453139],[110.09408846537161,18.799371609158015],[110.09152777777666,18.798472222222244],[110.08750003390736,18.79941609700529],[110.08453769259876,18.802750515408093],[110.08193159315209,18.803042670356035],[110.08087187872883,18.80364963107644],[110.07901722378108,18.8041939290365],[110.07667748345165,18.804125298394126],[110.0761239624012,18.804792480468848],[110.07779062906809,18.805820448133773],[110.07804270426328,18.807512885199685],[110.07859121534449,18.807968478732676],[110.08011749267484,18.807094319661473],[110.08199910481676,18.80560519748269],[110.08779062906814,18.805012885199744],[110.08913889566963,18.80463582356782]]]}},{"type":"Feature","id":"hydrolakes:1393390","properties":{"Hylak_id":1393390,"Lake_name":"","Country":"China","Continent":"Asia","Poly_src":"SWBD","Lake_type":1,"Grand_id":0,"Lake_area":0.36,"Shore_len":2.63,"Shore_dev":1.24,"Vol_total":2.44,"Vol_res":0.0,"Vol_src":3,"Depth_avg":6.8,"Dis_avg":0.098,"Res_time":287.7,"Elevation":134,"Slope_100":8.12,"Wshd_area":2.8,"Pour_long":110.15625,"Pour_lat":18.778264,"source_id":"hydrolakes:1393390","label":""},"geometry":{"type":"Polygon","coordinates":[[[110.161924387613,18.779326578776192],[110.16101392957808,18.778818630642377],[110.15846764458439,18.778956163194493],[110.15624999999903,18.777361111111134],[110.1542169698069,18.77756849500878],[110.15404000176221,18.779770914713765],[110.15507690429592,18.78115817599837],[110.15558237711485,18.782534586588554],[110.1547325473353,18.783266737196186],[110.15576305813153,18.7834149848091],[110.1612283155643,18.78178222656254],[110.16165634155169,18.780823025173618],[110.16221189710734,18.780344373915057],[110.161924387613,18.779326578776192]]]}},{"type":"Feature","id":"hydrolakes:1393406","properties":{"Hylak_id":1393406,"Lake_name":"","Country":"China","Continent":"Asia","Poly_src":"SWBD","Lake_type":1,"Grand_id":0,"Lake_area":0.16,"Shore_len":1.91,"Shore_dev":1.35,"Vol_total":0.63,"Vol_res":0.0,"Vol_src":3,"Depth_avg":4.0,"Dis_avg":0.301,"Res_time":24.2,"Elevation":187,"Slope_100":3.43,"Wshd_area":8.7,"Pour_long":110.09837,"Pour_lat":18.763858,"source_id":"hydrolakes:1393406","label":""},"geometry":{"type":"Polygon","coordinates":[[[110.10029904683319,18.759166666666886],[110.10013888888795,18.75875000000002],[110.09942908392918,18.758873562283156],[110.09673569573187,18.761806098090346],[110.09664782206113,18.76251261393236],[110.0977931382912,18.764429117838574],[110.09815374586225,18.766095784505296],[110.09890424940227,18.76584865993931],[110.09946247524573,18.763617214626777],[110.09986291673351,18.76030124240458],[110.10029904683319,18.759166666666886]]]}},{"type":"Feature","id":"hydrolakes:1393427","properties":{"Hylak_id":1393427,"Lake_name":"","Country":"China","Continent":"Asia","Poly_src":"SWBD","Lake_type":1,"Grand_id":0,"Lake_area":0.12,"Shore_len":1.7,"Shore_dev":1.36,"Vol_total":0.53,"Vol_res":0.0,"Vol_src":3,"Depth_avg":4.3,"Dis_avg":0.202,"Res_time":30.5,"Elevation":73,"Slope_100":4.38,"Wshd_area":5.9,"Pour_long":110.121389,"Pour_lat":18.744438,"source_id":"hydrolakes:1393427","label":""},"geometry":{"type":"Polygon","coordinates":[[[110.12110329521914,18.742785644531295],[110.12024826049702,18.74277398003477],[110.11948777940432,18.745236816406305],[110.11698155720916,18.745627305772643],[110.11691738552412,18.74670383029519],[110.12157416449554,18.74633938259558],[110.12221440633039,18.74455498589424],[110.12175135294484,18.743364664713567],[110.12110329521914,18.742785644531295]]]}},{"type":"Feature","id":"hydrolakes:1393509","properties":{"Hylak_id":1393509,"Lake_name":"","Country":"China","Continent":"Asia","Poly_src":"SWBD","Lake_type":1,"Grand_id":0,"Lake_area":0.32,"Shore_len":2.41,"Shore_dev":1.2,"Vol_total":0.87,"Vol_res":0.0,"Vol_src":3,"Depth_avg":2.7,"Dis_avg":0.089,"Res_time":113.1,"Elevation":-2,"Slope_100":1.27,"Wshd_area":2.6,"Pour_long":110.329989,"Pour_lat":18.673465,"source_id":"hydrolakes:1393509","label":""},"geometry":{"type":"Polygon","coordinates":[[[110.32591495089969,18.670531819661562],[110.3254166666656,18.66930555555564],[110.3244290839292,18.6697068956164],[110.32418202717992,18.67057088216154],[110.32307091606884,18.6714606391061],[110.32341298421142,18.672536349826487],[110.32628245035704,18.674831271701464],[110.32934183756407,18.675211859809053],[110.3316513061514,18.674238688151206],[110.33081797281807,18.673348659939336],[110.32977440727979,18.67150282118058],[110.32591495089969,18.670531819661562]]]}},{"type":"Feature","id":"hydrolakes:1393563","properties":{"Hylak_id":1393563,"Lake_name":"","Country":"China","Continent":"Asia","Poly_src":"SWBD","Lake_type":1,"Grand_id":0,"Lake_area":0.38,"Shore_len":2.83,"Shore_dev":1.3,"Vol_total":2.13,"Vol_res":0.0,"Vol_src":3,"Depth_avg":5.6,"Dis_avg":0.209,"Res_time":118.2,"Elevation":75,"Slope_100":5.45,"Wshd_area":6.3,"Pour_long":110.045081,"Pour_lat":18.623927,"source_id":"hydrolakes:1393563","label":""},"geometry":{"type":"Polygon","coordinates":[[[110.05386818779743,18.625213487413134],[110.05245265536729,18.624599609375082],[110.0502802530915,18.62482109917545],[110.05001285129026,18.62332044813371],[110.04958333333246,18.62263888888907],[110.04801912095718,18.62337443033863],[110.0475128512901,18.622764892578232],[110.04570506625595,18.622512885199683],[110.04413237677579,18.623413628472406],[110.0443294355594,18.625346815321222],[110.0459080590133,18.62665812174481],[110.0487043592654,18.626971706814345],[110.04970986260201,18.628182237413228],[110.05398674858833,18.626376817491348],[110.05386818779743,18.625213487413134]]]}},{"type":"Feature","id":"hydrolakes:1393776","properties":{"Hylak_id":1393776,"Lake_name":"","Country":"China","Continent":"Asia","Poly_src":"SWBD","Lake_type":1,"Grand_id":0,"Lake_area":0.28,"Shore_len":2.94,"Shore_dev":1.57,"Vol_total":0.77,"Vol_res":0.0,"Vol_src":3,"Depth_avg":2.8,"Dis_avg":0.153,"Res_time":58.4,"Elevation":0,"Slope_100":1.38,"Wshd_area":5.1,"Pour_long":110.035005,"Pour_lat":18.412965,"source_id":"hydrolakes:1393776","label":""},"geometry":{"type":"Polygon","coordinates":[[[110.0356425645607,18.413160942925458],[110.03441071404256,18.411024305555543],[110.03362144046247,18.410344373915052],[110.03387855953537,18.408878580729265],[110.03498967064661,18.406375596788223],[110.03465422736161,18.40456746419278],[110.03291666666559,18.40291666666684],[110.03142127142922,18.403069254557295],[110.03172661251386,18.407114800347244],[110.03108086479938,18.40864800347225],[110.03295974307503,18.41164781358509],[110.03414100646859,18.411635199652892],[110.03478930579195,18.413600802951464],[110.0356425645607,18.413160942925458]]]}}]}