{"type":"FeatureCollection","features":[{"type":"Feature","id":"hydrolakes:15339","properties":{"Hylak_id":15339,"Lake_name":"","Country":"China","Continent":"Asia","Poly_src":"SWBD","Lake_type":1,"Grand_id":0,"Lake_area":17.92,"Shore_len":37.63,"Shore_dev":2.51,"Vol_total":192.7,"Vol_res":0.0,"Vol_src":3,"Depth_avg":10.8,"Dis_avg":3.836,"Res_time":581.4,"Elevation":5,"Slope_100":3.37,"Wshd_area":187.7,"Pour_long":121.669792,"Pour_lat":29.793215,"source_id":"hydrolakes:15339","label":""},"geometry":{"type":"Polygon","coordinates":[[[121.642780490456,29.79346048990965],[121.64447686089869,29.792203047011412],[121.64636338976163,29.792241550022425],[121.64666395399769,29.79206548055089],[121.6452750651087,29.79139166938006],[121.64463717990941,29.790120934381207],[121.64503499349422,29.78817862616728],[121.64458414714011,29.786419101291983],[121.6483360460117,29.78555833604679],[121.64916720920593,29.784994947646112],[121.64948825412796,29.785329047309745],[121.65112670898901,29.78499347262982],[121.65214925130681,29.782885793050923],[121.6533523220532,29.782502780491313],[121.65389689128068,29.78306955973386],[121.65559163411933,29.783034973145334],[121.65638170030854,29.78221269395692],[121.65721950955316,29.782780558269053],[121.65922403971831,29.783510216607738],[121.66045640733961,29.785586107042946],[121.66085611979628,29.78763370090138],[121.66083645291252,29.789457804362712],[121.6602750651088,29.78999721951027],[121.66002983941439,29.79083055284366],[121.66190171983965,29.789866299100083],[121.66224826389362,29.78667672051398],[121.66367418077732,29.788110690647557],[121.66551133898048,29.789315202501882],[121.66655287001345,29.79211839464051],[121.66777506510891,29.793891669380116],[121.66897338867659,29.79478001912514],[121.6719471571227,29.794719340007248],[121.6730855306036,29.795422956679374],[121.67601277669758,29.794672766792246],[121.67666395399766,29.7933305528436],[121.67913004557755,29.79056920369544],[121.68112304687958,29.789332919651315],[121.6811082628085,29.78860843234662],[121.68191745334656,29.787830929227255],[121.68082058377206,29.7846555074064],[121.68085286458796,29.783068915473848],[121.68053561740913,29.78276401095991],[121.67942504883285,29.782774539524496],[121.67885837131553,29.782184753418676],[121.67832533095083,29.781086137560465],[121.67834662543873,29.780045199924814],[121.68201470269577,29.779719000923023],[121.6848194715759,29.776300930447803],[121.68562255859837,29.774264814589515],[121.6869376627651,29.77362677680202],[121.68945271810367,29.770819108751766],[121.68944064670609,29.770232374404088],[121.69106648763483,29.768670366076094],[121.69027506510878,29.767502780491213],[121.68986667209674,29.76624443901983],[121.68805826823376,29.765552775065828],[121.68609741211395,29.765280558269012],[121.6855582682337,29.766391669380027],[121.6841562228779,29.768239440918705],[121.68418050130668,29.769430830214503],[121.683460693364,29.77049284193339],[121.68092922635009,29.770904930963184],[121.68027506510884,29.77221944173249],[121.67970811632398,29.774185892741684],[121.67578776042137,29.776263885498793],[121.67585205078586,29.773112809923646],[121.67694715712281,29.771669447157876],[121.67722452799939,29.770814734565704],[121.6783306206645,29.76969231499652],[121.6774857584681,29.768880683052032],[121.6756556532165,29.76891803317676],[121.67440294054273,29.76859700520913],[121.67256605360717,29.7673518541132],[121.67221856011759,29.76948713514622],[121.67163682726164,29.769997219510287],[121.66924004449248,29.767908901639146],[121.6679884168883,29.7660520765524],[121.66628675673212,29.76555833604675],[121.66542968750463,29.766865573460052],[121.66582980686218,29.768370107015755],[121.66359144423211,29.768324432373788],[121.66241956923216,29.76653691609772],[121.66279201931883,29.765813785129808],[121.6647005208381,29.765852728950506],[121.66597493490048,29.764988861084703],[121.66472493490045,29.76247009277421],[121.66555080838157,29.76086712307489],[121.66695638021287,29.755999162462842],[121.66694091797336,29.755243055556264],[121.66832614475288,29.753912065294855],[121.67009752062103,29.750842013889667],[121.67230550130665,29.74939446343393],[121.67277506510874,29.74885898166309],[121.67218465169742,29.747713131375633],[121.67095431858093,29.746947224935695],[121.66912990994382,29.74818393283499],[121.66828111437098,29.747746666803096],[121.66626180013492,29.743666670058417],[121.6641083441886,29.742817298042326],[121.66247097439702,29.742497643365652],[121.66132690430163,29.741908331977868],[121.66054728190568,29.741096886529647],[121.66056979709657,29.739997321235535],[121.6580741373744,29.737780134413754],[121.6557541232686,29.736756337484508],[121.65053114149765,29.735824991862728],[121.65013888889342,29.73541666666739],[121.64971950955328,29.7355527750658],[121.64859686957936,29.736674872505034],[121.64697428385887,29.736641760932855],[121.64566107856376,29.737531924778295],[121.64444715712278,29.73916944715785],[121.64163113064706,29.740841115316528],[121.64109429253932,29.74083016289677],[121.63816202799961,29.742608337403112],[121.63720404731356,29.743900960287192],[121.63645887587262,29.745436757406367],[121.63360270182756,29.746117706299515],[121.633630506732,29.74747826470343],[121.63295681424069,29.748472222222915],[121.63372341580322,29.74960328843946],[121.63732367622003,29.750043216282222],[121.63965820312967,29.752473076715148],[121.64028049045612,29.7527749972881],[121.6406620279995,29.75511869642554],[121.64140231662788,29.756147308350364],[121.64138563368533,29.756963890924112],[121.64035834418871,29.757988722060247],[121.63987738715758,29.759961700440215],[121.63831773546468,29.761117892795824],[121.63776435004831,29.76225841946149],[121.63778605143688,29.76332531399288],[121.63749728733097,29.76388610839922],[121.63722493490059,29.765720536974527],[121.63805840386749,29.767775268555454],[121.6380414496573,29.76860951741611],[121.638759629996,29.768886108399272],[121.63916395399781,29.768052673340605],[121.6399814181903,29.768069356283434],[121.6405550130255,29.767773861356147],[121.6414645724874,29.768085191515524],[121.6430688476608,29.768052452935876],[121.64431518555142,29.76916388617701],[121.64531453450991,29.767452562121036],[121.64779717339877,29.767503238254847],[121.64848890516947,29.76822313096858],[121.64911471897159,29.770151587592977],[121.65247938368526,29.77166863335583],[121.65305284288655,29.77641879611616],[121.65160658095073,29.7778083292651],[121.64805284288656,29.778886108399206],[121.64584960937958,29.781145121257282],[121.64497422960534,29.78025846693322],[121.64327921549932,29.780293053521746],[121.64044609918005,29.781386108399204],[121.6385956488761,29.780263926188923],[121.63539916992642,29.780266079373575],[121.63500271267816,29.77942543877583],[121.63584201389352,29.77861913045325],[121.63582817925817,29.777942216662098],[121.63471950955329,29.776113891602336],[121.63439208984829,29.775105268691107],[121.63314195421475,29.77449874877999],[121.6315390353779,29.775047420926285],[121.63111382378935,29.777225002713408],[121.62999213325116,29.779750230578145],[121.63028143989186,29.78278013441377],[121.62947102865053,29.7831732686368],[121.63072062174956,29.78399246215895],[121.6325141059076,29.783614230686453],[121.632516818581,29.785405663385063],[121.63157836914519,29.786790110271056],[121.63169650608103,29.787774997288068],[121.63281941732231,29.786606292725367],[121.63333062066442,29.785552775065867],[121.63484280056883,29.78518413967646],[121.63700697157577,29.786108330621573],[121.63918592665385,29.784985894097986],[121.63994289822517,29.783425394694746],[121.64273478190563,29.783997226292],[121.64365871853784,29.78447318183123],[121.64358479818162,29.788097229004734],[121.64138061523892,29.79029200236073],[121.64138088650628,29.791366000706034],[121.64167466905849,29.79280066596209],[121.64165310330321,29.794971211752056],[121.64237087674076,29.798000946045647],[121.64309638129816,29.79833055284371],[121.64501207140216,29.79767483181496],[121.64499565972682,29.796869439019872],[121.64305284288662,29.795002780491245],[121.642780490456,29.79346048990965]]]}},{"type":"Feature","id":"hydrolakes:15356","properties":{"Hylak_id":15356,"Lake_name":"","Country":"China","Continent":"Asia","Poly_src":"GRanD","Lake_type":2,"Grand_id":6151,"Lake_area":10.0,"Shore_len":58.21,"Shore_dev":5.19,"Vol_total":116.4,"Vol_res":116.4,"Vol_src":2,"Depth_avg":11.6,"Dis_avg":4.296,"Res_time":313.6,"Elevation":82,"Slope_100":8.53,"Wshd_area":192.7,"Pour_long":120.389616,"Pour_lat":29.585448,"source_id":"hydrolakes:15356","label":""},"geometry":{"type":"Polygon","coordinates":[[[120.39958358009494,29.594193604724126],[120.3995030384097,29.5913961720276],[120.39877593146406,29.590050558127984],[120.39955425741124,29.589400136971847],[120.40242995358557,29.590122153282437],[120.40361728052545,29.59134362089776],[120.40433423595152,29.593088420876086],[120.4044524060281,29.594422094505717],[120.40802490173434,29.597687217979512],[120.40904650318083,29.59943794891103],[120.413800118263,29.604190497216962],[120.41635822405937,29.605438584139108],[120.4200094619693,29.60564279966593],[120.42232409448809,29.604489574295485],[120.42295689559182,29.60356991260238],[120.41875427509575,29.601091725994593],[120.41649398935925,29.600115762575967],[120.41577677897448,29.598371014302586],[120.41382450840757,29.59726787240777],[120.41310396396432,29.595656183359836],[120.41160855247045,29.594561920162505],[120.41239703349635,29.593512210256165],[120.410871059582,29.593615572511965],[120.40862463351317,29.592107208695893],[120.40957558084386,29.590661279771098],[120.41096285560343,29.590022677692104],[120.41229574860046,29.59151318564318],[120.41321267266534,29.59139793118419],[120.41441033717797,29.592220099202905],[120.4159227161565,29.592648977466183],[120.41899835686314,29.591510619284634],[120.42349158226347,29.58853580347494],[120.42639112026069,29.588325806346404],[120.42412426202378,29.58761612755802],[120.42152924376234,29.587831994270573],[120.4172119926775,29.58987821042217],[120.41616318825203,29.589192103819187],[120.41773317031726,29.58735875365062],[120.41603468588721,29.58825764307869],[120.41447484421269,29.58969175842475],[120.41296251585464,29.589262866519505],[120.41177169371076,29.588174547247775],[120.41225222486963,29.58725196410836],[120.40921407081572,29.58692639877654],[120.40720081772469,29.58821843419514],[120.40494093655559,29.587242296261138],[120.40344914649671,29.58601488313667],[120.40437284069071,29.585633548154988],[120.4075393527873,29.58689368557799],[120.4083244056057,29.58597706774765],[120.40639628662154,29.583942344739228],[120.41051703758842,29.583623420376057],[120.41114979603014,29.582703811051715],[120.40902182372582,29.58252913869967],[120.40717451711822,29.58329187246568],[120.40458982158327,29.583108202997096],[120.40355480981907,29.581889726984002],[120.40420124528765,29.580437875095015],[120.40605192177509,29.579542110750708],[120.41011470501934,29.581485381640846],[120.41164049525042,29.581382016873988],[120.4109098847959,29.580169532706293],[120.40864333405176,29.57945960606196],[120.40428300887675,29.577244201479687],[120.40642447157785,29.576886662777724],[120.40929648039884,29.57774158293182],[120.41140057217103,29.578847738407774],[120.41367052717698,29.579424547600013],[120.4126422260515,29.5779399962521],[120.4105381372205,29.576833860666795],[120.40827166235755,29.57612393204215],[120.40770015906162,29.574648266550412],[120.40880316189867,29.573205303961174],[120.40854291275997,29.571469445118964],[120.40674344671305,29.57036920334599],[120.40342863285969,29.5689730284098],[120.40483265614341,29.56766912300162],[120.40912195406133,29.566687825551867],[120.41078275435115,29.56725278123082],[120.41270728114881,29.569420501912532],[120.41392505287257,29.56944423531911],[120.4134921416794,29.568503840252845],[120.41110756721264,29.56646029545942],[120.4112835547395,29.565531769176403],[120.41341457216924,29.565573313221194],[120.41536964492963,29.56654335741956],[120.41673960227416,29.566570026906163],[120.41880969995299,29.56900677161707],[120.41972641444318,29.56889145896355],[120.41901271126301,29.567013659295355],[120.41994633013763,29.566232985931606],[120.4216173413248,29.566398593865415],[120.4218067611817,29.564937760357566],[120.4244180809859,29.564056491322162],[120.42659296961875,29.56236788161317],[120.4289744161971,29.564544234789366],[120.43196484316718,29.566732332360857],[120.43327757860573,29.569021071971065],[120.43278049148711,29.570609114909473],[120.4337820964866,29.57315810859245],[120.435142066384,29.57358381279886],[120.43775351966451,29.572702288640812],[120.44442815735698,29.573762952704726],[120.44703619906915,29.57301431545318],[120.44692751753274,29.57128142059031],[120.44372066693097,29.571619109569326],[120.44067610369439,29.571560434243054],[120.43978625055439,29.57061130271876],[120.43738089037316,29.56936663681188],[120.43598732550322,29.570271690719835],[120.43530022320266,29.567329374426834],[120.43565848800398,29.565206084120575],[120.43251243542062,29.563148196306486],[120.43073978167206,29.560983688809813],[120.42958614419325,29.558431732868996],[120.43072908313871,29.55539167990071],[120.43489486138816,29.547217646121965],[120.43739373534737,29.544736259395506],[120.44138079438682,29.543614889952323],[120.44323048547193,29.542718541946158],[120.4394157999401,29.543044460223598],[120.43557421101139,29.544434857153362],[120.42995065282491,29.550051085889834],[120.42928121257842,29.55243461368167],[120.42596018823502,29.557296374356213],[120.42253394797268,29.560292065839235],[120.41898914493993,29.561953979652344],[120.41534625874942,29.56148368784585],[120.41401706975387,29.559860154615592],[120.41271167205281,29.557305112955078],[120.41143009416601,29.553818564681137],[120.4116433756098,29.551426253345312],[120.41470421205275,29.5508202007087],[120.41260063747075,29.54971412661496],[120.41171802331712,29.548498689200017],[120.40869800707765,29.547507826538094],[120.40920550949198,29.54552067213524],[120.41132253167336,29.546094508621536],[120.41329756434209,29.546266134173266],[120.41438320601526,29.545488453284804],[120.41550609121106,29.543246974618626],[120.41508680761024,29.541774300827115],[120.41283122980423,29.54066527806816],[120.41271634551316,29.53919852790176],[120.41440044786839,29.538831913351714],[120.41622655836659,29.53886745268403],[120.41702128358429,29.53755153441307],[120.41784305170415,29.535171033653683],[120.416497209348,29.534212897814086],[120.41567880585723,29.53646031731273],[120.41152267980817,29.538243306266963],[120.41086987798514,29.539961367303476],[120.41189102785563,29.541712057601615],[120.41107584392915,29.543826365368545],[120.40754506584284,29.54495571725306],[120.4071897221246,29.546945835383212],[120.40822105917476,29.548297340482918],[120.40877546777239,29.550438354351854],[120.40729696532088,29.554669874789454],[120.40958948181736,29.560306378999258],[120.408185625246,29.56161034600069],[120.4054322532483,29.562089105398],[120.40296965439546,29.563106041835795],[120.40201549875229,29.564685008559536],[120.40181898015993,29.566411935980568],[120.39903816006898,29.567955108404476],[120.39823270012357,29.56967009261939],[120.39896308760274,29.570882634503732],[120.39848252878369,29.571805168876153],[120.3944101149936,29.570260782918865],[120.39171805834314,29.56834400278956],[120.39083213852581,29.567261503410805],[120.3913965127536,29.569003362668127],[120.39259031336161,29.569958771984602],[120.39150766411177,29.570603177154567],[120.3919403729708,29.571543631817292],[120.3936250759981,29.57117732005537],[120.39436909109895,29.57185760907703],[120.39587423605695,29.572552831408416],[120.3975452871137,29.572718746487283],[120.39843815271365,29.573535069071568],[120.39834256032594,29.577261006215736],[120.39715886800474,29.57590643394093],[120.39620107150722,29.577618412140566],[120.39754383358786,29.578709840762997],[120.39720520571643,29.580034559017633],[120.39566917963498,29.580536964400494],[120.39471814831268,29.58198278923419],[120.39317181629383,29.58288436856401],[120.3935070873186,29.581692733469367],[120.3927595892626,29.5811455049228],[120.39266210811394,29.579013417854526],[120.39143739484359,29.579255619222977],[120.38955920037665,29.58121571715435],[120.38575797427558,29.58686569748835],[120.38770285490295,29.588235359020018],[120.38708700750612,29.588489502050095],[120.38625370350894,29.591268927228953],[120.38699437129435,29.59208232942268],[120.38808414636009,29.591171843258792],[120.38856833183706,29.590116292564574],[120.38866571851435,29.592248374825147],[120.3880155472549,29.593833198126674],[120.38870823426305,29.59650954076892],[120.39039679564229,29.59601022952927],[120.39014711978189,29.593875151789064],[120.39078697976885,29.592689520120132],[120.39083152088665,29.59095963546622],[120.39189385407508,29.591113660299868],[120.39214356488884,29.59324873738194],[120.3928774481397,29.59432824666993],[120.3929817708102,29.596194193967733],[120.394778087129,29.59742770593681],[120.39526223990788,29.596372129242752],[120.39441370016237,29.593825888199717],[120.39506377372021,29.59224102738591],[120.39597387551504,29.592392030922042],[120.39577716313426,29.594118933351126],[120.39699863343372,29.594009771385515],[120.3961757985972,29.596390065090247],[120.39686187822917,29.599332515494666],[120.39818099259202,29.601355432792786],[120.4002683423804,29.603127127839628],[120.40253875215984,29.603704155038713],[120.40447736455587,29.60533973923691],[120.40655127821492,29.607643623476406],[120.40807065369302,29.607806463389352],[120.40569555968472,29.605363574275373],[120.40558759738576,29.603630693830382],[120.40438988323251,29.602808443502454],[120.40336151369115,29.601323818687263],[120.40139227084427,29.600885844095387],[120.40126389970851,29.599951377899686],[120.40252979343717,29.598112270466743],[120.40085831346033,29.59794639273747],[120.40185037654959,29.59490370107187],[120.40018236526646,29.59460474900999],[120.39958358009494,29.594193604724126]]]}},{"type":"Feature","id":"hydrolakes:15399","properties":{"Hylak_id":15399,"Lake_name":"","Country":"China","Continent":"Asia","Poly_src":"GRanD","Lake_type":2,"Grand_id":6167,"Lake_area":12.95,"Shore_len":59.62,"Shore_dev":4.67,"Vol_total":300.0,"Vol_res":300.0,"Vol_src":2,"Depth_avg":23.2,"Dis_avg":6.206,"Res_time":559.5,"Elevation":46,"Slope_100":18.28,"Wshd_area":232.3,"Pour_long":121.269675,"Pour_lat":28.839424,"source_id":"hydrolakes:15399","label":""},"geometry":{"type":"Polygon","coordinates":[[[121.36870284325522,28.877478518191538],[121.36709535770586,28.875536907940557],[121.36164955526687,28.874669919126404],[121.35837456853517,28.874630064062842],[121.3574950827757,28.872697210947535],[121.35769717339195,28.871418249050237],[121.35551896459128,28.871071332063195],[121.35517022571014,28.870106008208893],[121.35520049390033,28.86818424098692],[121.35410890223937,28.868170915296957],[121.35302993891185,28.867356845138033],[121.35250940991523,28.865748703650183],[121.35071795225463,28.863964837552317],[121.35021011969974,28.861555953294157],[121.35077357775174,28.860441601897833],[121.35521273393869,28.855850668368305],[121.35685244797452,28.855710484712347],[121.35722885784173,28.85491417963857],[121.35394945204331,28.85519453706064],[121.35028598599393,28.85675154007083],[121.34827989579162,28.857047332776347],[121.34337589733269,28.85650662680058],[121.34044498122427,28.85775200076648],[121.33948196645144,28.861103871596242],[121.33873901315741,28.86205578264139],[121.33890820002887,28.86285875506121],[121.33760926493449,28.86444451606178],[121.33358394951807,28.865836406109167],[121.33030928624521,28.86579588046743],[121.33052960727622,28.863395953377108],[121.32851053447285,28.864492170308267],[121.3279878366775,28.863044094632585],[121.32928177192315,28.861778722017448],[121.32352720996221,28.857542677138326],[121.32499789921127,28.85659989625526],[121.32663508147238,28.85662022762108],[121.32791613506254,28.8561555911063],[121.32666842203486,28.85453833909031],[121.32722952072032,28.853584239093095],[121.32978129812801,28.8532955207765],[121.33087016298362,28.853469182772756],[121.33271220131212,28.852050378017736],[121.33656273300596,28.850175807442042],[121.33131068441645,28.84866931357533],[121.32636873132549,28.85053019015828],[121.32053769243333,28.851098392558583],[121.31924379488623,28.85236368422079],[121.31378677023417,28.852295545789673],[121.31179621409785,28.851629929874093],[121.31363071167664,28.850691827748562],[121.31328242381039,28.849726411360564],[121.31036432366403,28.850170404900382],[121.30928848898299,28.84919586007311],[121.31002901498636,28.848404261011012],[121.3104316315011,28.84600665802509],[121.31046528007977,28.843924783569207],[121.31084716448015,28.842808330939192],[121.3123229165646,28.841545393758167],[121.3116238373155,28.839774698891404],[121.31114545238404,28.83560411202484],[121.31372263878433,28.833714234088916],[121.31136352566222,28.8333643660564],[121.30974483734133,28.832222853396217],[121.31068520230508,28.83031251078063],[121.31145918263252,28.827439015323307],[121.30984575600718,28.82597721744571],[121.30635422928844,28.828175903855538],[121.30470972330158,28.828635777046657],[121.3043330263256,28.82943192586987],[121.30521378328928,28.83120493825095],[121.30553599723817,28.83377181303746],[121.30694945607985,28.83635238938234],[121.30656237088999,28.837789119326146],[121.30744582161947,28.839401975475425],[121.30634418084031,28.840028851464012],[121.30486059280258,28.841772152776173],[121.3064638012853,28.843874589842926],[121.30589997914905,28.844988742831333],[121.3044215046225,28.846411747487764],[121.30113969071766,28.846850968926617],[121.29914150959297,28.84666560303475],[121.29769421976272,28.84616681147213],[121.29622345199846,28.847109291675338],[121.29277016477619,28.84690543760223],[121.28948568087327,28.847504515011735],[121.288594586111,28.84637197876941],[121.28844940774576,28.84412767727042],[121.29139619582236,28.84192258544749],[121.2917835055112,28.84048590925221],[121.28795620764123,28.840917903139427],[121.28475070661005,28.836712605071227],[121.28146651085245,28.83731149950063],[121.28278168766843,28.834765442243167],[121.28153756454992,28.83298766535148],[121.28077588568442,28.835060240862276],[121.27671146970783,28.838852578185026],[121.27785018660148,28.83598396809566],[121.27659821932895,28.83468657376409],[121.2768038339945,28.833247622739123],[121.27591563418474,28.831954869707374],[121.27446866862334,28.831455841022148],[121.27394687161376,28.830007587293835],[121.27416836235392,28.82760779119303],[121.27329874233635,28.825194032433217],[121.27352287413237,28.822634094333182],[121.27168326144351,28.823891942908517],[121.2691735212116,28.832669399011365],[121.27131086820725,28.835419785540978],[121.2712923369329,28.836540773412423],[121.2692970793953,28.836194834438743],[121.26794707437563,28.84082257470726],[121.26958396094983,28.840843588240546],[121.27065932634764,28.841818431896968],[121.27262029695038,28.844246189040177],[121.2744364805215,28.844429616883758],[121.27771565639523,28.8441511884364],[121.28045443927147,28.843545439221828],[121.28189633715226,28.844364694736043],[121.27966365882196,28.847379558763862],[121.28311165683851,28.847904031884468],[121.28270840812849,28.850301526033434],[121.28395274187733,28.85207929728898],[121.2826557755277,28.85350436017393],[121.2830143122772,28.853829277140335],[121.28647567315227,28.853552963851087],[121.28901441041171,28.854065732814036],[121.28899081007955,28.85550701233791],[121.28805242907407,28.857257028675633],[121.28820284981015,28.85918104284673],[121.28800781828994,28.8599794426205],[121.28507620684292,28.86122358024727],[121.28270343749585,28.86167389763466],[121.28322549198293,28.86312212277312],[121.28355248243133,28.86536873706018],[121.28464137512367,28.86554277434641],[121.28575655541187,28.864115386428182],[121.28467556471333,28.86346093388522],[121.28522920325247,28.862987452938114],[121.28725129134438,28.86173176018258],[121.28943688827752,28.861599337715575],[121.2907260114921,28.86065463807813],[121.29056768254316,28.85921105169041],[121.28986363353494,28.857760543239976],[121.2917036593015,28.856502468497467],[121.29315367372277,28.856841185988912],[121.29371769970356,28.855727096546275],[121.2948169678927,28.855260477873856],[121.29337219990987,28.8546014938255],[121.29411549665008,28.853649846832866],[121.2919614788969,28.85186064300433],[121.29377784221293,28.852043817024253],[121.29415470880042,28.851247707016967],[121.29543321116279,28.85094352495281],[121.29741841913392,28.851929663606313],[121.30196848601645,28.851826868901696],[121.30435135800008,28.850735624703475],[121.30596506791579,28.852197495898622],[121.3070253325098,28.854132929033653],[121.30699419608129,28.856054652995283],[121.30846759572825,28.85495191386144],[121.30827013433742,28.855910493978115],[121.30934861619022,28.856724904664645],[121.31044524256129,28.856418300005146],[121.31316092816894,28.857253189505002],[121.31386788881656,28.85854344549955],[121.31494385979926,28.85951795823155],[121.31639916595543,28.85953614170984],[121.31784158038988,28.860355031711947],[121.31797708094962,28.863239901085876],[121.3175745489039,28.865637525165027],[121.31517595341558,28.867689856833124],[121.31371536303914,28.86799194330831],[121.31208319004912,28.867651160181538],[121.31023541743804,28.869389944070804],[121.30966111310306,28.871144678798657],[121.31036811441203,28.87243495271639],[121.30961963271898,28.873706974314132],[121.3105189545883,28.874358955858668],[121.31216934708283,28.873578756277993],[121.3134661899847,28.87215340697213],[121.31456297053091,28.871846775676318],[121.31471905774913,28.87345048972105],[121.3158003498225,28.87410471239872],[121.3161823055874,28.872988251637366],[121.31691779700952,28.87251691032469],[121.31714618936536,28.869636588224807],[121.31876036456595,28.87109832176128],[121.32074618424019,28.872084138902096],[121.32200171895533,28.873221013182558],[121.32133060815954,28.86968877171404],[121.32348807688669,28.871317392939204],[121.32495382941516,28.870694911869293],[121.3271370339217,28.87072202869689],[121.32877956524919,28.87042205295171],[121.32952779342133,28.869149913740728],[121.33262574269753,28.868867921134495],[121.33534960626946,28.869221945726167],[121.34155310825918,28.868177181197495],[121.34493191091877,28.86165142880651],[121.34615210265753,28.865030138311738],[121.34797136050696,28.86505244805494],[121.34776156752145,28.8668118323954],[121.34684938822625,28.86696082520541],[121.34626556262339,28.86935632850674],[121.34658885865622,28.87192313736125],[121.34567155854961,28.8723924130976],[121.34404681190392,28.871571571351694],[121.34546170576664,28.87415178985077],[121.34783961760428,28.87338007535766],[121.34965649115736,28.87356251491326],[121.3496944581367,28.871160313703],[121.35061173047137,28.870691009322684],[121.35219355557876,28.87423427151799],[121.35326500254911,28.875528791089096],[121.35252458860606,28.87632063023841],[121.35034123889164,28.876293919845637],[121.35010867309444,28.879494625443158],[121.35172600482628,28.88079584022546],[121.35265851979392,28.879365644848292],[121.35484698412768,28.879072026283723],[121.3572350297315,28.877659559488222],[121.36124544780665,28.877227856247544],[121.36432351674614,28.8782263232207],[121.36483926505673,28.88015472159333],[121.36497104655933,28.883359884647177],[121.3645519167543,28.886878716153603],[121.3654341502218,28.88865138170206],[121.36920793860514,28.891740501878246],[121.37701541488553,28.8929560406292],[121.37900969999572,28.893460588893333],[121.37975502293784,28.892348305551025],[121.3774092569908,28.89103864307077],[121.37250096648916,28.890659078152453],[121.3708882168703,28.889037802064706],[121.36747338755856,28.88627343565247],[121.36735405549598,28.88226753353615],[121.36775303170305,28.880029870754697],[121.3699564848227,28.878775116555005],[121.36870284325522,28.877478518191538]]]}},{"type":"Feature","id":"hydrolakes:15414","properties":{"Hylak_id":15414,"Lake_name":"","Country":"China","Continent":"Asia","Poly_src":"SWBD","Lake_type":2,"Grand_id":6169,"Lake_area":23.27,"Shore_len":53.96,"Shore_dev":3.16,"Vol_total":691.0,"Vol_res":691.0,"Vol_src":2,"Depth_avg":29.7,"Dis_avg":13.806,"Res_time":579.3,"Elevation":31,"Slope_100":10.09,"Wshd_area":452.5,"Pour_long":121.063573,"Pour_lat":28.606782,"source_id":"hydrolakes:15414","label":""},"geometry":{"type":"Polygon","coordinates":[[[121.05494608561656,28.644234212240292],[121.05287265354195,28.639840630425965],[121.05414564345085,28.638661159939886],[121.05504591200548,28.63712985568651],[121.05502475315132,28.63090237087738],[121.05466871473999,28.629543592665527],[121.0547008599221,28.626544460721163],[121.05389417860704,28.623800591363477],[121.0550956217495,28.61969685872458],[121.05451321072519,28.618035210504104],[121.05580796983958,28.613634982639496],[121.05739061144129,28.611015625000675],[121.05676859538221,28.609240858290605],[121.06017686632396,28.60829074435827],[121.06453755697078,28.608324110243757],[121.06499471029105,28.606353352865256],[121.0639203559075,28.605278727214227],[121.06232794868083,28.604899359809735],[121.06116767036053,28.603102620443394],[121.0591142442538,28.6027756076395],[121.05806084527359,28.60027248806483],[121.05671793620246,28.59984727647634],[121.0557261149134,28.59819051106831],[121.05398376465325,28.597638888889662],[121.05479607476593,28.596886257596168],[121.0558386230515,28.596394178603134],[121.05655097114169,28.595291069879067],[121.05585110135019,28.59396837022649],[121.05807061089877,28.59361490885476],[121.05741556803855,28.5930079481343],[121.05573649089013,28.592476264106608],[121.05338745117649,28.592569444445076],[121.05299791124588,28.592148980035404],[121.0530904812328,28.589813503689925],[121.05545694987433,28.58863905164992],[121.05355828179705,28.588276502821827],[121.0526333957294,28.58535522461017],[121.05166137695778,28.584727511936478],[121.05102342394127,28.583739691840947],[121.0512027994838,28.57921468099022],[121.04984795464867,28.57560885959265],[121.05106703016946,28.5728152126743],[121.0514626057988,28.570332031250757],[121.051359863286,28.567740342882587],[121.04977579753074,28.56780314127667],[121.04856011285182,28.571908230252518],[121.04861680773041,28.573338351780194],[121.04643039279983,28.57456922743137],[121.04611640082919,28.575560845269763],[121.04478759766079,28.57582804362039],[121.04307467990901,28.57451443142429],[121.0419497341627,28.572772488065027],[121.04134731717045,28.572488199870406],[121.04060336643244,28.571685248481515],[121.03758131239607,28.564723442926038],[121.03677910699253,28.561338975695094],[121.03508843316433,28.55766045464469],[121.03358439128061,28.555812310113538],[121.03384338379357,28.55149074978374],[121.0317569987024,28.550506049262708],[121.03139417860694,28.54860582139827],[121.03000528971808,28.54520141601631],[121.03153361003064,28.539991183811367],[121.03343899197512,28.535901014540627],[121.03770005968352,28.531952853733287],[121.03874830458369,28.530329589844428],[121.03799967448373,28.530005289714154],[121.03722222222672,28.530844319662208],[121.03605523003927,28.529727511936358],[121.03453403049514,28.531369222005935],[121.03260518392415,28.53193915473156],[121.03161058214431,28.529909396702067],[121.0290277777824,28.528750000000684],[121.0269391547356,28.52888359917597],[121.02387532552547,28.531100802951983],[121.0241723632858,28.531662055122183],[121.02414557563395,28.532337782118645],[121.0222806125264,28.53292819553019],[121.0219322374179,28.535115017361875],[121.02082804362436,28.535828043620484],[121.02056084527374,28.536587320964202],[121.02169413249152,28.536946207682945],[121.0216579861156,28.537857259115185],[121.01930772569898,28.540158555773246],[121.01855068631102,28.543336724176072],[121.01869574653227,28.546996663412074],[121.02017205132847,28.54881076388955],[121.02073567708806,28.55059082031312],[121.01955471463128,28.556017930773294],[121.01850260417132,28.558579237196795],[121.01901143392382,28.56150160047804],[121.01832356771291,28.56250122070378],[121.01862494575118,28.5627803548183],[121.01690558539963,28.563324788412103],[121.01691460503935,28.566169297960755],[121.0153464084247,28.56773681640692],[121.01749471029103,28.571280110677776],[121.01526272244394,28.57420342339475],[121.01528476291696,28.574759250217653],[121.01623962402812,28.575643988715967],[121.01877115885867,28.575543755426168],[121.0196508110941,28.573679877387804],[121.02132208930578,28.574564208985123],[121.02312927246555,28.577639702691613],[121.02427483453147,28.578701171875593],[121.02604743110265,28.579537624783654],[121.02850965712281,28.5843315972229],[121.0316409640887,28.5881792534729],[121.03338100857673,28.592019178603095],[121.0344372558639,28.592997911241923],[121.03476582845502,28.59437730577332],[121.03588256836389,28.59473076714471],[121.0358782959031,28.597661404080498],[121.0370238579689,28.59982638888954],[121.03800462511322,28.600811360677767],[121.03832804362429,28.602505289714202],[121.03893330892384,28.603978949653595],[121.04144992404991,28.607071261936426],[121.04216925727445,28.609343261719346],[121.04116570367222,28.611239827474606],[121.03975267198808,28.61190673828196],[121.03542846680159,28.605058051216076],[121.03445000543002,28.602984754774923],[121.03147237142394,28.601234266493748],[121.03042005751342,28.600098605686583],[121.02995476617212,28.597177463108267],[121.02749471029108,28.59611640082528],[121.02587836371987,28.595004204644738],[121.02356187608973,28.594452446832292],[121.02368055556013,28.597445882162162],[121.02166137695781,28.598883599175963],[121.02083862305136,28.600283067491944],[121.01921474881101,28.602204725478202],[121.0206878662155,28.602772488064886],[121.02264431424061,28.600284559462523],[121.02502590603757,28.599727511936578],[121.02558729384168,28.600917154948547],[121.0262578667581,28.605126274957286],[121.02840705024335,28.608473036024918],[121.0295182969881,28.609502631294106],[121.03214246962256,28.610963134766337],[121.03277079264785,28.616148139106542],[121.0321086968363,28.61676161024377],[121.02969489204031,28.61500528971419],[121.02974060059063,28.616158718533597],[121.03028347439704,28.616661783854852],[121.03027079264791,28.616981472439875],[121.02961452908443,28.617589518229806],[121.03084940592902,28.620015055339195],[121.03024651421913,28.622896592882626],[121.02876112196645,28.623366834853073],[121.02749579536055,28.62333902994851],[121.02613016764775,28.622860378689836],[121.02375325521302,28.621405029297534],[121.02190890842468,28.621116400825315],[121.02124328613752,28.621834852431164],[121.02169080946629,28.62397379557359],[121.02167588976153,28.625649549696845],[121.02257893880659,28.627356092665536],[121.02389458550823,28.627772623698604],[121.02387227376767,28.62833509657179],[121.02472751194028,28.628605821398196],[121.0269391547356,28.630005289714177],[121.02813184950548,28.63027248806486],[121.0292032199481,28.629116210938207],[121.02913228353322,28.627327745226296],[121.02947801378497,28.626008572049273],[121.03151760525628,28.62397271050412],[121.03276299371117,28.625316840278572],[121.03481770833793,28.625235460070087],[121.03527248806893,28.626671956380846],[121.03722751194033,28.626939154731588],[121.03779500325993,28.629553493924277],[121.03912339952711,28.632063937717703],[121.04146138509589,28.633050265842712],[121.04193915473564,28.63244411892441],[121.04061319987437,28.631140272353093],[121.04200100369377,28.629065619575385],[121.04192186144121,28.627069498698575],[121.04062221951432,28.624946967231608],[121.04113050673209,28.623006998698713],[121.04197937012174,28.621853841146503],[121.04193874783448,28.620828179254147],[121.04270996094203,28.62046427408916],[121.04309604221379,28.618040635851344],[121.0439266628735,28.618073594835835],[121.04672403971824,28.621852484809665],[121.04863613552982,28.62362413194512],[121.05046698676688,28.628471679688175],[121.0508280436245,28.630055881077055],[121.05016655816439,28.63130601671071],[121.04835462782574,28.63298475477501],[121.04806084527365,28.63370781792605],[121.04863050673197,28.635881890191627],[121.05000528971811,28.637216932509375],[121.05099887424512,28.638755560981508],[121.05020433214435,28.641022406684726],[121.04893642849851,28.641620822483276],[121.04754808214454,28.642685546875725],[121.04786431207054,28.64360582139824],[121.04994723850285,28.642503662110073],[121.05141479492659,28.642227511936426],[121.05200581868951,28.643479953342705],[121.05444973416263,28.645272488064847],[121.05568298340296,28.646603461372194],[121.05811292860693,28.647832438151738],[121.05999986437081,28.651042073568306],[121.06125311957925,28.651383599176086],[121.06166137695772,28.649806315104797],[121.05967312283474,28.647453477648185],[121.05809997559072,28.646711018880865],[121.05494608561656,28.644234212240292]],[[121.03430040148044,28.61417724609447],[121.03513888889341,28.614027777778404],[121.03576911079028,28.614786512587443],[121.03753614638049,28.615552842882664],[121.03804273817724,28.616638590495427],[121.03502495660183,28.615351833768045],[121.03430040148044,28.61417724609447]],[[121.05522189670603,28.604031982422498],[121.05430555556018,28.60382663303011],[121.0536606852259,28.60397121853373],[121.05348876953587,28.60320421007026],[121.05470757378924,28.602187771268063],[121.05569444444916,28.602083333334065],[121.05608567980073,28.603014865452053],[121.0558548990931,28.60364705403714],[121.0555369059291,28.60357584635483],[121.05522189670603,28.604031982422498]]]}},{"type":"Feature","id":"hydrolakes:176145","properties":{"Hylak_id":176145,"Lake_name":"","Country":"China","Continent":"Asia","Poly_src":"SWBD","Lake_type":1,"Grand_id":0,"Lake_area":1.56,"Shore_len":5.13,"Shore_dev":1.16,"Vol_total":1.0,"Vol_res":0.0,"Vol_src":3,"Depth_avg":0.6,"Dis_avg":0.019,"Res_time":610.9,"Elevation":0,"Slope_100":0.25,"Wshd_area":0.9,"Pour_long":121.676628,"Pour_lat":29.990755,"source_id":"hydrolakes:176145","label":""},"geometry":{"type":"Polygon","coordinates":[[[121.67637858073385,29.989732551575457],[121.67625000000459,29.988472222223038],[121.67443413628939,29.988600781759374],[121.67090616862441,29.991649118000453],[121.66742716471822,29.99362865977895],[121.66695475260883,29.99417699601986],[121.66595933702712,29.994476719963018],[121.66389919705324,29.99696717421284],[121.66492458767834,29.997575376299437],[121.6652674696229,29.99834366321636],[121.66640611437089,29.999056857427718],[121.66902153863316,30.002179289262244],[121.67118191189707,30.00396631426372],[121.67282945421482,30.003231163224314],[121.67508395725304,30.00090208715943],[121.67721191406724,29.99915633678512],[121.67893758138496,29.998084213999448],[121.68113335503932,29.997423090405675],[121.68242336697512,29.996311728690216],[121.67776746962272,29.991121440464326],[121.67733886719225,29.990161081950646],[121.67637858073385,29.989732551575457]]]}},{"type":"Feature","id":"hydrolakes:176154","properties":{"Hylak_id":176154,"Lake_name":"","Country":"China","Continent":"Asia","Poly_src":"SWBD","Lake_type":1,"Grand_id":0,"Lake_area":1.37,"Shore_len":8.14,"Shore_dev":1.96,"Vol_total":6.84,"Vol_res":0.0,"Vol_src":3,"Depth_avg":5.0,"Dis_avg":0.19,"Res_time":416.8,"Elevation":5,"Slope_100":2.95,"Wshd_area":9.9,"Pour_long":120.933051,"Pour_lat":29.975182,"source_id":"hydrolakes:176154","label":""},"geometry":{"type":"Polygon","coordinates":[[[120.94582804362432,29.98308143615799],[120.94546325684047,29.980384008620263],[120.94472751194024,29.979994703929435],[120.94142089844217,29.97920707490789],[120.94305026584664,29.97683923085617],[120.94225599501323,29.976175174713944],[120.94014038086385,29.97691668828412],[120.9394508870489,29.97561363220308],[120.94100389269124,29.975243708293362],[120.94221693251336,29.9732281197451],[120.94110582140218,29.973328037262775],[120.9400558810811,29.97388359281831],[120.93773484972257,29.971521267361823],[120.93644476996974,29.97083862940542],[120.9352724880689,29.97110581504046],[120.9340614827521,29.97193914837385],[120.93360541450107,29.97167172114132],[120.93347222222695,29.969861111111868],[120.93257046170157,29.970033278995857],[120.9320629882859,29.971636110942313],[120.92944973416252,29.972751897176863],[120.92994296604189,29.973322255877065],[120.93183668348973,29.97392179913072],[120.93228373210104,29.9748690541594],[120.93336107042575,29.975564738380342],[120.93418497721808,29.977310621474317],[120.93580925835965,29.97881554709619],[120.93417195638483,29.979333909353386],[120.93449788411914,29.981169548035382],[120.93639146593353,29.981094493866806],[120.93700310601577,29.98366217719257],[120.93806084527375,29.984161370596098],[120.93943915473545,29.985283073849985],[120.94108730740504,29.98567566341916],[120.94145602756527,29.987606893116492],[120.94277248806878,29.98861640612364],[120.94428785536473,29.989096183777633],[120.94494174533884,29.990481681824633],[120.94577745226144,29.991383593877913],[120.94721693251319,29.99095363193163],[120.9462805175827,29.989305941264547],[120.94416137695782,29.987783072790364],[120.94386678060346,29.986852532493458],[120.94260586209231,29.98568424224925],[120.94464443631114,29.983640039232796],[120.94582804362432,29.98308143615799]]]}},{"type":"Feature","id":"hydrolakes:176161","properties":{"Hylak_id":176161,"Lake_name":"","Country":"China","Continent":"Asia","Poly_src":"SWBD","Lake_type":1,"Grand_id":0,"Lake_area":9.65,"Shore_len":25.04,"Shore_dev":2.27,"Vol_total":101.28,"Vol_res":0.0,"Vol_src":3,"Depth_avg":10.5,"Dis_avg":2.052,"Res_time":571.2,"Elevation":16,"Slope_100":3.56,"Wshd_area":105.5,"Pour_long":121.048922,"Pour_lat":29.95041,"source_id":"hydrolakes:176161","label":""},"geometry":{"type":"Polygon","coordinates":[[[121.07695224338585,29.954452256097454],[121.07721442329023,29.951658855015296],[121.07951443142815,29.951082466974015],[121.08124159071644,29.949620424907266],[121.0789515516538,29.948569369846723],[121.07803195529965,29.946367700365613],[121.07807298448813,29.945679800246353],[121.07891004774774,29.946134681702574],[121.07950168186233,29.9460994211841],[121.07940578885001,29.94448996649919],[121.0785261366147,29.943230722216242],[121.07864902072947,29.94116926829099],[121.07980319553417,29.940841144986337],[121.08054775662356,29.94167447831967],[121.08167446560782,29.941936632792988],[121.08285115560346,29.94275854322717],[121.08276909722673,29.941382191976686],[121.08383863661498,29.940002059937342],[121.08500779894115,29.93973003387532],[121.08532775879377,29.939032944574024],[121.08521660699239,29.935501255460053],[121.08416110569027,29.935564168295002],[121.08267035590757,29.93502928416018],[121.08024244520851,29.928509318034628],[121.08028645833787,29.92777119106796],[121.07885064019553,29.925169660780966],[121.07767042372438,29.924115117391864],[121.07654276530405,29.924182332357532],[121.07485134549069,29.92201376173307],[121.07346510145862,29.921132134332254],[121.07221442329029,29.920841149224884],[121.07208333333784,29.920416666667393],[121.07103691949249,29.92055662367153],[121.07142347548216,29.923830108643358],[121.07269131131096,29.926163152059644],[121.07218315972693,29.92757927788699],[121.071202256949,29.92845570034524],[121.07084113227472,29.930007815891656],[121.06990132650208,29.931220508152364],[121.06885314941883,29.93065092298798],[121.06889763726582,29.93139644199033],[121.06796495226155,29.931658850776614],[121.06808193631099,29.929695816040805],[121.06673421224417,29.92977614508817],[121.0663966878302,29.928325517443227],[121.06559380425796,29.927608116998385],[121.06415717231351,29.92411378648626],[121.06279337565553,29.92234548780732],[121.06097222222678,29.92142818874862],[121.05792629666252,29.922595019871153],[121.05566148546484,29.924997346666828],[121.05470648871977,29.92728642781657],[121.05220147027359,29.92843616061822],[121.04994866265656,29.92778559366934],[121.04945224338576,29.928341149224877],[121.04832553440127,29.92860329522108],[121.04611891005254,29.92960971408496],[121.04749220106811,29.930358725654457],[121.04634195963996,29.93296282450433],[121.04642123752637,29.934292767843317],[121.04695549859417,29.93527596367818],[121.04686347114193,29.93554774390401],[121.045668606233,29.934898435805337],[121.04462687174941,29.933896700541936],[121.04296868218796,29.936181551616187],[121.04306898329452,29.93786371443082],[121.04473876953574,29.939444444445144],[121.04417446560808,29.940318701003093],[121.04529656304709,29.94025182088302],[121.04647216797332,29.94089065551833],[121.04746242947505,29.943048142327996],[121.04776997884568,29.944926859538555],[121.04528557671898,29.94596033308318],[121.04671800401928,29.94638107723739],[121.04724873861142,29.94578706529478],[121.04776997884568,29.946982222663735],[121.04665886773466,29.94749218834852],[121.0461839464021,29.94903008778971],[121.044356960725,29.949455172221576],[121.04389668783011,29.950057483249964],[121.04650817871544,29.94990183088595],[121.05295471191869,29.952352405125055],[121.055668131515,29.952190678915144],[121.05665947808615,29.950824627347174],[121.05697957357228,29.95084370507209],[121.0575210910419,29.95023764292472],[121.05868143717908,29.950306803386184],[121.05935268826414,29.9510580868199],[121.0597144232903,29.9502699661262],[121.06058729384137,29.949490030077527],[121.06249220106798,29.949803165860374],[121.06187540690559,29.950938152737933],[121.06202541775627,29.95138107723733],[121.06343221029113,29.95061658223557],[121.06435492621978,29.95164924621656],[121.06528557671908,29.951936632792922],[121.06559346517395,29.952281172011283],[121.06551886664965,29.953531748454566],[121.06674763997864,29.953881077237384],[121.06815443251327,29.95311658223551],[121.0686815728128,29.953706516690488],[121.07150594075978,29.95334858788459],[121.07193664551255,29.953999417623663],[121.0713342285203,29.955678384569694],[121.0704428439717,29.95647482554199],[121.0694366455125,29.95693663279286],[121.069174465608,29.95917482164242],[121.0699468316019,29.959992188348508],[121.07028733995696,29.95852859921007],[121.07122382270421,29.957691841126234],[121.07272250705762,29.957003996108085],[121.07415886773475,29.955825521681845],[121.07500779894139,29.95556336720864],[121.07575080024327,29.954731788635968],[121.07695224338585,29.954452256097454]],[[121.07139919705338,29.950630077786627],[121.07267259386322,29.94883419460797],[121.07435167101164,29.94778248257188],[121.07513888889355,29.947638888889685],[121.07639919705332,29.94943411509263],[121.07693413628942,29.951255357531124],[121.0747422960115,29.951079241435536],[121.0725353325783,29.95228558010598],[121.07165635851163,29.95139921824216],[121.07139919705338,29.950630077786627]],[[121.04927171495694,29.942833116320287],[121.04986111111577,29.942361111111893],[121.05171495226153,29.943675405715],[121.05248460558181,29.945171343486322],[121.05089531792993,29.945540190803456],[121.05001539442742,29.94492800818631],[121.05124220106802,29.944411057367063],[121.04927171495694,29.942833116320287]],[[121.07387349447066,29.941011984084128],[121.07301703559494,29.940508520339165],[121.07151665582052,29.94069514380641],[121.06949754503495,29.938943019443855],[121.06870632595951,29.935818773906135],[121.07069444444909,29.93347222222303],[121.07090033637627,29.935118200514864],[121.07292534722694,29.935866843330246],[121.07331793891518,29.936484196981496],[121.07263909234399,29.93702782101184],[121.07347317166261,29.938446676466924],[121.07387349447066,29.941011984084128]]]}},{"type":"Feature","id":"hydrolakes:176165","properties":{"Hylak_id":176165,"Lake_name":"","Country":"China","Continent":"Asia","Poly_src":"SWBD","Lake_type":1,"Grand_id":0,"Lake_area":1.06,"Shore_len":4.72,"Shore_dev":1.29,"Vol_total":1.32,"Vol_res":0.0,"Vol_src":3,"Depth_avg":1.2,"Dis_avg":0.372,"Res_time":41.1,"Elevation":0,"Slope_100":0.63,"Wshd_area":18.0,"Pour_long":121.82441,"Pour_lat":29.942315,"source_id":"hydrolakes:176165","label":""},"geometry":{"type":"Polygon","coordinates":[[[121.84082302517845,29.93921131134124],[121.83993882921482,29.937111833361257],[121.83917697483116,29.936378559537218],[121.83822835286918,29.93612144046432],[121.8359624566018,29.937243754069755],[121.83470825195786,29.937256821527228],[121.83475504557748,29.936675660876006],[121.83434502496135,29.93632245381758],[121.83402777778247,29.934583333334047],[121.83193413628942,29.934711892870496],[121.8315483941019,29.935159547594537],[121.82862141927558,29.93612144046432],[121.8265344238327,29.936689520942593],[121.8254386393275,29.936601473491123],[121.823456895621,29.938724738227904],[121.82225626628059,29.939260495504527],[121.82195475260875,29.940440512763928],[121.82292453342484,29.942178717719912],[121.8255223253085,29.943550262451936],[121.8258603244405,29.943942519294694],[121.82725043403263,29.943830824958695],[121.82961452908467,29.942511778938183],[121.83137858073388,29.941934115092806],[121.83367214627191,29.941584612529255],[121.8377674696228,29.940267448426027],[121.84004503038653,29.939969448514205],[121.84082302517845,29.93921131134124]]]}},{"type":"Feature","id":"hydrolakes:176200","properties":{"Hylak_id":176200,"Lake_name":"","Country":"China","Continent":"Asia","Poly_src":"SWBD","Lake_type":1,"Grand_id":0,"Lake_area":1.55,"Shore_len":7.69,"Shore_dev":1.74,"Vol_total":14.42,"Vol_res":0.0,"Vol_src":3,"Depth_avg":9.3,"Dis_avg":1.273,"Res_time":131.1,"Elevation":37,"Slope_100":5.9,"Wshd_area":62.6,"Pour_long":120.607292,"Pour_lat":29.867799,"source_id":"hydrolakes:176200","label":""},"geometry":{"type":"Polygon","coordinates":[[[120.60855970595065,29.86999470181007],[120.61123426649755,29.868827540080474],[120.6123590766104,29.869221793281497],[120.61436842177113,29.86914215087961],[120.61471693251326,29.866888529460425],[120.61415018717895,29.86581747267053],[120.61321377224846,29.865854585436523],[120.61250528971806,29.86538298712918],[120.61360582140202,29.86358523051024],[120.61201477051225,29.862834337023344],[120.61019124349406,29.86250529819148],[120.60821987576406,29.8635484653056],[120.6030476209898,29.862716276381548],[120.6014605034768,29.861499226888725],[120.59909667969214,29.858947974311775],[120.5968033854212,29.857865702311926],[120.59731872559053,29.855402543810442],[120.59708333333799,29.85291666666751],[120.59635877821626,29.853054996067442],[120.59558973524764,29.853885040283956],[120.59453267415819,29.85421971639073],[120.592083333338,29.854199693468786],[120.5908868408248,29.854152272543047],[120.58911777072944,29.852795681424368],[120.58806084527384,29.85394480387447],[120.58862704807325,29.855014801026186],[120.58858093262171,29.856177673340596],[120.58975436740906,29.858094109430056],[120.59102735731784,29.858694881863983],[120.5926781548439,29.86079410129213],[120.59499471029119,29.86250529819148],[120.59944973416253,29.864161368476857],[120.60254021539077,29.866338857015762],[120.6044550238762,29.86679496765214],[120.60605617947522,29.867597368029124],[120.60801059299502,29.86970670064369],[120.60855970595065,29.86999470181007]]]}},{"type":"Feature","id":"hydrolakes:176214","properties":{"Hylak_id":176214,"Lake_name":"","Country":"China","Continent":"Asia","Poly_src":"SWBD","Lake_type":2,"Grand_id":6148,"Lake_area":2.56,"Shore_len":17.41,"Shore_dev":3.07,"Vol_total":109.6,"Vol_res":109.6,"Vol_src":2,"Depth_avg":42.8,"Dis_avg":5.153,"Res_time":246.2,"Elevation":66,"Slope_100":14.74,"Wshd_area":258.2,"Pour_long":121.268746,"Pour_lat":29.838727,"source_id":"hydrolakes:176214","label":""},"geometry":{"type":"Polygon","coordinates":[[[121.26695231120266,29.84028559366942],[121.26777221680175,29.839991387262046],[121.27009209527375,29.83990344577444],[121.2708254665846,29.83819322374211],[121.26872368707063,29.836154344347563],[121.26763888889354,29.833194444445155],[121.26610324436223,29.8333255174432],[121.26579820421478,29.833666958279878],[121.26270250108968,29.833623877632192],[121.2597300889804,29.83584114922502],[121.25776991102896,29.836103295221108],[121.25750786675798,29.83639670478061],[121.25645724826842,29.83672112359011],[121.25580132378923,29.838150007460627],[121.25343302409311,29.839236975776657],[121.25114434136754,29.839769490560627],[121.24916666667121,29.84112767537505],[121.24885375977033,29.840777486166132],[121.24677015516966,29.840901658800703],[121.24584282769575,29.840397711860703],[121.2430312771312,29.84056528727291],[121.24306423611569,29.841117384169593],[121.24268731011745,29.84181106567462],[121.24135457357221,29.842222612169905],[121.2408412000915,29.843341149224898],[121.239904785161,29.843630269369214],[121.23904052734838,29.843578762479012],[121.23694471571633,29.84253428141352],[121.23354573568162,29.841921013726846],[121.23272189670604,29.841075998942756],[121.23281385634135,29.839532775879604],[121.23357516819044,29.837411075168916],[121.23178209093345,29.837517954509224],[121.23078057183619,29.842062038846223],[121.23113972982242,29.843403303359196],[121.23304768880678,29.84528559366936],[121.23509697808612,29.846588846843247],[121.2379523383292,29.847253214518958],[121.24017428928414,29.847290547689568],[121.24255655924946,29.846195119222784],[121.24458441840733,29.844548950196042],[121.24720458984831,29.8438271925192],[121.24991699219203,29.844309217665682],[121.25091430664531,29.843341149224898],[121.25225789388475,29.844071282281618],[121.25409071181008,29.842790985108138],[121.25549167209653,29.842358415392425],[121.25669189453595,29.84021085951133],[121.25779174805155,29.83913453843934],[121.26008544922342,29.838600870769028],[121.26246161567298,29.83730963813008],[121.26434570312955,29.836727820503143],[121.26531711154968,29.837255689833682],[121.26525838216617,29.838242526584906],[121.26325792101159,29.83861590915336],[121.2620364040846,29.839279666477523],[121.2608412000913,29.84104419284472],[121.26171359592473,29.843141903348226],[121.26223008898035,29.843603295220987],[121.26284803602886,29.845107201470967],[121.26344848633278,29.84564363267765],[121.26300862630666,29.846453111437484],[121.25826985677554,29.847008226183505],[121.25778564453594,29.848063371447154],[121.25723008898035,29.848662465414122],[121.25925265842477,29.85122385660884],[121.26002360026501,29.85279897054113],[121.25997097439699,29.85368142022105],[121.25943657769557,29.85415885077657],[121.25904188368514,29.855018853082356],[121.25973171658444,29.856941290962084],[121.25937201606354,29.859305470785273],[121.25804768880658,29.859714406332102],[121.25778564453594,29.860443047418244],[121.25961602105491,29.86136735704298],[121.26167453342487,29.857785593669462],[121.26193657769551,29.855781979031747],[121.26136447483111,29.85527075873557],[121.26139919705321,29.854688364665435],[121.26329725477882,29.854102240669306],[121.26360324436234,29.852667253283187],[121.26274671766947,29.850144144694752],[121.2613967556469,29.849222869873756],[121.26556342231368,29.84889670478043],[121.26638102214008,29.84822280883867],[121.26582546658443,29.846674482558228],[121.26556342231368,29.844992184109856],[121.26415798611566,29.843062574599344],[121.26421766493507,29.842061903212596],[121.26487141927538,29.840858798557633],[121.26695231120266,29.84028559366942]]]}},{"type":"Feature","id":"hydrolakes:176240","properties":{"Hylak_id":176240,"Lake_name":"","Country":"China","Continent":"Asia","Poly_src":"SWBD","Lake_type":1,"Grand_id":0,"Lake_area":3.37,"Shore_len":8.93,"Shore_dev":1.37,"Vol_total":6.79,"Vol_res":0.0,"Vol_src":3,"Depth_avg":2.0,"Dis_avg":0.032,"Res_time":2456.2,"Elevation":0,"Slope_100":0.74,"Wshd_area":1.5,"Pour_long":121.973958,"Pour_lat":29.770529,"source_id":"hydrolakes:176240","label":""},"geometry":{"type":"Polygon","coordinates":[[[121.96165269640215,29.78612250434105],[121.96238823785183,29.785743611654425],[121.96395819770441,29.78693493313341],[121.96509467231374,29.785437147353207],[121.96435045030847,29.783992377387904],[121.96523423937106,29.78307257758331],[121.96747450087275,29.781985660129862],[121.96799669054286,29.780972222222942],[121.96722574870262,29.7794756910543],[121.96721069336394,29.77874226888099],[121.97268256293859,29.779441663954742],[121.97385240343351,29.77845725165554],[121.97434163411936,29.77694937812032],[121.97580756293883,29.776963755290524],[121.97721950955338,29.774997219510283],[121.97941528320791,29.773369445801507],[121.98055284288671,29.771691385905683],[121.97819444444917,29.769861111111823],[121.96523505317299,29.770975969103404],[121.94800442166252,29.775783623590144],[121.94696668837275,29.77731445312577],[121.95545654297331,29.78581534491724],[121.9597942437112,29.789163886176937],[121.96086466471831,29.78856463962211],[121.96168646918875,29.787775099013288],[121.96165269640215,29.78612250434105]]]}},{"type":"Feature","id":"hydrolakes:176245","properties":{"Hylak_id":176245,"Lake_name":"","Country":"China","Continent":"Asia","Poly_src":"SWBD","Lake_type":1,"Grand_id":0,"Lake_area":2.61,"Shore_len":8.77,"Shore_dev":1.53,"Vol_total":2.69,"Vol_res":0.0,"Vol_src":3,"Depth_avg":1.0,"Dis_avg":0.171,"Res_time":182.3,"Elevation":0,"Slope_100":0.37,"Wshd_area":8.0,"Pour_long":121.913542,"Pour_lat":29.764583,"source_id":"hydrolakes:176245","label":""},"geometry":{"type":"Polygon","coordinates":[[[121.91685763889353,29.779630889893326],[121.9199580891974,29.77773254394606],[121.92184950087261,29.779330902100526],[121.92222751194032,29.778616400825342],[121.9230502658466,29.77527248806507],[121.92465332031708,29.773787112766627],[121.92503648546466,29.772694193522966],[121.92318495009141,29.7714986165372],[121.91783393012616,29.766138610840585],[121.9165327962287,29.765298444960706],[121.91284667969211,29.76150366889175],[121.91199734158448,29.759898800320798],[121.91125000000477,29.756527777778615],[121.91003743490057,29.756911671957084],[121.90860582140226,29.758605821398305],[121.90422227648048,29.76501651340135],[121.90313585069902,29.769339463976564],[121.90457926432754,29.77130744086446],[121.90743964301691,29.774059787327303],[121.90845893012619,29.775638241238823],[121.90948594835533,29.77612292819623],[121.91062784831189,29.777355261909406],[121.91243910048206,29.776396806505716],[121.91331529405846,29.776362084283562],[121.91685763889353,29.779630889893326]],[[121.91236992730495,29.771678432889246],[121.91347222222686,29.771527777778488],[121.91514350043872,29.772799784343192],[121.91463216146303,29.773765920004053],[121.91306084527372,29.775283067492126],[121.91222507053413,29.775550265842753],[121.90972751194039,29.773384738499033],[121.91236992730495,29.771678432889246]]]}},{"type":"Feature","id":"hydrolakes:176267","properties":{"Hylak_id":176267,"Lake_name":"","Country":"China","Continent":"Asia","Poly_src":"SWBD","Lake_type":2,"Grand_id":6149,"Lake_area":1.59,"Shore_len":8.22,"Shore_dev":1.84,"Vol_total":39.5,"Vol_res":39.5,"Vol_src":2,"Depth_avg":24.9,"Dis_avg":0.812,"Res_time":563.0,"Elevation":35,"Slope_100":9.07,"Wshd_area":38.2,"Pour_long":121.586458,"Pour_lat":29.70625,"source_id":"hydrolakes:176267","label":""},"geometry":{"type":"Polygon","coordinates":[[[121.58916937934504,29.708058336046804],[121.58971964518685,29.707774895562807],[121.59131903754798,29.707807515462946],[121.59249728733107,29.707235955133115],[121.59214545356372,29.706496615940466],[121.5902435980949,29.705735778809355],[121.58971747504813,29.703577304416967],[121.589105631515,29.702389662001565],[121.58971245660189,29.700616726346198],[121.58973076714864,29.6997222222231],[121.58973619249588,29.698063557943442],[121.589141303173,29.697491997613554],[121.58920735677538,29.694258931478544],[121.5869519043016,29.690333184137046],[121.58659532335537,29.68850667317787],[121.58557902018708,29.68641174316491],[121.58418579102016,29.684685770671308],[121.5841790093362,29.678979356554578],[121.5830528428865,29.678613891602254],[121.5829166666714,29.678194444445182],[121.58049641927545,29.67835235595777],[121.58055270725282,29.683058132596216],[121.58187133789517,29.686328396268266],[121.58229654948377,29.690071546767342],[121.58178480360709,29.691566602919522],[121.58301527235704,29.692373352051504],[121.5836621093797,29.69460849338185],[121.58278672960546,29.695808342828457],[121.58276923286064,29.696666666667454],[121.58470214844209,29.697579922146986],[121.58387505425804,29.699185282390147],[121.58395182292134,29.70294169108149],[121.58334865994385,29.704112514920496],[121.5833266872877,29.705189141168262],[121.58513156467484,29.705774841309335],[121.58575276693165,29.7083231947164],[121.58819946289532,29.708373107910916],[121.58916937934504,29.708058336046804]]]}},{"type":"Feature","id":"hydrolakes:176271","properties":{"Hylak_id":176271,"Lake_name":"","Country":"China","Continent":"Asia","Poly_src":"SWBD","Lake_type":1,"Grand_id":0,"Lake_area":2.51,"Shore_len":8.07,"Shore_dev":1.44,"Vol_total":2.74,"Vol_res":0.0,"Vol_src":3,"Depth_avg":1.1,"Dis_avg":4.01,"Res_time":7.9,"Elevation":0,"Slope_100":0.4,"Wshd_area":196.2,"Pour_long":121.842708,"Pour_lat":29.690644,"source_id":"hydrolakes:176271","label":""},"geometry":{"type":"Polygon","coordinates":[[[121.85527221680144,29.701811116537215],[121.85442789714017,29.700523342557176],[121.85311062283472,29.699257744683962],[121.85130086263484,29.696476847331553],[121.84999172635008,29.695841674805422],[121.84824164496996,29.694020250109247],[121.84739474826858,29.69227450900678],[121.8463544379386,29.69193695068435],[121.84481336806027,29.69033287896127],[121.84375000000477,29.6895833333341],[121.83969685872864,29.689730326335393],[121.83972561306888,29.691141662598454],[121.84112467448392,29.692531094022],[121.8410921224006,29.694122246636994],[121.84193617079461,29.69834167480542],[121.84277506510887,29.700563998752955],[121.84109985352023,29.700529819065366],[121.8397249349004,29.701031087240267],[121.8413118489629,29.702071465387064],[121.84322048611574,29.702536756728193],[121.84401014540401,29.70416429307795],[121.84564290365046,29.70523481581023],[121.8470792643277,29.705584954156507],[121.8484666612461,29.70792222764834],[121.84972493490056,29.70833055284362],[121.85150553385904,29.70953748915008],[121.85500271267836,29.71305277506582],[121.85585340712282,29.714350179037183],[121.85756252713139,29.715552775065987],[121.86025092231358,29.714167921279],[121.86055284288653,29.71135898166301],[121.85972140842472,29.709745178223443],[121.85941487630674,29.706611022950085],[121.85834554036944,29.705583699545002],[121.85665256076851,29.70248077392654],[121.85527221680144,29.701811116537215]]]}},{"type":"Feature","id":"hydrolakes:176284","properties":{"Hylak_id":176284,"Lake_name":"","Country":"China","Continent":"Asia","Poly_src":"SWBD","Lake_type":1,"Grand_id":0,"Lake_area":1.06,"Shore_len":7.04,"Shore_dev":1.93,"Vol_total":18.86,"Vol_res":0.0,"Vol_src":3,"Depth_avg":17.9,"Dis_avg":0.85,"Res_time":256.9,"Elevation":34,"Slope_100":14.56,"Wshd_area":39.7,"Pour_long":121.692352,"Pour_lat":29.658553,"source_id":"hydrolakes:176284","label":""},"geometry":{"type":"Polygon","coordinates":[[[121.68582546658445,29.66276997884188],[121.68633761936218,29.661827494304134],[121.68829739041263,29.660076429579703],[121.69399875217476,29.658244323731253],[121.69471435547348,29.65708211263103],[121.69412760417123,29.654891120063667],[121.69332546658472,29.654174465604058],[121.69319444444903,29.653750000000684],[121.69079494900637,29.654531860352336],[121.6859075249613,29.65713945176941],[121.68554592556893,29.658693610298087],[121.68329169379831,29.661133456760695],[121.68272311740913,29.66109958224905],[121.68126708984846,29.659469977485628],[121.67749213325106,29.659174465604167],[121.67674031575979,29.65721876356406],[121.67269680447504,29.656952243381852],[121.67166056315563,29.65751536051505],[121.67139675564704,29.656381089953072],[121.67073527018687,29.655841132270666],[121.6702856445358,29.656469828288436],[121.67121812608963,29.65818589952329],[121.67413208008276,29.658639967177407],[121.6747143554735,29.66195224338179],[121.67531833225286,29.662816738553317],[121.67624525282577,29.66276150173701],[121.6785942925394,29.661918606229108],[121.6793905978779,29.661966078017315],[121.6797143554735,29.664730021159585],[121.6805765787808,29.66559570312569],[121.68358995226157,29.66541609022437],[121.68509290907576,29.664366319445207],[121.68582546658445,29.66276997884188]]]}},{"type":"Feature","id":"hydrolakes:176285","properties":{"Hylak_id":176285,"Lake_name":"","Country":"China","Continent":"Asia","Poly_src":"SWBD","Lake_type":2,"Grand_id":6150,"Lake_area":3.09,"Shore_len":22.54,"Shore_dev":3.62,"Vol_total":153.0,"Vol_res":153.0,"Vol_src":2,"Depth_avg":49.5,"Dis_avg":3.66,"Res_time":483.8,"Elevation":76,"Slope_100":11.55,"Wshd_area":172.2,"Pour_long":121.21847,"Pour_lat":29.656522,"source_id":"hydrolakes:176285","label":""},"geometry":{"type":"Polygon","coordinates":[[[121.21528049045605,29.660002780491197],[121.21555284288655,29.6597193400072],[121.21665866428401,29.659708218045466],[121.2170525444925,29.660118170844953],[121.2187521701436,29.659682583279846],[121.2211116536505,29.659730733236415],[121.22138617621982,29.65901818169567],[121.2203658040412,29.65852315267],[121.21998114692303,29.65773037380717],[121.22001953125454,29.655846693251647],[121.2191620551261,29.6547081502286],[121.21778862847691,29.654713948568542],[121.21631103516097,29.65531327989447],[121.20943088108089,29.65496853298697],[121.20944810655851,29.654123094347653],[121.21038628472695,29.651320800781946],[121.20833604601154,29.649719441732486],[121.207470160595,29.649447224935614],[121.20635972765234,29.650019259983424],[121.20470282661063,29.64998541938013],[121.20347317166272,29.647518208822362],[121.20155721029118,29.647225002713412],[121.19972479926685,29.64833621554976],[121.19901394314707,29.648321702745932],[121.19859225803418,29.64745259602938],[121.19860785590743,29.646088087294515],[121.19944173177538,29.643003879124137],[121.19721950955335,29.640558336046695],[121.19692613390225,29.637858276367865],[121.19458333333819,29.636805555556236],[121.1924972873311,29.6369416639547],[121.19192545573372,29.637497219510408],[121.19108127170614,29.636669447157885],[121.18780354818165,29.63932725694508],[121.18389160156721,29.637774997288034],[121.18248101128938,29.637502780491218],[121.18138617621992,29.63833055284357],[121.18101711697506,29.63946777343824],[121.18139458550803,29.641680738661762],[121.18251966688825,29.64165774875289],[121.18250949436242,29.63995276557165],[121.18388888889348,29.638605448405713],[121.18731445312972,29.641151733399226],[121.18982950846816,29.641100429959465],[121.19145263672334,29.638811272515966],[121.19245646159305,29.6378467814136],[121.19467000325977,29.638604431153112],[121.19508083767835,29.6407087877069],[121.19699720595082,29.642305501302815],[121.19751885308631,29.643380737305392],[121.19750284831201,29.646669379341176],[121.19622802734864,29.647505221897404],[121.19447645399765,29.64746948242265],[121.19416937934483,29.647714199490792],[121.19555826823387,29.648052775065878],[121.19583062066442,29.648847351075005],[121.19363186306879,29.64920528835796],[121.19280788845941,29.648347642687327],[121.19252983941442,29.650552775065933],[121.1941449652823,29.64972076416086],[121.19806396484836,29.649447224935614],[121.19806966146285,29.65083241780684],[121.19621283637616,29.6517906358514],[121.1958360460115,29.653336113824537],[121.19277492947515,29.656108432346684],[121.19278713650635,29.656709391276763],[121.19414849175814,29.659432508681334],[121.19502983941436,29.660274997288127],[121.19737684462268,29.659169447157808],[121.19777506510889,29.660029907227283],[121.19701171875465,29.661511671279015],[121.19666937934488,29.663613891602267],[121.1960300021749,29.66392408582982],[121.19337782118515,29.66386996799116],[121.1916415744405,29.664464213054032],[121.19167385525628,29.666048617893523],[121.19305826823381,29.666386108399138],[121.19363511827709,29.666986456977725],[121.19585272895438,29.666941223145216],[121.19751993815578,29.665264010959902],[121.19890828450974,29.665274556478607],[121.20072848850276,29.663380059137012],[121.20182223850287,29.662610202366352],[121.20221950955329,29.661386108399142],[121.20388549805142,29.65967475043476],[121.20303846571653,29.658030565050638],[121.20051079644549,29.656373291016394],[121.20000271267821,29.65581431071041],[121.20059176975286,29.65524841308678],[121.200552707253,29.653330620660597],[121.20205620660175,29.652572903104044],[121.20249728733091,29.651663886176948],[121.20326334635888,29.650927768284134],[121.20417466905849,29.651397230361],[121.20749186198384,29.65136355929974],[121.20791653103765,29.65223887125734],[121.2074156358554,29.65321112738792],[121.20580308702716,29.654492865669283],[121.20585055881537,29.656816677518066],[121.20856730143686,29.657583787706983],[121.20917494032568,29.659452446832347],[121.2091605631557,29.660161675348093],[121.20832492404969,29.661394382053743],[121.20834865994391,29.663665262858956],[121.20889160156702,29.66471944173253],[121.2094285753085,29.666921759712125],[121.2105594889369,29.67000057644384],[121.21027492947519,29.670552978516355],[121.2102894422789,29.67126363118558],[121.21198120117646,29.67166388617693],[121.21195285373733,29.668338826498143],[121.21109429253943,29.66707231309755],[121.21112128364172,29.665752902561508],[121.21177124023905,29.663216451009873],[121.21269721137617,29.6622890557191],[121.2130528428865,29.660830552843606],[121.21528049045605,29.660002780491197]]]}},{"type":"Feature","id":"hydrolakes:176304","properties":{"Hylak_id":176304,"Lake_name":"","Country":"China","Continent":"Asia","Poly_src":"SWBD","Lake_type":1,"Grand_id":0,"Lake_area":1.28,"Shore_len":7.02,"Shore_dev":1.75,"Vol_total":4.32,"Vol_res":0.0,"Vol_src":3,"Depth_avg":3.4,"Dis_avg":0.797,"Res_time":62.7,"Elevation":0,"Slope_100":1.9,"Wshd_area":36.8,"Pour_long":121.713481,"Pour_lat":29.586529,"source_id":"hydrolakes:176304","label":""},"geometry":{"type":"Polygon","coordinates":[[[121.70996663411927,29.5786870659731],[121.70862928602895,29.57640096028723],[121.70763888889348,29.575416666667365],[121.70721950955323,29.57555277506583],[121.70678765191434,29.578052775065885],[121.70607069227907,29.576574774848837],[121.70499159071659,29.575558336046754],[121.705003255213,29.576134134929134],[121.70394843207941,29.5792161729608],[121.70576633029964,29.580098130968565],[121.70638617621984,29.58166944715788],[121.7069417317756,29.58237070719474],[121.70555826823391,29.583058336046804],[121.70416395399775,29.583330552843563],[121.70389160156714,29.58376586914136],[121.70582207574245,29.586157362196957],[121.70526936849416,29.587230461969],[121.70610839844221,29.588096347385658],[121.70523640950984,29.59101701524611],[121.70055189345072,29.593289761014148],[121.70058064779113,29.594703538683348],[121.70026936849433,29.595002678765923],[121.70028374566436,29.595709262424805],[121.70113009983106,29.596108330621348],[121.7021926540844,29.59500244140702],[121.70538370768702,29.59436248779366],[121.70653754340736,29.593161621094453],[121.71183580187108,29.590059678820126],[121.7145796712287,29.589613003201805],[121.71499728733096,29.589136759440862],[121.71444159614174,29.58805813259619],[121.71446207682749,29.58704962836441],[121.71110839844215,29.581947224935618],[121.70996663411927,29.5786870659731]]]}},{"type":"Feature","id":"hydrolakes:176307","properties":{"Hylak_id":176307,"Lake_name":"","Country":"China","Continent":"Asia","Poly_src":"SWBD","Lake_type":2,"Grand_id":6152,"Lake_area":1.49,"Shore_len":10.55,"Shore_dev":2.43,"Vol_total":50.1,"Vol_res":50.1,"Vol_src":2,"Depth_avg":33.5,"Dis_avg":3.466,"Res_time":167.3,"Elevation":93,"Slope_100":10.04,"Wshd_area":151.7,"Pour_long":121.355021,"Pour_lat":29.574074,"source_id":"hydrolakes:176307","label":""},"geometry":{"type":"Polygon","coordinates":[[[121.35304524740042,29.572788119846678],[121.35158230252205,29.572469007704683],[121.35112141927544,29.571934102376986],[121.34582302517816,29.570288119846623],[121.3445296224005,29.569275173611857],[121.3409399414108,29.568805474176145],[121.33834933811221,29.568096483019417],[121.3380658637198,29.567767435710323],[121.33695515950973,29.567433030870916],[121.33755886502189,29.56691294352288],[121.33817626953584,29.56552944607273],[121.33803670247852,29.56379309760274],[121.3357261827303,29.562005649143487],[121.33498969184495,29.5616770087355],[121.33473253038665,29.560172729492933],[121.33556586371986,29.559454786513413],[121.33602959527377,29.55841545952768],[121.335850287548,29.5554832628045],[121.3364618598136,29.554956292047166],[121.33943522135877,29.555245056152955],[121.33958333333817,29.553472222223093],[121.3366784668014,29.553556247288213],[121.33482476128933,29.554590488010774],[121.33530015733982,29.555000000000746],[121.33443413628936,29.55582299126587],[121.33400553385889,29.557246331109695],[121.33290513780861,29.558798455133115],[121.33173990885882,29.559802246094534],[121.33123792860715,29.56092719184096],[121.33195475260891,29.56221188015479],[121.3325256347702,29.564198099772852],[121.33440728082059,29.56426411946694],[121.3347119140671,29.565355055068096],[121.33246934679289,29.56524183485317],[121.33251193576842,29.56471323649157],[121.33216620551667,29.564415452745948],[121.33105292426677,29.56450493706666],[121.32907524957051,29.56407355414575],[121.32742499457936,29.564206169977012],[121.32753485786054,29.565572001140026],[121.32920342339861,29.567520480686596],[121.33167697483094,29.569434102376988],[121.3328526475741,29.570987209744658],[121.33720974392827,29.571557278104194],[121.34069444444896,29.571277296278936],[121.34289143880676,29.57145382351416],[121.34355645074265,29.57222581651547],[121.3464462619404,29.572806633844095],[121.3472454155862,29.57274244520471],[121.34961602105523,29.57406511094922],[121.35082302517839,29.57501034206888],[121.35358262804272,29.57584116617909],[121.35548109266955,29.57610076904365],[121.35619316949249,29.57450493706665],[121.3553849283901,29.573056335449905],[121.35304524740042,29.572788119846678]]]}},{"type":"Feature","id":"hydrolakes:176333","properties":{"Hylak_id":176333,"Lake_name":"","Country":"China","Continent":"Asia","Poly_src":"GRanD","Lake_type":2,"Grand_id":6153,"Lake_area":3.68,"Shore_len":21.13,"Shore_dev":3.11,"Vol_total":110.3,"Vol_res":110.3,"Vol_src":2,"Depth_avg":29.9,"Dis_avg":2.725,"Res_time":468.5,"Elevation":92,"Slope_100":12.07,"Wshd_area":117.2,"Pour_long":120.343898,"Pour_lat":29.480825,"source_id":"hydrolakes:176333","label":""},"geometry":{"type":"Polygon","coordinates":[[[120.35089573555643,29.475122257772114],[120.35145769351527,29.47470509590096],[120.35249639630001,29.474779651156496],[120.35222983824241,29.473678140386426],[120.35362360645644,29.47404597786351],[120.35465234835254,29.473818522694273],[120.35497092750131,29.473004495511077],[120.35566449038276,29.473087737240064],[120.35572974847253,29.471574864968886],[120.35655493854978,29.472158521107815],[120.35732701201846,29.47113154122377],[120.35627838964126,29.47075502754359],[120.35625183700432,29.469949711401455],[120.35715221424414,29.469322486901717],[120.35806918345833,29.469198578892247],[120.35822074954035,29.470302980591043],[120.35893754698424,29.471090856272838],[120.359631097749,29.47117407807241],[120.36101155379873,29.4711391825021],[120.36272049278335,29.47059222374969],[120.36372588795956,29.469660056119494],[120.36243056660294,29.468786093572362],[120.3609351091535,29.468823909673176],[120.36010992579611,29.46824028037014],[120.3590281121127,29.46685714423836],[120.35672744265463,29.4669152536502],[120.35606710671766,29.467838660000723],[120.35490348874043,29.467465036155147],[120.3544599353641,29.46797997089294],[120.35375977557806,29.467695390350286],[120.35323765404132,29.46932053680922],[120.35141268065672,29.466344099253263],[120.35112391004384,29.468064105003123],[120.35208065590803,29.46914821869001],[120.35199545190562,29.470057104050113],[120.35129528276775,29.46977251116789],[120.3501581588144,29.470204167215172],[120.35087489748258,29.47099209144585],[120.3487222724201,29.472053822245982],[120.34885718492984,29.472654915702492],[120.34758842154253,29.472586124389636],[120.34518834697201,29.469624076912453],[120.3454838372781,29.468105407459007],[120.34411001389384,29.468341470333087],[120.3437549842863,29.468048153464338],[120.34381050599978,29.46623327476334],[120.34262380622283,29.46515487641102],[120.34137826096298,29.46579068064358],[120.34123019113582,29.46478691026465],[120.34050696526566,29.46379759151688],[120.34155216393941,29.46407357425943],[120.34246581201711,29.463849110125977],[120.34406303196198,29.46340595057245],[120.34495682538966,29.46257747526755],[120.3463272612164,29.462240744100484],[120.34870399417747,29.464498127193565],[120.34986424788411,29.46477114474459],[120.35038640886478,29.46314600821586],[120.35016208569522,29.459826952695835],[120.35128253484396,29.458891979232078],[120.35199256597883,29.45947857387688],[120.3532777369881,29.460050660847287],[120.35450986630883,29.459012096499976],[120.35515027040731,29.457484711370228],[120.354226769045,29.457407261468404],[120.3530079114168,29.458848482213284],[120.35238639554956,29.457453672289773],[120.3515514170279,29.456567982200397],[120.34997420993056,29.45761521334316],[120.34796334291752,29.459479337942867],[120.34643822898232,29.45861098939588],[120.34403260639817,29.458973757186868],[120.34346344529786,29.455663348585404],[120.34266489467615,29.455884922540633],[120.34305622135139,29.457285573347804],[120.3429643264908,29.4579931276935],[120.3420044851074,29.456808264644565],[120.34149815266267,29.455410499709558],[120.34298622640534,29.451645378823116],[120.34366910693086,29.44790049113334],[120.34134519618988,29.443727422102654],[120.33994858656604,29.44325875141584],[120.33966294406969,29.44507941392328],[120.34019888639239,29.447383192481936],[120.34056703062794,29.448079192027592],[120.33905580621672,29.451139624387395],[120.33876684049022,29.452859619606386],[120.33777784031207,29.454294938483315],[120.33826432016679,29.455088722671007],[120.33821198427006,29.457004275481722],[120.3374628910347,29.458735819248943],[120.33806112123506,29.45942604846789],[120.3392245974868,29.45979983246019],[120.34025654405127,29.459673163641696],[120.34029286520428,29.460780493170375],[120.33847220607475,29.461430715114034],[120.33737139867122,29.46296959117666],[120.33661236046112,29.46439913360831],[120.33677358099203,29.465805579225105],[120.33551479379713,29.466038665152155],[120.33495280770882,29.466455761359043],[120.33611965715033,29.46693023347541],[120.3383185434015,29.46727803454212],[120.33868345996297,29.467873366542335],[120.33686926528287,29.468724909747948],[120.33645200469891,29.470045124370927],[120.33889094517298,29.470689134797396],[120.3381186772665,29.471716021937198],[120.33609412379366,29.47317733661299],[120.3367386450978,29.475276895378386],[120.33822432866316,29.474937344794455],[120.34094574701561,29.473659982998527],[120.34130079056081,29.47395330626898],[120.3393158835243,29.476622663174282],[120.33881991760126,29.47905310239662],[120.34038495709922,29.481129509256846],[120.34435295262978,29.48274245172405],[120.34817288101362,29.483351512520585],[120.34798826429096,29.4812404420569],[120.3485370153569,29.48042062855734],[120.34932248267029,29.47979634538609],[120.34938120281743,29.47808213947087],[120.34999526763505,29.475749446496764],[120.35089573555643,29.475122257772114]]]}},{"type":"Feature","id":"hydrolakes:176342","properties":{"Hylak_id":176342,"Lake_name":"","Country":"China","Continent":"Asia","Poly_src":"SWBD","Lake_type":1,"Grand_id":0,"Lake_area":1.19,"Shore_len":4.72,"Shore_dev":1.22,"Vol_total":2.12,"Vol_res":0.0,"Vol_src":3,"Depth_avg":1.8,"Dis_avg":0.914,"Res_time":26.9,"Elevation":0,"Slope_100":0.93,"Wshd_area":49.7,"Pour_long":121.545551,"Pour_lat":29.441368,"source_id":"hydrolakes:176342","label":""},"geometry":{"type":"Polygon","coordinates":[[[121.55169080946638,29.441141866048838],[121.5511191135028,29.440546875000848],[121.55055284288647,29.44055843777204],[121.55016208225283,29.437759975857944],[121.54958333333792,29.436805555556248],[121.5450071885898,29.441643473308034],[121.5444749620271,29.44274030897435],[121.54305826823378,29.444136759440767],[121.54382866753946,29.45208953857491],[121.54439819336409,29.45326361762227],[121.54690782335535,29.453777635363167],[121.55050699870264,29.453074985081003],[121.55130086263489,29.452689819336626],[121.55265665690575,29.450331353082333],[121.5517999945792,29.44861667209267],[121.55083604601163,29.444773898655285],[121.55221950955337,29.4433632405607],[121.55169080946638,29.441141866048838]]]}},{"type":"Feature","id":"hydrolakes:176344","properties":{"Hylak_id":176344,"Lake_name":"","Country":"China","Continent":"Asia","Poly_src":"GRanD","Lake_type":2,"Grand_id":6154,"Lake_area":9.63,"Shore_len":54.67,"Shore_dev":4.97,"Vol_total":164.0,"Vol_res":164.0,"Vol_src":2,"Depth_avg":17.0,"Dis_avg":7.254,"Res_time":261.7,"Elevation":135,"Slope_100":11.78,"Wshd_area":287.2,"Pour_long":120.994792,"Pour_lat":29.435417,"source_id":"hydrolakes:176344","label":""},"geometry":{"type":"Polygon","coordinates":[[[121.001557281609,29.439422503745334],[121.00194020239189,29.438471622386828],[121.00379023439183,29.43701128556927],[121.00524279398263,29.43724564281257],[121.00678768503502,29.438969459259965],[121.0082485810716,29.438778740121677],[121.0077837539323,29.437708861221495],[121.00768103876248,29.436750692824774],[121.00942200996144,29.43465088681546],[121.01234573679045,29.43416310621251],[121.01322236949522,29.432794387172976],[121.01337272503872,29.43130853402363],[121.0149486872262,29.43143833202572],[121.01639087186157,29.43220387485718],[121.01713778673525,29.431258365819417],[121.01605770090259,29.43060451988117],[121.01643631951748,29.42986611165503],[121.01474933052106,29.42920321308719],[121.01477413829167,29.42792807032862],[121.01626171863415,29.426355848849653],[121.01797137453826,29.42584984325697],[121.01689340290415,29.425089743935757],[121.01822445321233,29.425322145593043],[121.01989491059692,29.42683509661873],[121.02087214916395,29.426530746107233],[121.01991965170686,29.42555994942694],[121.02090718087379,29.424724286356025],[121.02162927875997,29.42505389531101],[121.021732120602,29.426012060125913],[121.02232049303882,29.426977436889388],[121.02281837507388,29.426347072516307],[121.02307966427526,29.42539431463797],[121.02439016560197,29.426689280818778],[121.02400750118659,29.427640240273547],[121.02447657700492,29.428497544813638],[121.02546615690841,29.427555585259938],[121.02887104963514,29.427287152396275],[121.02959524532167,29.42751045720894],[121.03006436877843,29.428367744236596],[121.03016729170116,29.429325905944665],[121.02940409047625,29.43112159711984],[121.0314594835321,29.431577174544998],[121.03282343936161,29.430109227530863],[121.03137704898899,29.429556384074715],[121.03139139943005,29.42881254338988],[121.03272663697538,29.428832277651622],[121.03392820600243,29.42948778499516],[121.03574286293633,29.429833447596934],[121.03635797629408,29.429417346766286],[121.0344321726987,29.42853858517202],[121.03372229038933,29.42757146401152],[121.03287260360031,29.427558914230644],[121.03095301809464,29.426361316097427],[121.03144879579867,29.4258371797564],[121.03159067279194,29.424776343822373],[121.03282291072594,29.423837912451177],[121.03428151044875,29.423753157899284],[121.03487817746623,29.424293431416686],[121.03584921823813,29.42430775752058],[121.03562895518678,29.42313528021731],[121.03311276749889,29.421397445453692],[121.03373397865477,29.420662564697125],[121.03616149391172,29.42069838354331],[121.03638993649463,29.42144580683066],[121.03734256183856,29.422416491726665],[121.03891843511633,29.422546001063438],[121.04072891138242,29.4231041183117],[121.04068811258975,29.425229390917877],[121.04202942666086,29.424930238724244],[121.04193047097289,29.423759553194373],[121.04349211470765,29.424632856065784],[121.04359516275787,29.425591013581254],[121.04454993224493,29.426455387479393],[121.04540572149608,29.426149070666213],[121.04374098733359,29.424317631140127],[121.04687248694916,29.42563912331383],[121.04748753168457,29.425222967519858],[121.04605536061894,29.423926434801388],[121.04399800434658,29.423577350282358],[121.04231091651053,29.422914796987016],[121.04415196427334,29.421878911142016],[121.0464662805249,29.421487704886545],[121.04781769269891,29.420657170573122],[121.05266263211348,29.421259573023917],[121.05746719165228,29.423987095998143],[121.05856164537897,29.423896762213474],[121.05628171028553,29.42248167955688],[121.05726892656855,29.421645731146953],[121.05824804101434,29.421234833742744],[121.0604247720077,29.421691730941518],[121.0614018574201,29.42138707474885],[121.06179424110559,29.41990466459208],[121.06534840864657,29.41814933534374],[121.06389190995918,29.418128170090313],[121.06144423668712,29.419155509646885],[121.06081313376131,29.420421854367135],[121.05959532104049,29.420616704979125],[121.05767956804556,29.419206953038668],[121.05526217882823,29.418640204712858],[121.05524598378526,29.419490321790647],[121.05426890121163,29.419794932868683],[121.05234310431871,29.41891643049979],[121.05052248159689,29.418889793103347],[121.04726162808987,29.417991670045012],[121.04520031554688,29.41785513726734],[121.04643641522301,29.41670404107134],[121.04597329966805,29.415528014134566],[121.04424968764783,29.41677824251491],[121.0435031290059,29.417723922277446],[121.04276674287104,29.41813827782022],[121.04045045333629,29.418635686509504],[121.03865434746558,29.417333723662864],[121.03585665981154,29.417611374962462],[121.03453588702456,29.416847835455712],[121.03015833048295,29.417208336342355],[121.0285456194697,29.418991460702728],[121.02887280542888,29.420909583216485],[121.02861158368262,29.421862356138433],[121.02690820266986,29.42204971595578],[121.02595568436578,29.421078961126796],[121.02586718996167,29.419376958023122],[121.02649870930139,29.41811079866494],[121.02908240078852,29.416342071804536],[121.03081437687013,29.4146669954539],[121.03154873296626,29.414358970121498],[121.03275422387799,29.414801954598204],[121.03228718052571,29.413838414006364],[121.0333876746501,29.41342949310433],[121.03341428034457,29.41204806960269],[121.0351154416685,29.41196688139155],[121.0361068021868,29.410918564937788],[121.03680842964474,29.412310725613622],[121.0381454974032,29.412224131920198],[121.03853000709677,29.41116685721579],[121.03781815368728,29.410306023019473],[121.03600383126485,29.409960403596074],[121.03552859959541,29.409421927503104],[121.0367503956935,29.409014765440418],[121.03737762711614,29.407961070671945],[121.03810375096668,29.408078060572905],[121.03848620203104,29.40712704842457],[121.03727668758205,29.40689664580998],[121.03569492684767,29.40708591885516],[121.03555721595143,29.407934237832194],[121.0349647245622,29.40718144333158],[121.03362363053986,29.407480534988224],[121.03384793905377,29.40844048867217],[121.0332165759192,29.409706691674444],[121.03201318932304,29.409157450466353],[121.03138999289001,29.409998590339114],[121.03149496872157,29.41085048997178],[121.02915419253509,29.412622865250228],[121.0281976305655,29.411864654373062],[121.027216447731,29.412381592810164],[121.02394164408275,29.412226756598045],[121.02797747435665,29.410692167705633],[121.02948099548877,29.408269668277626],[121.02914152098998,29.40698912421874],[121.02963515742522,29.406571252433423],[121.02761515508791,29.404309196532154],[121.02908782798659,29.403480643491832],[121.02825885527955,29.40240544175373],[121.02669357599501,29.40174450558527],[121.02342322622411,29.40137714653406],[121.02291519593985,29.402538835484336],[121.02277121746846,29.403705925540805],[121.0229748487398,29.405728520842842],[121.02191761923604,29.403905840687287],[121.02169548943573,29.40283960925808],[121.02109283870556,29.40261807232065],[121.02074113223517,29.401975087936876],[121.02184359366458,29.40145999517523],[121.0215001177209,29.40039196152884],[121.02028867070516,29.40026767263845],[121.02017761669026,29.39973455591587],[121.02055813680477,29.398889863233137],[121.01984446061283,29.398135205278436],[121.01839034788645,29.3980072933295],[121.01833907111546,29.39439255870758],[121.01920495297662,29.39355508640824],[121.0183555565124,29.393542457271053],[121.01839264606531,29.39162972861095],[121.01805129420717,29.390455425117693],[121.01831663560233,29.38929014404141],[121.01700048121467,29.388313925470698],[121.01797941191478,29.38790331487337],[121.02088529671272,29.388265381763176],[121.02368425163013,29.387881745027812],[121.02427655351858,29.388634582635575],[121.0242519039474,29.389909740256144],[121.02522466496384,29.389817865377267],[121.02514644353289,29.38758454004477],[121.02635980149665,29.387602514896003],[121.02772320144283,29.38613458697],[121.02652011742606,29.38558530866993],[121.02617663507385,29.384517284901335],[121.02461369110705,29.383750072826672],[121.02194440841936,29.383710483334085],[121.02159275426055,29.38306750228969],[121.02305899075276,29.38255779078827],[121.025000266152,29.382586571189734],[121.02610659624662,29.381858904200158],[121.02641694266526,29.37835580490588],[121.0248212460773,29.37928881283233],[121.02504747778175,29.380142515062573],[121.02465475500952,29.381624807551134],[121.02162565503937,29.381367293059895],[121.02028281606482,29.381772528543195],[121.01976457049403,29.383465526346413],[121.02058302115711,29.385072087270203],[121.023733559265,29.38533142962308],[121.02359784468786,29.38607347241782],[121.01982209163111,29.386761479447443],[121.01947867715234,29.385693441688375],[121.01852449099317,29.384828910804003],[121.01597652174019,29.384791004366377],[121.01722075519837,29.383215119647843],[121.01625423962963,29.38298815062825],[121.0152732880976,29.38350501337345],[121.0140703080034,29.382955627033766],[121.01284875230863,29.383362592917706],[121.01185951505357,29.38430447924992],[121.01207531330226,29.385689510365296],[121.01145004619843,29.386636821087166],[121.01061311965185,29.385986571428134],[121.01070963665205,29.38726353020087],[121.01191471294413,29.387706685735225],[121.01286060189273,29.388996311882124],[121.01235252416564,29.39015795981129],[121.01282134666616,29.391015297245303],[121.01415401051577,29.391141456923435],[121.01413336200625,29.39220408137436],[121.01518002049767,29.394558126455593],[121.0148036041254,29.395190278093878],[121.01409412678214,29.39422306732746],[121.01311098772845,29.394846170070082],[121.01549864767031,29.396901322770702],[121.01571657550892,29.398180086668447],[121.01522086362371,29.398704168983556],[121.01240918495961,29.39972518506221],[121.01287391307181,29.400795047673284],[121.01433012010568,29.400816759042982],[121.01556220423873,29.399878478130404],[121.01714181278123,29.399795703072925],[121.01748936510302,29.400651220781413],[121.017339141776,29.402137089953555],[121.01633530649445,29.403822837320035],[121.01814737638807,29.404274979327738],[121.01752616440177,29.40500978846984],[121.01738418216354,29.40607060680918],[121.01848464280971,29.40566180751682],[121.01981132671625,29.406106707332754],[121.01955624931873,29.406740674623222],[121.02087059719594,29.407823140330834],[121.02219732047047,29.408268018043657],[121.02378117110322,29.40797264460508],[121.02526625458643,29.406506560816126],[121.02537734063628,29.407039674376506],[121.0246265796406,29.40819777049012],[121.02253671004473,29.409548575694885],[121.02046532481859,29.409942982265136],[121.01901722751484,29.409496281951817],[121.01767812845645,29.40968894687569],[121.0177809263613,29.41064711435257],[121.01886906696797,29.410875888983696],[121.01918780730915,29.41321907745288],[121.02025743565042,29.41440420430183],[121.02412474131114,29.415311976760393],[121.02091354477017,29.418134213373435],[121.01839568033375,29.416502379053952],[121.01706887110532,29.4160574597218],[121.01475873036514,29.41623563148147],[121.01339885924233,29.417490868790594],[121.01276718546114,29.41875695865116],[121.01262098854022,29.42003029041939],[121.01296856073219,29.420885818946772],[121.01223203731615,29.421299998503798],[121.01225273010942,29.42023737992122],[121.0116603511039,29.419484487728994],[121.0093584174245,29.419237514667316],[121.00854819815521,29.417205841222312],[121.00757516712122,29.417297580907984],[121.00659591013175,29.417708098030687],[121.00767787295763,29.418255751045024],[121.00765298635406,29.4195308901501],[121.00716334794606,29.41973614938422],[121.00693720025083,29.418882424457024],[121.00598075734104,29.418124059617924],[121.00329813666127,29.41872162262723],[121.0030720234376,29.417867892647337],[121.00223906849908,29.417005061065538],[121.0012493930879,29.417946844044252],[121.00074310264358,29.419002168707436],[121.00084366364564,29.42006660206141],[121.00411241505384,29.420540800553624],[121.00458752224341,29.42107938258755],[121.00579088265948,29.421628870460324],[121.00810115217774,29.421450860972072],[121.00808663638088,29.422194691983805],[121.00542260555875,29.4218359400914],[121.00432815371101,29.421925835796515],[121.00199915010313,29.423060129460907],[121.00052181987735,29.424100878936088],[121.00025824464501,29.42515984392668],[121.00084432198082,29.426231566947138],[121.00115642747488,29.428893559248934],[121.00079019651679,29.428994353173152],[120.99888349273095,29.42715874371862],[120.99791661606343,29.42693162522903],[120.99826199807768,29.427893447439033],[120.99945706601005,29.42886803778532],[120.99941956532126,29.430780733692984],[120.99781236657094,29.43224466448595],[120.99685587639823,29.431486232779775],[120.99490535200437,29.43188204082668],[120.99345707829241,29.43143505437814],[120.99263037626429,29.430253381582418],[120.99141444483485,29.430341336068807],[120.99052708730204,29.432241200386784],[120.99254465653411,29.434610057812677],[120.99412689565872,29.434421322197807],[120.99338184056154,29.435260430056985],[120.99395326761658,29.437076004080893],[120.99550839832244,29.438268640041144],[120.9963518930495,29.43860021400593],[120.99754497464806,29.439681085724203],[120.99864796060024,29.43916621262116],[121.0003329098891,29.43993557800951],[121.001557281609,29.439422503745334]]]}},{"type":"Feature","id":"hydrolakes:176346","properties":{"Hylak_id":176346,"Lake_name":"","Country":"China","Continent":"Asia","Poly_src":"GRanD","Lake_type":2,"Grand_id":6157,"Lake_area":3.45,"Shore_len":24.75,"Shore_dev":3.76,"Vol_total":104.8,"Vol_res":104.8,"Vol_src":2,"Depth_avg":30.4,"Dis_avg":2.77,"Res_time":437.9,"Elevation":117,"Slope_100":18.69,"Wshd_area":109.8,"Pour_long":120.59375,"Pour_lat":29.422044,"source_id":"hydrolakes:176346","label":""},"geometry":{"type":"Polygon","coordinates":[[[120.5983733472168,29.4240561828762],[120.59689602697506,29.422351443813398],[120.5981050123338,29.42188381807773],[120.6001608984854,29.422759931811356],[120.60050980575511,29.421507656479776],[120.59983406395497,29.419677551739312],[120.6000035837111,29.419261086045935],[120.60112283433324,29.41921133477865],[120.60177953205408,29.41845404116043],[120.60009820330856,29.418633509449535],[120.5998735090007,29.418000177511658],[120.59923652826802,29.41791877434065],[120.59885876214037,29.417003000209377],[120.59821849967136,29.417061373626552],[120.5982530338062,29.415593672368743],[120.59794195247014,29.415238460341698],[120.59883976467938,29.414415609572472],[120.59987256357942,29.414643988931914],[120.60012189845838,29.41422896100954],[120.59925368373939,29.41379379019645],[120.59845543623663,29.413779397119526],[120.59839040922833,29.413148942385874],[120.59919851337344,29.412743991849027],[120.59929477233453,29.412046524567927],[120.59761354799804,29.412225967379413],[120.59730412321818,29.41180086387027],[120.59732879481567,29.410752505742835],[120.59614133430097,29.41031155612893],[120.59494400682104,29.41028993907389],[120.59511517381458,29.409803588879925],[120.59599650091911,29.40967966009231],[120.59633553025378,29.4088467369167],[120.59578830469667,29.40834741812614],[120.59482881499287,29.408400014295182],[120.59597262739311,29.407301942212143],[120.59708845649709,29.407391998552953],[120.59710490289461,29.406693092803664],[120.59768172294253,29.40593437518828],[120.59688189305695,29.40598986675684],[120.59502796209443,29.40672552606958],[120.59409648066736,29.405589980323782],[120.59350899147034,29.403411841553122],[120.59248126490746,29.40297374861518],[120.5918691042761,29.40184396026342],[120.59180576818744,29.401143613672843],[120.59354357404095,29.40194414237402],[120.59490866198837,29.401619196262857],[120.59477042794367,29.40070773719117],[120.59596435300358,29.40086913058792],[120.5957446511095,29.400026122086956],[120.59369089795575,29.39908007518528],[120.59173182593855,29.397506428001577],[120.59143235375097,29.396661971567482],[120.59554633930401,29.398274535768337],[120.5956491819847,29.39729750798739],[120.59373699585711,29.397123141332543],[120.59216053628035,29.396255613976564],[120.59201903602298,29.39548393406949],[120.59050923952157,29.3951769548342],[120.59060223541366,29.394619275347566],[120.58982557657157,29.393696264615926],[120.5897721476345,29.392576575279747],[120.59158557556617,29.39016216154164],[120.59275554379815,29.387945856186434],[120.59338739406104,29.388236951492786],[120.59391146804165,29.38971474308505],[120.59461984811594,29.390147055709633],[120.59652861910024,29.390461183920934],[120.59850406973374,29.391335850456187],[120.60017838061799,29.391435939793155],[120.60090321113398,29.391169311836336],[120.60068020062653,29.390466091100052],[120.59702718024488,29.38963113206819],[120.59825547788142,29.38832479102132],[120.5984479360817,29.38692985105928],[120.59822823481363,29.38608684558983],[120.5988246228568,29.384489423113223],[120.59902691245418,29.382675135178488],[120.59823547696323,29.382381190983835],[120.59780691048093,29.38363203451621],[120.59774941642758,29.38607821400592],[120.59707155318102,29.387744081414723],[120.59560712190768,29.388906309547167],[120.59601765667196,29.388424274709735],[120.59565151973948,29.387019260659258],[120.59407190119327,29.38629154403037],[120.59181271627233,29.387299536441958],[120.59064603238716,29.38937605210623],[120.58763054419961,29.391978453224453],[120.58684237768983,29.391544658995883],[120.58645820211626,29.39090841910337],[120.58518460780908,29.390745501305048],[120.58635858492221,29.391745655611714],[120.5866497487907,29.392939571734814],[120.585833506038,29.393693903979283],[120.585955140348,29.395304269381086],[120.58760308588887,29.396522762756547],[120.58671526334837,29.39692620269284],[120.58551314535515,29.397114180145252],[120.5852935368332,29.39627115936065],[120.58380689621094,29.394985644218536],[120.58307538637968,29.39553173474536],[120.58377879576125,29.396173774381623],[120.58192331321908,29.396979146871956],[120.58161896155332,29.396344342719658],[120.57986148481655,29.39638234617911],[120.57856464557727,29.39719781826659],[120.57507123415326,29.396365155345848],[120.57352318017996,29.394309295393498],[120.5740153049693,29.39375890004237],[120.57545184348947,29.393785051549116],[120.57593566472565,29.393584096414827],[120.57415982768265,29.391034661150513],[120.57374586422645,29.391656400950126],[120.57419981091562,29.39271346347624],[120.5739504333473,29.393128441029546],[120.57299440818974,29.393041108499517],[120.57194861289213,29.39337165126443],[120.57199520170519,29.394770894055284],[120.57431975607511,29.397749868525807],[120.57560004668284,29.397633335890134],[120.57693030521676,29.3987762558005],[120.57836360355509,29.39894215932219],[120.57986844036321,29.39945894655881],[120.5798833433397,29.398829938631764],[120.5832304896303,29.399100466556888],[120.5849852039268,29.402558369099552],[120.58616095806025,29.403488641171236],[120.58704058523307,29.403434659172717],[120.5870240721847,29.404133560081164],[120.58574700872475,29.40411041853207],[120.58715563355383,29.40532458341181],[120.58714077139996,29.40595359410827],[120.58775950341055,29.406803841608962],[120.58773803977869,29.407712412797082],[120.58859954782776,29.40842721384388],[120.5892948263658,29.409418680982128],[120.58920015363998,29.41004624738423],[120.58825550593008,29.409469784118755],[120.58759382149645,29.410436679651184],[120.5861487741492,29.41076009550528],[120.58569132910884,29.409842844552372],[120.58480338013948,29.41024626393221],[120.58517769046085,29.411301850009238],[120.58828745114448,29.411498042070605],[120.58818781614866,29.412335277298723],[120.58926572905119,29.414032874086047],[120.59221593816181,29.414226089230226],[120.59235580694042,29.41506765876528],[120.59102417189371,29.417350936065816],[120.59108750436371,29.418051281743317],[120.59177791941522,29.41925241022699],[120.59279920760986,29.419970077687765],[120.59231363720284,29.42024097833513],[120.5905821408843,29.41916085788762],[120.5900744980317,29.416984152203383],[120.5894893024024,29.418092279248697],[120.58900208247542,29.41843305793401],[120.5892135018201,29.419625524720914],[120.58849174057985,29.419752294694945],[120.58870150416254,29.421014651889493],[120.58950475479008,29.42081943650561],[120.59077048135242,29.421331784660083],[120.59140912292219,29.42134333902237],[120.59114158731671,29.422527138417422],[120.59248387768139,29.42318069645478],[120.59423852923152,29.423282333072336],[120.59445166388065,29.424404904556184],[120.59644748550028,29.42444095005169],[120.59803427435185,29.42488910757845],[120.5983733472168,29.4240561828762]]]}},{"type":"Feature","id":"hydrolakes:176361","properties":{"Hylak_id":176361,"Lake_name":"","Country":"China","Continent":"Asia","Poly_src":"SWBD","Lake_type":1,"Grand_id":0,"Lake_area":7.57,"Shore_len":13.41,"Shore_dev":1.38,"Vol_total":43.15,"Vol_res":0.0,"Vol_src":3,"Depth_avg":5.7,"Dis_avg":0.44,"Res_time":1135.2,"Elevation":0,"Slope_100":1.89,"Wshd_area":22.1,"Pour_long":121.922917,"Pour_lat":29.385417,"source_id":"hydrolakes:176361","label":""},"geometry":{"type":"Polygon","coordinates":[[[121.93389417860709,29.396266682943576],[121.9313916015671,29.391108330621535],[121.93015557183651,29.389251030816695],[121.92785224067313,29.38806443956247],[121.92539374457925,29.38766425238788],[121.92446818034341,29.386298692492062],[121.92441324870265,29.38361362033487],[121.92486545139366,29.37991394043047],[121.92581231011746,29.37851698133761],[121.92473198785194,29.374165581597993],[121.92278021918861,29.373608194987696],[121.92200683594223,29.373623996311494],[121.9196335177997,29.371631605360903],[121.91601576063829,29.371705457899964],[121.9140277777824,29.370416666667325],[121.91065511068177,29.373466457791665],[121.91010579427547,29.375719943577167],[121.90726521810365,29.376641642253276],[121.90583699544743,29.378013916016357],[121.90583618164527,29.37944681803458],[121.90541110569035,29.381105346680386],[121.90709784614188,29.380777113173508],[121.90804985894567,29.381239013672598],[121.90838907878066,29.387130669488556],[121.90960205078602,29.39160834418476],[121.91234700521306,29.395271809896656],[121.91496866862451,29.395241563585785],[121.91578898112442,29.39683383517871],[121.9161694335985,29.399946967231585],[121.91695176866779,29.402232598199646],[121.91611463759142,29.403857625326225],[121.91607977973553,29.405563557943594],[121.91787950304297,29.407314453125764],[121.91958889431879,29.410133327908795],[121.92165174696652,29.415543687609272],[121.92328708225295,29.41638610839931],[121.92332505968346,29.4155687798401],[121.93157864041262,29.407967597114407],[121.93694173177562,29.40193271213184],[121.93527506510878,29.401113891602392],[121.93455430773025,29.399628363716033],[121.93305826823394,29.39890258789137],[121.93389417860709,29.396266682943576]]]}},{"type":"Feature","id":"hydrolakes:176402","properties":{"Hylak_id":176402,"Lake_name":"","Country":"China","Continent":"Asia","Poly_src":"SWBD","Lake_type":1,"Grand_id":0,"Lake_area":1.57,"Shore_len":6.53,"Shore_dev":1.47,"Vol_total":10.8,"Vol_res":0.0,"Vol_src":3,"Depth_avg":6.9,"Dis_avg":0.424,"Res_time":294.7,"Elevation":4,"Slope_100":4.08,"Wshd_area":19.5,"Pour_long":121.731229,"Pour_lat":29.273374,"source_id":"hydrolakes:176402","label":""},"geometry":{"type":"Polygon","coordinates":[[[121.73111423069037,29.282249891493734],[121.7314758300829,29.27847642686703],[121.73240993924065,29.276497056749804],[121.73277248806886,29.276105821398232],[121.73480021159321,29.27571865505712],[121.73471652561221,29.273605957031975],[121.73610582140225,29.273166097005856],[121.73540391710549,29.271943630643023],[121.72328884549069,29.271373901367838],[121.72291666667121,29.270972222222895],[121.72138359918006,29.271105821398407],[121.71969997830331,29.27175469292615],[121.71889417860712,29.273277452257616],[121.71919270833797,29.27582838270473],[121.72000528971813,29.276661376953825],[121.72082804362441,29.279090372721953],[121.72039279514348,29.279675699870495],[121.71944973416282,29.280120781793244],[121.71991848416263,29.281380140517285],[121.72181369358094,29.281455281576257],[121.7252830674962,29.280838623047543],[121.72597222222691,29.28047397189738],[121.72753417969227,29.281114976671688],[121.72838772244393,29.28198459201468],[121.72772189670621,29.28408725314739],[121.72694973416259,29.28528306749206],[121.72611640082937,29.2860552300354],[121.73015285916262,29.286279703776756],[121.73109903971829,29.284904513889728],[121.73040052626328,29.282911241320107],[121.73111423069037,29.282249891493734]]]}},{"type":"Feature","id":"hydrolakes:176408","properties":{"Hylak_id":176408,"Lake_name":"","Country":"China","Continent":"Asia","Poly_src":"GRanD","Lake_type":2,"Grand_id":6159,"Lake_area":9.77,"Shore_len":50.66,"Shore_dev":4.57,"Vol_total":280.9,"Vol_res":280.9,"Vol_src":2,"Depth_avg":28.8,"Dis_avg":10.336,"Res_time":314.5,"Elevation":155,"Slope_100":14.79,"Wshd_area":385.2,"Pour_long":120.456674,"Pour_lat":29.247244,"source_id":"hydrolakes:176408","label":""},"geometry":{"type":"Polygon","coordinates":[[[120.46921181110463,29.25770050514768],[120.46973007579322,29.256296499201653],[120.46928839252206,29.25459154671455],[120.46978575796987,29.25403543730266],[120.46917249393726,29.252751381939845],[120.47064715466934,29.251789629145435],[120.46873431163493,29.250905111931786],[120.47084655775512,29.25023819717677],[120.47119318334296,29.24925508041497],[120.4692734207851,29.24865320621018],[120.46930473865376,29.2473813579943],[120.47076540702994,29.246984864930653],[120.47031677822383,29.24556254838228],[120.46906597943922,29.243983658600712],[120.47026693418684,29.241037364630756],[120.47203933651542,29.241070901547744],[120.47264215605304,29.242778894567095],[120.47259698660616,29.244616014578583],[120.47340960034637,29.244348615207628],[120.47375270462925,29.24350680537617],[120.47531195788855,29.24565701281466],[120.47598426028935,29.244538650120262],[120.47554944758684,29.24255107786587],[120.47447014016171,29.24055132716387],[120.47637244587224,29.241859706897344],[120.47778100364604,29.243582892551444],[120.47774632775264,29.244996067282386],[120.48006633486472,29.24899855886099],[120.48069704218972,29.24957598334305],[120.48245922020095,29.250033344478823],[120.48452640734195,29.251203341152575],[120.48653142025233,29.254917036671372],[120.48758345175781,29.25804725536085],[120.48823153171975,29.257918057932102],[120.48813602294791,29.255229979576256],[120.48926063285444,29.25539250108045],[120.48816366122605,29.254099432501334],[120.48725551007811,29.251678840293664],[120.48493861879996,29.247535136370857],[120.48384178057773,29.246242039234005],[120.4825457612381,29.24650039684269],[120.48257691222341,29.245228535178967],[120.48129475516168,29.244921609773712],[120.48211773779838,29.244230202427616],[120.48499394667988,29.245274044964845],[120.48405480440113,29.24412530109788],[120.4823100230318,29.242961376396806],[120.48122711364579,29.241102990162744],[120.48064493331105,29.23854712009296],[120.48067609766395,29.2372752587803],[120.48913626128018,29.240686279528575],[120.492382977722,29.239757548912166],[120.49383313152646,29.23978474905374],[120.49479301468801,29.24008551259095],[120.49498513301523,29.238816657721372],[120.49637333141663,29.24138758141845],[120.49781319365263,29.241838698788854],[120.50151923661781,29.241908033052482],[120.50107019053172,29.240485794598612],[120.50189644548016,29.239652934651076],[120.50208160891174,29.238666704654406],[120.503370630321,29.238690789037662],[120.50228049985702,29.237115192940223],[120.5013274859574,29.236531843065507],[120.50486536443753,29.23688070201615],[120.50581497537104,29.237605348670343],[120.50950034985954,29.23852237837582],[120.51047738533106,29.238116425687394],[120.50984998753762,29.237397814069936],[120.50681600069515,29.23621017776378],[120.50637375253945,29.234505311570388],[120.50461513369851,29.233906954045437],[120.50314789431974,29.23458647796309],[120.50073451194055,29.234399991122075],[120.49866400649364,29.233371571894907],[120.49724145152663,29.23221387089052],[120.49726208585821,29.23136595176328],[120.4948866611033,29.229624847781622],[120.49738931133231,29.22613711447451],[120.49696100588358,29.223866946775274],[120.4971564896345,29.222456762539423],[120.49892173771428,29.22277256440873],[120.49910688634583,29.22178633617125],[120.50038539329574,29.222234397796228],[120.50119433411646,29.222108134042287],[120.50109158157017,29.21970267465946],[120.50317213758848,29.220307080928308],[120.50507791290391,29.22147373396848],[120.50619877004175,29.221777414054884],[120.50673001852948,29.21980793203295],[120.50676426090672,29.21839472055035],[120.50585248671388,29.216115556910722],[120.50427583181897,29.21467229088381],[120.50480706925453,29.212702814621423],[120.5043477935921,29.211704549665],[120.50285002254736,29.213655979269788],[120.50329557698501,29.215219532220146],[120.50438209037736,29.216936432677585],[120.50498534862362,29.21864430907567],[120.50479683675894,29.219771870520105],[120.50336409741578,29.21903820220058],[120.5014686803076,29.217447566372186],[120.49951494679135,29.218259353859537],[120.49525423598084,29.22114868109111],[120.49472620356244,29.222976783755144],[120.49372860690056,29.22423054481169],[120.49242944222323,29.22463033681197],[120.49161013718788,29.225180503772606],[120.49269309567654,29.227038811018474],[120.49234331781042,29.22816332284617],[120.49231230925056,29.22943519730478],[120.49435168093453,29.231735582979354],[120.49465325655171,29.23258953996276],[120.49812563884853,29.23562364450703],[120.49746395304959,29.236318178689544],[120.49619561375562,29.235446121236464],[120.49297318250899,29.235385720215618],[120.49070024354506,29.236049988688478],[120.48831448188952,29.23473272576598],[120.48528085845282,29.233544619483837],[120.48207927429036,29.23263604999886],[120.4771089680819,29.2315526528173],[120.474370044762,29.231500932270023],[120.47228947185738,29.23089607487168],[120.47167976484155,29.229470716348317],[120.47363390628391,29.228659363310555],[120.47620124098381,29.2291320057991],[120.47715403285792,29.229715522813592],[120.47764429574602,29.229442007931993],[120.47704491831627,29.22759271637375],[120.47726840923809,29.22505203640526],[120.4761684234062,29.22390021040121],[120.47539412838,29.222613143322633],[120.47364980010133,29.221449130107885],[120.47205271893341,29.220853411575717],[120.4722311740324,29.220149870442867],[120.47386294108452,29.21933241072236],[120.47485031247612,29.218502762055607],[120.47146737245703,29.21843883261124],[120.47150209687487,29.217025659128012],[120.46912398134714,29.21542545726021],[120.46457525353753,29.216894497053715],[120.46541550384751,29.215496599712083],[120.46800332589953,29.21512147667596],[120.46786657828574,29.214129207312794],[120.46872761273227,29.211883381699238],[120.46860476147407,29.21032584374973],[120.46800215826522,29.208617840643285],[120.46591860437212,29.208154229529157],[120.46626510242982,29.207171114221296],[120.46916096158816,29.20736732696099],[120.47048428120348,29.20597853023395],[120.46954910678966,29.204688392395838],[120.46683177548704,29.20378865758005],[120.46506350130954,29.203613773589893],[120.46670895306306,29.202231118519705],[120.4691249485702,29.202276854029662],[120.47088973999894,29.202593000940396],[120.47187349266397,29.20190468180607],[120.4721074117486,29.19894005261466],[120.4729578001187,29.197118135589847],[120.47123125980852,29.195247525524394],[120.46916531501017,29.194077391557926],[120.4707168591168,29.196510251053382],[120.47029060488444,29.20074368922883],[120.46931727348993,29.201008044472985],[120.46772052956442,29.200412293306613],[120.46403347723833,29.199635528385727],[120.46190136206599,29.201150300406596],[120.4621782115367,29.20299352896052],[120.46407968979429,29.20430203867221],[120.46469960707799,29.20530347066517],[120.46336925924874,29.20697483939307],[120.46190914943452,29.207371286530304],[120.46221039428013,29.208225298901596],[120.46397525785204,29.208541541787326],[120.46426607932807,29.209819500809147],[120.46328568295706,29.210366438903066],[120.4629913899488,29.209229795088504],[120.46124045963779,29.208348273033494],[120.46009201413369,29.209174762502926],[120.46167141461211,29.210477191878965],[120.4630653921896,29.212765764943185],[120.46468317752903,29.212513680543168],[120.46448728175409,29.21392379334128],[120.4628590222764,29.21459982336654],[120.46168960127494,29.216274220488117],[120.46195252374241,29.218682713134115],[120.46630199831753,29.218765202379643],[120.4661061058734,29.220175316987934],[120.46622891909027,29.221732853581216],[120.46714331295988,29.223870919099454],[120.47132497636636,29.224232840375294],[120.47112913591155,29.225642964858082],[120.46965835005795,29.226463432423486],[120.46756399427414,29.22642377605723],[120.4613472133774,29.223619604975397],[120.45913371195076,29.22188096978067],[120.45719008414756,29.22226816527092],[120.45616759891021,29.224510827539802],[120.45807984607069,29.22539549145131],[120.45901503802736,29.226685708669095],[120.45967341171217,29.2261326919176],[120.46091339836858,29.228135599423013],[120.46271345288028,29.22703871740964],[120.46398486904815,29.2277697540178],[120.46279786845173,29.230150730737193],[120.45961408063448,29.22853506132992],[120.45988743343975,29.230519605621566],[120.46033935559154,29.231800631503233],[120.46127462909641,29.233090837061695],[120.46187374139515,29.23494018273749],[120.46240311729724,29.23961584507606],[120.46259630790206,29.244850650098726],[120.46111470216658,29.246094947575784],[120.45663442757314,29.244737316615726],[120.45516675196853,29.245416283791712],[120.45492513563329,29.248663458302133],[120.45831252097156,29.248586551124504],[120.45956669036127,29.250024218668784],[120.45952476764631,29.251720002746083],[120.46077200528555,29.25344029250067],[120.46171444228418,29.254447872576293],[120.46331196072919,29.255043740109443],[120.46313685531766,29.255605942990087],[120.46213854341494,29.256859420018827],[120.4627587177356,29.257860872051538],[120.46439814934456,29.25676094167244],[120.46585199735648,29.256647143859027],[120.46743912601642,29.257666913433468],[120.46852192817903,29.259525402815825],[120.46931378339923,29.260105933929424],[120.46982161973636,29.259125877585348],[120.46921181110463,29.25770050514768]]]}},{"type":"Feature","id":"hydrolakes:176416","properties":{"Hylak_id":176416,"Lake_name":"","Country":"China","Continent":"Asia","Poly_src":"SWBD","Lake_type":1,"Grand_id":0,"Lake_area":1.12,"Shore_len":5.05,"Shore_dev":1.34,"Vol_total":2.74,"Vol_res":0.0,"Vol_src":3,"Depth_avg":2.4,"Dis_avg":0.201,"Res_time":157.5,"Elevation":0,"Slope_100":1.36,"Wshd_area":9.0,"Pour_long":121.55625,"Pour_lat":29.22789,"source_id":"hydrolakes:176416","label":""},"geometry":{"type":"Polygon","coordinates":[[[121.55045749240907,29.235648125543378],[121.55098402235717,29.233899197049254],[121.55223253038656,29.234156358507732],[121.55315660265222,29.23467190212739],[121.55394151476162,29.23376085069515],[121.55612141927537,29.232788085938182],[121.55697197808632,29.23180094401107],[121.5597671169752,29.23083326551722],[121.56101996528253,29.228363037110114],[121.55971191406712,29.228065863715983],[121.55894951714879,29.227640516493807],[121.55788764106381,29.228872884115447],[121.5574437120273,29.226918809679603],[121.55181871202728,29.22547654893731],[121.55152777778238,29.225138888889603],[121.54840209961395,29.225276150174295],[121.54755032010002,29.22601006401976],[121.54809611003077,29.226988186307096],[121.54778808594222,29.228343641493723],[121.54587836372002,29.22863464355538],[121.5455240885463,29.23019436306498],[121.54306586371985,29.2306427680129],[121.5433846028692,29.23158053928023],[121.54436903212269,29.232019788954688],[121.54471191406714,29.232788085938182],[121.54604478624589,29.233189425998944],[121.54688625760008,29.234166124132685],[121.54816148546473,29.23445583767426],[121.54909437391956,29.235538601346207],[121.55045749240907,29.235648125543378]]]}},{"type":"Feature","id":"hydrolakes:176426","properties":{"Hylak_id":176426,"Lake_name":"","Country":"China","Continent":"Asia","Poly_src":"SWBD","Lake_type":1,"Grand_id":0,"Lake_area":1.8,"Shore_len":6.9,"Shore_dev":1.45,"Vol_total":7.32,"Vol_res":0.0,"Vol_src":3,"Depth_avg":4.1,"Dis_avg":5.287,"Res_time":16.0,"Elevation":0,"Slope_100":2.1,"Wshd_area":201.7,"Pour_long":121.437886,"Pour_lat":29.165858,"source_id":"hydrolakes:176426","label":""},"geometry":{"type":"Polygon","coordinates":[[[121.4349422200566,29.167928398980735],[121.43526991102897,29.167214423286282],[121.43600301107227,29.1669522433819],[121.43804768880682,29.168063354492915],[121.43958509657574,29.16860331217515],[121.43682156033458,29.162822604709902],[121.43582546658439,29.161396687826254],[121.43511962891114,29.1598586697055],[121.433468695751,29.15772833930191],[121.43221964518705,29.15780273437565],[121.43208333333803,29.157361111111754],[121.42924167209657,29.157501831055356],[121.42879014757403,29.15896375868141],[121.42765489366786,29.158556450738615],[121.42668768989171,29.157473890517167],[121.4257071940151,29.157532348633538],[121.42462158203585,29.158122355143973],[121.42368937174939,29.160546942817575],[121.42249213325118,29.160825534397475],[121.42138102214,29.16165886773075],[121.42111897786924,29.16223002115953],[121.41923326280846,29.162581990560682],[121.41977688260027,29.164611680773305],[121.42057074653246,29.16616909451028],[121.42111897786924,29.16665886773069],[121.42150146484846,29.167897474501615],[121.42500528971823,29.168771226671765],[121.42608113607241,29.168186645508456],[121.42863376194043,29.1693101671014],[121.42954630534308,29.167875366211717],[121.43165879991778,29.168106892904348],[121.42861897786912,29.17127638075158],[121.42967393663662,29.17176059299129],[121.43155897352887,29.171648220486816],[121.43193657769547,29.170825534397352],[121.43386705187089,29.1686121961813],[121.4349422200566,29.167928398980735]]]}},{"type":"Feature","id":"hydrolakes:176431","properties":{"Hylak_id":176431,"Lake_name":"","Country":"China","Continent":"Asia","Poly_src":"SWBD","Lake_type":1,"Grand_id":0,"Lake_area":1.81,"Shore_len":6.48,"Shore_dev":1.36,"Vol_total":9.64,"Vol_res":0.0,"Vol_src":3,"Depth_avg":5.3,"Dis_avg":0.139,"Res_time":802.6,"Elevation":0,"Slope_100":2.88,"Wshd_area":5.4,"Pour_long":121.459166,"Pour_lat":29.143639,"source_id":"hydrolakes:176431","label":""},"geometry":{"type":"Polygon","coordinates":[[[121.45813259549084,29.148454725478075],[121.45982082791272,29.145344577366302],[121.46026746962258,29.141283840604046],[121.45945475260885,29.139711914063298],[121.45893513997862,29.139264255100613],[121.45676269531725,29.138867933485983],[121.45528808594207,29.13804524739652],[121.45350653754815,29.137640516493832],[121.45180921766945,29.136621229384332],[121.45125000000456,29.135972222223074],[121.44969034831183,29.13613132053024],[121.44977701823376,29.137210489909535],[121.45085937500471,29.138980848525023],[121.45080579970073,29.139647894965947],[121.44983723958791,29.13998969184098],[121.4472325303866,29.138600802952112],[121.44242268880663,29.137510308160415],[121.44252034505678,29.13872477213613],[121.44395521376339,29.140143907335755],[121.44550862630678,29.140611640083193],[121.44582302517819,29.141771714952938],[121.44510986328612,29.143049791124838],[121.44532240126324,29.145694444445155],[121.44514431424074,29.147911241320173],[121.4476269531296,29.147711791992833],[121.44887858073389,29.14945475260481],[121.4508567979646,29.15012471516991],[121.45073418511754,29.151650254992035],[121.45224243164517,29.15210435655456],[121.454107801654,29.15064344618122],[121.45528808594207,29.150288085938257],[121.4555452474005,29.149711914063175],[121.45727688260024,29.149448038737717],[121.45813259549084,29.148454725478075]]]}},{"type":"Feature","id":"hydrolakes:176432","properties":{"Hylak_id":176432,"Lake_name":"","Country":"China","Continent":"Asia","Poly_src":"GRanD","Lake_type":2,"Grand_id":6161,"Lake_area":7.52,"Shore_len":37.47,"Shore_dev":3.85,"Vol_total":116.8,"Vol_res":116.8,"Vol_src":2,"Depth_avg":15.5,"Dis_avg":5.595,"Res_time":241.6,"Elevation":199,"Slope_100":15.49,"Wshd_area":207.0,"Pour_long":120.425662,"Pour_lat":29.14221,"source_id":"hydrolakes:176432","label":""},"geometry":{"type":"Polygon","coordinates":[[[120.43602316268698,29.143298682060674],[120.43656610593223,29.142665799087467],[120.43788765493366,29.14424111762071],[120.43987244516785,29.14456149026057],[120.44011709795302,29.143441104841486],[120.43722932300068,29.141410881558443],[120.43790901058884,29.14065069380763],[120.4398978543141,29.141094754701726],[120.44158844278599,29.141051299388437],[120.44212308626533,29.140171032578735],[120.43956248563188,29.13949411926353],[120.43837773842836,29.137791512127194],[120.43834064617374,29.136678365307716],[120.4404661657191,29.1369951230119],[120.44176293446935,29.13782831005574],[120.44414959653051,29.137519350590082],[120.44937856701216,29.13787987079928],[120.45070436557614,29.13957873373147],[120.45147082312565,29.141415792196426],[120.45273047477531,29.141135730827273],[120.45310344175772,29.13964065657285],[120.45534921156838,29.13933513051387],[120.45516691611618,29.138101959313417],[120.45258561765343,29.136806892949267],[120.45284253571378,29.136057539549824],[120.45280942853168,29.135068090565028],[120.45123914877092,29.13448964100087],[120.4494825394035,29.132554303658424],[120.44892732784405,29.132816183847467],[120.44861252539295,29.131833987594405],[120.44802839083883,29.13123009131425],[120.44797880965717,29.129745909153314],[120.4493709339402,29.12921489901197],[120.4496071965583,29.127847142332655],[120.44831463842075,29.12713770708018],[120.44984758811813,29.12660306720744],[120.44881197465202,29.125144286187435],[120.4465582200242,29.125202314603428],[120.44681929265738,29.124576652601377],[120.44950387372916,29.124755099302206],[120.44932995634952,29.123769273579512],[120.45204759963701,29.12493712272652],[120.45443391669056,29.12462800651798],[120.4565592055963,29.124944525342016],[120.45694864786242,29.12394417016384],[120.45538266573902,29.123489437280284],[120.4514221426873,29.123096424149082],[120.44982726330727,29.121775851072357],[120.45105774990645,29.120630052763772],[120.45559400621994,29.12137959066615],[120.45711854470312,29.12059751555148],[120.45832821933084,29.118833254373556],[120.45732570894944,29.118363988052636],[120.45539520752834,29.119651690401213],[120.4534150182958,29.119455192777423],[120.45266940885733,29.11823653718909],[120.45152607675368,29.117770855826507],[120.44971156425697,29.118312760432445],[120.44882515760537,29.117097706829554],[120.44753274678357,29.116388251440583],[120.44650966442612,29.11530048640384],[120.44568521795321,29.115940642420753],[120.44395380365938,29.11474728886293],[120.44444706748749,29.112630196498912],[120.44584724448555,29.112346604635036],[120.44926875885415,29.11349642074896],[120.45095887923088,29.113452884699825],[120.4512199021691,29.112827217901327],[120.44694509179772,29.111451836470508],[120.44677536158389,29.110589684296826],[120.4485608598913,29.109182053941367],[120.45219783398494,29.108345640824894],[120.45146886062679,29.10762169620091],[120.44878472964848,29.107443251776886],[120.44585193372006,29.10826145897397],[120.44436870689526,29.11028022583156],[120.44226022745437,29.110458216340135],[120.44073981947321,29.111363803074482],[120.44013526134586,29.11014144123766],[120.4383043351637,29.110188451689964],[120.43662342350041,29.106270330888037],[120.43874007054563,29.106339802453988],[120.43899292325688,29.105466787341697],[120.43698832874037,29.104527918776455],[120.435961367233,29.103316368601213],[120.43721650817923,29.102912803405445],[120.43836784825561,29.103625994188747],[120.43904319131303,29.102742134947164],[120.438314346384,29.102018107175866],[120.43981818181351,29.100617822806157],[120.43961560599803,29.09876618591221],[120.43792570535578,29.09880955911609],[120.43515441859347,29.100242325644672],[120.43274391267408,29.099808950379042],[120.42733503046549,29.09821436476716],[120.42601429679235,29.09663887098327],[120.42622214737605,29.094405333304223],[120.42409087735808,29.089631989004886],[120.42560295621297,29.08847923244599],[120.42527216143202,29.0870022039814],[120.42112966884605,29.089583828278933],[120.42018897090026,29.090969537112528],[120.42151363368026,29.0926687888292],[120.4215996071481,29.095266193981786],[120.42030355238842,29.094432749388716],[120.41766064823508,29.095490510948423],[120.41812402123321,29.096716598256194],[120.41773426472133,29.097716866343944],[120.4186283188427,29.099179545436016],[120.42170606617299,29.098482027216562],[120.42379647525132,29.10201854328062],[120.42680725661194,29.103550836737497],[120.42935456674257,29.103857023789033],[120.43275289425833,29.112806626632903],[120.43481109834755,29.115353437817248],[120.43608696098005,29.115568289909675],[120.4377515720899,29.118991668572107],[120.43932154772892,29.119570303519595],[120.43907279550882,29.120567003581016],[120.43698055733819,29.12123966239926],[120.43512885473115,29.120668227546446],[120.43519469321109,29.122647166477066],[120.43863295010902,29.124291967982742],[120.43828451673846,29.12652911663713],[120.43832983240361,29.127889631523487],[120.44072865213309,29.127951799740686],[120.44281213628818,29.131240537152394],[120.44257577925634,29.132608289383995],[120.44175530362435,29.133372115911698],[120.43921136501041,29.133189912589728],[120.43833316874856,29.132222158077468],[120.43634038662884,29.131654375343146],[120.43465817460657,29.13194511887525],[120.43373476825866,29.129616809114452],[120.4326242780972,29.130140440790626],[120.43158474135709,29.128557825712846],[120.4292187674771,29.129484968714564],[120.43095029755216,29.130678504570938],[120.42943360697126,29.131707677603345],[120.43073844977965,29.132788353209378],[120.43217185354678,29.133494350731553],[120.43135951257807,29.13450548816678],[120.43319911235744,29.134705904344457],[120.4325276501558,29.135713435866478],[120.43128855148751,29.136611725661794],[120.4330078861961,29.137434170783422],[120.43374932216136,29.1385292573799],[120.4332228417361,29.139656863295443],[120.43175231868514,29.13783773091535],[120.42989621795124,29.137142562982376],[120.42878562785404,29.13766617059872],[120.42859954205193,29.13630925209202],[120.42884841931675,29.135312561920557],[120.42754355955344,29.1342318692013],[120.42693898828941,29.13300944926266],[120.42547278114665,29.131313914048576],[120.42478073660004,29.13170298739135],[120.42487924419214,29.134671422896588],[120.42413792939004,29.13357627651021],[120.42373992520885,29.134329194429824],[120.42506117105472,29.13590466640926],[120.4242651570695,29.137410506913056],[120.42329951474352,29.138054152736515],[120.42407369559533,29.14013877960207],[120.42428847179013,29.142361501185064],[120.42628142017969,29.14292945124498],[120.42752885601254,29.14227856728411],[120.42764919523228,29.141656538271036],[120.4294971455459,29.142104363482645],[120.4306447931948,29.14269390164469],[120.43111270193111,29.144043590389003],[120.43240538409941,29.144753182773798],[120.43221099830282,29.143148908143417],[120.43420399342091,29.14371673514188],[120.43521903266117,29.144557211469703],[120.43750620951812,29.145488802379532],[120.4396277883207,29.145681875518903],[120.44094117229497,29.14700979119374],[120.44118169000251,29.14576572218101],[120.43973980643335,29.144812476267532],[120.43761412398692,29.14449572048005],[120.43602316268698,29.143298682060674]]]}},{"type":"Feature","id":"hydrolakes:176450","properties":{"Hylak_id":176450,"Lake_name":"","Country":"China","Continent":"Asia","Poly_src":"GRanD","Lake_type":2,"Grand_id":6163,"Lake_area":9.19,"Shore_len":59.55,"Shore_dev":5.54,"Vol_total":200.0,"Vol_res":200.0,"Vol_src":2,"Depth_avg":21.8,"Dis_avg":8.811,"Res_time":262.7,"Elevation":175,"Slope_100":17.39,"Wshd_area":297.9,"Pour_long":120.77237,"Pour_lat":29.067075,"source_id":"hydrolakes:176450","label":""},"geometry":{"type":"Polygon","coordinates":[[[120.74008199963805,29.071093463666443],[120.73987024798726,29.0703916986256],[120.73793434083342,29.070658297695957],[120.73875056485593,29.069674633034253],[120.73877233843734,29.06867757486424],[120.73728170998811,29.06935063982536],[120.73719218606271,29.06825196278527],[120.73800186242977,29.06756741903655],[120.73935067532824,29.068188608542698],[120.7397042038242,29.06759610968402],[120.73938332463291,29.066693020274613],[120.73837499354505,29.06607757152898],[120.73782280069503,29.06537006458933],[120.7392850724018,29.065993166755447],[120.7429079926676,29.066453134263497],[120.74309585561019,29.068251663094543],[120.7443333920366,29.068771189140023],[120.74614925198603,29.0688017072286],[120.74915066657519,29.071744639874055],[120.75008029187961,29.070762805174297],[120.75132872423717,29.070783736848796],[120.75180218425317,29.069893985227054],[120.75148119172661,29.06899091891154],[120.75021545009571,29.069767642650845],[120.74885570604579,29.069645090446954],[120.74772945690614,29.069227216176387],[120.7477489750479,29.068329858207335],[120.7488968900833,29.067750666560983],[120.74937685546217,29.066561803786726],[120.7491997182459,29.06426474453042],[120.7497454875525,29.065271328546316],[120.7506425619199,29.065785085829248],[120.75155263406737,29.06570059709719],[120.75266588118433,29.066716679093474],[120.754235275572,29.067640645620884],[120.7547065332347,29.06685058815725],[120.75347977487974,29.065832621763604],[120.75090201853374,29.064293290219553],[120.75047189332219,29.063188906413984],[120.7514954280582,29.063106319377596],[120.75215037364347,29.06431421002162],[120.75260432128448,29.06432181434758],[120.75285076520407,29.063428254159874],[120.75196235476972,29.062515684716743],[120.75332417440552,29.062538493720183],[120.75363867965797,29.063740676980387],[120.75476057496815,29.06435791395728],[120.75633643576236,29.064982734084538],[120.75736862304336,29.06450127436517],[120.75478867397038,29.063061722970815],[120.75458115658324,29.062160561830126],[120.75575489011743,29.060384820128036],[120.75577865191622,29.059288041759373],[120.75727981796405,29.058116219537624],[120.7566205267018,29.057107766245224],[120.75491617700322,29.05717900657328],[120.75709387170832,29.056217988390586],[120.7571879235669,29.05711725038111],[120.75796933268629,29.057728768016034],[120.75811086263474,29.056434468709824],[120.758802519808,29.05594730465947],[120.75870845419394,29.05504804295242],[120.75994808171157,29.05546771405068],[120.75951141973354,29.054662477048566],[120.76097584670731,29.055185634943427],[120.76122219215222,29.054292053143115],[120.761128105897,29.053392791869783],[120.76000628310055,29.052775611624156],[120.75992298513461,29.051377812306725],[120.7612760493626,29.051799363139082],[120.76215800073697,29.05301099468562],[120.76235480556988,29.05441068611691],[120.76348311768976,29.05472872512297],[120.76358368169713,29.05532886258385],[120.76288989666585,29.05591576044867],[120.76321956897868,29.056419973552806],[120.76320234709812,29.057217634977235],[120.76272904790136,29.05810743687033],[120.7617141829354,29.057791282646804],[120.76146998579708,29.058585157167443],[120.7626026462662,29.058703790539937],[120.76190452363556,29.059490096631293],[120.76381220112489,29.060519336116784],[120.76435594747966,29.06162557550016],[120.76422309264439,29.062521053684407],[120.7629553671735,29.063397615448878],[120.76240301216717,29.062690201118528],[120.76137517434728,29.06297228704301],[120.7617005495132,29.063675919148807],[120.76144986987106,29.064768914569754],[120.76314357868279,29.065196135572705],[120.76475178937716,29.06432524564559],[120.76709419242229,29.066259376091637],[120.76834473370303,29.066180438705203],[120.77285218493603,29.067751492504442],[120.77354171368933,29.067363961738636],[120.77380299222108,29.06577239623323],[120.77265736883191,29.066252101828695],[120.77186722532986,29.066039494867482],[120.77188438674415,29.06524182976989],[120.77155250023458,29.064837342908902],[120.76997009651149,29.064511820830546],[120.76840703918299,29.06328890924118],[120.76900024683198,29.062101849577402],[120.76979464752816,29.062115055514937],[120.76959129314406,29.06101449441178],[120.76846289150302,29.060696502351675],[120.7682466642135,29.060194187785896],[120.76917815341369,29.059112495639738],[120.770328001601,29.058433399627916],[120.77135362887338,29.058250949361252],[120.7728224615426,29.058574567052403],[120.77441121353309,29.05860092609032],[120.77477093634263,29.057709196013548],[120.7724970224944,29.05787095822035],[120.77091686536346,29.057445744370796],[120.77116098796677,29.05665184846123],[120.76990412371805,29.057029942950464],[120.76713546988259,29.05907852183725],[120.76669228852785,29.058572428461048],[120.76601354852039,29.058461387049704],[120.76727688894437,29.05778420699056],[120.76754682244314,29.055793823546537],[120.76834761708704,29.055507911343284],[120.76813569510591,29.0548061807649],[120.76837768351879,29.054111998516703],[120.76894936249329,29.053922015862213],[120.76907786700343,29.053225945393763],[120.76852766502856,29.052418847858405],[120.7666970211132,29.053086603818485],[120.76660288740322,29.052187343720675],[120.76776555804031,29.050910017467686],[120.76732455383308,29.05030421927472],[120.76514922102001,29.051165708358667],[120.76447483321607,29.05085524604067],[120.76437856857268,29.050055693120953],[120.76540196910838,29.04997299214864],[120.76577033094338,29.048682455869937],[120.76533149735894,29.047976944123434],[120.76443449127169,29.04746328825928],[120.76467863384943,29.046669404473505],[120.76367247694941,29.045954438787305],[120.76301319032723,29.04494601605478],[120.76325948789452,29.044052426979476],[120.76486735686717,29.043181515287472],[120.76724582359896,29.043420585225704],[120.76949581972315,29.044355686327606],[120.76952156603352,29.04315918671398],[120.76793949685793,29.042833657952315],[120.76670857174082,29.042015233888492],[120.76488885569671,29.04218443527077],[120.76328315439713,29.04295564030093],[120.76284651164269,29.042150414225148],[120.76411826621097,29.041074420937775],[120.76529157769846,29.0392985687904],[120.76629553691527,29.040113228227597],[120.76708762014329,29.04022614927129],[120.76676656551689,29.039323113614387],[120.76497269074503,29.03829582165156],[120.76394080444288,29.038777357711695],[120.76315088809912,29.038564710908418],[120.76312292184565,29.039860914055566],[120.76243139616798,29.040348108394653],[120.76175923826474,29.03993792838287],[120.76117040124552,29.040925546478036],[120.75869795199878,29.03978710976685],[120.76000777401089,29.04220281898813],[120.76078694077006,29.042914023962794],[120.76076540185983,29.043911101071615],[120.76040777170681,29.044703083678712],[120.75984475130957,29.044494201566636],[120.75907420246779,29.04338416061279],[120.75794602763375,29.04306609146755],[120.75803792645212,29.04406506175502],[120.7591618012151,29.044582545859896],[120.76013990066667,29.04659374230181],[120.7585297845311,29.047564299382714],[120.7573907795529,29.04774476055354],[120.7564700760397,29.048327834694476],[120.75611023733427,29.049219510060595],[120.75595574368572,29.05111205134756],[120.75527274763027,29.05120037320603],[120.75496689115272,29.04959936387121],[120.75463727982941,29.04909513337185],[120.75383866501147,29.049281257455675],[120.75350906027995,29.048777024515687],[120.75420716563491,29.04799076050631],[120.75375977210439,29.047684043984873],[120.75237652341872,29.04865832065269],[120.75181350065606,29.048449404655344],[120.75079011171448,29.04853200219395],[120.75064201592659,29.050125411547356],[120.7516610942422,29.050242229995547],[120.75208686245378,29.051546023708227],[120.75095862608168,29.05122789247821],[120.75127740601488,29.052230665933052],[120.75082351174154,29.05222305999581],[120.75015565984052,29.051613407074626],[120.74913657064667,29.05149657656665],[120.74867618149858,29.051788083847782],[120.75001837202183,29.05270828011919],[120.7494358425829,29.053396714537882],[120.74863935334287,29.053483098493075],[120.74817461981814,29.053974016814493],[120.74851071237566,29.054179141864324],[120.74815511686165,29.054871376965593],[120.74812260996163,29.056366976924096],[120.74733693692866,29.055954818739565],[120.74732176116476,29.05665276492624],[120.74822091787138,29.05706682765748],[120.748980604638,29.05867546148562],[120.74873414202222,29.059569013940745],[120.74723069530228,29.060840440370157],[120.74698638010932,29.061634281743125],[120.7460828513249,29.06141962197455],[120.74451796893601,29.06029615566183],[120.74303836036592,29.06047076273444],[120.7404087028388,29.06132419070275],[120.73997435126978,29.060419191642666],[120.73927822873992,29.06110566376259],[120.73994389447125,29.061815075912932],[120.74058999390195,29.063421839512102],[120.73978907153429,29.06370757812931],[120.73900991124566,29.062996252531264],[120.73914298334148,29.06210081131701],[120.7384947368165,29.06059374806199],[120.73770254247677,29.060480651677494],[120.73817388575799,29.059690656655903],[120.73772649540797,29.059383886974786],[120.73681865288125,29.059368578532826],[120.73694955873924,29.058572845680146],[120.73571436180322,29.057953553691277],[120.73561613867065,29.0572536984576],[120.7348305141449,29.056841469410585],[120.73374154244328,29.05472849092223],[120.73376117005466,29.053831139692136],[120.73265697623475,29.05241609413372],[120.73390517256877,29.052437175772184],[120.73572944832358,29.05206899585164],[120.73690989916912,29.049994310188424],[120.73849195274198,29.050320205252092],[120.74020705704265,29.049750637022896],[120.73816242245528,29.04981593857633],[120.73738119488428,29.049204314529618],[120.73591480952791,29.0487806156425],[120.7347931999455,29.048163235066852],[120.73457498224172,29.047760581545845],[120.73549361456304,29.04727737003634],[120.73605441531873,29.04758605837179],[120.73663263932724,29.04709709660142],[120.7356157951512,29.046880460612385],[120.73531025374223,29.045279422830163],[120.73668707168889,29.04460444614324],[120.7373678564984,29.044615923417155],[120.73794823302973,29.044027248402244],[120.73762525177472,29.043223862833486],[120.73629853819057,29.04160561175439],[120.7368876089077,29.040618116096766],[120.73815089449488,29.039941207222853],[120.73894728313695,29.039854880167354],[120.73865257612158,29.037755315381162],[120.73785402818709,29.037941347802928],[120.73782357095689,29.03933723469754],[120.73575083418979,29.04069868976069],[120.7351617524788,29.041686179795477],[120.7355981719586,29.04249148416119],[120.73682883648911,29.043310180519143],[120.73625063575724,29.04379914460037],[120.73499382647435,29.04417691417939],[120.73395739705359,29.044857620125924],[120.73403380481551,29.046554534850657],[120.73334210603451,29.047041568856287],[120.73287079153374,29.047831549405885],[120.73285116105177,29.048728900883475],[120.73397930431128,29.04904718000205],[120.73520567108483,29.050065305763667],[120.73472999572215,29.051054704177716],[120.73380914490087,29.051637613906905],[120.73245403236456,29.051315497850567],[120.7316793777137,29.050404725097906],[120.73054686129097,29.050285837332012],[120.73108364717609,29.051691307413876],[120.73071047913976,29.053181134662452],[120.7311425383844,29.054185864029876],[120.72989650792829,29.054065050128713],[120.7293182129294,29.054553978503122],[120.73088065165967,29.05577731473869],[120.7307540724932,29.056373628700612],[120.7300710290229,29.05646181907332],[120.72960401257603,29.05705237265107],[120.73050964605665,29.057167434192138],[120.73183644718654,29.05878574505863],[120.73160293874741,29.059081025061857],[120.73093298151093,29.058570986211294],[120.73013644452391,29.058657257184052],[120.72932897895697,29.059242049933744],[120.72874409230695,29.0600300895631],[120.7291870849894,29.06053629844689],[120.73176876604975,29.061876614553228],[120.73006652798023,29.061847828415353],[120.72905830243155,29.061232314829226],[120.72780344278453,29.061510297851783],[120.72767464933844,29.062206312233457],[120.72676241184922,29.062390344643347],[120.72712692725878,29.0612993557487],[120.72623439539836,29.060586039205816],[120.72543346200541,29.060871691214686],[120.72552504918309,29.06187066499797],[120.7239582096721,29.060846675641073],[120.72420488673725,29.05995318079175],[120.72193090513713,29.060114078499225],[120.72194844670258,29.059316440157318],[120.72264904868382,29.058430653774735],[120.72278663582216,29.057335825928135],[120.7223436885252,29.056829598157435],[120.72175438043314,29.057817015019907],[120.7203685178174,29.0588906409385],[120.72033999315221,29.060186801845475],[120.71943434970672,29.060071670837146],[120.7197923469003,29.059279819283518],[120.71969862110609,29.0583805490665],[120.71830833838186,29.059653561147115],[120.71751837866174,29.05944064261513],[120.71636161024355,29.060418379285807],[120.71556945075378,29.06030515354746],[120.71637260073203,29.05991985729463],[120.71707545010332,29.058934398514452],[120.71697955082504,29.058134832149733],[120.71666109477235,29.057131995263262],[120.71563980913504,29.057114613810086],[120.71584477782909,29.058115521030913],[120.7154845570218,29.059007065079584],[120.7148036880725,29.05899547166041],[120.71472980103584,29.057198861444874],[120.71529718193472,29.0572085226367],[120.71486087120195,29.05640315913331],[120.7153389582607,29.055314139356142],[120.71536314272055,29.0542173908716],[120.71458862557341,29.05330652686797],[120.71288434779723,29.053377234920617],[120.71207903719113,29.053862216913444],[120.71026568538394,29.053731548324606],[120.70688893828884,29.057563811341765],[120.70641295994915,29.058553091422255],[120.70554710208933,29.056643201733095],[120.70408076878186,29.05621915659077],[120.70330855208852,29.05520852879954],[120.70183561481406,29.0550835711191],[120.70080772213493,29.05536518816848],[120.69969070172607,29.054548115576495],[120.70108555074489,29.053075897661643],[120.69876688573038,29.0501436621214],[120.69685788892951,29.049213245405667],[120.69322698306325,29.049150889291354],[120.68746693985366,29.05294165950943],[120.6876760779711,29.053743189747365],[120.68835245049331,29.053954323870244],[120.69087769024924,29.052701166032307],[120.6940592735346,29.052556388743483],[120.69563232489878,29.05328159605432],[120.69640223368253,29.054391966423907],[120.69768856142923,29.057805240345658],[120.69835390772192,29.058514842307716],[120.69822270799688,29.059310521049042],[120.69878123407386,29.059719065353306],[120.6995800062391,29.059533279315417],[120.70070592932785,29.059951542005933],[120.7023859856759,29.060977732869617],[120.70348319865957,29.06269211854783],[120.70427977779127,29.062606008900673],[120.70472265515093,29.063112292413223],[120.70597758102218,29.06283452996354],[120.7081359402057,29.06277167300442],[120.70918153353227,29.061692372102755],[120.70943936274864,29.060300392168585],[120.71015329826474,29.058816453677537],[120.71164612741308,29.058043986598705],[120.7118510582514,29.059044897759406],[120.71250770689312,29.06015325169261],[120.71260357215192,29.060952819225122],[120.71236339974428,29.061547174650855],[120.71268622763836,29.062350611368345],[120.71244384974904,29.063044670757677],[120.71346078921857,29.06326148805067],[120.71499675323616,29.06568145526893],[120.71487446759983,29.06607833929536],[120.71430703830492,29.066068673637574],[120.7134145621311,29.06535527483453],[120.71249346878113,29.065938023392732],[120.71505964025368,29.067976584815426],[120.71459468579758,29.06846737342613],[120.71479965888437,29.069468281371087],[120.7160524435626,29.069290131854245],[120.71663308306404,29.06870156539526],[120.71675756434388,29.068204975400647],[120.71731181869899,29.068812857387968],[120.71751901666795,29.069714058285967],[120.71829587044107,29.070525207149387],[120.7179180382447,29.072214389716578],[120.71744867976366,29.07290459622476],[120.7190485740748,29.072433100623414],[120.71920599532865,29.07044094178127],[120.72013587740088,29.06945932951413],[120.72057008321462,29.070364384258767],[120.72160247277941,29.069883212321315],[120.72105476985877,29.068976232680427],[120.72015563473269,29.068561988744364],[120.72220063223665,29.068496982922795],[120.72479774028511,29.06913950412155],[120.72636470850705,29.07016348987389],[120.72750618658313,29.069883604238726],[120.72888557524311,29.069109025606338],[120.72956870352857,29.069020846070032],[120.73024308869992,29.06933148390476],[120.73184943109635,29.068560713094882],[120.7324103306945,29.068869421501915],[120.73182322283952,29.069757177160454],[120.73272242029572,29.07017134591672],[120.73329424474485,29.06998152410847],[120.73362599010147,29.070386098127813],[120.73576271827591,29.07131985974246],[120.73517780381752,29.072107925073112],[120.73550083986368,29.072911317249748],[120.73697627581555,29.072936215369225],[120.73707233618546,29.073735775052],[120.73785591537688,29.07424770320415],[120.73784284307987,29.074845937249847],[120.73920481153851,29.07486889832711],[120.74032237531844,29.075685668688607],[120.74141820205494,29.07749948945309],[120.74242883399734,29.078015215481457],[120.74244840510886,29.077117861968816],[120.74179350565254,29.075909927813655],[120.74305068819092,29.075532115883618],[120.74420088207575,29.0748532647292],[120.74182613003273,29.074414338740098],[120.74093555886236,29.073601403683085],[120.7403724304674,29.073392434214156],[120.73948187963111,29.07257949049108],[120.74008199963805,29.071093463666443]]]}},{"type":"Feature","id":"hydrolakes:176457","properties":{"Hylak_id":176457,"Lake_name":"","Country":"China","Continent":"Asia","Poly_src":"GRanD","Lake_type":2,"Grand_id":6165,"Lake_area":3.73,"Shore_len":15.38,"Shore_dev":2.25,"Vol_total":51.6,"Vol_res":51.6,"Vol_src":2,"Depth_avg":13.8,"Dis_avg":0.989,"Res_time":603.9,"Elevation":138,"Slope_100":7.67,"Wshd_area":40.0,"Pour_long":120.179931,"Pour_lat":29.03182,"source_id":"hydrolakes:176457","label":""},"geometry":{"type":"Polygon","coordinates":[[[120.17509871503955,29.038875772329845],[120.17480187859883,29.037887260903233],[120.17612648025488,29.03762167014503],[120.17649731216693,29.03667591831163],[120.17909423850028,29.03661441724006],[120.18067438288114,29.035991363947346],[120.18134923695743,29.036268169457912],[120.18170373305207,29.036962492753503],[120.18320828929808,29.036048399084052],[120.18324432045546,29.03505201316034],[120.18249210271324,29.034425687721296],[120.18069427537631,29.03446831328216],[120.17968650419328,29.034199392618063],[120.18053237058388,29.033535178801515],[120.18010951537838,29.032783910303124],[120.18107955801656,29.031823947281225],[120.18050378847107,29.030432135859428],[120.17910911916204,29.030582302905884],[120.17402185176002,29.02982430396139],[120.17139464795025,29.028890875238687],[120.16971932832553,29.028579086752302],[120.16929836099166,29.02788629495484],[120.16770573690195,29.02809957774639],[120.16341584214865,29.027263780714634],[120.16209132529542,29.02752923851841],[120.16067524003859,29.02697698060166],[120.15839894401006,29.026620636649056],[120.15548355007098,29.02715770323988],[120.15112639989576,29.02848986764178],[120.15034517087082,29.02909382467857],[120.15091063916259,29.027967878236495],[120.15087684656311,29.02685599966202],[120.14995179169716,29.027111960137177],[120.14971923772299,29.028230090405657],[120.1490765038086,29.029006475190272],[120.1477679068235,29.02979847649624],[120.146612862437,29.029064259218615],[120.14471384930698,29.030162882483296],[120.14337503367148,29.02995999927191],[120.14366977188797,29.030890085677413],[120.14480529000224,29.030980605614445],[120.14579520491964,29.0306645962105],[120.14722016260077,29.03150961378691],[120.14684373906346,29.032279743940762],[120.14535663141373,29.03377865200474],[120.14624536981205,29.034519121425603],[120.14704265481487,29.03444186450497],[120.14782216499441,29.033779402533128],[120.14836375642517,29.03405950592645],[120.14907488916452,29.033340079698405],[120.14925331534698,29.03263315227656],[120.1502770221361,29.03342898826662],[120.1480574779294,29.034945117041786],[120.14829457514986,29.036169350557145],[120.1496245846455,29.03607957800466],[120.14991584310678,29.03689260453916],[120.14939201650787,29.037197708246424],[120.14818095077976,29.036816195090637],[120.1474227504118,29.03818090083331],[120.14874131995867,29.039906815894142],[120.14995598249237,29.040405360650084],[120.15256375170816,29.040695483911463],[120.15536305487632,29.03852146959491],[120.15663540401175,29.038725789152465],[120.15793689750768,29.037699620968283],[120.15742619481284,29.036247603479694],[120.16028594426831,29.03606316057727],[120.1602514766252,29.03711807650825],[120.1611278472617,29.037448801698304],[120.16170215696894,29.036615412608967],[120.1625785268842,29.03694612830361],[120.16274742441846,29.03811337274618],[120.1640810055307,29.038140493993694],[120.16433485590369,29.03772457932064],[120.16489437957841,29.038589801226294],[120.1646726995321,29.040059059640612],[120.16613769792929,29.040024498191087],[120.16569167072095,29.038512432059747],[120.16621902521143,29.038324305785295],[120.16678614290015,29.03725682198484],[120.16663687167647,29.036733294412272],[120.16777245519182,29.03682361323979],[120.16766789770196,29.03776305940113],[120.16677856759833,29.039189518301043],[120.1681876957337,29.03950762020071],[120.16951592106034,29.03935912951613],[120.16989577030165,29.03870598482422],[120.16932188854076,29.037372636731334],[120.17055484989419,29.036289410741063],[120.17145093877872,29.03726377205794],[120.17139867698108,29.03773349528825],[120.17299860244606,29.0377542323979],[120.17382096806932,29.038496075438673],[120.17362657673868,29.038676356124483],[120.17194930060793,29.03830608997879],[120.17069126508858,29.038570067412593],[120.1702573640087,29.039634418368053],[120.1706153836505,29.04044581294096],[120.1713009924278,29.041073780704835],[120.17039020318867,29.041798037155502],[120.17089753601107,29.043132950853703],[120.17213591691979,29.04222526292773],[120.17250500694803,29.04122100003326],[120.17409960734022,29.04106616429067],[120.17412676046104,29.039777182061982],[120.17509871503955,29.038875772329845]]]}},{"type":"Feature","id":"hydrolakes:176497","properties":{"Hylak_id":176497,"Lake_name":"","Country":"China","Continent":"Asia","Poly_src":"GRanD","Lake_type":2,"Grand_id":6166,"Lake_area":5.49,"Shore_len":31.23,"Shore_dev":3.76,"Vol_total":54.5,"Vol_res":54.5,"Vol_src":2,"Depth_avg":9.9,"Dis_avg":3.295,"Res_time":191.4,"Elevation":151,"Slope_100":9.77,"Wshd_area":127.7,"Pour_long":120.145721,"Pour_lat":28.88727,"source_id":"hydrolakes:176497","label":""},"geometry":{"type":"Polygon","coordinates":[[[120.15630666393554,28.89283499950335],[120.15625489779165,28.89112511366585],[120.1579970280552,28.89247452193598],[120.15744164802408,28.894198648727638],[120.158183211682,28.8946090259127],[120.15887296723548,28.893309517577563],[120.1591984084514,28.892018557161634],[120.16139391827954,28.89228784238105],[120.16239779813418,28.893333695479043],[120.16309397682056,28.892247904344686],[120.16705254868185,28.890550678647514],[120.16862789182596,28.890406663163105],[120.17073444700054,28.891747319258116],[120.17064226682709,28.892711976909595],[120.16871234103297,28.893185194397006],[120.16910262987602,28.89403155012957],[120.17079295262732,28.893670913636413],[120.16961111115108,28.894768178167908],[120.16965010531686,28.896050575316735],[120.17042422951852,28.897529543543726],[120.16971510123716,28.898187903248697],[120.17096525239214,28.899334826596316],[120.17263613240596,28.89833296435671],[120.17307959286967,28.896932254527087],[120.17158332886027,28.895684206972987],[120.1732541470746,28.894682341594546],[120.17471135699503,28.89464797944993],[120.1756958514323,28.895052525855704],[120.17750433556529,28.894582074725236],[120.17833156275634,28.893813946494845],[120.176946951753,28.89224249522391],[120.17854184432974,28.892739556208653],[120.178259886398,28.891462903884133],[120.17951003554646,28.892609747690983],[120.18078629842711,28.894611499893415],[120.18249615059028,28.894891909557543],[120.18278214404302,28.892318533360537],[120.18262809009383,28.891252753194408],[120.18379016705637,28.88951419722764],[120.18527993785642,28.890548375637593],[120.18508995369251,28.88830708572567],[120.18406960052948,28.886727090052375],[120.1852675153196,28.88616404101765],[120.18674418421585,28.88677074695096],[120.18782392686154,28.886317415130463],[120.1870496649102,28.88483855775661],[120.18519244146029,28.883706146628242],[120.18553058821266,28.88284260852896],[120.18720759259077,28.882054324290266],[120.1878604124525,28.883536057776325],[120.18894992018545,28.883403313639576],[120.18865807204651,28.8818060956292],[120.18923901741039,28.880936799510266],[120.19045318037433,28.88090803386791],[120.1912900145253,28.880460433793132],[120.1905157572831,28.878981595736207],[120.19176302482725,28.87606460329158],[120.19063111010047,28.87480812482994],[120.19018519143424,28.8721451386445],[120.19113356076326,28.87137407460068],[120.1915603454068,28.86943900456862],[120.19041217747281,28.867648194038054],[120.1912260365367,28.866452549340863],[120.19200719470342,28.864188255149998],[120.19100008295231,28.863035755832186],[120.18818513589241,28.862353819482223],[120.18851994132376,28.861383413883345],[120.18837569892753,28.860638232266467],[120.1874208706289,28.861195541629797],[120.18774915408716,28.8600114073202],[120.18928154465635,28.85847794256256],[120.18913730301188,28.85773276160245],[120.18736213718574,28.859271969121323],[120.18620693319679,28.861224262113467],[120.18747896902613,28.867075993446804],[120.18740000015566,28.868468111847278],[120.1877015652089,28.87038593452479],[120.18699272286142,28.8710443647268],[120.18642485892599,28.872341109588433],[120.18740264139183,28.872531854344402],[120.18758934694443,28.874666278896427],[120.18690985844171,28.87628649498066],[120.18599470738383,28.874169305924795],[120.1844326994239,28.874740965108458],[120.18556780706501,28.87610436672213],[120.18460630371317,28.87644793695182],[120.18370424060345,28.87475818991527],[120.18166960260737,28.875768761694076],[120.18218458556919,28.876719074760558],[120.18136077142572,28.8775940810703],[120.18079280749441,28.878890809324616],[120.18070072061971,28.879855467307266],[120.17916139641414,28.881175133188208],[120.17968290521264,28.882339186105582],[120.1786292167069,28.88364737783195],[120.17681766877627,28.884010963732408],[120.17623985464985,28.88498708115344],[120.17491721883795,28.885446050126916],[120.17320428328975,28.885058663880613],[120.17177970899405,28.886161662988002],[120.17163553242773,28.885416459087708],[120.17354253573461,28.884195148013077],[120.17277824029122,28.88303678991781],[120.17191204360313,28.882522484937454],[120.17082575844233,28.882761958500907],[120.16948363452178,28.88257967415126],[120.17011347574214,28.8833134469848],[120.17013296639169,28.883954646372217],[120.16920705537439,28.885473648529796],[120.16785840458238,28.885077617023455],[120.16673313919506,28.88403465777691],[120.16500078839783,28.88300596043939],[120.16306452197921,28.883265350979684],[120.16026856880154,28.88322406541971],[120.15903168429548,28.88250448714689],[120.1581882036325,28.882738162728003],[120.15659030764232,28.882133972301006],[120.15473019215648,28.88089424246192],[120.15389963792182,28.88155536396431],[120.1565271056075,28.884060442656335],[120.15962097807773,28.885912855236427],[120.16145532066878,28.886297565911093],[120.16088382436357,28.887487364084222],[120.15959021967484,28.888907997764647],[120.15883574403347,28.888070154704508],[120.15786108083825,28.8879860775981],[120.15643155793623,28.88491823318509],[120.15461341543312,28.88506779135156],[120.15433177602523,28.88379106331979],[120.15252333864203,28.88426119696146],[120.15174634635167,28.882675227460254],[120.15003996957915,28.882501273018306],[120.1484937334871,28.88360688288526],[120.14805642516558,28.88522127274348],[120.14709146503293,28.885457721493026],[120.14579768144267,28.886878235381346],[120.14522599709329,28.888067980937876],[120.1431745728056,28.888543671340983],[120.14311435156537,28.890577022483342],[120.14505405407687,28.89042477424715],[120.14501321583208,28.893099337099443],[120.14588906504434,28.893934424893132],[120.14518946410249,28.894913272423082],[120.14591486562165,28.89478937606964],[120.14582890427045,28.89596777203434],[120.14657366784837,28.896485084542576],[120.14687139627631,28.898296175168014],[120.14751733167373,28.89956440072092],[120.14772471431252,28.898383165328255],[120.14829641398666,28.897193408530995],[120.1479922114641,28.895168585140368],[120.1486853303038,28.89397598772149],[120.14758272242642,28.893680942956905],[120.14754722975329,28.89250538675094],[120.1468948950191,28.891023419181636],[120.14823065811379,28.89099218607521],[120.14983834278752,28.89191707404609],[120.15067546051557,28.891469707045076],[120.14954382090929,28.890212859693293],[120.15025303805743,28.889554600089014],[120.15094609886347,28.888361995041578],[120.1507633154888,28.88633433559096],[120.15139951838324,28.88728194109791],[120.15132330677295,28.888780941717982],[120.15158877802816,28.88952333513896],[120.1526978116662,28.890032086252575],[120.15300716687278,28.888206793850827],[120.15449017964886,28.88902760248061],[120.15381655353428,28.890861431769224],[120.15346012763325,28.895147536732907],[120.15373856775057,28.89631739516392],[120.15317986826267,28.897934642456562],[120.15310692298175,28.89954050877475],[120.15435368969025,28.90058073135424],[120.15481034820345,28.899607534097868],[120.15542576428965,28.89585007711031],[120.15537077141397,28.894033322656583],[120.15630666393554,28.89283499950335]]]}},{"type":"Feature","id":"hydrolakes:176540","properties":{"Hylak_id":176540,"Lake_name":"","Country":"China","Continent":"Asia","Poly_src":"GRanD","Lake_type":2,"Grand_id":6168,"Lake_area":2.38,"Shore_len":13.24,"Shore_dev":2.42,"Vol_total":20.0,"Vol_res":20.0,"Vol_src":2,"Depth_avg":8.4,"Dis_avg":2.038,"Res_time":113.6,"Elevation":25,"Slope_100":9.2,"Wshd_area":77.7,"Pour_long":121.413372,"Pour_lat":28.786782,"source_id":"hydrolakes:176540","label":""},"geometry":{"type":"Polygon","coordinates":[[[121.4188575566879,28.81297121923467],[121.41896495996883,28.81185588148935],[121.41959874410958,28.811863305203246],[121.42031584899121,28.812350242671528],[121.42051136958077,28.81139544840687],[121.42009236507073,28.809157350145654],[121.4205522747306,28.80868419172458],[121.4193800980043,28.80835144089002],[121.41876199155706,28.807307360557445],[121.41841189062086,28.80650568917838],[121.41913979009217,28.8062749462149],[121.41843477583319,28.804990575731324],[121.41845043312065,28.80395391895655],[121.42018982312942,28.802698177098705],[121.41920961188521,28.80164986015592],[121.41768262091875,28.800834398984875],[121.41742548774772,28.799874300955764],[121.41788897983218,28.79916192127439],[121.41869772623699,28.79957018266481],[121.41933745332824,28.799178890135238],[121.41799878068758,28.797887096177647],[121.41900301951586,28.797340562139368],[121.41864933462455,28.79677812025983],[121.41765714596272,28.79652722297402],[121.41721655897794,28.795724487885707],[121.41631370485067,28.795554385404728],[121.415509823364,28.794827139754716],[121.41596848096208,28.79443373719306],[121.41507046614203,28.79394465556021],[121.416153148678,28.79419663282664],[121.4167167880156,28.792847374803387],[121.41726836537089,28.79229554292334],[121.41617967153365,28.792442289627218],[121.41574152337029,28.79148006460622],[121.41585616016357,28.789886268969326],[121.41641254626859,28.789015468217997],[121.41442591826956,28.78867312496402],[121.41515731782823,28.78820316974503],[121.41596838127754,28.788451958584233],[121.41624958408664,28.787817200717654],[121.41438245730694,28.78556208975806],[121.41439814211202,28.78452543203474],[121.41348331718092,28.785152743080744],[121.41383210958236,28.786034168296794],[121.4097539625015,28.786305228444576],[121.40916969331101,28.789010081755066],[121.40843462886568,28.789719231053425],[121.40832957125161,28.790675075239562],[121.40995533393317,28.79093350232091],[121.41012790763892,28.79149383300961],[121.40957508802808,28.792125377096454],[121.40956298237745,28.79292280336324],[121.4115605524384,28.792547536227403],[121.41053333688961,28.79460912586353],[121.4113347619953,28.795495885085302],[121.41087124393601,28.796208241519366],[121.41041498019757,28.796442140380975],[121.41067567145376,28.797163021557083],[121.41121520795775,28.797408643216954],[121.41138900685968,28.7978892298259],[121.41101842603683,28.798443166238087],[121.40901589567511,28.799137390670353],[121.40872976963288,28.800091099562678],[121.40781113505227,28.800957591521353],[121.40770969264798,28.80167420569211],[121.40796431478265,28.802793803565635],[121.40841091628789,28.803197854177085],[121.4103290495126,28.80210386342543],[121.41150596287014,28.802117718989734],[121.4123437187011,28.80061219534042],[121.41307037997564,28.80046122651106],[121.41360993918647,28.800706839364693],[121.41258871891279,28.802369727527378],[121.41238952073843,28.80356373719951],[121.41273956605824,28.804365422358103],[121.41272506078502,28.80532233360293],[121.41226392343998,28.805875207339568],[121.41117629246651,28.805942165064153],[121.41035421270556,28.806411025669945],[121.41024793730747,28.80744661158525],[121.4115817873489,28.809057451764374],[121.41330079846585,28.80915742980534],[121.4140287265551,28.80892671566238],[121.4145659156539,28.80933181142376],[121.41473491719023,28.810131364757183],[121.41426048055911,28.811561413049958],[121.41530229557827,28.814524651804902],[121.41455500393198,28.81603125202571],[121.41517794465273,28.816756380485458],[121.41570189853769,28.81803864120826],[121.41723514742938,28.81845541889993],[121.41876238489391,28.819270892957377],[121.41991180266535,28.821118764585208],[121.42046111296514,28.820726412439683],[121.42093310728512,28.819455828024672],[121.41932012032856,28.818320346310998],[121.42005532461349,28.817611145556725],[121.42124204114873,28.816986980803506],[121.42134341151535,28.816270354989513],[121.4218081582066,28.815478222471825],[121.42127692310333,28.814674439510895],[121.41991877695688,28.81465854338427],[121.4188575566879,28.81297121923467]]]}},{"type":"Feature","id":"hydrolakes:176624","properties":{"Hylak_id":176624,"Lake_name":"","Country":"China","Continent":"Asia","Poly_src":"GRanD","Lake_type":2,"Grand_id":6170,"Lake_area":3.26,"Shore_len":23.15,"Shore_dev":3.62,"Vol_total":30.0,"Vol_res":30.0,"Vol_src":2,"Depth_avg":9.2,"Dis_avg":0.67,"Res_time":518.2,"Elevation":26,"Slope_100":12.17,"Wshd_area":27.9,"Pour_long":121.238452,"Pour_lat":28.490347,"source_id":"hydrolakes:176624","label":""},"geometry":{"type":"Polygon","coordinates":[[[121.21706782202023,28.499321628270593],[121.21927888326297,28.497222572125054],[121.22186448711994,28.495952139709345],[121.22334631256331,28.495628286411147],[121.22323643047946,28.497548961520067],[121.22448750540326,28.497084785442723],[121.22458472633588,28.49591905878509],[121.22543585300417,28.49613611638648],[121.22854798196158,28.49590213213321],[121.23079751463524,28.496137377977334],[121.23007311779685,28.497638178853435],[121.23014278988524,28.498119615115854],[121.231606314489,28.498893785550024],[121.23300589293103,28.498843345026387],[121.23341378312665,28.497681648721482],[121.231311576677,28.497928891679464],[121.23140071241863,28.49724358177008],[121.23466939011803,28.496942848073672],[121.23522577912928,28.496194956758927],[121.23523948311163,28.495371369548195],[121.2355525201321,28.49523814004573],[121.23624030145658,28.49593353936723],[121.2374067747433,28.49588002654997],[121.23795857823876,28.49540665230586],[121.23781802503487,28.494512416785085],[121.23821444429706,28.494037026249146],[121.23923007888396,28.49370695278344],[121.23993837561358,28.493166949954343],[121.2387170373242,28.49184683053801],[121.24035185817132,28.491662065103412],[121.23655427472801,28.486395657815365],[121.2342877967314,28.487190000439284],[121.23275129850532,28.48614032486347],[121.23158836424392,28.48598790573334],[121.23188079009299,28.48709006372087],[121.23095203752774,28.486872037854084],[121.23009066676497,28.487272706826616],[121.22902144556383,28.486160426932656],[121.22746093976565,28.486551968303843],[121.22645452127847,28.486332899260674],[121.22569033248527,28.48556780908649],[121.22460854378812,28.485210448934538],[121.22344218796997,28.485263856872905],[121.22241854465074,28.486074237354558],[121.22164058436067,28.486132708198795],[121.22142249720179,28.485237444899553],[121.22151858309212,28.484140351394046],[121.22075444638432,28.483375235515723],[121.22092821454316,28.48227915905983],[121.22015949063893,28.481788567848525],[121.21953346253633,28.482054957475782],[121.21885279178173,28.480947690279265],[121.22037354090594,28.47829037632664],[121.21952832404918,28.477730134004617],[121.21883155459778,28.477583713196395],[121.21888965000176,28.478751472061447],[121.21762033249104,28.4803137147253],[121.21659669713927,28.481124052055918],[121.21091223166201,28.47727378740609],[121.21093189736877,28.476107051000838],[121.21235775597177,28.474478283011763],[121.21245160778733,28.473518461312608],[121.2114430361467,28.473436550838244],[121.21119614439766,28.474257064539074],[121.21042983861412,28.47362915921667],[121.20988035220387,28.473965159597128],[121.21049362660358,28.474453760285826],[121.2093297046589,28.47436978910048],[121.2099325622882,28.475476076022346],[121.20969144124513,28.475953428443802],[121.20752818634145,28.47523845775811],[121.20637469657561,28.474536778297193],[121.20697288623353,28.475917602613947],[121.20934601416207,28.478008281564144],[121.2082296046857,28.479709739812165],[121.20971586429044,28.479111500260103],[121.21125433532262,28.48002415955085],[121.21193954463325,28.48085693494147],[121.21098659809894,28.482080038540573],[121.2131581058573,28.482314539751883],[121.21407869012688,28.48301310524522],[121.21476855902364,28.483571341397862],[121.21366950163917,28.484243370530464],[121.21459126031732,28.484873301663356],[121.21731236213725,28.484771722015353],[121.2181530102743,28.485606506497447],[121.21908517648802,28.485618722922766],[121.21680360588715,28.487304980860927],[121.21639904444004,28.48826072772573],[121.21872951711708,28.48829128947324],[121.2202785623067,28.488586168937104],[121.22173382817164,28.48984086040815],[121.22273681835236,28.490265860941008],[121.22414777058793,28.489529187711923],[121.22538382051778,28.48995721387638],[121.22675689376536,28.4914853683955],[121.2276102840462,28.49156514708409],[121.22878473099337,28.491031281884432],[121.23017618977286,28.49146129071329],[121.23101584917976,28.492364633828913],[121.2300024960673,28.492557381170798],[121.22752457124506,28.49204455812162],[121.22495980009677,28.492079731734748],[121.22442634076168,28.49145494113054],[121.22271842074389,28.491363970584132],[121.22278230736657,28.492188568585675],[121.22200430210802,28.492247039471522],[121.22082981055172,28.49278084384116],[121.21988260712942,28.49366084897025],[121.218573464445,28.492957227051136],[121.21817811761554,28.493363924947232],[121.21941187988017,28.49392926951299],[121.21947458895846,28.494822499385748],[121.21712897406343,28.49568415480826],[121.21430448141456,28.497294589854675],[121.21369106242577,28.496806001217635],[121.21355187019839,28.49584311834701],[121.2141141751323,28.494752162356008],[121.21382191955968,28.49364997461015],[121.21267744338309,28.492399287867215],[121.2110622587042,28.49141698373137],[121.20727544315918,28.49020009424197],[121.20581687047843,28.489151149123074],[121.20520934311327,28.488319369381486],[121.2049183562795,28.48714853522182],[121.2043827196639,28.48666093431575],[121.203749654989,28.487339035065816],[121.20342382203137,28.488227133433668],[121.20202438743769,28.48827727490601],[121.20022373642092,28.48907720064517],[121.19919639218125,28.490093289056063],[121.20058770145346,28.490523595057027],[121.20315939146133,28.490077093493994],[121.20500985222327,28.490925303363326],[121.20553041903202,28.49230510817381],[121.20676409525652,28.492870564112252],[121.20646727939004,28.492042888856304],[121.20879434569389,28.492279518511396],[121.21064026223831,28.49340218061809],[121.2117128224636,28.494308704482194],[121.21167810636155,28.496367646303668],[121.21095923189512,28.49752517629196],[121.21288989051351,28.498237046596728],[121.21202720611012,28.498706224603097],[121.21162023809012,28.499799214532914],[121.2142721227591,28.49921627078703],[121.21597091846303,28.499856404851357],[121.21706782202023,28.499321628270593]]]}},{"type":"Feature","id":"hydrolakes:176639","properties":{"Hylak_id":176639,"Lake_name":"","Country":"China","Continent":"Asia","Poly_src":"GRanD","Lake_type":2,"Grand_id":6173,"Lake_area":4.0,"Shore_len":25.51,"Shore_dev":3.6,"Vol_total":40.0,"Vol_res":40.0,"Vol_src":2,"Depth_avg":10.0,"Dis_avg":0.482,"Res_time":960.5,"Elevation":19,"Slope_100":8.9,"Wshd_area":22.1,"Pour_long":121.423243,"Pour_lat":28.372238,"source_id":"hydrolakes:176639","label":""},"geometry":{"type":"Polygon","coordinates":[[[121.42742036077965,28.37435001402679],[121.42684089041222,28.372927100362517],[121.4258572822232,28.37176505953005],[121.42596648631155,28.371146721992943],[121.42646155100488,28.371506495167637],[121.42617574619089,28.370529539702943],[121.42568591360674,28.369815769526156],[121.42458398437549,28.369891550983198],[121.42409939722683,28.36882377964639],[121.42738948624418,28.36965840820733],[121.43049123996605,28.369694161803636],[121.4334695382098,28.3713216833454],[121.43476510013511,28.371690625762994],[121.43556816738538,28.37152281768033],[121.43679092903363,28.370032103541178],[121.43650762700486,28.368878166935758],[121.43520429963809,28.369040238777018],[121.43489763587814,28.369479289456535],[121.43450910304165,28.36867819824016],[121.43381391128486,28.368316154324418],[121.43311092186224,28.36848510326365],[121.43181280186587,28.36829314535413],[121.43032239312777,28.367567875303223],[121.42692314911312,28.36735165817089],[121.42693620389605,28.36646666690723],[121.42644768918018,28.36566440047318],[121.4246480490466,28.36555509914075],[121.4246611217261,28.36467010861338],[121.42235862573767,28.364731993352393],[121.42218208927824,28.36313669591317],[121.4235089027141,28.361381763665634],[121.42332319529595,28.3604059599258],[121.42513058620762,28.359984280503966],[121.42672481732319,28.36044525957493],[121.42703409595958,28.359829228589774],[121.42544509756374,28.359014256757234],[121.42006095041006,28.357712767010355],[121.42007274623961,28.35691627638829],[121.42137986868619,28.356488846941147],[121.42219330780182,28.35561312113623],[121.42240778845161,28.35464194658124],[121.42350825254692,28.354654675480504],[121.42563656329122,28.35282046739019],[121.42604586378383,28.35220559243487],[121.42616026208651,28.351233255019793],[121.42716978471401,28.350625302912476],[121.42765563378094,28.351604564652064],[121.42904967376359,28.352063205115883],[121.43005007466547,28.352074727529043],[121.43026187193738,28.351280535941157],[121.4294732795546,28.350474825093215],[121.4294915136253,28.349235832703926],[121.42749989436669,28.348593278768362],[121.42519121544734,28.349097721930036],[121.42397247292052,28.35032284185172],[121.42276678299038,28.350662958010957],[121.42184680468085,28.351980027246498],[121.42022913808353,28.353111979001028],[121.41841660169098,28.35388759344619],[121.41669226191829,28.355460834032385],[121.41609726145231,28.35509986665795],[121.41602086843687,28.353505725579282],[121.41572206015229,28.353413739771042],[121.41723448597236,28.352634678010247],[121.41802824591053,28.35308646067483],[121.41823751034212,28.352469289420696],[121.41744637896835,28.351840510252657],[121.41835197989116,28.351496961449925],[121.4194497877117,28.35168671979642],[121.41946027433556,28.350978727720815],[121.41767007900273,28.350249851475212],[121.41788458719282,28.349278684518254],[121.41878754217555,28.349112129774937],[121.41969573659281,28.348591572721887],[121.41951008062188,28.34761576430799],[121.41850972659216,28.34760416624772],[121.41760284762995,28.348036216604044],[121.41611413287973,28.347222305317644],[121.4166248109297,28.346520122410368],[121.4165405321665,28.34545697341531],[121.4187530651123,28.34468601793469],[121.41887013979243,28.343536689772122],[121.41947688125026,28.34310115141983],[121.41948736393942,28.34239315844343],[121.41818827883088,28.342289582782826],[121.41810005141292,28.34149193087279],[121.41761039778095,28.340778136231904],[121.4152900279164,28.342078907973075],[121.4149820535788,28.342606414269596],[121.4151689754068,28.3434937286043],[121.41455958606406,28.34410624475487],[121.4135789964372,28.34276712880694],[121.41178107999184,28.342569174408254],[121.40936452900064,28.3436031794555],[121.41272347906414,28.346474767584425],[121.4129051228843,28.347716079161444],[121.41390284477126,28.347904716002745],[121.41458337231865,28.34924034169802],[121.41388706142112,28.34896670170741],[121.41356458673124,28.35046768976821],[121.41305255276808,28.351258357989536],[121.41235491659404,28.351073208594585],[121.41157832176123,28.349470911385993],[121.41067271886641,28.34981441509865],[121.41202714439208,28.352928186153633],[121.41201002192093,28.35407866876386],[121.41160195245607,28.354604999249716],[121.410634493597,28.352380875509084],[121.40924581562467,28.351568055468817],[121.40774523671814,28.351550540481014],[121.40775448041569,28.35093105092551],[121.40865482237672,28.35094156162768],[121.40836658818472,28.35014157183025],[121.40767028910233,28.34986790052227],[121.40768349398951,28.34898291523882],[121.4062909182274,28.348435562882116],[121.40547079958327,28.349753683782183],[121.40498384309103,28.348862849649095],[121.40418752615233,28.348587991021702],[121.40377547055999,28.349379792873606],[121.40376090926969,28.35035327476629],[121.40325410210227,28.350789909997047],[121.40125069917252,28.35094346216698],[121.40086115823289,28.350230784004907],[121.40026756981683,28.349781252389334],[121.39896842321741,28.34967749080488],[121.39704247564072,28.351336623541158],[121.39654627604017,28.351065248262273],[121.39646086693,28.350090593507332],[121.39537776343747,28.34892717432615],[121.39417201138866,28.34926703458399],[121.3953484875077,28.35087413008995],[121.39522848642804,28.352200422209137],[121.39590613901282,28.353713127914546],[121.39750279222841,28.353997444327547],[121.40020388364644,28.35402916477051],[121.40309181512805,28.35494815797034],[121.40357348361937,28.3561929916454],[121.40447122108765,28.356380528335023],[121.40429496082737,28.354785217154017],[121.40340120995353,28.354332184980933],[121.40451224765394,28.353637080463955],[121.40550207110437,28.35435677045865],[121.4059903769425,28.355159104856],[121.40798461225546,28.35562497528639],[121.40896787914983,28.356787134005458],[121.41415567910917,28.3578212314128],[121.41503767377395,28.3590706843749],[121.41433340573383,28.35932803660262],[121.41314733346712,28.35834058216801],[121.41233380088329,28.359216249834503],[121.41222189945,28.360011571988423],[121.41161107677692,28.36071256761886],[121.41031309987534,28.360520410013805],[121.41050264388292,28.361230731218484],[121.41149784985356,28.361596387267298],[121.4115834006709,28.362571036928898],[121.41358175058008,28.3627713357576],[121.4166596348258,28.364400372674368],[121.41683083415234,28.366349668582075],[121.4172284186647,28.366531313851056],[121.41859372654767,28.368937038669742],[121.41978389925288,28.3696589546048],[121.42118075421274,28.369940684802714],[121.42115847632368,28.37144516493788],[121.42044758252547,28.372145039598138],[121.42253702703573,28.37296586621403],[121.42272012450928,28.374118667589244],[121.42492537821124,28.373878630575405],[121.42641844592868,28.374426963054134],[121.42730854962792,28.375145350727905],[121.42851059416239,28.3750707032666],[121.42742036077965,28.37435001402679]]]}},{"type":"Feature","id":"hydrolakes:176666","properties":{"Hylak_id":176666,"Lake_name":"","Country":"China","Continent":"Asia","Poly_src":"SWBD","Lake_type":1,"Grand_id":0,"Lake_area":1.24,"Shore_len":7.34,"Shore_dev":1.86,"Vol_total":20.18,"Vol_res":0.0,"Vol_src":3,"Depth_avg":16.2,"Dis_avg":1.321,"Res_time":176.8,"Elevation":38,"Slope_100":12.28,"Wshd_area":46.7,"Pour_long":120.980967,"Pour_lat":28.251386,"source_id":"hydrolakes:176666","label":""},"geometry":{"type":"Polygon","coordinates":[[[120.978877699115,28.255555555556214],[120.97895378960953,28.254608561198495],[120.97998969184493,28.253323025174268],[120.98056701660624,28.25282565646762],[120.9824888102259,28.252389051649914],[120.98276746962267,28.250364990235028],[120.98082302517832,28.25001030816037],[120.9802880859421,28.249711914063198],[120.97628384060778,28.249454752604834],[120.97484469944038,28.250257703993725],[120.97378384060784,28.25054524739653],[120.972788085942,28.249989691840938],[120.96976331923213,28.24968112521765],[120.96943813748288,28.248249782986704],[120.96736111111562,28.24736111111173],[120.96557746039952,28.247594536675933],[120.96426269531702,28.248328043620575],[120.96140028212267,28.249102783203796],[120.95767272949666,28.249434136285345],[120.95636006673647,28.2487017144104],[120.95415635851157,28.249711914063198],[120.95389919705309,28.250066596137856],[120.95596740723113,28.252167019314868],[120.95693413628925,28.251877848307913],[120.9560524495489,28.25111829969677],[120.95681016710535,28.250843641493702],[120.9587754991365,28.25156534830802],[120.9621405029344,28.251295030382607],[120.96415412055575,28.252418484158625],[120.96490241157136,28.253287082248846],[120.96536695692731,28.255545247396583],[120.96732184516543,28.253195393880844],[120.96887858073399,28.25362141927144],[120.97195475260884,28.253878580729747],[120.97314588759156,28.254204508464113],[120.97360080295607,28.254732530382512],[120.97430101183176,28.25504503038252],[120.97575676812522,28.254927978516264],[120.97672220866366,28.25561265733569],[120.97893588596384,28.256279025608308],[120.978877699115,28.255555555556214]]]}},{"type":"Feature","id":"hydrolakes:176762","properties":{"Hylak_id":176762,"Lake_name":"","Country":"China","Continent":"Asia","Poly_src":"SWBD","Lake_type":2,"Grand_id":6177,"Lake_area":1.08,"Shore_len":8.88,"Shore_dev":2.41,"Vol_total":66.2,"Vol_res":66.2,"Vol_src":2,"Depth_avg":61.5,"Dis_avg":3.027,"Res_time":253.1,"Elevation":37,"Slope_100":11.64,"Wshd_area":138.6,"Pour_long":120.301042,"Pour_lat":27.477743,"source_id":"hydrolakes:176762","label":""},"geometry":{"type":"Polygon","coordinates":[[[120.29582553440127,27.49046034071239],[120.2944366455124,27.48945231119842],[120.29346818712469,27.48753689236179],[120.29364013672324,27.484651963976262],[120.29523301866783,27.483056098090856],[120.29768805610257,27.482507866754133],[120.29998758952269,27.484044867622117],[120.30195326063819,27.484947102865135],[120.3033411322744,27.485269911024886],[120.30375000000453,27.485727539063078],[120.30425259060775,27.48516493055621],[120.30499220106793,27.48276991102489],[120.3059966362892,27.481473795573436],[120.30921803792779,27.483881022136018],[120.31017835829459,27.482806260851305],[120.30660871718123,27.48054036458393],[120.30575093587692,27.47958034939296],[120.30281694200772,27.478674316406853],[120.30180555556007,27.47625000000062],[120.30003329807323,27.476411675347777],[120.29839104546892,27.477684461806064],[120.29640631782132,27.478297254774816],[120.29514282227007,27.479066840278335],[120.29457939996104,27.48148871527843],[120.29239566379573,27.482780219184576],[120.29167446560774,27.483844672309544],[120.29256371392603,27.486847601997056],[120.29251037598112,27.488368326823604],[120.29171512180352,27.489079047309588],[120.28844139947296,27.48943657769155],[120.28409413656061,27.488507758247124],[120.28184288873064,27.488642035591],[120.28088592529753,27.489712999132564],[120.2844522433856,27.489992133247142],[120.28536953396724,27.490321180556066],[120.28972903781926,27.48999104817767],[120.28999220106806,27.49028564453198],[120.29582553440127,27.49046034071239]]]}},{"type":"Feature","id":"hydrolakes:1378869","properties":{"Hylak_id":1378869,"Lake_name":"","Country":"China","Continent":"Asia","Poly_src":"SWBD","Lake_type":1,"Grand_id":0,"Lake_area":0.15,"Shore_len":1.67,"Shore_dev":1.2,"Vol_total":0.48,"Vol_res":0.0,"Vol_src":3,"Depth_avg":3.1,"Dis_avg":0.02,"Res_time":278.3,"Elevation":0,"Slope_100":2.12,"Wshd_area":0.9,"Pour_long":122.374457,"Pour_lat":29.995233,"source_id":"hydrolakes:1378869","label":""},"geometry":{"type":"Polygon","coordinates":[[[122.37557345920624,29.994982117547693],[122.37541666667141,29.99458333333405],[122.37282877604633,29.99471496900003],[122.37326253255691,29.997649795745076],[122.37266194661936,29.99811323801748],[122.37308268229646,29.999623593755018],[122.37405544705325,29.999767371284406],[122.37618842231365,29.999405051338158],[122.37557345920624,29.994982117547693]]]}},{"type":"Feature","id":"hydrolakes:1378877","properties":{"Hylak_id":1378877,"Lake_name":"","Country":"China","Continent":"Asia","Poly_src":"SWBD","Lake_type":1,"Grand_id":0,"Lake_area":0.1,"Shore_len":1.65,"Shore_dev":1.47,"Vol_total":0.24,"Vol_res":0.0,"Vol_src":3,"Depth_avg":2.4,"Dis_avg":4.149,"Res_time":0.7,"Elevation":9,"Slope_100":1.41,"Wshd_area":182.2,"Pour_long":120.210421,"Pour_lat":29.989837,"source_id":"hydrolakes:1378877","label":""},"geometry":{"type":"Polygon","coordinates":[[[120.21281539917442,29.990300983853615],[120.21402777778229,29.988472222223038],[120.21167088826945,29.98889456113261],[120.20989939372197,29.988942421807963],[120.20834245470286,29.990496096081984],[120.21111640082927,29.99082803832232],[120.21170293172645,29.991138394674465],[120.21235090468133,29.992511414422836],[120.21281602648025,29.992492978838527],[120.21281539917442,29.990300983853615]]]}},{"type":"Feature","id":"hydrolakes:1378880","properties":{"Hylak_id":1378880,"Lake_name":"","Country":"China","Continent":"Asia","Poly_src":"SWBD","Lake_type":1,"Grand_id":0,"Lake_area":0.35,"Shore_len":3.49,"Shore_dev":1.65,"Vol_total":2.39,"Vol_res":0.0,"Vol_src":3,"Depth_avg":6.7,"Dis_avg":0.314,"Res_time":88.0,"Elevation":42,"Slope_100":8.0,"Wshd_area":16.4,"Pour_long":121.122969,"Pour_lat":29.988221,"source_id":"hydrolakes:1378880","label":""},"geometry":{"type":"Polygon","coordinates":[[[121.12081963433627,29.989183723662507],[121.12256089952706,29.989158749051285],[121.12368089464434,29.988566089206984],[121.12358866374171,29.986238519881283],[121.12221693251325,29.98444974051654],[121.12208333333791,29.98319444444536],[121.12166137695772,29.983328037262766],[121.12135484483986,29.98461499956005],[121.12024603950107,29.985138282776745],[121.11936971029127,29.984674566057777],[121.11865505642834,29.983903316922465],[121.11825670030834,29.985989930895528],[121.1171270751999,29.986719395320335],[121.1149441189284,29.98721692721125],[121.11371256510876,29.985887813568866],[121.11273946126767,29.985283073849985],[121.11271030002621,29.988230987125746],[121.11413262261743,29.98868129518371],[121.11916327582912,29.988307242924122],[121.12081963433627,29.989183723662507]]]}},{"type":"Feature","id":"hydrolakes:1378887","properties":{"Hylak_id":1378887,"Lake_name":"","Country":"China","Continent":"Asia","Poly_src":"SWBD","Lake_type":1,"Grand_id":0,"Lake_area":0.96,"Shore_len":6.34,"Shore_dev":1.83,"Vol_total":7.82,"Vol_res":0.0,"Vol_src":3,"Depth_avg":8.2,"Dis_avg":0.711,"Res_time":127.3,"Elevation":40,"Slope_100":8.74,"Wshd_area":36.8,"Pour_long":121.15625,"Pour_lat":29.985092,"source_id":"hydrolakes:1378887","label":""},"geometry":{"type":"Polygon","coordinates":[[[121.15885810004801,29.985326099396673],[121.1606940375479,29.98498342090255],[121.16285061306894,29.985111961365533],[121.1622359212285,29.983980746799773],[121.16431803385888,29.98359212663513],[121.1647143554735,29.982850916121606],[121.16317884657599,29.98237673653574],[121.16063652886743,29.97992766062498],[121.16028564453597,29.97804774390397],[121.15939575195762,29.97777297337933],[121.15824734158457,29.976487704383715],[121.15773518880678,29.974828751882683],[121.15563191732247,29.972813546923305],[121.15471435547335,29.972230033875235],[121.15358588325125,29.970210867988555],[121.15236111111562,29.968750000000796],[121.15028564453581,29.969218025208306],[121.15157470703593,29.9705022430428],[121.15250786675813,29.972769966126293],[121.15277655707928,29.974209986793483],[121.15493869358102,29.976230619219336],[121.15751383463993,29.981113565233727],[121.15687188042995,29.98168717278446],[121.1558543565585,29.981626531813674],[121.1555626085115,29.981953141954932],[121.15522311740915,29.981932907105318],[121.15458333333788,29.98121688842855],[121.15300699870261,29.982604073419395],[121.15223008898028,29.984058592055362],[121.15282660590736,29.98685075548036],[121.15368096246112,29.987242892583936],[121.1559157986157,29.987109692892318],[121.15728651259138,29.986047390832596],[121.15885810004801,29.985326099396673]]]}},{"type":"Feature","id":"hydrolakes:1378897","properties":{"Hylak_id":1378897,"Lake_name":"","Country":"China","Continent":"Asia","Poly_src":"SWBD","Lake_type":1,"Grand_id":0,"Lake_area":0.28,"Shore_len":2.46,"Shore_dev":1.32,"Vol_total":1.6,"Vol_res":0.0,"Vol_src":3,"Depth_avg":5.8,"Dis_avg":0.022,"Res_time":843.4,"Elevation":9,"Slope_100":6.44,"Wshd_area":1.1,"Pour_long":121.490103,"Pour_lat":29.981349,"source_id":"hydrolakes:1378897","label":""},"geometry":{"type":"Polygon","coordinates":[[[121.49121921115903,29.9796140628398],[121.49097222222684,29.979305555556437],[121.48970689562094,29.979429079692466],[121.48910644531725,29.980178807577204],[121.48736138238326,29.981165430281635],[121.48969034831185,29.982937827640853],[121.48982584635883,29.984027777778522],[121.48957763672337,29.98602344724941],[121.49140462240035,29.987484635247938],[121.49212714301689,29.987163130443037],[121.49180799696643,29.98459716796947],[121.49281901042139,29.984171123505405],[121.49335177951855,29.982785263062397],[121.49301947700116,29.980128762987647],[121.49121921115903,29.9796140628398]]]}},{"type":"Feature","id":"hydrolakes:1378901","properties":{"Hylak_id":1378901,"Lake_name":"","Country":"China","Continent":"Asia","Poly_src":"SWBD","Lake_type":1,"Grand_id":0,"Lake_area":0.38,"Shore_len":3.44,"Shore_dev":1.57,"Vol_total":0.81,"Vol_res":0.0,"Vol_src":3,"Depth_avg":2.1,"Dis_avg":0.244,"Res_time":38.4,"Elevation":0,"Slope_100":0.71,"Wshd_area":12.1,"Pour_long":121.685139,"Pour_lat":29.980056,"source_id":"hydrolakes:1378901","label":""},"geometry":{"type":"Polygon","coordinates":[[[121.69189358181893,29.977865797679385],[121.6929191080776,29.977482051850075],[121.693307834206,29.976919011010807],[121.69525227865046,29.97642001470001],[121.69485568576863,29.975835634868076],[121.69337565104621,29.975455816057718],[121.6927522786504,29.97502543343512],[121.6921769205776,29.974192100101845],[121.6916411675395,29.97441901101098],[121.69132473416266,29.975652211507906],[121.69058105469219,29.976136544546193],[121.68941894531707,29.976363455455328],[121.68919216580332,29.9766921001019],[121.68745822483089,29.977569188012808],[121.68637179904982,29.977812731001904],[121.68525227865052,29.977525433435176],[121.68417711046482,29.9766921001019],[121.68315890842479,29.977283287049147],[121.6812500000047,29.97986111111186],[121.6819699435813,29.979974566566398],[121.68267401801688,29.980994449192394],[121.68409166124587,29.981312249502196],[121.68607164171476,29.98080413818434],[121.68742363824254,29.9799236975785],[121.6894839138501,29.978918084039435],[121.6907938639369,29.97858191596214],[121.69189358181893,29.977865797679385]]]}},{"type":"Feature","id":"hydrolakes:1378908","properties":{"Hylak_id":1378908,"Lake_name":"","Country":"China","Continent":"Asia","Poly_src":"SWBD","Lake_type":1,"Grand_id":0,"Lake_area":0.1,"Shore_len":1.58,"Shore_dev":1.39,"Vol_total":0.53,"Vol_res":0.0,"Vol_src":3,"Depth_avg":5.2,"Dis_avg":0.022,"Res_time":279.5,"Elevation":7,"Slope_100":6.79,"Wshd_area":1.1,"Pour_long":120.896662,"Pour_lat":29.975579,"source_id":"hydrolakes:1378908","label":""},"geometry":{"type":"Polygon","coordinates":[[[120.90027248806877,29.973060851627736],[120.899583333338,29.97180555555633],[120.89907701280845,29.97196586820894],[120.89528306749588,29.976631156074404],[120.89867085775194,29.97546961890413],[120.89946478950117,29.974689225091595],[120.90082804362441,29.974045865801543],[120.90027248806877,29.973060851627736]]]}},{"type":"Feature","id":"hydrolakes:1378915","properties":{"Hylak_id":1378915,"Lake_name":"","Country":"China","Continent":"Asia","Poly_src":"SWBD","Lake_type":1,"Grand_id":0,"Lake_area":0.17,"Shore_len":1.95,"Shore_dev":1.32,"Vol_total":0.24,"Vol_res":0.0,"Vol_src":3,"Depth_avg":1.4,"Dis_avg":0.024,"Res_time":116.5,"Elevation":2,"Slope_100":0.38,"Wshd_area":1.1,"Pour_long":122.315837,"Pour_lat":29.971942,"source_id":"hydrolakes:1378915","label":""},"geometry":{"type":"Polygon","coordinates":[[[122.31555202908464,29.97251186582855],[122.31720540365069,29.97191861046764],[122.3177842881991,29.971953114404414],[122.31880777995258,29.971238280403043],[122.32249213325116,29.97044748306348],[122.32218261719231,29.969253639645842],[122.32152777778253,29.96819444444526],[122.3192917209251,29.968356081645425],[122.31778564453606,29.9691744783197],[122.3163349066889,29.969511990018134],[122.31642957899783,29.971098062728004],[122.31500786675826,29.97200224558594],[122.31555202908464,29.97251186582855]]]}},{"type":"Feature","id":"hydrolakes:1378918","properties":{"Hylak_id":1378918,"Lake_name":"","Country":"China","Continent":"Asia","Poly_src":"SWBD","Lake_type":1,"Grand_id":0,"Lake_area":0.39,"Shore_len":3.65,"Shore_dev":1.64,"Vol_total":0.98,"Vol_res":0.0,"Vol_src":3,"Depth_avg":2.5,"Dis_avg":0.427,"Res_time":26.6,"Elevation":4,"Slope_100":1.0,"Wshd_area":20.6,"Pour_long":120.477292,"Pour_lat":29.970264,"source_id":"hydrolakes:1378918","label":""},"geometry":{"type":"Polygon","coordinates":[[[120.47665632460314,29.969176996020053],[120.47604305691652,29.969173721738116],[120.47734195285824,29.97291156556946],[120.47639923096165,29.974241188897736],[120.47707736545584,29.97592065811233],[120.4787665134051,29.977499290043227],[120.47973256429498,29.979989670648195],[120.48005076090976,29.981734135946454],[120.48118391249398,29.982239771949708],[120.48187784831191,29.983045226203956],[120.48251034207266,29.98278810713117],[120.48276743571415,29.980545226203787],[120.48328040229421,29.979148447249486],[120.48268151177763,29.977806337145353],[120.48127478705959,29.97748675664343],[120.48038106283013,29.97588492075687],[120.47971045600502,29.973225691054324],[120.47844075521294,29.970628861322155],[120.47665632460314,29.969176996020053]]]}},{"type":"Feature","id":"hydrolakes:1378924","properties":{"Hylak_id":1378924,"Lake_name":"","Country":"China","Continent":"Asia","Poly_src":"SWBD","Lake_type":1,"Grand_id":0,"Lake_area":0.14,"Shore_len":2.07,"Shore_dev":1.56,"Vol_total":0.17,"Vol_res":0.0,"Vol_src":3,"Depth_avg":1.2,"Dis_avg":0.944,"Res_time":2.1,"Elevation":7,"Slope_100":0.3,"Wshd_area":48.2,"Pour_long":120.802305,"Pour_lat":29.966973,"source_id":"hydrolakes:1378924","label":""},"geometry":{"type":"Polygon","coordinates":[[[120.80007771810352,29.96616946750288],[120.80084282769553,29.966037741767764],[120.80113945855499,29.967479599847536],[120.80252041287343,29.967242622376318],[120.80285156250466,29.966409289042872],[120.8037670220316,29.967201822069683],[120.80497219509999,29.966312832303288],[120.80418707954027,29.96525737762522],[120.80206902398453,29.964708196852712],[120.80097222222679,29.963750000000857],[120.80034756131096,29.963919351366542],[120.8000204128735,29.964742622376264],[120.79893737793424,29.965690536499835],[120.79863152398451,29.967467206319895],[120.79971740723107,29.967920693292342],[120.80007771810352,29.96616946750288]]]}},{"type":"Feature","id":"hydrolakes:1378942","properties":{"Hylak_id":1378942,"Lake_name":"","Country":"China","Continent":"Asia","Poly_src":"SWBD","Lake_type":1,"Grand_id":0,"Lake_area":0.8,"Shore_len":8.32,"Shore_dev":2.62,"Vol_total":7.48,"Vol_res":0.0,"Vol_src":3,"Depth_avg":9.3,"Dis_avg":1.078,"Res_time":80.3,"Elevation":50,"Slope_100":12.14,"Wshd_area":55.3,"Pour_long":121.231397,"Pour_lat":29.955594,"source_id":"hydrolakes:1378942","label":""},"geometry":{"type":"Polygon","coordinates":[[[121.23751532661043,29.952237586975798],[121.24018296983962,29.95074690500985],[121.24077731662794,29.94920076582241],[121.24089694553425,29.948238639832255],[121.24029310438834,29.947484635247918],[121.23839992947507,29.94678474426354],[121.23793606228787,29.945577659607693],[121.23773668077729,29.94397481282624],[121.2396641710115,29.94223994361107],[121.23908921983963,29.940875528124536],[121.23846828885013,29.940798297459025],[121.23700141059481,29.94141639709551],[121.23634182400644,29.94253851572745],[121.23637057834657,29.943341183133327],[121.23691419813838,29.944755308363938],[121.23584865994394,29.94722360399112],[121.23609578450981,29.947793142531395],[121.23859578450976,29.948067279392717],[121.23825642904097,29.949216647678725],[121.23637356228767,29.95054019080351],[121.23585381402364,29.951189151340827],[121.23419542101163,29.952163984511515],[121.23387532552562,29.95068410237701],[121.23280843099411,29.949829775493072],[121.23268432617641,29.948831541274103],[121.23331800673196,29.948040190803454],[121.23437038845947,29.94740095774415],[121.2344970703171,29.946382391188592],[121.23390421549948,29.94415130191453],[121.23337483724418,29.943250757853946],[121.23357842339874,29.94039100647052],[121.23236111111578,29.939305555556302],[121.23029310438818,29.939445838929032],[121.23054022895428,29.940570920309142],[121.23184611003063,29.942203780281034],[121.23242811415383,29.946337949965482],[121.2315257432773,29.949283464220628],[121.23169677734853,29.950658866035383],[121.23131157769552,29.95200613233851],[121.23001532661056,29.953904253642634],[121.2294597710549,29.9543491363533],[121.23013604058616,29.956281144884656],[121.23171074761746,29.957206857470055],[121.23257554796487,29.956642740038433],[121.23312255859827,29.955344763862627],[121.23579983181884,29.95396855248424],[121.23692911784326,29.95248463524797],[121.23751532661043,29.952237586975798]]]}},{"type":"Feature","id":"hydrolakes:1378948","properties":{"Hylak_id":1378948,"Lake_name":"","Country":"China","Continent":"Asia","Poly_src":"SWBD","Lake_type":1,"Grand_id":0,"Lake_area":0.13,"Shore_len":1.63,"Shore_dev":1.26,"Vol_total":0.67,"Vol_res":0.0,"Vol_src":3,"Depth_avg":5.1,"Dis_avg":0.174,"Res_time":44.5,"Elevation":52,"Slope_100":6.07,"Wshd_area":8.9,"Pour_long":121.279298,"Pour_lat":29.952968,"source_id":"hydrolakes:1378948","label":""},"geometry":{"type":"Polygon","coordinates":[[[121.2785982259162,29.951123958164544],[121.27847222222704,29.950694444445332],[121.27776489258264,29.95082048628143],[121.27720933702744,29.951376041837023],[121.27663126628079,29.952919544644658],[121.27474785699258,29.953472222222956],[121.27556844075974,29.954153819614703],[121.27593804253945,29.95582048628154],[121.27809882270418,29.95528608110294],[121.27803588867653,29.95466801537492],[121.27941067166256,29.953526043362956],[121.2794957139804,29.952690984938783],[121.2785982259162,29.951123958164544]]]}},{"type":"Feature","id":"hydrolakes:1378961","properties":{"Hylak_id":1378961,"Lake_name":"","Country":"China","Continent":"Asia","Poly_src":"SWBD","Lake_type":1,"Grand_id":0,"Lake_area":0.58,"Shore_len":3.56,"Shore_dev":1.32,"Vol_total":1.36,"Vol_res":0.0,"Vol_src":3,"Depth_avg":2.4,"Dis_avg":0.035,"Res_time":451.2,"Elevation":-1,"Slope_100":0.79,"Wshd_area":1.7,"Pour_long":122.337221,"Pour_lat":29.946107,"source_id":"hydrolakes:1378961","label":""},"geometry":{"type":"Polygon","coordinates":[[[122.33888102214001,29.94111892276419],[122.33875000000461,29.940694444445285],[122.33758816189703,29.94084982554193],[122.33350233290395,29.942725067139406],[122.33911349826872,29.948241365221577],[122.3425949435811,29.952476556566808],[122.34390652127229,29.951008741591522],[122.34542751736592,29.949904840258228],[122.33888102214001,29.94111892276419]]]}},{"type":"Feature","id":"hydrolakes:1378964","properties":{"Hylak_id":1378964,"Lake_name":"","Country":"China","Continent":"Asia","Poly_src":"SWBD","Lake_type":1,"Grand_id":0,"Lake_area":0.45,"Shore_len":3.21,"Shore_dev":1.35,"Vol_total":2.85,"Vol_res":0.0,"Vol_src":3,"Depth_avg":6.4,"Dis_avg":0.023,"Res_time":1435.5,"Elevation":18,"Slope_100":6.6,"Wshd_area":1.1,"Pour_long":121.785186,"Pour_lat":29.943896,"source_id":"hydrolakes:1378964","label":""},"geometry":{"type":"Polygon","coordinates":[[[121.78746148003933,29.944482985603315],[121.78665378147167,29.943623958164665],[121.78603719075983,29.941977572971666],[121.78470933702721,29.941401735942463],[121.78404825846809,29.940605918037306],[121.78193155924953,29.940290624831164],[121.78180555556025,29.93986111111184],[121.78120917426673,29.940036112468192],[121.7802624511765,29.940822491116762],[121.78029744466602,29.9411653179601],[121.77945732964866,29.941863216824743],[121.77998711480507,29.94445729149794],[121.78074707031709,29.945258848403],[121.78288031684491,29.94445729149794],[121.78390177409324,29.945264930725898],[121.78470933702721,29.94667951372014],[121.78656995985699,29.946956647237982],[121.78703192817318,29.94802200317463],[121.78816894531718,29.94813790215477],[121.7902454969664,29.947677430047804],[121.79033162435371,29.946833207873],[121.78998819987436,29.94604154798793],[121.78746148003933,29.944482985603315]]]}},{"type":"Feature","id":"hydrolakes:1378967","properties":{"Hylak_id":1378967,"Lake_name":"","Country":"China","Continent":"Asia","Poly_src":"SWBD","Lake_type":1,"Grand_id":0,"Lake_area":0.18,"Shore_len":1.79,"Shore_dev":1.2,"Vol_total":0.61,"Vol_res":0.0,"Vol_src":3,"Depth_avg":3.5,"Dis_avg":0.177,"Res_time":40.0,"Elevation":18,"Slope_100":2.5,"Wshd_area":8.6,"Pour_long":120.480598,"Pour_lat":29.943492,"source_id":"hydrolakes:1378967","label":""},"geometry":{"type":"Polygon","coordinates":[[[120.47983978271952,29.9453121609165],[120.48172549778013,29.945265994602607],[120.48249220106794,29.944393085904323],[120.48187286377413,29.94383973015755],[120.48198391385,29.941976750692504],[120.48097222222668,29.940694444445285],[120.47999220106789,29.94082552168186],[120.47933722602454,29.941181424459614],[120.4782205878409,29.942308158875278],[120.47715233697295,29.942798449199188],[120.47614820692735,29.942738596598986],[120.47750779894119,29.943603299459596],[120.47832553440128,29.94473003387526],[120.47983978271952,29.9453121609165]]]}},{"type":"Feature","id":"hydrolakes:1378975","properties":{"Hylak_id":1378975,"Lake_name":"","Country":"China","Continent":"Asia","Poly_src":"SWBD","Lake_type":1,"Grand_id":0,"Lake_area":0.23,"Shore_len":2.39,"Shore_dev":1.39,"Vol_total":0.4,"Vol_res":0.0,"Vol_src":3,"Depth_avg":1.7,"Dis_avg":0.423,"Res_time":10.8,"Elevation":7,"Slope_100":0.52,"Wshd_area":21.6,"Pour_long":120.947251,"Pour_lat":29.938019,"source_id":"hydrolakes:1378975","label":""},"geometry":{"type":"Polygon","coordinates":[[[120.94890679253933,29.936684549120514],[120.94902777778248,29.93541666666738],[120.9477964952302,29.93562583923415],[120.94658331977445,29.936357604133548],[120.94480638292566,29.936852421231492],[120.94418457031725,29.938351215787122],[120.94331542969212,29.93859322865893],[120.9429345703171,29.939961030748975],[120.94213412815128,29.940288636950243],[120.94148674859412,29.941361897787317],[120.94334384494806,29.942482117547854],[120.94521579319024,29.941785240174113],[120.94553765191421,29.940259895325426],[120.94585123698374,29.940017882453787],[120.94627292209668,29.938987507291074],[120.94692654080347,29.93859322865893],[120.94842441135461,29.938338775635543],[120.94890679253933,29.936684549120514]]]}},{"type":"Feature","id":"hydrolakes:1378980","properties":{"Hylak_id":1378980,"Lake_name":"","Country":"China","Continent":"Asia","Poly_src":"SWBD","Lake_type":1,"Grand_id":0,"Lake_area":0.19,"Shore_len":2.26,"Shore_dev":1.47,"Vol_total":0.72,"Vol_res":0.0,"Vol_src":3,"Depth_avg":3.9,"Dis_avg":0.028,"Res_time":298.9,"Elevation":2,"Slope_100":3.1,"Wshd_area":1.3,"Pour_long":122.368798,"Pour_lat":29.935218,"source_id":"hydrolakes:1378980","label":""},"geometry":{"type":"Polygon","coordinates":[[[122.37069417318173,29.93069442749095],[122.36958333333814,29.92930555555637],[122.36865587023055,29.92957069397056],[122.36834879557756,29.93168202718175],[122.3678192816887,29.93258257548092],[122.36767415365051,29.93375000000077],[122.36785861545599,29.935233421326416],[122.36700439453591,29.937455639310087],[122.36884847005678,29.937685021295238],[122.36881266276527,29.936471104092846],[122.37081787109838,29.93514308505661],[122.3700154622444,29.933483979967775],[122.37069417318173,29.93069442749095]]]}},{"type":"Feature","id":"hydrolakes:1378989","properties":{"Hylak_id":1378989,"Lake_name":"","Country":"China","Continent":"Asia","Poly_src":"SWBD","Lake_type":1,"Grand_id":0,"Lake_area":0.11,"Shore_len":1.53,"Shore_dev":1.32,"Vol_total":0.7,"Vol_res":0.0,"Vol_src":3,"Depth_avg":6.6,"Dis_avg":0.044,"Res_time":185.3,"Elevation":76,"Slope_100":11.14,"Wshd_area":2.2,"Pour_long":120.730799,"Pour_lat":29.934212,"source_id":"hydrolakes:1378989","label":""},"geometry":{"type":"Polygon","coordinates":[[[120.73030904134589,29.93544940524714],[120.73243109809493,29.933892919753077],[120.73077982585096,29.93301913791305],[120.72920572917116,29.933081529406138],[120.72847222222686,29.932361111111845],[120.72778306749586,29.932783075969326],[120.72585666233107,29.933089947171425],[120.72695014106358,29.933606012133225],[120.72692857530842,29.934150174459546],[120.72849466960082,29.934978870816565],[120.72944898817724,29.934994316101836],[120.73030904134589,29.93544940524714]]]}},{"type":"Feature","id":"hydrolakes:1378992","properties":{"Hylak_id":1378992,"Lake_name":"","Country":"China","Continent":"Asia","Poly_src":"SWBD","Lake_type":1,"Grand_id":0,"Lake_area":0.17,"Shore_len":2.1,"Shore_dev":1.44,"Vol_total":1.23,"Vol_res":0.0,"Vol_src":3,"Depth_avg":7.3,"Dis_avg":0.008,"Res_time":1785.1,"Elevation":106,"Slope_100":11.96,"Wshd_area":0.4,"Pour_long":120.491865,"Pour_lat":29.932402,"source_id":"hydrolakes:1378992","label":""},"geometry":{"type":"Polygon","coordinates":[[[120.49119052463573,29.933865186903972],[120.49226175944477,29.93221310085795],[120.49129404704223,29.931643235949082],[120.49071224636964,29.930179070367558],[120.4889982774568,29.930177052816475],[120.48797081841809,29.930812937419375],[120.48720180935788,29.930575951470985],[120.4865277777825,29.92930555555637],[120.48571312798856,29.929440587362365],[120.4857700263176,29.93106217278455],[120.48624925401953,29.93183651394395],[120.48599507650187,29.933312933180787],[120.48696485731796,29.93307595147104],[120.48786251492419,29.932520395915446],[120.48948730469198,29.93281109280133],[120.49119052463573,29.933865186903972]]]}},{"type":"Feature","id":"hydrolakes:1379005","properties":{"Hylak_id":1379005,"Lake_name":"","Country":"China","Continent":"Asia","Poly_src":"SWBD","Lake_type":1,"Grand_id":0,"Lake_area":0.21,"Shore_len":2.71,"Shore_dev":1.66,"Vol_total":1.23,"Vol_res":0.0,"Vol_src":3,"Depth_avg":5.8,"Dis_avg":0.055,"Res_time":259.7,"Elevation":6,"Slope_100":7.05,"Wshd_area":2.8,"Pour_long":120.865033,"Pour_lat":29.926755,"source_id":"hydrolakes:1379005","label":""},"geometry":{"type":"Polygon","coordinates":[[[120.86600538466166,29.92448641459231],[120.86685248481365,29.92441835191596],[120.86906161838562,29.92554522196525],[120.86919548882832,29.924924630059877],[120.86716525608091,29.92346683078415],[120.86652777778244,29.922361111111854],[120.86432006836395,29.92258630540715],[120.86315443251328,29.924230244955197],[120.8636090766106,29.926722624037836],[120.86442687988739,29.92742719014558],[120.86486497667568,29.92840895758809],[120.86759582520017,29.92915633307649],[120.86832302517826,29.92875857883115],[120.8679873996357,29.927827445137098],[120.86614366319918,29.927272338867965],[120.86556586371984,29.925699064467437],[120.86600538466166,29.92448641459231]]]}},{"type":"Feature","id":"hydrolakes:1379010","properties":{"Hylak_id":1379010,"Lake_name":"","Country":"China","Continent":"Asia","Poly_src":"SWBD","Lake_type":1,"Grand_id":0,"Lake_area":0.41,"Shore_len":3.21,"Shore_dev":1.42,"Vol_total":2.61,"Vol_res":0.0,"Vol_src":3,"Depth_avg":6.4,"Dis_avg":0.236,"Res_time":128.2,"Elevation":28,"Slope_100":6.96,"Wshd_area":11.3,"Pour_long":120.42054,"Pour_lat":29.922519,"source_id":"hydrolakes:1379010","label":""},"geometry":{"type":"Polygon","coordinates":[[[120.42535627577502,29.921427671645176],[120.42445003933858,29.921102498373102],[120.42371290419305,29.921146435208527],[120.42291666667131,29.92069444444519],[120.42102484809476,29.920855924818966],[120.42000779894124,29.92231193542557],[120.42036644830097,29.923339877659316],[120.42334113227457,29.92665885077662],[120.42492367215084,29.92885311550657],[120.42584113227463,29.929436628554413],[120.42668033176437,29.93037586636092],[120.42853017171677,29.93138107299876],[120.42869364421023,29.930386691623994],[120.42811350505019,29.92973743014943],[120.42727467855275,29.929352433947145],[120.42727664524114,29.92672559950165],[120.42665886773449,29.92584114922488],[120.42624040392172,29.924485990737026],[120.42526424832266,29.92361381530833],[120.42582553440127,29.92258094787678],[120.42535627577502,29.921427671645176]]]}},{"type":"Feature","id":"hydrolakes:1379034","properties":{"Hylak_id":1379034,"Lake_name":"","Country":"China","Continent":"Asia","Poly_src":"SWBD","Lake_type":1,"Grand_id":0,"Lake_area":0.47,"Shore_len":4.11,"Shore_dev":1.69,"Vol_total":1.48,"Vol_res":0.0,"Vol_src":3,"Depth_avg":3.1,"Dis_avg":0.139,"Res_time":123.1,"Elevation":8,"Slope_100":1.5,"Wshd_area":7.1,"Pour_long":120.826431,"Pour_lat":29.908649,"source_id":"hydrolakes:1379034","label":""},"geometry":{"type":"Polygon","coordinates":[[[120.82838229709654,29.913356374105547],[120.8268950059724,29.9109077029766],[120.82558241102885,29.91035459730432],[120.8254087999178,29.908958969116952],[120.82747239855058,29.908971837362458],[120.8275879584466,29.90804297553234],[120.8269290500262,29.907515360515106],[120.826107177739,29.906162245009455],[120.82467719184513,29.90720686170863],[120.8234315999394,29.906823967828416],[120.82281555176229,29.90605458577545],[120.82221435547342,29.906129362319007],[120.82039666070364,29.90552987840516],[120.81986111111559,29.904861111111813],[120.81763624403675,29.90571041531109],[120.817417060009,29.909972407023872],[120.81834954156284,29.910088390774945],[120.82016120063395,29.909022327000002],[120.82192905002637,29.910015360515047],[120.82357082791253,29.91037057664738],[120.82349412706628,29.9119126213929],[120.82474134657565,29.911890241835636],[120.82598069933192,29.91224459330317],[120.8269482421922,29.913837534587287],[120.82830152723989,29.914005864462126],[120.82838229709654,29.913356374105547]]]}},{"type":"Feature","id":"hydrolakes:1379054","properties":{"Hylak_id":1379054,"Lake_name":"","Country":"China","Continent":"Asia","Poly_src":"SWBD","Lake_type":1,"Grand_id":0,"Lake_area":0.14,"Shore_len":1.6,"Shore_dev":1.2,"Vol_total":0.73,"Vol_res":0.0,"Vol_src":3,"Depth_avg":5.2,"Dis_avg":0.026,"Res_time":326.6,"Elevation":10,"Slope_100":6.27,"Wshd_area":1.3,"Pour_long":120.849381,"Pour_lat":29.900659,"source_id":"hydrolakes:1379054","label":""},"geometry":{"type":"Polygon","coordinates":[[[120.85248969184511,29.89778811136955],[120.85236111111561,29.89736111111182],[120.84847880046021,29.89809753418041],[120.84778808594194,29.89889922248068],[120.84687981500014,29.899468120999586],[120.84918938531274,29.901378555298663],[120.85053141276512,29.900958243476794],[120.85082302517822,29.899989666409795],[120.85165635851143,29.8994341108542],[120.8530452474003,29.899015952216985],[120.85248969184511,29.89778811136955]]]}},{"type":"Feature","id":"hydrolakes:1379071","properties":{"Hylak_id":1379071,"Lake_name":"","Country":"China","Continent":"Asia","Poly_src":"SWBD","Lake_type":1,"Grand_id":0,"Lake_area":0.14,"Shore_len":1.67,"Shore_dev":1.25,"Vol_total":0.83,"Vol_res":0.0,"Vol_src":3,"Depth_avg":5.9,"Dis_avg":0.052,"Res_time":183.8,"Elevation":33,"Slope_100":8.01,"Wshd_area":2.6,"Pour_long":121.379705,"Pour_lat":29.888081,"source_id":"hydrolakes:1379071","label":""},"geometry":{"type":"Polygon","coordinates":[[[121.3761008029561,29.886677000258487],[121.37597222222712,29.8862500000007],[121.37362141927554,29.886489791870815],[121.3747810872444,29.887809270223784],[121.37550387912785,29.889429134793488],[121.37637139214866,29.889498842028217],[121.37994113498735,29.888687879775034],[121.38052883572516,29.887634540134798],[121.37862141927536,29.886934110854156],[121.3761008029561,29.886677000258487]]]}},{"type":"Feature","id":"hydrolakes:1379091","properties":{"Hylak_id":1379091,"Lake_name":"","Country":"China","Continent":"Asia","Poly_src":"SWBD","Lake_type":1,"Grand_id":0,"Lake_area":0.15,"Shore_len":1.77,"Shore_dev":1.28,"Vol_total":1.02,"Vol_res":0.0,"Vol_src":3,"Depth_avg":6.6,"Dis_avg":0.179,"Res_time":66.2,"Elevation":53,"Slope_100":10.14,"Wshd_area":9.1,"Pour_long":120.985058,"Pour_lat":29.880949,"source_id":"hydrolakes:1379091","label":""},"geometry":{"type":"Polygon","coordinates":[[[120.98391649034744,29.882176912096668],[120.98533908420592,29.881617652046145],[120.98665683322952,29.88241252475393],[120.98775987413643,29.881561118232582],[120.98668457031715,29.88053767734192],[120.98500325521292,29.879849548340587],[120.98458333333792,29.8793055555563],[120.98259121365476,29.87943775600928],[120.98220221625883,29.880388293796898],[120.98089348687529,29.88139843410994],[120.98078199598973,29.88215301513759],[120.98197523329463,29.883037677341747],[120.98391649034744,29.882176912096668]]]}},{"type":"Feature","id":"hydrolakes:1379094","properties":{"Hylak_id":1379094,"Lake_name":"","Country":"China","Continent":"Asia","Poly_src":"SWBD","Lake_type":1,"Grand_id":0,"Lake_area":0.15,"Shore_len":1.54,"Shore_dev":1.11,"Vol_total":0.92,"Vol_res":0.0,"Vol_src":3,"Depth_avg":6.1,"Dis_avg":0.351,"Res_time":30.3,"Elevation":69,"Slope_100":8.47,"Wshd_area":17.7,"Pour_long":121.076101,"Pour_lat":29.88005,"source_id":"hydrolakes:1379094","label":""},"geometry":{"type":"Polygon","coordinates":[[[121.07693386502211,29.87702874077769],[121.07652777778242,29.875972222223083],[121.07581793891512,29.87609575059753],[121.07430494520855,29.87758404202009],[121.07365268283871,29.878693686591987],[121.07347161187516,29.88014929029754],[121.07476725260875,29.88109575059758],[121.07717142741336,29.88082484775191],[121.07731655545172,29.87965810140048],[121.07693386502211,29.87702874077769]]]}},{"type":"Feature","id":"hydrolakes:1379112","properties":{"Hylak_id":1379112,"Lake_name":"","Country":"China","Continent":"Asia","Poly_src":"SWBD","Lake_type":1,"Grand_id":0,"Lake_area":0.82,"Shore_len":5.96,"Shore_dev":1.86,"Vol_total":7.51,"Vol_res":0.0,"Vol_src":3,"Depth_avg":9.1,"Dis_avg":0.527,"Res_time":164.8,"Elevation":23,"Slope_100":11.58,"Wshd_area":25.3,"Pour_long":121.796029,"Pour_lat":29.871044,"source_id":"hydrolakes:1379112","label":""},"geometry":{"type":"Polygon","coordinates":[[[121.78737074110705,29.851849416097764],[121.78708333333805,29.85152777777853],[121.78584120009157,29.851693912082965],[121.78610324436221,29.852785593669353],[121.78708930121985,29.85341267903732],[121.7891551378085,29.855500861274663],[121.78920762804296,29.856381496854056],[121.78860324436226,29.856658850776626],[121.78751342773904,29.85769183688774],[121.7873913574266,29.859738566081546],[121.78806342231366,29.861103295221028],[121.78832546658464,29.8627855936694],[121.78943657769554,29.86417448255827],[121.79191351997008,29.866565102471952],[121.79220160590751,29.87215235392324],[121.79273993598548,29.87332551744322],[121.79457804362443,29.872777311537845],[121.79637695312977,29.870888409085467],[121.79549682617647,29.86553948296512],[121.79407470703603,29.863724110922078],[121.79240302192301,29.862894965278485],[121.79165879991797,29.862230038113807],[121.79048434787808,29.85989112006365],[121.79135281033444,29.857239651150962],[121.79221435547345,29.856469828288652],[121.79015977648038,29.85271065606082],[121.78737074110705,29.851849416097764]]]}},{"type":"Feature","id":"hydrolakes:1379118","properties":{"Hylak_id":1379118,"Lake_name":"","Country":"China","Continent":"Asia","Poly_src":"SWBD","Lake_type":1,"Grand_id":0,"Lake_area":0.24,"Shore_len":2.09,"Shore_dev":1.21,"Vol_total":0.3,"Vol_res":0.0,"Vol_src":3,"Depth_avg":1.3,"Dis_avg":0.031,"Res_time":113.8,"Elevation":5,"Slope_100":0.29,"Wshd_area":1.5,"Pour_long":120.398546,"Pour_lat":29.868859,"source_id":"hydrolakes:1379118","label":""},"geometry":{"type":"Polygon","coordinates":[[[120.39829010010209,29.87141889784141],[120.39920989990696,29.87108110216002],[120.40016805013471,29.87115809122804],[120.40211188422762,29.870037375556876],[120.40301632351827,29.86925816853909],[120.40195478651702,29.868784484864136],[120.40248965793648,29.868322999743043],[120.40387854682535,29.867904841105883],[120.40362145318386,29.86748966640988],[120.40127221001978,29.86659818013584],[120.40097222222676,29.866250000000775],[120.39887854682513,29.86637855529858],[120.39709204780178,29.869093382094434],[120.39760789659732,29.871364076403154],[120.39829010010209,29.87141889784141]]]}},{"type":"Feature","id":"hydrolakes:1379133","properties":{"Hylak_id":1379133,"Lake_name":"","Country":"China","Continent":"Asia","Poly_src":"SWBD","Lake_type":1,"Grand_id":0,"Lake_area":0.14,"Shore_len":1.93,"Shore_dev":1.45,"Vol_total":0.94,"Vol_res":0.0,"Vol_src":3,"Depth_avg":6.7,"Dis_avg":0.074,"Res_time":147.6,"Elevation":13,"Slope_100":10.57,"Wshd_area":3.7,"Pour_long":120.806078,"Pour_lat":29.864064,"source_id":"hydrolakes:1379133","label":""},"geometry":{"type":"Polygon","coordinates":[[[120.81026997884561,29.860285593669346],[120.81013888889339,29.86013888888965],[120.80779669868076,29.860762498644362],[120.80448981391515,29.863533994887348],[120.80547749837712,29.86610329522108],[120.80658772786921,29.86564952426562],[120.80723002116332,29.864730038113862],[120.80749220106804,29.862492184109897],[120.81034803602887,29.861595323351423],[120.81026997884561,29.860285593669346]]]}},{"type":"Feature","id":"hydrolakes:1379135","properties":{"Hylak_id":1379135,"Lake_name":"","Country":"China","Continent":"Asia","Poly_src":"SWBD","Lake_type":1,"Grand_id":0,"Lake_area":0.26,"Shore_len":2.7,"Shore_dev":1.5,"Vol_total":1.54,"Vol_res":0.0,"Vol_src":3,"Depth_avg":5.9,"Dis_avg":0.106,"Res_time":167.9,"Elevation":17,"Slope_100":6.76,"Wshd_area":5.4,"Pour_long":120.862102,"Pour_lat":29.862729,"source_id":"hydrolakes:1379135","label":""},"geometry":{"type":"Polygon","coordinates":[[[120.86948201497864,29.865897115072528],[120.86855339898466,29.86339106241934],[120.86558227539518,29.862268676758617],[120.8641901312979,29.860809902615813],[120.8629166666712,29.86013888888965],[120.86068257650192,29.860300377740543],[120.86114963108105,29.861159752740605],[120.86107754177971,29.862368511624652],[120.86276997884579,29.863341149224823],[120.8641744656079,29.863603295221026],[120.8649156358552,29.864768642850095],[120.86687310113314,29.864651972453544],[120.86721442329019,29.86611892700273],[120.86789028592045,29.86749218410995],[120.86941053602885,29.867096184625325],[120.86948201497864,29.865897115072528]]]}},{"type":"Feature","id":"hydrolakes:1379142","properties":{"Hylak_id":1379142,"Lake_name":"","Country":"China","Continent":"Asia","Poly_src":"SWBD","Lake_type":1,"Grand_id":0,"Lake_area":0.14,"Shore_len":2.08,"Shore_dev":1.58,"Vol_total":0.86,"Vol_res":0.0,"Vol_src":3,"Depth_avg":6.2,"Dis_avg":0.034,"Res_time":291.2,"Elevation":14,"Slope_100":9.24,"Wshd_area":1.7,"Pour_long":121.379648,"Pour_lat":29.857132,"source_id":"hydrolakes:1379142","label":""},"geometry":{"type":"Polygon","coordinates":[[[121.38053195529966,29.85742195977184],[121.37942979601166,29.856349572076454],[121.37661064996132,29.855835333930884],[121.37625000000469,29.855416666667452],[121.37332302517808,29.855545230442374],[121.37084364149763,29.856285400391414],[121.37119466146288,29.856819983589105],[121.37204155816431,29.857292531332178],[121.37597696940577,29.856976318360182],[121.37722222222675,29.85767106798039],[121.37805338542137,29.85720731947231],[121.37957872179271,29.857767452664575],[121.38053195529966,29.85742195977184]]]}},{"type":"Feature","id":"hydrolakes:1379152","properties":{"Hylak_id":1379152,"Lake_name":"","Country":"China","Continent":"Asia","Poly_src":"SWBD","Lake_type":1,"Grand_id":0,"Lake_area":0.23,"Shore_len":3.94,"Shore_dev":2.32,"Vol_total":1.03,"Vol_res":0.0,"Vol_src":3,"Depth_avg":4.5,"Dis_avg":9.432,"Res_time":1.3,"Elevation":13,"Slope_100":4.02,"Wshd_area":456.4,"Pour_long":120.784898,"Pour_lat":29.8524,"source_id":"hydrolakes:1379152","label":""},"geometry":{"type":"Polygon","coordinates":[[[120.78144314236562,29.849271460639898],[120.77915703667998,29.849178602431323],[120.77869906955755,29.848152228462084],[120.77748969184478,29.847788102892594],[120.77541666667128,29.844027777778535],[120.77458733453142,29.84427746243017],[120.7753963894362,29.847939436171544],[120.77769775391079,29.84923997667181],[120.77874457465748,29.850455000136492],[120.78249260796917,29.850884653727974],[120.78440517849839,29.852532450358808],[120.78195475260884,29.85527772691586],[120.78271979438381,29.855689849854343],[120.78417697483093,29.8541769917814],[120.78541944716187,29.852325066461276],[120.78396172417996,29.850573103163754],[120.78144314236562,29.849271460639898]]]}},{"type":"Feature","id":"hydrolakes:1379175","properties":{"Hylak_id":1379175,"Lake_name":"","Country":"China","Continent":"Asia","Poly_src":"SWBD","Lake_type":1,"Grand_id":0,"Lake_area":0.24,"Shore_len":3.27,"Shore_dev":1.89,"Vol_total":1.98,"Vol_res":0.0,"Vol_src":3,"Depth_avg":8.3,"Dis_avg":0.221,"Res_time":103.7,"Elevation":55,"Slope_100":13.94,"Wshd_area":10.4,"Pour_long":121.836458,"Pour_lat":29.844033,"source_id":"hydrolakes:1379175","label":""},"geometry":{"type":"Polygon","coordinates":[[[121.83776245117656,29.843317972819875],[121.8384952799525,29.842314707438902],[121.839303521055,29.840128343370964],[121.83914862739181,29.838882853190853],[121.83961100260882,29.83726382785443],[121.83902777778246,29.83597222222295],[121.8385240342929,29.83611626519172],[121.83795464410179,29.83682729085365],[121.83813964844228,29.83887037489228],[121.8374846733987,29.83998463948643],[121.83701972114176,29.84161080254529],[121.83576822917126,29.843099297418235],[121.83356106228763,29.843148159451687],[121.83129421658464,29.841959804959515],[121.83171034071654,29.84341727362812],[121.8335270182339,29.844304945204783],[121.83441799588132,29.845417429606925],[121.83662163628946,29.845817972819816],[121.83776245117656,29.843317972819875]]]}},{"type":"Feature","id":"hydrolakes:1379178","properties":{"Hylak_id":1379178,"Lake_name":"","Country":"China","Continent":"Asia","Poly_src":"SWBD","Lake_type":1,"Grand_id":0,"Lake_area":0.5,"Shore_len":3.79,"Shore_dev":1.51,"Vol_total":2.94,"Vol_res":0.0,"Vol_src":3,"Depth_avg":5.9,"Dis_avg":0.096,"Res_time":355.0,"Elevation":10,"Slope_100":5.45,"Wshd_area":4.8,"Pour_long":120.88951,"Pour_lat":29.843872,"source_id":"hydrolakes:1379178","label":""},"geometry":{"type":"Polygon","coordinates":[[[120.88979621039982,29.849887864855305],[120.892002224397,29.84819620768309],[120.89443013509566,29.848832414415995],[120.89447747125035,29.847638888889605],[120.89353332519983,29.847193298340756],[120.89195142958357,29.845592617459545],[120.89197794596816,29.843738861084773],[120.89160515679714,29.842561509874827],[120.89049248589862,29.842209235298014],[120.8898611111158,29.841527777778595],[120.88815416124584,29.841676517063433],[120.8858605957077,29.843019290500933],[120.88536702474426,29.843952145047467],[120.88609524197511,29.844738108317813],[120.88725918240482,29.845287424724063],[120.88688279894114,29.848536817763375],[120.88842631022601,29.848904469808645],[120.88827433268676,29.852738460965497],[120.8893847656297,29.8533260430238],[120.88979621039982,29.849887864855305]]]}},{"type":"Feature","id":"hydrolakes:1379191","properties":{"Hylak_id":1379191,"Lake_name":"","Country":"China","Continent":"Asia","Poly_src":"SWBD","Lake_type":1,"Grand_id":0,"Lake_area":0.69,"Shore_len":6.28,"Shore_dev":2.14,"Vol_total":6.1,"Vol_res":0.0,"Vol_src":3,"Depth_avg":8.9,"Dis_avg":0.301,"Res_time":234.5,"Elevation":49,"Slope_100":11.6,"Wshd_area":14.5,"Pour_long":120.444792,"Pour_lat":29.836651,"source_id":"hydrolakes:1379191","label":""},"geometry":{"type":"Polygon","coordinates":[[[120.45138610840291,29.84333611382459],[120.45054192437544,29.842763875326227],[120.44864264594634,29.842802649604664],[120.44754723443384,29.841750166152053],[120.44694722493944,29.840552775065873],[120.44556070964,29.83872553507564],[120.44555267334442,29.837219662137272],[120.44595150418218,29.83644544813444],[120.44569444444903,29.83569444444521],[120.44221944173631,29.836108330621414],[120.44000278049492,29.836797960070157],[120.44072194417771,29.838082784017672],[120.4423277791388,29.839135606554578],[120.44390591092025,29.841432478163767],[120.44586025662352,29.843367021349536],[120.44750278049503,29.844163886176943],[120.45025014241986,29.84598353068111],[120.45067223443397,29.84771496243019],[120.45277499729178,29.851509924995298],[120.45221208360914,29.85252605862172],[120.45139211019341,29.853313886855176],[120.4513529120598,29.85523468017658],[120.45302564833366,29.856941663954785],[120.45360765245687,29.85591062757777],[120.45223982069678,29.854108005100557],[120.45301944309261,29.852594604493106],[120.45370079888693,29.849801415338163],[120.4544114515561,29.848421868219077],[120.45445332845509,29.846370188395895],[120.45334984673849,29.84530999077765],[120.4525605604428,29.84410610622905],[120.45138610840291,29.84333611382459]]]}},{"type":"Feature","id":"hydrolakes:1379199","properties":{"Hylak_id":1379199,"Lake_name":"","Country":"China","Continent":"Asia","Poly_src":"SWBD","Lake_type":1,"Grand_id":0,"Lake_area":0.24,"Shore_len":2.56,"Shore_dev":1.46,"Vol_total":1.47,"Vol_res":0.0,"Vol_src":3,"Depth_avg":6.1,"Dis_avg":0.107,"Res_time":159.0,"Elevation":47,"Slope_100":7.23,"Wshd_area":5.0,"Pour_long":121.880373,"Pour_lat":29.834375,"source_id":"hydrolakes:1379199","label":""},"geometry":{"type":"Polygon","coordinates":[[[121.8815795898484,29.834171786838965],[121.88136027018697,29.83240849812904],[121.87945027669736,29.831248423259296],[121.87930555556034,29.83041666666753],[121.87876980252196,29.83056986490965],[121.8789359537808,29.831905924479884],[121.87843967014345,29.832750176324566],[121.87715020074268,29.831992187500703],[121.87484931098561,29.831682027181728],[121.87418199327726,29.832515360515174],[121.87334865994382,29.832966817220836],[121.87418199327726,29.833317972819714],[121.87526245117652,29.834182027181782],[121.8789777289544,29.83561099582323],[121.87966701931907,29.836929083930897],[121.87998467339878,29.83581797281977],[121.8815795898484,29.834171786838965]]]}},{"type":"Feature","id":"hydrolakes:1379208","properties":{"Hylak_id":1379208,"Lake_name":"","Country":"China","Continent":"Asia","Poly_src":"SWBD","Lake_type":1,"Grand_id":0,"Lake_area":0.14,"Shore_len":1.52,"Shore_dev":1.16,"Vol_total":0.78,"Vol_res":0.0,"Vol_src":3,"Depth_avg":5.8,"Dis_avg":0.064,"Res_time":141.9,"Elevation":20,"Slope_100":8.0,"Wshd_area":3.0,"Pour_long":121.917055,"Pour_lat":29.829765,"source_id":"hydrolakes:1379208","label":""},"geometry":{"type":"Polygon","coordinates":[[[121.91623440213152,29.827098965115738],[121.91597222222686,29.826805555556348],[121.91423583984835,29.826953769260797],[121.91223727756534,29.827570885553143],[121.91481106228753,29.82973885430306],[121.91603013780838,29.831103295221],[121.91748806424084,29.830060543484876],[121.9175923665411,29.828312259250993],[121.91623440213152,29.827098965115738]]]}},{"type":"Feature","id":"hydrolakes:1379237","properties":{"Hylak_id":1379237,"Lake_name":"","Country":"China","Continent":"Asia","Poly_src":"SWBD","Lake_type":1,"Grand_id":0,"Lake_area":0.22,"Shore_len":2.21,"Shore_dev":1.32,"Vol_total":1.3,"Vol_res":0.0,"Vol_src":3,"Depth_avg":5.9,"Dis_avg":0.042,"Res_time":359.6,"Elevation":66,"Slope_100":6.93,"Wshd_area":1.9,"Pour_long":120.138153,"Pour_lat":29.820365,"source_id":"hydrolakes:1379237","label":""},"geometry":{"type":"Polygon","coordinates":[[[120.14026996189142,29.82250781589164],[120.1399128892732,29.820973120796168],[120.13804773966933,29.820007815891586],[120.13763888889349,29.819305555556355],[120.13251374986896,29.82036963568885],[120.13355502658868,29.82245230780785],[120.1357228088425,29.821674482558308],[120.1371620686894,29.822827623156172],[120.13760494656475,29.824261881511177],[120.13983608670162,29.823742760553102],[120.14057990180567,29.82307817247255],[120.14026996189142,29.82250781589164]]]}},{"type":"Feature","id":"hydrolakes:1379238","properties":{"Hylak_id":1379238,"Lake_name":"","Country":"China","Continent":"Asia","Poly_src":"SWBD","Lake_type":1,"Grand_id":0,"Lake_area":0.46,"Shore_len":5.09,"Shore_dev":2.11,"Vol_total":2.19,"Vol_res":0.0,"Vol_src":3,"Depth_avg":4.7,"Dis_avg":4.673,"Res_time":5.4,"Elevation":12,"Slope_100":3.55,"Wshd_area":234.6,"Pour_long":120.898,"Pour_lat":29.820417,"source_id":"hydrolakes:1379238","label":""},"geometry":{"type":"Polygon","coordinates":[[[120.90411071777794,29.824818166097714],[120.90443413628924,29.823045230442347],[120.90633185493084,29.820829111735918],[120.90834364149754,29.820565880670244],[120.90903137207499,29.81976764255171],[120.90987657335546,29.8193904961488],[120.91071580675367,29.818050604926952],[120.91268805610258,29.81745683458189],[120.91375718858967,29.81565221150794],[120.91291666667115,29.81430555555636],[120.91216627333358,29.814442443848407],[120.9114434814498,29.81528135511695],[120.90971191406732,29.815545230442353],[120.90880791558612,29.81761625501923],[120.90648037381101,29.817429233127882],[120.90547593858969,29.819778340658388],[120.90311462402798,29.820314788819132],[120.90277248806888,29.821451144749176],[120.901913452153,29.822191229927114],[120.90138393826413,29.823950059679646],[120.90062839084652,29.823073103163836],[120.89998969184501,29.822788102892446],[120.89813191732225,29.81973254733697],[120.89723253038647,29.82036704169451],[120.89834364149772,29.821934119331218],[120.89867892795593,29.8230477566197],[120.90067606608517,29.824768337674413],[120.90411071777794,29.824818166097714]]]}},{"type":"Feature","id":"hydrolakes:1379261","properties":{"Hylak_id":1379261,"Lake_name":"","Country":"China","Continent":"Asia","Poly_src":"SWBD","Lake_type":1,"Grand_id":0,"Lake_area":0.22,"Shore_len":2.54,"Shore_dev":1.54,"Vol_total":1.41,"Vol_res":0.0,"Vol_src":3,"Depth_avg":6.5,"Dis_avg":0.062,"Res_time":262.5,"Elevation":77,"Slope_100":8.64,"Wshd_area":2.8,"Pour_long":120.188048,"Pour_lat":29.807625,"source_id":"hydrolakes:1379261","label":""},"geometry":{"type":"Polygon","coordinates":[[[120.1840277777822,29.81002231174125],[120.18481519911467,29.80995905558342],[120.18539599948912,29.809284888374236],[120.18684819539834,29.808847673204923],[120.18824183146614,29.808959655762465],[120.1886523268006,29.8075962490513],[120.18859734429697,29.806912078858147],[120.18749101427329,29.807000969781598],[120.18708333333785,29.806527777778513],[120.18368681166356,29.80790661282083],[120.18183081733304,29.807757483589057],[120.18087829590309,29.80665189955039],[120.18044192844417,29.806686960856894],[120.1785748291062,29.808854098850475],[120.1786349487349,29.80960222032411],[120.17950664944561,29.809115871854033],[120.18081995646611,29.809221394857502],[120.1829858228939,29.8100167677145],[120.1840277777822,29.81002231174125]]]}},{"type":"Feature","id":"hydrolakes:1379273","properties":{"Hylak_id":1379273,"Lake_name":"","Country":"China","Continent":"Asia","Poly_src":"SWBD","Lake_type":1,"Grand_id":0,"Lake_area":0.15,"Shore_len":1.91,"Shore_dev":1.41,"Vol_total":0.97,"Vol_res":0.0,"Vol_src":3,"Depth_avg":6.6,"Dis_avg":0.12,"Res_time":94.0,"Elevation":71,"Slope_100":10.24,"Wshd_area":6.0,"Pour_long":120.943813,"Pour_lat":29.802736,"source_id":"hydrolakes:1379273","label":""},"geometry":{"type":"Polygon","coordinates":[[[120.94332051595518,29.800290629069707],[120.94319444444909,29.80013888888959],[120.94267991808175,29.80028988308453],[120.94286865234847,29.80214150322894],[120.94143351237432,29.803862474230357],[120.94321607802107,29.804180128310293],[120.94631103516087,29.805499793159413],[120.94682189941875,29.804321882460613],[120.94804273817738,29.8037924024801],[120.94665384928851,29.803346184625298],[120.94498718262167,29.80223507351417],[120.94332051595518,29.800290629069707]]]}},{"type":"Feature","id":"hydrolakes:1379295","properties":{"Hylak_id":1379295,"Lake_name":"","Country":"China","Continent":"Asia","Poly_src":"SWBD","Lake_type":1,"Grand_id":0,"Lake_area":0.19,"Shore_len":1.82,"Shore_dev":1.18,"Vol_total":0.92,"Vol_res":0.0,"Vol_src":3,"Depth_avg":4.9,"Dis_avg":0.629,"Res_time":16.9,"Elevation":121,"Slope_100":5.04,"Wshd_area":27.2,"Pour_long":120.10044,"Pour_lat":29.794275,"source_id":"hydrolakes:1379295","label":""},"geometry":{"type":"Polygon","coordinates":[[[120.10000781589542,29.795285593669405],[120.10052044339119,29.7947118462464],[120.10110138787621,29.794746483697622],[120.10113398234512,29.79419965956015],[120.09966697693318,29.79299601237051],[120.09847222222686,29.79236111111186],[120.09617290073419,29.792527313233165],[120.09389949375174,29.79384982638959],[120.09387020535388,29.794341295031188],[120.09914923774323,29.796542426216035],[120.0991579606843,29.795826093886376],[120.10000781589542,29.795285593669405]]]}},{"type":"Feature","id":"hydrolakes:1379309","properties":{"Hylak_id":1379309,"Lake_name":"","Country":"China","Continent":"Asia","Poly_src":"SWBD","Lake_type":1,"Grand_id":0,"Lake_area":0.73,"Shore_len":6.58,"Shore_dev":2.17,"Vol_total":6.28,"Vol_res":0.0,"Vol_src":3,"Depth_avg":8.6,"Dis_avg":0.971,"Res_time":74.8,"Elevation":24,"Slope_100":10.66,"Wshd_area":46.4,"Pour_long":121.738542,"Pour_lat":29.790269,"source_id":"hydrolakes:1379309","label":""},"geometry":{"type":"Polygon","coordinates":[[[121.74690185547342,29.7928751288527],[121.7476308865065,29.792059224447314],[121.74905775282576,29.7925712246373],[121.75101738824253,29.791911231147708],[121.74988918728758,29.790296003554317],[121.7493713378953,29.788618927002744],[121.74554768880682,29.788881072998777],[121.7449534776523,29.789471164280314],[121.74434312608963,29.790801018609727],[121.74168999566433,29.79115380181281],[121.7412182617233,29.790625864665458],[121.73906751845078,29.789457126194463],[121.73639675564709,29.78883570353264],[121.73727932400635,29.788285030789552],[121.73941202799949,29.787626444499494],[121.73935058594208,29.7838429429803],[121.74009114583805,29.78123346964594],[121.74084798177557,29.780557217068917],[121.74013888889351,29.77958333333413],[121.7386032443622,29.779714406332175],[121.73781019423211,29.78048222859792],[121.73734849718363,29.78442314995732],[121.73503960503945,29.78805353800533],[121.73371093750455,29.78846382988894],[121.73355563694037,29.79106892903718],[121.73459608290398,29.791634318034596],[121.73695081923233,29.791774664985496],[121.73867689345082,29.79115531073768],[121.74122911241795,29.791749131945153],[121.74167643229629,29.79224970499746],[121.745693223746,29.793325517443293],[121.74690185547342,29.7928751288527]]]}},{"type":"Feature","id":"hydrolakes:1379323","properties":{"Hylak_id":1379323,"Lake_name":"","Country":"China","Continent":"Asia","Poly_src":"SWBD","Lake_type":1,"Grand_id":0,"Lake_area":0.14,"Shore_len":1.61,"Shore_dev":1.21,"Vol_total":0.9,"Vol_res":0.0,"Vol_src":3,"Depth_avg":6.4,"Dis_avg":0.023,"Res_time":450.9,"Elevation":545,"Slope_100":9.82,"Wshd_area":1.1,"Pour_long":121.251042,"Pour_lat":29.781009,"source_id":"hydrolakes:1379323","label":""},"geometry":{"type":"Polygon","coordinates":[[[121.25498969184503,29.779454769559095],[121.25360080295599,29.779434119331256],[121.24917697483096,29.780415683323326],[121.24962931315582,29.782145877415076],[121.25550469293,29.78160605536641],[121.25562540690561,29.78010335286541],[121.25498969184503,29.779454769559095]]]}},{"type":"Feature","id":"hydrolakes:1379324","properties":{"Hylak_id":1379324,"Lake_name":"","Country":"China","Continent":"Asia","Poly_src":"SWBD","Lake_type":1,"Grand_id":0,"Lake_area":0.82,"Shore_len":3.67,"Shore_dev":1.14,"Vol_total":1.76,"Vol_res":0.0,"Vol_src":3,"Depth_avg":2.1,"Dis_avg":0.234,"Res_time":86.9,"Elevation":0,"Slope_100":0.56,"Wshd_area":11.0,"Pour_long":121.93085,"Pour_lat":29.781274,"source_id":"hydrolakes:1379324","label":""},"geometry":{"type":"Polygon","coordinates":[[[121.92721191406707,29.775843658447968],[121.92708333333798,29.775694444445207],[121.92620402018701,29.776451958551093],[121.92536580404112,29.77999615139504],[121.92339246962268,29.780356123183253],[121.92265028212267,29.783549516466735],[121.92311835395435,29.785610012479026],[121.92788736979622,29.787063632541958],[121.93025770399777,29.78725409613793],[121.931100802956,29.786656341553453],[121.93276746962289,29.786277703179962],[121.93251030816435,29.783045230442326],[121.9319656033033,29.7820689053014],[121.93199679904973,29.78087661743234],[121.93002075195784,29.778012729221643],[121.92721191406707,29.775843658447968]]]}},{"type":"Feature","id":"hydrolakes:1379334","properties":{"Hylak_id":1379334,"Lake_name":"","Country":"China","Continent":"Asia","Poly_src":"SWBD","Lake_type":1,"Grand_id":0,"Lake_area":0.19,"Shore_len":2.76,"Shore_dev":1.8,"Vol_total":0.56,"Vol_res":0.0,"Vol_src":3,"Depth_avg":3.0,"Dis_avg":0.106,"Res_time":60.6,"Elevation":31,"Slope_100":1.82,"Wshd_area":5.2,"Pour_long":120.777374,"Pour_lat":29.776883,"source_id":"hydrolakes:1379334","label":""},"geometry":{"type":"Polygon","coordinates":[[[120.77857286241783,29.77544743855873],[120.77741000705743,29.77440841674894],[120.77627875434496,29.77447584364222],[120.77569444444902,29.77347222222295],[120.77471442329016,29.773603295221108],[120.77398071289531,29.774001973470774],[120.77088935004804,29.77381771511574],[120.77028557671889,29.774417199029642],[120.77250779894132,29.774714406332123],[120.7736111111156,29.775110287137238],[120.77495897081633,29.774626651340782],[120.77634609646742,29.776179080539976],[120.77665886773451,29.77742685953848],[120.77524156358953,29.777864515517308],[120.77529242621995,29.77871785481841],[120.7783172607468,29.778537563748614],[120.77971442329016,29.777311926948414],[120.77857286241783,29.77544743855873]]]}},{"type":"Feature","id":"hydrolakes:1379354","properties":{"Hylak_id":1379354,"Lake_name":"","Country":"China","Continent":"Asia","Poly_src":"SWBD","Lake_type":1,"Grand_id":0,"Lake_area":0.12,"Shore_len":2.23,"Shore_dev":1.81,"Vol_total":0.93,"Vol_res":0.0,"Vol_src":3,"Depth_avg":7.7,"Dis_avg":0.311,"Res_time":34.6,"Elevation":49,"Slope_100":14.8,"Wshd_area":15.1,"Pour_long":121.292105,"Pour_lat":29.767137,"source_id":"hydrolakes:1379354","label":""},"geometry":{"type":"Polygon","coordinates":[[[121.29343668620243,29.766530202230513],[121.28801472982241,29.76560818142434],[121.28763888889353,29.765138888889737],[121.28408420139345,29.765264790853564],[121.28343248155852,29.76637352837531],[121.28473754883265,29.76612647162608],[121.28552056207053,29.76566623263966],[121.28883300781723,29.767197943794145],[121.29328450521291,29.767754109701286],[121.29343668620243,29.766530202230513]]]}},{"type":"Feature","id":"hydrolakes:1379357","properties":{"Hylak_id":1379357,"Lake_name":"","Country":"China","Continent":"Asia","Poly_src":"SWBD","Lake_type":1,"Grand_id":0,"Lake_area":0.14,"Shore_len":1.98,"Shore_dev":1.52,"Vol_total":0.76,"Vol_res":0.0,"Vol_src":3,"Depth_avg":5.6,"Dis_avg":0.075,"Res_time":117.2,"Elevation":47,"Slope_100":7.48,"Wshd_area":3.5,"Pour_long":120.406396,"Pour_lat":29.76455,"source_id":"hydrolakes:1379357","label":""},"geometry":{"type":"Polygon","coordinates":[[[120.40806589762826,29.76251032511476],[120.40847222222703,29.759305555556352],[120.40776743571428,29.759434119331218],[120.40642547607871,29.76195475260488],[120.40610304091172,29.763722313775702],[120.40445478651708,29.764548848470895],[120.40482184516503,29.765604214139273],[120.40572828505242,29.76665634155347],[120.4064566379169,29.766377207438836],[120.40736470540816,29.76532319810724],[120.40807512071848,29.76500620524172],[120.40751681858086,29.764005533854856],[120.40806589762826,29.76251032511476]]]}},{"type":"Feature","id":"hydrolakes:1379361","properties":{"Hylak_id":1379361,"Lake_name":"","Country":"China","Continent":"Asia","Poly_src":"SWBD","Lake_type":1,"Grand_id":0,"Lake_area":0.11,"Shore_len":1.8,"Shore_dev":1.56,"Vol_total":0.56,"Vol_res":0.0,"Vol_src":3,"Depth_avg":5.3,"Dis_avg":0.096,"Res_time":67.9,"Elevation":39,"Slope_100":7.16,"Wshd_area":4.5,"Pour_long":120.34443,"Pour_lat":29.758033,"source_id":"hydrolakes:1379361","label":""},"geometry":{"type":"Polygon","coordinates":[[[120.34498213026723,29.75835122002576],[120.34458333333777,29.757638888889744],[120.34391994900619,29.75782362196253],[120.34571417914958,29.761604326036945],[120.34501786974187,29.76337551540888],[120.3456931559291,29.76442655775361],[120.34672756619369,29.763884226481878],[120.34660719130221,29.76306978013855],[120.3473216756231,29.762518293593416],[120.34682701959014,29.760174289280314],[120.34585120307554,29.758593224420224],[120.34498213026723,29.75835122002576]]]}},{"type":"Feature","id":"hydrolakes:1379362","properties":{"Hylak_id":1379362,"Lake_name":"","Country":"China","Continent":"Asia","Poly_src":"SWBD","Lake_type":1,"Grand_id":0,"Lake_area":0.88,"Shore_len":4.3,"Shore_dev":1.29,"Vol_total":2.11,"Vol_res":0.0,"Vol_src":3,"Depth_avg":2.4,"Dis_avg":0.016,"Res_time":1523.0,"Elevation":0,"Slope_100":0.7,"Wshd_area":0.7,"Pour_long":121.895487,"Pour_lat":29.757557,"source_id":"hydrolakes:1379362","label":""},"geometry":{"type":"Polygon","coordinates":[[[121.90666937934492,29.76028055826896],[121.90699761285185,29.758599802653748],[121.90825602214,29.7554973856615],[121.90666395399768,29.75472500271337],[121.90561971029115,29.753638170031138],[121.90471028646294,29.755025261773767],[121.90207790799076,29.7550057813865],[121.90072496202725,29.75291922675308],[121.89930555556015,29.75236111111184],[121.89717217339887,29.754099612766595],[121.89798706055143,29.755301886665222],[121.89666408963132,29.75527489556282],[121.89609185113312,29.75556966145905],[121.8950008138068,29.757751719157568],[121.89472493490052,29.759546525743986],[121.89622856988319,29.76003445095563],[121.89886962891103,29.75998055352187],[121.89999728733108,29.760836113824496],[121.90165256076847,29.761373257108005],[121.90438910590734,29.763330552843627],[121.90666937934492,29.76028055826896]]]}},{"type":"Feature","id":"hydrolakes:1379369","properties":{"Hylak_id":1379369,"Lake_name":"","Country":"China","Continent":"Asia","Poly_src":"SWBD","Lake_type":1,"Grand_id":0,"Lake_area":0.6,"Shore_len":4.52,"Shore_dev":1.65,"Vol_total":3.24,"Vol_res":0.0,"Vol_src":3,"Depth_avg":5.4,"Dis_avg":0.463,"Res_time":81.1,"Elevation":70,"Slope_100":4.29,"Wshd_area":22.6,"Pour_long":120.790666,"Pour_lat":29.751065,"source_id":"hydrolakes:1379369","label":""},"geometry":{"type":"Polygon","coordinates":[[[120.79284878201412,29.74925560845338],[120.79029873318615,29.747058631050038],[120.78996805827279,29.745960371230126],[120.7860586208813,29.745561591255125],[120.78569444444906,29.74513888888964],[120.78225023058172,29.745277048747482],[120.7812950303865,29.74587532891246],[120.78015597873724,29.74719745212201],[120.77711866591176,29.7487663438593],[120.77501030816421,29.750475938585907],[120.77565707737,29.750702175565095],[120.77741909451424,29.749719085694096],[120.78110066732228,29.749343549941102],[120.78239495171908,29.74862143622579],[120.78417697483093,29.74887856377569],[120.78794521756106,29.749483964708872],[120.78962463379366,29.75093090481306],[120.79144626194028,29.753045230442353],[120.7925103081642,29.752788102892453],[120.79307047526504,29.751668802897882],[120.792729492192,29.75074022081236],[120.79284878201412,29.74925560845338]]]}},{"type":"Feature","id":"hydrolakes:1379375","properties":{"Hylak_id":1379375,"Lake_name":"","Country":"China","Continent":"Asia","Poly_src":"SWBD","Lake_type":1,"Grand_id":0,"Lake_area":0.17,"Shore_len":1.76,"Shore_dev":1.19,"Vol_total":0.8,"Vol_res":0.0,"Vol_src":3,"Depth_avg":4.5,"Dis_avg":0.06,"Res_time":153.5,"Elevation":4,"Slope_100":4.43,"Wshd_area":2.8,"Pour_long":122.085167,"Pour_lat":29.745587,"source_id":"hydrolakes:1379375","label":""},"geometry":{"type":"Polygon","coordinates":[[[122.08165581597683,29.748633236356],[122.08464979384166,29.748272535536785],[122.08700127496121,29.745636630588876],[122.08680555556032,29.74513888888964],[122.08140028212273,29.745802663168092],[122.07983005100289,29.7464888509121],[122.0800558810812,29.748016611735807],[122.08165581597683,29.748633236356]]]}},{"type":"Feature","id":"hydrolakes:1379383","properties":{"Hylak_id":1379383,"Lake_name":"","Country":"China","Continent":"Asia","Poly_src":"SWBD","Lake_type":1,"Grand_id":0,"Lake_area":0.18,"Shore_len":2.79,"Shore_dev":1.86,"Vol_total":1.44,"Vol_res":0.0,"Vol_src":3,"Depth_avg":8.0,"Dis_avg":0.086,"Res_time":193.1,"Elevation":46,"Slope_100":14.27,"Wshd_area":4.1,"Pour_long":121.350452,"Pour_lat":29.74289,"source_id":"hydrolakes:1379383","label":""},"geometry":{"type":"Polygon","coordinates":[[[121.35080715603755,29.7437987264006],[121.35092352973561,29.74234927707323],[121.3503447808207,29.741677415636673],[121.3499820963587,29.742881791857315],[121.34674886068183,29.740979665121188],[121.3438785807337,29.740010325114724],[121.34271809896285,29.738663313124675],[121.34160441081184,29.738328026666352],[121.34125000000455,29.737916666667388],[121.34028808594206,29.738206278483915],[121.34110080295608,29.73917699178145],[121.34471381293872,29.742234056261566],[121.34660034180149,29.7426338704434],[121.34736572266087,29.743522203234193],[121.35080715603755,29.7437987264006]]]}},{"type":"Feature","id":"hydrolakes:1379414","properties":{"Hylak_id":1379414,"Lake_name":"","Country":"China","Continent":"Asia","Poly_src":"SWBD","Lake_type":1,"Grand_id":0,"Lake_area":0.13,"Shore_len":1.57,"Shore_dev":1.25,"Vol_total":0.6,"Vol_res":0.0,"Vol_src":3,"Depth_avg":4.8,"Dis_avg":0.067,"Res_time":104.1,"Elevation":32,"Slope_100":5.45,"Wshd_area":3.2,"Pour_long":121.619052,"Pour_lat":29.730299,"source_id":"hydrolakes:1379414","label":""},"geometry":{"type":"Polygon","coordinates":[[[121.62090454102031,29.72868228488568],[121.62208333333803,29.72708333333418],[121.62056844075994,29.72751285129192],[121.61723510742661,29.727886657715544],[121.61766316732229,29.731025221083655],[121.61876057943198,29.73165381537615],[121.62003675673213,29.730683288574937],[121.62090454102031,29.72868228488568]]]}},{"type":"Feature","id":"hydrolakes:1379450","properties":{"Hylak_id":1379450,"Lake_name":"","Country":"China","Continent":"Asia","Poly_src":"SWBD","Lake_type":1,"Grand_id":0,"Lake_area":0.29,"Shore_len":4.45,"Shore_dev":2.34,"Vol_total":2.59,"Vol_res":0.0,"Vol_src":3,"Depth_avg":9.1,"Dis_avg":0.758,"Res_time":39.6,"Elevation":150,"Slope_100":15.9,"Wshd_area":32.6,"Pour_long":120.042277,"Pour_lat":29.707253,"source_id":"hydrolakes:1379450","label":""},"geometry":{"type":"Polygon","coordinates":[[[120.03966949039483,29.708048265245964],[120.04271275838676,29.707699483236468],[120.04291666667115,29.706527777778547],[120.04129467434797,29.70720686170864],[120.03808124118837,29.70660085042391],[120.03738857693594,29.71032101101423],[120.03779314253529,29.711373528375304],[120.03804019080724,29.713626471626128],[120.03859574636294,29.71498423258538],[120.03747422536657,29.716386549208607],[120.0381396314877,29.71751851399813],[120.03801829444512,29.718494025337066],[120.03893704308854,29.719751756456844],[120.03895050896989,29.721189829509285],[120.03983919356062,29.721079288059514],[120.03970419566292,29.71999396430192],[120.04008706411184,29.718653157552865],[120.03970685747385,29.718348693848384],[120.03877629598429,29.716599629720804],[120.038924687708,29.715406629775146],[120.04053662618452,29.714945746528542],[120.04081796858515,29.713238016765217],[120.03915130191825,29.712237582737373],[120.0389042536462,29.711711730957745],[120.03994752248582,29.710283542209993],[120.03966949039483,29.708048265245964]]]}},{"type":"Feature","id":"hydrolakes:1379460","properties":{"Hylak_id":1379460,"Lake_name":"","Country":"China","Continent":"Asia","Poly_src":"SWBD","Lake_type":1,"Grand_id":0,"Lake_area":0.17,"Shore_len":1.6,"Shore_dev":1.11,"Vol_total":0.84,"Vol_res":0.0,"Vol_src":3,"Depth_avg":5.0,"Dis_avg":0.05,"Res_time":194.6,"Elevation":29,"Slope_100":5.55,"Wshd_area":2.2,"Pour_long":120.182759,"Pour_lat":29.69629,"source_id":"hydrolakes:1379460","label":""},"geometry":{"type":"Polygon","coordinates":[[[120.18442908393462,29.69307091607061],[120.18430555556017,29.69291666666743],[120.18144141303611,29.693049960666997],[120.1813715277824,29.693611823188633],[120.18166605631956,29.695966729058853],[120.18300915188712,29.69678249783061],[120.1834107632153,29.697735595703875],[120.18443060981355,29.697862447103773],[120.18541971842922,29.696230977377127],[120.18560975816962,29.694703131782376],[120.18524088542131,29.693413018121362],[120.18442908393462,29.69307091607061]]]}},{"type":"Feature","id":"hydrolakes:1379507","properties":{"Hylak_id":1379507,"Lake_name":"","Country":"China","Continent":"Asia","Poly_src":"SWBD","Lake_type":1,"Grand_id":0,"Lake_area":0.68,"Shore_len":5.18,"Shore_dev":1.77,"Vol_total":5.54,"Vol_res":0.0,"Vol_src":3,"Depth_avg":8.1,"Dis_avg":1.139,"Res_time":56.3,"Elevation":82,"Slope_100":9.63,"Wshd_area":49.1,"Pour_long":120.084717,"Pour_lat":29.668256,"source_id":"hydrolakes:1379507","label":""},"geometry":{"type":"Polygon","coordinates":[[[120.08418959724042,29.669869147407383],[120.08610077752462,29.669293721517704],[120.08549006992365,29.667233954536243],[120.08445477803997,29.666656324599217],[120.0794341108579,29.66528811984665],[120.07772616916691,29.66446624755946],[120.07595156352181,29.662937316895352],[120.07309311761247,29.659887356228978],[120.07165633308006,29.659454786513265],[120.07097222222666,29.6581944444452],[120.06977158440935,29.658413458930852],[120.06966569689041,29.659731207954337],[120.0724896664135,29.662711181641384],[120.07210102505621,29.663247341580757],[120.07054522196916,29.663600769043683],[120.06889922248439,29.664395005968572],[120.06915919834154,29.665298055013864],[120.0715968577112,29.664251946344052],[120.07362144470687,29.66471188015487],[120.07584521823907,29.667491014269444],[120.07580987718825,29.66793080647858],[120.07874675327321,29.66891628689308],[120.08010658264624,29.669674987793655],[120.08418959724042,29.669869147407383]]]}},{"type":"Feature","id":"hydrolakes:1379516","properties":{"Hylak_id":1379516,"Lake_name":"","Country":"China","Continent":"Asia","Poly_src":"SWBD","Lake_type":1,"Grand_id":0,"Lake_area":0.2,"Shore_len":2.16,"Shore_dev":1.38,"Vol_total":1.18,"Vol_res":0.0,"Vol_src":3,"Depth_avg":6.0,"Dis_avg":0.069,"Res_time":197.1,"Elevation":15,"Slope_100":7.68,"Wshd_area":3.2,"Pour_long":121.726922,"Pour_lat":29.664444,"source_id":"hydrolakes:1379516","label":""},"geometry":{"type":"Polygon","coordinates":[[[121.72823784722698,29.663816799588517],[121.72720499674944,29.662167799208703],[121.72526882595957,29.662323371040372],[121.72458333333805,29.66152777777853],[121.72389919705319,29.66173373752241],[121.7241563585115,29.66306589762445],[121.725102132166,29.665051642524645],[121.7262339952303,29.666365288629322],[121.72691718207932,29.666420186361393],[121.72998969184488,29.665545213488144],[121.73221191406742,29.665206604004595],[121.7318557400219,29.66490607367689],[121.72823784722698,29.663816799588517]]]}},{"type":"Feature","id":"hydrolakes:1379533","properties":{"Hylak_id":1379533,"Lake_name":"","Country":"China","Continent":"Asia","Poly_src":"SWBD","Lake_type":1,"Grand_id":0,"Lake_area":0.17,"Shore_len":2.35,"Shore_dev":1.62,"Vol_total":0.8,"Vol_res":0.0,"Vol_src":3,"Depth_avg":4.8,"Dis_avg":0.051,"Res_time":181.3,"Elevation":168,"Slope_100":4.92,"Wshd_area":2.4,"Pour_long":120.739925,"Pour_lat":29.656301,"source_id":"hydrolakes:1379533","label":""},"geometry":{"type":"Polygon","coordinates":[[[120.7412601725307,29.65550096300001],[120.74222113715746,29.654992472331514],[120.74370273166681,29.655511745877504],[120.74445922852021,29.654695298937327],[120.74582804362456,29.65474955240967],[120.74544989692299,29.653523898655294],[120.74375000000447,29.65152777777854],[120.74290608724408,29.651794976129167],[120.74249328613746,29.65309875488356],[120.73834282769548,29.656844584147848],[120.73828409831196,29.658325873481658],[120.73861606174512,29.65833902994865],[120.73976379394992,29.65748819987067],[120.74083862305139,29.656394178603193],[120.7412601725307,29.65550096300001]]]}},{"type":"Feature","id":"hydrolakes:1379551","properties":{"Hylak_id":1379551,"Lake_name":"","Country":"China","Continent":"Asia","Poly_src":"SWBD","Lake_type":1,"Grand_id":0,"Lake_area":0.28,"Shore_len":2.22,"Shore_dev":1.18,"Vol_total":1.28,"Vol_res":0.0,"Vol_src":3,"Depth_avg":4.5,"Dis_avg":0.563,"Res_time":26.3,"Elevation":84,"Slope_100":3.82,"Wshd_area":26.7,"Pour_long":120.697558,"Pour_lat":29.644641,"source_id":"hydrolakes:1379551","label":""},"geometry":{"type":"Polygon","coordinates":[[[120.69720682780422,29.64334869384851],[120.69708333333784,29.643194444445328],[120.69609334310343,29.64331827799566],[120.69335890028674,29.644100070530214],[120.69323235406267,29.64511715359231],[120.69407097710956,29.64616434733142],[120.69875868056005,29.649429083930897],[120.7008179389154,29.649097527398737],[120.7005550130254,29.647972106934333],[120.69998460558173,29.647515360515058],[120.69914801704022,29.64612199571468],[120.69928263346821,29.645039808485876],[120.69814270019992,29.643616265191724],[120.69720682780422,29.64334869384851]]]}},{"type":"Feature","id":"hydrolakes:1379565","properties":{"Hylak_id":1379565,"Lake_name":"","Country":"China","Continent":"Asia","Poly_src":"SWBD","Lake_type":1,"Grand_id":0,"Lake_area":0.18,"Shore_len":3.41,"Shore_dev":2.25,"Vol_total":1.32,"Vol_res":0.0,"Vol_src":3,"Depth_avg":7.2,"Dis_avg":1.402,"Res_time":10.9,"Elevation":139,"Slope_100":11.38,"Wshd_area":66.0,"Pour_long":121.154902,"Pour_lat":29.637929,"source_id":"hydrolakes:1379565","label":""},"geometry":{"type":"Polygon","coordinates":[[[121.15600056966616,29.638447197808944],[121.15776746962268,29.63693410237704],[121.15915635851144,29.636618584527696],[121.15862372504819,29.63612145318001],[121.15748969184494,29.636378546821447],[121.15547485352016,29.638045213488112],[121.15454915365041,29.637059258355748],[121.1538069661504,29.634593946669554],[121.15201226128937,29.633047756619646],[121.15180555556026,29.63236111111189],[121.1502674696228,29.632489657932524],[121.14849704319028,29.633068813748594],[121.14778808594207,29.63433939615959],[121.14804524740038,29.635010342068824],[121.14882229275645,29.635822991266025],[121.14969129774772,29.635469733344962],[121.15011121962277,29.63362145318007],[121.15167697483099,29.63471188015484],[121.15362141927534,29.6366563245993],[121.15436184353752,29.638315531413525],[121.15600056966616,29.638447197808944]]]}},{"type":"Feature","id":"hydrolakes:1379575","properties":{"Hylak_id":1379575,"Lake_name":"","Country":"China","Continent":"Asia","Poly_src":"SWBD","Lake_type":1,"Grand_id":0,"Lake_area":0.15,"Shore_len":1.85,"Shore_dev":1.32,"Vol_total":0.94,"Vol_res":0.0,"Vol_src":3,"Depth_avg":6.1,"Dis_avg":0.181,"Res_time":60.2,"Elevation":52,"Slope_100":8.41,"Wshd_area":8.2,"Pour_long":121.484749,"Pour_lat":29.632002,"source_id":"hydrolakes:1379575","label":""},"geometry":{"type":"Polygon","coordinates":[[[121.4835984971835,29.6295297580304],[121.48347222222696,29.627916666667375],[121.48267469618531,29.628052164714234],[121.48281317817322,29.628989122179576],[121.48199883355505,29.63106031629843],[121.48260104709658,29.63322292751809],[121.48418457031704,29.633871019152252],[121.48530856662796,29.634704352485528],[121.48621609158448,29.633514777290316],[121.48568074544744,29.63159210205157],[121.4835984971835,29.6295297580304]]]}},{"type":"Feature","id":"hydrolakes:1379585","properties":{"Hylak_id":1379585,"Lake_name":"","Country":"China","Continent":"Asia","Poly_src":"SWBD","Lake_type":1,"Grand_id":0,"Lake_area":0.17,"Shore_len":3.16,"Shore_dev":2.15,"Vol_total":0.48,"Vol_res":0.0,"Vol_src":3,"Depth_avg":2.8,"Dis_avg":0.016,"Res_time":344.0,"Elevation":153,"Slope_100":1.59,"Wshd_area":0.7,"Pour_long":120.776042,"Pour_lat":29.626645,"source_id":"hydrolakes:1379585","label":""},"geometry":{"type":"Polygon","coordinates":[[[120.76717603895855,29.63040988498335],[120.77016086154964,29.63036495632673],[120.77099222819459,29.629888780382714],[120.7725700548005,29.630049608019533],[120.77346978082056,29.628253987630956],[120.77420037164097,29.627374504937848],[120.77730292426679,29.627058275011564],[120.77867072211819,29.628042704265],[120.77943162706629,29.627250298394813],[120.77778754340738,29.625926072863194],[120.77503438314255,29.626206698948238],[120.774583333338,29.625416666667434],[120.7736566840324,29.625581800673615],[120.7726793077303,29.62789225260491],[120.77140170627621,29.628623962403083],[120.76842631022595,29.629671291775878],[120.76640170627621,29.63003207736614],[120.76717603895855,29.63040988498335]]]}},{"type":"Feature","id":"hydrolakes:1379588","properties":{"Hylak_id":1379588,"Lake_name":"","Country":"China","Continent":"Asia","Poly_src":"SWBD","Lake_type":1,"Grand_id":0,"Lake_area":0.11,"Shore_len":1.58,"Shore_dev":1.36,"Vol_total":0.56,"Vol_res":0.0,"Vol_src":3,"Depth_avg":5.2,"Dis_avg":0.033,"Res_time":195.2,"Elevation":56,"Slope_100":6.68,"Wshd_area":1.5,"Pour_long":121.594269,"Pour_lat":29.62191,"source_id":"hydrolakes:1379588","label":""},"geometry":{"type":"Polygon","coordinates":[[[121.59248209635876,29.61918453640476],[121.59236111111574,29.619027777778513],[121.59168457031711,29.61921617296082],[121.59195149740043,29.62010050455814],[121.59278917101165,29.620747036404907],[121.59305474175807,29.623530036079273],[121.59387098524763,29.623037685818872],[121.59582573785184,29.62262518988797],[121.59692654080317,29.62177551269599],[121.59653442383268,29.621120164660056],[121.59483751085537,29.620762091743302],[121.59248209635876,29.61918453640476]]]}},{"type":"Feature","id":"hydrolakes:1379593","properties":{"Hylak_id":1379593,"Lake_name":"","Country":"China","Continent":"Asia","Poly_src":"SWBD","Lake_type":1,"Grand_id":0,"Lake_area":0.14,"Shore_len":1.71,"Shore_dev":1.29,"Vol_total":0.88,"Vol_res":0.0,"Vol_src":3,"Depth_avg":6.4,"Dis_avg":0.053,"Res_time":192.9,"Elevation":11,"Slope_100":9.54,"Wshd_area":2.4,"Pour_long":121.724309,"Pour_lat":29.615567,"source_id":"hydrolakes:1379593","label":""},"geometry":{"type":"Polygon","coordinates":[[[121.72493774414534,29.614716932509396],[121.72458333333805,29.614305555556257],[121.72365559896309,29.61458485921304],[121.72357245551689,29.61562028673029],[121.72388576931894,29.618692050510674],[121.72487291124588,29.621100769043778],[121.72547905816441,29.62072540283276],[121.72597073025645,29.61938669840572],[121.72625067817302,29.615901828342714],[121.72584364149765,29.61498965793254],[121.72493774414534,29.614716932509396]]]}},{"type":"Feature","id":"hydrolakes:1379594","properties":{"Hylak_id":1379594,"Lake_name":"","Country":"China","Continent":"Asia","Poly_src":"SWBD","Lake_type":1,"Grand_id":0,"Lake_area":0.41,"Shore_len":3.73,"Shore_dev":1.63,"Vol_total":1.43,"Vol_res":0.0,"Vol_src":3,"Depth_avg":3.4,"Dis_avg":0.008,"Res_time":2067.0,"Elevation":74,"Slope_100":1.9,"Wshd_area":0.4,"Pour_long":120.915625,"Pour_lat":29.615171,"source_id":"hydrolakes:1379594","label":""},"geometry":{"type":"Polygon","coordinates":[[[120.91942776150643,29.618642374675176],[120.91786668565993,29.61672417534794],[120.9208331298874,29.617344835070185],[120.92168145074237,29.617793714736024],[120.92375000000465,29.617810804579847],[120.92476047092475,29.617770758735617],[120.92471516927549,29.616628417969594],[120.92338148329446,29.61668128119652],[120.92135715061221,29.616328769260804],[120.91944973416247,29.614716932509396],[120.91691026476155,29.613607279460496],[120.91652777778245,29.613194444445128],[120.91416707357229,29.614452752008162],[120.91288296170154,29.61389417860312],[120.91144870334665,29.614881150988197],[120.91198269314697,29.615890367296686],[120.91399386936212,29.616839497884882],[120.91457275391082,29.618066134983508],[120.91583862305151,29.618883599176172],[120.91656148275206,29.62027248806504],[120.91942776150643,29.618642374675176]]]}},{"type":"Feature","id":"hydrolakes:1379607","properties":{"Hylak_id":1379607,"Lake_name":"","Country":"China","Continent":"Asia","Poly_src":"SWBD","Lake_type":1,"Grand_id":0,"Lake_area":0.46,"Shore_len":4.84,"Shore_dev":2.02,"Vol_total":3.45,"Vol_res":0.0,"Vol_src":3,"Depth_avg":7.5,"Dis_avg":0.53,"Res_time":75.3,"Elevation":223,"Slope_100":9.36,"Wshd_area":24.4,"Pour_long":120.594814,"Pour_lat":29.606894,"source_id":"hydrolakes:1379607","label":""},"geometry":{"type":"Polygon","coordinates":[[[120.59263983832915,29.603240186903918],[120.59236111111562,29.602916666667454],[120.59139919705319,29.603206278483754],[120.59191270616782,29.604590182834897],[120.59339219835533,29.60586483425641],[120.59407572428847,29.60739664713617],[120.5949246554951,29.608593885634377],[120.59535468207918,29.61002231174126],[120.5995823839022,29.614266289605837],[120.59908603244804,29.61607988145687],[120.59915086534744,29.618669264052414],[120.60022833930572,29.620822991265925],[120.60084526910191,29.620565219456182],[120.60085944282127,29.619814181858374],[120.60001030816431,29.618160603841886],[120.6003326416062,29.616971401639148],[120.60221191406708,29.614699503581562],[120.60182562934477,29.611797044542868],[120.59972852919304,29.610603196886643],[120.59941189236571,29.609893629286773],[120.59670091417553,29.607796325684376],[120.59470743815547,29.605322740343638],[120.59473809136733,29.604941609701257],[120.59263983832915,29.603240186903918]]]}},{"type":"Feature","id":"hydrolakes:1379619","properties":{"Hylak_id":1379619,"Lake_name":"","Country":"China","Continent":"Asia","Poly_src":"SWBD","Lake_type":1,"Grand_id":0,"Lake_area":0.34,"Shore_len":2.63,"Shore_dev":1.28,"Vol_total":1.86,"Vol_res":0.0,"Vol_src":3,"Depth_avg":5.5,"Dis_avg":1.263,"Res_time":17.1,"Elevation":106,"Slope_100":5.37,"Wshd_area":57.8,"Pour_long":121.042193,"Pour_lat":29.598978,"source_id":"hydrolakes:1379619","label":""},"geometry":{"type":"Polygon","coordinates":[[[121.04289632161914,29.59894141303249],[121.04208333333798,29.597638888889776],[121.04087660048202,29.59774776882665],[121.0393638780427,29.598303256565373],[121.03945590549506,29.5994484456387],[121.0391095648917,29.601358913846184],[121.03946255154534,29.601663038466427],[121.0391563585116,29.60221188015481],[121.03885762533014,29.60663943820606],[121.03938401964427,29.60758297390481],[121.04061598036475,29.60748399522646],[121.04272033691859,29.60412421332552],[121.04308546278673,29.602911682129672],[121.0427663845532,29.600558200413047],[121.04289632161914,29.59894141303249]]]}},{"type":"Feature","id":"hydrolakes:1379620","properties":{"Hylak_id":1379620,"Lake_name":"","Country":"China","Continent":"Asia","Poly_src":"SWBD","Lake_type":1,"Grand_id":0,"Lake_area":0.46,"Shore_len":4.06,"Shore_dev":1.68,"Vol_total":1.89,"Vol_res":0.0,"Vol_src":3,"Depth_avg":4.1,"Dis_avg":0.102,"Res_time":215.0,"Elevation":66,"Slope_100":2.64,"Wshd_area":4.7,"Pour_long":120.684233,"Pour_lat":29.596779,"source_id":"hydrolakes:1379620","label":""},"geometry":{"type":"Polygon","coordinates":[[[120.67695149740035,29.60361979166737],[120.67817470974836,29.6022507731127],[120.67963033040826,29.6030417887377],[120.68111395942299,29.603130221897516],[120.68301133898035,29.602544352214295],[120.68365030924963,29.60162957085572],[120.68359191894984,29.598984069824837],[120.6839856635246,29.597709045410966],[120.68552388509562,29.59780073377891],[120.68665974935362,29.596335042318458],[120.68776997884584,29.59429199218829],[120.68621012370255,29.592520345052833],[120.6851388888935,29.592083333334017],[120.68411187066431,29.592275017633085],[120.68423366970939,29.594318949382227],[120.68347500271727,29.595511915419536],[120.68183247884576,29.596143324110926],[120.68026997884562,29.59804775661968],[120.67984788683174,29.60165089925198],[120.67844217936653,29.601317681207377],[120.67669426812529,29.60217536078636],[120.67660942925795,29.6035994127069],[120.67695149740035,29.60361979166737]]]}},{"type":"Feature","id":"hydrolakes:1379624","properties":{"Hylak_id":1379624,"Lake_name":"","Country":"China","Continent":"Asia","Poly_src":"SWBD","Lake_type":1,"Grand_id":0,"Lake_area":0.13,"Shore_len":1.5,"Shore_dev":1.16,"Vol_total":0.34,"Vol_res":0.0,"Vol_src":3,"Depth_avg":2.6,"Dis_avg":0.128,"Res_time":31.0,"Elevation":77,"Slope_100":1.49,"Wshd_area":5.8,"Pour_long":120.652425,"Pour_lat":29.591214,"source_id":"hydrolakes:1379624","label":""},"geometry":{"type":"Polygon","coordinates":[[[120.65275234646714,29.59058098687143],[120.6526388888933,29.59041666666741],[120.65191901313386,29.590530124241184],[120.65060289171453,29.59161081949952],[120.65086622450553,29.592785508898316],[120.65019009060785,29.594974568685586],[120.65252543131976,29.594747653538036],[120.6534330919099,29.593949008518507],[120.65449829102022,29.59137074788481],[120.65354003906697,29.591124810113683],[120.65275234646714,29.59058098687143]]]}},{"type":"Feature","id":"hydrolakes:1379629","properties":{"Hylak_id":1379629,"Lake_name":"","Country":"China","Continent":"Asia","Poly_src":"SWBD","Lake_type":1,"Grand_id":0,"Lake_area":0.15,"Shore_len":1.62,"Shore_dev":1.16,"Vol_total":0.86,"Vol_res":0.0,"Vol_src":3,"Depth_avg":5.6,"Dis_avg":0.05,"Res_time":199.8,"Elevation":30,"Slope_100":7.12,"Wshd_area":2.2,"Pour_long":121.89197,"Pour_lat":29.587793,"source_id":"hydrolakes:1379629","label":""},"geometry":{"type":"Polygon","coordinates":[[[121.89331800673204,29.583904249403986],[121.89319444444914,29.58375000000069],[121.89220689562126,29.583873528375364],[121.89029310438826,29.585570916070594],[121.88863972982227,29.58657518174988],[121.88850124783454,29.587688802084017],[121.89004408095093,29.588595750597563],[121.89179402669765,29.5882778930673],[121.89266967773898,29.587391832140497],[121.89326673720069,29.5853034464526],[121.89387356228764,29.58481753879198],[121.89331800673204,29.583904249403986]]]}},{"type":"Feature","id":"hydrolakes:1379664","properties":{"Hylak_id":1379664,"Lake_name":"","Country":"China","Continent":"Asia","Poly_src":"SWBD","Lake_type":1,"Grand_id":0,"Lake_area":0.19,"Shore_len":2.68,"Shore_dev":1.72,"Vol_total":0.32,"Vol_res":0.0,"Vol_src":3,"Depth_avg":1.7,"Dis_avg":0.126,"Res_time":29.5,"Elevation":22,"Slope_100":0.53,"Wshd_area":5.6,"Pour_long":120.794882,"Pour_lat":29.563407,"source_id":"hydrolakes:1379664","label":""},"geometry":{"type":"Polygon","coordinates":[[[120.79304524740036,29.556677008735505],[120.79291666667132,29.556527777778456],[120.79171183268676,29.556685418023733],[120.79085028754793,29.557427707248962],[120.79078789605484,29.558204074436446],[120.79211059570775,29.558794284397436],[120.79248969184476,29.56251034206889],[120.79430765788214,29.563200242785],[120.79537929959218,29.564911092123168],[120.79754462348558,29.56582299126603],[120.79749972873714,29.565459153917857],[120.79648186578146,29.56458221435622],[120.79440097385452,29.56067959255728],[120.79447652181437,29.559739651151006],[120.793600802956,29.558621453179967],[120.79334364149753,29.556934102377],[120.79304524740036,29.556677008735505]]]}},{"type":"Feature","id":"hydrolakes:1379670","properties":{"Hylak_id":1379670,"Lake_name":"","Country":"China","Continent":"Asia","Poly_src":"SWBD","Lake_type":1,"Grand_id":0,"Lake_area":0.18,"Shore_len":2.83,"Shore_dev":1.89,"Vol_total":0.84,"Vol_res":0.0,"Vol_src":3,"Depth_avg":4.7,"Dis_avg":0.072,"Res_time":134.8,"Elevation":93,"Slope_100":4.75,"Wshd_area":3.2,"Pour_long":120.899238,"Pour_lat":29.55945,"source_id":"hydrolakes:1379670","label":""},"geometry":{"type":"Polygon","coordinates":[[[120.90048482259579,29.558951585558475],[120.90153516981792,29.558217875163507],[120.90441311306876,29.55838941786095],[120.90335700141515,29.556877441406982],[120.90597222222686,29.554861111111848],[120.90388108995677,29.55499220106418],[120.90054775662367,29.55721442328627],[120.89957485623302,29.55830329047376],[120.89695224338556,29.559113125272006],[120.89721442329028,29.559730021159737],[120.8980477566235,29.560474616157308],[120.89723002116364,29.561337517633262],[120.8981435140019,29.56154371473599],[120.89888108995677,29.560547756619712],[120.90056430393253,29.56028544108142],[120.90048482259579,29.558951585558475]]]}},{"type":"Feature","id":"hydrolakes:1379698","properties":{"Hylak_id":1379698,"Lake_name":"","Country":"China","Continent":"Asia","Poly_src":"SWBD","Lake_type":1,"Grand_id":0,"Lake_area":0.27,"Shore_len":2.89,"Shore_dev":1.57,"Vol_total":2.04,"Vol_res":0.0,"Vol_src":3,"Depth_avg":7.5,"Dis_avg":1.225,"Res_time":19.2,"Elevation":118,"Slope_100":11.05,"Wshd_area":54.5,"Pour_long":120.601679,"Pour_lat":29.542963,"source_id":"hydrolakes:1379698","label":""},"geometry":{"type":"Polygon","coordinates":[[[120.59937411838575,29.54336235894175],[120.60042405870684,29.543299763998164],[120.60107333713557,29.54471442328628],[120.60167446560791,29.544452243381784],[120.60332275391079,29.543650173611923],[120.60304775662343,29.54167446560399],[120.60291666667138,29.54152777777847],[120.59849494086836,29.542210828993802],[120.59611891005221,29.543063354492915],[120.5922300211634,29.54400668674117],[120.59290561252635,29.546649441189913],[120.5935958523267,29.546690606011964],[120.5944366455123,29.546103312175205],[120.5967609998961,29.54556250678246],[120.59937411838575,29.54336235894175]]]}},{"type":"Feature","id":"hydrolakes:1379702","properties":{"Hylak_id":1379702,"Lake_name":"","Country":"China","Continent":"Asia","Poly_src":"SWBD","Lake_type":1,"Grand_id":0,"Lake_area":0.15,"Shore_len":1.65,"Shore_dev":1.2,"Vol_total":0.48,"Vol_res":0.0,"Vol_src":3,"Depth_avg":3.2,"Dis_avg":0.009,"Res_time":611.9,"Elevation":134,"Slope_100":2.2,"Wshd_area":0.4,"Pour_long":120.884763,"Pour_lat":29.539836,"source_id":"hydrolakes:1379702","label":""},"geometry":{"type":"Polygon","coordinates":[[[120.88488986545599,29.53852525499201],[120.88458333333801,29.53819444444514],[120.88385877821628,29.538332756890895],[120.88333862305149,29.538894178603186],[120.8824947102911,29.539161376953814],[120.88139417860714,29.540005289714315],[120.88028306749595,29.540357089573206],[120.88099182129372,29.541634419759873],[120.88365132650193,29.541739841038066],[120.88556084527357,29.540838623047648],[120.88631110297757,29.540028923883085],[120.88721693251335,29.53960140652208],[120.88639417860696,29.538883599176074],[120.88488986545599,29.53852525499201]]]}},{"type":"Feature","id":"hydrolakes:1379754","properties":{"Hylak_id":1379754,"Lake_name":"","Country":"China","Continent":"Asia","Poly_src":"SWBD","Lake_type":1,"Grand_id":0,"Lake_area":0.1,"Shore_len":1.56,"Shore_dev":1.39,"Vol_total":0.62,"Vol_res":0.0,"Vol_src":3,"Depth_avg":6.2,"Dis_avg":0.348,"Res_time":20.5,"Elevation":106,"Slope_100":9.89,"Wshd_area":14.8,"Pour_long":120.01346,"Pour_lat":29.512294,"source_id":"hydrolakes:1379754","label":""},"geometry":{"type":"Polygon","coordinates":[[[120.01359322866267,29.512240091960336],[120.01347222222677,29.51208333333409],[120.01200706906235,29.51267344156969],[120.01051024331429,29.513828803169076],[120.009462326902,29.516216668023674],[120.0097615687099,29.51748213026326],[120.01081545088493,29.51609324137445],[120.01234461890795,29.515029805501968],[120.01303767310696,29.513871019152305],[120.01414878421815,29.513013373481613],[120.01359322866267,29.512240091960336]]]}},{"type":"Feature","id":"hydrolakes:1379773","properties":{"Hylak_id":1379773,"Lake_name":"","Country":"China","Continent":"Asia","Poly_src":"SWBD","Lake_type":1,"Grand_id":0,"Lake_area":0.13,"Shore_len":3.43,"Shore_dev":2.7,"Vol_total":0.84,"Vol_res":0.0,"Vol_src":3,"Depth_avg":6.6,"Dis_avg":1.254,"Res_time":7.7,"Elevation":240,"Slope_100":10.43,"Wshd_area":52.9,"Pour_long":121.272845,"Pour_lat":29.504952,"source_id":"hydrolakes:1379773","label":""},"geometry":{"type":"Polygon","coordinates":[[[121.27529066298212,29.503068406847547],[121.27674587674085,29.501854858399213],[121.27813490126329,29.50125244140702],[121.27943155924947,29.500081244575426],[121.27866495768694,29.499795125326216],[121.2775073242235,29.500852762858756],[121.2750349934941,29.50190697564102],[121.27390177409325,29.500542704265058],[121.27289428711396,29.500247090658263],[121.27469862196654,29.498748372396506],[121.27486111111585,29.498194444445232],[121.27401652018688,29.498344963922193],[121.2726669650653,29.4994659084752],[121.27196438260006,29.50069274902421],[121.27334621853765,29.501098259820594],[121.27443155924931,29.50209394666956],[121.2741552734422,29.5025532023119],[121.27215345595079,29.503140631782458],[121.2726310221401,29.50582048204285],[121.2734908040411,29.505517408583614],[121.27292494032571,29.504529418945992],[121.27334621853765,29.50417951795862],[121.27370551215745,29.503350863987293],[121.27529066298212,29.503068406847547]]]}},{"type":"Feature","id":"hydrolakes:1379774","properties":{"Hylak_id":1379774,"Lake_name":"","Country":"China","Continent":"Asia","Poly_src":"SWBD","Lake_type":1,"Grand_id":0,"Lake_area":0.23,"Shore_len":2.51,"Shore_dev":1.49,"Vol_total":0.23,"Vol_res":0.0,"Vol_src":3,"Depth_avg":1.0,"Dis_avg":0.195,"Res_time":13.9,"Elevation":5,"Slope_100":0.19,"Wshd_area":8.8,"Pour_long":121.670262,"Pour_lat":29.504591,"source_id":"hydrolakes:1379774","label":""},"geometry":{"type":"Polygon","coordinates":[[[121.66840535482248,29.500171610515054],[121.66791666667126,29.4995833333341],[121.66612399631549,29.499729987251214],[121.66696248372875,29.501594950358765],[121.66857259115056,29.504205220541223],[121.67023179796462,29.504924825033356],[121.67114379883282,29.50766801622251],[121.67276489258279,29.508277147081913],[121.67247165256532,29.506065199111106],[121.67049628364174,29.50146138509183],[121.66840535482248,29.500171610515054]]]}},{"type":"Feature","id":"hydrolakes:1379788","properties":{"Hylak_id":1379788,"Lake_name":"","Country":"China","Continent":"Asia","Poly_src":"SWBD","Lake_type":1,"Grand_id":0,"Lake_area":0.1,"Shore_len":1.59,"Shore_dev":1.44,"Vol_total":0.41,"Vol_res":0.0,"Vol_src":3,"Depth_avg":4.2,"Dis_avg":0.004,"Res_time":1185.3,"Elevation":85,"Slope_100":4.46,"Wshd_area":0.2,"Pour_long":120.588293,"Pour_lat":29.49034,"source_id":"hydrolakes:1379788","label":""},"geometry":{"type":"Polygon","coordinates":[[[120.5839845784551,29.49163611518088],[120.58690592448369,29.49143591986831],[120.5876355658682,29.491007046170466],[120.59013203939247,29.49131757948203],[120.59067206489163,29.49039879692998],[120.58986111111557,29.4893055555562],[120.58887349447065,29.489429083930872],[120.58362650553863,29.490888604058853],[120.5839845784551,29.49163611518088]]]}},{"type":"Feature","id":"hydrolakes:1379789","properties":{"Hylak_id":1379789,"Lake_name":"","Country":"China","Continent":"Asia","Poly_src":"SWBD","Lake_type":1,"Grand_id":0,"Lake_area":0.37,"Shore_len":3.29,"Shore_dev":1.52,"Vol_total":3.3,"Vol_res":0.0,"Vol_src":3,"Depth_avg":8.9,"Dis_avg":0.152,"Res_time":251.5,"Elevation":8,"Slope_100":13.93,"Wshd_area":7.1,"Pour_long":121.93916,"Pour_lat":29.489517,"source_id":"hydrolakes:1379789","label":""},"geometry":{"type":"Polygon","coordinates":[[[121.9327648925829,29.483901740180897],[121.93263888889362,29.48375000000067],[121.93142347548212,29.483966606988588],[121.93132432726168,29.484938422309767],[121.93299262153255,29.48598965115093],[121.9347351074266,29.486376037598347],[121.93631985135028,29.48713704427155],[121.93693155924944,29.4883461846253],[121.93776489258272,29.488707580567166],[121.93751288520428,29.48973507351417],[121.93684828016967,29.490023261176987],[121.93656887478778,29.49276492648721],[121.9378215874612,29.49243038601412],[121.9398392740934,29.491078796387512],[121.94082044813825,29.48936550564315],[121.94047810872871,29.486437242296745],[121.93935831706199,29.485089111328875],[121.93315090603761,29.484222344293414],[121.9327648925829,29.483901740180897]]]}},{"type":"Feature","id":"hydrolakes:1379799","properties":{"Hylak_id":1379799,"Lake_name":"","Country":"China","Continent":"Asia","Poly_src":"SWBD","Lake_type":1,"Grand_id":0,"Lake_area":0.32,"Shore_len":2.34,"Shore_dev":1.18,"Vol_total":0.77,"Vol_res":0.0,"Vol_src":3,"Depth_avg":2.4,"Dis_avg":0.29,"Res_time":30.5,"Elevation":0,"Slope_100":1.0,"Wshd_area":14.0,"Pour_long":121.95494,"Pour_lat":29.484545,"source_id":"hydrolakes:1379799","label":""},"geometry":{"type":"Polygon","coordinates":[[[121.95359578450996,29.477515360515156],[121.95347222222699,29.477361111111975],[121.95227742513481,29.477510545519465],[121.95168199327736,29.48173956977064],[121.95198933919727,29.483395894369266],[121.95378078885011,29.484830390083346],[121.95479397244401,29.486095750597542],[121.9555546061244,29.48571926540876],[121.95581800673204,29.48331797281969],[121.9563328721834,29.481978556315823],[121.95653062608966,29.480388217502878],[121.95591457791278,29.4789263237854],[121.95501532661075,29.478040195041956],[121.95359578450996,29.477515360515156]]]}},{"type":"Feature","id":"hydrolakes:1379818","properties":{"Hylak_id":1379818,"Lake_name":"","Country":"China","Continent":"Asia","Poly_src":"SWBD","Lake_type":1,"Grand_id":0,"Lake_area":0.3,"Shore_len":3.18,"Shore_dev":1.63,"Vol_total":0.56,"Vol_res":0.0,"Vol_src":3,"Depth_avg":1.8,"Dis_avg":0.277,"Res_time":23.3,"Elevation":0,"Slope_100":0.58,"Wshd_area":12.9,"Pour_long":121.516935,"Pour_lat":29.472966,"source_id":"hydrolakes:1379818","label":""},"geometry":{"type":"Polygon","coordinates":[[[121.51714558919747,29.47353308783704],[121.51731214735719,29.47219377305845],[121.51603135851178,29.47235307481634],[121.51535454644568,29.47181118435401],[121.51498467339871,29.470848693848325],[121.51442911784329,29.469182027181716],[121.51375000000456,29.464027777778483],[121.51275865343342,29.464151780870907],[121.51315823025635,29.467349751791062],[121.51277262370246,29.468698255751576],[121.51201483832938,29.469305046929946],[121.51223944770419,29.471111111111725],[121.51207166884143,29.472460021973404],[121.51249376085542,29.47393619113575],[121.51380547418,29.476095750597494],[121.5154880099874,29.47518802219048],[121.51714558919747,29.47353308783704]]]}},{"type":"Feature","id":"hydrolakes:1379828","properties":{"Hylak_id":1379828,"Lake_name":"","Country":"China","Continent":"Asia","Poly_src":"SWBD","Lake_type":1,"Grand_id":0,"Lake_area":0.64,"Shore_len":8.05,"Shore_dev":2.85,"Vol_total":5.45,"Vol_res":0.0,"Vol_src":3,"Depth_avg":8.6,"Dis_avg":0.816,"Res_time":77.2,"Elevation":151,"Slope_100":10.99,"Wshd_area":35.3,"Pour_long":120.169328,"Pour_lat":29.46829,"source_id":"hydrolakes:1379828","label":""},"geometry":{"type":"Polygon","coordinates":[[[120.18421390110052,29.474551018609645],[120.18487235175701,29.473370869955204],[120.1813021511548,29.472961595324023],[120.18067225138799,29.47154998779365],[120.17532470703571,29.47052564832967],[120.17251032511854,29.468600769043633],[120.17136171129471,29.468254970975124],[120.17143968370681,29.46672888861832],[120.17096745809397,29.465882500543216],[120.17167699178515,29.4655658976244],[120.17193411933494,29.464711880154823],[120.17535498725505,29.464449632433457],[120.17723254734068,29.46362145317994],[120.179454769563,29.46223256429107],[120.18099533081534,29.460958218045448],[120.18069444444887,29.46013888888956],[120.17917699178503,29.46139923095774],[120.17665488349513,29.462554863824494],[120.1756129625154,29.46247114393526],[120.17380891588459,29.462760179308532],[120.170840691465,29.46357255723825],[120.16973976983422,29.464927198622718],[120.16919550578251,29.46614691840358],[120.16834231906915,29.46607835557802],[120.16728127374034,29.466942850749376],[120.16812250773563,29.469794955784096],[120.16943545871771,29.469689466689204],[120.17054044935884,29.47072418212963],[120.17412170410614,29.470436401367863],[120.17492309570775,29.471366577149183],[120.17526745266855,29.472510342068915],[120.18029856364399,29.47396535237698],[120.18325976902048,29.47402804904584],[120.1836007860017,29.474549492730716],[120.18291827732128,29.475772738987303],[120.18389678955538,29.476615770128774],[120.18669113159632,29.476934102377072],[120.18748967489051,29.476155327691856],[120.18411266751218,29.475810885959902],[120.18421390110052,29.474551018609645]]]}},{"type":"Feature","id":"hydrolakes:1379833","properties":{"Hylak_id":1379833,"Lake_name":"","Country":"China","Continent":"Asia","Poly_src":"SWBD","Lake_type":1,"Grand_id":0,"Lake_area":0.15,"Shore_len":1.72,"Shore_dev":1.26,"Vol_total":1.2,"Vol_res":0.0,"Vol_src":3,"Depth_avg":8.1,"Dis_avg":0.958,"Res_time":14.6,"Elevation":152,"Slope_100":15.63,"Wshd_area":41.3,"Pour_long":120.554341,"Pour_lat":29.465599,"source_id":"hydrolakes:1379833","label":""},"geometry":{"type":"Polygon","coordinates":[[[120.55437340630886,29.466289164225998],[120.55464219835522,29.465090060764624],[120.55320339627184,29.464720831977672],[120.55291666667131,29.464305555556223],[120.54847398546474,29.464421929254343],[120.54752543131957,29.465878567166556],[120.54837019179053,29.46645697699722],[120.54945217556889,29.466699523926536],[120.55079257541695,29.466136542426966],[120.55307918972903,29.467182718913648],[120.55437340630886,29.466289164225998]]]}},{"type":"Feature","id":"hydrolakes:1379850","properties":{"Hylak_id":1379850,"Lake_name":"","Country":"China","Continent":"Asia","Poly_src":"SWBD","Lake_type":1,"Grand_id":0,"Lake_area":0.52,"Shore_len":4.84,"Shore_dev":1.9,"Vol_total":4.62,"Vol_res":0.0,"Vol_src":3,"Depth_avg":8.9,"Dis_avg":0.192,"Res_time":278.3,"Elevation":73,"Slope_100":12.86,"Wshd_area":9.0,"Pour_long":121.831212,"Pour_lat":29.455981,"source_id":"hydrolakes:1379850","label":""},"geometry":{"type":"Polygon","coordinates":[[[121.837350802956,29.456143527561437],[121.83887858073399,29.454827270508588],[121.83804850260873,29.454454786513338],[121.8352674696228,29.454711880154832],[121.83387546115915,29.45522304958837],[121.83263427734846,29.455322774252068],[121.83154866536927,29.454838358561915],[121.8283443196662,29.452349717882612],[121.82806586371998,29.45082299126591],[121.82762939453579,29.45004072401332],[121.8280091688415,29.44531402587978],[121.82763888889355,29.44430555555624],[121.82663669162798,29.444488355849217],[121.82639919705326,29.446399230957752],[121.82533745660191,29.449444444445305],[121.82608493381537,29.451480068631383],[121.82592787001323,29.455474175347945],[121.82693413628937,29.455843675402207],[121.82889919705343,29.4561007690437],[121.83009914822526,29.457040473090956],[121.83207872179281,29.45776743571031],[121.83449584961409,29.457364603679082],[121.837350802956,29.456143527561437]]]}},{"type":"Feature","id":"hydrolakes:1379873","properties":{"Hylak_id":1379873,"Lake_name":"","Country":"China","Continent":"Asia","Poly_src":"SWBD","Lake_type":1,"Grand_id":0,"Lake_area":0.56,"Shore_len":2.85,"Shore_dev":1.08,"Vol_total":2.25,"Vol_res":0.0,"Vol_src":3,"Depth_avg":4.0,"Dis_avg":0.085,"Res_time":306.1,"Elevation":5,"Slope_100":2.39,"Wshd_area":3.9,"Pour_long":121.935841,"Pour_lat":29.436795,"source_id":"hydrolakes:1379873","label":""},"geometry":{"type":"Polygon","coordinates":[[[121.94322007921483,29.436073913574887],[121.94180555556034,29.434305555556307],[121.94054022895443,29.43442905002246],[121.93746622721818,29.435739135742892],[121.93524617513486,29.436219482422587],[121.93418199327732,29.437071567112355],[121.93444851345964,29.440246276856158],[121.93640543620268,29.442555270725506],[121.93869059245276,29.4428394911032],[121.93998291016084,29.442294921875714],[121.9416819932772,29.439737582737223],[121.94322007921483,29.436073913574887]]]}},{"type":"Feature","id":"hydrolakes:1379887","properties":{"Hylak_id":1379887,"Lake_name":"","Country":"China","Continent":"Asia","Poly_src":"SWBD","Lake_type":2,"Grand_id":6155,"Lake_area":0.34,"Shore_len":5.03,"Shore_dev":2.41,"Vol_total":14.2,"Vol_res":14.2,"Vol_src":2,"Depth_avg":41.2,"Dis_avg":1.342,"Res_time":122.5,"Elevation":190,"Slope_100":15.15,"Wshd_area":57.4,"Pour_long":120.481046,"Pour_lat":29.427461,"source_id":"hydrolakes:1379887","label":""},"geometry":{"type":"Polygon","coordinates":[[[120.47448998345726,29.43150872124636],[120.47567715115474,29.429613308377498],[120.47738494873511,29.4291769748271],[120.48012705485485,29.430545247396537],[120.48058295356356,29.429031032986813],[120.48120408800361,29.42791775173697],[120.4829249742341,29.426195746528435],[120.48263888889358,29.42541666666733],[120.48170484755235,29.425955200195972],[120.48048295763255,29.427373453776795],[120.47801649306001,29.42782335069512],[120.47611813015857,29.42862284342516],[120.47225724962476,29.428864949545016],[120.47017557780407,29.42948845757445],[120.46822123210097,29.42913411458403],[120.46612145318386,29.427489691840947],[120.46542121039948,29.427177191840997],[120.46461364746546,29.427242092557265],[120.46290588379384,29.426289265951198],[120.46223256429494,29.426723564996507],[120.46411271837485,29.427901204427826],[120.46452657064248,29.428828667535413],[120.46674041748508,29.42916598849905],[120.46859388563826,29.430480211046756],[120.47037187364845,29.431015489366985],[120.47382595486579,29.43073798285667],[120.47448998345726,29.43150872124636]]]}},{"type":"Feature","id":"hydrolakes:1379896","properties":{"Hylak_id":1379896,"Lake_name":"","Country":"China","Continent":"Asia","Poly_src":"SWBD","Lake_type":2,"Grand_id":6156,"Lake_area":0.37,"Shore_len":5.06,"Shore_dev":2.34,"Vol_total":14.0,"Vol_res":14.0,"Vol_src":2,"Depth_avg":37.7,"Dis_avg":0.935,"Res_time":173.3,"Elevation":162,"Slope_100":16.71,"Wshd_area":40.2,"Pour_long":120.181672,"Pour_lat":29.422821,"source_id":"hydrolakes:1379896","label":""},"geometry":{"type":"Polygon","coordinates":[[[120.20165111966054,29.430610080295878],[120.20169747247081,29.430033298069418],[120.19973254734077,29.428878580730043],[120.19772410075325,29.428615790473827],[120.19687850952585,29.42763427734451],[120.19554523044621,29.426954752604956],[120.194362928607,29.425582478841818],[120.19156561957925,29.425619506836767],[120.18948516846143,29.424573838976414],[120.18721895006433,29.424755995009377],[120.18686754015204,29.42358879937143],[120.18616226196735,29.422770182292425],[120.1841769917852,29.421934136285415],[120.18208333333786,29.421527777778522],[120.18001032511842,29.42170104980545],[120.18064676921023,29.423704223633536],[120.18218716092042,29.424269951715075],[120.18375664605475,29.42414381239223],[120.18584365845169,29.424711914063266],[120.18721189711289,29.42556586371603],[120.18877427843347,29.425850897895657],[120.19586432563392,29.42830234103809],[120.19689948188397,29.429503851997197],[120.19788165622737,29.429424913195135],[120.1994547695628,29.429711914063205],[120.20019685533771,29.430573187934783],[120.20165111966054,29.430610080295878]]]}},{"type":"Feature","id":"hydrolakes:1379899","properties":{"Hylak_id":1379899,"Lake_name":"","Country":"China","Continent":"Asia","Poly_src":"SWBD","Lake_type":1,"Grand_id":0,"Lake_area":0.14,"Shore_len":1.78,"Shore_dev":1.33,"Vol_total":0.49,"Vol_res":0.0,"Vol_src":3,"Depth_avg":3.4,"Dis_avg":0.114,"Res_time":49.6,"Elevation":16,"Slope_100":2.6,"Wshd_area":5.2,"Pour_long":121.866848,"Pour_lat":29.420958,"source_id":"hydrolakes:1379899","label":""},"geometry":{"type":"Polygon","coordinates":[[[121.86783867730526,29.417785712348802],[121.86638427734852,29.417783474393048],[121.86458333333803,29.416805555556323],[121.86361640082924,29.416990152995538],[121.86545477973556,29.418131306966984],[121.86447903103772,29.419104003906966],[121.86528347439713,29.42027303059973],[121.86527126736587,29.420580173069254],[121.86621812608968,29.421515367296763],[121.86721693251326,29.420828043620475],[121.86842081706197,29.420541246203072],[121.86943915473569,29.419061482748077],[121.86907457140228,29.418439670139662],[121.86783867730526,29.417785712348802]]]}},{"type":"Feature","id":"hydrolakes:1379907","properties":{"Hylak_id":1379907,"Lake_name":"","Country":"China","Continent":"Asia","Poly_src":"SWBD","Lake_type":1,"Grand_id":0,"Lake_area":0.16,"Shore_len":1.74,"Shore_dev":1.21,"Vol_total":0.71,"Vol_res":0.0,"Vol_src":3,"Depth_avg":4.3,"Dis_avg":0.036,"Res_time":227.1,"Elevation":13,"Slope_100":4.04,"Wshd_area":1.5,"Pour_long":121.492562,"Pour_lat":29.416222,"source_id":"hydrolakes:1379907","label":""},"geometry":{"type":"Polygon","coordinates":[[[121.49366929796469,29.41673285590349],[121.49319444444916,29.415694444445137],[121.491098225916,29.415820515951225],[121.49018676758266,29.416342502170835],[121.48753390842472,29.41607211642878],[121.48723510742661,29.416239352756747],[121.48839233398905,29.418259955512895],[121.49330864800822,29.41915384928467],[121.49366929796469,29.41673285590349]]]}},{"type":"Feature","id":"hydrolakes:1379910","properties":{"Hylak_id":1379910,"Lake_name":"","Country":"China","Continent":"Asia","Poly_src":"SWBD","Lake_type":1,"Grand_id":0,"Lake_area":0.73,"Shore_len":6.67,"Shore_dev":2.2,"Vol_total":6.58,"Vol_res":0.0,"Vol_src":3,"Depth_avg":9.0,"Dis_avg":0.331,"Res_time":230.0,"Elevation":52,"Slope_100":11.74,"Wshd_area":15.7,"Pour_long":121.804724,"Pour_lat":29.415938,"source_id":"hydrolakes:1379910","label":""},"geometry":{"type":"Polygon","coordinates":[[[121.80590399848563,29.42020826551726],[121.80691107856376,29.417756551107402],[121.80616929796469,29.416184963650892],[121.8056846788241,29.415661824544998],[121.80142103407593,29.413649631077135],[121.80041666667131,29.411805555556327],[121.79954277886742,29.412082248264596],[121.79880126953589,29.413483547635394],[121.80193915473558,29.416508721246373],[121.80167195638478,29.417783067492053],[121.80040418837262,29.41910725911538],[121.79805026584677,29.419994710287313],[121.79766533746118,29.420810275608346],[121.79422078450983,29.42076388888961],[121.79224799262624,29.422424791124797],[121.79000759549064,29.423134155274113],[121.7916636827303,29.423714599610037],[121.79889417860716,29.42222751193657],[121.80082804362434,29.421105821398328],[121.80209391276497,29.420705023872188],[121.80325697157593,29.41944973415866],[121.80364651150632,29.42119154188441],[121.80357679579464,29.422949964736006],[121.80431179470963,29.427216932509452],[121.80528306749613,29.426949734158654],[121.80555026584665,29.42555026584273],[121.80654391819053,29.423611111111825],[121.8055608452737,29.42175320095555],[121.80590399848563,29.42020826551726]]]}},{"type":"Feature","id":"hydrolakes:1379929","properties":{"Hylak_id":1379929,"Lake_name":"","Country":"China","Continent":"Asia","Poly_src":"SWBD","Lake_type":2,"Grand_id":6158,"Lake_area":0.58,"Shore_len":3.98,"Shore_dev":1.47,"Vol_total":100.0,"Vol_res":100.0,"Vol_src":2,"Depth_avg":171.5,"Dis_avg":1.191,"Res_time":971.8,"Elevation":290,"Slope_100":8.68,"Wshd_area":48.1,"Pour_long":121.159855,"Pour_lat":29.401229,"source_id":"hydrolakes:1379929","label":""},"geometry":{"type":"Polygon","coordinates":[[[121.1565395779125,29.40415127224469],[121.16126654731374,29.40173109266567],[121.16213663737449,29.399992336697835],[121.16445977105485,29.399737616645723],[121.16868448893689,29.39856160481844],[121.17002129449241,29.394444444445185],[121.16986111111561,29.394027777778433],[121.1693164062545,29.394237128364523],[121.16736111111584,29.393993937175196],[121.16510877821645,29.39427408854243],[121.16346598307751,29.396354844835912],[121.16109578450977,29.396651272244583],[121.15982109917991,29.398035753038926],[121.1591513400653,29.398317938911305],[121.15831041124613,29.40102552625939],[121.15648234049945,29.40179585774814],[121.1558486599439,29.402469482422703],[121.1565395779125,29.40415127224469]]]}},{"type":"Feature","id":"hydrolakes:1379942","properties":{"Hylak_id":1379942,"Lake_name":"","Country":"China","Continent":"Asia","Poly_src":"SWBD","Lake_type":1,"Grand_id":0,"Lake_area":0.16,"Shore_len":2.41,"Shore_dev":1.7,"Vol_total":0.61,"Vol_res":0.0,"Vol_src":3,"Depth_avg":3.8,"Dis_avg":0.026,"Res_time":272.2,"Elevation":108,"Slope_100":3.13,"Wshd_area":1.1,"Pour_long":120.101688,"Pour_lat":29.392972,"source_id":"hydrolakes:1379942","label":""},"geometry":{"type":"Polygon","coordinates":[[[120.10283223470498,29.393270534939916],[120.10380576240135,29.390619506836686],[120.10263888889341,29.388750000000755],[120.09897791545058,29.38924045138964],[120.09840320163767,29.39080546061274],[120.10119074504024,29.390681830512904],[120.10221188863562,29.391561618381786],[120.10184265984873,29.392126193577212],[120.10028811137352,29.393343641493743],[120.09889922248436,29.39376180013096],[120.09948760139065,29.394711914063294],[120.10056588915126,29.39445475260493],[120.10128292508068,29.393622504340954],[120.10283223470498,29.393270534939916]]]}},{"type":"Feature","id":"hydrolakes:1379945","properties":{"Hylak_id":1379945,"Lake_name":"","Country":"China","Continent":"Asia","Poly_src":"SWBD","Lake_type":1,"Grand_id":0,"Lake_area":0.8,"Shore_len":4.56,"Shore_dev":1.44,"Vol_total":4.06,"Vol_res":0.0,"Vol_src":3,"Depth_avg":5.1,"Dis_avg":4.389,"Res_time":10.7,"Elevation":22,"Slope_100":3.45,"Wshd_area":181.9,"Pour_long":121.426351,"Pour_lat":29.392332,"source_id":"hydrolakes:1379945","label":""},"geometry":{"type":"Polygon","coordinates":[[[121.43169013129807,29.386365424262976],[121.42970838759135,29.38391899956673],[121.4280634223137,29.38276997884185],[121.42678995768705,29.382376708985134],[121.42652777778238,29.382083333334094],[121.42395589193177,29.382225613064918],[121.42095662435366,29.383873291016357],[121.42025512695767,29.38540154351199],[121.41890041775639,29.386612006294115],[121.41885104709655,29.38744106716655],[121.41927883572504,29.387919921875664],[121.42159695095944,29.38612352159356],[121.42277072483114,29.386053602431275],[121.42400838216605,29.387438761393923],[121.42498155382401,29.387885403104008],[121.42505588108094,29.389131537544074],[121.42368245443174,29.39035868326897],[121.42439792209666,29.39191772461004],[121.42543674045612,29.393325534397377],[121.42695176866772,29.3930046251092],[121.42831800673201,29.391783854167443],[121.42790093316427,29.389737277561494],[121.43218668620244,29.38906941731841],[121.43230672200991,29.387055528429585],[121.43169013129807,29.386365424262976]]]}},{"type":"Feature","id":"hydrolakes:1379959","properties":{"Hylak_id":1379959,"Lake_name":"","Country":"China","Continent":"Asia","Poly_src":"SWBD","Lake_type":1,"Grand_id":0,"Lake_area":0.41,"Shore_len":2.54,"Shore_dev":1.12,"Vol_total":1.77,"Vol_res":0.0,"Vol_src":3,"Depth_avg":4.4,"Dis_avg":0.213,"Res_time":96.4,"Elevation":6,"Slope_100":3.12,"Wshd_area":10.1,"Pour_long":121.889616,"Pour_lat":29.37952,"source_id":"hydrolakes:1379959","label":""},"geometry":{"type":"Polygon","coordinates":[[[121.89592230903241,29.374388766819322],[121.89486111111603,29.372638888889753],[121.89082845052553,29.373376125760274],[121.88750922309492,29.376980523004136],[121.88835286458794,29.377791137696022],[121.88831366645428,29.379713677301027],[121.88983615451866,29.380103827583184],[121.8920777723572,29.378744439019783],[121.89372138129818,29.37821112738783],[121.8955414496574,29.37587476942349],[121.89592230903241,29.374388766819322]]]}},{"type":"Feature","id":"hydrolakes:1379966","properties":{"Hylak_id":1379966,"Lake_name":"","Country":"China","Continent":"Asia","Poly_src":"SWBD","Lake_type":1,"Grand_id":0,"Lake_area":0.24,"Shore_len":2.87,"Shore_dev":1.65,"Vol_total":1.67,"Vol_res":0.0,"Vol_src":3,"Depth_avg":7.0,"Dis_avg":0.294,"Res_time":65.9,"Elevation":201,"Slope_100":9.84,"Wshd_area":12.5,"Pour_long":120.220144,"Pour_lat":29.376988,"source_id":"hydrolakes:1379966","label":""},"geometry":{"type":"Polygon","coordinates":[[[120.22096405029777,29.37688537597728],[120.22041666667116,29.37625000000071],[120.2194547695629,29.376539577908773],[120.21973286947082,29.377289089627368],[120.22028810289618,29.377767469618732],[120.22137856377941,29.380565863716072],[120.22257331000884,29.38177408854233],[120.22548324585404,29.383256225586592],[120.2265974256772,29.385223049588376],[120.22767272949682,29.38582302517443],[120.22807518853534,29.385275472005958],[120.22726353963668,29.384576212565776],[120.22691658868183,29.382985568577055],[120.22700096978531,29.38193542480542],[120.22538374159518,29.38028917100769],[120.22398515489829,29.37997144911094],[120.22358930800158,29.379084337023244],[120.22096405029777,29.37688537597728]]]}},{"type":"Feature","id":"hydrolakes:1379989","properties":{"Hylak_id":1379989,"Lake_name":"","Country":"China","Continent":"Asia","Poly_src":"SWBD","Lake_type":1,"Grand_id":0,"Lake_area":0.63,"Shore_len":3.69,"Shore_dev":1.32,"Vol_total":1.93,"Vol_res":0.0,"Vol_src":3,"Depth_avg":3.1,"Dis_avg":0.057,"Res_time":392.5,"Elevation":89,"Slope_100":1.33,"Wshd_area":2.4,"Pour_long":120.082292,"Pour_lat":29.361473,"source_id":"hydrolakes:1379989","label":""},"geometry":{"type":"Polygon","coordinates":[[[120.08362898933024,29.36510884602933],[120.08387101067882,29.363315429688214],[120.08442656623441,29.362394476997224],[120.08400937398716,29.361109076606567],[120.0831944444489,29.36041666666739],[120.0792981720017,29.36054178873775],[120.07788090176501,29.36093648274806],[120.07743721008745,29.362529771593643],[120.07640676710798,29.36391967773511],[120.0772654469854,29.364859483507644],[120.07834754944315,29.364699571398262],[120.07900572883216,29.365336303711672],[120.08001787821894,29.36748209635482],[120.08029184129964,29.368780381945214],[120.08112898933013,29.36942654079928],[120.08178213331894,29.371022406684858],[120.08337551541263,29.371648763021597],[120.08523912218328,29.371233791775865],[120.0853622182255,29.370400797526884],[120.0844215816968,29.37001586914141],[120.08437656826885,29.36884623209704],[120.08525989956769,29.368164401584863],[120.08493266635946,29.36611511230535],[120.08362898933024,29.36510884602933]]]}},{"type":"Feature","id":"hydrolakes:1380011","properties":{"Hylak_id":1380011,"Lake_name":"","Country":"China","Continent":"Asia","Poly_src":"SWBD","Lake_type":1,"Grand_id":0,"Lake_area":0.1,"Shore_len":1.66,"Shore_dev":1.46,"Vol_total":0.25,"Vol_res":0.0,"Vol_src":3,"Depth_avg":2.4,"Dis_avg":0.102,"Res_time":28.3,"Elevation":76,"Slope_100":1.42,"Wshd_area":4.3,"Pour_long":120.081566,"Pour_lat":29.348942,"source_id":"hydrolakes:1380011","label":""},"geometry":{"type":"Polygon","coordinates":[[[120.08258430481419,29.348260904948575],[120.08236111111574,29.347638888889605],[120.08086029900886,29.34810234917603],[120.08016182793955,29.351126912435575],[120.08064908345983,29.353221164280228],[120.08186349657319,29.353881089953006],[120.08273936801947,29.35325466579934],[120.08171504550961,29.3523394097229],[120.081658011547,29.351382649740344],[120.08208535936615,29.350596177843556],[120.08258430481419,29.348260904948575]]]}},{"type":"Feature","id":"hydrolakes:1380020","properties":{"Hylak_id":1380020,"Lake_name":"","Country":"China","Continent":"Asia","Poly_src":"SWBD","Lake_type":1,"Grand_id":0,"Lake_area":0.23,"Shore_len":2.77,"Shore_dev":1.63,"Vol_total":0.43,"Vol_res":0.0,"Vol_src":3,"Depth_avg":1.9,"Dis_avg":0.022,"Res_time":225.3,"Elevation":85,"Slope_100":0.64,"Wshd_area":0.9,"Pour_long":120.072915,"Pour_lat":29.345449,"source_id":"hydrolakes:1380020","label":""},"geometry":{"type":"Polygon","coordinates":[[[120.0726652950757,29.352874688043244],[120.07202575684045,29.351210869683825],[120.07401602003767,29.352206827800217],[120.07434396532295,29.351170111762883],[120.07352404276975,29.350513509115274],[120.07401693556488,29.348787434896565],[120.073459489615,29.347839152018935],[120.07431598239924,29.345610894097945],[120.07402777778219,29.34486111111181],[120.07130683899379,29.345312567817643],[120.07152709113689,29.347083333334012],[120.07141901652483,29.34871439615955],[120.07092563205737,29.35044006347738],[120.07005895827012,29.351914401584963],[120.0709860483853,29.35307210286527],[120.07234935337084,29.353873494466825],[120.0726652950757,29.352874688043244]]]}},{"type":"Feature","id":"hydrolakes:1380036","properties":{"Hylak_id":1380036,"Lake_name":"","Country":"China","Continent":"Asia","Poly_src":"SWBD","Lake_type":1,"Grand_id":0,"Lake_area":0.48,"Shore_len":3.63,"Shore_dev":1.49,"Vol_total":3.43,"Vol_res":0.0,"Vol_src":3,"Depth_avg":7.2,"Dis_avg":0.135,"Res_time":293.9,"Elevation":46,"Slope_100":8.4,"Wshd_area":6.2,"Pour_long":121.871875,"Pour_lat":29.338989,"source_id":"hydrolakes:1380036","label":""},"geometry":{"type":"Polygon","coordinates":[[[121.8757617187548,29.33842712402418],[121.8786977810376,29.33806450737916],[121.88176432292141,29.33913926866387],[121.88334621853767,29.33833502875507],[121.88220553928414,29.336271023221173],[121.87930555556034,29.33458333333408],[121.87577243381554,29.33556349012656],[121.874297553173,29.336343926324503],[121.87260552300825,29.337641465929494],[121.86984673394568,29.336674601237746],[121.86806084527365,29.33783365885489],[121.86943142361594,29.339103597005874],[121.86972601996985,29.340034179688246],[121.87046847873722,29.340722045899156],[121.87371500651517,29.340156724718554],[121.8757617187548,29.33842712402418]]]}},{"type":"Feature","id":"hydrolakes:1380042","properties":{"Hylak_id":1380042,"Lake_name":"","Country":"China","Continent":"Asia","Poly_src":"SWBD","Lake_type":1,"Grand_id":0,"Lake_area":0.12,"Shore_len":1.87,"Shore_dev":1.51,"Vol_total":0.85,"Vol_res":0.0,"Vol_src":3,"Depth_avg":6.9,"Dis_avg":0.374,"Res_time":26.2,"Elevation":44,"Slope_100":11.9,"Wshd_area":18.0,"Pour_long":121.554919,"Pour_lat":29.335296,"source_id":"hydrolakes:1380042","label":""},"geometry":{"type":"Polygon","coordinates":[[[121.55622707791252,29.334571465386944],[121.55541666667119,29.333472222222895],[121.55306844076,29.33361341688442],[121.55377726237435,29.336972317166556],[121.55458251953598,29.339416029189124],[121.55663479275637,29.339625244141303],[121.55583333333794,29.338959418403533],[121.55506266276501,29.336419135200515],[121.55622707791252,29.334571465386944]]]}},{"type":"Feature","id":"hydrolakes:1380071","properties":{"Hylak_id":1380071,"Lake_name":"","Country":"China","Continent":"Asia","Poly_src":"SWBD","Lake_type":1,"Grand_id":0,"Lake_area":0.45,"Shore_len":5.07,"Shore_dev":2.13,"Vol_total":3.18,"Vol_res":0.0,"Vol_src":3,"Depth_avg":7.1,"Dis_avg":0.327,"Res_time":112.6,"Elevation":126,"Slope_100":8.28,"Wshd_area":13.8,"Pour_long":120.241476,"Pour_lat":29.32065,"source_id":"hydrolakes:1380071","label":""},"geometry":{"type":"Polygon","coordinates":[[[120.2483305528475,29.322225002713367],[120.2479675971183,29.32147684733144],[120.24719904582162,29.3211039903436],[120.24486111111571,29.3190277777785],[120.2436083306253,29.319163886176966],[120.2420048183912,29.319958360460816],[120.241118231884,29.32081013997464],[120.23995861477766,29.32311136881583],[120.24001893785709,29.32606669108145],[120.23944722493945,29.327736952040595],[120.24002644857211,29.327829725478182],[120.24222500271713,29.3252805582689],[120.24255101522272,29.321947224935627],[120.24533774482336,29.322296142578807],[120.24617638482431,29.323476359050233],[120.24790369670046,29.32460890028284],[120.24889321221701,29.327223510742954],[120.24805833605052,29.328025648329856],[120.24841125488734,29.329508531359238],[120.24941453722249,29.33055277506577],[120.2505198499938,29.329519314236848],[120.2488916693838,29.328990953234268],[120.24936833699991,29.32783454047376],[120.25027453952839,29.32696390787828],[120.25000278049498,29.324163886176905],[120.2483305528475,29.322225002713367]]]}},{"type":"Feature","id":"hydrolakes:1380073","properties":{"Hylak_id":1380073,"Lake_name":"","Country":"China","Continent":"Asia","Poly_src":"SWBD","Lake_type":1,"Grand_id":0,"Lake_area":0.2,"Shore_len":1.81,"Shore_dev":1.14,"Vol_total":1.14,"Vol_res":0.0,"Vol_src":3,"Depth_avg":5.7,"Dis_avg":0.36,"Res_time":36.6,"Elevation":37,"Slope_100":6.76,"Wshd_area":17.6,"Pour_long":121.617757,"Pour_lat":29.320411,"source_id":"hydrolakes:1380073","label":""},"geometry":{"type":"Polygon","coordinates":[[[121.61863905165399,29.320476413303822],[121.61847222222679,29.319861111111777],[121.61692409939695,29.31997958713174],[121.61613145616786,29.322235785591033],[121.61661756727887,29.32395907931931],[121.61740193685358,29.32454250759622],[121.6183459472702,29.325811564128344],[121.61996717665397,29.326090698242865],[121.62060940213155,29.32509195963604],[121.62025743273028,29.323909301758476],[121.62000420464881,29.32149197048699],[121.61863905165399,29.320476413303822]]]}},{"type":"Feature","id":"hydrolakes:1380095","properties":{"Hylak_id":1380095,"Lake_name":"","Country":"China","Continent":"Asia","Poly_src":"SWBD","Lake_type":1,"Grand_id":0,"Lake_area":0.38,"Shore_len":4.37,"Shore_dev":1.99,"Vol_total":3.28,"Vol_res":0.0,"Vol_src":3,"Depth_avg":8.5,"Dis_avg":3.186,"Res_time":11.9,"Elevation":76,"Slope_100":12.83,"Wshd_area":127.2,"Pour_long":121.342107,"Pour_lat":29.305796,"source_id":"hydrolakes:1380095","label":""},"geometry":{"type":"Polygon","coordinates":[[[121.32747151693167,29.307209608290748],[121.33083062066424,29.30527499728811],[121.33460123698381,29.30416944715779],[121.33721015082921,29.305937974718574],[121.33957831489175,29.306706475152623],[121.3423305935375,29.306650254992064],[121.34277506510887,29.30526584201465],[121.33878865560371,29.30395751953199],[121.3337398274785,29.30346374511788],[121.33347222222682,29.30263888888959],[121.33249728733102,29.302774997288054],[121.33003404405844,29.304170193143023],[121.32893337674079,29.304147745768944],[121.32617011176677,29.30475463867259],[121.32387084961408,29.304707709419063],[121.32333604601155,29.305863240560598],[121.32419826931874,29.306691555447742],[121.32692043728764,29.306635945638618],[121.32747151693167,29.307209608290748]]]}},{"type":"Feature","id":"hydrolakes:1380113","properties":{"Hylak_id":1380113,"Lake_name":"","Country":"China","Continent":"Asia","Poly_src":"SWBD","Lake_type":1,"Grand_id":0,"Lake_area":0.32,"Shore_len":3.13,"Shore_dev":1.57,"Vol_total":1.74,"Vol_res":0.0,"Vol_src":3,"Depth_avg":5.5,"Dis_avg":0.017,"Res_time":1182.1,"Elevation":3,"Slope_100":5.37,"Wshd_area":0.7,"Pour_long":121.775369,"Pour_lat":29.297765,"source_id":"hydrolakes:1380113","label":""},"geometry":{"type":"Polygon","coordinates":[[[121.77590535482233,29.296743231880043],[121.77430650499605,29.294176974827053],[121.77306586371986,29.29473253038276],[121.77002170139343,29.29542412651989],[121.76990288628934,29.29690314398937],[121.77080607096815,29.296975708008517],[121.77146335178412,29.296609022353095],[121.7724896918449,29.29844835069531],[121.77206312391951,29.298735487196836],[121.76746107313852,29.29953572591222],[121.76680555556015,29.30013888888959],[121.76791205512615,29.300545247396542],[121.77498345269566,29.30027865939735],[121.77572848850298,29.29894314236185],[121.77590535482233,29.296743231880043]]]}},{"type":"Feature","id":"hydrolakes:1380134","properties":{"Hylak_id":1380134,"Lake_name":"","Country":"China","Continent":"Asia","Poly_src":"SWBD","Lake_type":1,"Grand_id":0,"Lake_area":0.12,"Shore_len":2.04,"Shore_dev":1.68,"Vol_total":0.62,"Vol_res":0.0,"Vol_src":3,"Depth_avg":5.3,"Dis_avg":0.238,"Res_time":30.3,"Elevation":150,"Slope_100":6.83,"Wshd_area":9.9,"Pour_long":120.13938,"Pour_lat":29.288053,"source_id":"hydrolakes:1380134","label":""},"geometry":{"type":"Polygon","coordinates":[[[120.14071882460297,29.28852186414997],[120.14138107300272,29.28730319553017],[120.13997977363204,29.28795179579066],[120.13918041653551,29.286480780708132],[120.13910586887386,29.285229966906115],[120.13943662855809,29.284158867730753],[120.14041666667111,29.28263888888955],[120.13865854899552,29.28318176269613],[120.13695226033985,29.286774766710778],[120.1376778496682,29.288034939236866],[120.13861892700646,29.288325534397416],[120.13911531236909,29.28888108995295],[120.14071882460297,29.28852186414997]]]}},{"type":"Feature","id":"hydrolakes:1380145","properties":{"Hylak_id":1380145,"Lake_name":"","Country":"China","Continent":"Asia","Poly_src":"SWBD","Lake_type":1,"Grand_id":0,"Lake_area":0.52,"Shore_len":3.12,"Shore_dev":1.22,"Vol_total":3.4,"Vol_res":0.0,"Vol_src":3,"Depth_avg":6.5,"Dis_avg":0.067,"Res_time":588.1,"Elevation":5,"Slope_100":6.71,"Wshd_area":3.0,"Pour_long":121.737358,"Pour_lat":29.282978,"source_id":"hydrolakes:1380145","label":""},"geometry":{"type":"Polygon","coordinates":[[[121.73887858073385,29.281121419271642],[121.73875000000459,29.28041666666735],[121.7381724717929,29.280590549045883],[121.73690307617665,29.283757595486804],[121.73556586371984,29.284595133464336],[121.7359567599874,29.286493055556264],[121.73696438260038,29.287779812283645],[121.7366484917581,29.28805196126376],[121.73801866319917,29.290851169163034],[121.74066758898033,29.29182393392],[121.74276746962278,29.290508626302824],[121.74174207899767,29.286591322157904],[121.74138943142833,29.28351542155019],[121.73887858073385,29.281121419271642]]]}},{"type":"Feature","id":"hydrolakes:1380172","properties":{"Hylak_id":1380172,"Lake_name":"","Country":"China","Continent":"Asia","Poly_src":"SWBD","Lake_type":1,"Grand_id":0,"Lake_area":0.24,"Shore_len":2.23,"Shore_dev":1.29,"Vol_total":0.44,"Vol_res":0.0,"Vol_src":3,"Depth_avg":1.8,"Dis_avg":0.101,"Res_time":50.1,"Elevation":0,"Slope_100":0.6,"Wshd_area":4.5,"Pour_long":121.565216,"Pour_lat":29.268415,"source_id":"hydrolakes:1380172","label":""},"geometry":{"type":"Polygon","coordinates":[[[121.56856499566459,29.263935004341022],[121.56819444444903,29.263472222223015],[121.56704142253085,29.263616468642226],[121.56616115994387,29.26432135688009],[121.56498860677544,29.266251763238586],[121.56307630751331,29.267413330078853],[121.56444078233966,29.269557969835773],[121.56520575629816,29.271373494466957],[121.56568006727906,29.271052652995593],[121.56635810004803,29.269899224176015],[121.56683634440566,29.268226182726437],[121.56831353082066,29.26704332139832],[121.56859578450997,29.266373494466905],[121.56905924479622,29.266002332899973],[121.56924831814689,29.264482218425144],[121.56856499566459,29.263935004341022]]]}},{"type":"Feature","id":"hydrolakes:1380178","properties":{"Hylak_id":1380178,"Lake_name":"","Country":"China","Continent":"Asia","Poly_src":"SWBD","Lake_type":1,"Grand_id":0,"Lake_area":0.34,"Shore_len":4.75,"Shore_dev":2.28,"Vol_total":2.07,"Vol_res":0.0,"Vol_src":3,"Depth_avg":6.0,"Dis_avg":1.065,"Res_time":22.5,"Elevation":352,"Slope_100":6.41,"Wshd_area":39.5,"Pour_long":120.842253,"Pour_lat":29.264317,"source_id":"hydrolakes:1380178","label":""},"geometry":{"type":"Polygon","coordinates":[[[120.84165384928843,29.263068372939074],[120.84132710775202,29.261954956055433],[120.84082248264343,29.261347520616994],[120.84026550293436,29.261404283312345],[120.8397721354213,29.25917948405015],[120.83707302517826,29.259938761393983],[120.8365701633075,29.261098293729162],[120.83579264323384,29.260260620117833],[120.8359204779776,29.25900580512223],[120.83501281738745,29.25742106119867],[120.83544372559044,29.253735826281115],[120.83613321940555,29.252777777778533],[120.83541666667116,29.251527777778506],[120.83447285970522,29.2518047417542],[120.83441040039514,29.25241753472295],[120.83485310872857,29.25440626356408],[120.83409620497417,29.25503499349037],[120.83280809190984,29.257618950738504],[120.83267137315994,29.258960503472963],[120.833433973529,29.26019680447115],[120.83501281738745,29.261098293729162],[120.83547037760877,29.262153252496432],[120.83644354926685,29.2627105712898],[120.8398912217927,29.262073025174402],[120.84087578667987,29.262500000000728],[120.84080247667549,29.26321967230973],[120.84128038194893,29.264321695964213],[120.84292731391508,29.26526496039571],[120.84307366265642,29.26471544053885],[120.84165384928843,29.263068372939074]]]}},{"type":"Feature","id":"hydrolakes:1380179","properties":{"Hylak_id":1380179,"Lake_name":"","Country":"China","Continent":"Asia","Poly_src":"SWBD","Lake_type":1,"Grand_id":0,"Lake_area":0.44,"Shore_len":3.27,"Shore_dev":1.38,"Vol_total":1.36,"Vol_res":0.0,"Vol_src":3,"Depth_avg":3.1,"Dis_avg":0.438,"Res_time":35.9,"Elevation":72,"Slope_100":1.45,"Wshd_area":18.4,"Pour_long":120.061544,"Pour_lat":29.263448,"source_id":"hydrolakes:1380179","label":""},"geometry":{"type":"Polygon","coordinates":[[[120.0601635911774,29.257479044597062],[120.05958333333803,29.256805555556298],[120.05769552867065,29.257149929471268],[120.0566212548195,29.257629258898362],[120.05663833618615,29.259380357531086],[120.05971942902067,29.260751071506945],[120.06017015245686,29.263221978082242],[120.06310710483575,29.265737033420805],[120.06518774244961,29.26590420193213],[120.06721188863582,29.26544433593824],[120.06640371535008,29.26391798231407],[120.06334934658918,29.262004869249836],[120.06324350993287,29.260687730577956],[120.06378633287682,29.25971476237055],[120.06285058763751,29.258628675673492],[120.0601635911774,29.257479044597062]]]}},{"type":"Feature","id":"hydrolakes:1380181","properties":{"Hylak_id":1380181,"Lake_name":"","Country":"China","Continent":"Asia","Poly_src":"SWBD","Lake_type":1,"Grand_id":0,"Lake_area":0.2,"Shore_len":4.03,"Shore_dev":2.54,"Vol_total":0.27,"Vol_res":0.0,"Vol_src":3,"Depth_avg":1.3,"Dis_avg":0.035,"Res_time":89.3,"Elevation":3,"Slope_100":0.34,"Wshd_area":1.5,"Pour_long":121.712355,"Pour_lat":29.262982,"source_id":"hydrolakes:1380181","label":""},"geometry":{"type":"Polygon","coordinates":[[[121.7163991970533,29.262232530382732],[121.71840888129816,29.2614900716153],[121.71956624349417,29.259482625326314],[121.72145046658449,29.257859293620527],[121.72241997613304,29.257426689996407],[121.72332302517839,29.25637858072986],[121.72625935872856,29.255197075738522],[121.72652777778251,29.254305555556414],[121.7245756022183,29.25444376627678],[121.71947930230493,29.25811828613365],[121.71895589193184,29.257510782878285],[121.71838473850283,29.259407552083985],[121.71739501953607,29.26054524739652],[121.71628933377195,29.259454752604825],[121.71645589193179,29.261527777778554],[121.71537882487434,29.262008395725502],[121.71390068902366,29.261889580621414],[121.7120640733553,29.26291422526117],[121.71273315430147,29.263600802952],[121.7163991970533,29.262232530382732]]]}},{"type":"Feature","id":"hydrolakes:1380190","properties":{"Hylak_id":1380190,"Lake_name":"","Country":"China","Continent":"Asia","Poly_src":"SWBD","Lake_type":1,"Grand_id":0,"Lake_area":0.14,"Shore_len":1.53,"Shore_dev":1.18,"Vol_total":0.13,"Vol_res":0.0,"Vol_src":3,"Depth_avg":1.0,"Dis_avg":0.004,"Res_time":388.1,"Elevation":4,"Slope_100":0.2,"Wshd_area":0.2,"Pour_long":121.835412,"Pour_lat":29.25709,"source_id":"hydrolakes:1380190","label":""},"geometry":{"type":"Polygon","coordinates":[[[121.83700805664535,29.256568264432133],[121.83680555556015,29.25569444444517],[121.83470431858109,29.255815429688198],[121.83372056749596,29.25773152669342],[121.833583848746,29.258656955295976],[121.83396525065575,29.260464206272502],[121.83610677083806,29.260780707465983],[121.83638970269567,29.25814120822548],[121.83700805664535,29.256568264432133]]]}},{"type":"Feature","id":"hydrolakes:1380191","properties":{"Hylak_id":1380191,"Lake_name":"","Country":"China","Continent":"Asia","Poly_src":"SWBD","Lake_type":1,"Grand_id":0,"Lake_area":0.12,"Shore_len":1.8,"Shore_dev":1.47,"Vol_total":0.09,"Vol_res":0.0,"Vol_src":3,"Depth_avg":0.8,"Dis_avg":0.013,"Res_time":82.8,"Elevation":4,"Slope_100":0.13,"Wshd_area":0.6,"Pour_long":121.841183,"Pour_lat":29.256115,"source_id":"hydrolakes:1380191","label":""},"geometry":{"type":"Polygon","coordinates":[[[121.84201565213152,29.256350436741116],[121.84097222222692,29.254861111111836],[121.83973008898045,29.25509297688876],[121.84039903429283,29.256293402778624],[121.84342651367643,29.259287516276856],[121.84505262587271,29.260547756619587],[121.84582546658447,29.259730631511218],[121.84556342231372,29.25888108995298],[121.84337849935366,29.25666754828626],[121.84201565213152,29.256350436741116]]]}},{"type":"Feature","id":"hydrolakes:1380197","properties":{"Hylak_id":1380197,"Lake_name":"","Country":"China","Continent":"Asia","Poly_src":"SWBD","Lake_type":1,"Grand_id":0,"Lake_area":0.26,"Shore_len":3.35,"Shore_dev":1.85,"Vol_total":1.51,"Vol_res":0.0,"Vol_src":3,"Depth_avg":5.8,"Dis_avg":0.095,"Res_time":184.0,"Elevation":415,"Slope_100":6.39,"Wshd_area":3.6,"Pour_long":120.806963,"Pour_lat":29.254612,"source_id":"hydrolakes:1380197","label":""},"geometry":{"type":"Polygon","coordinates":[[[120.80155470106797,29.25610677083398],[120.80381707085974,29.255848727756927],[120.80487820095942,29.257173800999],[120.80539679633716,29.257484605577986],[120.80534105089441,29.255741170248143],[120.80769266764787,29.254750230577997],[120.80804016113728,29.253745795356565],[120.8060032823397,29.253163384332254],[120.8054166666713,29.251250000000653],[120.80402106391534,29.2513862440328],[120.80362650553855,29.25209506564744],[120.8044739447746,29.25277377658489],[120.80378987630655,29.25371025933225],[120.8017372640021,29.252824232314026],[120.8013389078821,29.2551130506734],[120.79862623427101,29.25588867187571],[120.79834872776075,29.25777370876807],[120.79930976020415,29.25831793891132],[120.79972106934076,29.256879408095358],[120.80155470106797,29.25610677083398]]]}},{"type":"Feature","id":"hydrolakes:1380221","properties":{"Hylak_id":1380221,"Lake_name":"","Country":"China","Continent":"Asia","Poly_src":"SWBD","Lake_type":1,"Grand_id":0,"Lake_area":0.22,"Shore_len":2.81,"Shore_dev":1.7,"Vol_total":0.33,"Vol_res":0.0,"Vol_src":3,"Depth_avg":1.5,"Dis_avg":0.014,"Res_time":269.7,"Elevation":2,"Slope_100":0.42,"Wshd_area":0.6,"Pour_long":121.565766,"Pour_lat":29.243277,"source_id":"hydrolakes:1380221","label":""},"geometry":{"type":"Polygon","coordinates":[[[121.57528564453588,29.239174465604094],[121.57541666667129,29.237916666667388],[121.57249213325122,29.238047756619608],[121.5702647569492,29.23896843804323],[121.56567328559498,29.24235039605105],[121.56473008898035,29.243700832791546],[121.56505723741793,29.244985555013727],[121.56645819770438,29.24341756184964],[121.56723008898041,29.243063354493017],[121.56780707465748,29.242417534722904],[121.5713755967929,29.240478379992055],[121.57493842231366,29.239813368056218],[121.57528564453588,29.239174465604094]]]}},{"type":"Feature","id":"hydrolakes:1380225","properties":{"Hylak_id":1380225,"Lake_name":"","Country":"China","Continent":"Asia","Poly_src":"SWBD","Lake_type":1,"Grand_id":0,"Lake_area":0.82,"Shore_len":14.27,"Shore_dev":4.44,"Vol_total":1.24,"Vol_res":0.0,"Vol_src":3,"Depth_avg":1.5,"Dis_avg":0.597,"Res_time":24.1,"Elevation":3,"Slope_100":0.28,"Wshd_area":29.2,"Pour_long":121.741863,"Pour_lat":29.241848,"source_id":"hydrolakes:1380225","label":""},"geometry":{"type":"Polygon","coordinates":[[[121.73305026584671,29.21389417860314],[121.73139417860716,29.213958062066695],[121.73169677734847,29.21545871310849],[121.73407416450112,29.217661471897486],[121.73719468858974,29.221055026584906],[121.73838826497865,29.222844577366175],[121.74111640082936,29.227494710287203],[121.74142808702715,29.22847927517438],[121.74377875434504,29.23266052246163],[121.74454847548213,29.23559828016562],[121.74337714301674,29.238816731771692],[121.74229966905853,29.240285712348793],[121.73833346897158,29.243404541016275],[121.73588595920597,29.245672403972094],[121.73472751194032,29.24833862304763],[121.73430745443181,29.248727891710814],[121.73250528971823,29.254923706055365],[121.73309393989172,29.26055847168044],[121.73295776367661,29.26399454752675],[121.7336333550395,29.2705502658427],[121.73471693251332,29.27019565158497],[121.7341613769579,29.26778306749202],[121.73344428168872,29.254744330512835],[121.73391398112443,29.253856879341015],[121.73449639214874,29.250805731880064],[121.73701822917127,29.245971408420814],[121.73960137261741,29.24336459689738],[121.74084906684504,29.242969631619644],[121.74270399306033,29.241250813802765],[121.74401719835544,29.23901719835135],[121.74472371419745,29.23836256239224],[121.74555026584659,29.23400600857275],[121.7431232367669,29.229652167426877],[121.74194973416257,29.22527248806489],[121.73963338216623,29.22111809624647],[121.73609524197525,29.217238091363583],[121.73473280165399,29.215128309462614],[121.73305026584671,29.21389417860314]]]}},{"type":"Feature","id":"hydrolakes:1380261","properties":{"Hylak_id":1380261,"Lake_name":"","Country":"China","Continent":"Asia","Poly_src":"SWBD","Lake_type":1,"Grand_id":0,"Lake_area":0.1,"Shore_len":1.5,"Shore_dev":1.37,"Vol_total":0.58,"Vol_res":0.0,"Vol_src":3,"Depth_avg":6.1,"Dis_avg":0.131,"Res_time":51.6,"Elevation":184,"Slope_100":10.04,"Wshd_area":5.4,"Pour_long":120.176682,"Pour_lat":29.215869,"source_id":"hydrolakes:1380261","label":""},"geometry":{"type":"Polygon","coordinates":[[[120.17723254734068,29.215823025174302],[120.17652777778233,29.214861111111816],[120.17587465074774,29.21542378743561],[120.17543236626972,29.217451578776718],[120.17653216892262,29.21839911566923],[120.17827267117434,29.220823025174354],[120.17862542046896,29.220281982422534],[120.17799818251314,29.217045355903508],[120.17723254734068,29.215823025174302]]]}},{"type":"Feature","id":"hydrolakes:1380270","properties":{"Hylak_id":1380270,"Lake_name":"","Country":"China","Continent":"Asia","Poly_src":"SWBD","Lake_type":2,"Grand_id":6160,"Lake_area":0.61,"Shore_len":9.6,"Shore_dev":3.46,"Vol_total":25.0,"Vol_res":25.0,"Vol_src":2,"Depth_avg":40.7,"Dis_avg":2.751,"Res_time":105.2,"Elevation":486,"Slope_100":5.44,"Wshd_area":101.4,"Pour_long":120.709239,"Pour_lat":29.209002,"source_id":"hydrolakes:1380270","label":""},"geometry":{"type":"Polygon","coordinates":[[[120.70922939724841,29.209594862196923],[120.71029581706176,29.20887200249632],[120.7122194417363,29.208247748481654],[120.71190056695343,29.207693956163894],[120.71029622396287,29.208243136936517],[120.7080527750698,29.20860833062136],[120.70733879937512,29.209351467557156],[120.70666944716169,29.208330552843734],[120.70500278049508,29.207497219510287],[120.7024972195141,29.207225002713358],[120.70166944716175,29.206663886176898],[120.70027499729196,29.206391669380082],[120.69912075467033,29.20444722493562],[120.69721944173631,29.204719441732436],[120.69614101834219,29.205274997287972],[120.6952692328606,29.205000949436453],[120.6953255208378,29.202242296007682],[120.69221930610257,29.201391669380143],[120.69220269097679,29.199736531576264],[120.69359836154962,29.199017537435566],[120.69633721246106,29.19971944173244],[120.69691833496574,29.198757392036327],[120.6943055555601,29.197638888889628],[120.69083611382831,29.19979309082106],[120.69114407010022,29.20223002115955],[120.692155490456,29.20220940484012],[120.69471944173625,29.20283447265706],[120.69367540148022,29.20540622287399],[120.69528055827288,29.206386108399272],[120.6955527750697,29.207225002713358],[120.69638610840303,29.208454386394067],[120.69305833605074,29.20894585503538],[120.69417514377625,29.210269571940785],[120.69361389160605,29.21135898166301],[120.6941406250046,29.212497219510283],[120.69536722819475,29.212109917535372],[120.69499491374148,29.211387193468568],[120.6961083306253,29.210847032335778],[120.69471266005229,29.20972052680196],[120.69693773058191,29.20935831705799],[120.6969583469014,29.20834526909789],[120.69583611382848,29.2068662516283],[120.6975684950134,29.20611389160223],[120.69833611382842,29.206386108399272],[120.70100206163647,29.208685438368718],[120.70199483236149,29.209196845161273],[120.70497192383277,29.209136081272447],[120.70601928711409,29.21051642523946],[120.70675225152382,29.21277499728808],[120.70876810710104,29.21242852105115],[120.70922939724841,29.209594862196923]]]}},{"type":"Feature","id":"hydrolakes:1380277","properties":{"Hylak_id":1380277,"Lake_name":"","Country":"China","Continent":"Asia","Poly_src":"SWBD","Lake_type":1,"Grand_id":0,"Lake_area":0.14,"Shore_len":1.77,"Shore_dev":1.31,"Vol_total":0.59,"Vol_res":0.0,"Vol_src":3,"Depth_avg":4.1,"Dis_avg":0.026,"Res_time":262.5,"Elevation":4,"Slope_100":3.73,"Wshd_area":1.1,"Pour_long":121.86602,"Pour_lat":29.204647,"source_id":"hydrolakes:1380277","label":""},"geometry":{"type":"Polygon","coordinates":[[[121.87026746962283,29.203134833442505],[121.86965969510027,29.20208604600765],[121.86847140842485,29.20274902343823],[121.86625000000492,29.20180555555629],[121.86473253038656,29.202082383898357],[121.8651596408468,29.204638875326168],[121.86821967231361,29.20637858072979],[121.8683833821662,29.206039089627495],[121.86824313694046,29.20429368760921],[121.868600802956,29.203878580729906],[121.87026746962283,29.203134833442505]]]}},{"type":"Feature","id":"hydrolakes:1380279","properties":{"Hylak_id":1380279,"Lake_name":"","Country":"China","Continent":"Asia","Poly_src":"SWBD","Lake_type":1,"Grand_id":0,"Lake_area":0.36,"Shore_len":3.33,"Shore_dev":1.56,"Vol_total":2.13,"Vol_res":0.0,"Vol_src":3,"Depth_avg":5.9,"Dis_avg":0.19,"Res_time":129.8,"Elevation":387,"Slope_100":6.03,"Wshd_area":7.1,"Pour_long":121.00818,"Pour_lat":29.203626,"source_id":"hydrolakes:1380279","label":""},"geometry":{"type":"Polygon","coordinates":[[[121.01442905002637,29.20945983886793],[121.01409966363298,29.208307698568433],[121.01331468370677,29.20723314073416],[121.01351745605922,29.205602891710782],[121.01415127224851,29.20492797851631],[121.01197726779981,29.204011908637824],[121.0118055555601,29.202638888889624],[121.01072245280409,29.202884928386254],[121.00963073730924,29.202749091254987],[121.00787285699255,29.20342481825162],[121.00897298177551,29.205296291775824],[121.0088409423874,29.206357557509364],[121.00748460558174,29.20692905002238],[121.00723761664949,29.20748446994429],[121.00959967719638,29.207779880100475],[121.00939412435366,29.209432305230735],[121.01009528266508,29.209984605577972],[121.0110114203606,29.20884067111615],[121.0127602132207,29.209340074328054],[121.01347852919292,29.211283094618807],[121.01508294000024,29.211083509657783],[121.01493096246122,29.209861721463426],[121.01442905002637,29.20945983886793]]]}},{"type":"Feature","id":"hydrolakes:1380284","properties":{"Hylak_id":1380284,"Lake_name":"","Country":"China","Continent":"Asia","Poly_src":"SWBD","Lake_type":1,"Grand_id":0,"Lake_area":0.7,"Shore_len":3.67,"Shore_dev":1.24,"Vol_total":1.78,"Vol_res":0.0,"Vol_src":3,"Depth_avg":2.5,"Dis_avg":0.06,"Res_time":342.6,"Elevation":0,"Slope_100":0.85,"Wshd_area":2.6,"Pour_long":121.75954,"Pour_lat":29.20223,"source_id":"hydrolakes:1380284","label":""},"geometry":{"type":"Polygon","coordinates":[[[121.76061645508287,29.201563178169238],[121.76023993598545,29.200187445747247],[121.75958333333796,29.199583333333976],[121.75852539062976,29.199721747505066],[121.755805257166,29.201426459419054],[121.7552880859422,29.200267469618836],[121.7533803982252,29.200010308160415],[121.75278808594226,29.20266276041741],[121.75465915256535,29.206016303169065],[121.75500637478757,29.20904446072126],[121.75587849935351,29.210607706706412],[121.75689737956185,29.210525851780176],[121.76070014106364,29.2090507676873],[121.7611008029561,29.20785230848594],[121.76001030816445,29.20600606282636],[121.76133626302556,29.20486368815176],[121.76061645508287,29.201563178169238]]]}},{"type":"Feature","id":"hydrolakes:1380288","properties":{"Hylak_id":1380288,"Lake_name":"","Country":"China","Continent":"Asia","Poly_src":"SWBD","Lake_type":1,"Grand_id":0,"Lake_area":0.18,"Shore_len":1.99,"Shore_dev":1.32,"Vol_total":0.73,"Vol_res":0.0,"Vol_src":3,"Depth_avg":4.0,"Dis_avg":0.44,"Res_time":19.2,"Elevation":125,"Slope_100":3.45,"Wshd_area":16.3,"Pour_long":120.868827,"Pour_lat":29.198955,"source_id":"hydrolakes:1380288","label":""},"geometry":{"type":"Polygon","coordinates":[[[120.87029269748734,29.19805765787828],[120.8701388888935,29.197638888889628],[120.86742723253491,29.19840026855553],[120.86754286024768,29.199838663737637],[120.86585428874156,29.2015524631085],[120.86501369900628,29.20350002712746],[120.86744405111125,29.204392496745527],[120.8680452474004,29.203045247396574],[120.86971659342919,29.20068800184532],[120.86998969184475,29.198600802952114],[120.87029269748734,29.19805765787828]]]}},{"type":"Feature","id":"hydrolakes:1380292","properties":{"Hylak_id":1380292,"Lake_name":"","Country":"China","Continent":"Asia","Poly_src":"SWBD","Lake_type":1,"Grand_id":0,"Lake_area":0.39,"Shore_len":2.96,"Shore_dev":1.34,"Vol_total":1.0,"Vol_res":0.0,"Vol_src":3,"Depth_avg":2.6,"Dis_avg":0.009,"Res_time":1291.5,"Elevation":0,"Slope_100":1.09,"Wshd_area":0.4,"Pour_long":121.758707,"Pour_lat":29.196531,"source_id":"hydrolakes:1380292","label":""},"geometry":{"type":"Polygon","coordinates":[[[121.75832302517836,29.18844238281332],[121.75791666667135,29.187361111111898],[121.75667955187095,29.18806837293903],[121.75494154188846,29.188453776042536],[121.75505357530847,29.189553222657025],[121.75286024306018,29.190805460612637],[121.75400214301675,29.19308125813876],[121.7556922743102,29.194123806424386],[121.7562916395446,29.197487182617863],[121.7591537814717,29.197135959202114],[121.75889634874596,29.19465786404146],[121.7581886122008,29.194069959853095],[121.75868815104639,29.192283325196],[121.75832302517836,29.18844238281332]]]}},{"type":"Feature","id":"hydrolakes:1380298","properties":{"Hylak_id":1380298,"Lake_name":"","Country":"China","Continent":"Asia","Poly_src":"SWBD","Lake_type":1,"Grand_id":0,"Lake_area":0.24,"Shore_len":2.17,"Shore_dev":1.24,"Vol_total":0.69,"Vol_res":0.0,"Vol_src":3,"Depth_avg":2.8,"Dis_avg":0.091,"Res_time":87.7,"Elevation":93,"Slope_100":1.5,"Wshd_area":3.4,"Pour_long":120.947909,"Pour_lat":29.194127,"source_id":"hydrolakes:1380298","label":""},"geometry":{"type":"Polygon","coordinates":[[[120.94418206109395,29.19640428331229],[120.94523627387616,29.195784573025776],[120.9475718180384,29.196651272244594],[120.94862650553853,29.195570949978958],[120.94890869141074,29.194901123047543],[120.9499846055819,29.194039510091898],[120.9491226535419,29.19285447862478],[120.94819444444909,29.192361111111836],[120.94471625434494,29.1930868869365],[120.9416820610939,29.195516696506786],[120.94202772352884,29.197147284614402],[120.94418206109395,29.19640428331229]]]}},{"type":"Feature","id":"hydrolakes:1380304","properties":{"Hylak_id":1380304,"Lake_name":"","Country":"China","Continent":"Asia","Poly_src":"SWBD","Lake_type":1,"Grand_id":0,"Lake_area":0.16,"Shore_len":1.81,"Shore_dev":1.29,"Vol_total":0.68,"Vol_res":0.0,"Vol_src":3,"Depth_avg":4.4,"Dis_avg":0.009,"Res_time":880.1,"Elevation":0,"Slope_100":4.26,"Wshd_area":0.4,"Pour_long":121.957676,"Pour_lat":29.191896,"source_id":"hydrolakes:1380304","label":""},"geometry":{"type":"Polygon","coordinates":[[[121.95915134006538,29.18924262152848],[121.95720689562091,29.18890428331241],[121.95569444444908,29.188194444445173],[121.95526245117645,29.18831793891127],[121.95501532661075,29.18890428331241],[121.95425537109833,29.1891512722446],[121.95390421549945,29.18831793891127],[121.95313178168874,29.188070949978965],[121.95279310438855,29.188984171550146],[121.95456705729646,29.190950520834008],[121.95777872721828,29.19216322157189],[121.9588977050829,29.19032070583836],[121.95915134006538,29.18924262152848]]]}},{"type":"Feature","id":"hydrolakes:1380356","properties":{"Hylak_id":1380356,"Lake_name":"","Country":"China","Continent":"Asia","Poly_src":"SWBD","Lake_type":1,"Grand_id":0,"Lake_area":0.13,"Shore_len":1.85,"Shore_dev":1.45,"Vol_total":0.73,"Vol_res":0.0,"Vol_src":3,"Depth_avg":5.6,"Dis_avg":0.046,"Res_time":183.1,"Elevation":130,"Slope_100":7.49,"Wshd_area":1.9,"Pour_long":120.176649,"Pour_lat":29.163505,"source_id":"hydrolakes:1380356","label":""},"geometry":{"type":"Polygon","coordinates":[[[120.17974333021834,29.15888495551286],[120.1795833333378,29.158194444445087],[120.17891594781281,29.158380262587457],[120.17858106825537,29.159967176650014],[120.17716857910608,29.1610574679911],[120.17666207208049,29.16287638346421],[120.17585122002941,29.16350226508331],[120.17668199327721,29.1641487630215],[120.17751788669608,29.16362901475759],[120.17829059177421,29.162627902561496],[120.18105907864486,29.16215759277418],[120.18114213732002,29.161595594618746],[120.18053766886845,29.16112901475765],[120.18029566447382,29.16025987413269],[120.17966571384449,29.159410196940826],[120.17974333021834,29.15888495551286]]]}},{"type":"Feature","id":"hydrolakes:1380358","properties":{"Hylak_id":1380358,"Lake_name":"","Country":"China","Continent":"Asia","Poly_src":"SWBD","Lake_type":1,"Grand_id":0,"Lake_area":0.26,"Shore_len":3.37,"Shore_dev":1.87,"Vol_total":1.26,"Vol_res":0.0,"Vol_src":3,"Depth_avg":4.9,"Dis_avg":0.486,"Res_time":29.9,"Elevation":72,"Slope_100":4.53,"Wshd_area":20.2,"Pour_long":120.004872,"Pour_lat":29.162895,"source_id":"hydrolakes:1380358","label":""},"geometry":{"type":"Polygon","coordinates":[[[120.00610581610397,29.15888359917608],[120.00910559548731,29.155539076064088],[120.0094937091448,29.153684014215116],[120.00875000000462,29.152361111111816],[120.00707891464702,29.15253892686701],[120.00605485068888,29.15458014594259],[120.0037730492532,29.155015801324623],[120.00430045446211,29.156133355035365],[120.0060926617561,29.156062282986852],[120.00613333384644,29.157088419597073],[120.00527248277052,29.157494710287153],[120.00500529501625,29.15972751193641],[120.00426727401339,29.160411309137146],[120.00347282728023,29.16191270616406],[120.0041401905529,29.163326755100513],[120.00524326324933,29.1633704969625],[120.00584227244502,29.162500000000705],[120.00506144418114,29.161365288629156],[120.00610581610397,29.15888359917608]]]}},{"type":"Feature","id":"hydrolakes:1380360","properties":{"Hylak_id":1380360,"Lake_name":"","Country":"China","Continent":"Asia","Poly_src":"SWBD","Lake_type":1,"Grand_id":0,"Lake_area":0.13,"Shore_len":1.77,"Shore_dev":1.37,"Vol_total":0.19,"Vol_res":0.0,"Vol_src":3,"Depth_avg":1.4,"Dis_avg":0.07,"Res_time":30.6,"Elevation":0,"Slope_100":0.42,"Wshd_area":3.0,"Pour_long":121.57931,"Pour_lat":29.16193,"source_id":"hydrolakes:1380360","label":""},"geometry":{"type":"Polygon","coordinates":[[[121.57938693576847,29.162545912001576],[121.57951524523037,29.161513943143063],[121.57844916450114,29.1610647243931],[121.57779310438843,29.159984605577904],[121.57609578450985,29.158070949978992],[121.57597222222677,29.157638888889608],[121.57508382161939,29.157892930773244],[121.57459662543857,29.15916042751809],[121.575570882166,29.160817938911237],[121.57586439345084,29.162174275716893],[121.57665405273906,29.162272474501606],[121.57712687174956,29.161682061090062],[121.57786648220946,29.163040161133665],[121.57938693576847,29.162545912001576]]]}},{"type":"Feature","id":"hydrolakes:1380376","properties":{"Hylak_id":1380376,"Lake_name":"","Country":"China","Continent":"Asia","Poly_src":"SWBD","Lake_type":1,"Grand_id":0,"Lake_area":0.14,"Shore_len":2.05,"Shore_dev":1.53,"Vol_total":0.44,"Vol_res":0.0,"Vol_src":3,"Depth_avg":3.1,"Dis_avg":0.057,"Res_time":90.3,"Elevation":79,"Slope_100":2.18,"Wshd_area":2.1,"Pour_long":120.958497,"Pour_lat":29.154007,"source_id":"hydrolakes:1380376","label":""},"geometry":{"type":"Polygon","coordinates":[[[120.95874152289969,29.157529635959918],[120.95987603082045,29.15680935329931],[120.96111416287346,29.157754855686505],[120.9615098741366,29.157077229818412],[120.95974514431896,29.156044582791594],[120.96045159234404,29.1545074462897],[120.95877407498301,29.154171142578775],[120.9584722222267,29.153750000000684],[120.95788960775195,29.15416761610311],[120.95719930013473,29.155254855686508],[120.95696736654094,29.15613403320384],[120.95561787923629,29.156490071615224],[120.95548170302101,29.15717922634616],[120.95696736654094,29.157477077908652],[120.95732340495255,29.158826565213474],[120.95779527452709,29.158919813368698],[120.95874152289969,29.157529635959918]]]}},{"type":"Feature","id":"hydrolakes:1380382","properties":{"Hylak_id":1380382,"Lake_name":"","Country":"China","Continent":"Asia","Poly_src":"SWBD","Lake_type":1,"Grand_id":0,"Lake_area":0.11,"Shore_len":2.0,"Shore_dev":1.72,"Vol_total":0.76,"Vol_res":0.0,"Vol_src":3,"Depth_avg":7.0,"Dis_avg":0.857,"Res_time":10.3,"Elevation":134,"Slope_100":12.8,"Wshd_area":31.9,"Pour_long":121.103613,"Pour_lat":29.149331,"source_id":"hydrolakes:1380382","label":""},"geometry":{"type":"Polygon","coordinates":[[[121.10366244846392,29.148718193902766],[121.10319444444906,29.148194444445153],[121.1019522433856,29.14836059570382],[121.10249220106812,29.150285576715135],[121.10584113227452,29.151658867730703],[121.10838901096378,29.153881089952904],[121.10934441460972,29.15288642035665],[121.10650160048215,29.151474812826166],[121.10580369737869,29.150466172960762],[121.10366244846392,29.148718193902766]]]}},{"type":"Feature","id":"hydrolakes:1380384","properties":{"Hylak_id":1380384,"Lake_name":"","Country":"China","Continent":"Asia","Poly_src":"SWBD","Lake_type":1,"Grand_id":0,"Lake_area":0.5,"Shore_len":3.55,"Shore_dev":1.41,"Vol_total":1.01,"Vol_res":0.0,"Vol_src":3,"Depth_avg":2.0,"Dis_avg":0.625,"Res_time":18.6,"Elevation":0,"Slope_100":0.58,"Wshd_area":32.1,"Pour_long":121.888274,"Pour_lat":29.148234,"source_id":"hydrolakes:1380384","label":""},"geometry":{"type":"Polygon","coordinates":[[[121.88883395725287,29.149418470595265],[121.88921535916262,29.14755635579496],[121.88836317274769,29.14666944715782],[121.88705403646298,29.147969835070114],[121.88599460178432,29.14618523491822],[121.88389160156709,29.144997219510287],[121.88221950955318,29.144725002713358],[121.88106757270424,29.144149644640493],[121.88041666667124,29.143472222222954],[121.87474704319033,29.144191080729968],[121.87594835069922,29.14477389865516],[121.8770610894145,29.146275024414763],[121.87805284288658,29.14694722493556],[121.87889160156715,29.147219441732602],[121.87999728733104,29.148058336046688],[121.88258572049085,29.149375000000816],[121.88440361871125,29.149997219510226],[121.88883395725287,29.149418470595265]]]}},{"type":"Feature","id":"hydrolakes:1380414","properties":{"Hylak_id":1380414,"Lake_name":"","Country":"China","Continent":"Asia","Poly_src":"SWBD","Lake_type":2,"Grand_id":6162,"Lake_area":0.75,"Shore_len":4.14,"Shore_dev":1.35,"Vol_total":25.6,"Vol_res":25.6,"Vol_src":2,"Depth_avg":34.0,"Dis_avg":0.6,"Res_time":493.8,"Elevation":114,"Slope_100":8.56,"Wshd_area":24.8,"Pour_long":120.04305,"Pour_lat":29.130285,"source_id":"hydrolakes:1380414","label":""},"geometry":{"type":"Polygon","coordinates":[[[120.04110078176325,29.11723253038275],[120.04097222222669,29.116527777778572],[120.03890932295519,29.117817857531122],[120.03719051361526,29.11929870605536],[120.03690653483517,29.122832912869626],[120.03724448310453,29.12432047526113],[120.03834366269041,29.125267469618734],[120.03860078176314,29.128343641493814],[120.03998245239734,29.129649386936478],[120.04048631880465,29.130778605143917],[120.04205948724137,29.1316563585076],[120.04349551307274,29.131289469401793],[120.04443411509652,29.129607204861884],[120.04357769860627,29.127804429796697],[120.0447118928742,29.12598727756142],[120.0443069966679,29.125291137695967],[120.04257848528152,29.124975857205527],[120.04365693834535,29.123868611654473],[120.04330399831599,29.12231506347723],[120.04184841156456,29.120456475152594],[120.04134056939483,29.119073554145643],[120.04140050252721,29.118327704536227],[120.04110078176325,29.11723253038275]]]}},{"type":"Feature","id":"hydrolakes:1380429","properties":{"Hylak_id":1380429,"Lake_name":"","Country":"China","Continent":"Asia","Poly_src":"SWBD","Lake_type":1,"Grand_id":0,"Lake_area":0.15,"Shore_len":3.03,"Shore_dev":2.23,"Vol_total":0.99,"Vol_res":0.0,"Vol_src":3,"Depth_avg":6.7,"Dis_avg":0.117,"Res_time":97.9,"Elevation":42,"Slope_100":10.57,"Wshd_area":5.3,"Pour_long":121.949745,"Pour_lat":29.11866,"source_id":"hydrolakes:1380429","label":""},"geometry":{"type":"Polygon","coordinates":[[[121.9547325303866,29.113343641493827],[121.95486111111586,29.11263888888965],[121.95241889106376,29.114406670465087],[121.95256985135018,29.116285536025032],[121.95202840169748,29.116913859050214],[121.9494548882426,29.118341946072746],[121.9494041612461,29.118973117405176],[121.95221191406722,29.120288085938228],[121.95637858073377,29.121349487305338],[121.95612141927552,29.12054524739648],[121.95215101454454,29.119656778972114],[121.95276746962281,29.117211914063148],[121.95310221354646,29.116923489041483],[121.95360080295615,29.1152674696188],[121.9547325303866,29.113343641493827]]]}},{"type":"Feature","id":"hydrolakes:1380442","properties":{"Hylak_id":1380442,"Lake_name":"","Country":"China","Continent":"Asia","Poly_src":"SWBD","Lake_type":1,"Grand_id":0,"Lake_area":0.25,"Shore_len":2.59,"Shore_dev":1.46,"Vol_total":1.65,"Vol_res":0.0,"Vol_src":3,"Depth_avg":6.6,"Dis_avg":0.542,"Res_time":35.3,"Elevation":99,"Slope_100":8.52,"Wshd_area":19.1,"Pour_long":120.997078,"Pour_lat":29.105042,"source_id":"hydrolakes:1380442","label":""},"geometry":{"type":"Polygon","coordinates":[[[120.9899513075132,29.099995185005014],[120.98958333333786,29.099583333334124],[120.98922770182753,29.099901123047516],[120.99074062771729,29.10297770182359],[120.9941480170404,29.103433430990265],[120.99451619466618,29.105796237522384],[120.99704535590735,29.105946994358362],[120.99832173665834,29.104806518555392],[120.99749220106793,29.103618910048453],[120.99713019477463,29.10244669596426],[120.9964293077303,29.10166225857273],[120.99175489638043,29.10117513020907],[120.99088202582936,29.10028259277425],[120.9899513075132,29.099995185005014]]]}},{"type":"Feature","id":"hydrolakes:1380443","properties":{"Hylak_id":1380443,"Lake_name":"","Country":"China","Continent":"Asia","Poly_src":"SWBD","Lake_type":1,"Grand_id":0,"Lake_area":0.26,"Shore_len":2.13,"Shore_dev":1.18,"Vol_total":1.63,"Vol_res":0.0,"Vol_src":3,"Depth_avg":6.3,"Dis_avg":0.026,"Res_time":725.2,"Elevation":8,"Slope_100":7.61,"Wshd_area":1.1,"Pour_long":121.848237,"Pour_lat":29.105491,"source_id":"hydrolakes:1380443","label":""},"geometry":{"type":"Polygon","coordinates":[[[121.84804524740059,29.10028808593819],[121.84791666667132,29.09986111111175],[121.84701321072532,29.100025906033636],[121.84634019640248,29.103149685330607],[121.84670830621116,29.105963270400025],[121.84844835069902,29.106934136285417],[121.85161390516959,29.106629638672587],[121.85173624674934,29.105105523004283],[121.84804524740059,29.10028808593819]]]}},{"type":"Feature","id":"hydrolakes:1380488","properties":{"Hylak_id":1380488,"Lake_name":"","Country":"China","Continent":"Asia","Poly_src":"SWBD","Lake_type":1,"Grand_id":0,"Lake_area":0.16,"Shore_len":2.07,"Shore_dev":1.45,"Vol_total":1.21,"Vol_res":0.0,"Vol_src":3,"Depth_avg":7.5,"Dis_avg":0.196,"Res_time":71.7,"Elevation":106,"Slope_100":12.8,"Wshd_area":7.1,"Pour_long":121.161085,"Pour_lat":29.071728,"source_id":"hydrolakes:1380488","label":""},"geometry":{"type":"Polygon","coordinates":[[[121.16248467339864,29.066126505534555],[121.16236111111573,29.065694444445057],[121.15980862088122,29.065827094184783],[121.16044799805161,29.066914740669063],[121.16109578450977,29.06918314615956],[121.16050048828595,29.070127156576234],[121.15981580946635,29.070675387912956],[121.16038614909309,29.072670355903483],[121.16186998155854,29.072854885525828],[121.16220689562101,29.070540161133522],[121.16304022895423,29.069872843425173],[121.16279310438847,29.0666512722446],[121.16248467339864,29.066126505534555]]]}},{"type":"Feature","id":"hydrolakes:1380490","properties":{"Hylak_id":1380490,"Lake_name":"","Country":"China","Continent":"Asia","Poly_src":"SWBD","Lake_type":1,"Grand_id":0,"Lake_area":0.11,"Shore_len":1.86,"Shore_dev":1.57,"Vol_total":0.31,"Vol_res":0.0,"Vol_src":3,"Depth_avg":2.7,"Dis_avg":0.014,"Res_time":254.3,"Elevation":3,"Slope_100":1.79,"Wshd_area":0.6,"Pour_long":121.607292,"Pour_lat":29.069613,"source_id":"hydrolakes:1380490","label":""},"geometry":{"type":"Polygon","coordinates":[[[121.60388604058625,29.068368598090956],[121.60375000000477,29.067916666667372],[121.60288018121122,29.068178507487687],[121.60223253038652,29.069339396159535],[121.60336642795608,29.06988789876368],[121.60880805121991,29.070511745877525],[121.61041205512612,29.071100802952117],[121.61028767904122,29.07054307725764],[121.60774631076856,29.06895684136356],[121.60388604058625,29.068368598090956]]]}},{"type":"Feature","id":"hydrolakes:1380497","properties":{"Hylak_id":1380497,"Lake_name":"","Country":"China","Continent":"Asia","Poly_src":"SWBD","Lake_type":1,"Grand_id":0,"Lake_area":0.12,"Shore_len":2.02,"Shore_dev":1.62,"Vol_total":0.75,"Vol_res":0.0,"Vol_src":3,"Depth_avg":6.0,"Dis_avg":0.23,"Res_time":37.7,"Elevation":204,"Slope_100":8.88,"Wshd_area":9.4,"Pour_long":120.117797,"Pour_lat":29.060577,"source_id":"hydrolakes:1380497","label":""},"geometry":{"type":"Polygon","coordinates":[[[120.11556067573156,29.064079589844482],[120.11647683038109,29.063345947266384],[120.11636989170103,29.06248616536533],[120.11712805854404,29.06216668023069],[120.11903840807196,29.059778103299266],[120.1187500000047,29.05902777777851],[120.11805401272687,29.059226752387815],[120.11680494520863,29.0612832302524],[120.11612647163008,29.06168206109021],[120.113491295713,29.062011650933812],[120.11168202718557,29.063460489909573],[120.11228203668009,29.06396782769167],[120.11347222222685,29.063819783529482],[120.11556067573156,29.064079589844482]]]}},{"type":"Feature","id":"hydrolakes:1380505","properties":{"Hylak_id":1380505,"Lake_name":"","Country":"China","Continent":"Asia","Poly_src":"SWBD","Lake_type":1,"Grand_id":0,"Lake_area":0.56,"Shore_len":4.73,"Shore_dev":1.78,"Vol_total":3.96,"Vol_res":0.0,"Vol_src":3,"Depth_avg":7.0,"Dis_avg":0.287,"Res_time":159.6,"Elevation":10,"Slope_100":7.52,"Wshd_area":12.4,"Pour_long":121.54217,"Pour_lat":29.053504,"source_id":"hydrolakes:1380505","label":""},"geometry":{"type":"Polygon","coordinates":[[[121.53415879991792,29.05721442328627],[121.5398666720966,29.056952243381716],[121.5417480468796,29.05841030544775],[121.54221435547328,29.0582523600267],[121.54165798611581,29.057228461372176],[121.54169759115058,29.056565077040602],[121.54261108398907,29.055748901367906],[121.54602159288658,29.055764160157025],[121.54638102214028,29.05502292209269],[121.54384806315562,29.05472615559978],[121.54206773546463,29.05293226454063],[121.54180555556036,29.052083333333997],[121.53940497504794,29.052233818902607],[121.53885064019573,29.05344143337743],[121.53797919379815,29.05422003852067],[121.53593682183617,29.054098307292406],[121.5349167209248,29.0546527099616],[121.53101359049947,29.055059407552733],[121.53041842990928,29.055725572374797],[121.53138102214001,29.057164442274996],[121.5297855631556,29.058179185656115],[121.52917453342474,29.058921983507673],[121.53202053494397,29.060053439670867],[121.53325900608098,29.059979587131807],[121.53360324436233,29.057769978841804],[121.53415879991792,29.05721442328627]]]}},{"type":"Feature","id":"hydrolakes:1380515","properties":{"Hylak_id":1380515,"Lake_name":"","Country":"China","Continent":"Asia","Poly_src":"SWBD","Lake_type":1,"Grand_id":0,"Lake_area":0.11,"Shore_len":2.73,"Shore_dev":2.34,"Vol_total":0.77,"Vol_res":0.0,"Vol_src":3,"Depth_avg":7.1,"Dis_avg":0.24,"Res_time":37.1,"Elevation":451,"Slope_100":12.8,"Wshd_area":8.6,"Pour_long":120.508128,"Pour_lat":29.046256,"source_id":"hydrolakes:1380515","label":""},"geometry":{"type":"Polygon","coordinates":[[[120.51011077881304,29.04534071180632],[120.5117405531189,29.04383063422381],[120.5133291626023,29.04308091905449],[120.51371832954004,29.042256266276752],[120.51723100450761,29.041393500434765],[120.51708333333806,29.040972222222877],[120.51416436089869,29.041673516168203],[120.51317240397583,29.041148613824475],[120.51278306749589,29.042783067491996],[120.51163519965729,29.043056504992023],[120.5086061943947,29.04529412163697],[120.50756720649338,29.04525288899805],[120.50808410644976,29.046727701823556],[120.50953155518039,29.04777248806488],[120.51011077881304,29.04534071180632]]]}},{"type":"Feature","id":"hydrolakes:1380539","properties":{"Hylak_id":1380539,"Lake_name":"","Country":"China","Continent":"Asia","Poly_src":"SWBD","Lake_type":2,"Grand_id":6164,"Lake_area":0.12,"Shore_len":2.26,"Shore_dev":1.82,"Vol_total":11.3,"Vol_res":11.3,"Vol_src":2,"Depth_avg":92.6,"Dis_avg":0.353,"Res_time":370.5,"Elevation":198,"Slope_100":10.92,"Wshd_area":14.4,"Pour_long":120.068821,"Pour_lat":29.032535,"source_id":"hydrolakes:1380539","label":""},"geometry":{"type":"Polygon","coordinates":[[[120.06513888889339,29.03069444444526],[120.06436626010913,29.03113993326889],[120.06528811137343,29.03193413628543],[120.06569597880497,29.033288845486823],[120.07270378113253,29.032726440430395],[120.0728742387605,29.030605129666526],[120.07156618754522,29.030124715170075],[120.0708910709003,29.03163770887653],[120.06945023431172,29.032032063802717],[120.06672262404163,29.032251180013816],[120.06513888889339,29.03069444444526]]]}},{"type":"Feature","id":"hydrolakes:1380543","properties":{"Hylak_id":1380543,"Lake_name":"","Country":"China","Continent":"Asia","Poly_src":"SWBD","Lake_type":1,"Grand_id":0,"Lake_area":0.3,"Shore_len":5.01,"Shore_dev":2.59,"Vol_total":2.5,"Vol_res":0.0,"Vol_src":3,"Depth_avg":8.4,"Dis_avg":0.304,"Res_time":95.4,"Elevation":392,"Slope_100":13.41,"Wshd_area":10.1,"Pour_long":120.811379,"Pour_lat":29.030431,"source_id":"hydrolakes:1380543","label":""},"geometry":{"type":"Polygon","coordinates":[[[120.80724331326411,29.032295464410367],[120.81091925727458,29.032208794488497],[120.81220594618526,29.0307687038852],[120.81270623101585,29.026498345269772],[120.81351304796476,29.025013699002443],[120.8147483317104,29.02390997992694],[120.8146851942322,29.02285135905015],[120.81644931369817,29.018799845378226],[120.81579542372418,29.01635823567773],[120.81597222222678,29.014861111111827],[120.8152960205125,29.015465291341854],[120.81500779894117,29.01945224338175],[120.81452080621125,29.021270480686496],[120.81380933973992,29.02269822862479],[120.81285732693607,29.023135104709922],[120.81138108995685,29.02610331217511],[120.81024278429271,29.030515068902616],[120.8087438286721,29.03146837022632],[120.80654012044721,29.03067762586869],[120.80584113227457,29.030914306641364],[120.80724331326411,29.032295464410367]]]}},{"type":"Feature","id":"hydrolakes:1380544","properties":{"Hylak_id":1380544,"Lake_name":"","Country":"China","Continent":"Asia","Poly_src":"SWBD","Lake_type":1,"Grand_id":0,"Lake_area":0.11,"Shore_len":2.09,"Shore_dev":1.75,"Vol_total":0.66,"Vol_res":0.0,"Vol_src":3,"Depth_avg":5.8,"Dis_avg":0.32,"Res_time":23.7,"Elevation":198,"Slope_100":8.43,"Wshd_area":13.1,"Pour_long":120.063342,"Pour_lat":29.029437,"source_id":"hydrolakes:1380544","label":""},"geometry":{"type":"Polygon","coordinates":[[[120.06513888889339,29.03069444444526],[120.0659333123146,29.029027370877373],[120.0636190033004,29.0280405680345],[120.06288895501484,29.02811503092522],[120.06178732978418,29.027701076932146],[120.06084618462904,29.028482869466927],[120.06193159315768,29.029640977648285],[120.06084618462904,29.030568372939058],[120.05890173594616,29.030914916992856],[120.05995257484034,29.03190972222285],[120.06146822611942,29.031252441406878],[120.06291423374222,29.029750773112767],[120.06438240051727,29.029601169163016],[120.06513888889339,29.03069444444526]]]}},{"type":"Feature","id":"hydrolakes:1380560","properties":{"Hylak_id":1380560,"Lake_name":"","Country":"China","Continent":"Asia","Poly_src":"SWBD","Lake_type":1,"Grand_id":0,"Lake_area":0.25,"Shore_len":3.38,"Shore_dev":1.92,"Vol_total":1.75,"Vol_res":0.0,"Vol_src":3,"Depth_avg":7.1,"Dis_avg":0.11,"Res_time":184.6,"Elevation":237,"Slope_100":10.03,"Wshd_area":4.1,"Pour_long":120.364865,"Pour_lat":29.014158,"source_id":"hydrolakes:1380560","label":""},"geometry":{"type":"Polygon","coordinates":[[[120.36445478651717,29.013228963216875],[120.36477522108737,29.011615125868843],[120.36860076904742,29.011877848308018],[120.36819444444893,29.011088799371294],[120.36752733019125,29.01114237467533],[120.3644170464454,29.010435791016334],[120.36307583279529,29.009280327691613],[120.36298892551446,29.008198513455625],[120.36334747314896,29.00722222222288],[120.36319444444905,29.00680555555624],[120.36198167589441,29.006964246962582],[120.36001034207277,29.01100606282631],[120.36098052978963,29.011807047526702],[120.36362145318373,29.013045247396633],[120.36473256429502,29.014434136285388],[120.36512298584455,29.01573086208839],[120.36608727349625,29.016268853082238],[120.36614240858734,29.01558281792603],[120.36552700467035,29.01370741102494],[120.36445478651717,29.013228963216875]]]}},{"type":"Feature","id":"hydrolakes:1380578","properties":{"Hylak_id":1380578,"Lake_name":"","Country":"China","Continent":"Asia","Poly_src":"SWBD","Lake_type":1,"Grand_id":0,"Lake_area":0.34,"Shore_len":4.28,"Shore_dev":2.07,"Vol_total":2.18,"Vol_res":0.0,"Vol_src":3,"Depth_avg":6.4,"Dis_avg":0.235,"Res_time":107.3,"Elevation":177,"Slope_100":7.28,"Wshd_area":9.2,"Pour_long":120.225718,"Pour_lat":28.996397,"source_id":"hydrolakes:1380578","label":""},"geometry":{"type":"Polygon","coordinates":[[[120.22584114922864,28.98221442328628],[120.22541666667126,28.98152777777841],[120.22499218411383,28.981658867730687],[120.22471742418526,28.98254869249206],[120.22389670478418,28.983281995986033],[120.22450985379146,28.985152723524948],[120.22433558146633,28.988076578776713],[120.22528644138367,28.989437866211574],[120.22534479777488,28.99181898329067],[120.22411371867327,28.99375467936261],[120.22250781589531,28.994556952583196],[120.2230633714509,28.995269978841804],[120.22332551744711,28.996396687826177],[120.2249190606056,28.997214423286266],[120.22636684842024,28.996802775065817],[120.22695226033971,28.99500779893731],[120.22726109823054,28.992698635525812],[120.22802652995256,28.99201477050866],[120.22811308119492,28.990562608507673],[120.2272300381178,28.989436645508533],[120.22574730767599,28.988866644965924],[120.22495542738636,28.987732950847032],[120.22526996189157,28.986381089952943],[120.22609953139016,28.985193481446004],[120.22484815809906,28.9840753852003],[120.22526996189157,28.98360331217515],[120.2263810730027,28.983260226780146],[120.22584114922864,28.98221442328628]]]}},{"type":"Feature","id":"hydrolakes:1380580","properties":{"Hylak_id":1380580,"Lake_name":"","Country":"China","Continent":"Asia","Poly_src":"SWBD","Lake_type":1,"Grand_id":0,"Lake_area":0.24,"Shore_len":4.68,"Shore_dev":2.69,"Vol_total":1.8,"Vol_res":0.0,"Vol_src":3,"Depth_avg":7.5,"Dis_avg":0.515,"Res_time":40.4,"Elevation":178,"Slope_100":11.18,"Wshd_area":21.2,"Pour_long":120.037964,"Pour_lat":28.995435,"source_id":"hydrolakes:1380580","label":""},"geometry":{"type":"Polygon","coordinates":[[[120.03223003387899,29.003063354492895],[120.0344522561013,29.00195224338171],[120.0347144105744,29.001585693360084],[120.03404236688016,29.000348985460732],[120.03221441057434,29.00000779893736],[120.03195225610136,28.99947889539999],[120.03584114499017,28.99917446560397],[120.0369136132179,28.998425360786314],[120.0374197557282,28.99732252332973],[120.03861892276785,28.99695224338177],[120.03888107724117,28.996103312175137],[120.0393552229184,28.99567966037398],[120.03847222222663,28.99486111111179],[120.03669054243755,28.99547919379421],[120.03567882114436,28.996512179905153],[120.03502887302432,28.99861694336022],[120.03182191213432,28.998917914497156],[120.03111892276786,29.000188056098864],[120.03329716576928,29.001187811958232],[120.03261257595943,29.001799452040586],[120.031041242816,29.002520684136982],[120.02951360067175,29.002479315864377],[120.0291744783234,29.00138108995293],[120.02867551168265,29.000841132270693],[120.02834114499007,29.00334113227069],[120.02749218835214,29.00443664550852],[120.02741029104061,29.004992201064],[120.02860329946338,29.004158867730723],[120.03048552195679,29.00333523220553],[120.03223003387899,29.003063354492895]]]}},{"type":"Feature","id":"hydrolakes:1380606","properties":{"Hylak_id":1380606,"Lake_name":"","Country":"China","Continent":"Asia","Poly_src":"SWBD","Lake_type":1,"Grand_id":0,"Lake_area":0.35,"Shore_len":3.4,"Shore_dev":1.63,"Vol_total":2.09,"Vol_res":0.0,"Vol_src":3,"Depth_avg":6.0,"Dis_avg":0.056,"Res_time":432.2,"Elevation":8,"Slope_100":6.37,"Wshd_area":2.3,"Pour_long":121.577184,"Pour_lat":28.977131,"source_id":"hydrolakes:1380606","label":""},"geometry":{"type":"Polygon","coordinates":[[[121.58138359918007,28.97417195638087],[121.57789632161922,28.97419718424544],[121.5751547580341,28.97596754286093],[121.57455390082924,28.97768222385048],[121.57511569553424,28.978872748481592],[121.57722751194046,28.97916137695387],[121.57860582140216,28.98028306749211],[121.58060207791289,28.980555894640474],[121.58321614583798,28.981939154731606],[121.58334811740917,28.981351657444293],[121.58223402235717,28.980319349501542],[121.58184176975294,28.97948811849028],[121.57951836480493,28.97839158799985],[121.57889756944917,28.97781643337754],[121.57943915473561,28.97610582139822],[121.58304185655857,28.97576056586439],[121.58307874891972,28.97483208550426],[121.58138359918007,28.97417195638087]]]}},{"type":"Feature","id":"hydrolakes:1380613","properties":{"Hylak_id":1380613,"Lake_name":"","Country":"China","Continent":"Asia","Poly_src":"SWBD","Lake_type":1,"Grand_id":0,"Lake_area":0.29,"Shore_len":4.58,"Shore_dev":2.38,"Vol_total":1.8,"Vol_res":0.0,"Vol_src":3,"Depth_avg":6.1,"Dis_avg":0.192,"Res_time":108.7,"Elevation":95,"Slope_100":6.95,"Wshd_area":6.6,"Pour_long":120.980437,"Pour_lat":28.973887,"source_id":"hydrolakes:1380613","label":""},"geometry":{"type":"Polygon","coordinates":[[[120.98251030816431,28.97471191406322],[120.98118991428402,28.973763766819275],[120.98023084852883,28.97223253038277],[120.97915635851149,28.972489691840906],[120.97776746962262,28.973878580729888],[120.97741278754796,28.97467346191479],[120.97665642632836,28.974734225803616],[120.97652777778234,28.971805555556216],[120.9748790825783,28.972106323242883],[120.97417697483087,28.972711181641273],[120.975753038199,28.972750718859174],[120.97593817817301,28.975054931641296],[120.97445475260884,28.97598402235309],[120.97515808105919,28.977119683160367],[120.97646341960086,28.97804524739655],[120.9763991970533,28.97721191406316],[120.97588453505233,28.976289401584893],[120.97766059028243,28.97503011067772],[120.97988362630662,28.974685262044943],[120.98144049750897,28.975379977756802],[120.98236572266075,28.97617702908053],[120.98278808594216,28.976934136285422],[120.98310655382403,28.97971191406316],[120.98546359592473,28.979339192709006],[120.98568576389357,28.97657416449715],[120.98251030816431,28.97471191406322]]]}},{"type":"Feature","id":"hydrolakes:1380626","properties":{"Hylak_id":1380626,"Lake_name":"","Country":"China","Continent":"Asia","Poly_src":"SWBD","Lake_type":1,"Grand_id":0,"Lake_area":0.13,"Shore_len":1.49,"Shore_dev":1.17,"Vol_total":0.41,"Vol_res":0.0,"Vol_src":3,"Depth_avg":3.2,"Dis_avg":0.046,"Res_time":104.0,"Elevation":12,"Slope_100":2.36,"Wshd_area":1.9,"Pour_long":121.622708,"Pour_lat":28.962993,"source_id":"hydrolakes:1380626","label":""},"geometry":{"type":"Polygon","coordinates":[[[121.62249213325128,28.96028557671508],[121.61917453342494,28.960369262695963],[121.61999213325123,28.96167446560395],[121.62281168620251,28.963881089953077],[121.6233412000916,28.96361891004841],[121.62396823459659,28.96263292100764],[121.62499213325117,28.96171800401538],[121.6239775933206,28.960562811958255],[121.62249213325128,28.96028557671508]]]}},{"type":"Feature","id":"hydrolakes:1380639","properties":{"Hylak_id":1380639,"Lake_name":"","Country":"China","Continent":"Asia","Poly_src":"SWBD","Lake_type":1,"Grand_id":0,"Lake_area":0.43,"Shore_len":6.22,"Shore_dev":2.67,"Vol_total":1.94,"Vol_res":0.0,"Vol_src":3,"Depth_avg":4.5,"Dis_avg":0.179,"Res_time":125.5,"Elevation":135,"Slope_100":3.28,"Wshd_area":7.3,"Pour_long":120.003812,"Pour_lat":28.954035,"source_id":"hydrolakes:1380639","label":""},"geometry":{"type":"Polygon","coordinates":[[[120.00276978387228,28.96164171007007],[120.00278890610196,28.96070468478797],[120.00352555169451,28.960280558269062],[120.00388765017647,28.961396416558898],[120.00416388935969,28.96107028537392],[120.00360719045466,28.95944390191056],[120.00416721768306,28.95748019748345],[120.00532133526747,28.957503729926884],[120.00740266164598,28.958216145834058],[120.00777499941114,28.957629258898237],[120.00592921575367,28.956733805339184],[120.00639738931056,28.955824991862812],[120.00696388880874,28.955836588542468],[120.00792626487333,28.95666388617684],[120.00860595279732,28.955262925890395],[120.00749722163329,28.954725002713303],[120.00700272454617,28.954210340712507],[120.00833611170913,28.953336113824548],[120.0093055555601,28.950972222222845],[120.00755209605359,28.951216973199507],[120.00722500059788,28.952225002713362],[120.00473559803874,28.952529161241955],[120.00528055509375,28.953052775065885],[120.00583055602658,28.95440829806938],[120.0048077816478,28.954997219510176],[120.00444353104098,28.953874715169945],[120.00359166675605,28.953892144098006],[120.00305833287166,28.954447224935677],[120.00194711579667,28.955002916124783],[119.99996682061538,28.954169447157824],[119.99944722176048,28.95474121093821],[120.00003747198764,28.9553083631734],[120.0011138884272,28.95583055284351],[120.00228887664395,28.958454522027523],[120.00185826196054,28.961401299371346],[119.99973409865078,28.961357964410354],[119.99944722176048,28.961909247505048],[120.00166944398279,28.962219441732486],[120.00330456416253,28.96427571614646],[120.00409045749711,28.964719441732484],[120.00444166713731,28.963509046767285],[120.00331845601846,28.96277262369864],[120.00276978387228,28.96164171007007]]]}},{"type":"Feature","id":"hydrolakes:1380645","properties":{"Hylak_id":1380645,"Lake_name":"","Country":"China","Continent":"Asia","Poly_src":"SWBD","Lake_type":1,"Grand_id":0,"Lake_area":0.27,"Shore_len":2.29,"Shore_dev":1.25,"Vol_total":1.58,"Vol_res":0.0,"Vol_src":3,"Depth_avg":5.9,"Dis_avg":0.102,"Res_time":178.7,"Elevation":5,"Slope_100":6.66,"Wshd_area":4.1,"Pour_long":121.651042,"Pour_lat":28.948518,"source_id":"hydrolakes:1380645","label":""},"geometry":{"type":"Polygon","coordinates":[[[121.65028157552553,28.946954074436405],[121.65013888889342,28.946805555556296],[121.64841186523898,28.946993204753312],[121.64682535807748,28.94803331163257],[121.64583604601154,28.94995374891556],[121.6463340928866,28.950551622179546],[121.64827243381546,28.950591159397447],[121.64888617622,28.95027499728809],[121.65335245768699,28.949910888672605],[121.65580525716604,28.9475542534729],[121.65028157552553,28.946954074436405]]]}},{"type":"Feature","id":"hydrolakes:1380750","properties":{"Hylak_id":1380750,"Lake_name":"","Country":"China","Continent":"Asia","Poly_src":"SWBD","Lake_type":1,"Grand_id":0,"Lake_area":0.3,"Shore_len":2.64,"Shore_dev":1.36,"Vol_total":2.05,"Vol_res":0.0,"Vol_src":3,"Depth_avg":6.8,"Dis_avg":0.396,"Res_time":60.0,"Elevation":500,"Slope_100":8.72,"Wshd_area":13.0,"Pour_long":120.600399,"Pour_lat":28.879437,"source_id":"hydrolakes:1380750","label":""},"geometry":{"type":"Polygon","coordinates":[[[120.59445115831625,28.872612033420864],[120.59402777778246,28.872083333334047],[120.59307094998286,28.872356906467644],[120.59340298123311,28.873316650391246],[120.59493679470933,28.87481106228364],[120.59532979329873,28.877069091797523],[120.5958487277606,28.877484605577934],[120.59673149957064,28.87904608832531],[120.59951626248295,28.879984605577874],[120.60089769151926,28.879545355903417],[120.60072611491336,28.87816589355549],[120.60159884983102,28.876971164280235],[120.60026238335968,28.876682061090037],[120.59915127224843,28.8761265055345],[120.59802341037783,28.87462856716644],[120.59612650553845,28.873317938911214],[120.59445115831625,28.872612033420864]]]}},{"type":"Feature","id":"hydrolakes:1380779","properties":{"Hylak_id":1380779,"Lake_name":"","Country":"China","Continent":"Asia","Poly_src":"SWBD","Lake_type":1,"Grand_id":0,"Lake_area":0.13,"Shore_len":1.57,"Shore_dev":1.24,"Vol_total":0.48,"Vol_res":0.0,"Vol_src":3,"Depth_avg":3.7,"Dis_avg":0.195,"Res_time":28.2,"Elevation":97,"Slope_100":3.27,"Wshd_area":7.9,"Pour_long":120.011289,"Pour_lat":28.863521,"source_id":"hydrolakes:1380779","label":""},"geometry":{"type":"Polygon","coordinates":[[[120.01086502075657,28.86454888237921],[120.01213729434988,28.864081759983435],[120.0141568247522,28.86424397786527],[120.01443411509649,28.86332302517428],[120.01559843275743,28.861926676432972],[120.01541666667123,28.86041666666739],[120.01443411509649,28.860545247396544],[120.01007851495132,28.86345865885488],[120.01086502075657,28.86454888237921]]]}},{"type":"Feature","id":"hydrolakes:1380856","properties":{"Hylak_id":1380856,"Lake_name":"","Country":"China","Continent":"Asia","Poly_src":"SWBD","Lake_type":1,"Grand_id":0,"Lake_area":0.23,"Shore_len":2.03,"Shore_dev":1.21,"Vol_total":1.37,"Vol_res":0.0,"Vol_src":3,"Depth_avg":6.0,"Dis_avg":0.292,"Res_time":54.2,"Elevation":83,"Slope_100":7.39,"Wshd_area":9.2,"Pour_long":120.872082,"Pour_lat":28.825109,"source_id":"hydrolakes:1380856","label":""},"geometry":{"type":"Polygon","coordinates":[[[120.87412082248721,28.82495062934106],[120.87446960449671,28.822159288195223],[120.87387349447079,28.821681993273273],[120.87362650553871,28.820818006728075],[120.87276238335977,28.81973754882881],[120.87263888889339,28.81847222222291],[120.87008436415397,28.819460449219548],[120.86984293620247,28.8214015028218],[120.87086785210965,28.822222222222877],[120.8702931722051,28.822682427301118],[120.87082845052544,28.82412597656321],[120.87173848470513,28.82526245117259],[120.87412082248721,28.82495062934106]]]}},{"type":"Feature","id":"hydrolakes:1380869","properties":{"Hylak_id":1380869,"Lake_name":"","Country":"China","Continent":"Asia","Poly_src":"SWBD","Lake_type":1,"Grand_id":0,"Lake_area":0.17,"Shore_len":2.1,"Shore_dev":1.46,"Vol_total":1.34,"Vol_res":0.0,"Vol_src":3,"Depth_avg":8.1,"Dis_avg":2.632,"Res_time":5.9,"Elevation":190,"Slope_100":15.13,"Wshd_area":88.5,"Pour_long":120.535417,"Pour_lat":28.815766,"source_id":"hydrolakes:1380869","label":""},"geometry":{"type":"Polygon","coordinates":[[[120.53331434462251,28.816652832031934],[120.5341277058966,28.81631008572117],[120.53581797282368,28.816959771051017],[120.53836178250236,28.81731214735305],[120.53828630235915,28.81670518663259],[120.53877221001966,28.815878499349594],[120.53858045790389,28.814336886936587],[120.53791666667132,28.81375000000071],[120.535930277511,28.81388468424541],[120.53551405165388,28.814872504341054],[120.53328087701192,28.81469848632878],[120.53240186903679,28.81777275933223],[120.53348690457278,28.81804022895045],[120.53331434462251,28.816652832031934]]]}},{"type":"Feature","id":"hydrolakes:1380893","properties":{"Hylak_id":1380893,"Lake_name":"","Country":"China","Continent":"Asia","Poly_src":"SWBD","Lake_type":1,"Grand_id":0,"Lake_area":0.1,"Shore_len":1.56,"Shore_dev":1.41,"Vol_total":0.74,"Vol_res":0.0,"Vol_src":3,"Depth_avg":7.7,"Dis_avg":0.2,"Res_time":43.1,"Elevation":181,"Slope_100":15.81,"Wshd_area":8.1,"Pour_long":120.035125,"Pour_lat":28.806228,"source_id":"hydrolakes:1380893","label":""},"geometry":{"type":"Polygon","coordinates":[[[120.03633001963766,28.80676364474897],[120.03652777778228,28.8040277777784],[120.03499218835225,28.804158799913807],[120.03412641737657,28.806779242622326],[120.0316744783234,28.807850884332368],[120.03226011488624,28.808325466580698],[120.03494074080169,28.808004964193458],[120.03633001963766,28.80676364474897]]]}},{"type":"Feature","id":"hydrolakes:1380907","properties":{"Hylak_id":1380907,"Lake_name":"","Country":"China","Continent":"Asia","Poly_src":"SWBD","Lake_type":1,"Grand_id":0,"Lake_area":0.5,"Shore_len":4.55,"Shore_dev":1.82,"Vol_total":4.39,"Vol_res":0.0,"Vol_src":3,"Depth_avg":8.9,"Dis_avg":0.434,"Res_time":117.1,"Elevation":26,"Slope_100":12.73,"Wshd_area":16.9,"Pour_long":121.525415,"Pour_lat":28.799573,"source_id":"hydrolakes:1380907","label":""},"geometry":{"type":"Polygon","coordinates":[[[121.51805270725276,28.803347439236802],[121.52273817274767,28.801391194662074],[121.5253484429299,28.801026882596204],[121.52601616753935,28.800385335287217],[121.52503024631534,28.798353135851414],[121.52343356662794,28.797530653212505],[121.51942247179295,28.79717393663259],[121.51757446289537,28.795398356120415],[121.51719577365918,28.793458930122313],[121.51474568685364,28.79286159939312],[121.51458333333801,28.792361111111745],[121.51139811198391,28.792525227865212],[121.51305284288662,28.793891601563132],[121.51571668837278,28.79426350911524],[121.51612304687961,28.79675984700583],[121.51916395399763,28.799681396485084],[121.51889160156725,28.800836046007646],[121.51782497830334,28.801860894097956],[121.51706949870265,28.803327365452105],[121.51805270725276,28.803347439236802]]]}},{"type":"Feature","id":"hydrolakes:1380939","properties":{"Hylak_id":1380939,"Lake_name":"","Country":"China","Continent":"Asia","Poly_src":"SWBD","Lake_type":1,"Grand_id":0,"Lake_area":0.15,"Shore_len":2.24,"Shore_dev":1.6,"Vol_total":1.27,"Vol_res":0.0,"Vol_src":3,"Depth_avg":8.2,"Dis_avg":0.791,"Res_time":18.6,"Elevation":271,"Slope_100":15.68,"Wshd_area":29.0,"Pour_long":120.285707,"Pour_lat":28.781549,"source_id":"hydrolakes:1380939","label":""},"geometry":{"type":"Polygon","coordinates":[[[120.29361670600491,28.77954725477491],[120.29375000000454,28.779027777778595],[120.29196987576398,28.779469943577112],[120.28858567980052,28.77969672309098],[120.28766923692945,28.780293511285493],[120.28391432020862,28.78054538303013],[120.28427140978113,28.781475694445078],[120.28580220540817,28.782752278646456],[120.28724765354195,28.78252549913259],[120.2874745686895,28.78219672309092],[120.28857981364382,28.78191311306489],[120.2906303575349,28.780558132596298],[120.29224765354178,28.780303276910445],[120.29247456868933,28.779974500868832],[120.29361670600491,28.77954725477491]]]}},{"type":"Feature","id":"hydrolakes:1380941","properties":{"Hylak_id":1380941,"Lake_name":"","Country":"China","Continent":"Asia","Poly_src":"SWBD","Lake_type":1,"Grand_id":0,"Lake_area":0.2,"Shore_len":2.18,"Shore_dev":1.39,"Vol_total":1.26,"Vol_res":0.0,"Vol_src":3,"Depth_avg":6.4,"Dis_avg":0.07,"Res_time":208.8,"Elevation":177,"Slope_100":8.7,"Wshd_area":2.8,"Pour_long":120.039583,"Pour_lat":28.780208,"source_id":"hydrolakes:1380941","label":""},"geometry":{"type":"Polygon","coordinates":[[[120.04166137271903,28.780550265842635],[120.04403451284219,28.780097249349694],[120.04527248383022,28.77820882161535],[120.04458333333787,28.777083333334133],[120.04273025936999,28.778070203993707],[120.04168142531114,28.778028564453734],[120.04106066810203,28.778647596571886],[120.03991327922006,28.778602159288823],[120.0378771760773,28.777888590495422],[120.0375052939566,28.779449734158675],[120.03705489265036,28.78030097113782],[120.03803155263722,28.78026217990515],[120.03897424062535,28.780592583551027],[120.03992185381168,28.78161539713608],[120.04166137271903,28.780550265842635]]]}},{"type":"Feature","id":"hydrolakes:1380971","properties":{"Hylak_id":1380971,"Lake_name":"","Country":"China","Continent":"Asia","Poly_src":"SWBD","Lake_type":1,"Grand_id":0,"Lake_area":0.29,"Shore_len":2.84,"Shore_dev":1.48,"Vol_total":1.63,"Vol_res":0.0,"Vol_src":3,"Depth_avg":5.6,"Dis_avg":0.081,"Res_time":232.4,"Elevation":158,"Slope_100":5.7,"Wshd_area":2.8,"Pour_long":120.454013,"Pour_lat":28.761718,"source_id":"hydrolakes:1380971","label":""},"geometry":{"type":"Polygon","coordinates":[[[120.45998463949024,28.76609578450592],[120.46140424940779,28.76529310438434],[120.46181718614815,28.76384887695383],[120.46163411458787,28.762377115886068],[120.45998463949024,28.76168199327327],[120.4590277777823,28.760972222222847],[120.45831797282352,28.76109578450587],[120.45730892605701,28.761832817926063],[120.45370836046453,28.761252441406896],[120.4544290839346,28.76334865993988],[120.45538326687728,28.76497192382874],[120.45647481282998,28.76384779188436],[120.45711344401502,28.763927137587473],[120.4578845893057,28.764890136719373],[120.45704406738741,28.766040852865274],[120.4573175387959,28.766651340061514],[120.45795040554918,28.765861002604822],[120.45855584039083,28.76557088216208],[120.45892683241561,28.766868489584],[120.45998463949024,28.76609578450592]]]}},{"type":"Feature","id":"hydrolakes:1381064","properties":{"Hylak_id":1381064,"Lake_name":"","Country":"China","Continent":"Asia","Poly_src":"SWBD","Lake_type":1,"Grand_id":0,"Lake_area":0.17,"Shore_len":1.99,"Shore_dev":1.38,"Vol_total":1.06,"Vol_res":0.0,"Vol_src":3,"Depth_avg":6.4,"Dis_avg":0.612,"Res_time":20.0,"Elevation":47,"Slope_100":9.21,"Wshd_area":20.7,"Pour_long":121.074109,"Pour_lat":28.705381,"source_id":"hydrolakes:1381064","label":""},"geometry":{"type":"Polygon","coordinates":[[[121.07166137695776,28.70167195638095],[121.07152777778236,28.701527777778438],[121.07061835395427,28.701815728082238],[121.07497870551686,28.70776041666727],[121.07665920681876,28.7078270128045],[121.07671563042987,28.706403672960732],[121.0756770833379,28.705441351997308],[121.07480597602449,28.704175482856613],[121.0744405788891,28.70302137586873],[121.07336256239608,28.701942952474667],[121.07166137695776,28.70167195638095]]]}},{"type":"Feature","id":"hydrolakes:1381074","properties":{"Hylak_id":1381074,"Lake_name":"","Country":"China","Continent":"Asia","Poly_src":"SWBD","Lake_type":1,"Grand_id":0,"Lake_area":0.17,"Shore_len":2.3,"Shore_dev":1.57,"Vol_total":1.35,"Vol_res":0.0,"Vol_src":3,"Depth_avg":7.8,"Dis_avg":0.231,"Res_time":67.5,"Elevation":14,"Slope_100":13.77,"Wshd_area":8.3,"Pour_long":121.198066,"Pour_lat":28.699263,"source_id":"hydrolakes:1381074","label":""},"geometry":{"type":"Polygon","coordinates":[[[121.19768622504807,28.704127468533727],[121.19825819227901,28.702845865886047],[121.19945475260886,28.701399197049227],[121.20005940755658,28.70004435221415],[121.19997002496132,28.698932562934658],[121.19847222222711,28.698472222222847],[121.19742173937095,28.698609619141337],[121.19755086263501,28.700215521919063],[121.19712931315559,28.70097113715343],[121.196458333338,28.701549207899916],[121.19246880425817,28.702805582682913],[121.19251736111573,28.70341010199718],[121.19677354601146,28.703068033854777],[121.19768622504807,28.704127468533727]]]}},{"type":"Feature","id":"hydrolakes:1381240","properties":{"Hylak_id":1381240,"Lake_name":"","Country":"China","Continent":"Asia","Poly_src":"SWBD","Lake_type":1,"Grand_id":0,"Lake_area":0.12,"Shore_len":1.57,"Shore_dev":1.27,"Vol_total":0.77,"Vol_res":0.0,"Vol_src":3,"Depth_avg":6.3,"Dis_avg":0.105,"Res_time":84.5,"Elevation":336,"Slope_100":9.89,"Wshd_area":3.4,"Pour_long":120.932088,"Pour_lat":28.575283,"source_id":"hydrolakes:1381240","label":""},"geometry":{"type":"Polygon","coordinates":[[[120.93028055827273,28.575836046007623],[120.93085191515218,28.57554172092074],[120.9324631076434,28.575574679905117],[120.93380920410618,28.574281412761025],[120.93241787381112,28.573564588759382],[120.92998664008712,28.573614230686417],[120.92958333333803,28.573194444445107],[120.92766472710969,28.57435221354234],[120.92833611382827,28.57499728732705],[120.9286596001566,28.57665432400239],[120.93028055827273,28.575836046007623]]]}},{"type":"Feature","id":"hydrolakes:1381279","properties":{"Hylak_id":1381279,"Lake_name":"","Country":"China","Continent":"Asia","Poly_src":"SWBD","Lake_type":1,"Grand_id":0,"Lake_area":0.39,"Shore_len":3.5,"Shore_dev":1.58,"Vol_total":2.95,"Vol_res":0.0,"Vol_src":3,"Depth_avg":7.6,"Dis_avg":0.518,"Res_time":66.0,"Elevation":62,"Slope_100":9.87,"Wshd_area":18.9,"Pour_long":121.171602,"Pour_lat":28.546556,"source_id":"hydrolakes:1381279","label":""},"geometry":{"type":"Polygon","coordinates":[[[121.17193155924951,28.544457329644786],[121.17152859158438,28.543083902995477],[121.16958333333793,28.54288574218816],[121.16736585829466,28.543111707899925],[121.16600572374585,28.540906575521433],[121.16319444444895,28.539305555556155],[121.16174221463143,28.53945054796077],[121.1622093370272,28.540012885200326],[121.16433159722692,28.54132188585129],[121.16475775825103,28.542846001519706],[121.16463053385883,28.544093967014703],[121.16743516710522,28.54512736002681],[121.16785088433613,28.548835177952014],[121.16970933702709,28.548042670356494],[121.1710705566453,28.547740885417454],[121.17250800239174,28.546546902127545],[121.17313313802549,28.545455322266378],[121.17193155924951,28.544457329644786]]]}},{"type":"Feature","id":"hydrolakes:1381290","properties":{"Hylak_id":1381290,"Lake_name":"","Country":"China","Continent":"Asia","Poly_src":"SWBD","Lake_type":1,"Grand_id":0,"Lake_area":0.99,"Shore_len":4.98,"Shore_dev":1.41,"Vol_total":6.54,"Vol_res":0.0,"Vol_src":3,"Depth_avg":6.6,"Dis_avg":0.201,"Res_time":376.5,"Elevation":20,"Slope_100":5.57,"Wshd_area":7.5,"Pour_long":121.234375,"Pour_lat":28.534293,"source_id":"hydrolakes:1381290","label":""},"geometry":{"type":"Polygon","coordinates":[[[121.24488566081197,28.536072048611743],[121.24582302517814,28.53435519748325],[121.24415635851165,28.533065863715933],[121.24389919705317,28.53233344184099],[121.24566324870261,28.53193264431485],[121.24678290473543,28.531307915582204],[121.24659925673211,28.529022488064925],[121.24513888889345,28.52847222222283],[121.24332302517826,28.5286008029521],[121.23984157986564,28.52979451497464],[121.2389756944491,28.530799560547507],[121.2369810655427,28.53194959852499],[121.23565158420604,28.53221191406317],[121.23445475260883,28.53054524739656],[121.23255737305158,28.529732530382603],[121.22951212565567,28.53039672851628],[121.22889919705318,28.532566596137826],[121.23039265950973,28.533853352865208],[121.23216661241793,28.534387342665582],[121.23304524740047,28.535010308160395],[121.23619547526505,28.53558648003542],[121.2367849392408,28.536270616320053],[121.23886678060364,28.536897515191583],[121.24488566081197,28.536072048611743]]]}},{"type":"Feature","id":"hydrolakes:1381301","properties":{"Hylak_id":1381301,"Lake_name":"","Country":"China","Continent":"Asia","Poly_src":"SWBD","Lake_type":1,"Grand_id":0,"Lake_area":0.23,"Shore_len":3.49,"Shore_dev":2.06,"Vol_total":1.71,"Vol_res":0.0,"Vol_src":3,"Depth_avg":7.5,"Dis_avg":0.47,"Res_time":42.1,"Elevation":804,"Slope_100":11.5,"Wshd_area":17.7,"Pour_long":120.222958,"Pour_lat":28.52963,"source_id":"hydrolakes:1381301","label":""},"geometry":{"type":"Polygon","coordinates":[[[120.2230633714509,28.52855794270903],[120.22346744113963,28.52777153862911],[120.22881535848444,28.52581746419338],[120.22847222222686,28.52486111111176],[120.2271310255307,28.525000813802762],[120.22556337145107,28.52556342230963],[120.22360329522479,28.5258254665805],[120.22056337145085,28.526674533420817],[120.218325517447,28.52693657769163],[120.21782294379796,28.527499186198554],[120.2163967047843,28.527830946181325],[120.21690482246026,28.528281385634273],[120.22104124281594,28.52803493923676],[120.22221160889137,28.52857204861175],[120.2222607082835,28.529395751953757],[120.22139670478441,28.53098578559093],[120.2223000590053,28.530828993056218],[120.22327536689357,28.52973741319505],[120.22471440633586,28.529077012804464],[120.2230633714509,28.52855794270903]]]}},{"type":"Feature","id":"hydrolakes:1381376","properties":{"Hylak_id":1381376,"Lake_name":"","Country":"China","Continent":"Asia","Poly_src":"GRanD","Lake_type":2,"Grand_id":6171,"Lake_area":0.66,"Shore_len":10.36,"Shore_dev":3.59,"Vol_total":22.7,"Vol_res":22.7,"Vol_src":2,"Depth_avg":34.2,"Dis_avg":0.874,"Res_time":300.6,"Elevation":227,"Slope_100":16.13,"Wshd_area":34.0,"Pour_long":121.042708,"Pour_lat":28.445649,"source_id":"hydrolakes:1381376","label":""},"geometry":{"type":"Polygon","coordinates":[[[121.0244857452168,28.453030698933958],[121.02504816172427,28.45281979274347],[121.02596208854908,28.452925245838685],[121.02631359886618,28.453522813378015],[121.02599723958082,28.4539094747268],[121.0258566354538,28.455104609805346],[121.02715722362768,28.455702177344392],[121.02786024426211,28.455772479407926],[121.02919598346733,28.454893703615085],[121.03088323298999,28.45236282933098],[121.03081293092669,28.45053497568159],[121.03137534743405,28.449164085444465],[121.03264078457596,28.448918028222465],[121.03401167481292,28.448988330285772],[121.03492560163772,28.44919923647626],[121.03569892433546,28.44979680401559],[121.03636679393827,28.44979680401559],[121.03478499751077,28.44800410139777],[121.03573407536726,28.44642230497027],[121.03893281925372,28.444629602352563],[121.03956553782496,28.44455930028903],[121.04072552187137,28.445473227113837],[121.04251822448941,28.445965341558008],[121.04374851059964,28.446738664255747],[121.0408661259986,28.448039252429396],[121.04192065695003,28.44825015861977],[121.04448668226576,28.44698472147786],[121.04606847869309,28.447195627668236],[121.04779087924732,28.446773815287486],[121.0492672225796,28.446070794652996],[121.04656059313714,28.446105945684735],[121.04557636424892,28.445332622986996],[121.04455698432906,28.445754435367633],[121.04230731829904,28.445402925050416],[121.04139339147423,28.445156867828302],[121.04016310536389,28.44417263894036],[121.0393897826662,28.4439617327497],[121.03791343933386,28.444137487908392],[121.0352068098914,28.445297471955314],[121.03390622171787,28.44642230497027],[121.03281653973443,28.446808966319395],[121.0283875097378,28.446914419414327],[121.02606754164407,28.445754435367633],[121.0260323906125,28.44631685187511],[121.0282117545791,28.44765259108067],[121.02817660354742,28.449234387507886],[121.02898507727696,28.450781032903592],[121.02852811386452,28.451941016950457],[121.02944204068945,28.452749490679935],[121.02800084838884,28.454190682980368],[121.02733297878598,28.454436740202482],[121.02736812981772,28.45468279742454],[121.02708692156392,28.454296136075754],[121.02831720767409,28.452925245838685],[121.02715722362768,28.451589506633354],[121.02543482307334,28.451589506633354],[121.02188456886932,28.4532767561559],[121.0218494178377,28.453768870599845],[121.02279849569425,28.453768870599845],[121.02286879775755,28.455807630439494],[121.02248213640888,28.45665125520088],[121.0230445529163,28.45707306758169],[121.02392332870943,28.45644034901079],[121.02420453696311,28.453557964409583],[121.0244857452168,28.453030698933958]]]}},{"type":"Feature","id":"hydrolakes:1381401","properties":{"Hylak_id":1381401,"Lake_name":"","Country":"China","Continent":"Asia","Poly_src":"SWBD","Lake_type":2,"Grand_id":6172,"Lake_area":0.39,"Shore_len":5.53,"Shore_dev":2.49,"Vol_total":24.2,"Vol_res":24.2,"Vol_src":2,"Depth_avg":61.7,"Dis_avg":2.255,"Res_time":124.2,"Elevation":213,"Slope_100":18.38,"Wshd_area":85.5,"Pour_long":120.211673,"Pour_lat":28.414583,"source_id":"hydrolakes:1381401","label":""},"geometry":{"type":"Polygon","coordinates":[[[120.2191487799796,28.421052924262767],[120.21883446587913,28.419662136502495],[120.21647898356565,28.41931410047812],[120.21464828491679,28.419847819011125],[120.21390677558497,28.419275580512817],[120.21474485609724,28.418347574870438],[120.21463148329445,28.417580430773228],[120.21570548163965,28.416131727431207],[120.21498211331283,28.415573459201994],[120.2147401089183,28.414982096354777],[120.21368221707269,28.41377577039998],[120.21225714789949,28.41398640950581],[120.21216064453569,28.413333333334094],[120.21279566447384,28.413073459202053],[120.21414877997961,28.411775580512824],[120.21320788913755,28.411546088325338],[120.21233003404853,28.412075602214315],[120.21161719428636,28.410650906033652],[120.20922534519224,28.410297444662262],[120.20908562554706,28.411242811415548],[120.21081544664628,28.412756618924277],[120.21057344225176,28.413351236979793],[120.20989971585192,28.41362698025239],[120.21006157769557,28.41583333333392],[120.20942655775741,28.416093207465906],[120.20909196642157,28.416910807292368],[120.20847222222687,28.417083333334062],[120.20901117961063,28.417922498915516],[120.20878890991668,28.419426540799236],[120.20946233114051,28.418906792535324],[120.20970433553504,28.418037651910367],[120.21004104614707,28.417777777778383],[120.20966635810464,28.417488606771542],[120.21112899780735,28.417240125868716],[120.21225299411822,28.416406792535327],[120.21359322442396,28.416802164714227],[120.21279566447384,28.41920884874196],[120.21372795953152,28.420470241971202],[120.21505822076199,28.420666775174197],[120.21661539714,28.420054660373978],[120.2177956644739,28.42053765191031],[120.21813673231793,28.421370985243698],[120.2191487799796,28.421052924262767]]]}},{"type":"Feature","id":"hydrolakes:1381537","properties":{"Hylak_id":1381537,"Lake_name":"","Country":"China","Continent":"Asia","Poly_src":"SWBD","Lake_type":1,"Grand_id":0,"Lake_area":0.28,"Shore_len":2.07,"Shore_dev":1.11,"Vol_total":1.79,"Vol_res":0.0,"Vol_src":3,"Depth_avg":6.5,"Dis_avg":0.143,"Res_time":145.2,"Elevation":20,"Slope_100":8.06,"Wshd_area":6.2,"Pour_long":121.327898,"Pour_lat":28.293841,"source_id":"hydrolakes:1381537","label":""},"geometry":{"type":"Polygon","coordinates":[[[121.33084201389346,28.296707492405176],[121.33218817817306,28.296689453125794],[121.33412909614185,28.296047227648216],[121.33420450846808,28.294781222873894],[121.33250786675819,28.293325466580598],[121.3295833333379,28.292083333334006],[121.32685574002221,28.292280544705477],[121.32611897786933,28.29433390299556],[121.32638102213997,28.294730088976337],[121.33084201389346,28.296707492405176]]]}},{"type":"Feature","id":"hydrolakes:1381670","properties":{"Hylak_id":1381670,"Lake_name":"","Country":"China","Continent":"Asia","Poly_src":"SWBD","Lake_type":1,"Grand_id":0,"Lake_area":0.12,"Shore_len":1.53,"Shore_dev":1.26,"Vol_total":0.63,"Vol_res":0.0,"Vol_src":3,"Depth_avg":5.3,"Dis_avg":0.096,"Res_time":76.0,"Elevation":28,"Slope_100":7.0,"Wshd_area":4.2,"Pour_long":121.336745,"Pour_lat":28.20775,"source_id":"hydrolakes:1381670","label":""},"geometry":{"type":"Polygon","coordinates":[[[121.33945936415392,28.208345404731574],[121.33819444444902,28.206805555556173],[121.33569390191434,28.20748182508754],[121.33614786784307,28.20841769748324],[121.3385424804734,28.210801595052715],[121.34054931641106,28.211615532769713],[121.33945936415392,28.208345404731574]]]}},{"type":"Feature","id":"hydrolakes:1381781","properties":{"Hylak_id":1381781,"Lake_name":"","Country":"China","Continent":"Asia","Poly_src":"SWBD","Lake_type":2,"Grand_id":6174,"Lake_area":0.26,"Shore_len":4.44,"Shore_dev":2.47,"Vol_total":25.2,"Vol_res":25.2,"Vol_src":2,"Depth_avg":98.1,"Dis_avg":1.078,"Res_time":270.6,"Elevation":108,"Slope_100":8.32,"Wshd_area":38.0,"Pour_long":120.861959,"Pour_lat":28.122318,"source_id":"hydrolakes:1381781","label":""},"geometry":{"type":"Polygon","coordinates":[[[120.86526997884584,28.129174533420723],[120.86499240451843,28.1279814995666],[120.86314554850713,28.12809163411515],[120.86249220106794,28.12750786675423],[120.86167446560796,28.12563652886348],[120.86240919325553,28.124609239366976],[120.8647222222267,28.124747043186346],[120.86524108887181,28.123616536458997],[120.86665886773471,28.122965901693362],[120.86290106879801,28.122098931207177],[120.86263888889351,28.121250000000714],[120.86140828450976,28.121479627821884],[120.86131510417118,28.123042941623908],[120.86276997884579,28.12349229600767],[120.86140096029112,28.124885660807877],[120.86111891005231,28.12639675564293],[120.85889668783022,28.126693929037117],[120.86082790799065,28.12774102105095],[120.86110331217895,28.12834120008739],[120.86270928277366,28.12871473524382],[120.86304775662342,28.12945231119869],[120.86363593207915,28.12972222222288],[120.86357883029967,28.130680067274966],[120.8688810899568,28.13026502821242],[120.86861891005253,28.12999213324713],[120.86721442329019,28.129730088976316],[120.86695224338564,28.129436577691592],[120.86526997884584,28.129174533420723]]]}},{"type":"Feature","id":"hydrolakes:1381789","properties":{"Hylak_id":1381789,"Lake_name":"","Country":"China","Continent":"Asia","Poly_src":"SWBD","Lake_type":1,"Grand_id":0,"Lake_area":0.13,"Shore_len":1.63,"Shore_dev":1.28,"Vol_total":0.2,"Vol_res":0.0,"Vol_src":3,"Depth_avg":1.5,"Dis_avg":0.049,"Res_time":46.6,"Elevation":0,"Slope_100":0.52,"Wshd_area":2.1,"Pour_long":121.268265,"Pour_lat":28.11065,"source_id":"hydrolakes:1381789","label":""},"geometry":{"type":"Polygon","coordinates":[[[121.26918199327707,28.108873562283634],[121.26875000000473,28.10819444444502],[121.26755045573367,28.108344455295764],[121.26739596897158,28.109586724175927],[121.26792683919734,28.110489773221047],[121.26584865994374,28.111751980252393],[121.26619778103753,28.113223198785363],[121.2682048882424,28.113472764757546],[121.26970689562091,28.11141669379407],[121.26918199327707,28.108873562283634]]]}},{"type":"Feature","id":"hydrolakes:1381791","properties":{"Hylak_id":1381791,"Lake_name":"","Country":"China","Continent":"Asia","Poly_src":"SWBD","Lake_type":2,"Grand_id":6175,"Lake_area":0.38,"Shore_len":4.69,"Shore_dev":2.15,"Vol_total":13.5,"Vol_res":13.5,"Vol_src":2,"Depth_avg":35.5,"Dis_avg":1.418,"Res_time":110.2,"Elevation":32,"Slope_100":10.82,"Wshd_area":50.0,"Pour_long":120.852126,"Pour_lat":28.109891,"source_id":"hydrolakes:1381791","label":""},"geometry":{"type":"Polygon","coordinates":[[[120.85831814236576,28.11467773437562],[120.85694722493963,28.1140958658861],[120.86128885905401,28.11418443467943],[120.86342719184478,28.113871934679423],[120.86416388618073,28.113462592231485],[120.86329711914527,28.113042127821757],[120.8614187283033,28.113080512153374],[120.85946763780834,28.11139607747458],[120.85716735840293,28.110228407118655],[120.8525108506991,28.109206271701964],[120.85180555556013,28.108472222222872],[120.85069444444912,28.1089647081169],[120.84992730035185,28.108569471571798],[120.84916944716178,28.108630099827053],[120.85096666124588,28.110700005425997],[120.85389166938398,28.111108398438148],[120.85513441298212,28.111748589410297],[120.85558363173209,28.114049614800933],[120.85777499729187,28.11528049045205],[120.85938781738741,28.11559543185831],[120.85807739258263,28.11623114691912],[120.85893812391947,28.11694173177142],[120.8605527750696,28.11504150390698],[120.85831814236576,28.11467773437562]]]}},{"type":"Feature","id":"hydrolakes:1381852","properties":{"Hylak_id":1381852,"Lake_name":"","Country":"China","Continent":"Asia","Poly_src":"SWBD","Lake_type":1,"Grand_id":0,"Lake_area":0.22,"Shore_len":3.79,"Shore_dev":2.29,"Vol_total":1.3,"Vol_res":0.0,"Vol_src":3,"Depth_avg":6.0,"Dis_avg":0.147,"Res_time":102.6,"Elevation":66,"Slope_100":7.3,"Wshd_area":5.3,"Pour_long":120.55942,"Pour_lat":28.063097,"source_id":"hydrolakes:1381852","label":""},"geometry":{"type":"Polygon","coordinates":[[[120.55405910916244,28.061488579644674],[120.55583333333783,28.061440700955472],[120.55619096544513,28.060592041016264],[120.55852267795603,28.059926215278438],[120.55784888373927,28.06349907769163],[120.55961690267378,28.063718939887792],[120.56081793891514,28.06207465277845],[120.56055419922336,28.059546440972838],[120.55902777778232,28.05791666666738],[120.55831793891508,28.058040228950233],[120.55799614800793,28.059527587891182],[120.55573954264787,28.06004014757002],[120.55472700331393,28.059914279514658],[120.55445980496336,28.060848659939893],[120.55331797282383,28.061095784505767],[120.55307091607449,28.061959771051022],[120.5520445081969,28.06239230685827],[120.55084869385217,28.06334865993989],[120.5494598049633,28.063649224175947],[120.55021521674735,28.06442911783921],[120.55187130398673,28.06383653428884],[120.55226382785821,28.062905002170908],[120.5536264716302,28.0625153266065],[120.55405910916244,28.061488579644674]]]}},{"type":"Feature","id":"hydrolakes:1381891","properties":{"Hylak_id":1381891,"Lake_name":"","Country":"China","Continent":"Asia","Poly_src":"SWBD","Lake_type":1,"Grand_id":0,"Lake_area":0.51,"Shore_len":6.01,"Shore_dev":2.38,"Vol_total":4.23,"Vol_res":0.0,"Vol_src":3,"Depth_avg":8.3,"Dis_avg":2.441,"Res_time":20.0,"Elevation":88,"Slope_100":11.01,"Wshd_area":93.0,"Pour_long":120.421804,"Pour_lat":28.032063,"source_id":"hydrolakes:1381891","label":""},"geometry":{"type":"Polygon","coordinates":[[[120.41582553440122,28.034436577691622],[120.41714389377626,28.0335982259121],[120.41806257460297,28.03365288628538],[120.41932613797104,28.03240193684968],[120.42190833198146,28.032555745443403],[120.42304775662353,28.031936577691738],[120.42435645209872,28.03163208007868],[120.42471442329003,28.030752360026668],[120.423880208338,28.030007052951987],[120.42263888889335,28.027361111111816],[120.42213324653227,28.027812906901715],[120.42225124783448,28.030625813802658],[120.42297949897386,28.031276584202033],[120.42147861057305,28.03165879991377],[120.42028435601594,28.03082465277845],[120.41838921441416,28.03093763563436],[120.41778557671893,28.032507866754088],[120.41689036051889,28.03307712131135],[120.4153915066234,28.032987874349658],[120.41344482422329,28.030977376302815],[120.41240464952739,28.030563422309626],[120.41193305121988,28.03259033203193],[120.40904947917119,28.032418484158597],[120.40842539469872,28.031719970703705],[120.40532029894115,28.031118977865162],[120.40389668783018,28.03144029405445],[120.40536404080314,28.032751329210726],[120.40695224338583,28.03304768880264],[120.41029035780628,28.034670952691613],[120.41223002116351,28.035269911024955],[120.41304531521718,28.03739081488777],[120.414666951502,28.036509602865237],[120.41582553440122,28.034436577691622]]]}},{"type":"Feature","id":"hydrolakes:1381911","properties":{"Hylak_id":1381911,"Lake_name":"","Country":"China","Continent":"Asia","Poly_src":"SWBD","Lake_type":1,"Grand_id":0,"Lake_area":0.16,"Shore_len":2.06,"Shore_dev":1.47,"Vol_total":1.05,"Vol_res":0.0,"Vol_src":3,"Depth_avg":6.7,"Dis_avg":0.057,"Res_time":212.4,"Elevation":40,"Slope_100":10.12,"Wshd_area":2.1,"Pour_long":120.514822,"Pour_lat":28.01755,"source_id":"hydrolakes:1381911","label":""},"geometry":{"type":"Polygon","coordinates":[[[120.5130812242341,28.014511040582192],[120.51291666667117,28.014305555556177],[120.51223758274114,28.014499647352977],[120.51248463949025,28.015570882162024],[120.51279313829673,28.01581800672801],[120.51318854438409,28.017645399306105],[120.51415130615686,28.01834865993993],[120.51662109375451,28.018657633464045],[120.51840511746326,28.020540228950267],[120.51881595188183,28.02008165147629],[120.51715559218115,28.01830769856832],[120.51661997477669,28.01643419053886],[120.51610090468125,28.015785997179364],[120.51473758274119,28.01498467339485],[120.5130812242341,28.014511040582192]]]}},{"type":"Feature","id":"hydrolakes:1382067","properties":{"Hylak_id":1382067,"Lake_name":"","Country":"China","Continent":"Asia","Poly_src":"SWBD","Lake_type":1,"Grand_id":0,"Lake_area":0.25,"Shore_len":3.21,"Shore_dev":1.82,"Vol_total":1.55,"Vol_res":0.0,"Vol_src":3,"Depth_avg":6.3,"Dis_avg":1.358,"Res_time":13.2,"Elevation":67,"Slope_100":7.81,"Wshd_area":52.0,"Pour_long":120.443629,"Pour_lat":27.915556,"source_id":"hydrolakes:1382067","label":""},"geometry":{"type":"Polygon","coordinates":[[[120.44359575060139,27.914459771050986],[120.44347222222672,27.914305555556155],[120.44168202718544,27.914529486762717],[120.44220686171252,27.915848659939797],[120.44485151503267,27.916816406250575],[120.44575649685777,27.918355848524925],[120.446132371695,27.92001057942764],[120.44581797282348,27.920262451172505],[120.44557091607436,27.92112643771759],[120.44279313829662,27.92160983615514],[120.44306515164305,27.922912733290502],[120.44607221815767,27.92359578450578],[120.44771565755673,27.92313829210127],[120.44790422228101,27.921622450087398],[120.447089640304,27.91953816731825],[120.44736850315144,27.917296006945037],[120.44430728488965,27.915210096571798],[120.44359575060139,27.914459771050986]]]}},{"type":"Feature","id":"hydrolakes:1382102","properties":{"Hylak_id":1382102,"Lake_name":"","Country":"China","Continent":"Asia","Poly_src":"SWBD","Lake_type":1,"Grand_id":0,"Lake_area":0.11,"Shore_len":2.04,"Shore_dev":1.77,"Vol_total":0.7,"Vol_res":0.0,"Vol_src":3,"Depth_avg":6.6,"Dis_avg":0.016,"Res_time":508.9,"Elevation":437,"Slope_100":11.36,"Wshd_area":0.6,"Pour_long":120.730966,"Pour_lat":27.887172,"source_id":"hydrolakes:1382102","label":""},"geometry":{"type":"Polygon","coordinates":[[[120.72968804253935,27.885276828342626],[120.72986111111572,27.884305555556296],[120.72904337565552,27.8844512261291],[120.72796956380665,27.8857439507384],[120.72584696452276,27.88695583767418],[120.72551635742644,27.887533094618675],[120.7290867784335,27.887896999783607],[120.73276496039966,27.887484537760997],[120.73225999620695,27.886933322483173],[120.72857896593348,27.886678195530124],[120.72968804253935,27.885276828342626]]]}},{"type":"Feature","id":"hydrolakes:1382104","properties":{"Hylak_id":1382104,"Lake_name":"","Country":"China","Continent":"Asia","Poly_src":"SWBD","Lake_type":1,"Grand_id":0,"Lake_area":0.17,"Shore_len":2.18,"Shore_dev":1.51,"Vol_total":1.18,"Vol_res":0.0,"Vol_src":3,"Depth_avg":7.1,"Dis_avg":0.385,"Res_time":35.6,"Elevation":13,"Slope_100":11.29,"Wshd_area":14.6,"Pour_long":120.539804,"Pour_lat":27.885512,"source_id":"hydrolakes:1382104","label":""},"geometry":{"type":"Polygon","coordinates":[[[120.53806084527378,27.88615776909785],[120.54053710937973,27.886159939236677],[120.54057206896067,27.885277777778356],[120.53986111111578,27.884861111111718],[120.53451327854191,27.885163031684613],[120.53394870334654,27.886229926215833],[120.53499471029096,27.88694973415852],[120.53679355197949,27.88737820095548],[120.53830376519551,27.88971693250926],[120.53909162733743,27.889360351563084],[120.53948747423414,27.88823092990509],[120.53806084527378,27.88615776909785]]]}},{"type":"Feature","id":"hydrolakes:1382144","properties":{"Hylak_id":1382144,"Lake_name":"","Country":"China","Continent":"Asia","Poly_src":"SWBD","Lake_type":1,"Grand_id":0,"Lake_area":0.47,"Shore_len":4.23,"Shore_dev":1.74,"Vol_total":0.73,"Vol_res":0.0,"Vol_src":3,"Depth_avg":1.6,"Dis_avg":0.563,"Res_time":15.0,"Elevation":0,"Slope_100":0.35,"Wshd_area":20.9,"Pour_long":120.851696,"Pour_lat":27.856741,"source_id":"hydrolakes:1382144","label":""},"geometry":{"type":"Polygon","coordinates":[[[120.84480875651502,27.85010457356833],[120.84402777778229,27.84875000000062],[120.84256646050795,27.84889906141558],[120.84450039334223,27.8505805121535],[120.84507534451438,27.851869032118714],[120.84598768446642,27.85227620442771],[120.84748969184488,27.854454752604795],[120.84902221680142,27.855775146484973],[120.84971191406697,27.858065863715865],[120.8501228163023,27.85841986762216],[120.8496103244405,27.85933837890684],[120.8531300862677,27.86165635850756],[120.85637858073403,27.861075439453714],[120.8561075168231,27.85934516059092],[120.85264465332483,27.855711127387735],[120.84905212402805,27.85331203884607],[120.84824286567294,27.85237263997459],[120.84480875651502,27.85010457356833]]]}},{"type":"Feature","id":"hydrolakes:1382154","properties":{"Hylak_id":1382154,"Lake_name":"","Country":"China","Continent":"Asia","Poly_src":"SWBD","Lake_type":2,"Grand_id":6176,"Lake_area":0.7,"Shore_len":9.26,"Shore_dev":3.12,"Vol_total":60.6,"Vol_res":60.6,"Vol_src":2,"Depth_avg":86.7,"Dis_avg":1.647,"Res_time":425.9,"Elevation":621,"Slope_100":4.26,"Wshd_area":68.1,"Pour_long":120.005208,"Pour_lat":27.85189,"source_id":"hydrolakes:1382154","label":""},"geometry":{"type":"Polygon","coordinates":[[[120.00748748567815,27.852774251302776],[120.00902521557737,27.85240790473148],[120.00992329280024,27.851438666450235],[120.0101388888935,27.849861111111807],[120.0083386294092,27.850838623047423],[120.00235606299947,27.851125759549348],[119.99860581610386,27.852216932509236],[119.99720998499578,27.853071560330477],[119.9957221354424,27.853012559679428],[119.99365386486511,27.850903591580504],[119.98970194744197,27.85056084526974],[119.98917196181532,27.85109971788262],[119.9928540847082,27.85515814887225],[119.99269398000968,27.859197455512685],[119.99401465204471,27.859145100912144],[119.99387633165179,27.855655381944985],[119.99095495396631,27.85206570095562],[119.99315227403042,27.851671956380756],[119.99518586583048,27.853866780599503],[119.9964242924629,27.854258897570105],[119.9996618366286,27.854130588108205],[120.00086556858952,27.853302273221118],[120.00278227488661,27.852695448134227],[120.00590217060955,27.852819010417363],[120.00698278427575,27.853893771702076],[120.00693181992023,27.855179578993614],[120.00636770884643,27.858419325087482],[120.00555314064485,27.859958631727977],[120.00535074022531,27.8644391547316],[120.00701086256697,27.86232801649362],[120.0097677527578,27.85712090386346],[120.00970338609943,27.855496961806125],[120.00748748567815,27.852774251302776]]]}},{"type":"Feature","id":"hydrolakes:1382394","properties":{"Hylak_id":1382394,"Lake_name":"","Country":"China","Continent":"Asia","Poly_src":"SWBD","Lake_type":1,"Grand_id":0,"Lake_area":0.86,"Shore_len":4.54,"Shore_dev":1.38,"Vol_total":1.35,"Vol_res":0.0,"Vol_src":3,"Depth_avg":1.6,"Dis_avg":0.162,"Res_time":96.4,"Elevation":1,"Slope_100":0.29,"Wshd_area":6.7,"Pour_long":120.601554,"Pour_lat":27.556195,"source_id":"hydrolakes:1382394","label":""},"geometry":{"type":"Polygon","coordinates":[[[120.6022094048439,27.558042805990112],[120.60273817274759,27.557119411892927],[120.60414388021297,27.556252441406798],[120.60258504232223,27.5546831597228],[120.60205376519542,27.55345811632003],[120.6024037679083,27.550024685330584],[120.60109829373283,27.549734971788837],[120.60013888889335,27.54902777777835],[120.59943162706622,27.549153917101307],[120.59899820964006,27.549675564236622],[120.5975023057772,27.550598144531875],[120.59678561740901,27.55052517361173],[120.59527167426677,27.549734971788837],[120.59406914605495,27.55432264539985],[120.59470703125447,27.559523383247097],[120.59775499132411,27.559987250434574],[120.59859829373306,27.558042805990112],[120.59930297852031,27.55779052734431],[120.60026496039944,27.558508572049163],[120.59945726183184,27.560972222222745],[120.60012824164966,27.561376139323443],[120.60195278592039,27.560331217448436],[120.6022094048439,27.558042805990112]]]}},{"type":"Feature","id":"hydrolakes:1382408","properties":{"Hylak_id":1382408,"Lake_name":"","Country":"China","Continent":"Asia","Poly_src":"SWBD","Lake_type":1,"Grand_id":0,"Lake_area":0.69,"Shore_len":4.24,"Shore_dev":1.44,"Vol_total":1.08,"Vol_res":0.0,"Vol_src":3,"Depth_avg":1.6,"Dis_avg":0.119,"Res_time":105.0,"Elevation":2,"Slope_100":0.32,"Wshd_area":4.9,"Pour_long":120.604337,"Pour_lat":27.537887,"source_id":"hydrolakes:1382408","label":""},"geometry":{"type":"Polygon","coordinates":[[[120.60695224338559,27.531396755642902],[120.60708333333804,27.529305555556277],[120.60638108995681,27.52943657769157],[120.60611891005237,27.530007866754147],[120.60308247884575,27.530292697483162],[120.60088168674491,27.535584038629054],[120.59974568685351,27.539467773438048],[120.5979283989845,27.543596733941513],[120.6027272542363,27.544580891927694],[120.60391818576835,27.53922580295199],[120.60528557671898,27.536118977865158],[120.60695224338559,27.531396755642902]]]}},{"type":"Feature","id":"hydrolakes:1382442","properties":{"Hylak_id":1382442,"Lake_name":"","Country":"China","Continent":"Asia","Poly_src":"SWBD","Lake_type":1,"Grand_id":0,"Lake_area":0.39,"Shore_len":3.38,"Shore_dev":1.53,"Vol_total":0.35,"Vol_res":0.0,"Vol_src":3,"Depth_avg":0.9,"Dis_avg":0.082,"Res_time":49.3,"Elevation":3,"Slope_100":0.12,"Wshd_area":3.4,"Pour_long":120.61803,"Pour_lat":27.504997,"source_id":"hydrolakes:1382442","label":""},"geometry":{"type":"Polygon","coordinates":[[[120.61902777778226,27.50208333333393],[120.61856065538649,27.501903754340844],[120.61794718424932,27.502669813368584],[120.61580824110689,27.504381239149893],[120.61586398654964,27.50482964409781],[120.61643914117212,27.505290256077103],[120.61624654134573,27.506838921441556],[120.6141225179083,27.50657470703186],[120.61220682780396,27.509151204427667],[120.61113694933175,27.511043565538785],[120.61522528754796,27.512474772135988],[120.61574578179716,27.510654296875657],[120.6176788330124,27.50910644531308],[120.6187862141972,27.507147623698586],[120.61789801704026,27.50593180338609],[120.61841464572944,27.505518120660327],[120.61889587402794,27.504376085069964],[120.62003255208782,27.503897026910295],[120.61923366970933,27.5028032769103],[120.61902777778226,27.50208333333393]]]}},{"type":"Feature","id":"hydrolakes:1382491","properties":{"Hylak_id":1382491,"Lake_name":"","Country":"China","Continent":"Asia","Poly_src":"SWBD","Lake_type":2,"Grand_id":6178,"Lake_area":0.28,"Shore_len":3.13,"Shore_dev":1.67,"Vol_total":19.1,"Vol_res":19.1,"Vol_src":2,"Depth_avg":68.0,"Dis_avg":0.789,"Res_time":280.2,"Elevation":30,"Slope_100":10.17,"Wshd_area":35.3,"Pour_long":120.436383,"Pour_lat":27.438823,"source_id":"hydrolakes:1382491","label":""},"geometry":{"type":"Polygon","coordinates":[[[120.43753089057537,27.430101453993643],[120.4373611111157,27.42847222222275],[120.43665886773448,27.42860324435827],[120.4363966878301,27.42917453342085],[120.43528557671885,27.43016737196234],[120.43554775662358,27.43167453342079],[120.43691067166264,27.432541232639437],[120.43734507243283,27.43663085937561],[120.4350133938305,27.438802897135986],[120.43497765435558,27.4394029405388],[120.43548522949686,27.439970974392907],[120.43658877903022,27.440036621094293],[120.4391021050393,27.438438313802692],[120.4389219156946,27.432362196181145],[120.43848785400843,27.43095648871588],[120.43753089057537,27.430101453993643]]]}},{"type":"Feature","id":"hydrolakes:1382542","properties":{"Hylak_id":1382542,"Lake_name":"","Country":"China","Continent":"Asia","Poly_src":"SWBD","Lake_type":2,"Grand_id":6179,"Lake_area":0.6,"Shore_len":8.57,"Shore_dev":3.12,"Vol_total":67.4,"Vol_res":67.4,"Vol_src":2,"Depth_avg":112.0,"Dis_avg":3.513,"Res_time":222.1,"Elevation":137,"Slope_100":9.89,"Wshd_area":163.4,"Pour_long":120.125141,"Pour_lat":27.363353,"source_id":"hydrolakes:1382542","label":""},"geometry":{"type":"Polygon","coordinates":[[[120.11809373644115,27.34502441406306],[120.11001760695171,27.34266276041717],[120.10902777778239,27.341250000000514],[120.10767823961493,27.341430392795644],[120.10518723382341,27.345333387587402],[120.10566319783976,27.346370442708974],[120.10754827711759,27.346482747396408],[120.10978233337869,27.34545735677142],[120.11077864753321,27.344456108941586],[120.11261930678097,27.34434624566029],[120.11332551744704,27.34473008897629],[120.11635938856779,27.345014648437996],[120.11804278903992,27.34742485894151],[120.11807866414847,27.348026529948356],[120.11746241252075,27.349508192274982],[120.11748341878717,27.35125027126793],[120.11800086975563,27.354022623698427],[120.11935850355809,27.35627604166723],[120.11992072211814,27.356905381945012],[120.12155425178122,27.357491590712414],[120.12554773966929,27.358113878038864],[120.12524257236504,27.359025065104674],[120.12334114922874,27.360234375000573],[120.12379515754333,27.362247178820155],[120.12531285604285,27.364338650174147],[120.12514706929966,27.360723741320044],[120.12630294800266,27.359069010417215],[120.12695856730585,27.35749267578177],[120.12153100755921,27.35710042317777],[120.1198517608687,27.355053710938023],[120.11932224697983,27.353578016493714],[120.11942295498778,27.35005615234445],[120.11981218974245,27.348234320747054],[120.11860329522483,27.34667453342064],[120.11809373644115,27.34502441406306]]]}},{"type":"Feature","id":"hydrolakes:1382606","properties":{"Hylak_id":1382606,"Lake_name":"","Country":"China","Continent":"Asia","Poly_src":"SWBD","Lake_type":1,"Grand_id":0,"Lake_area":0.15,"Shore_len":2.65,"Shore_dev":1.9,"Vol_total":1.28,"Vol_res":0.0,"Vol_src":3,"Depth_avg":8.3,"Dis_avg":0.523,"Res_time":28.4,"Elevation":37,"Slope_100":15.96,"Wshd_area":23.8,"Pour_long":120.446394,"Pour_lat":27.280954,"source_id":"hydrolakes:1382606","label":""},"geometry":{"type":"Polygon","coordinates":[[[120.44551652696862,27.280010308160286],[120.44486111111559,27.278194444445035],[120.44248463949015,27.27831787109426],[120.44223758274103,27.27862657335129],[120.43885721842895,27.279552680122208],[120.43751536051889,27.28062744140675],[120.43803816054083,27.281095648872054],[120.44026214600069,27.280817871094314],[120.4417556423657,27.279623480903297],[120.44334621853744,27.279425455729665],[120.44433176676898,27.28082763671921],[120.44597384983103,27.281182996962343],[120.44655910916265,27.281913791233137],[120.44801951090943,27.28209554036522],[120.4480744764586,27.281653374566588],[120.4469908311678,27.280995279948456],[120.44668202718543,27.28026231553872],[120.44551652696862,27.280010308160286]]]}},{"type":"Feature","id":"hydrolakes:1382633","properties":{"Hylak_id":1382633,"Lake_name":"","Country":"China","Continent":"Asia","Poly_src":"SWBD","Lake_type":1,"Grand_id":0,"Lake_area":0.14,"Shore_len":1.62,"Shore_dev":1.22,"Vol_total":0.46,"Vol_res":0.0,"Vol_src":3,"Depth_avg":3.3,"Dis_avg":0.025,"Res_time":211.1,"Elevation":0,"Slope_100":2.38,"Wshd_area":1.1,"Pour_long":120.21378,"Pour_lat":27.240412,"source_id":"hydrolakes:1382633","label":""},"geometry":{"type":"Polygon","coordinates":[[[120.21359825982438,27.238901638455502],[120.21291666667128,27.23791666666716],[120.21248714871342,27.23804280599012],[120.21158584595184,27.23975748697967],[120.21307981703478,27.243750271267913],[120.2151411946661,27.243145616319964],[120.21558386909084,27.24277777777837],[120.21508519491005,27.242363552517872],[120.21503350152375,27.24092122395882],[120.21359825982438,27.238901638455502]]]}},{"type":"Feature","id":"hydrolakes:1382636","properties":{"Hylak_id":1382636,"Lake_name":"","Country":"China","Continent":"Asia","Poly_src":"SWBD","Lake_type":1,"Grand_id":0,"Lake_area":0.21,"Shore_len":2.2,"Shore_dev":1.34,"Vol_total":0.54,"Vol_res":0.0,"Vol_src":3,"Depth_avg":2.5,"Dis_avg":0.328,"Res_time":19.1,"Elevation":1,"Slope_100":1.22,"Wshd_area":15.3,"Pour_long":120.275938,"Pour_lat":27.236147,"source_id":"hydrolakes:1382636","label":""},"geometry":{"type":"Polygon","coordinates":[[[120.27860036214656,27.23574137369843],[120.27875000000455,27.23430555555609],[120.2752999877975,27.235326063368632],[120.2739667087177,27.23460150824701],[120.2703092787047,27.237156304254142],[120.27300372653997,27.239436577691492],[120.27693664551236,27.2363810221359],[120.27860036214656,27.23574137369843]]]}},{"type":"Feature","id":"hydrolakes:1382637","properties":{"Hylak_id":1382637,"Lake_name":"","Country":"China","Continent":"Asia","Poly_src":"SWBD","Lake_type":1,"Grand_id":0,"Lake_area":0.14,"Shore_len":1.63,"Shore_dev":1.23,"Vol_total":0.43,"Vol_res":0.0,"Vol_src":3,"Depth_avg":3.1,"Dis_avg":0.025,"Res_time":197.1,"Elevation":0,"Slope_100":2.1,"Wshd_area":1.1,"Pour_long":120.209577,"Pour_lat":27.235532,"source_id":"hydrolakes:1382637","label":""},"geometry":{"type":"Polygon","coordinates":[[[120.21025434706405,27.234189995660245],[120.20986111111557,27.232916666667222],[120.20725580851683,27.233032769097804],[120.20667448256211,27.233243543837318],[120.20804609511106,27.23520724826443],[120.20873289320656,27.23770046658052],[120.21150412665924,27.236958279080397],[120.21025434706405,27.234189995660245]]]}},{"type":"Feature","id":"hydrolakes:1382667","properties":{"Hylak_id":1382667,"Lake_name":"","Country":"China","Continent":"Asia","Poly_src":"SWBD","Lake_type":1,"Grand_id":0,"Lake_area":0.64,"Shore_len":5.43,"Shore_dev":1.92,"Vol_total":1.22,"Vol_res":0.0,"Vol_src":3,"Depth_avg":1.9,"Dis_avg":1.268,"Res_time":11.1,"Elevation":2,"Slope_100":0.49,"Wshd_area":60.5,"Pour_long":120.375672,"Pour_lat":27.189207,"source_id":"hydrolakes:1382667","label":""},"geometry":{"type":"Polygon","coordinates":[[[120.37674353705955,27.185889214410224],[120.37776594374367,27.18395724826445],[120.37527248806884,27.183616536458885],[120.37223253038655,27.18280002170195],[120.3688730197527,27.181127115886],[120.36847222222679,27.180694444444953],[120.36755096436013,27.18098605685833],[120.3658422851608,27.18685763888942],[120.36581407335535,27.187568901910254],[120.371043667268,27.189716796875587],[120.37151140001538,27.187998860677624],[120.36917195638478,27.18744167751794],[120.36965871175579,27.185008138021374],[120.37375196669285,27.185311957465842],[120.3744391547354,27.1866107855908],[120.37417195638488,27.188616536458824],[120.37222751194042,27.190145399306175],[120.37256581624803,27.190671386719373],[120.37609219021721,27.19119710286509],[120.37674353705955,27.185889214410224]]]}},{"type":"Feature","id":"hydrolakes:1382694","properties":{"Hylak_id":1382694,"Lake_name":"","Country":"China","Continent":"Asia","Poly_src":"SWBD","Lake_type":1,"Grand_id":0,"Lake_area":0.14,"Shore_len":1.5,"Shore_dev":1.15,"Vol_total":0.96,"Vol_res":0.0,"Vol_src":3,"Depth_avg":7.1,"Dis_avg":0.32,"Res_time":34.8,"Elevation":39,"Slope_100":12.21,"Wshd_area":14.9,"Pour_long":120.2403,"Pour_lat":27.166466,"source_id":"hydrolakes:1382694","label":""},"geometry":{"type":"Polygon","coordinates":[[[120.24054773966952,27.166396755642836],[120.24041666667114,27.16625000000056],[120.23876071506538,27.166471354167186],[120.23667448256202,27.170152452257526],[120.23792387221056,27.171103244358335],[120.23993830363418,27.16988145616375],[120.24082551744709,27.168047688802574],[120.24138107300269,27.16755126953177],[120.24109854804595,27.16688883463604],[120.24054773966952,27.166396755642836]]]}},{"type":"Feature","id":"hydrolakes:1382805","properties":{"Hylak_id":1382805,"Lake_name":"","Country":"China","Continent":"Asia","Poly_src":"SWBD","Lake_type":1,"Grand_id":0,"Lake_area":0.12,"Shore_len":1.55,"Shore_dev":1.26,"Vol_total":0.22,"Vol_res":0.0,"Vol_src":3,"Depth_avg":1.8,"Dis_avg":0.583,"Res_time":4.3,"Elevation":0,"Slope_100":0.73,"Wshd_area":27.7,"Pour_long":120.243493,"Pour_lat":27.055779,"source_id":"hydrolakes:1382805","label":""},"geometry":{"type":"Polygon","coordinates":[[[120.2444341193351,27.052788085938175],[120.24430555556006,27.052083333333997],[120.24225075616232,27.052839355469246],[120.24251115587475,27.057767469618568],[120.24477873060903,27.056934136285236],[120.2444341193351,27.052788085938175]]]}},{"type":"Feature","id":"hydrolakes:1383126","properties":{"Hylak_id":1383126,"Lake_name":"","Country":"China","Continent":"Asia","Poly_src":"SWBD","Lake_type":1,"Grand_id":0,"Lake_area":0.83,"Shore_len":4.05,"Shore_dev":1.26,"Vol_total":5.38,"Vol_res":0.0,"Vol_src":3,"Depth_avg":6.5,"Dis_avg":0.183,"Res_time":340.4,"Elevation":2,"Slope_100":5.69,"Wshd_area":9.6,"Pour_long":120.017708,"Pour_lat":26.717909,"source_id":"hydrolakes:1383126","label":""},"geometry":{"type":"Polygon","coordinates":[[[120.01361388948692,26.718613823785176],[120.01511256748216,26.718100857205343],[120.01658273697348,26.718858235677544],[120.01881804572662,26.719441731771326],[120.02083157221927,26.716684570313078],[120.0211083327444,26.715754665799068],[120.01766091241228,26.71489529079912],[120.0161231825133,26.713907063802594],[120.01486111111552,26.712638888889558],[120.01441001044822,26.71278537326441],[120.01331911511335,26.713897026910217],[120.01266443253013,26.713883734809542],[120.01083611170895,26.712775065104665],[120.00920485814862,26.712502712674052],[120.00609013875766,26.714462076823395],[120.0053277142888,26.716033799913703],[120.0061542638187,26.718448621962352],[120.00952227063095,26.719577365451926],[120.01361388948692,26.718613823785176]]]}},{"type":"Feature","id":"hydrolakes:1384978","properties":{"Hylak_id":1384978,"Lake_name":"","Country":"Taiwan","Continent":"Asia","Poly_src":"SWBD","Lake_type":1,"Grand_id":0,"Lake_area":0.12,"Shore_len":1.76,"Shore_dev":1.42,"Vol_total":0.26,"Vol_res":0.0,"Vol_src":3,"Depth_avg":2.1,"Dis_avg":0.019,"Res_time":157.1,"Elevation":2,"Slope_100":0.99,"Wshd_area":0.4,"Pour_long":121.421306,"Pour_lat":25.200504,"source_id":"hydrolakes:1384978","label":""},"geometry":{"type":"Polygon","coordinates":[[[121.4186290147615,25.196370985243334],[121.41791666667137,25.19541666666703],[121.41668457031705,25.195626085069875],[121.41743353950113,25.19718261718799],[121.42035888672342,25.201061740451735],[121.42129231771298,25.20119954427122],[121.42201253255666,25.200227864583724],[121.42160875108965,25.199241536458715],[121.42065863715743,25.1985080295143],[121.41992540148027,25.19755805121565],[121.41895168728757,25.19715928819477],[121.4186290147615,25.196370985243334]]]}},{"type":"Feature","id":"hydrolakes:1385264","properties":{"Hylak_id":1385264,"Lake_name":"","Country":"Taiwan","Continent":"Asia","Poly_src":"SWBD","Lake_type":1,"Grand_id":0,"Lake_area":0.14,"Shore_len":1.49,"Shore_dev":1.13,"Vol_total":0.26,"Vol_res":0.0,"Vol_src":3,"Depth_avg":1.9,"Dis_avg":0.038,"Res_time":80.6,"Elevation":40,"Slope_100":0.81,"Wshd_area":1.0,"Pour_long":121.09961,"Pour_lat":25.029802,"source_id":"hydrolakes:1385264","label":""},"geometry":{"type":"Polygon","coordinates":[[[121.10103312174937,25.02833984375036],[121.10069444444895,25.02791666666718],[121.09862820095952,25.02805664062538],[121.09844021267821,25.029568684896162],[121.100717773442,25.0312581380212],[121.10359571669306,25.030757378472686],[121.10320482042562,25.02865559895872],[121.10103312174937,25.02833984375036]]]}}]}