{"type":"FeatureCollection","features":[{"type":"Feature","id":"hydrolakes:14888","properties":{"Hylak_id":14888,"Lake_name":"","Country":"Japan","Continent":"Asia","Poly_src":"SWBD","Lake_type":1,"Grand_id":0,"Lake_area":87.13,"Shore_len":104.09,"Shore_dev":3.15,"Vol_total":740.51,"Vol_res":0.0,"Vol_src":3,"Depth_avg":8.5,"Dis_avg":78.911,"Res_time":108.6,"Elevation":0,"Slope_100":1.96,"Wshd_area":2032.6,"Pour_long":133.201313,"Pour_lat":35.532092,"source_id":"hydrolakes:14888","label":""},"geometry":{"type":"Polygon","coordinates":[[[133.16208889431573,35.53500347826213],[133.16276584201535,35.53291729662135],[133.16500271267495,35.53318964905196],[133.16833604600828,35.53374520460744],[133.17078640408118,35.53465245829665],[133.1712444390206,35.53653152730709],[133.17270141601705,35.53653261237656],[133.1717808702271,35.53328079488517],[133.17250813802212,35.5329061746595],[133.17419542100828,35.533483702871365],[133.17635728624282,35.53349496046678],[133.1766693793416,35.53319507439909],[133.17770100911588,35.5304189242255],[133.17967909071314,35.53037864102237],[133.1805521647148,35.53121739970294],[133.18056382921156,35.53179343594417],[133.17933932834336,35.53491640143915],[133.1755582682307,35.53483922587486],[133.17591240777057,35.53595264275839],[133.18133300781386,35.53634815057097],[133.1836397298191,35.53223627991133],[133.183592664932,35.52992725213346],[133.18429958767513,35.52774856832269],[133.1888080512167,35.526992410553646],[133.19064480251865,35.52604609436429],[133.1913519965292,35.526782042715126],[133.19438395182425,35.52893305725502],[133.19635877821327,35.533728114763846],[133.19800726996658,35.53457745287136],[133.20209092882084,35.533914611074465],[133.203330620661,35.532280767758664],[133.20239040798748,35.53146018399116],[133.19811008029643,35.5291233513089],[133.19772298177236,35.528372211986095],[133.1985774739597,35.52573901971169],[133.20057020399435,35.52333030117859],[133.20191460503622,35.52402298238525],[133.20249050564382,35.52351788255885],[133.20251980251885,35.522086675961646],[133.2013978407133,35.52154237800153],[133.20137207031405,35.52028668138712],[133.2043497721367,35.51537633524987],[133.20694715711954,35.5134728521769],[133.20876681857766,35.511691981951174],[133.2081545681437,35.50990351623943],[133.2094417317722,35.5070785379408],[133.21658610026174,35.494356776873076],[133.2209014214423,35.49203350755886],[133.22225341797008,35.49236323303626],[133.22582546658117,35.49545106940775],[133.22584120008815,35.49622296068384],[133.2255582682305,35.49680618551025],[133.22278103298754,35.49900819831413],[133.2227522786472,35.50041187127408],[133.2247957356784,35.499266580475535],[133.22657552083461,35.49741409566656],[133.22805013020962,35.49644729879151],[133.23001383463674,35.49401457309699],[133.22997477213693,35.4920921013088],[133.23213189019253,35.48811681376549],[133.23853244357775,35.485098150570934],[133.24055284288323,35.483467426829634],[133.24166395399442,35.4829282829495],[133.24139160156392,35.482078537940765],[133.2397281901055,35.48084535651719],[133.23970296224104,35.47961366706414],[133.2411599392376,35.47764847066645],[133.24356201172014,35.47514833503283],[133.24528618706745,35.47431174649108],[133.24609212239722,35.47347285217688],[133.24776285807428,35.474004807472],[133.2482744683174,35.47499791728109],[133.24750271267493,35.47649585564915],[133.24838378906378,35.476601514286415],[133.24985270182435,35.47439543247208],[133.2484041341159,35.47332148498941],[133.2477804904529,35.47211109002416],[133.25033365885548,35.46985170417338],[133.2532834201404,35.46932598802755],[133.25635443793544,35.46704951233329],[133.25740532769248,35.464384853044976],[133.2618703884562,35.46107254293213],[133.2630444335951,35.459340365197704],[133.26194715711944,35.457078537940845],[133.26084743923752,35.455456087853975],[133.26028049045283,35.45324403815778],[133.26055284288321,35.45291187127407],[133.26350179036598,35.45090449280184],[133.26523600260566,35.45034161302766],[133.26642116970623,35.44956470330533],[133.26744927300484,35.44849455356575],[133.27138427734502,35.44605816576194],[133.27910129123399,35.443502284685565],[133.2817374674495,35.442361741065724],[133.28252007378615,35.443208366499846],[133.28358100043545,35.445394781430366],[133.2845865885431,35.44591290209013],[133.28693033854313,35.4451524040432],[133.28853651258828,35.44393373542346],[133.2902411566855,35.443055507341796],[133.2930335829006,35.4423747618992],[133.29463840060902,35.440327371491094],[133.29753716362995,35.43883404466817],[133.30106391059178,35.437663119103945],[133.30194715711963,35.437083963288046],[133.30250515408136,35.43623299757621],[133.3049945746543,35.434992356300256],[133.31402343750142,35.43255963060574],[133.31556098090408,35.43151728577061],[133.31694335937635,35.431517150136926],[133.3180346679701,35.43318151103108],[133.3196815321195,35.43374520460742],[133.32047336154665,35.43338523281926],[133.3213267686645,35.431281418800154],[133.32037814670286,35.429881950484344],[133.31987304687635,35.42543601406925],[133.32166395399435,35.425086486074406],[133.32099636501874,35.42353348043207],[133.32364854600849,35.422339904043156],[133.32499131944581,35.42236730204672],[133.32500298394228,35.42180076016302],[133.32305284288333,35.42152840773247],[133.32166937934159,35.420967426829634],[133.31981011284876,35.420604335466976],[133.31918484158132,35.419315544234166],[133.31750271267504,35.41710593594422],[133.3177853732654,35.41534744527587],[133.32027506510565,35.41295540968571],[133.31263888889032,35.410831250614365],[133.30630588107795,35.41115758524978],[133.3030588107652,35.41317649258485],[133.30304714626874,35.413744933340126],[133.3033829752619,35.413751715024205],[133.30587619357772,35.412467399702905],[133.31046034071323,35.41152840773242],[133.31310194227564,35.41183846632629],[133.31525010850822,35.41288053989393],[133.31610487196326,35.41414179748938],[133.31612467448048,35.41510059197731],[133.31548475477575,35.41641949388702],[133.31277506510554,35.41902298238517],[133.31108751085202,35.421151346100544],[133.306420898439,35.42439434740254],[133.3046291775188,35.42497567335744],[133.30311062283118,35.42643454922546],[133.30250271267505,35.42736174106574],[133.30143798828254,35.42805998325326],[133.30110839843888,35.429022982385334],[133.30077690972354,35.432073926395674],[133.29988145616454,35.43209223694254],[133.29836344401173,35.42941442118729],[133.2935066731785,35.42819507439913],[133.29245171441102,35.42858759827061],[133.29062771267496,35.429824034902595],[133.28777506510562,35.43013409349635],[133.28528049045275,35.43125062995466],[133.28249728732783,35.43152298238522],[133.2816693793418,35.43208396328805],[133.28009440104296,35.43259516663005],[133.27944173177212,35.43291187127409],[133.27836669922021,35.435127583079804],[133.2769468858521,35.43485618008492],[133.27473551432433,35.43490121046682],[133.27364339192837,35.43376446459018],[133.27196153428957,35.43266176276717],[133.27147271050484,35.43171300517173],[133.27221950954998,35.42879959371345],[133.27150254991466,35.42836651537135],[133.27055447048753,35.4292771599026],[133.27023871527905,35.43347434414744],[133.26849826389036,35.4370613124633],[133.26603542751872,35.4362183491387],[133.26325005425497,35.43627517965086],[133.26078586154648,35.434634012116135],[133.25833604600837,35.434036681387],[133.258720431859,35.43284093485926],[133.26079589843886,35.43183399041476],[133.26132893880362,35.43132170200329],[133.25883219401175,35.4293061855102],[133.25711588541822,35.43289681593558],[133.2545933702272,35.433204975657816],[133.25499728732802,35.434861741065845],[133.25555284288322,35.435940300093534],[133.254968804255,35.437201828956404],[133.25364366319576,35.43807083394785],[133.2531887478312,35.44318680074457],[133.25043484158124,35.443242953088486],[133.24556233724104,35.44287633524982],[133.24524685330027,35.435139518843584],[133.24471950955012,35.435689649051994],[133.24386935764022,35.44457853794074],[133.24167182074785,35.44414247565783],[133.24162624783122,35.44191035217693],[133.24246554904647,35.43945823086614],[133.24250840928954,35.43736174106573],[133.2413861762168,35.43874520460747],[133.24111382378607,35.440972852176856],[133.2402590603312,35.44441591315791],[133.23916395399436,35.445134093496335],[133.23833062066115,35.44680076016306],[133.237978244359,35.44860590881751],[133.23468939887306,35.44955765035394],[133.23055365668534,35.45000700473764],[133.22759033203278,35.45144472175156],[133.22498236762283,35.453634120623065],[133.22141357422026,35.455689649051976],[133.21833875868197,35.45303950256749],[133.21838487413328,35.44886266337477],[133.21621663411594,35.4449987310831],[133.2148130967896,35.44645937018902],[133.2118568250881,35.44846349345289],[133.20939425998398,35.44851367791472],[133.20747260199784,35.44705561584868],[133.2044045681438,35.44556717183838],[133.20094211154662,35.441646680301915],[133.20028049045288,35.43930076016295],[133.19949381510554,35.43771316793209],[133.19749376085207,35.434893614980695],[133.194449869793,35.433325689633534],[133.18944173177226,35.4329172966215],[133.18768663194572,35.43233312235935],[133.18577907986253,35.43135045634352],[133.1805528428833,35.43318964905194],[133.17916937934154,35.43430618551025],[133.17735120985378,35.43502341641312],[133.17427585178098,35.43736933655185],[133.1730773925795,35.43983963277583],[133.16975260416797,35.442038390371295],[133.1641091579874,35.4470785379408],[133.15991767035717,35.44643020894773],[133.1591749403226,35.445716775788014],[133.15885511610384,35.4441546826892],[133.15893256293543,35.440358431603954],[133.15780653211942,35.43573929097903],[133.15571573893357,35.43356318420825],[133.15278049045298,35.43296205573597],[133.15335734049614,35.43404454814055],[133.15522026909866,35.434649067454814],[133.15641235351694,35.436407693756735],[133.1574098036038,35.44029943095296],[133.15754733615597,35.44704042487649],[133.15581176757945,35.44835742791474],[133.15290432400332,35.4489529954061],[133.14719292534852,35.449302252133464],[133.14487453884675,35.450095844798454],[133.14248847113856,35.449514247576246],[133.14016574435914,35.44859804206408],[133.13916937934175,35.4470785379408],[133.1381403266074,35.44604134718571],[133.13299763997526,35.442029438548445],[133.13067504882963,35.44050667921698],[133.12860948350823,35.43677471849628],[133.12595567491456,35.43375062995466],[133.12547200520976,35.43441089471162],[133.1280965169285,35.439039936595236],[133.1303761121976,35.44141271220309],[133.13153143988842,35.44217009067518],[133.13749728732785,35.44930618551024],[133.13888617621677,35.450640685293195],[133.1377804904527,35.45208396328803],[133.1365298122845,35.452711540327925],[133.13333089192844,35.45236187669951],[133.13170627170274,35.451805778609184],[133.1297195095501,35.45152840773244],[133.12771796332606,35.45071664015427],[133.1261027018242,35.45264073954672],[133.12615180121668,35.45504620287136],[133.1250096299927,35.4578620937134],[133.1249582248277,35.46037986172553],[133.12610866970618,35.461485140588366],[133.12647311740585,35.46409636020638],[133.12817450629467,35.46586719353979],[133.1337481011298,35.46731440491135],[133.13561591254472,35.468731641239344],[133.13909478081757,35.46904102166474],[133.14221950954988,35.47375062995468],[133.1441541883695,35.47605545308829],[133.14420613606904,35.478598177697734],[133.14286105685915,35.47925071133483],[133.13929375542665,35.48286738342705],[133.1367102050794,35.48375157939046],[133.13613213433297,35.48373977926019],[133.1341111924928,35.48493945916471],[133.13194715711933,35.48701872348761],[133.13244520399434,35.48866246806233],[133.133587917753,35.48985183980716],[133.1358287217896,35.491159891022335],[133.13749728732785,35.49170134067515],[133.1366579861126,35.49346240838355],[133.13668212890758,35.49464649041482],[133.133750135635,35.496820020145776],[133.1344409179702,35.49816116597901],[133.1344581434475,35.49900575690782],[133.133424479168,35.50008173889569],[133.13219184027906,35.50088984436451],[133.13085517035717,35.50286182244605],[133.13031168619926,35.504449685944394],[133.1302749294718,35.50958355638693],[133.13085191514887,35.5127929205363],[133.13342475043538,35.51428068637824],[133.1362437608521,35.51467415968557],[133.1372249348973,35.51596742682966],[133.13765068902057,35.51771384610049],[133.13873046875142,35.51936057461609],[133.14167466905513,35.52042285760223],[133.14304212782253,35.52039505269778],[133.14491197374258,35.521335943539896],[133.1455386013468,35.52262731181236],[133.14825303819572,35.52328187995471],[133.14917778863003,35.52556174649118],[133.14915947808294,35.52645964145637],[133.1509693739162,35.526900857819214],[133.15249728732783,35.52891447544073],[133.15222493489728,35.53125062995463],[133.15166937934168,35.53341846307097],[133.15220119900306,35.53461014058837],[133.15497260199788,35.537347499529346],[133.15788235134698,35.5381896490519],[133.16077284071332,35.5371737527845],[133.16208889431573,35.53500347826213]],[[133.1638633897585,35.530111307038055],[133.16458333333463,35.529997917281094],[133.16475667317854,35.53070389058843],[133.16419216580005,35.53210674974639],[133.16297186957598,35.53233352926026],[133.16137030707597,35.53129064189045],[133.16113661024434,35.530696973270665],[133.1630810546888,35.53044008307978],[133.1638633897585,35.530111307038055]],[[133.188896755644,35.508389166196025],[133.1897227647583,35.5068688482707],[133.19125000000128,35.50666458394784],[133.1936083984388,35.50835688538001],[133.19491780599117,35.507645215458126],[133.19851128472374,35.50965150886094],[133.20060574001872,35.51013884067521],[133.20138102213684,35.51102154466821],[133.2006787109391,35.51164898607442],[133.20003607856052,35.51373055617006],[133.19967583550482,35.514052414894024],[133.19850965711936,35.516412576569394],[133.19722764757074,35.51755800300151],[133.19687689887303,35.51943788581417],[133.19596164279665,35.52025548564046],[133.1922482638904,35.51955642965089],[133.19018283420263,35.518697461551994],[133.1883412000883,35.5165783209269],[133.1896956380221,35.514830409685544],[133.1899921332478,35.51274490621353],[133.1891587999147,35.510422450701185],[133.188896755644,35.508389166196025]],[[133.16249213324795,35.50707338386087],[133.16153767903774,35.50741585890438],[133.16056464301352,35.50696935282798],[133.15891343858635,35.50429831875681],[133.1588803439683,35.50374235630011],[133.15943657769225,35.502191792064195],[133.1591509331612,35.49842972066659],[133.15727308485378,35.49854161845292],[133.15667453342155,35.49744000169949],[133.15698147244058,35.49505935933843],[133.15978786892515,35.492136589156075],[133.1608412000881,35.49181133959024],[133.16131863064373,35.49026511563187],[133.16291544596487,35.4884780062568],[133.16437811957599,35.48886876689056],[133.1657523600274,35.49040671719422],[133.16732855902904,35.490062343279305],[133.16897108290067,35.48776525126539],[133.17045518663343,35.48668818420816],[133.1711032443589,35.48485116163869],[133.17236111111248,35.48472013950328],[133.17353379991454,35.486032666630024],[133.17493014865585,35.48594952318382],[133.1774682617202,35.4872270568211],[133.18044935438508,35.48514467292341],[133.18206746419435,35.48542679097898],[133.18384738498395,35.48606548998072],[133.18677788628622,35.48528071350512],[133.1877644856786,35.48616192552754],[133.1878008355048,35.486771870189045],[133.1857533094631,35.48806744310565],[133.18698133680698,35.49104365295818],[133.18688829210197,35.49260696676026],[133.18914577908123,35.4943676275675],[133.18922634548738,35.49572070916474],[133.18806342231034,35.49565140035401],[133.19019883897698,35.49867304748949],[133.19034667968901,35.50115419440772],[133.1892523871541,35.50237896654329],[133.18723008897712,35.5034780062569],[133.18459323459354,35.50436030334879],[133.18215074327406,35.502935200267245],[133.18137207031396,35.50288881354851],[133.17902303060032,35.50373164123937],[133.17792453342156,35.50379715230707],[133.17569566514908,35.50320022847893],[133.17223008897713,35.50486689514565],[133.16943657769224,35.50568449497206],[133.16730712890757,35.506621859338395],[133.16501939561766,35.50648541185569],[133.16249213324795,35.50707338386087]],[[133.29223008897708,35.43875578403447],[133.29263888889028,35.438609028392136],[133.29244222005354,35.43924569288873],[133.28971435547004,35.44012893941647],[133.288618977866,35.44097800625673],[133.28610405816102,35.44151701450329],[133.28570203993206,35.44196691142173],[133.2834448242201,35.442628939416466],[133.28278564453274,35.442193690935596],[133.28415879991462,35.44151782830534],[133.2876711697063,35.44055035326198],[133.28915879991462,35.439573383860875],[133.29223008897708,35.43875578403447]]]}},{"type":"Feature","id":"hydrolakes:14891","properties":{"Hylak_id":14891,"Lake_name":"","Country":"Japan","Continent":"Asia","Poly_src":"SWBD","Lake_type":1,"Grand_id":0,"Lake_area":79.88,"Shore_len":54.12,"Shore_dev":1.71,"Vol_total":729.99,"Vol_res":0.0,"Vol_src":3,"Depth_avg":9.1,"Dis_avg":49.123,"Res_time":172.0,"Elevation":0,"Slope_100":2.13,"Wshd_area":1313.9,"Pour_long":133.051042,"Pour_lat":35.464583,"source_id":"hydrolakes:14891","label":""},"geometry":{"type":"Polygon","coordinates":[[[132.96646525065233,35.480409294234164],[132.96827907986238,35.47977357917347],[132.9714968533001,35.48019309414735],[132.97319078233642,35.4801259554755],[132.9753211805571,35.478492247793156],[132.97778306749274,35.478197651439075],[132.98191908094753,35.476578185293306],[132.9846868218329,35.475919005605704],[132.98887478298747,35.475346631473826],[132.9910214572496,35.47403098477241],[132.993247070314,35.47494515577938],[132.99568874783114,35.47365310933833],[132.99776190863844,35.47408686584885],[133.00012220594743,35.47404698954671],[133.00331217448058,35.47516515360917],[133.00694444444594,35.47515335347896],[133.00766004774437,35.47512500603972],[133.0103119574668,35.47372173998065],[133.0123562282999,35.47380271328802],[133.01400132921134,35.472541184425154],[133.01505316840405,35.473097825050104],[133.01706434461943,35.472392936812355],[133.02200575086954,35.47303719679496],[133.02325181749262,35.47237788147373],[133.02669704861245,35.471458827654374],[133.02893636067841,35.46984437995462],[133.03039428711065,35.46983786953814],[133.0321393500447,35.46891447544084],[133.03461263020966,35.46624506897376],[133.0379992675796,35.464586675961584],[133.03931437174612,35.464308762550104],[133.04297756619064,35.46526864210739],[133.0444444444458,35.464754454824515],[133.0464704047323,35.465433437029276],[133.04856350369056,35.46647985087486],[133.05069498698043,35.46799582852242],[133.05186062283138,35.46737910217689],[133.0534084743939,35.46844409783665],[133.05421373155508,35.46757495721158],[133.054160291885,35.46622499518901],[133.05246161566976,35.4656872076456],[133.0525526258694,35.46144621372207],[133.0533280436211,35.46035870287136],[133.05027248806556,35.457527621057125],[133.04861640082606,35.45179818312306],[133.04777248806568,35.450697651438986],[133.04499620225852,35.444547070927],[133.04396457248401,35.44359126038006],[133.04151190863848,35.442007465892175],[133.0406734212254,35.44070904466827],[133.03888359917676,35.43986431810566],[133.0357644314251,35.43703445699464],[133.03273559570442,35.43709942552755],[133.0302430555568,35.43578052361784],[133.02874064127758,35.43630705356583],[133.02499633789188,35.43597583611796],[133.0188555230048,35.434832851091926],[133.01796888563513,35.43486798021513],[133.01566921658122,35.43567405117852],[133.0132457139772,35.43734166728109],[133.01003553602573,35.43795446024984],[133.00856350369065,35.43789613776721],[133.00747639974094,35.43559280660395],[133.00748223198934,35.43343840122213],[133.00586981879468,35.43267736064047],[133.00417195638153,35.431242627567656],[133.0023780653225,35.430815381473735],[132.99983940972368,35.42947206550156],[132.9943522135432,35.42968948629152],[132.99143825954997,35.43071080790605],[132.9897269694024,35.430642991065724],[132.98659261067849,35.43183900886089],[132.98459391276185,35.43175979879146],[132.9832910156265,35.43107037279316],[132.98044989691988,35.42641474670813],[132.97827229817858,35.42589594788001],[132.97437160915956,35.423701259294944],[132.97087090386418,35.423762972619556],[132.96753499349091,35.42300423781063],[132.96464735243205,35.42360848585747],[132.96204399956724,35.42315506246331],[132.95916761610385,35.42403234110918],[132.95708902994932,35.423597363895624],[132.95493842231036,35.42184714688176],[132.94778062608657,35.42124235630018],[132.9474502224407,35.42125537713338],[132.94563300238843,35.4225059196682],[132.9437120225707,35.42325380378281],[132.94278062608646,35.422761046621304],[132.94067667643384,35.420490267541425],[132.939557698569,35.41875741163875],[132.93560139974085,35.41797928121332],[132.93317165798743,35.41669360955541],[132.93080403645962,35.41731399801023],[132.9276571994372,35.41665563212479],[132.92078531901188,35.41167380703803],[132.91902357313518,35.412606017324435],[132.91680216471502,35.4132253207099],[132.9157724338122,35.4131844949722],[132.91308742947183,35.41176373216831],[132.90936699761426,35.411794927914855],[132.90495415581728,35.40884286085742],[132.90260484483656,35.40693096849634],[132.89802788628617,35.411818935076155],[132.89713880750998,35.41178367031921],[132.89583618164204,35.41109437995465],[132.89407660590416,35.40919537279325],[132.8933386230483,35.40763151645638],[132.8906873914944,35.40463224887833],[132.88933186849084,35.401883767975505],[132.88632161458474,35.40152352492004],[132.88372748481032,35.40064828077931],[132.8777651638469,35.39959820482443],[132.87605590820453,35.39899924649109],[132.8756944444459,35.398609028392116],[132.87498819987127,35.39874384827067],[132.87558539496655,35.39961163255879],[132.88048773871657,35.40077916728109],[132.88378133138173,35.40196758959007],[132.88778306749265,35.40402040534531],[132.89014946831742,35.40564882331398],[132.89139214409857,35.4082818799547],[132.89469116211075,35.412185688548504],[132.8970939127617,35.413737337854],[132.89749471028773,35.414586540328],[132.89874511718904,35.41612299866131],[132.90114759657246,35.41768726189906],[132.9011024305571,35.41882739861779],[132.89996093750142,35.4198850700588],[132.898983289932,35.419846278826185],[132.89627468533138,35.41798240078799],[132.89166137695474,35.41764209588348],[132.8880608452705,35.41624262756767],[132.8836164008261,35.41513151645637],[132.878894178604,35.41429818312321],[132.8705868869372,35.41396642314038],[132.8702830674926,35.41441401428631],[132.87246758355167,35.41510561042344],[132.87750528971486,35.4159648497897],[132.87943915473238,35.416808762550204],[132.88472751193729,35.417909294234164],[132.88538153754467,35.41825529575323],[132.88610582139893,35.42022334045811],[132.88473049587822,35.422822488678605],[132.88406277126876,35.424931456777756],[132.88237535264898,35.42572776211614],[132.87989189995784,35.42828242248936],[132.87832804362114,35.42902040534534],[132.87806084527034,35.42949159675169],[132.878894178604,35.43152040534528],[132.8791613769544,35.434030984772505],[132.87972873264022,35.43455670091822],[132.87965115017505,35.43651172478974],[132.8791613769544,35.4379092942342],[132.87874796549625,35.440504509077925],[132.8774418131523,35.44132183763685],[132.87606865777042,35.44423118008484],[132.8738125271281,35.444575960900806],[132.87211357964543,35.44398039340956],[132.87035101996673,35.44405038038872],[132.86995076497527,35.445314486291466],[132.8678793674058,35.446349235640525],[132.86750528971498,35.447919873661306],[132.86611640082606,35.451294575267184],[132.86804497612974,35.45417516337477],[132.87005289713676,35.45537335130882],[132.8712459309911,35.456999870406094],[132.87260986328272,35.45826356940779],[132.87829956054821,35.46004905117866],[132.88205023871672,35.46072084479857],[132.88429416232765,35.45979921393899],[132.8862685818155,35.46131329271515],[132.89587076823057,35.460666320058806],[132.89675333659,35.46070131354844],[132.89892903645983,35.46146384610057],[132.90113050672875,35.459554530779315],[132.90331231011413,35.459554530779315],[132.90471693251015,35.46069765143915],[132.90749267578252,35.461865728695955],[132.90978542751867,35.46352507114398],[132.9147264268678,35.46532465881751],[132.91680419922005,35.46568707201203],[132.92065226237128,35.46501704163006],[132.9227724880655,35.4668087625501],[132.92370307074788,35.46710335890435],[132.92494710286593,35.46844599670817],[132.92897135416808,35.4709301275675],[132.93342868381217,35.472115972836775],[132.93621595594766,35.472101866933826],[132.94193617079128,35.47438634501549],[132.9446599663641,35.47427838060571],[132.94800415039202,35.47513151645637],[132.95199381510548,35.473563319841844],[132.95556084527044,35.47596484978976],[132.95643988715426,35.47684050083137],[132.95813707139905,35.477377881473785],[132.96014594184163,35.47844084262829],[132.96324435764024,35.47964743985051],[132.96646525065233,35.480409294234164]]]}},{"type":"Feature","id":"hydrolakes:174370","properties":{"Hylak_id":174370,"Lake_name":"","Country":"Japan","Continent":"Asia","Poly_src":"SWBD","Lake_type":1,"Grand_id":0,"Lake_area":7.03,"Shore_len":20.97,"Shore_dev":2.23,"Vol_total":103.65,"Vol_res":0.0,"Vol_src":3,"Depth_avg":14.7,"Dis_avg":3.456,"Res_time":347.1,"Elevation":-3,"Slope_100":5.95,"Wshd_area":85.9,"Pour_long":134.910781,"Pour_lat":35.641979,"source_id":"hydrolakes:174370","label":""},"geometry":{"type":"Polygon","coordinates":[[[134.90056098090423,35.64153098477249],[134.90088433159866,35.64118186367864],[134.9022913954007,35.641550516022335],[134.90964165581744,35.64204585022384],[134.91057942708477,35.64237462626551],[134.91512885199796,35.64251283698593],[134.92091932508828,35.64150453620465],[134.92466606988012,35.639353386031075],[134.92500895182457,35.637557189199526],[134.9264377170157,35.636233133209885],[134.92636067708497,35.63317527188178],[134.92730278863007,35.633505539893974],[134.92863796658133,35.633452507124844],[134.92860243055713,35.6325573248331],[134.92723415798758,35.631289421187375],[134.92669352213687,35.630144130388715],[134.92516981336956,35.62924826992867],[134.92264078776185,35.628415072229075],[134.9204497612862,35.62850187778457],[134.91902777777926,35.62925423781053],[134.91787950303961,35.628646598921705],[134.91750542534868,35.62707596090087],[134.91664496527937,35.625825553999846],[134.91664686415078,35.623386724789725],[134.9143747287343,35.620058138635216],[134.91193901909872,35.61827157179505],[134.90947808159888,35.61744678338363],[134.90677571614742,35.61701628208141],[134.90536593967164,35.616270161204625],[134.90500542534886,35.61513151645653],[134.9044273546022,35.614596034685576],[134.90445231119958,35.61257590664735],[134.90595458984535,35.609737229347104],[134.90869059244943,35.60797046502415],[134.91190239800505,35.60650752014567],[134.9125607638905,35.606533561812284],[134.91385281033132,35.60721729119598],[134.91428087022734,35.60586502340101],[134.91375000000147,35.604997917281196],[134.91079291449802,35.60506369961615],[134.90799126519238,35.60542896111798],[134.90697591145988,35.60652474562312],[134.90538899739738,35.606902756690886],[134.90361653645994,35.60596484978976],[134.90143419053965,35.605697651439016],[134.899727647571,35.607086540328],[134.89692952474127,35.608208230866126],[134.89280843099118,35.60822966098772],[134.88853732639052,35.61217171827934],[134.88879937066116,35.612909294234214],[134.89134657118205,35.611862880388856],[134.89332790798767,35.61347542921686],[134.89555013020987,35.61435935391313],[134.89472927517522,35.61628494527582],[134.89574055989738,35.617222174008475],[134.8975054253487,35.61790929423415],[134.89862304687648,35.62045608785405],[134.8999867079009,35.62171965122212],[134.90027235243207,35.62291987366132],[134.90107150607798,35.62454707092695],[134.90278320312666,35.62652040534533],[134.90361653645994,35.62818707201194],[134.90388346354325,35.63014209588346],[134.90844102647725,35.63041539774986],[134.90942437066116,35.6319384283488],[134.90971679687664,35.633529140154394],[134.9091311306438,35.634020405345325],[134.90800455729334,35.632877555952916],[134.90613742404656,35.632286464373124],[134.9038991970503,35.632375168800195],[134.90223632812655,35.63123082743732],[134.90135118272724,35.63126595656075],[134.90142740885557,35.63319493876543],[134.89805013020998,35.633464849789846],[134.89711344401206,35.63379321893041],[134.8954391818591,35.63372675842703],[134.89336642795308,35.63263002448605],[134.89250162760567,35.632664204173466],[134.8922276475709,35.631798183123124],[134.89097900390772,35.629983811378395],[134.89007568359534,35.62914681593554],[134.88837537977594,35.62804886129152],[134.8875054253487,35.62824824280199],[134.88806450738002,35.629305236074515],[134.88777235243202,35.629575960901036],[134.88732883029655,35.63143848260222],[134.88928873698063,35.633254617584896],[134.88875054253623,35.6342717345554],[134.89152723524478,35.63504566033674],[134.89193901909863,35.636080680953],[134.89033094618202,35.63658984978986],[134.89443142361262,35.6381672694946],[134.89549723307448,35.63921870178632],[134.89698350694607,35.63733298672554],[134.89793267144262,35.63737069288868],[134.89839382595636,35.63930686367871],[134.89832682291814,35.64099468919943],[134.8989371744808,35.64156014601372],[134.89889594184177,35.64323467943382],[134.90082546658135,35.644145323965176],[134.90166124132094,35.64381681919076],[134.90027235243207,35.64291987366124],[134.89990424262317,35.64213943746341],[134.90056098090423,35.64153098477249]]]}},{"type":"Feature","id":"hydrolakes:174428","properties":{"Hylak_id":174428,"Lake_name":"","Country":"Japan","Continent":"Asia","Poly_src":"SWBD","Lake_type":1,"Grand_id":0,"Lake_area":6.94,"Shore_len":15.71,"Shore_dev":1.68,"Vol_total":75.2,"Vol_res":0.0,"Vol_src":3,"Depth_avg":10.8,"Dis_avg":1.526,"Res_time":570.4,"Elevation":-5,"Slope_100":4.16,"Wshd_area":38.6,"Pour_long":134.172393,"Pour_lat":35.506344,"source_id":"hydrolakes:174428","label":""},"geometry":{"type":"Polygon","coordinates":[[[134.16777235243205,35.5184142584269],[134.1671533203139,35.51724428229841],[134.1661935763903,35.51635506788881],[134.16445719401202,35.51580534458151],[134.1628385416683,35.5140582471422],[134.16250542534868,35.5125196186699],[134.16352511935906,35.509609869321025],[134.16560655382085,35.50784853034531],[134.16767496744944,35.50839052253275],[134.1702880859391,35.51015294657793],[134.17396131727565,35.51096484978973],[134.17443901909877,35.51035870287143],[134.17368245442867,35.50892885261095],[134.17443901909877,35.50811599996331],[134.17388346354306,35.506530984772326],[134.1736035156265,35.504191575050186],[134.17129828559177,35.502879590458235],[134.16977457682447,35.50294008307969],[134.16883382161603,35.50261035760229],[134.16740722656414,35.50121305942514],[134.1648708767376,35.501226351525986],[134.16444986979315,35.499020405345334],[134.16373969184178,35.49758214579663],[134.16027316623405,35.49763110955547],[134.1590329318592,35.498247564633516],[134.15696831597364,35.498207959598744],[134.15608723958468,35.49789898607446],[134.15514458550484,35.497936420970404],[134.152131618925,35.49586298889568],[134.14859510633835,35.497620937029296],[134.14804009331732,35.498220030996436],[134.1480639648451,35.49881980313177],[134.1460503472236,35.498740050527545],[134.14494656033122,35.498156011899084],[134.1436111111127,35.49820890903453],[134.14314236111255,35.49721593485913],[134.13993950738006,35.49593772305366],[134.1395833333347,35.495553472836605],[134.1377029079876,35.49629552470293],[134.1358493381092,35.49820823086617],[134.13244954427222,35.49944575256751],[134.13194986979312,35.50032248867859],[134.1356022135431,35.504657205475496],[134.13553792317867,35.50627477274986],[134.1346614583349,35.50624005052765],[134.13357693142518,35.50566618442525],[134.1314789496542,35.50565736823597],[134.13028320312645,35.50664288255899],[134.13143608941112,35.50882210890444],[134.13400254991456,35.51047928121335],[134.13533528645968,35.510012158817574],[134.13774576823056,35.51120939731578],[134.13805013020965,35.511480393409556],[134.1366555447064,35.513194260597004],[134.141661241321,35.51653098477249],[134.14338080512294,35.51737367682966],[134.14465332031392,35.517372863027674],[134.14742567274442,35.51851164340957],[134.14895562066124,35.51845101515437],[134.15055094401174,35.51735333177754],[134.15085991753614,35.517365538808804],[134.1523312717029,35.519852517975494],[134.15820041232791,35.521185932689036],[134.15979112413345,35.52183928012823],[134.16191840277918,35.5217549159791],[134.16652479383833,35.51999723911263],[134.16777235243205,35.5184142584269]],[[134.15629991319582,35.50635778056238],[134.15455322265763,35.5061404954061],[134.15406575520973,35.50553177144769],[134.1540456814252,35.5031929042604],[134.1523369683175,35.502472960683804],[134.15364122178983,35.50068761454679],[134.15486111111255,35.49999791728101],[134.15500515408144,35.50050166077068],[134.15579372830018,35.50113330682109],[134.15609564887302,35.50320768833137],[134.15692898220647,35.50528749518901],[134.15629991319582,35.50635778056238]]]}},{"type":"Feature","id":"hydrolakes:174436","properties":{"Hylak_id":174436,"Lake_name":"","Country":"Japan","Continent":"Asia","Poly_src":"SWBD","Lake_type":1,"Grand_id":0,"Lake_area":4.1,"Shore_len":11.64,"Shore_dev":1.62,"Vol_total":30.08,"Vol_res":0.0,"Vol_src":3,"Depth_avg":7.3,"Dis_avg":1.903,"Res_time":182.9,"Elevation":-2,"Slope_100":3.16,"Wshd_area":53.3,"Pour_long":133.885452,"Pour_lat":35.489106,"source_id":"hydrolakes:174436","label":""},"geometry":{"type":"Polygon","coordinates":[[[133.89697998047023,35.494020405345395],[133.89750488281408,35.49345386346164],[133.8985598415813,35.49349563863535],[133.89971679687636,35.492464280128274],[133.89724066840427,35.49123340447727],[133.8955636935778,35.48825434631755],[133.89497639974098,35.48578893290602],[133.8936056857653,35.485142095883475],[133.89306179470634,35.48398934523249],[133.89417209201525,35.482642095883534],[133.89444824218884,35.481769293149114],[133.89521592882113,35.481058030128224],[133.89790717231045,35.480307840241096],[133.8988888888902,35.479009147749764],[133.89993082682435,35.47905051602237],[133.90167697482798,35.47859288798418],[133.90168646918545,35.476997835900875],[133.90250054253607,35.47511320590951],[133.90365993923746,35.474565924008516],[133.90360324435915,35.4731314622029],[133.9029866536473,35.47196650452071],[133.90083821614718,35.46957555399979],[133.896681586373,35.469597119755065],[133.89610921224107,35.46929438538001],[133.89569986979313,35.469736279911274],[133.89444173177236,35.46929533481591],[133.8939569769982,35.46981847392169],[133.89357503255343,35.46861187669941],[133.8927435980916,35.469051872359216],[133.89191704644247,35.46901904900858],[133.8919514973972,35.46815533373075],[133.8930501302097,35.467045714590085],[133.89222601996676,35.4662820969686],[133.89208333333494,35.465831250614485],[133.89026177300485,35.46512283590084],[133.8902842881958,35.464556700918195],[133.88961425781406,35.463935905562266],[133.88789849175498,35.46347542921677],[133.8875054253486,35.464308762550104],[133.88556098090413,35.46597542921694],[133.88416124132107,35.46652040534531],[133.88193901909864,35.46846484978977],[133.88167209201532,35.46903098477242],[133.88026123047013,35.46958030117861],[133.88029893663332,35.47053068637831],[133.87689615885557,35.47183710998934],[133.8769506835951,35.4732086377673],[133.8777777777794,35.47317581441661],[133.8786094835085,35.47543113125681],[133.88163221571318,35.4753664339911],[133.88211724175483,35.47588984436436],[133.8846126302097,35.47686165968565],[133.88527235243197,35.478093620406014],[133.88332112630343,35.47885357591832],[133.88332600911616,35.479908263418224],[133.88166341145984,35.479842345449526],[133.8811043294284,35.48208043681234],[133.88140543619943,35.48323020352234],[133.8828043619805,35.48319887214228],[133.88361653645967,35.48485373867868],[133.88421712239716,35.48762080139568],[133.88340467665063,35.48837329705532],[133.88390489366458,35.489318256907836],[133.88387179904652,35.49015159024117],[133.88451768663327,35.490750006039775],[133.88682427300483,35.49065858893903],[133.88858751085212,35.49004050625672],[133.8888905164946,35.4909975375067],[133.88995930989734,35.49095521979842],[133.8952940538208,35.49181201775849],[133.8952709960953,35.49239212301018],[133.89586941189384,35.49352276537144],[133.89697998047023,35.494020405345395]]]}},{"type":"Feature","id":"hydrolakes:174472","properties":{"Hylak_id":174472,"Lake_name":"","Country":"Japan","Continent":"Asia","Poly_src":"SWBD","Lake_type":1,"Grand_id":0,"Lake_area":1.04,"Shore_len":4.73,"Shore_dev":1.31,"Vol_total":2.17,"Vol_res":0.0,"Vol_src":3,"Depth_avg":2.1,"Dis_avg":0.616,"Res_time":40.8,"Elevation":-5,"Slope_100":1.16,"Wshd_area":17.9,"Pour_long":132.688912,"Pour_lat":35.329925,"source_id":"hydrolakes:174472","label":""},"geometry":{"type":"Polygon","coordinates":[[[132.68532945421146,35.333177035119604],[132.68628078884694,35.33104514492857],[132.68814561632087,35.330621425310596],[132.6892476399754,35.33070999410393],[132.69032389323058,35.32946080790617],[132.6902490234387,35.32852859761965],[132.68792955186763,35.325724642541616],[132.68485758463675,35.324438563982596],[132.68299343533118,35.322842291196025],[132.682467447918,35.32109519375672],[132.68152777777908,35.31944236172552],[132.68010810004478,35.31993539015434],[132.67937540690235,35.31952659024108],[132.6786214192723,35.320634988678705],[132.68043226454125,35.32219504727232],[132.67898613823922,35.32394336541478],[132.67639919704988,35.32561789883482],[132.67725409613854,35.32682354662131],[132.67719563802217,35.32755081441644],[132.67628133138157,35.3291896761786],[132.67730455186762,35.33049609978974],[132.68010810004478,35.33187983459874],[132.68132256402038,35.33143387105707],[132.68425374349084,35.33326343377411],[132.68532945421146,35.333177035119604]]]}},{"type":"Feature","id":"hydrolakes:174495","properties":{"Hylak_id":174495,"Lake_name":"Kurokawa","Country":"Japan","Continent":"Asia","Poly_src":"GRanD","Lake_type":2,"Grand_id":5987,"Lake_area":1.02,"Shore_len":13.87,"Shore_dev":3.87,"Vol_total":33.4,"Vol_res":33.4,"Vol_src":2,"Depth_avg":32.7,"Dis_avg":0.046,"Res_time":8403.8,"Elevation":614,"Slope_100":14.18,"Wshd_area":1.4,"Pour_long":134.882292,"Pour_lat":35.239749,"source_id":"hydrolakes:174495","label":"Kurokawa"},"geometry":{"type":"Polygon","coordinates":[[[134.88698194400013,35.25483751110016],[134.8875363890001,35.2545322222],[134.88672333300002,35.25431861110002],[134.88668638900032,35.25383055559996],[134.88724083300008,35.25383055559996],[134.8859105560001,35.252701666700034],[134.88631694400004,35.25239666670012],[134.88546694400014,35.25224416670011],[134.88557777800003,35.25117611110011],[134.88483888900026,35.25145083330011],[134.8850605560001,35.25093194440001],[134.88428444400017,35.2483083333002],[134.88491277800017,35.2467522222002],[134.8857258330001,35.24592833330013],[134.8865755560002,35.24595888890002],[134.88676027800045,35.24641666670021],[134.88738861100012,35.24647777780001],[134.88749944400013,35.24696583330007],[134.8886077780001,35.24849138890016],[134.8891252780001,35.24855222219992],[134.8906402780001,35.2494980556001],[134.89089888900037,35.25007777780007],[134.8915272220002,35.24998638890003],[134.89163805600032,35.25074888890009],[134.892413889,35.250565833300016],[134.8938550000001,35.250718611133436],[134.89529611100005,35.250352533299974],[134.89252472200008,35.249650833299995],[134.89208138900005,35.249254166699984],[134.89160111100034,35.24919305560019],[134.8900861110002,35.24742333330022],[134.88993805600012,35.246843888900116],[134.88916222200015,35.24653861110011],[134.88945777800012,35.24605055560005],[134.88871861100012,35.24595888890002],[134.88838611100016,35.245257222199996],[134.88757333300003,35.244891111099946],[134.88687111100006,35.244891111099946],[134.88683416700013,35.243914722200145],[134.88749944400013,35.24379277780025],[134.8877950000002,35.24333579277777],[134.8885338890002,35.24336555560012],[134.88864472200044,35.2425419444001],[134.8877950000002,35.24251138893345],[134.88794277800037,35.24199277780002],[134.88735166700008,35.241687577800064],[134.88738861100012,35.24150444440005],[134.8884600000003,35.24126055564443],[134.88886666700006,35.2408027777999],[134.88956861100013,35.241077577799956],[134.88979027800008,35.240894444400055],[134.89067722200014,35.24116888890006],[134.8922291670002,35.24119944439997],[134.89182277800018,35.24028416670018],[134.89089888900037,35.239826388900156],[134.89248777800015,35.239612777800176],[134.892192222,35.23891111110015],[134.89270944400022,35.23885027780011],[134.89282027800016,35.238514444400096],[134.89322694400005,35.238514444400096],[134.8941136110002,35.23781277780006],[134.89367027800012,35.23747722220003],[134.89141638900009,35.238331388900065],[134.89097277800005,35.23820944440007],[134.8901227780001,35.23878916670009],[134.88949472200034,35.23857555559999],[134.88923611100017,35.239033333300085],[134.88809055600018,35.23900277780018],[134.8877211110002,35.23955194440026],[134.8870561110001,35.239460277800106],[134.88687111100006,35.239704444400104],[134.88602138900006,35.23973544440008],[134.8856886110001,35.239490833300124],[134.88524527800007,35.23955194440026],[134.88446916700008,35.23891111110015],[134.88365638900018,35.23878916670009],[134.88391500000034,35.23805694446662],[134.8838041670001,35.2376297222001],[134.8832869440002,35.23747722220003],[134.87959166700006,35.23878916670009],[134.87999805600003,35.23924666670007],[134.88044166700007,35.239277222200144],[134.88047861100011,35.2396738889002],[134.87859388900011,35.240497777800044],[134.87866805600015,35.241474166700186],[134.8783722220005,35.241748611100036],[134.87685722200013,35.241382544400096],[134.8764138890001,35.24214527780009],[134.87571194400005,35.24245027780012],[134.87534222200014,35.243060555600096],[134.87423361100008,35.24263333330015],[134.8744186110003,35.243274166700076],[134.87401194400024,35.2436708333002],[134.87504666700005,35.24357916670016],[134.87549000000007,35.24397583331671],[134.87534222200014,35.24437256670001],[134.87589666700006,35.24547083330003],[134.87567472200033,35.24605055560005],[134.87460333300015,35.24681333330011],[134.87622916700013,35.2467522222002],[134.876487778,35.24730138890004],[134.87622916700013,35.24791166670019],[134.87659861100002,35.24833861110022],[134.87663555600034,35.24775916670012],[134.87707888900047,35.24775916670012],[134.8769313890001,35.24730138890004],[134.8772269440003,35.24650805560003],[134.87748555600024,35.24638611110004],[134.87685722200013,35.246172511100156],[134.87715305600005,35.24498256670023],[134.87885277800018,35.24437256670001],[134.87907444400048,35.244891111099946],[134.87966555600008,35.243945277800094],[134.87951777800015,35.2436708333002],[134.8797394440001,35.24318253330006],[134.88036777800016,35.242938333300174],[134.88099583300016,35.24330472220015],[134.88092194400014,35.242267222200155],[134.88129166700008,35.24220611109996],[134.8812175000004,35.24174861111106],[134.882289167,35.2417791667001],[134.88280666700024,35.24101638889999],[134.8832869440002,35.24123638890012],[134.8833977780003,35.2417791667001],[134.88265861100024,35.243091111100114],[134.88428444400017,35.2425419444001],[134.8840997220002,35.243914722200145],[134.88384111100015,35.24415888890013],[134.88402583300018,35.24452588890023],[134.8837302780001,35.244982588900086],[134.88428444400017,35.24522666669998],[134.88350861100025,35.246203055600006],[134.88243694400012,35.24608111110018],[134.88313916700014,35.247057222200056],[134.88191972200008,35.24708777780023],[134.8828433330001,35.24794222220021],[134.8828433330001,35.24843027780014],[134.882178333,35.24855222219992],[134.88273250000015,35.248979444422105],[134.88258472200022,35.249345555600144],[134.8820674999999,35.2494066667561],[134.88254777800023,35.24968111110002],[134.88118055600017,35.25123722220013],[134.88188277800003,35.25135916670007],[134.88143916700034,35.25172527780012],[134.88180888900013,35.25178638890026],[134.88199361099998,35.252183055600085],[134.88173500000022,35.25270166675557],[134.88251083300003,35.252152555600105],[134.8828802780003,35.25068805560005],[134.88313916700014,35.25050505560017],[134.88365638900018,35.25111505560005],[134.88365638900018,35.25172527780012],[134.884062778,35.25178638890026],[134.8858366670001,35.254044166700055],[134.88576250000023,35.25456277786708],[134.88650166700006,35.2547763889001],[134.88701888900033,35.255508611100026],[134.88698194400013,35.25483751110016]]]}},{"type":"Feature","id":"hydrolakes:174514","properties":{"Hylak_id":174514,"Lake_name":"Yubarako","Country":"Japan","Continent":"Asia","Poly_src":"GRanD","Lake_type":2,"Grand_id":5992,"Lake_area":3.84,"Shore_len":42.78,"Shore_dev":6.16,"Vol_total":99.6,"Vol_res":99.6,"Vol_src":2,"Depth_avg":26.0,"Dis_avg":8.48,"Res_time":135.9,"Elevation":393,"Slope_100":13.79,"Wshd_area":260.4,"Pour_long":133.730208,"Pour_lat":35.211033,"source_id":"hydrolakes:174514","label":"Yubarako"},"geometry":{"type":"Polygon","coordinates":[[[133.74172383539627,35.24708258452813],[133.74172386913028,35.24483252824831],[133.74186275334205,35.245276979524874],[133.74339053967378,35.24561031830876],[133.74419609062136,35.24663812214254],[133.74475164447898,35.24663812208246],[133.74475165578804,35.24586032443682],[133.74572387483124,35.246415896966084],[133.74627943893557,35.24641589650355],[133.74655722918658,35.24586032484973],[133.746279453464,35.245415874878404],[133.74669612524724,35.24552698767843],[133.74655724265284,35.24494364472099],[133.7448905802434,35.24405472064575],[133.74461279538184,35.24416583478575],[133.74269614383377,35.24302690020198],[133.74269615787472,35.24236020513564],[133.74133504778223,35.241665739516804],[133.73994616691215,35.24030458131148],[133.73980728318645,35.23986011546981],[133.73650170066776,35.238387850736785],[133.73677949585317,35.23761004285717],[133.7374739467918,35.23761004047407],[133.73775173808434,35.23713780329513],[133.73914065802666,35.236693342179365],[133.73872398431223,35.23647110620698],[133.73969623594382,35.23580442164973],[133.74064070521808,35.23444326391649],[133.7402518118725,35.23388768897348],[133.74050182051013,35.23355434674244],[133.73983514654685,35.233443238001655],[133.73955736296233,35.23308211884057],[133.7385851208495,35.23308212593656],[133.73652951639644,35.23183210672147],[133.73597394326458,35.23083208467733],[133.7363906257911,35.23024872468517],[133.73583506007458,35.230248730837786],[133.73531571747714,35.22882841337554],[133.73736287788506,35.22655416074383],[133.73708509996897,35.22641526870956],[133.73597394740972,35.22710974492213],[133.73586283344883,35.22766532625843],[133.73530726615303,35.22777644707753],[133.73530726515168,35.22810978969983],[133.7348905820466,35.22822090828117],[133.73336277320834,35.22733199704322],[133.73252942593012,35.22744311143856],[133.73214052892905,35.22708198834704],[133.73116828913453,35.226970864923885],[133.7303349428958,35.225970829889945],[133.73089050482082,35.22563748708012],[133.73005715714044,35.225609707320416],[133.729668259137,35.224720786308296],[133.72827933808549,35.22369298334979],[133.72677930464738,35.22358187274716],[133.726223731505,35.223026295683155],[133.72594595562845,35.223359637565636],[133.7249737031056,35.223026298608545],[133.7238903499483,35.22347075636134],[133.72250143658272,35.225387491219294],[133.7219458759422,35.22524859539908],[133.72194587894523,35.22594306728615],[133.7212514188422,35.22616529142499],[133.72083475563124,35.2268319809927],[133.72030696713108,35.226831978574296],[133.72044586258232,35.227415327633935],[133.71877916946454,35.227748660310965],[133.71864028271295,35.228304236353324],[133.71808472819623,35.228526458600356],[133.7182236213813,35.22919314471858],[133.7172513926658,35.22941536468369],[133.7170013958622,35.2297764814856],[133.71644583626085,35.22963758565277],[133.71436249527892,35.230776489092136],[133.71436252530788,35.23213762838043],[133.7138346911956,35.22952645971401],[133.7142513443053,35.22897088998366],[133.7134179978603,35.2287486612405],[133.71258461118526,35.225359667056296],[133.71314016548627,35.224915215821056],[133.71425129325712,35.224804107284285],[133.7143901911253,35.225359675168306],[133.71547353720973,35.225137453169964],[133.71508464849353,35.22491522415049],[133.71533464951762,35.22458188475218],[133.71589020812013,35.22447076383202],[133.71602909114995,35.22333184885622],[133.71644576651244,35.22310961338968],[133.71630687108564,35.22277627241738],[133.71769577842713,35.22163735226309],[133.71811244115605,35.220859549428724],[133.71852911858184,35.220748437360214],[133.71908468329502,35.21972062829832],[133.71947357200503,35.21983175222442],[133.72030692553562,35.21938729579074],[133.71908467853189,35.219053953255866],[133.71894577928452,35.21813726157893],[133.72005690773426,35.21769281652473],[133.7196402277748,35.21747057952501],[133.7196402222661,35.21669279177712],[133.72127913575548,35.21577610845242],[133.72266804880093,35.215331662673236],[133.72322361363985,35.2156649986307],[133.72333475205505,35.21735947529095],[133.72389031786457,35.217692820889795],[133.72361252702848,35.217248362095916],[133.72402919561694,35.21613722721065],[133.72622368462288,35.21624833360005],[133.72636258112794,35.21658168020309],[133.72677925782062,35.2163594442996],[133.7269181454451,35.215914995138064],[133.7278903823438,35.21558165607536],[133.7284459554083,35.21569276734738],[133.72816815906867,35.214887191904836],[133.72886261070232,35.21466496606098],[133.72925151040437,35.214776077549686],[133.72927928641923,35.21444274102464],[133.728723710363,35.214109395909475],[133.72900148556323,35.21333161011006],[133.7285848024726,35.21219269881283],[133.72914036020978,35.211970464028525],[133.72955704072695,35.212192697713476],[133.72980703925634,35.211748239087456],[133.73050149872302,35.212192696994066],[133.73064040604783,35.21322048625808],[133.73105707963595,35.21288714940022],[133.73147375772487,35.213553831240006],[133.7311959888744,35.213998279884834],[133.73175155522648,35.21433162465394],[133.7320015796517,35.21558164671342],[133.73227936232064,35.21535941220253],[133.7324182279316,35.21366494165494],[133.7332515803019,35.21399827643552],[133.73325157456503,35.213664940435024],[133.73366824927973,35.213442716029704],[133.7332515672415,35.21322048299521],[133.73352933972762,35.21244269939268],[133.73380711887467,35.212081582585995],[133.7350571424705,35.21208158167474],[133.73547379422683,35.211081561387346],[133.73505712235232,35.210748216076865],[133.73491821885466,35.20994265035779],[133.7339459740415,35.20916485256231],[133.73355706736726,35.20813704918072],[133.7317514845443,35.20813704194654],[133.73147370567915,35.208692614705],[133.73230707161343,35.210387097237344],[133.72872367131163,35.20983152762983],[133.72816811332768,35.210053753440036],[133.72775143635778,35.20983152630089],[133.72775143560256,35.20913705557416],[133.7273625399913,35.20869260136169],[133.72680698272143,35.208692599427025],[133.72722364803593,35.209248167272335],[133.72666808948685,35.21016486431648],[133.72719587777584,35.21060931844187],[133.72625141123655,35.2110537819882],[133.72569585169236,35.211053781767816],[133.72597363094923,35.21197046603504],[133.7256958582027,35.21219270075454],[133.7259736384409,35.21263714951215],[133.72569586556068,35.2128593745511],[133.72444583670335,35.212414926474594],[133.72375137489627,35.21252603941332],[133.7237791462485,35.21160934949529],[133.72444583268947,35.21038708933992],[133.72391804546777,35.210164860640134],[133.72336247309988,35.21072042958207],[133.7230846937826,35.21160935002723],[133.7218346824393,35.2101370754512],[133.7219735527283,35.2114982360178],[133.7226680268439,35.212859377844325],[133.72239024362494,35.21308161300891],[133.72114022144393,35.21308160745309],[133.72089021525818,35.212859371351385],[133.72072354511948,35.21319271774598],[133.71825128554525,35.213748268672134],[133.71758460942573,35.21308159074238],[133.7176957338272,35.21499829483747],[133.71689016124049,35.21533163896913],[133.71647348643808,35.21588719956452],[133.71605681743347,35.21566497265292],[133.71536235574996,35.21588719485817],[133.714806794376,35.21566496714547],[133.7145567807343,35.21397047702118],[133.71386232020797,35.214303821226],[133.71414010717865,35.21474827307867],[133.71386232734375,35.21588718808948],[133.71289008776876,35.215526065521374],[133.70986225251227,35.21597050208095],[133.70916779832845,35.21519270907976],[133.70877890038986,35.214053789624586],[133.70794555794606,35.21394267176095],[133.70889001532692,35.216331624370696],[133.70819556197273,35.21744275560229],[133.70655663728706,35.217442744455525],[133.70613996051776,35.21688716817226],[133.7058621720352,35.21755385217676],[133.70408435975992,35.21822051528898],[133.7032510019472,35.2181093967007],[133.70200098103595,35.21744271275088],[133.70188987985546,35.21641490839227],[133.70147320679564,35.21597044513737],[133.70161210502664,35.21549821493886],[133.70119544042143,35.21527598705734],[133.70105656288598,35.214053738029406],[133.70063988808522,35.21394262298469],[133.70025100478904,35.21302592940833],[133.69927877130755,35.213025922899305],[133.6978898551601,35.21347036371242],[133.69733428299463,35.21424815790556],[133.69705648633527,35.215609295179036],[133.69541764644288,35.2158315100973],[133.69513988104023,35.215387047203706],[133.6951398890834,35.21469259247948],[133.69555655684576,35.21391480056417],[133.69527878993614,35.213470337959336],[133.69363994060842,35.21358144228816],[133.6948621280182,35.21369256792883],[133.69513989686385,35.21402590809362],[133.6945843529566,35.214914810577795],[133.69486209998337,35.21627595251812],[133.69611204498062,35.21708154613151],[133.69788978891017,35.21719267858418],[133.69913983263075,35.21605377105931],[133.69980650987605,35.216414893740364],[133.69994538484332,35.21763714267195],[133.69966759363194,35.217998258887405],[133.69897312486285,35.21822047928089],[133.69897311981072,35.21855382685004],[133.69994537188614,35.218553833789144],[133.70063981737565,35.219359407090735],[133.69938978558258,35.21944274019728],[133.70036202732456,35.219914978210795],[133.70022315191966,35.220359428506185],[133.70077870830676,35.219581643067386],[133.70175095480988,35.21935941474379],[133.7035287753123,35.219692775460715],[133.70408435235572,35.21924831903107],[133.7051677086797,35.21924832683709],[133.70669552859874,35.22002613666126],[133.70750110134685,35.22016503667231],[133.71094562150682,35.21847056610534],[133.7123345402087,35.218692806910724],[133.7128900999317,35.21835946159115],[133.7133067793792,35.21858169822309],[133.71397345128509,35.21824835343642],[133.71439013144732,35.21869281566137],[133.71439013579328,35.21949838399934],[133.71494570834415,35.21972061149506],[133.71522348967932,35.22038730260181],[133.7141123539061,35.220053957661946],[133.7139734656185,35.22049841081986],[133.71233455728822,35.22094286844015],[133.71164010438025,35.22185955374721],[133.71066787135658,35.22230401358513],[133.7094456478772,35.223665158968174],[133.70875119312598,35.22399849265793],[133.70736228695785,35.22410959262925],[133.70750117175078,35.223748473630906],[133.7069456115475,35.22363735487568],[133.70475108294585,35.221942847130606],[133.7038066281877,35.222053952187025],[133.7033899678279,35.22260951423772],[133.70283440842064,35.222609509324116],[133.70213997805996,35.223526197860224],[133.70158441580497,35.223415079976746],[133.7013066440499,35.2237484161779],[133.7022789057881,35.224554006886365],[133.7020011656764,35.22577625703087],[133.70241784686402,35.225998487281345],[133.70255676130574,35.226692957887735],[133.7037790083753,35.227359649305924],[133.7039179089814,35.22769300025914],[133.7029457199083,35.2287207857471],[133.7014457524155,35.22972079407219],[133.70019575951568,35.229943016961386],[133.69950132623956,35.23041524243155],[133.69883465309402,35.23005411554681],[133.6984179962629,35.23041523131775],[133.69800130885847,35.22994299414785],[133.69661248418777,35.23108189927552],[133.6959180706079,35.23119300294837],[133.6955014464134,35.232081912485285],[133.69497369079522,35.232304131896285],[133.6945571164859,35.234331965604554],[133.69469601906331,35.23480420111537],[133.69414047963062,35.2349153076774],[133.69275161569396,35.23444305671728],[133.6904183718163,35.234887481398175],[133.69014063093857,35.23580417598663],[133.6911128030152,35.23524861080699],[133.69233502713166,35.23613754202586],[133.69316833597918,35.23624866525171],[133.69400162964723,35.235915334973015],[133.69508494506726,35.23613757426591],[133.6970293231028,35.23602648389402],[133.69755710632631,35.236387609241774],[133.69880710496903,35.2364987298115],[133.6990848940681,35.2368320775974],[133.6993626559995,35.23660984560047],[133.6992237514266,35.23616539373927],[133.69758483629874,35.235026461061125],[133.69758481561718,35.23447088564774],[133.698140330841,35.23355420487354],[133.6997792010692,35.233109756504575],[133.70089030919024,35.23310976562391],[133.7007514118896,35.232887538589466],[133.7014458413591,35.2323319805397],[133.70197361065317,35.23233198524389],[133.7028069119276,35.23119307459331],[133.70308469885168,35.23141530295965],[133.70294583553135,35.23222087130455],[133.70322360516536,35.23222087362018],[133.703501417981,35.233220900374306],[133.70364027861643,35.232331999997484],[133.70391805799358,35.232332002781845],[133.70364027137458,35.23210976493226],[133.70377911679827,35.23074862374483],[133.70486242159302,35.22997083618753],[133.7056957929846,35.23097086736908],[133.70569575143378,35.22963750755599],[133.70625130878932,35.22985973803554],[133.70611237996474,35.22860970857545],[133.7091401666113,35.22872085512796],[133.7092790473323,35.228387519849605],[133.71025126775174,35.22816530384449],[133.71066797766724,35.22941533100504],[133.71147355567211,35.230082018780934],[133.71244579445852,35.2299709017276],[133.71272357640913,35.230332031023124],[133.71216802830725,35.23066536453683],[133.71175137680774,35.23155427074573],[133.71025138107092,35.232248716372965],[133.71064028050284,35.2324709430257],[133.7105013987889,35.232804288735906],[133.7107791840673,35.23291540275778],[133.71077917482745,35.23258206627389],[133.71175139467334,35.23224872498048],[133.71272365025976,35.23335986428265],[133.71394590022487,35.23383211210438],[133.71519594141841,35.23541548460577],[133.71505702428124,35.23416545652594],[133.71589035315014,35.23383212446436],[133.7164181231372,35.23313766285935],[133.71630698685982,35.231804302612716],[133.71752922239483,35.23202653452597],[133.71766811912948,35.23235987320999],[133.7180847854372,35.23191542568759],[133.72014036406154,35.232582123240604],[133.71808477794622,35.23147096542465],[133.71669587631806,35.23158207982857],[133.71616808588556,35.23133207129774],[133.716584750003,35.230776501393734],[133.71752919834432,35.23066539434649],[133.71780698503488,35.230887620676185],[133.71877921041488,35.230554288358746],[133.72014034096594,35.23091541434593],[133.7200292260178,35.23066540791348],[133.71905698839316,35.2302209420738],[133.71947364463705,35.22966538176047],[133.71933474934553,35.22874868962202],[133.71975141174624,35.22852646650375],[133.72222366770126,35.22863759099096],[133.72305702115983,35.22841536607257],[133.7225014478924,35.22819314121301],[133.72358480598865,35.22730422220599],[133.72386258170025,35.22741533572281],[133.72358480465948,35.22697087136942],[133.7238625773188,35.2259430672064],[133.72539038726893,35.22505414560288],[133.72800155362097,35.22549859642578],[133.72800155363694,35.22583194796886],[133.7285571255279,35.225720823479605],[133.73019604960683,35.22708199003398],[133.72977937095527,35.22730421823957],[133.7308905033346,35.22741533156733],[133.7314460743338,35.22833203256846],[133.7323905324306,35.22822090956299],[133.7326683188013,35.22855425775873],[133.73322387934275,35.22844314523354],[133.73391834310195,35.22877648363459],[133.73447390579383,35.230137628174134],[133.73447390633686,35.23072097329646],[133.73486280340677,35.23058208940637],[133.7348628051978,35.23241546655288],[133.73461280089975,35.23241546648836],[133.73444614029904,35.233971056549194],[133.73514059248782,35.23385994198702],[133.7361128322483,35.2348877433663],[133.73775175476914,35.234776620728894],[133.73705729614045,35.236471112136485],[133.73555724951223,35.2381656257669],[133.73555724379122,35.23861008085731],[133.73514056538488,35.23883231921451],[133.73691835227174,35.24008235867473],[133.73830726200157,35.23997123187951],[133.7385850364983,35.240526811498626],[133.73939059613082,35.240526810108804],[133.73925169653342,35.24099904766456],[133.73952946792036,35.24166574151326],[133.73980725120265,35.24166574109341],[133.74147390028827,35.24313801442838],[133.74008499164495,35.2440269370947],[133.7402238413867,35.245971436695015],[133.74075162397912,35.24605477888741],[133.74089050448356,35.24674923617124],[133.7405016083519,35.24697146218131],[133.73719605115178,35.245832552607055],[133.73525158344285,35.24605477847848],[133.73444602211106,35.24661034120692],[133.738279376709,35.246638124613014],[133.7413071572845,35.248110380342496],[133.7422793891747,35.24777704074859],[133.74241828568074,35.24741592221511],[133.74172383539627,35.24708258452813]]]}},{"type":"Feature","id":"hydrolakes:174550","properties":{"Hylak_id":174550,"Lake_name":"Kijimako","Country":"Japan","Continent":"Asia","Poly_src":"GRanD","Lake_type":2,"Grand_id":5999,"Lake_area":1.14,"Shore_len":22.11,"Shore_dev":5.84,"Vol_total":23.5,"Vol_res":23.5,"Vol_src":2,"Depth_avg":20.6,"Dis_avg":4.377,"Res_time":62.1,"Elevation":360,"Slope_100":9.19,"Wshd_area":139.7,"Pour_long":132.725585,"Pour_lat":35.084564,"source_id":"hydrolakes:174550","label":"Kijimako"},"geometry":{"type":"Polygon","coordinates":[[[132.72617083194427,35.08511469707315],[132.72561531486548,35.08283706229497],[132.7267264618248,35.08172597133836],[132.72836538315363,35.08125373162045],[132.72947647867193,35.08239253236769],[132.7308376084523,35.082614704376795],[132.7346710161649,35.08147576923744],[132.73578213317393,35.08192016441404],[132.7365876775214,35.082836765583295],[132.73769880845487,35.082808954834434],[132.73769885897156,35.08147567866462],[132.73878228568617,35.0796701810508],[132.74072676629703,35.07989232938377],[132.74072674602183,35.08033675925827],[132.7398933460314,35.081475612628935],[132.74072668377806,35.08169780734988],[132.7459212569354,35.081447662003484],[132.74592128348922,35.08100323015833],[132.74428238064905,35.08055885907049],[132.74344899561208,35.081225516047255],[132.7409766991605,35.081475579976484],[132.74072671536618,35.0810033889357],[132.7412545925609,35.079197903869044],[132.74072681840346,35.078753491103555],[132.7390601016055,35.07897575466785],[132.7376989188217,35.07989242460957],[132.73686548504452,35.0819201321728],[132.73630992385102,35.08192014877551],[132.73550439846332,35.08033692174803],[132.73383770864223,35.08036473810182],[132.7335876857333,35.081031381105106],[132.73139318338275,35.081920285184424],[132.72947649604913,35.081698128506105],[132.72753205778133,35.08058712930722],[132.72505978152486,35.08172601634982],[132.7245042235587,35.08128161512548],[132.72450423298136,35.080809420310004],[132.72533760671087,35.0796983466484],[132.72478204770158,35.079253935710256],[132.72342090943545,35.07969839957627],[132.72230976977653,35.08058726975372],[132.720670925687,35.07811517962136],[132.71958760315601,35.07767075823796],[132.7223098606181,35.07494860457308],[132.72314320693704,35.07472636276697],[132.72339322945754,35.07358751103891],[132.7247821646008,35.07247639344996],[132.7253099476049,35.07292081713024],[132.7261432661544,35.07450407589613],[132.7275043972216,35.07472625486298],[132.7283377656767,35.07403181861838],[132.7269766160162,35.074254063988974],[132.72642106357108,35.073809652016905],[132.72614329010287,35.073143010788215],[132.72614332206552,35.07133752025726],[132.72669890173762,35.07089307304301],[132.72861560706434,35.070643041575465],[132.72833784928702,35.068615341895395],[132.729421205841,35.06636541244433],[132.73078234294076,35.06614318345652],[132.7321712603968,35.0668098051284],[132.73436574413608,35.066587564817894],[132.73464352875254,35.06589314542771],[132.7343657424649,35.065226511728554],[132.73325461043368,35.06430990761419],[132.73217126026339,35.06386548825657],[132.73106013082474,35.06228223593939],[132.73158792028835,35.06183781247756],[132.73353239377258,35.06206001233642],[132.73600469202393,35.061365554442034],[132.73681028521605,35.0604766734711],[132.736004664466,35.05889343104502],[132.73625466583172,35.057754577550554],[132.73433791110455,35.05642133774239],[132.7343379009776,35.05550470255582],[132.73514345925008,35.054838068452284],[132.73653242755984,35.054588031584444],[132.73733803712418,35.05483799485717],[132.7378936130487,35.054143552905714],[132.73761581833696,35.05256026258206],[132.73761581218076,35.053699139539845],[132.7368102219143,35.054393579702264],[132.7343378912537,35.054615846064394],[132.73406011673853,35.055282487735326],[132.73406013099031,35.056643547131614],[132.7357268693671,35.05889344020045],[132.73572688467374,35.06025449685404],[132.7351713126198,35.0609211584694],[132.73269904910308,35.061615587452195],[132.73186569111493,35.060948953413515],[132.73133790163325,35.059143449556245],[132.73078233440532,35.05914344840562],[132.731060124188,35.06025452629575],[132.73022677671906,35.06139338610194],[132.72942121335075,35.06161560209989],[132.72942121193125,35.0625322353697],[132.73106012957567,35.06430992882673],[132.7307823437573,35.06500434184426],[132.72997676884813,35.064782139683246],[132.72639338079858,35.06186560695306],[132.72447667889327,35.06164340335499],[132.7285878626651,35.06478215431423],[132.7283100748581,35.06592100408693],[132.72642113789578,35.06883759821653],[132.7247544221765,35.07019869590437],[132.72311548251724,35.07111536178036],[132.7220321404999,35.07089316540282],[132.72203212027745,35.072254235251876],[132.7206710043049,35.07247645697015],[132.7190043365489,35.072032040251656],[132.71597656716102,35.07044877719221],[132.71517101217808,35.07067099551557],[132.71461544581092,35.071115425229095],[132.71653211871575,35.071337636604085],[132.7198376576742,35.073587548837054],[132.72067096971756,35.07494861351262],[132.7198376240753,35.076087474147755],[132.7190042813911,35.07630969206838],[132.71819873974874,35.07564304632206],[132.71900427856696,35.07653190530601],[132.71819869787345,35.07880960909904],[132.7198375777944,35.07925401707587],[132.72039311144204,35.08014285786271],[132.72011532028938,35.080837274540784],[132.71847642259968,35.08150391522281],[132.71903197385518,35.08194833826616],[132.7206708674259,35.0815038952731],[132.7212264084124,35.081948316849605],[132.7209485884115,35.08489260608309],[132.72369857797094,35.085781395436754],[132.72369856010482,35.08669801619226],[132.72480967759174,35.086697988090236],[132.72617083194427,35.08511469707315]],[[132.72178194325903,35.08330934912931],[132.72342087973982,35.08128164454877],[132.7242542159704,35.081503829950805],[132.72453194588718,35.084198128678],[132.72342081648003,35.084670352463945],[132.72261525365752,35.08442038698507],[132.7220597109715,35.08397597030307],[132.72178194325903,35.08330934912931]]]}},{"type":"Feature","id":"hydrolakes:1369362","properties":{"Hylak_id":1369362,"Lake_name":"","Country":"South Korea","Continent":"Asia","Poly_src":"SWBD","Lake_type":1,"Grand_id":0,"Lake_area":0.12,"Shore_len":2.0,"Shore_dev":1.61,"Vol_total":0.69,"Vol_res":0.0,"Vol_src":3,"Depth_avg":5.6,"Dis_avg":0.124,"Res_time":64.0,"Elevation":1,"Slope_100":7.7,"Wshd_area":5.8,"Pour_long":130.913458,"Pour_lat":37.498625,"source_id":"hydrolakes:1369362","label":""},"geometry":{"type":"Polygon","coordinates":[[[130.91286194642504,37.49306104236183],[130.91236111111226,37.49194236172565],[130.9110347731921,37.49286009205707],[130.91115136146658,37.49400391737623],[130.9101946593998,37.49521274937524],[130.91148411605212,37.49600810554301],[130.91130394856253,37.49777569505903],[130.91223506954094,37.498179514540595],[130.91338876883304,37.49956840339638],[130.91441596561134,37.49906361639495],[130.91346701383708,37.49774506105331],[130.91265704499472,37.495071292983084],[130.91286194642504,37.49306104236183]]]}},{"type":"Feature","id":"hydrolakes:1371340","properties":{"Hylak_id":1371340,"Lake_name":"","Country":"Japan","Continent":"Asia","Poly_src":"SWBD","Lake_type":1,"Grand_id":0,"Lake_area":0.21,"Shore_len":2.78,"Shore_dev":1.71,"Vol_total":1.52,"Vol_res":0.0,"Vol_src":3,"Depth_avg":7.2,"Dis_avg":0.3,"Res_time":58.6,"Elevation":0,"Slope_100":10.94,"Wshd_area":7.5,"Pour_long":134.822883,"Pour_lat":35.618898,"source_id":"hydrolakes:1371340","label":""},"geometry":{"type":"Polygon","coordinates":[[[134.82511230468896,35.61765986389565],[134.8284562174494,35.61734560065781],[134.82791666666816,35.616109028392145],[134.8242575412341,35.61654183546699],[134.82090955946342,35.61917475647385],[134.82052435981046,35.61990256680366],[134.82091796875142,35.62237326992863],[134.82238525390773,35.62395679314915],[134.82355523003633,35.62457596090087],[134.82369493272716,35.623966423140416],[134.8229437934043,35.621823817888696],[134.8233403862863,35.6206923617255],[134.82300591363003,35.619738178782825],[134.82472764757108,35.6184754292168],[134.82511230468896,35.61765986389565]]]}},{"type":"Feature","id":"hydrolakes:1371377","properties":{"Hylak_id":1371377,"Lake_name":"","Country":"Japan","Continent":"Asia","Poly_src":"SWBD","Lake_type":1,"Grand_id":0,"Lake_area":0.25,"Shore_len":3.08,"Shore_dev":1.74,"Vol_total":1.46,"Vol_res":0.0,"Vol_src":3,"Depth_avg":5.9,"Dis_avg":50.648,"Res_time":0.3,"Elevation":0,"Slope_100":6.81,"Wshd_area":1270.6,"Pour_long":134.801807,"Pour_lat":35.592099,"source_id":"hydrolakes:1371377","label":""},"geometry":{"type":"Polygon","coordinates":[[[134.80160508897717,35.58158713711617],[134.80097222222378,35.58055347283664],[134.80009358724095,35.5808316575156],[134.79946072048762,35.58385574605711],[134.80026014540073,35.586136019494575],[134.80066623264037,35.59290929423423],[134.80359944661603,35.59195823086611],[134.80366780599115,35.5902333773505],[134.80142550998409,35.58764792813179],[134.80203531901202,35.58473370287135],[134.80160508897717,35.58158713711617]]]}},{"type":"Feature","id":"hydrolakes:1371450","properties":{"Hylak_id":1371450,"Lake_name":"","Country":"Japan","Continent":"Asia","Poly_src":"SWBD","Lake_type":1,"Grand_id":0,"Lake_area":0.15,"Shore_len":2.35,"Shore_dev":1.73,"Vol_total":0.81,"Vol_res":0.0,"Vol_src":3,"Depth_avg":5.5,"Dis_avg":0.013,"Res_time":723.9,"Elevation":20,"Slope_100":7.03,"Wshd_area":0.3,"Pour_long":134.24038,"Pour_lat":35.536721,"source_id":"hydrolakes:1371450","label":""},"geometry":{"type":"Polygon","coordinates":[[[134.24134006076525,35.53642600430362],[134.2407774522585,35.535941113895774],[134.23842258029674,35.53594382656928],[134.2394276258695,35.53414234002412],[134.23902777777948,35.53305347283663],[134.23806586371677,35.53348044766318],[134.23521131727603,35.53391542487651],[134.2341712782134,35.53317798455544],[134.23300211588696,35.533497944407884],[134.23307101779665,35.53435799757625],[134.2346025933175,35.534327344364385],[134.23857286241469,35.53692527188173],[134.23982720269248,35.53818205356583],[134.24134006076525,35.53642600430362]]]}},{"type":"Feature","id":"hydrolakes:1371463","properties":{"Hylak_id":1371463,"Lake_name":"","Country":"Japan","Continent":"Asia","Poly_src":"SWBD","Lake_type":1,"Grand_id":0,"Lake_area":0.15,"Shore_len":2.3,"Shore_dev":1.7,"Vol_total":0.18,"Vol_res":0.0,"Vol_src":3,"Depth_avg":1.2,"Dis_avg":0.098,"Res_time":21.4,"Elevation":0,"Slope_100":0.32,"Wshd_area":2.6,"Pour_long":133.226677,"Pour_lat":35.52379,"source_id":"hydrolakes:1371463","label":""},"geometry":{"type":"Polygon","coordinates":[[[133.2265508355049,35.525283019277765],[133.22693739149435,35.524850347836605],[133.22724772135564,35.52486879401721],[133.22724609375138,35.52321040100503],[133.226805555557,35.5224979172811],[133.22616563585234,35.52269553555374],[133.22607259114727,35.524254780345245],[133.22640245225824,35.52486174106582],[133.2255550130222,35.52561871263697],[133.22471435547038,35.52707338386091],[133.2238967556437,35.52974848694248],[133.2242740885431,35.53151782830554],[133.22493408203258,35.53113832526719],[133.22584852430703,35.52952333503276],[133.22680853949788,35.52866545200334],[133.22721435547004,35.52735116163865],[133.22776936849107,35.52685542053632],[133.2265508355049,35.525283019277765]]]}},{"type":"Feature","id":"hydrolakes:1371474","properties":{"Hylak_id":1371474,"Lake_name":"","Country":"Japan","Continent":"Asia","Poly_src":"SWBD","Lake_type":1,"Grand_id":0,"Lake_area":0.18,"Shore_len":3.69,"Shore_dev":2.48,"Vol_total":0.3,"Vol_res":0.0,"Vol_src":3,"Depth_avg":1.7,"Dis_avg":0.078,"Res_time":43.8,"Elevation":0,"Slope_100":0.55,"Wshd_area":2.1,"Pour_long":133.229777,"Pour_lat":35.518671,"source_id":"hydrolakes:1371474","label":""},"geometry":{"type":"Polygon","coordinates":[[[133.2279885525188,35.52095983134353],[133.22833821614734,35.51979785760227],[133.2290752495673,35.520653163591874],[133.22997992621657,35.518625440067524],[133.22936794704998,35.51752870612654],[133.2299229600709,35.51601720439061],[133.23055501302213,35.515472770796634],[133.23089436849097,35.5139789014392],[133.23223253038344,35.512091558774216],[133.23267306857804,35.51062820699457],[133.23502468533138,35.51081714471161],[133.23582302517502,35.50962817986783],[133.2343055555569,35.50860902839213],[133.2336008029527,35.5087376091214],[133.23320719401175,35.5100447109009],[133.23271131727574,35.510404275788005],[133.2322189670154,35.5098328510918],[133.23192681206734,35.51048741923421],[133.23127902560907,35.511045551829625],[133.2300526258694,35.51427729553626],[133.22878662109503,35.51617562452947],[133.22747477213676,35.51940723260242],[133.22755940755343,35.52046083503285],[133.2279885525188,35.52095983134353]]]}},{"type":"Feature","id":"hydrolakes:1371477","properties":{"Hylak_id":1371477,"Lake_name":"","Country":"Japan","Continent":"Asia","Poly_src":"SWBD","Lake_type":1,"Grand_id":0,"Lake_area":0.22,"Shore_len":2.26,"Shore_dev":1.36,"Vol_total":1.33,"Vol_res":0.0,"Vol_src":3,"Depth_avg":6.0,"Dis_avg":0.106,"Res_time":144.8,"Elevation":-5,"Slope_100":7.4,"Wshd_area":2.8,"Pour_long":134.093961,"Pour_lat":35.518442,"source_id":"hydrolakes:1371477","label":""},"geometry":{"type":"Polygon","coordinates":[[[134.09610080295295,35.51770340230706],[134.09576090494926,35.5161334424547],[134.09398952908128,35.51487747457276],[134.09338487413345,35.516232590675145],[134.09174669053954,35.51561911953797],[134.09097222222374,35.514720139503254],[134.09043619791817,35.5148815435831],[134.08998263889043,35.51569453186437],[134.09146158854304,35.51742155551892],[134.09206732856057,35.51877884176025],[134.09352891710216,35.52047548347025],[134.09444607205012,35.52098722934704],[134.09693413628617,35.5192565435832],[134.09553141276177,35.51819398932963],[134.09610080295295,35.51770340230706]]]}},{"type":"Feature","id":"hydrolakes:1371500","properties":{"Hylak_id":1371500,"Lake_name":"Kakiharatameike","Country":"Japan","Continent":"Asia","Poly_src":"GRanD","Lake_type":2,"Grand_id":5979,"Lake_area":0.11,"Shore_len":2.46,"Shore_dev":2.09,"Vol_total":1.3,"Vol_res":1.3,"Vol_src":2,"Depth_avg":11.8,"Dis_avg":0.059,"Res_time":255.0,"Elevation":23,"Slope_100":3.48,"Wshd_area":1.6,"Pour_long":133.002573,"Pour_lat":35.50128,"source_id":"hydrolakes:1371500","label":"Kakiharatameike"},"geometry":{"type":"Polygon","coordinates":[[[133.00264052345636,35.502278404297044],[133.0034738429673,35.50116727526381],[133.00316829960417,35.500472808935285],[133.0040016171614,35.499806139393115],[133.0034738480984,35.49891722773424],[133.0040016199025,35.4984450006811],[133.005112710378,35.498445006830366],[133.0048349463206,35.497778321260796],[133.00427939627116,35.49777831816624],[133.00400162303873,35.4968894078703],[133.00486271867646,35.49597272341765],[133.00455717558742,35.49530604764635],[133.0040294048116,35.495750494008234],[133.00347385635075,35.49530604146696],[133.00236276701077,35.4955282598346],[133.0018072226341,35.497111620252156],[133.00291831235938,35.49711162648322],[133.00291830893758,35.49844499468452],[133.00208499017714,35.49958390421324],[133.00264052953565,35.50002835666277],[133.00208498752306,35.50047280305665],[133.0023627496908,35.50161171869195],[133.00180720716963,35.502056175140865],[133.0012516559117,35.50205617217307],[133.00152942927406,35.5027506284016],[133.00264052345636,35.502278404297044]]]}},{"type":"Feature","id":"hydrolakes:1371601","properties":{"Hylak_id":1371601,"Lake_name":"","Country":"Japan","Continent":"Asia","Poly_src":"SWBD","Lake_type":1,"Grand_id":0,"Lake_area":0.12,"Shore_len":1.93,"Shore_dev":1.58,"Vol_total":0.67,"Vol_res":0.0,"Vol_src":3,"Depth_avg":5.7,"Dis_avg":0.524,"Res_time":14.8,"Elevation":49,"Slope_100":7.94,"Wshd_area":14.3,"Pour_long":133.043717,"Pour_lat":35.417611,"source_id":"hydrolakes:1371601","label":""},"geometry":{"type":"Polygon","coordinates":[[[133.03943413628622,35.41514711432984],[133.03930555555684,35.41499791728114],[133.03834364149452,35.41528749518909],[133.03868652343897,35.41695226298418],[133.04082682291795,35.418146381907775],[133.04389919704994,35.41845983134357],[133.04531792534857,35.419570942454754],[133.04576714409876,35.4180986388522],[133.04411851671148,35.41680754184716],[133.03973334418532,35.416519184642254],[133.03943413628622,35.41514711432984]]]}},{"type":"Feature","id":"hydrolakes:1371621","properties":{"Hylak_id":1371621,"Lake_name":"Otanichosuichi","Country":"Japan","Continent":"Asia","Poly_src":"SWBD","Lake_type":2,"Grand_id":5981,"Lake_area":0.13,"Shore_len":2.13,"Shore_dev":1.68,"Vol_total":1.4,"Vol_res":1.4,"Vol_src":2,"Depth_avg":11.0,"Dis_avg":0.045,"Res_time":360.1,"Elevation":143,"Slope_100":7.19,"Wshd_area":1.2,"Pour_long":133.050829,"Pour_lat":35.401374,"source_id":"hydrolakes:1371621","label":"Otanichosuichi"},"geometry":{"type":"Polygon","coordinates":[[[133.04582546658122,35.39736689514564],[133.04445231119922,35.39738629076197],[133.0451875813817,35.3981164068644],[133.04724650065248,35.39859546502407],[133.0485295952704,35.399741840892204],[133.0486214192723,35.40128304640433],[133.04778564453255,35.402029845449476],[133.04825141059177,35.40312210347895],[133.04942884657254,35.40248231940774],[133.0516587999145,35.40196338494593],[133.05138888889036,35.401218484772414],[133.048817681208,35.39834074497213],[133.04750786675476,35.39762893941651],[133.04582546658122,35.39736689514564]]]}},{"type":"Feature","id":"hydrolakes:1371700","properties":{"Hylak_id":1371700,"Lake_name":"Yamabiko","Country":"Japan","Continent":"Asia","Poly_src":"GRanD","Lake_type":2,"Grand_id":5983,"Lake_area":0.15,"Shore_len":2.84,"Shore_dev":2.08,"Vol_total":5.0,"Vol_res":5.0,"Vol_src":2,"Depth_avg":33.8,"Dis_avg":0.703,"Res_time":82.3,"Elevation":192,"Slope_100":9.75,"Wshd_area":19.8,"Pour_long":133.098124,"Pour_lat":35.30989,"source_id":"hydrolakes:1371700","label":"Yamabiko"},"geometry":{"type":"Polygon","coordinates":[[[133.1008075000002,35.3120497222111],[133.1014877780001,35.311531944400144],[133.10127527800012,35.31109305560011],[133.1026355560001,35.31053166670006],[133.10239138900016,35.31000566670002],[133.10283777800004,35.30927666670004],[133.10192361100007,35.309469722200106],[133.1009883330001,35.30999611110013],[133.1007438890001,35.30980305560007],[133.10064833300004,35.30894305560014],[133.10045694400014,35.3089958333],[133.10044638900018,35.30941694440014],[133.10002111100005,35.3095136111001],[133.0993408330002,35.309162544400124],[133.0994047220002,35.30895194440001],[133.09894777800014,35.309111944400115],[133.0990433330001,35.30960138889998],[133.09858638900016,35.30961888889999],[133.09805500000016,35.309232777833415],[133.09810805600006,35.30784611110005],[133.0973747220001,35.307463055600124],[133.09600361100013,35.30774083330016],[133.0949727780001,35.309022222199985],[133.09405861100015,35.30894305560014],[133.09449444400025,35.30934694440009],[133.0952172220002,35.309259166700144],[133.09629055600016,35.308600833300204],[133.0968963890001,35.30981194440017],[133.09691777800037,35.31034722220011],[133.09648194400012,35.31053166670006],[133.09655638900028,35.31075972220003],[133.09887333300014,35.311356388900094],[133.0991602780001,35.31116333330016],[133.10009555600033,35.31121611110001],[133.10027638900044,35.311444166700085],[133.09972361100006,35.312032222199946],[133.1008075000002,35.3120497222111]]]}},{"type":"Feature","id":"hydrolakes:1371702","properties":{"Hylak_id":1371702,"Lake_name":"Ryokusuiko","Country":"Japan","Continent":"Asia","Poly_src":"GRanD","Lake_type":2,"Grand_id":5984,"Lake_area":0.39,"Shore_len":7.47,"Shore_dev":3.39,"Vol_total":7.5,"Vol_res":7.5,"Vol_src":2,"Depth_avg":19.4,"Dis_avg":1.157,"Res_time":75.0,"Elevation":115,"Slope_100":8.53,"Wshd_area":32.9,"Pour_long":133.329595,"Pour_lat":35.30865,"source_id":"hydrolakes:1371702","label":"Ryokusuiko"},"geometry":{"type":"Polygon","coordinates":[[[133.32984583300026,35.30710388890026],[133.33033694400007,35.30681777780029],[133.33131944400003,35.3077719444002],[133.33077055600012,35.30657888889999],[133.33160833300008,35.30612583329997],[133.331983889,35.30619722220001],[133.33247527800017,35.30521916670028],[133.33181055600005,35.30531472220014],[133.33137722200024,35.306030277800005],[133.33025027800005,35.30617333330008],[133.33056805600006,35.304932777799934],[133.331146111,35.30462277780015],[133.3302213890002,35.304980555600025],[133.3299036110003,35.30562472220021],[133.32967250000019,35.30455111112218],[133.32935472200018,35.30524305560016],[133.32799638900013,35.304956666700036],[133.32822777800027,35.304431944399994],[133.32906555600005,35.30390694440024],[133.32915222200018,35.30347754440021],[133.33007694400004,35.30252333330003],[133.32970138900015,35.30228472220017],[133.32909444400008,35.303048055600186],[133.32886333300007,35.303048055600186],[133.32799638900013,35.30173583330014],[133.3293836110002,35.300900833300204],[133.32895000000002,35.30075777788335],[133.32744750000012,35.3015453583331],[133.3268119440001,35.30113944440012],[133.32634972200026,35.300256666700136],[133.3262916670002,35.29975583330008],[133.32762083300014,35.29865833330001],[133.3267830560004,35.2987775333001],[133.32710083300015,35.29784722220012],[133.32686972200008,35.29713138890014],[133.32692750000007,35.29629638898922],[133.32663861100008,35.296081666700104],[133.3267541670001,35.29558055560011],[133.3280833330001,35.29505583330018],[133.3280544440002,35.294745555600116],[133.32782305600017,35.29457861110012],[133.32764972200005,35.29496027779993],[133.3265227780003,35.295127577800145],[133.3256272220002,35.29648722220003],[133.32533833300033,35.29737583330012],[133.32478916700018,35.29753694440018],[133.32447138900017,35.29720305560005],[133.32444250000032,35.29634416675617],[133.3237491670003,35.29541361110017],[133.322824444,35.29460251109998],[133.32213083300013,35.29434251110018],[133.32435583300025,35.29861055560019],[133.32435583300025,35.300352222200104],[133.324038056,35.3005669444002],[133.32395111100016,35.301044166700024],[133.32452916700015,35.30111555560018],[133.32493361100012,35.30161666670023],[133.3234888890002,35.30168833330009],[133.32337333300023,35.30121111110003],[133.3226222220004,35.30113944440012],[133.3230555560002,35.301449722200175],[133.3230555560002,35.30183138890004],[133.32426916700012,35.30199833330016],[133.32452916700015,35.30261861110017],[133.32542500000005,35.30254722221116],[133.32655166700027,35.30300027780015],[133.32655166700027,35.30331055560009],[133.3259161110002,35.30364444439999],[133.32649416700008,35.303930833299944],[133.3256561110004,35.304908888900115],[133.32658055600018,35.30581555560019],[133.32730305600012,35.30612583329997],[133.32796750000034,35.30605416673319],[133.32822777800027,35.3064119444],[133.32817000000006,35.30762861116119],[133.32854555600022,35.307819722200236],[133.32854555600022,35.30841611110003],[133.32895000000002,35.30903638891118],[133.33025027800005,35.308821666700226],[133.329643611,35.30812972220008],[133.32984583300026,35.30710388890026]]]}},{"type":"Feature","id":"hydrolakes:1371707","properties":{"Hylak_id":1371707,"Lake_name":"Onbarako","Country":"Japan","Continent":"Asia","Poly_src":"GRanD","Lake_type":2,"Grand_id":5985,"Lake_area":0.24,"Shore_len":3.41,"Shore_dev":1.97,"Vol_total":2.9,"Vol_res":2.9,"Vol_src":2,"Depth_avg":12.1,"Dis_avg":0.221,"Res_time":151.9,"Elevation":723,"Slope_100":6.89,"Wshd_area":6.7,"Pour_long":133.988629,"Pour_lat":35.302083,"source_id":"hydrolakes:1371707","label":"Onbarako"},"geometry":{"type":"Polygon","coordinates":[[[133.99383592066619,35.306497767581845],[133.9941136928354,35.30583109899243],[133.99425258148227,35.306164431988634],[133.9946692515673,35.30605331879593],[133.99397480463693,35.30535886449934],[133.99314147531493,35.305247757372854],[133.9931414746195,35.30546997976029],[133.99286369540687,35.30524775873522],[133.99189147492893,35.305581106995305],[133.9913636939889,35.30616444559223],[133.99094703521985,35.305692222700884],[133.9902525859482,35.305469993788506],[133.99025258674686,35.30491443816169],[133.98928036815624,35.30344220839197],[133.98955814835887,35.303442206923705],[133.98969704108987,35.30174773400631],[133.98914148046708,35.30141440355254],[133.98900259213934,35.29971993276138],[133.98680814530456,35.30071996365842],[133.98666925551703,35.30196997747464],[133.98625258479967,35.30196998028504],[133.98583592454253,35.30241443716818],[133.98639147563603,35.30288665834655],[133.986391475954,35.30333111262473],[133.98722480687735,35.30410888557651],[133.98764147702934,35.30421999449737],[133.9870859270727,35.30469223180518],[133.98764147707226,35.30469222901735],[133.9888636964464,35.30569223271584],[133.98886369629082,35.3059422351742],[133.98830814673164,35.30583112673543],[133.9883081466653,35.306053348894295],[133.98914147556354,35.30660890044942],[133.9896970353085,35.30627556454988],[133.9902525841536,35.306720006450405],[133.99091925107922,35.30797001623267],[133.99272479600472,35.30852557434736],[133.99230813869974,35.30785889905303],[133.99328036018755,35.30683111375049],[133.9936970296634,35.30683111184726],[133.99383592066619,35.306497767581845]]]}},{"type":"Feature","id":"hydrolakes:1371721","properties":{"Hylak_id":1371721,"Lake_name":"Shirotsubakiko","Country":"Japan","Continent":"Asia","Poly_src":"GRanD","Lake_type":2,"Grand_id":5986,"Lake_area":0.37,"Shore_len":6.33,"Shore_dev":2.93,"Vol_total":7.1,"Vol_res":7.1,"Vol_src":2,"Depth_avg":19.1,"Dis_avg":2.433,"Res_time":33.8,"Elevation":195,"Slope_100":10.86,"Wshd_area":68.9,"Pour_long":133.153125,"Pour_lat":35.285472,"source_id":"hydrolakes:1371721","label":"Shirotsubakiko"},"geometry":{"type":"Polygon","coordinates":[[[133.14924730274385,35.28608481172586],[133.15227516984504,35.28586250489309],[133.15255294469847,35.28652918825901],[133.15421964802943,35.286751367998306],[133.15530305240145,35.284945748840585],[133.15669199086045,35.284501255935936],[133.1572475818145,35.283362322531445],[133.15724760161277,35.282473407946725],[133.16027546132466,35.282695586564046],[133.16191439636123,35.28225110205818],[133.16302554476846,35.28155663030191],[133.1605532575498,35.28225112157179],[133.15888655456513,35.28180669875269],[133.1586088084469,35.2799733157284],[133.1583587698446,35.28133447611589],[133.156136459354,35.282473429528636],[133.1555808979968,35.28225121380751],[133.15394191368858,35.284501314854936],[133.15283077698507,35.2842791115433],[133.15146960563817,35.28494583264745],[133.15035847312163,35.284501391620324],[133.15008072096703,35.28314024029163],[133.14705288244954,35.28180690772774],[133.1476084435078,35.28180691035925],[133.14705290186447,35.28066797604805],[133.14677510653388,35.28133466506358],[133.14513620923628,35.28019570686746],[133.1409972475285,35.280890093293635],[133.13988611817337,35.281334531564994],[133.1440250700394,35.281112375258715],[133.1451084096086,35.28155685986479],[133.14594174373343,35.282695805101355],[133.14816398397386,35.283806973190565],[133.1462194921432,35.28427919617479],[133.14677503127496,35.285862597764265],[133.14899728768705,35.28675148710147],[133.14924730274385,35.28608481172586]]]}},{"type":"Feature","id":"hydrolakes:1371769","properties":{"Hylak_id":1371769,"Lake_name":"Tataragi","Country":"Japan","Continent":"Asia","Poly_src":"GRanD","Lake_type":2,"Grand_id":5988,"Lake_area":0.82,"Shore_len":8.81,"Shore_dev":2.74,"Vol_total":19.4,"Vol_res":19.4,"Vol_src":2,"Depth_avg":23.7,"Dis_avg":0.539,"Res_time":416.6,"Elevation":210,"Slope_100":17.21,"Wshd_area":16.3,"Pour_long":134.832927,"Pour_lat":35.237712,"source_id":"hydrolakes:1371769","label":"Tataragi"},"geometry":{"type":"Polygon","coordinates":[[[134.83933750000023,35.23914555566728],[134.8398100000001,35.23843861115677],[134.83916027800012,35.23834111110017],[134.83889472200013,35.23761111110019],[134.83815666700008,35.23787805560016],[134.83706444400008,35.23778055560007],[134.83614944400023,35.23641555560005],[134.83697583300005,35.23470944440004],[134.837743611,35.234270555600176],[134.83780250000007,35.23373444445605],[134.8383338890004,35.23363694440019],[134.8387175000001,35.23256444444405],[134.83951472200027,35.23180888890005],[134.83969166700007,35.23102888890031],[134.8405183330002,35.23275944440013],[134.8421125000002,35.234368333344094],[134.84302750000012,35.23478253334423],[134.84358861100014,35.23463638890007],[134.84533027800006,35.23488638890012],[134.8455663890001,35.23573305560018],[134.84586166700012,35.23600138889998],[134.8463633330001,35.235001944400096],[134.84810527800022,35.23578194440017],[134.84925638900012,35.235879444400155],[134.85073250000016,35.2349775944441],[134.85108666700006,35.23512388890015],[134.85017166700027,35.23446555559997],[134.84934500000003,35.234221944455555],[134.84940416700005,35.2340755556001],[134.84710138900033,35.23375888890024],[134.8462747220001,35.23302758890003],[134.84553694400006,35.23288138890018],[134.84474000000012,35.233076388939196],[134.8431458330001,35.231735833300036],[134.84323416700033,35.23107777780001],[134.84228944400024,35.231223888900104],[134.84152222200015,35.2305938889001],[134.84104972200015,35.229273888900195],[134.8399575000002,35.22866472228907],[134.84323416700033,35.22620277780004],[134.84320472200005,35.225593333300026],[134.84172888900008,35.22617833330031],[134.83865861100037,35.227933333300086],[134.83759583300008,35.22654388889998],[134.83597222200012,35.22513027780019],[134.83547027800023,35.225227777800114],[134.83594277800023,35.225739722200046],[134.83603138900014,35.22681194440014],[134.83644444400022,35.227275277800175],[134.83697583300005,35.22861583330001],[134.83685777800008,35.22954194440007],[134.83523416700007,35.23180888890005],[134.8347619440002,35.23180888890005],[134.83479138900003,35.232393888900106],[134.8342894440002,35.23322258890022],[134.83178027800017,35.233149444400226],[134.8334336110001,35.23451444440002],[134.83151444400028,35.23541638890015],[134.83110138900008,35.235879444400155],[134.8329316670003,35.23812166670018],[134.83328583300016,35.23770756670018],[134.834171389,35.237390555600086],[134.83499805600025,35.23773166670014],[134.836237778,35.23875555560011],[134.836237778,35.239145555599976],[134.83694638900016,35.23899916670001],[134.83886527800001,35.23973055560003],[134.84054805600016,35.241120555599935],[134.84069555600007,35.240803055600054],[134.83933750000023,35.23914555566728]]]}},{"type":"Feature","id":"hydrolakes:1371777","properties":{"Hylak_id":1371777,"Lake_name":"Doyo","Country":"Japan","Continent":"Asia","Poly_src":"GRanD","Lake_type":2,"Grand_id":5989,"Lake_area":0.27,"Shore_len":3.0,"Shore_dev":1.62,"Vol_total":7.7,"Vol_res":7.7,"Vol_src":2,"Depth_avg":28.3,"Dis_avg":0.034,"Res_time":2621.2,"Elevation":766,"Slope_100":12.3,"Wshd_area":1.1,"Pour_long":133.545148,"Pour_lat":35.232663,"source_id":"hydrolakes:1371777","label":"Doyo"},"geometry":{"type":"Polygon","coordinates":[[[133.54785805600034,35.2359916667001],[133.54818222200043,35.23481027780025],[133.54853305600005,35.234598611100125],[133.54920805600017,35.23472138889997],[133.54954555600017,35.235557222199986],[133.54970750000024,35.235088888922064],[133.54996388900008,35.23501111109999],[133.5497480560001,35.234598611100125],[133.55040944400014,35.23387416669999],[133.55132722200017,35.23374055560009],[133.5512463890002,35.23335027780013],[133.550584722,35.233038333300044],[133.54993694400014,35.23232594440026],[133.5495858330002,35.2323808333],[133.54838472200026,35.23173416670005],[133.54827666699998,35.231266111100126],[133.54766916700004,35.23160055560015],[133.54359250000005,35.23223583332805],[133.5430930560001,35.23287111110005],[133.54348444400017,35.23302722220018],[133.54363305600003,35.23348416670012],[133.54235055600014,35.23434222220004],[133.54231027800017,35.23462083329997],[133.5429311110001,35.23481027780025],[133.54263416700002,35.235334166700056],[133.5442675000001,35.23483277788915],[133.543713889,35.23615888890009],[133.54604944400006,35.23557944440023],[133.5464541670001,35.23591388890014],[133.54715611100028,35.23763027780001],[133.5474127780003,35.236827777800045],[133.5479391670001,35.2365044444],[133.54785805600034,35.2359916667001]]]}},{"type":"Feature","id":"hydrolakes:1371778","properties":{"Hylak_id":1371778,"Lake_name":"","Country":"Japan","Continent":"Asia","Poly_src":"SWBD","Lake_type":1,"Grand_id":0,"Lake_area":0.17,"Shore_len":1.63,"Shore_dev":1.12,"Vol_total":1.24,"Vol_res":0.0,"Vol_src":3,"Depth_avg":7.3,"Dis_avg":0.018,"Res_time":798.2,"Elevation":405,"Slope_100":12.12,"Wshd_area":0.5,"Pour_long":133.396483,"Pour_lat":35.231545,"source_id":"hydrolakes:1371778","label":""},"geometry":{"type":"Polygon","coordinates":[[[133.39623942057437,35.2294529411526],[133.3959722222237,35.22916458394781],[133.39260796441107,35.23006736172562],[133.39167209201548,35.23093460347894],[133.39313639323052,35.231996072663094],[133.3960245768244,35.233464849789755],[133.39798692491468,35.233028923140466],[133.3984309895847,35.2321896219251],[133.39623942057437,35.2294529411526]]]}},{"type":"Feature","id":"hydrolakes:1371783","properties":{"Hylak_id":1371783,"Lake_name":"Onzuiko","Country":"Japan","Continent":"Asia","Poly_src":"GRanD","Lake_type":2,"Grand_id":5990,"Lake_area":0.71,"Shore_len":7.37,"Shore_dev":2.47,"Vol_total":21.9,"Vol_res":21.9,"Vol_src":2,"Depth_avg":30.9,"Dis_avg":1.714,"Res_time":147.9,"Elevation":451,"Slope_100":20.49,"Wshd_area":49.6,"Pour_long":134.539931,"Pour_lat":35.230194,"source_id":"hydrolakes:1371783","label":"Onzuiko"},"geometry":{"type":"Polygon","coordinates":[[[134.54924942979858,35.23746527275648],[134.5503327785213,35.23690969580264],[134.5484161213534,35.23724305394552],[134.54799947276962,35.23690971789449],[134.54744401868038,35.23532633957018],[134.5460552300171,35.234659635883986],[134.54633302218605,35.23421517375033],[134.54536084586198,35.23410405157665],[134.5454997482767,35.23377071218806],[134.54424984667298,35.2331040125473],[134.54399988545845,35.2326317772247],[134.54191669827912,35.231853965758944],[134.5417778333644,35.23152062697699],[134.5421945022714,35.23118729005796],[134.54341665852138,35.23129840684015],[134.54341667105132,35.231076180677576],[134.5428611511707,35.230826172452794],[134.54205563735775,35.230853941276166],[134.54150012953318,35.23038170862014],[134.5421668814576,35.22835387829792],[134.54108354409607,35.2293816848225],[134.53941695087934,35.229381685630244],[134.53819473208893,35.230409484274446],[134.53944461954808,35.23140950617136],[134.54025016803382,35.230742824581796],[134.54027789809896,35.23163173386217],[134.54069451635866,35.23221507857215],[134.54055560248895,35.23277065018789],[134.54097217369122,35.234020681457025],[134.54180543005646,35.23479848771211],[134.5422220015294,35.23602074296463],[134.54291637257256,35.23682633439455],[134.54263858219298,35.23727078436178],[134.54430514763283,35.23771525998575],[134.5456938855644,35.239409779437494],[134.5451382648434,35.24110426363768],[134.54583267890996,35.24121538569483],[134.54652701231396,35.242771001116466],[134.54572135221383,35.245604404932976],[134.5478045687861,35.24752114141569],[134.5483600921815,35.248410051478686],[134.54822118122985,35.24899339880574],[134.54630449071544,35.25035454316702],[134.5458878069055,35.25102122688372],[134.54672111408763,35.25102123633019],[134.54905450741467,35.24966008069413],[134.54930453209204,35.248965609291815],[134.54986009395907,35.24874337857193],[134.5498601176982,35.24796557674563],[134.55027680132298,35.24760445314371],[134.55013792043195,35.247271114929276],[134.55055459919168,35.24704888517016],[134.5497212686726,35.24660442973385],[134.54819354635544,35.24502106880027],[134.5489991296169,35.24424325871348],[134.5487213750074,35.24368769450297],[134.54913812463536,35.241882076519346],[134.54980481636795,35.24129872290973],[134.5487215487205,35.239854239431054],[134.54883269402325,35.23927089089079],[134.54827718585562,35.23827086606707],[134.54924942979858,35.23746527275648]]]}},{"type":"Feature","id":"hydrolakes:1371791","properties":{"Hylak_id":1371791,"Lake_name":"Kuroki","Country":"Japan","Continent":"Asia","Poly_src":"GRanD","Lake_type":2,"Grand_id":5991,"Lake_area":0.28,"Shore_len":4.11,"Shore_dev":2.17,"Vol_total":6.0,"Vol_res":6.0,"Vol_src":2,"Depth_avg":21.1,"Dis_avg":1.531,"Res_time":45.4,"Elevation":420,"Slope_100":16.46,"Wshd_area":47.1,"Pour_long":134.040931,"Pour_lat":35.225694,"source_id":"hydrolakes:1371791","label":"Kuroki"},"geometry":{"type":"Polygon","coordinates":[[[134.04889131928365,35.227357849931366],[134.04750243654644,35.226246740818965],[134.04586356979132,35.22533007732818],[134.04339137292197,35.22488564089639],[134.04283582190322,35.225357874232145],[134.0395302896328,35.224913456231036],[134.03872473099022,35.22558014325949],[134.0395302782531,35.226496810335505],[134.04119693625915,35.22624679309314],[134.04119693211095,35.22671902084909],[134.04558577802362,35.227163445652536],[134.04669686847632,35.22783012101257],[134.04722460113635,35.22963568879328],[134.0491690327326,35.23119122819509],[134.04614120710363,35.233913514397045],[134.0458634071141,35.235274637644125],[134.04641895865126,35.23527463614113],[134.04750230972883,35.233469052210694],[134.04916901065928,35.2323301288252],[134.0502523469088,35.23233010786424],[134.0502523738778,35.23096897555405],[134.04944684965994,35.22938564619011],[134.0496968731701,35.22827452134027],[134.04889131928365,35.227357849931366]]]}},{"type":"Feature","id":"hydrolakes:1371821","properties":{"Hylak_id":1371821,"Lake_name":"Nichinanko","Country":"Japan","Continent":"Asia","Poly_src":"GRanD","Lake_type":2,"Grand_id":5993,"Lake_area":0.81,"Shore_len":11.44,"Shore_dev":3.58,"Vol_total":19.8,"Vol_res":19.8,"Vol_src":2,"Depth_avg":24.4,"Dis_avg":2.547,"Res_time":90.0,"Elevation":381,"Slope_100":13.09,"Wshd_area":72.6,"Pour_long":133.314153,"Pour_lat":35.206612,"source_id":"hydrolakes:1371821","label":"Nichinanko"},"geometry":{"type":"Polygon","coordinates":[[[133.30805581704504,35.22516706398687],[133.3105281033877,35.22311146407441],[133.31191704223778,35.22311147787565],[133.31302814736716,35.21994471523834],[133.3160560293669,35.21972250362421],[133.31769496788337,35.21858360167607],[133.3188061162104,35.21858361075175],[133.32044505331413,35.217222460157984],[133.32183398973729,35.2170002436755],[133.32155621106574,35.21858363320962],[133.32238956523787,35.21791694779574],[133.3229173671611,35.218361395898114],[133.3226396108209,35.2213059565085],[133.32180626905824,35.222417108569175],[133.32236184601015,35.22288935275168],[133.32291742548477,35.22288934624805],[133.3229174462818,35.22422272940679],[133.32236187469022,35.22469498475641],[133.3231952465518,35.22491720368458],[133.32375080868906,35.22447272915264],[133.32402858110038,35.223333800373155],[133.3229174111883,35.22197263970264],[133.3231951834689,35.22083371092026],[133.32402852767711,35.21972253724067],[133.32319517317205,35.22016701434876],[133.32486186135986,35.21655576196082],[133.32622300778843,35.21541681682362],[133.32402849703283,35.21586129945922],[133.3196394419723,35.21383346521526],[133.3199172252328,35.21291676762701],[133.31936164772583,35.21316677200832],[133.31855606344237,35.212250067602724],[133.31827826781858,35.21136115047085],[133.3182782627826,35.21044448018006],[133.31911161757125,35.20955558463322],[133.31800047176006,35.21022224613432],[133.31661153135258,35.21000001603153],[133.31688931143646,35.20841667066583],[133.31525036527125,35.208861107144344],[133.31525035910215,35.207972208243916],[133.31580593615416,35.20749998601514],[133.31552813842876,35.20638886351901],[133.31497255780414,35.206388861266475],[133.31497255132342,35.20547218219281],[133.3130558084555,35.204111052693804],[133.31086126655634,35.20322214845214],[133.3094723323468,35.20344437170212],[133.31086127885465,35.20458327968538],[133.31058350441486,35.20524994418753],[133.31138910257914,35.20727774425933],[133.31250026092687,35.20819442733222],[133.31194469267587,35.20841664660935],[133.3138614306357,35.20955555670952],[133.31577818560874,35.21202782318926],[133.3152503904468,35.21247227357105],[133.31744492931404,35.21430568518434],[133.31772271513972,35.215194605113254],[133.3193616649026,35.21563907108998],[133.31936166818463,35.21611130619647],[133.3160560182206,35.21813912449869],[133.31522264789498,35.21791689095869],[133.31136141437162,35.21927801051953],[133.3116392154967,35.22038915900339],[133.31080587193588,35.221528081494],[133.3116392403942,35.2222225537306],[133.31080589017915,35.2228892390674],[133.30886137851843,35.22358368987631],[133.30694466397205,35.225167048940534],[133.30638910650129,35.22741712064891],[133.30694468400708,35.22697266233331],[133.30805581704504,35.22516706398687]]]}},{"type":"Feature","id":"hydrolakes:1371836","properties":{"Hylak_id":1371836,"Lake_name":"Aikawa","Country":"Japan","Continent":"Asia","Poly_src":"GRanD","Lake_type":2,"Grand_id":5994,"Lake_area":0.13,"Shore_len":3.05,"Shore_dev":2.38,"Vol_total":1.1,"Vol_res":1.1,"Vol_src":2,"Depth_avg":8.5,"Dis_avg":2.303,"Res_time":5.5,"Elevation":211,"Slope_100":12.04,"Wshd_area":70.8,"Pour_long":132.965625,"Pour_lat":35.193062,"source_id":"hydrolakes:1371836","label":"Aikawa"},"geometry":{"type":"Polygon","coordinates":[[[132.96741138900012,35.192986111100026],[132.9695819440003,35.19053777779999],[132.97153861100014,35.189250277800056],[132.9725780560001,35.18824055560009],[132.97251694400018,35.18806388890005],[132.9732658330002,35.187596944400184],[132.974335833,35.187483333300065],[132.9737244440002,35.18725611110011],[132.97256277800017,35.18757166670002],[132.97104944400002,35.188921944400306],[132.9670138890002,35.191623055600246],[132.9665858330003,35.19220361110018],[132.96491972200016,35.192342555600135],[132.96461388900025,35.19207755560001],[132.96465972200014,35.191648333300066],[132.9641858330001,35.19169888890008],[132.96362027800006,35.1913075889002],[132.96167888900038,35.192556944399996],[132.96210694400014,35.192986111100026],[132.96357444400007,35.192866944400066],[132.9645069440001,35.19388222219999],[132.9658827780001,35.193831666700135],[132.96741138900012,35.192986111100026]]]}},{"type":"Feature","id":"hydrolakes:1371841","properties":{"Hylak_id":1371841,"Lake_name":"Ginzanko","Country":"Japan","Continent":"Asia","Poly_src":"GRanD","Lake_type":2,"Grand_id":5995,"Lake_area":0.75,"Shore_len":12.46,"Shore_dev":4.06,"Vol_total":18.0,"Vol_res":18.0,"Vol_src":2,"Depth_avg":24.0,"Dis_avg":1.284,"Res_time":162.3,"Elevation":388,"Slope_100":16.43,"Wshd_area":39.3,"Pour_long":134.82234,"Pour_lat":35.185495,"source_id":"hydrolakes:1371841","label":"Ginzanko"},"geometry":{"type":"Polygon","coordinates":[[[134.83608916700013,35.1908805556003],[134.83581083300015,35.19036944440012],[134.83642972200022,35.18993544440019],[134.83698666700036,35.190420555600156],[134.83933805599997,35.190395777800006],[134.84150416700015,35.18778916670004],[134.84144222200024,35.1868694444002],[134.84243250000014,35.18546416674417],[134.84518611100015,35.18457667439998],[134.84537194400025,35.18477444439998],[134.84496944400001,35.18584754440019],[134.8438555560001,35.18725254440017],[134.84286555600005,35.18776361110008],[134.84363916700005,35.18853361110007],[134.84496944400001,35.18870888890012],[134.84645472200032,35.18840222220024],[134.8472283330001,35.18893861110013],[134.8467333330001,35.19052277780008],[134.8475997220001,35.18919416670025],[134.84716638900005,35.18819777780004],[134.84469111100003,35.18789138889997],[134.8444744440004,35.18768694440024],[134.84521722200014,35.18676722220005],[134.84592888900016,35.18477444439998],[134.8480638890003,35.18434888890005],[134.8484969440001,35.18482555560013],[134.8480947220002,35.18571972220002],[134.84831138900012,35.18635833330006],[134.84868250000017,35.18646055563306],[134.84945611100017,35.18617944440018],[134.84951805600008,35.186000833300284],[134.84889916700007,35.18625611110025],[134.848435,35.1860263889111],[134.84911583300027,35.18482555560013],[134.84753777800017,35.18380361110002],[134.847816389,35.18316561110015],[134.8475997220001,35.18221972219999],[134.84732111100027,35.182398333300114],[134.8470427780003,35.18408472220017],[134.84654750000016,35.18416138892212],[134.8458050000001,35.18372694449232],[134.8449386110002,35.183726944400064],[134.84379388900015,35.184518888900016],[134.8407613890003,35.18505555560006],[134.84045194400022,35.185489722199975],[134.8401425,35.187099166721964],[134.83822416700025,35.18789138889997],[134.83401611100015,35.18804472220012],[134.83364472200014,35.18630722220013],[134.83420194400048,35.1848511111001],[134.83466583300003,35.18428888890003],[134.83367583300014,35.18490222220021],[134.83318055600012,35.18559194440013],[134.83290222200037,35.18656277780025],[134.8305197220002,35.18607753330008],[134.83089111100014,35.18561753330005],[134.82990083300024,35.18564305560005],[134.8305197220002,35.18428888890003],[134.8303650000003,35.18411027788903],[134.8298388890001,35.18469777780001],[134.829034444,35.18510666670005],[134.82915833300007,35.185515277800164],[134.82881777800026,35.185694166700216],[134.8284466670002,35.185438611100096],[134.82819916700004,35.18571972220002],[134.8273944440001,35.18579638890009],[134.82720888900002,35.18400805560009],[134.82659000000007,35.18559194446681],[134.82541416700002,35.185413055600065],[134.82396000000017,35.18623083337235],[134.8234958330001,35.18623083329993],[134.82275333300032,35.185745277800095],[134.82275333300032,35.1848511111001],[134.823093611,35.184110277800016],[134.822443889,35.18405916670025],[134.8214536110001,35.185515277800164],[134.82154666700035,35.18615416670025],[134.8234958330001,35.18768694440024],[134.82510472200028,35.18745694440008],[134.82631166700008,35.18661388890001],[134.82705416700026,35.18725258890015],[134.82980805600022,35.18804472220012],[134.82884888900026,35.18870888890012],[134.82915833300007,35.18901527779997],[134.83061250000026,35.188555555678136],[134.83064361100037,35.189500833300315],[134.83120055600017,35.19065055560014],[134.83212888899993,35.19111027780019],[134.83321166700023,35.191033611100124],[134.83404722200015,35.19062561110013],[134.8339852780001,35.19236222220019],[134.83448027800034,35.19343527780018],[134.83478972200044,35.19346083329998],[134.8350991670003,35.19448277780015],[134.83500638900006,35.194993611100074],[134.83531583300004,35.19547916670007],[134.83494444400037,35.195913333299984],[134.83571805600008,35.19713972220006],[134.8354086110001,35.1959997222001],[134.83577972200015,35.195530277800174],[134.8354086110001,35.19351194440014],[134.83581083300015,35.19277111110006],[134.83550138900017,35.192464444399945],[134.83596555600013,35.19220888890004],[134.83615111100016,35.19149361110004],[134.83608916700013,35.1908805556003]]]}},{"type":"Feature","id":"hydrolakes:1371915","properties":{"Hylak_id":1371915,"Lake_name":"Osadamuko","Country":"Japan","Continent":"Asia","Poly_src":"GRanD","Lake_type":2,"Grand_id":5998,"Lake_area":0.12,"Shore_len":2.67,"Shore_dev":2.14,"Vol_total":3.5,"Vol_res":3.5,"Vol_src":2,"Depth_avg":28.5,"Dis_avg":1.456,"Res_time":27.8,"Elevation":446,"Slope_100":18.91,"Wshd_area":47.4,"Pour_long":133.546875,"Pour_lat":35.117249,"source_id":"hydrolakes:1371915","label":"Osadamuko"},"geometry":{"type":"Polygon","coordinates":[[[133.54606861100018,35.118224166699974],[133.54662583300012,35.11768416670003],[133.54698916700022,35.11770416670015],[133.54820055600004,35.11876416670009],[133.54981138900052,35.119264166700134],[133.55001722200012,35.11861416670013],[133.54896333299996,35.11830416670017],[133.54798250000022,35.117324166767105],[133.54712250000006,35.11683388896705],[133.54633527800013,35.11672388890008],[133.5444819440001,35.11759416670009],[133.5421566670003,35.11810416670005],[133.54267722200024,35.11828416669994],[133.54445777800032,35.1182141667],[133.5443247220005,35.11864416670011],[133.54279861100008,35.119164166700216],[133.54254416700007,35.12003416670001],[133.54284694400013,35.12089416670011],[133.54478472200014,35.12170416670011],[133.54496638900008,35.121964444400135],[133.54467583300033,35.1211741667002],[133.5443247220005,35.120984166700055],[133.54427611100022,35.12049416670004],[133.54499083300033,35.11950416670004],[133.54592333299996,35.11879416670007],[133.54606861100018,35.118224166699974]]]}},{"type":"Feature","id":"hydrolakes:1371988","properties":{"Hylak_id":1371988,"Lake_name":"","Country":"Japan","Continent":"Asia","Poly_src":"SWBD","Lake_type":1,"Grand_id":0,"Lake_area":0.18,"Shore_len":3.57,"Shore_dev":2.39,"Vol_total":0.31,"Vol_res":0.0,"Vol_src":3,"Depth_avg":1.8,"Dis_avg":23.579,"Res_time":0.2,"Elevation":130,"Slope_100":0.62,"Wshd_area":761.3,"Pour_long":133.755538,"Pour_lat":35.04802,"source_id":"hydrolakes:1371988","label":""},"geometry":{"type":"Polygon","coordinates":[[[133.7572436523451,35.0457485140692],[133.75708333333472,35.044997917280966],[133.75573513454998,35.04704191684698],[133.7538785807305,35.04899070156938],[133.75392686632097,35.049800163374755],[133.75307020399447,35.050634853044926],[133.75274332682426,35.05371265252404],[133.75483317057444,35.057063075701194],[133.75543674045275,35.0590178283054],[133.75721435547013,35.05838469028453],[133.7559133572064,35.05656367248952],[133.75470757378628,35.055797070926815],[133.75474663628614,35.0551438591213],[133.75389675564378,35.05438431051016],[133.75499213324787,35.05012893941648],[133.75630289713678,35.047471875614406],[133.7571931966159,35.046595953305484],[133.7572436523451,35.0457485140692]]]}},{"type":"Feature","id":"hydrolakes:1371992","properties":{"Hylak_id":1371992,"Lake_name":"Hamaharachosuichi","Country":"Japan","Continent":"Asia","Poly_src":"GRanD","Lake_type":2,"Grand_id":6001,"Lake_area":0.86,"Shore_len":9.75,"Shore_dev":2.96,"Vol_total":11.2,"Vol_res":11.2,"Vol_src":2,"Depth_avg":13.0,"Dis_avg":80.962,"Res_time":1.6,"Elevation":60,"Slope_100":19.67,"Wshd_area":2993.2,"Pour_long":132.598174,"Pour_lat":35.04177,"source_id":"hydrolakes:1371992","label":"Hamaharachosuichi"},"geometry":{"type":"Polygon","coordinates":[[[132.6006997166217,35.03633853252171],[132.60208860415048,35.03611628629841],[132.6034497031148,35.03633850589938],[132.60644969884805,35.0356440191988],[132.61111635024548,35.03317174190806],[132.61331076235984,35.03361618782793],[132.61442184743788,35.034505088608626],[132.61525515492934,35.03564399311534],[132.61744956225118,35.040588423620534],[132.61883843403194,35.04172729194505],[132.61964397387806,35.041949518393096],[132.621838397182,35.041727286635876],[132.6223939404298,35.04125507108279],[132.62486615353288,35.04014395149818],[132.62650504950824,35.038116184077126],[132.62731061930333,35.03650509031036],[132.62867167092833,35.03042170709443],[132.62703281502507,35.03244950538624],[132.62678282897826,35.034727297258826],[132.62514394167857,35.03742176398117],[132.6226439390103,35.0394495397901],[132.62128284434613,35.03992175668486],[132.6201995280557,35.0399217574452],[132.61883843637298,35.038782878606185],[132.61883843701054,35.03789399653289],[132.61936620047976,35.03742178130449],[132.61853288729236,35.03586622010789],[132.61717180570685,35.03472731388098],[132.6168940390225,35.03361618957797],[132.61550517989724,35.03247728508569],[132.61275523386882,35.03136616259064],[132.6097552832398,35.031143942682434],[132.60836639852613,35.03181063047447],[132.60508862208673,35.03408846318598],[132.60014418312556,35.035227402551925],[132.5979497238294,35.03703299997579],[132.5974219424611,35.037921892399254],[132.59714415325732,35.04042188630223],[132.59769970436656,35.041977427588904],[132.5998941366322,35.04153296732312],[132.59961635881933,35.04131075078914],[132.59906082241912,35.03858854443274],[132.5996163751082,35.03725520303669],[132.6006997166217,35.03633853252171]]]}},{"type":"Feature","id":"hydrolakes:1372054","properties":{"Hylak_id":1372054,"Lake_name":"Kaminoseko","Country":"Japan","Continent":"Asia","Poly_src":"GRanD","Lake_type":2,"Grand_id":6003,"Lake_area":0.91,"Shore_len":9.13,"Shore_dev":2.7,"Vol_total":39.7,"Vol_res":39.7,"Vol_src":2,"Depth_avg":43.6,"Dis_avg":4.857,"Res_time":94.6,"Elevation":440,"Slope_100":16.15,"Wshd_area":155.9,"Pour_long":132.794998,"Pour_lat":34.993958,"source_id":"hydrolakes:1372054","label":"Kaminoseko"},"geometry":{"type":"Polygon","coordinates":[[[132.80778082835042,35.002170776541334],[132.80858633658903,35.00194854750299],[132.809947351007,35.003059617807935],[132.81050285925681,35.00308737326162],[132.8092807308849,35.00205964472019],[132.809141852734,35.00150409595949],[132.81078062822218,35.00047628082689],[132.81091950596692,35.000698501150964],[132.81119726376068,35.00047626190781],[132.81147501235148,34.99947626397096],[132.81258603567738,34.99889289065118],[132.81272490271,34.9985595587778],[132.81161389136787,34.9985596108595],[132.8113361446358,34.999254053689526],[132.81050287379145,34.9999207519553],[132.80969738645672,34.99992078227416],[132.80969739051858,34.999254122860464],[132.80819748417701,34.99811527834646],[132.80847523896875,34.99789305704098],[132.80847524324003,34.996754185997474],[132.80791972408088,34.996754196596555],[132.80778084259947,34.99642087485773],[132.80694755835253,34.996420890797424],[132.80683645548282,34.99505980702554],[132.80641980731428,34.99542091888668],[132.8060031722694,34.994393162625045],[132.80614206523893,34.99405983352909],[132.8051699301128,34.992587648463484],[132.80436440900172,34.99236543586005],[132.80300334974305,34.99269879800079],[132.80272558483978,34.992476575254614],[132.80244782343982,34.992698808520856],[132.80161451897231,34.9926988241786],[132.7996979390449,34.993698852685384],[132.79928128859927,34.99347663242571],[132.7995590551135,34.994171071945175],[132.7990035229895,34.99461551966681],[132.79914240743454,34.99494885295479],[132.7987257638586,34.9952821838408],[132.7984757770309,34.99528218881403],[132.7979202482386,34.994615541264864],[132.79572585980088,34.9934766596777],[132.79614250555193,34.99222667039305],[132.79530919382978,34.99200444868217],[132.79489254947555,34.993254437384394],[132.7936703636371,34.99336554058698],[132.7936703814168,34.99461553001265],[132.79530923106506,34.995059982890496],[132.79530925251277,34.99617106890662],[132.79614254862275,34.995726632679066],[132.79722585537934,34.996309964791465],[132.79750363219648,34.99675439404757],[132.79858691679425,34.99708770605156],[132.8006423526166,34.997198775035486],[132.8011978771513,34.99675432401585],[132.80175339631057,34.996754313416545],[132.80133675635784,34.99642099835978],[132.80189226746205,34.99539322881469],[132.8029755371656,34.994948776272565],[132.80325330464672,34.99528209412074],[132.8025866854024,34.99608765113862],[132.80255891003333,34.99653208272616],[132.80311443469583,34.99742094442155],[132.80475323556266,34.998670890356834],[132.8048921186396,34.999115319567125],[132.80447547473528,34.99944866056785],[132.8053087644143,34.99944864610882],[132.80558652933632,35.00058751036147],[132.80614204463302,35.000587501012035],[132.8060031635706,35.00092082726826],[132.80530876705825,35.000809730851074],[132.8046143632406,35.00158750755162],[132.80380886619065,35.00183751569705],[132.80328112821297,35.00319860738449],[132.80236453359646,35.00425415581435],[132.80239234724928,35.00697633550078],[132.80128131322328,35.00697635508709],[132.80128131915495,35.007420798883516],[132.802114600835,35.00808744426081],[132.80128134928407,35.009670767446096],[132.80292013154695,35.0101151691274],[132.80428113882982,35.00944849292148],[132.8048644175987,35.00855960621601],[132.80511438657368,35.00742073018972],[132.80486436218553,35.004031899747986],[132.80764194590745,35.0028374372983],[132.80750306579137,35.00250410523154],[132.80778082835042,35.002170776541334]]]}}]}