{"type":"FeatureCollection","features":[{"type":"Feature","id":"hydrolakes:15662","properties":{"Hylak_id":15662,"Lake_name":"","Country":"India","Continent":"Asia","Poly_src":"SWBD","Lake_type":2,"Grand_id":4949,"Lake_area":62.77,"Shore_len":288.45,"Shore_dev":10.27,"Vol_total":1215.0,"Vol_res":1215.0,"Vol_src":2,"Depth_avg":19.4,"Dis_avg":41.684,"Res_time":337.4,"Elevation":851,"Slope_100":5.5,"Wshd_area":1645.0,"Pour_long":82.603199,"Pour_lat":18.788452,"source_id":"hydrolakes:15662","label":""},"geometry":{"type":"Polygon","coordinates":[[[82.62361382378498,18.800275065104927],[82.62168972439264,18.79861829969701],[82.62048122829884,18.798013102214384],[82.61853597005228,18.794582112630962],[82.61889729817744,18.793880886502563],[82.61886881510458,18.792486300999087],[82.61776448567736,18.792496880426143],[82.6171636284725,18.79312215169358],[82.61468153211842,18.792486165365403],[82.61340223524337,18.791154649523378],[82.6144417317712,18.78803575303897],[82.61251871744832,18.788041720920944],[82.61166666666685,18.788480631511163],[82.60915093315992,18.786659884983578],[82.60837592230922,18.78506225586011],[82.60963568793443,18.782930908203866],[82.61205295138927,18.782341579861907],[82.61369113498284,18.78123128255288],[82.61599989149323,18.781704101563264],[82.61979682074696,18.783926866320257],[82.6208360460073,18.785008409288935],[82.62155788845519,18.78499376085142],[82.6205471462676,18.783326822917445],[82.62057074652802,18.782169460721263],[82.62194173177107,18.78068115234447],[82.62109212239608,18.780280490452242],[82.62024631076412,18.781135932075472],[82.6186846245663,18.78110405816045],[82.61829888237878,18.77834092882034],[82.61750271267397,18.779169379341056],[82.61619628906283,18.77982571072124],[82.61219238281268,18.778891601563316],[82.61126329210106,18.779858669705675],[82.61083604600714,18.778723958334126],[82.61367296006966,18.777463921441836],[82.61491156684048,18.776174723308145],[82.61333062065995,18.775002712674393],[82.61221950954888,18.773613823785524],[82.6116113281252,18.77151584201465],[82.6122574869795,18.769922688802865],[82.61221923828157,18.768052842882696],[82.61305284288233,18.767219373915736],[82.61510199652804,18.766391601563384],[82.61596869574691,18.7677133517804],[82.6172520616322,18.76833062066055],[82.6180688476565,18.76748046875082],[82.61928493923637,18.76750528971428],[82.61971950954899,18.771947157118802],[82.62073350694465,18.773283555773332],[82.62237684461843,18.77272108290009],[82.62141737196214,18.771305745443613],[82.62104383680577,18.7690113661032],[82.62149142795164,18.768142496745554],[82.62535861545177,18.768897026910565],[82.62610839843785,18.769752061632687],[82.62538058810782,18.771164822049343],[82.62640001085106,18.772508273655433],[82.62699869791697,18.772496066624058],[82.62653808593791,18.76753797743129],[82.62753445095512,18.7672147623706],[82.62833062065994,18.766386176216088],[82.62913330078175,18.76599663628548],[82.63028103298643,18.768870578342842],[82.630280761719,18.769724799262917],[82.62943060980933,18.771963026259584],[82.62944824218772,18.772820231120534],[82.63176947699691,18.77277289496601],[82.63229980468776,18.771138509115303],[82.63342393663214,18.771717529297746],[82.63392252604194,18.773763699002586],[82.6338921440975,18.77724053276995],[82.63328613281277,18.77841688368136],[82.63193549262172,18.77971449110322],[82.63226291232672,18.780275065104945],[82.63393337673642,18.77970323350769],[82.63585096571217,18.779742431641353],[82.63653238932312,18.781842719184795],[82.63780300564275,18.78306355794348],[82.63778510199688,18.785770806207495],[82.63916937934056,18.78610839843833],[82.64168023003498,18.78836439344701],[82.64161783854189,18.791419677735178],[82.64252983940997,18.79221950954934],[82.6435959201392,18.791109890408904],[82.64570393880234,18.790836046007712],[82.64804307725723,18.795490722657064],[82.64863091362866,18.79725246853377],[82.65072591145855,18.798268907335967],[82.65112413194464,18.799496256511247],[82.6511081271704,18.800280354818483],[82.65149441189271,18.801029730903565],[82.65221950954901,18.800275065104927],[82.65289252387186,18.79994845920214],[82.65654730902816,18.800023057726435],[82.65707790798649,18.801116943360114],[82.65750271267387,18.801108262804632],[82.65833875868083,18.801675075955643],[82.65944715711834,18.80166951497472],[82.65991482204902,18.801182725695185],[82.65909586588577,18.79959309895912],[82.65707329644135,18.798093668620538],[82.65413275824682,18.797217475044135],[82.65305826822936,18.7966639539938],[82.65089925130229,18.796396077474697],[82.65055908203158,18.79440972222295],[82.64776421441013,18.79163560655462],[82.64778835720512,18.79045098198867],[82.6516639539932,18.789163953993807],[82.65390787760435,18.788850640191754],[82.65388590494831,18.78776936849033],[82.6530474175351,18.787786458334153],[82.65198811848978,18.786683620877568],[82.65134141710092,18.786370035808034],[82.65023410373288,18.78639255099904],[82.64690917968778,18.787507731120513],[82.64465820312546,18.787461886936683],[82.64284396701413,18.78557332356843],[82.64150634765662,18.785139295790657],[82.63951009114624,18.78306165907196],[82.63890489366361,18.780578206380937],[82.63815511067742,18.77906833224904],[82.63777696397602,18.776360948351453],[82.63638563368085,18.775024007162244],[82.6364179144968,18.773433430990508],[82.63609157986139,18.77215996636363],[82.63543592664962,18.770887179905287],[82.63736924913218,18.769919976129245],[82.63895941840315,18.770739203559856],[82.63944173177111,18.77222493489677],[82.63984456380234,18.772775065104952],[82.64141113281272,18.770799153646635],[82.64194173177106,18.769163953993996],[82.64312825520852,18.768251953125798],[82.64501329210111,18.768897162544135],[82.645699869792,18.768883056641414],[82.6452601453995,18.76802964952344],[82.64694363064262,18.76806410047817],[82.64777506510444,18.76967190212747],[82.64610839843806,18.769997287327158],[82.64526936848978,18.771394449870513],[82.64526991102468,18.772468261719496],[82.64779296875025,18.772776557075417],[82.64862521701417,18.773619113499024],[82.64858669704915,18.775495469835903],[82.64895372178847,18.77656751844694],[82.65055284288218,18.777502712674448],[82.65211968315992,18.77777506510489],[82.65249728732664,18.775803493924343],[82.65139160156286,18.7735812717022],[82.6519691297745,18.77246025933232],[82.65193820529555,18.770937635634482],[82.65293457031282,18.770558268229934],[82.65681911892409,18.772869059245693],[82.65777506510443,18.772208523221423],[82.6564412434899,18.771561414931284],[82.65553629557326,18.76886501736186],[82.65556125217051,18.767631429037237],[82.65805826822935,18.76722493489666],[82.6593736436634,18.766226942275125],[82.65885796440995,18.76522610134623],[82.65771511501754,18.76472493489655],[82.65404785156267,18.765476074219578],[82.65248616536479,18.763588460287224],[82.65250623914955,18.762616102431366],[82.653835449219,18.760655110677817],[82.65249701605944,18.758891465929707],[82.65194715711846,18.756716037327124],[82.65364095052104,18.756391601563337],[82.65700493706623,18.757678493924402],[82.65778971354212,18.756096191406982],[82.6606366644969,18.75517225477506],[82.6615725368926,18.75565429687572],[82.66311469184063,18.755259195964356],[82.66419216579885,18.755281168620513],[82.66416368272593,18.75668050130281],[82.6627023654516,18.75738945855113],[82.66280761718775,18.759163953993834],[82.6636083984377,18.758330620660388],[82.6652750651046,18.757497287327226],[82.66672146267382,18.757214898004236],[82.66732503255241,18.75722710503561],[82.66808539496554,18.759163953993834],[82.66945258246562,18.7577411566848],[82.67178331163217,18.75778862847301],[82.67359212239609,18.760547688802944],[82.67446370442747,18.761119249132832],[82.6754793294275,18.761098497179603],[82.67589274088567,18.764059516059774],[82.67459472656287,18.766677381728186],[82.67540337456637,18.767219509549534],[82.67821099175387,18.765453287761147],[82.68245035807337,18.76607286241392],[82.68335503472241,18.76668606228378],[82.68391872829898,18.76784762912399],[82.68387505425375,18.76998141818649],[82.68428819444472,18.770783284505967],[82.68586805555577,18.769969482422653],[82.68782036675395,18.770009358724735],[82.68944715711831,18.77083062066049],[82.69162082248306,18.772705349393107],[82.69194173177124,18.775002712674393],[82.69249728732677,18.776669379341],[82.69394232855922,18.778678792318487],[82.69583062066016,18.782529839410472],[82.69509928385469,18.783949381511206],[82.69674153645872,18.784746229384552],[82.69815266927111,18.78471733941052],[82.6975002712677,18.78164659288268],[82.6963861762157,18.78000271267439],[82.695746527778,18.77708862304769],[82.6965641276044,18.77550116645051],[82.6959103732641,18.77359130859469],[82.69694715711842,18.77222493489677],[82.69749728732688,18.770920138889664],[82.69527506510445,18.770558268229934],[82.69366183810786,18.769334309896635],[82.69325873480943,18.768091905382676],[82.69130859375036,18.76771118164129],[82.6905639648441,18.76693617079087],[82.68944173177107,18.766391601563384],[82.68863606770861,18.76559597439308],[82.6883360460073,18.762192382813225],[82.68916395399344,18.760552842882703],[82.69055826822938,18.760280490452146],[82.69283745659749,18.758440890842735],[82.69232150607667,18.757439507379274],[82.69337700737873,18.756927490235114],[82.69503119574688,18.755264214410488],[82.69609293619811,18.755285915799448],[82.69739230685792,18.75495293511375],[82.69888617621564,18.752219509549548],[82.70178900824675,18.748188069662206],[82.70308539496551,18.747780490452215],[82.70419596354185,18.74835259331678],[82.7054692925351,18.748326551650052],[82.70498643663234,18.746915690104913],[82.70500352647616,18.746077745226444],[82.70641872829884,18.744724934896567],[82.70749728732676,18.74528049045216],[82.70920735677106,18.745552842882717],[82.71176784939263,18.74469306098166],[82.71548068576413,18.744768880209108],[82.7173301866323,18.74853461371606],[82.71583604600733,18.750280490452212],[82.71447238498291,18.751291503907055],[82.71415879991355,18.752257486979943],[82.71444742838571,18.754998779297694],[82.71417344835106,18.761024848091097],[82.71677625868097,18.76025444878553],[82.71812093098993,18.76028198242261],[82.7213335503476,18.761936984592808],[82.72346218533033,18.76235256619003],[82.72388617621556,18.763532850478214],[82.72277479383717,18.764997422960903],[82.72250732421895,18.76661512586884],[82.72444173177126,18.76583062066055],[82.72722330729198,18.76552829318655],[82.7287470160594,18.767114122179578],[82.7282942708336,18.768436686198754],[82.7286450195316,18.770148790148312],[82.72858425564277,18.77367119683231],[82.72749728732674,18.775275065104893],[82.7271544053823,18.777730848524982],[82.7263490125872,18.78013387044348],[82.72639214409764,18.782242024740356],[82.7276028103301,18.78221733941058],[82.72916395399335,18.777497287327208],[82.72993842230949,18.775993923611907],[82.73194173177137,18.774703233507864],[82.73138617621566,18.774169379341004],[82.73111382378494,18.773052842882805],[82.73080268012171,18.772753770617044],[82.73084825303846,18.770524631077194],[82.73251953125032,18.770558810764612],[82.73327365451422,18.771343722874008],[82.73370090060786,18.773531901042475],[82.73451443142386,18.77511121961885],[82.73559461805581,18.77455471462747],[82.73555853949682,18.77166436089493],[82.73527370876775,18.770553792318424],[82.73754692925371,18.768673366971313],[82.73685058593787,18.76764607747475],[82.73505343967042,18.767062988282078],[82.73469238281291,18.766319037544122],[82.73473198784757,18.76438476562572],[82.7355807834204,18.762736952040655],[82.73670735677109,18.762224934896608],[82.7392347547746,18.76307400173704],[82.7403084309899,18.76305216471428],[82.74132921006964,18.76198961046083],[82.74170627170162,18.76005777994874],[82.74299886067735,18.759724934896553],[82.74583062066006,18.76194715711887],[82.74739501953161,18.762252604167486],[82.74862928602465,18.76193630642433],[82.7503789605039,18.76197197808233],[82.75313530815998,18.765139160157048],[82.75375000000042,18.76640584309979],[82.75484483506978,18.76638359917615],[82.75408474392395,18.762671847874174],[82.75333034939274,18.76194715711887],[82.75332980685783,18.76135769314311],[82.75276394314261,18.760259195964352],[82.75278076171895,18.75943603515708],[82.75363606770856,18.7594533962681],[82.75477077908005,18.76058580186708],[82.758444824219,18.760510796441906],[82.75948432074682,18.75997531467084],[82.76088161892403,18.760003797743877],[82.7630802408857,18.76113647461017],[82.76383761935813,18.762697482639624],[82.76323377821205,18.76742078993135],[82.7649972873266,18.769169379341008],[82.76600558810799,18.76983045790007],[82.76682264539966,18.772238905165693],[82.768080512153,18.772213270400073],[82.7695225694448,18.771064453125803],[82.77273356119832,18.771130099827133],[82.77508138020863,18.77255384657201],[82.77640706380231,18.77221408420212],[82.77890299479202,18.772219102648364],[82.77888590494837,18.771375054254293],[82.77749430338571,18.770699869792395],[82.77750840928854,18.76999796549552],[82.77555284288235,18.7697249348966],[82.77391818576427,18.769165445964347],[82.76845893012177,18.76883151584275],[82.76677652994812,18.767964816624044],[82.76623046875028,18.76572469075603],[82.76470947265659,18.762986789280262],[82.76470838758712,18.7614024522577],[82.76530327691012,18.760524902344514],[82.76763400607666,18.760572509766405],[82.77190185546903,18.761666124132717],[82.77633653428859,18.762027723525136],[82.78042914496564,18.76438476562572],[82.78718912760445,18.764825846354995],[82.79309217664968,18.76381903754418],[82.79712239583375,18.764927435981633],[82.7997026909726,18.76625678168483],[82.8014295789934,18.766663953993827],[82.80329345703154,18.764724121094503],[82.80555284288232,18.76388617621609],[82.80843505859411,18.763303765191722],[82.81114393446217,18.762204996745595],[82.81242675781289,18.76086981879422],[82.81303955078164,18.75835598415881],[82.81425482855946,18.756865234375766],[82.81786566840304,18.75723429362057],[82.8201000976565,18.757806939019815],[82.82220350477456,18.75776394314323],[82.82635904947949,18.759232991537203],[82.83004069010451,18.75861382378565],[82.83292209201431,18.759577772353225],[82.83333062065998,18.760002712674407],[82.83557400173635,18.76036797417612],[82.83698893229194,18.760852322049516],[82.83887071397612,18.76084147135498],[82.84002604166693,18.76054538303032],[82.84272081163238,18.758459201389655],[82.84329074435794,18.757284478082397],[82.84249159071226,18.756105550131053],[82.84250895182316,18.755261094835873],[82.84384087456635,18.75461480034801],[82.84423204210111,18.755420871311514],[82.84555094401082,18.75628553602502],[82.8461083984377,18.75540703667616],[82.8452712673614,18.75500094943652],[82.84575439453153,18.75453667534805],[82.84499728732663,18.754169379341022],[82.84472520616362,18.753047146268102],[82.8469029405386,18.753091498481695],[82.84777506510454,18.75243638780455],[82.8458184136287,18.751664632162317],[82.84639187283011,18.751113823785545],[82.84638319227457,18.749855685764715],[82.84531548394119,18.750405544705586],[82.84498697916689,18.749392632379283],[82.84441324869829,18.748891601563344],[82.84445855034755,18.751103108724692],[82.84415256076414,18.751397162544208],[82.84360839843777,18.751386040582418],[82.84276557074674,18.752805853950406],[82.84061225043422,18.75487481011379],[82.83948377821218,18.757200792101514],[82.83887478298635,18.757786051433015],[82.83464518229192,18.75785020616405],[82.83155843098979,18.7572102864591],[82.82934244791687,18.75720594618133],[82.8268844943579,18.75636461046082],[82.82528591579882,18.756397162544147],[82.82333062065999,18.755836046007744],[82.82280083550376,18.75528496636366],[82.82161702473996,18.755003797743825],[82.8194471571183,18.753886176216042],[82.81558403862903,18.752780490452267],[82.81135226779554,18.754743245443592],[82.80944173177124,18.75666395399378],[82.80792127821223,18.758982883030342],[82.80476372612867,18.760514729818567],[82.80247016059064,18.760830620660442],[82.80139160156307,18.76027506510485],[82.79610839843775,18.760002712674407],[82.79453667534756,18.759365234375764],[82.79406521267384,18.75839355468827],[82.79476942274346,18.755960422092755],[82.79431694878508,18.754638536242112],[82.79330349392399,18.754169379341022],[82.79234456380243,18.75516750759624],[82.79194715711833,18.75639173719702],[82.78934244791708,18.75742214626814],[82.78806884765663,18.756096733941774],[82.78720811631979,18.756114230686592],[82.78722574869829,18.756975640191797],[82.7855531141497,18.756941596138006],[82.78421115451414,18.757285563151868],[82.783303493924,18.756391601563337],[82.78221408420177,18.756952718099853],[82.78031521267388,18.756963568794163],[82.77749728732681,18.755836046007744],[82.77555826822959,18.75471950954949],[82.77333197699699,18.754452989367053],[82.77276936848983,18.752769504124046],[82.76817464192737,18.75286322699725],[82.76632486979202,18.751316731771624],[82.76523600260435,18.74907226562584],[82.76389160156282,18.74489786783937],[82.76528266059057,18.743986002604913],[82.76526936848995,18.743341335721254],[82.76570556640644,18.742494574653506],[82.76611355251794,18.74250284830805],[82.76779161241348,18.741655273438255],[82.76776936849001,18.74056355794363],[82.76805989583374,18.740000000000805],[82.7677663845489,18.73943047417606],[82.76508246527794,18.739431966146697],[82.76466227213598,18.738137613933077],[82.76301757812553,18.737488878039017],[82.7610804578996,18.73551812066063],[82.75999728732677,18.733613823785504],[82.75906521267393,18.73114841037409],[82.75555284288237,18.73083604600771],[82.75316867404558,18.730047743056332],[82.75219211154547,18.728558213976555],[82.75223117404533,18.72664171007017],[82.75304850260454,18.725856526693576],[82.75472493489622,18.723336046007717],[82.75532687717055,18.720933159723074],[82.75615180121548,18.72055826822998],[82.75747178819466,18.721932237413967],[82.76198025173653,18.724608425564952],[82.76555826822943,18.7249972873272],[82.76638617621558,18.725558268229918],[82.76979573567729,18.72583062066053],[82.77196587456638,18.723571912978173],[82.77531385633722,18.72193101671087],[82.77626356336833,18.721950412327146],[82.777302246094,18.719852837457324],[82.78278049045173,18.718285183377475],[82.78864718967037,18.71832411024377],[82.78950792100721,18.717428385417406],[82.78928765191,18.716669379341056],[82.78798502604207,18.717552354601423],[82.78212944878493,18.717432861328973],[82.77741997612884,18.718388400608433],[82.7761406792539,18.719719780816718],[82.7747195095489,18.719997287327146],[82.77389160156275,18.72055826822998],[82.77216932508713,18.721132948134425],[82.7703672960073,18.722354465061642],[82.76775878906284,18.722775065104884],[82.76555311414978,18.7205912272143],[82.76110839843778,18.72028049045224],[82.7591468641495,18.719712863498955],[82.7580004882816,18.71796440972298],[82.75680013020855,18.7168111165372],[82.75638102213577,18.715520290799418],[82.75635308159741,18.712267388238615],[82.75695285373291,18.711102837457418],[82.75502115885456,18.708814154731726],[82.75472493489622,18.706348063151836],[82.75537407769139,18.704451497396633],[82.75721950954886,18.701925455730077],[82.7563750542538,18.701114095052958],[82.75517008463561,18.703517930773387],[82.75346272786499,18.703886176216088],[82.75213406033009,18.70154337565191],[82.75166937934051,18.699163953993718],[82.75113444010464,18.698125542535536],[82.74971950954898,18.697780490452146],[82.74940755208365,18.697137858073802],[82.74716715494816,18.69493693033928],[82.74466525607664,18.691536051433104],[82.74473117404546,18.688308376736927],[82.74971950954898,18.68583062066051],[82.75273871527816,18.685213080512938],[82.75111029730925,18.68332560221444],[82.75055826822944,18.681701931424357],[82.75278049045176,18.681391601563234],[82.75448703342039,18.680096842448677],[82.75689181857666,18.679627278646706],[82.75805284288231,18.678303493924375],[82.75665256076422,18.676958279080736],[82.75724555121548,18.676083577474742],[82.75777506510445,18.673287082248976],[82.75694173177129,18.67166937934104],[82.75666937934068,18.669975314671035],[82.75794379340306,18.668095160591008],[82.76742567274329,18.66748996310838],[82.7727286783857,18.667598198785527],[82.7750141059031,18.666936848959097],[82.77498643663222,18.665584309896587],[82.77555284288235,18.663330620660474],[82.77666395399325,18.661663953993866],[82.77750488281288,18.660855848525046],[82.77805284288223,18.65860839843839],[82.77889133029538,18.657208658854984],[82.78028347439266,18.65653320312572],[82.78056206597245,18.655269368490337],[82.78192274305576,18.655297173394843],[82.78285101996545,18.6546679687508],[82.7833306206602,18.653514946832388],[82.78285590277807,18.652224934896594],[82.78138834635456,18.65333848741392],[82.78015543619824,18.652224934896594],[82.77861382378495,18.654169379341056],[82.77777506510455,18.654441731771612],[82.77536838107676,18.65631157769178],[82.77610839843777,18.657818603516375],[82.77391059027804,18.66367757161538],[82.77444878472261,18.664722222223133],[82.77404161241361,18.665512288412344],[82.77300374348982,18.66583062066053],[82.76917371961832,18.66484903971434],[82.76546332465301,18.666707356771724],[82.76030056423627,18.6666746690546],[82.75846625434048,18.666298963759573],[82.75540662977454,18.66492933485324],[82.75471408420168,18.665286051433156],[82.75400499131973,18.665271674262954],[82.75219835069464,18.664169379341047],[82.75166937934051,18.665302463108503],[82.75278049045176,18.666941731771544],[82.75305284288237,18.66833604600771],[82.75471950954909,18.672807617188425],[82.75360975477463,18.674178195530374],[82.75194173177107,18.67471950954939],[82.74967312283025,18.676122639974835],[82.74751573350721,18.678334011502614],[82.74573838975715,18.67862331814308],[82.74497450086847,18.678607720269895],[82.74167344835092,18.676682264540716],[82.74062500000042,18.67526787651991],[82.7398556857641,18.675283610026895],[82.74110839843786,18.678058268229904],[82.74266113281283,18.680252821181455],[82.74306260850739,18.68312852647648],[82.74299886067735,18.68624552408926],[82.7422664388024,18.687667236328934],[82.74166178385445,18.692874891493773],[82.74279703776074,18.693619249132723],[82.74361870659749,18.693602430556382],[82.74473714192754,18.694178602431293],[82.74528564453158,18.69586859809101],[82.74528401692731,18.697944200304562],[82.74825439453144,18.699273274740335],[82.74860839843774,18.70000271267429],[82.74945827908027,18.700819498698706],[82.75073025173634,18.70344102647647],[82.7511083984379,18.7050298394106],[82.74974310980946,18.706341552735125],[82.74916937934057,18.707419976129245],[82.7509966362851,18.708617892795928],[82.75333957248284,18.71177856445388],[82.75333034939274,18.712224934896653],[82.75396701388922,18.71322496202339],[82.7533138020836,18.714188503689968],[82.75134331597252,18.715144449870593],[82.7507942708337,18.71739624023519],[82.7508420138891,18.71973022461026],[82.74971408420174,18.72113050672823],[82.74970296223984,18.722748616537274],[82.75000488281296,18.72333468967105],[82.74704996744833,18.725092909071975],[82.74666937934052,18.72670749240524],[82.74783528645867,18.73065877278725],[82.74777153862891,18.73377278645927],[82.74693060980923,18.735013563368796],[82.74694797092042,18.735870090061553],[82.75061957465306,18.735795220270006],[82.75152235243087,18.73485555013093],[82.75347900390653,18.734220648872395],[82.7580883789065,18.73612833658939],[82.75983072916699,18.737575547960887],[82.75936876085092,18.73847222222298],[82.76001898871556,18.739769694011216],[82.7599636501738,18.74246961805636],[82.75860839843801,18.745552842882717],[82.75824083116339,18.74706068250947],[82.75669352213566,18.748547092014633],[82.75555284288237,18.750275065105086],[82.75528049045181,18.751391601563284],[82.7545827907989,18.752061903212564],[82.75412624783007,18.7534688313811],[82.75076931423644,18.752770589193517],[82.74940836588576,18.752798394097965],[82.74841769748298,18.75382948133756],[82.74500081380228,18.755099148221234],[82.74372151692734,18.754661187066745],[82.7425330946183,18.755273301867078],[82.74135904947951,18.755552842882764],[82.74028021918434,18.754997151693544],[82.73525906033024,18.754979790582354],[82.73357367621566,18.756697184245525],[82.73191569010436,18.757501627604995],[82.73108615451429,18.758364935981717],[82.73109375000018,18.760988905165732],[82.72950113932319,18.761784803603234],[82.72815483940991,18.76132405599043],[82.72778049045161,18.760552842882703],[82.72637559678839,18.7600031195754],[82.72532850477461,18.75891330295218],[82.72306857638921,18.757631971571982],[82.72262369791696,18.7539914279522],[82.72163682725727,18.752707926433118],[82.7217049153648,18.74937282986184],[82.72416937934065,18.748891601563344],[82.72541151258713,18.748049723308156],[82.72640299479195,18.748052435981663],[82.72638047960095,18.746948649089347],[82.7277067057297,18.74530571831673],[82.72810167100721,18.743685302735173],[82.72774793836828,18.74305826822996],[82.726637369792,18.743630371094525],[82.72554144965318,18.74360799153726],[82.72555853949689,18.74277533637229],[82.72526936848982,18.741930609809913],[82.72327718098978,18.74128417968825],[82.72116373697952,18.739680447049352],[82.71859619140662,18.738599175348043],[82.71776936848994,18.736380750868875],[82.7184833441845,18.734994574653513],[82.72163736979195,18.735019259983517],[82.72393066406289,18.73430230034802],[82.72471950954883,18.73294609917616],[82.72185818142401,18.732017550999046],[82.71892225477484,18.731539713542418],[82.718578559028,18.73012993706675],[82.7178388129343,18.729724934896694],[82.71598687066012,18.732707383898287],[82.71471381293424,18.733325059679544],[82.71305257161498,18.734719509549507],[82.71305853949679,18.735002712674373],[82.71164198133715,18.735275065104986],[82.70975802951415,18.733997938368987],[82.70773708767399,18.733613823785504],[82.70636990017397,18.735036892361904],[82.70637912326407,18.73672783745741],[82.70582383897596,18.738350287544222],[82.70471950954902,18.738886176216056],[82.70379991319476,18.74019192165872],[82.7024593098962,18.740830620660518],[82.70083604600734,18.740275065104925],[82.69768554687522,18.739835205079032],[82.69714816623292,18.738727620443512],[82.69469726562534,18.737200520834108],[82.69473741319467,18.729668104384416],[82.69551106770854,18.728166639540746],[82.69783745659754,18.726621500651845],[82.70109320746548,18.723421495226432],[82.70139295789949,18.722191026476537],[82.70277506510456,18.720830620660536],[82.7043717447919,18.720312364367146],[82.7048263888891,18.718447943794217],[82.7042599826392,18.716238606771583],[82.70378689236139,18.715558268229984],[82.70331570095527,18.71701049804767],[82.70172390408032,18.718539767796017],[82.69699245876768,18.71969319661531],[82.69524251302119,18.720375705295908],[82.69416937934068,18.721308865018102],[82.69654866536479,18.72289076063447],[82.69694173177118,18.72432142469694],[82.6952615017363,18.726402723525098],[82.69306884765672,18.72635796441051],[82.69206108940995,18.72740695529592],[82.69081488715307,18.731179334853152],[82.69083631727455,18.732224527995584],[82.69024305555592,18.73460069444519],[82.69055826822938,18.735830620660522],[82.69083062065994,18.739045681424386],[82.6894650607644,18.74105997721432],[82.68834581163219,18.743268500434795],[82.68805826822944,18.744447157118827],[82.68647677951418,18.746939832900125],[82.6853827582467,18.750311143663964],[82.68172092013924,18.750236409505987],[82.68025309244814,18.751108398438248],[82.67852023654535,18.74993367513099],[82.67729899088562,18.748662787544163],[82.67666015625036,18.746380479601555],[82.67537651909754,18.746406656901854],[82.67335422092071,18.74777764214491],[82.6703615993926,18.748264702691756],[82.66916205512189,18.749175075955577],[82.66654405381968,18.749529758030235],[82.66198133680587,18.749436713325395],[82.66166937934065,18.747335069445228],[82.66250271267393,18.74528049045216],[82.66316026475715,18.742660861545914],[82.66361382378511,18.742224934896626],[82.66471272786481,18.739960123698836],[82.66739583333361,18.737279595269854],[82.66971950954894,18.735830620660522],[82.67139160156273,18.735558268229966],[82.672219509549,18.734997287327133],[82.6753689236113,18.733862982856635],[82.67750271267391,18.73278049045217],[82.67860839843769,18.731787651910565],[82.6775138346357,18.730173068577187],[82.67722493489634,18.7272195095494],[82.6767483181427,18.726294080946957],[82.67749294704902,18.725578748915837],[82.67813123914954,18.72430555555627],[82.67777343750038,18.723611111111836],[82.67807481553842,18.723026394315127],[82.6780525716149,18.719713812934913],[82.67672580295175,18.719729546441783],[82.6760932074655,18.726211073134436],[82.67657443576422,18.731883002387974],[82.67348442925373,18.732314317492126],[82.67172336154539,18.73388617621606],[82.6700027126738,18.73249728732719],[82.6673819986982,18.731614854601503],[82.66683458116341,18.72992757161535],[82.66739529079905,18.728838840061485],[82.66661322699696,18.727780490452233],[82.66555826822957,18.728929714627554],[82.66611409505236,18.730553114150098],[82.66610812717039,18.733069390191645],[82.66382703993082,18.73420274522647],[82.66080349392388,18.737219509549334],[82.65833062065991,18.736113823785445],[82.65555474175375,18.73257622612931],[82.65444715711863,18.73336317274385],[82.65500271267382,18.734441731771653],[82.65529188368089,18.737103542752664],[82.65702284071205,18.73838663737058],[82.65920844184046,18.740615912544172],[82.65987874348991,18.74199801974902],[82.6590809461809,18.74317518446253],[82.65946370442748,18.743918050131015],[82.65944742838582,18.74528049045216],[82.6583460828997,18.746338568794158],[82.65805826822935,18.74722493489662],[82.65663113064272,18.74892496744883],[82.6537589518233,18.748866373698775],[82.65276448567732,18.746345350478236],[82.6527479383684,18.74500271267442],[82.65165825737876,18.745564100478248],[82.6516395399309,18.747577039931286],[82.65104356553837,18.74873426649384],[82.64913736979202,18.74946370442791],[82.64782090928873,18.749436848959192],[82.64652370876757,18.747251654731713],[82.64384331597267,18.74659817165883],[82.64319986979206,18.74527194553025],[82.64180013020854,18.745005832249035],[82.64278049045163,18.746941731771642],[82.64306287977467,18.748388129341095],[82.64302029079886,18.750482584636188],[82.64221950954914,18.75166395399384],[82.64166937934067,18.753058268229893],[82.64106743706628,18.753350287544208],[82.63998643663228,18.75447550455823],[82.64000569661494,18.75542209201467],[82.64088378906268,18.75496988932366],[82.64295383029543,18.75501207139837],[82.64333062065992,18.756960042318497],[82.63999159071199,18.75888061523517],[82.63891628689271,18.75999972873342],[82.6361357964413,18.760339491103252],[82.63722846137193,18.761389431424334],[82.6359746636287,18.76221150716225],[82.631666666667,18.762781168620677],[82.62857476128494,18.762085639106715],[82.62683295355924,18.76253214518306],[82.62639160156272,18.76389160156333],[82.62497856987886,18.765574951172653],[82.62270073784742,18.765528428820346],[82.62093288845512,18.764617784288987],[82.62055826822944,18.763993462457393],[82.62141330295157,18.761038953993932],[82.62502305772597,18.75943725586012],[82.62592339409747,18.75850029839478],[82.62543402777817,18.757550048829046],[82.62444715711825,18.758058268229945],[82.62139621310803,18.758897569445196],[82.62081380208355,18.758885633681302],[82.61970214843774,18.75776407877686],[82.6188804796011,18.757780761719573],[82.6188799370662,18.762802734375782],[82.61718614366362,18.763624538846216],[82.6163693576392,18.763607855903672],[82.61535888671904,18.762556152344473],[82.61276068793438,18.76333401150248],[82.61222493489606,18.76389160156333],[82.6113590494794,18.764163953993943],[82.6092361111115,18.76310167100769],[82.60889160156268,18.761571451823727],[82.61012342664952,18.754241672092803],[82.60833062065996,18.753891601563282],[82.6080582682294,18.752397867839363],[82.60999728732685,18.751108398438248],[82.61083604600714,18.750836046007805],[82.61258653428854,18.74950778537402],[82.61810980902811,18.749016655816718],[82.61945827908016,18.748321940104915],[82.61944118923651,18.747480197483355],[82.61801296658018,18.747509358724756],[82.61661241319484,18.748230794271592],[82.61504394531272,18.747693956164028],[82.61444010416693,18.74583292643308],[82.61517225477462,18.744752739801243],[82.61611382378499,18.744447157118827],[82.61724555121549,18.7435884602873],[82.61786241319476,18.742316894531996],[82.61864718967047,18.738206108941768],[82.62070366753505,18.733780924479902],[82.62166395399345,18.73055284288273],[82.62252577039953,18.729417046441768],[82.62333007812543,18.72748589409815],[82.62239718967055,18.72750488281332],[82.62194200303844,18.728907470703916],[82.62099636501756,18.729816216363588],[82.61888536241344,18.73557793511361],[82.61693874783015,18.736522352431336],[82.61699083116338,18.739917941624128],[82.61554144965316,18.74335259331673],[82.61414605034741,18.744029541016346],[82.61096679687535,18.743339165582427],[82.61165934244832,18.744683295356765],[82.61228217230945,18.746892225478234],[82.6092830403648,18.74991861979248],[82.60803792317728,18.75084147135493],[82.60660101996547,18.750812174479904],[82.60542371961827,18.750205620660495],[82.60469319661485,18.747954508464375],[82.60471815321193,18.746046142578905],[82.602219509549,18.7455582682299],[82.60089274088585,18.74455173068651],[82.60053331163226,18.74234307183241],[82.60059705946202,18.73921535915889],[82.59860839843776,18.738891601563296],[82.59778049045161,18.738110894098043],[82.59998643663215,18.736475694445176],[82.6002742513025,18.734404703776875],[82.59718153211838,18.729629991320166],[82.59722520616339,18.727497422960937],[82.59691460503507,18.726947157118786],[82.59571560329891,18.728194986979986],[82.59389160156269,18.726663953993807],[82.59248019748287,18.726107177735116],[82.59251356336836,18.724475368924345],[82.59437988281286,18.722252197266357],[82.59499728732669,18.71971950954952],[82.59639160156274,18.71916937934111],[82.59773952908029,18.71825575086899],[82.59550971137185,18.717376302084062],[82.59431667751755,18.71799099392439],[82.59361382378506,18.717022705078875],[82.59472493489613,18.715558268229984],[82.59553331163215,18.713892415365308],[82.59640760633698,18.713608805339277],[82.59843288845525,18.71188381619004],[82.59999918619826,18.711107449002554],[82.6014230685766,18.71147230360316],[82.60333062066013,18.71135904947988],[82.60247802734403,18.710539822049327],[82.60020155164955,18.70998480902864],[82.60028103298646,18.706091715495575],[82.60113633897606,18.705269775391514],[82.6036333550349,18.705257432726512],[82.60451199001756,18.703487955729884],[82.60733425564257,18.702572157118823],[82.6078244357642,18.701561821832513],[82.60947591145873,18.69997517903721],[82.6117966037329,18.70002251519179],[82.61306694878493,18.70306952582547],[82.61391438802121,18.703052164714336],[82.61386528862869,18.700649685330575],[82.61581976996581,18.700015462240344],[82.61638617621566,18.699575737847965],[82.61471950954882,18.69916937934113],[82.6135026041668,18.698246120877513],[82.61305826822957,18.696326361762885],[82.6148546006948,18.694600558811487],[82.61750271267397,18.694169379341076],[82.61805284288215,18.69367553711021],[82.61392252604207,18.693170844184806],[82.61361382378504,18.69221950954943],[82.61282362196204,18.691113823785543],[82.61166937934058,18.69305826822989],[82.61018391927126,18.693779025608535],[82.60910101996552,18.695645480686494],[82.60743136935781,18.69496826171951],[82.60635389539976,18.69384684244875],[82.60555826822934,18.692192382813232],[82.60801866319463,18.6898065863723],[82.60916937934064,18.688058268229952],[82.60944146050366,18.68694173177164],[82.61005859375041,18.686642388238624],[82.61141954210109,18.686670057509502],[82.6135978190108,18.68890326605981],[82.6145719401045,18.688883463542595],[82.6155528428825,18.688269721138056],[82.61332139756968,18.687389594184765],[82.61339219835111,18.68392740885497],[82.61666937934052,18.678891601563237],[82.61723931206643,18.677197265625807],[82.61889160156284,18.676113823785442],[82.62444173177101,18.67138617621606],[82.62723931206631,18.67055487738793],[82.6281241861983,18.66963378906331],[82.6275591362849,18.6679829915372],[82.62678765190998,18.667502712674434],[82.62611382378509,18.668891601563416],[82.62389160156306,18.67000271267443],[82.62057752821198,18.670924614801095],[82.61972493489606,18.672224934896633],[82.61682128906278,18.673678792318583],[82.61553656684066,18.67697889540011],[82.61471381293421,18.677769504124],[82.61301893446216,18.680889078776943],[82.61208848741347,18.683756510417425],[82.6108249240454,18.684163953993846],[82.61084065755227,18.6833856879349],[82.60911132812527,18.683048095703896],[82.60695909288233,18.681939425999076],[82.60360785590319,18.682367757162183],[82.60271592881969,18.681908365886216],[82.60188069661513,18.68103908962746],[82.60195258246569,18.67751315646774],[82.60082682291687,18.673880479601507],[82.60027506510437,18.67389173719704],[82.59992865668431,18.67282470703202],[82.59840440538233,18.672453070747338],[82.59805826822958,18.670080023872288],[82.59998128255245,18.668613416884455],[82.60084743923647,18.668332383898303],[82.60085964626757,18.66523613823864],[82.6016672092016,18.66446017795215],[82.60215440538241,18.66146837022643],[82.6037776692711,18.65907348632885],[82.60491210937539,18.658523084853357],[82.60642876519137,18.65661024305632],[82.6076936848961,18.654092746311562],[82.609185384115,18.65360880533933],[82.61139160156273,18.651669379341],[82.61215494791685,18.650155029297594],[82.61420708550366,18.649141710070182],[82.6155674913199,18.647759602865506],[82.61671034071202,18.647205268012954],[82.62232096354188,18.64158813476638],[82.62499728732655,18.63971950954948],[82.62892279730943,18.637630750868766],[82.62889187283025,18.634708387587523],[82.63074001736135,18.63381171332543],[82.63192355685806,18.63185004340363],[82.63471679687524,18.630688883464302],[82.6364059787328,18.63027709961017],[82.63848198784763,18.628613823785543],[82.63804416232676,18.627763807509552],[82.6310064019101,18.62776719835142],[82.63044162326423,18.626026611328996],[82.62993733724,18.62292887369864],[82.62995903862895,18.614243842231645],[82.62943630642394,18.612204047309888],[82.62945692274326,18.611195610894924],[82.63141167534747,18.608477647570226],[82.63137695312531,18.606778428820178],[82.629630262587,18.604614664714404],[82.63030761718773,18.603263481988677],[82.63026746961839,18.601295030382744],[82.63167127821214,18.599444580079023],[82.63130452473985,18.59889160156331],[82.62847222222251,18.601839599610116],[82.62729899088566,18.600618353950438],[82.62693223741343,18.596496175130937],[82.6259762912328,18.59508585612059],[82.62660671658006,18.592007785374108],[82.62863850911498,18.58965209961019],[82.6297195095488,18.584997287327155],[82.63028049045164,18.583613823785413],[82.63055284288237,18.578886176216088],[82.63101074218787,18.577098659939963],[82.62960774739605,18.575750732422648],[82.62875000000025,18.574305555556464],[82.62768717447949,18.574773084853234],[82.62720947265649,18.57673339843825],[82.62723063151077,18.57971421983592],[82.62694173177101,18.580275065104956],[82.62660970052127,18.582653672960816],[82.62330349392386,18.583052842882694],[82.6221929253474,18.582480740018127],[82.62096679687528,18.58250583224907],[82.62142496744815,18.583395317926147],[82.62222493489617,18.584163953993766],[82.62296576605922,18.585912543403538],[82.62334581163219,18.58785888671963],[82.62333631727455,18.588891465929578],[82.62249728732667,18.58999728732715],[82.62194146050388,18.591664089627443],[82.62158691406279,18.594689805773328],[82.62061225043442,18.599023437500705],[82.62143066406276,18.60061197916741],[82.6219528537332,18.601113823785454],[82.62192626953157,18.602415364584147],[82.61969509548629,18.605749918620518],[82.61972846137178,18.60738389757023],[82.62077365451427,18.60892578125072],[82.62110839843763,18.611685655382757],[82.62027479383715,18.612486707900075],[82.62028483072942,18.612982991537194],[82.62195475260455,18.6151839192716],[82.62281412760439,18.62775851779594],[82.62161241319467,18.62854641384621],[82.62250271267379,18.63027506510491],[82.62277506510452,18.63280761718829],[82.6221750217016,18.633972439236913],[82.62000271267414,18.636113823785536],[82.61845024956625,18.637131754558084],[82.61691460503505,18.637497287327164],[82.61581841362886,18.636932508681298],[82.61528049045165,18.635275065104963],[82.61455539279535,18.634578314887904],[82.61239664713582,18.636460639106645],[82.61194715711832,18.63838500976641],[82.61250379774327,18.640556504992105],[82.61107666015664,18.643104926216154],[82.60999728732685,18.644163953993825],[82.60796766493075,18.647134195964327],[82.60650851779536,18.6478634982646],[82.60555582682315,18.64721788194521],[82.60499159071202,18.64750854492263],[82.60500840928847,18.650269775391394],[82.60448269314264,18.651290011936567],[82.60247585720509,18.65194118923688],[82.59974799262181,18.654723714193437],[82.59409206814263,18.655049370660436],[82.59306884765658,18.656114230686512],[82.59132080078149,18.656685112848038],[82.5897490776913,18.65665310329939],[82.58916937934049,18.656864420573697],[82.59094672309061,18.65802964952337],[82.59556993272611,18.658331298828898],[82.59652750651065,18.65932793511365],[82.59608669704892,18.660615641276934],[82.59612060546908,18.664764946832406],[82.5966693793406,18.66583062066053],[82.59694173177115,18.667230631511188],[82.59638644748304,18.6672193739156],[82.59389160156269,18.66833604600771],[82.59124430338579,18.66865966796962],[82.59055826822936,18.66995632595558],[82.59293619791686,18.672788764106656],[82.59480468750024,18.672750651042406],[82.59609212239621,18.67471435546946],[82.597558322483,18.675911051433047],[82.59834120008713,18.677524956598063],[82.59832492404536,18.678325330946905],[82.59861436631962,18.678887125651897],[82.59834147135444,18.683588189019815],[82.60059624565991,18.68615152994863],[82.60282687717034,18.687233751085785],[82.60389702691015,18.688347574870534],[82.60382649739603,18.69181247287412],[82.60296766493093,18.693523084853155],[82.60166937934054,18.694230278863756],[82.603613823785,18.694997287327226],[82.60528049045172,18.69610839843824],[82.60583062066019,18.698157687717753],[82.60386718750027,18.699463840061526],[82.60303710937518,18.701174858941727],[82.60306098090297,18.702345377604956],[82.60051567925365,18.70306328667607],[82.59970567491342,18.70304673936704],[82.59777696397595,18.697760823568444],[82.59710232204895,18.69711235894175],[82.59525797526061,18.69638495551294],[82.59529703776082,18.694470486111868],[82.59221950954895,18.694169379341076],[82.59135850694486,18.693585883247238],[82.5901982964412,18.69181599934967],[82.5902807617191,18.6877752007386],[82.5897249348962,18.686386176216047],[82.58878689236138,18.685280490452158],[82.58824815538242,18.6869403754348],[82.58954725477457,18.692210422092728],[82.58915852864618,18.693346489801172],[82.58917344835118,18.69408243815184],[82.59063422309049,18.694556342231692],[82.59221950954895,18.695836046007685],[82.5933360460071,18.69610839843824],[82.59611382378512,18.69944173177157],[82.597802463108,18.70372097439315],[82.59719346788216,18.709524875217824],[82.59664171006972,18.710595974393073],[82.59607964409753,18.71113593207548],[82.59465684678855,18.711106906467762],[82.5915494791671,18.70950615776985],[82.59051947699697,18.70773139105978],[82.58746310763934,18.706248643664082],[82.58666937934055,18.706696506077208],[82.5879625108509,18.707938910590997],[82.58992730034748,18.708576524523437],[82.59028266059067,18.7100337727872],[82.59111436631986,18.71164835612052],[82.59108588324693,18.713038465712543],[82.58923773871561,18.715240207249053],[82.58973171658027,18.71668362087746],[82.59158420138914,18.717582465278554],[82.59226833767383,18.718992377387906],[82.5922186957468,18.721420084636293],[82.59106879340311,18.723652208117073],[82.58879747178855,18.724773491754206],[82.58731363932327,18.724393174913928],[82.5866582573787,18.724730767144877],[82.58666965060792,18.725286187066786],[82.58773708767382,18.72528550889831],[82.58894341362884,18.73029649522647],[82.59073459201414,18.730260009766482],[82.59198513454896,18.72941216362932],[82.5936409505212,18.728891601563248],[82.59545355902833,18.730778130426245],[82.59495442708374,18.731747233073634],[82.59229003906268,18.732890218099783],[82.59194715711823,18.73502983941046],[82.59279188368089,18.73584160698863],[82.59421305338566,18.7361306423619],[82.59499728732669,18.73737291124212],[82.59278049045179,18.73916951497472],[82.59246880425366,18.73916314019175],[82.59008789062528,18.73796752929769],[82.58871582031276,18.735558268229966],[82.58819932725726,18.738203396268148],[82.58944715711834,18.73860839843843],[82.59004123263907,18.739832628038926],[82.59196451822942,18.741680501302824],[82.59519856770879,18.742311876085864],[82.59625000000023,18.742853597005933],[82.5971530490454,18.742388373481617],[82.59860812717045,18.743902723525025],[82.59721082899347,18.744580620660543],[82.59720296223998,18.746359727648326],[82.5976028103301,18.74713609483581],[82.60062879774324,18.74750583224909],[82.6016639539933,18.748624810113597],[82.60000271267393,18.749447157118823],[82.59885904947953,18.74971950954938],[82.5974395073788,18.748988172743793],[82.59680582682319,18.75029446072125],[82.59728895399337,18.75123223198858],[82.60010932074704,18.75166395399384],[82.60197808159745,18.750530734592758],[82.60353434244826,18.75056247287398],[82.60421902126762,18.75267252604249],[82.60500271267387,18.75305284288271],[82.60607666015648,18.754796413846236],[82.6063861762155,18.756462809245534],[82.60404649522604,18.755863308377513],[82.60248589409747,18.756397433811514],[82.60250298394118,18.757230631511277],[82.60332004123285,18.757213948568563],[82.60462646484399,18.757661132813325],[82.605324978299,18.75838812934103],[82.6063918728301,18.76027506510485],[82.6063796657989,18.76086941189311],[82.60526068793428,18.76194444444525],[82.60583604600731,18.762497287327164],[82.60662760416704,18.764936252170855],[82.60417426215315,18.765628255209094],[82.603613823785,18.766562093099765],[82.60555826822934,18.766941731771567],[82.60683051215312,18.767597113716022],[82.60835476345511,18.769921875000875],[82.60832736545166,18.77126152886359],[82.60663682725726,18.771663953993823],[82.60556396484395,18.770547281901827],[82.60304714626756,18.768897162544135],[82.60240614149342,18.7682298448359],[82.60290608723989,18.76725884331671],[82.59938883463559,18.766914876302792],[82.59808512369813,18.76555799696274],[82.59665256076437,18.7652804904522],[82.59667263454901,18.7662611219626],[82.59752305772616,18.766673855252463],[82.59911322699674,18.768254801433102],[82.60055284288222,18.770558268229934],[82.60221137152797,18.77109659830802],[82.60555284288222,18.773929714627513],[82.60482476128504,18.77605672200599],[82.60555284288222,18.77751193576472],[82.60219835069483,18.778630506728177],[82.60098497178848,18.77860568576483],[82.60028049045167,18.776108398438282],[82.59851101345532,18.775517578125857],[82.59475911458361,18.77258449978376],[82.59401828342033,18.77111382378547],[82.59361382378506,18.771947157118802],[82.5922249348962,18.772796766493798],[82.59607231987872,18.776493191190127],[82.59642252604203,18.777930365669135],[82.5963804796009,18.78000135633755],[82.59757405598998,18.78029242621608],[82.60028591579879,18.78334757487056],[82.60029703776081,18.785526394315013],[82.59989339192731,18.786309950087627],[82.59861382378506,18.78717190212751],[82.60079074435788,18.78759684244875],[82.6039488389759,18.789967719184858],[82.60583604600731,18.790275065104993],[82.60680175781272,18.791901855469632],[82.60784586588585,18.792240668403565],[82.60973876953148,18.792231038412183],[82.61062174479207,18.79405083550421],[82.61222493489606,18.794441731771656],[82.61253038194491,18.79475952148516],[82.61248833550383,18.79681939019173],[82.61142469618079,18.79733547634629],[82.6111138237851,18.798637152778554],[82.61225206163226,18.799163953993855],[82.61355712890656,18.798491617839375],[82.61390597873282,18.799210205078907],[82.61475368923647,18.800024820964268],[82.61809922960089,18.8000036621101],[82.61987792968785,18.80061252170219],[82.62246799045164,18.802703450521733],[82.62305826822939,18.803886176215997],[82.62341634114614,18.806449788412237],[82.62580268012181,18.807607557509584],[82.62730387369822,18.808052842882773],[82.6286083984379,18.807307807075574],[82.62634711371561,18.806553548177874],[82.62526394314256,18.805819227431357],[82.62532931857658,18.80261949327337],[82.6271823459204,18.80216769748347],[82.62643391927128,18.801448567709144],[82.62471950954898,18.8011138237855],[82.62361382378498,18.800275065104927]],[[82.63235080295163,18.768587917752484],[82.63195475260437,18.764723171658716],[82.63513888888912,18.764583333334144],[82.63609700520857,18.765447319879286],[82.63469618055592,18.767958170573763],[82.63327121310789,18.7686619737421],[82.63235080295163,18.768587917752484]],[[82.78261176215307,18.757904866537217],[82.7848611111117,18.75763888888963],[82.78576633029542,18.758851589627568],[82.78588812934044,18.759675835504197],[82.78472547743075,18.760132785374026],[82.78286458333366,18.75961452908075],[82.78261176215307,18.757904866537217]]]}},{"type":"Feature","id":"hydrolakes:15670","properties":{"Hylak_id":15670,"Lake_name":"","Country":"India","Continent":"Asia","Poly_src":"SWBD","Lake_type":2,"Grand_id":4952,"Lake_area":66.5,"Shore_len":248.41,"Shore_dev":8.59,"Vol_total":970.6,"Vol_res":970.6,"Vol_src":2,"Depth_avg":14.6,"Dis_avg":43.059,"Res_time":260.9,"Elevation":848,"Slope_100":4.36,"Wshd_area":1960.2,"Pour_long":82.549556,"Pour_lat":18.455291,"source_id":"hydrolakes:15670","label":""},"geometry":{"type":"Polygon","coordinates":[[[82.60583062066019,18.461666666667384],[82.60584364149332,18.461029052735114],[82.61073459201413,18.461128879123976],[82.6119661458336,18.461963840061458],[82.61384819878526,18.46579210069524],[82.61725613064277,18.46610758463612],[82.61890814887175,18.466958550347897],[82.62007758246551,18.46899631076468],[82.62198513454894,18.46833604600772],[82.62454779730928,18.46919650607714],[82.62555284288226,18.46913682725767],[82.62436659071216,18.467997233073618],[82.62114501953158,18.466393636068403],[82.61746039496546,18.464987114801147],[82.61663601345526,18.464129231771608],[82.61580864800368,18.462460259332374],[82.61585096571224,18.46039171007027],[82.6175851779517,18.45955023871602],[82.61665120442734,18.458319498698643],[82.61471978081624,18.45833618164147],[82.61378689236142,18.457855631511222],[82.6130563693581,18.458615993924354],[82.61166937934058,18.457775065104954],[82.60777506510465,18.457502712674398],[82.6075027126738,18.4563861762162],[82.60691894531277,18.45552490234445],[82.60364040798652,18.45559176974905],[82.60221272786492,18.454151204427887],[82.60166937934054,18.451961263021587],[82.60325520833356,18.451391601563273],[82.60492323133712,18.45265733507017],[82.60729410807323,18.451631673177815],[82.60833604600725,18.450547146268207],[82.61058837890647,18.450593126085835],[82.61214192708377,18.44863335503561],[82.61391872829887,18.448058268229943],[82.61501491970506,18.448623046875753],[82.6155528428825,18.450280490452087],[82.615876464844,18.450591498481685],[82.61841200086837,18.450539822049336],[82.62096598307323,18.449682888455584],[82.62138617621548,18.449013264974724],[82.61860839843774,18.44833604600774],[82.6169314236115,18.44692830403727],[82.61637641059048,18.444085557726453],[82.61640977647608,18.44245279948001],[82.61724989149326,18.44164550781329],[82.61886121961845,18.43918782552157],[82.62115614149343,18.436869303386118],[82.62194173177107,18.433424479167456],[82.62098876953166,18.432780490452103],[82.62000271267414,18.4352804904521],[82.6187882486982,18.43728352864656],[82.61777506510452,18.437775065104915],[82.61662923177119,18.438919406467733],[82.61442599826421,18.440296630860075],[82.61019124348985,18.441983371311494],[82.60884168836844,18.44338812934103],[82.6080582682294,18.44500271267441],[82.6052479383684,18.447497287327224],[82.60346815321208,18.446601426867176],[82.60112792968783,18.443854302301133],[82.60011664496545,18.444906955295835],[82.59972195095526,18.446123725044174],[82.59670328776076,18.447636854384427],[82.59421495225712,18.448243543837634],[82.59265625000018,18.449865722657023],[82.59136854383712,18.45027506510496],[82.59083604600733,18.448581271702267],[82.59149251302102,18.447307128907028],[82.5936184353302,18.446892089844425],[82.59360134548638,18.446052788629174],[82.59197645399325,18.44449164496598],[82.58976182725718,18.444131130643143],[82.58889160156286,18.439212239584094],[82.59257676866355,18.436480577257726],[82.59392957899342,18.435836046007694],[82.59528564453166,18.437247585721195],[82.59527180989602,18.437935112847924],[82.5961737738719,18.43833062066045],[82.59906331380233,18.437738715278556],[82.60090142144116,18.43835177951462],[82.60518093533017,18.437831895617023],[82.60670111762181,18.437214762370502],[82.60782687717051,18.436069335938328],[82.60895128038226,18.433751763238547],[82.6088853624135,18.430524495443535],[82.60714301215302,18.430560031467735],[82.60645480685798,18.433382703993857],[82.60543348524345,18.432690294054566],[82.60266031901068,18.429860704210796],[82.60193115234415,18.42801201714491],[82.60196668836824,18.426269124349687],[82.60095377604193,18.424774576823665],[82.59860839843776,18.42444715711889],[82.59712863498305,18.423684895834242],[82.59753960503491,18.422081434462598],[82.59916937934048,18.421113823785447],[82.5999972873268,18.419719509549395],[82.60128038194472,18.418878173828887],[82.60194715711839,18.41889173719693],[82.6034266493059,18.41788886176289],[82.60388617621572,18.416941731771658],[82.60583604600731,18.416669379341045],[82.6068226453998,18.416000705295858],[82.60608262803851,18.4134799533428],[82.60611870659761,18.41171074761354],[82.6085129123266,18.410766330295928],[82.60971950954911,18.408886176216186],[82.61155490451426,18.40852783203195],[82.61194173177114,18.406941731771724],[82.61335883246551,18.40525349934984],[82.61501898871546,18.404724934896535],[82.61583604600713,18.405552842882685],[82.61612413194467,18.406440700955557],[82.61609157986135,18.410265842014667],[82.61641872829892,18.41055284288268],[82.61783067491353,18.409083387587543],[82.62058051215308,18.40469238281321],[82.62081949869815,18.398074137370656],[82.62112521701414,18.39748074001824],[82.62226589626778,18.396927490235157],[82.62307481553853,18.396085340712602],[82.62305935329886,18.39467393663267],[82.62419216579895,18.392475043403465],[82.62591769748286,18.392510172526897],[82.62712809244812,18.394143202040652],[82.62756103515676,18.395477430556355],[82.62749186197948,18.398865966797587],[82.62780029296908,18.400371365018145],[82.62978488498283,18.400830620660486],[82.6328214518233,18.400281439887863],[82.63530164930575,18.40113050672818],[82.63774902343789,18.401097547743916],[82.63863986545158,18.401402452257855],[82.6422534179689,18.40111463758751],[82.64350287543436,18.40175821940187],[82.64495686849011,18.403976101346245],[82.6463916015627,18.404441731771556],[82.64762966579895,18.405358208551093],[82.64836968315996,18.404977077908825],[82.64835449218788,18.40021335178028],[82.65004069010439,18.399447157118743],[82.65179904513923,18.400049099393073],[82.65286078559069,18.4016682942717],[82.6547249348962,18.402775065104947],[82.65554334852453,18.40362684461877],[82.65583062065997,18.40861382378546],[82.6563104926218,18.41001573350775],[82.65730143229194,18.409995524089254],[82.65808349609415,18.406787245009525],[82.65805202908007,18.405246582031964],[82.65749728732675,18.404169379341],[82.65715576171908,18.402419704861813],[82.65526367187533,18.40082872178897],[82.65528483072961,18.39979478624207],[82.65655002170166,18.398127441406984],[82.65751925998302,18.39749186197986],[82.65968750000036,18.397469482422594],[82.66188910590296,18.39860365125952],[82.66443630642385,18.398880615235214],[82.66554199218774,18.399450005426047],[82.66725857204887,18.399157172309913],[82.66958821614617,18.397089572483367],[82.67169650607667,18.396113823785413],[82.67277533637179,18.396669514974747],[82.67369873046914,18.396650661893148],[82.67444173177108,18.39580349392446],[82.67388617621549,18.394724934896658],[82.67343939887172,18.391524929471245],[82.67605116102453,18.384434678820185],[82.6767084418405,18.384448106554544],[82.68111463758714,18.388341742622288],[82.68168077256968,18.38833021375939],[82.68167480468787,18.386962619358428],[82.68130398220507,18.385515272353132],[82.68166368272597,18.384163953993777],[82.6820279947919,18.383814019097997],[82.68626383463561,18.383900553386184],[82.68685953776088,18.385128173828946],[82.68835747612889,18.383569064670837],[82.69160671658011,18.3836353895407],[82.69392957899345,18.383058268229888],[82.69590250651066,18.383733588325356],[82.69860839843778,18.38611382378548],[82.69937608506973,18.386386176216092],[82.7002750651045,18.385684814453896],[82.69944173177134,18.385280490452203],[82.698340386285,18.384189860026822],[82.69785644531271,18.383192274306282],[82.69509765625043,18.381982150608337],[82.6922195095488,18.381669379341076],[82.6911111111113,18.381290147570212],[82.68928683810788,18.381914469401806],[82.68601589626769,18.381076253255912],[82.6823971896705,18.381106228299302],[82.68193657769126,18.37968695746605],[82.68194037543435,18.377990587023362],[82.67855740017387,18.377330186632662],[82.67680230034745,18.375998263889585],[82.67639160156278,18.374692382813237],[82.67724392361151,18.372699652778635],[82.67944715711837,18.371391601563232],[82.68084038628496,18.36775458441923],[82.68194173177119,18.366663953993964],[82.68334147135437,18.366102837457447],[82.68389133029535,18.36611395941918],[82.68509955512184,18.365491672092787],[82.68708875868077,18.363477783203905],[82.68749728732661,18.362219509549334],[82.68921956380257,18.360472276476514],[82.68990939670175,18.3590501573359],[82.6894021267363,18.35707058376812],[82.68817654079896,18.356391601563246],[82.68689154730941,18.35726277669346],[82.68694742838562,18.360002441406948],[82.68610270182313,18.361952446832333],[82.6861159939238,18.362597113716106],[82.68499728732667,18.36333062066052],[82.68360812717043,18.36468709309969],[82.67778049045165,18.3658360460077],[82.6751228841149,18.366108398438257],[82.67296115451421,18.364363335504265],[82.67082519531272,18.362207980686435],[82.67084743923647,18.361119113499058],[82.66851589626776,18.358891601563244],[82.66470296223997,18.360855984158718],[82.66472656250039,18.36202121310839],[82.66750271267381,18.363052842882666],[82.67083604600725,18.36527506510481],[82.67170030381976,18.36641574435839],[82.67280246310787,18.368650851780387],[82.67277425130231,18.37003051757887],[82.67001193576408,18.371370713976432],[82.66863525390653,18.372781032986893],[82.66676459418426,18.373387993707468],[82.6652750651046,18.3727804904521],[82.66303439670173,18.371380750868923],[82.66190266927111,18.371403944228234],[82.66056260850718,18.372754584419283],[82.65962836371563,18.37429836697123],[82.65833062065991,18.374719509549323],[82.65793294270873,18.375133327908827],[82.65871283637176,18.38211697048689],[82.65813422309066,18.384374321832297],[82.65749701605927,18.384986707899998],[82.65748643663233,18.386360134549363],[82.65808051215305,18.38809597439308],[82.65994981553854,18.389987386068412],[82.66091796875037,18.390301513672625],[82.6624972873268,18.390269368490408],[82.6627964952259,18.390580647787147],[82.66333062066013,18.392789713542413],[82.66145887586845,18.393397081163982],[82.65972493489619,18.391941731771624],[82.65885904947942,18.39166937934101],[82.65725613064257,18.392495252822016],[82.65595865885444,18.392811550564943],[82.65400010850726,18.392771538629233],[82.65304768880242,18.3908083767368],[82.65276936849,18.388864474827187],[82.65122585720513,18.387359619141364],[82.64926188151082,18.38694715711881],[82.64778049045157,18.388020426433116],[82.64972493489603,18.390275065105016],[82.6511195203995,18.392505560981647],[82.65110487196199,18.394606119792456],[82.65026231553844,18.395849473742032],[82.6479039171009,18.396614718967783],[82.64722493489609,18.398336046007728],[82.6463916015627,18.399447157118743],[82.64497016059067,18.400275065104893],[82.64401123046912,18.399276936849674],[82.64326958550367,18.396991509332395],[82.64190375434066,18.39666937934112],[82.63924479166695,18.39756117079071],[82.63575276692728,18.397489827474715],[82.63351264105938,18.396915690104947],[82.63163601345514,18.39496256510489],[82.63087212456622,18.393387586806284],[82.63224175347244,18.391367051867064],[82.63472493489604,18.390002712674402],[82.6376443142363,18.387366672092924],[82.63824273003496,18.385522732205573],[82.64000569661494,18.382921956380983],[82.63999376085093,18.382338324653517],[82.63860785590299,18.380293782552826],[82.63834364149335,18.37741563585149],[82.63932210286492,18.374556477865326],[82.64052191840295,18.37252685546946],[82.64247585720523,18.370552164714297],[82.64405843098996,18.36990844726637],[82.64552544487879,18.36767062717098],[82.64583062065998,18.366108398438257],[82.64723008897602,18.36330837673688],[82.64721923828148,18.36277506510504],[82.64803846571209,18.361987982856704],[82.6500084092886,18.35832777235322],[82.6499964735246,18.357741021051254],[82.64757676866344,18.35777086046096],[82.64639187283024,18.361669243707354],[82.64553792317747,18.36279446072126],[82.64275824652799,18.36390313042608],[82.64277452256977,18.365303412544165],[82.64162163628492,18.36700412326462],[82.63916395399337,18.369719509549327],[82.6388321940106,18.370402967665825],[82.63690700954879,18.37225273980107],[82.63472493489604,18.37336317274378],[82.63548936631963,18.37484686957538],[82.63615532769131,18.379921332465983],[82.63609537760453,18.382856580946907],[82.63548177083356,18.384649386936474],[82.63308783637177,18.387761230469437],[82.63220296223994,18.38834147135492],[82.6305691189238,18.38835286458402],[82.62776936848985,18.38695271809985],[82.62568901909748,18.385110541450445],[82.62380560980932,18.386997205946955],[82.62062934027824,18.388585747613604],[82.61779730902805,18.386665988498976],[82.61468315972246,18.38609402126815],[82.61389160156278,18.386140950521565],[82.61786105685803,18.38984849717957],[82.61833062066012,18.39086317274382],[82.61776584201408,18.39195936415007],[82.61504692925382,18.393044026693417],[82.61393419053837,18.3934050835511],[82.61002848307311,18.393325466580563],[82.60889160156268,18.394366183811655],[82.61000271267386,18.395830620660377],[82.61079969618095,18.397473144532],[82.61138617621549,18.398058268229875],[82.61249376085107,18.398595648872288],[82.61333062065995,18.399757893880974],[82.61219997829892,18.402544894748985],[82.61052571614619,18.403608398438223],[82.60848876953162,18.402587754992055],[82.60640570746551,18.404721679688237],[82.60523708767386,18.404997287327262],[82.60333062066013,18.403058268229927],[82.602914496528,18.40177612304757],[82.60051405164961,18.40138536241392],[82.59899142795177,18.400002712674336],[82.59778049045161,18.400712348091076],[82.59972493489607,18.403330620660427],[82.60056396484413,18.404991726346225],[82.6019531250002,18.408603379992087],[82.601940104167,18.409245876736975],[82.5999972873268,18.409719509549348],[82.59889160156268,18.41055826822992],[82.59747016059066,18.41083062066042],[82.59528971354194,18.409740397136147],[82.59441324869812,18.408875325521535],[82.59360270182333,18.408891872830566],[82.5936235894099,18.40991550021772],[82.59640353732675,18.41361965603369],[82.59694173177115,18.416969129775055],[82.59581380208357,18.418632948134473],[82.59466362847263,18.41919094509626],[82.59296223958364,18.41915622287405],[82.5915351019969,18.420943467882694],[82.58949191623304,18.42144165039133],[82.58771375868082,18.422526855469528],[82.58638617621568,18.423886176216172],[82.58559271918426,18.425096435547744],[82.5865483940974,18.4274471028653],[82.58583604600727,18.430569254558065],[82.58699191623288,18.431129964193474],[82.58833577473985,18.431113959419122],[82.58976942274342,18.430623236762926],[82.5916975911461,18.431405300565018],[82.59165744357676,18.433369411893125],[82.59081922743098,18.434174940321896],[82.58947374131964,18.434147406684815],[82.58876573350739,18.434512125651736],[82.58833604600727,18.435836046007694],[82.58692789713575,18.43610839843825],[82.58514024522589,18.433696831598013],[82.58344943576424,18.432072211372372],[82.57997450086845,18.43138034396776],[82.5794471571183,18.429681396485137],[82.58055636935808,18.42609415690174],[82.58122748480929,18.425449083117087],[82.58318169487882,18.42497273763098],[82.58388617621563,18.423842637804626],[82.58298800998296,18.422099066840985],[82.58166395399331,18.421669379340983],[82.58111382378513,18.4210921223966],[82.58224175347266,18.41996270073861],[82.58294270833369,18.417086588542418],[82.58391465928855,18.41580593533058],[82.5861303710941,18.411639404297603],[82.58610297309059,18.410300971137872],[82.58137424045157,18.410838080512974],[82.58083604600716,18.411947157118846],[82.57891574435808,18.413792317709067],[82.57650390625025,18.41670776367266],[82.57579698350713,18.419607747396526],[82.57468153211829,18.420552842882728],[82.57256510416693,18.419828423394847],[82.57193630642388,18.41886949327329],[82.57195231119812,18.41809339735312],[82.57454345703144,18.415006510417413],[82.57513834635444,18.413173014323718],[82.57620849609401,18.41214504665868],[82.5760812717017,18.410002712674384],[82.57424370659743,18.41092651367262],[82.57351264105944,18.412433675131012],[82.57138346354208,18.413466661242126],[82.57055826822938,18.414724934896583],[82.56906304253499,18.414995117188198],[82.56822618272594,18.413718397353136],[82.5671310763891,18.413000488282023],[82.56591389973977,18.41173353407197],[82.565446777344,18.409817165799325],[82.56166395399339,18.409447157118905],[82.5607874891495,18.409147271051097],[82.55970811631983,18.408047281901815],[82.55916395399345,18.40805840386355],[82.55789740668428,18.407199842665648],[82.55750271267385,18.407263047960782],[82.55806369357657,18.408902045356626],[82.55806884765661,18.410507541233528],[82.55778347439258,18.412366400825363],[82.55665527343785,18.414030626085832],[82.55665174696219,18.41558607313442],[82.55582465277814,18.416380886502452],[82.55580349392392,18.418608398438266],[82.55449164496548,18.417932535808006],[82.55388617621566,18.4191807725702],[82.55278049045165,18.419158257379195],[82.55110541449682,18.420555555556348],[82.551947699653,18.42136488172821],[82.55194118923629,18.421686469184806],[82.55026367187526,18.421669786242035],[82.55028076171897,18.422502577040632],[82.54943603515665,18.42417494032196],[82.54804172092065,18.42414659288272],[82.54804660373287,18.422752821181405],[82.54749728732679,18.422224934896576],[82.54722493489624,18.421386176216004],[82.54555284288233,18.419169379340985],[82.5450029839414,18.418036295573643],[82.54555853949694,18.417502712674377],[82.5455588107643,18.416930338542443],[82.5474400499134,18.416968722874174],[82.54834174262174,18.41666002061703],[82.54833034939264,18.416108534071896],[82.54872775607663,18.415337456597968],[82.55029812283021,18.41471801757882],[82.55084147135443,18.414152425130965],[82.55083007812522,18.413597005209056],[82.54999131944476,18.41361409505288],[82.55000298394134,18.41304172092083],[82.55111382378504,18.41250271267438],[82.55164849175378,18.411400960287153],[82.55223632812528,18.41083604600766],[82.55221652560795,18.40985568576474],[82.55045437283025,18.4105847167977],[82.54723036024336,18.410580919054553],[82.5458360460072,18.409441596137867],[82.54541124131958,18.409450276693406],[82.54500949435788,18.406901719835787],[82.54556396484395,18.40582533094687],[82.54554741753509,18.405013156467703],[82.54585286458371,18.40412068684975],[82.54694173177126,18.4030528428828],[82.54826877170171,18.402729220921003],[82.55033257378494,18.40421386718822],[82.5537868923613,18.405914442275105],[82.55640842013929,18.405552300348006],[82.55694173177102,18.404997151693465],[82.55749728732661,18.404851481120545],[82.55583577473982,18.404045410156982],[82.55491943359397,18.402647976346202],[82.55534776475747,18.401816541884386],[82.55753065321221,18.402225613064957],[82.55860297309061,18.403341742622388],[82.56002983940999,18.402780490452187],[82.56225830078148,18.403902316624],[82.56494574652805,18.403847520617035],[82.56658610026062,18.405210910373967],[82.56694851345526,18.406697726780237],[82.56881157769135,18.40665974934973],[82.56989284939277,18.405010579427824],[82.5703401692711,18.40271904839483],[82.57362114800378,18.40353542751808],[82.57416395399343,18.402578260634584],[82.57288058810792,18.4008870442716],[82.57345486111149,18.399772135417436],[82.57611382378497,18.399447157118743],[82.57714545355935,18.398747965495488],[82.58149061414963,18.392601725261216],[82.58389702690994,18.39081936306502],[82.5847444661461,18.390836588542413],[82.58555284288212,18.392502712674343],[82.58641872829901,18.393608398438232],[82.58749728732658,18.393052842882753],[82.58969455295176,18.392746039497354],[82.59165852864624,18.392786051433006],[82.59280843098986,18.3919070095493],[82.59333062065997,18.390830620660438],[82.59446316189263,18.39026394314311],[82.5967974175349,18.3903116861988],[82.59755479600733,18.389119601780237],[82.601266276042,18.38917263454931],[82.6016639539933,18.388281656901825],[82.59860839843776,18.385558268229886],[82.5983360460072,18.384692382813228],[82.60027506510437,18.381386176215983],[82.60095784505228,18.381054823134434],[82.60199028862883,18.381408284505937],[82.60277506510454,18.382224934896556],[82.60436631944464,18.38316962348165],[82.60538655598981,18.38678765191048],[82.605983886719,18.387361382379197],[82.60716064453163,18.38777506510496],[82.61085286458376,18.38637763129418],[82.61082275390646,18.38489542643299],[82.60935980902832,18.384420708551033],[82.60803249783021,18.38444769965355],[82.60636366102455,18.383876546224656],[82.60639784071208,18.38219726562579],[82.60764729817765,18.380996771919172],[82.60852294921898,18.37651217990532],[82.60918619791687,18.375533718533745],[82.61113389756969,18.374588758681455],[82.61110785590296,18.373313530816745],[82.60917724609408,18.37331936306498],[82.6075027126738,18.374724934896562],[82.60647433810783,18.37499728732712],[82.60611382378494,18.37388617621599],[82.60445963541702,18.373083496094523],[82.60416937934048,18.37267564561705],[82.60571641710123,18.37166151258748],[82.60740071614606,18.37132405599033],[82.60848904079882,18.36916666666741],[82.60771023220525,18.36765502929768],[82.61091769748288,18.36607435438441],[82.61246771918434,18.364460991754186],[82.61422471788228,18.363309054905244],[82.61642496744815,18.363353949653572],[82.61694173177125,18.36389160156324],[82.61810818142379,18.364457600912317],[82.61920925564272,18.364435085721368],[82.6203181966149,18.36386393229236],[82.62134521484415,18.362794731988572],[82.62552218967056,18.361225721571884],[82.62592746310804,18.359976671007814],[82.62555202908027,18.357775743273294],[82.62628038194475,18.357076009115417],[82.62680013020855,18.35388332790876],[82.62750027126759,18.35220960829082],[82.62861382378503,18.35166937934099],[82.62908203125039,18.35070461697137],[82.62740912543438,18.350161810981604],[82.6267488606776,18.35152248806503],[82.62493733723983,18.351941731771603],[82.62218560112888,18.351378038195207],[82.62046061197952,18.350208740235246],[82.61968695746566,18.34740804036528],[82.61714599609394,18.347841389974803],[82.61360351562541,18.347769097222965],[82.61214301215313,18.348521457249035],[82.61026150173637,18.34888875325595],[82.60954644097274,18.349633110894843],[82.60802164713573,18.350004747179526],[82.60583604600731,18.35111382378551],[82.60385823567736,18.35138617621601],[82.60333604600726,18.350236952040802],[82.60480658637186,18.345955539280396],[82.6058656141497,18.345261230469532],[82.60721950954894,18.34360839843839],[82.6090299479169,18.34239976671097],[82.60971950954911,18.340275065104947],[82.61059163411477,18.338549126519865],[82.61166802300386,18.337514919705654],[82.61198703342052,18.334579671224844],[82.6140603298615,18.333348931207468],[82.61660590277825,18.33272840711885],[82.61968370225736,18.332791205512933],[82.62098985460102,18.332456325955604],[82.6279093424481,18.32867377387231],[82.62917236328161,18.325811631945328],[82.6299552408858,18.325059271919145],[82.62886664496551,18.32345323350779],[82.62688802083352,18.32245836046087],[82.62446153428857,18.319487982856742],[82.62415879991346,18.31886393229246],[82.62415717230942,18.3146750217021],[82.62302408854185,18.31358629014835],[82.61663058810802,18.313631727431243],[82.61611382378499,18.314169379341024],[82.61335286458353,18.31539889865536],[82.60833062065996,18.314447157118764],[82.60719807942746,18.313863932292406],[82.60581434461852,18.313892144098077],[82.60528049045172,18.31501369900252],[82.60693250868081,18.315815158420833],[82.60916965060801,18.31805284288265],[82.60914930555589,18.325155571832283],[82.60740370008716,18.326002468533716],[82.60414577908006,18.325269639757664],[82.60234754774342,18.325306396485132],[82.59905083550365,18.326151258681307],[82.59434733072936,18.326106228299295],[82.59139133029555,18.323074137370554],[82.59053114149327,18.320782606337673],[82.58971950954901,18.320002712674295],[82.58893310546898,18.318381754558175],[82.5873448350697,18.3164143880216],[82.58607042100732,18.316113823785486],[82.584424913195,18.316677110460944],[82.5844607204865,18.318437771268066],[82.58331922743088,18.318047010634416],[82.58331976996578,18.31335747612917],[82.58393907335085,18.31183064778736],[82.58562038845525,18.31058430989657],[82.58522596571203,18.308613823785493],[82.583324652778,18.3105475531691],[82.58333658854201,18.311129421658734],[82.58264702690991,18.31246799045209],[82.58137505425384,18.31277506510486],[82.58069986979206,18.31138305664132],[82.58027506510444,18.311391737197027],[82.57663818359396,18.309147813585753],[82.57483723958364,18.306718343099703],[82.5738351779516,18.30623223198853],[82.5725241427956,18.307121039497247],[82.57055826822938,18.30610839843814],[82.5687500000002,18.305694444445237],[82.56749728732677,18.30583062066046],[82.56694715711842,18.30632527669343],[82.56946261935792,18.30695258246601],[82.57026774088564,18.306936170790777],[82.57259006076407,18.307940809462536],[82.57389838324684,18.30749294704941],[82.57476399739602,18.30839369032202],[82.57556640625023,18.31001302083422],[82.5777804904518,18.310552842882657],[82.5799972873267,18.31225206163265],[82.57940348307329,18.31340481228375],[82.57945638020851,18.316003689236823],[82.58048963758722,18.317527804905296],[82.58196207682329,18.318619249132666],[82.58251329210123,18.318607991537363],[82.58331841362883,18.31944593641566],[82.58583604600727,18.319719509549373],[82.5869474283856,18.320275065104852],[82.5869414605038,18.320558268229945],[82.58877170138919,18.32085625542618],[82.58916395399342,18.321680772570346],[82.5880468750002,18.321657986111916],[82.58833631727464,18.32221964518311],[82.5883734809031,18.325161946615367],[82.58758355034746,18.32824449327336],[82.59049316406288,18.328598225912344],[82.59250406901066,18.330286187066747],[82.59493815104184,18.330595567492026],[82.59771728515653,18.3289949544278],[82.6011083984377,18.327497287327105],[82.60571234809055,18.32722493489655],[82.6079484049481,18.328718397353214],[82.60862467447936,18.32975002712749],[82.60860080295186,18.330917697483358],[82.60745388454887,18.33426866319519],[82.60750786675385,18.336916910807986],[82.60718315972258,18.33882147895048],[82.60602132161489,18.34053548177161],[82.60411485460094,18.341386176215963],[82.60154975043423,18.340728759766307],[82.60069444444463,18.33983846028724],[82.59983127170159,18.340736897787224],[82.60083604600715,18.342219509549295],[82.6011083984377,18.34447428385505],[82.60025390625037,18.346473524306248],[82.60028103298646,18.347800835504188],[82.59971950954883,18.34944173177155],[82.59940185546913,18.351391737196934],[82.59944742838582,18.353623182509352],[82.60502983940995,18.354163953993748],[82.60642605251763,18.353444688585853],[82.6089472113718,18.35396104600767],[82.61097330729189,18.3547829861119],[82.61325276692742,18.357155354818474],[82.61420898437541,18.36074273003544],[82.61360270182342,18.3625139702699],[82.60884602864621,18.362571750217796],[82.60691840277809,18.36306572808246],[82.6063916015629,18.3636138237855],[82.60509792751765,18.363886176216056],[82.60268174913216,18.362148301867023],[82.60183946397609,18.35952677408926],[82.59995930989606,18.359169379340983],[82.59472493489613,18.360836046007705],[82.5928450520837,18.36120307074725],[82.59377875434046,18.36210001627677],[82.59528103298624,18.362587483724724],[82.59861382378506,18.363052842882666],[82.6012101236982,18.364345431858396],[82.60194715711839,18.365830620660518],[82.6024959309899,18.368119439019893],[82.59949164496561,18.37107883029597],[82.59612711588562,18.37144449869868],[82.59669162326423,18.372540418837502],[82.59774549696209,18.373594563802783],[82.6008265516495,18.37581502278715],[82.6011083984377,18.37626790364652],[82.60025987413218,18.37751953125081],[82.59912299262174,18.3774963378915],[82.59747124566013,18.3769308810771],[82.59662977430594,18.376947970920867],[82.59669189453166,18.37999186197993],[82.5956144205731,18.380514594184717],[82.5949915907122,18.382786051433072],[82.59305311414971,18.382774929471225],[82.5905693901912,18.383625081380956],[82.58928656684077,18.382755533855004],[82.58664225260435,18.377476942275052],[82.58583604600727,18.377540825738606],[82.58805284288218,18.384636637370477],[82.58639160156281,18.385280490452203],[82.58382676866341,18.38585272895034],[82.58184543185808,18.386845431858376],[82.58109700520868,18.38835259331671],[82.57947699652811,18.389138590495577],[82.57742594401054,18.390613606771637],[82.57413248697947,18.390546332465988],[82.57236843533013,18.389350585938246],[82.57183458116339,18.387705349393116],[82.57249511718777,18.38642266167608],[82.57277859158023,18.3852608235685],[82.57445936414967,18.383645833334242],[82.57444146050398,18.381942003038887],[82.57499755859408,18.380317382813246],[82.57544704861164,18.377097574870504],[82.57753038194483,18.373573133681305],[82.57749186197952,18.37168484158059],[82.57778157552116,18.370553927952244],[82.57722330729194,18.370017361111877],[82.57694715711824,18.368967149523257],[82.5788916015627,18.366669379340976],[82.57928548177102,18.365053575304557],[82.57750271267383,18.363886176216056],[82.57700900607676,18.3636138237855],[82.57662245008709,18.366777208117014],[82.57583604600734,18.368613823785438],[82.57509250217055,18.369328206381],[82.57463297526061,18.371213107639676],[82.57277506510457,18.373052842882657],[82.57130777994826,18.375175781250903],[82.57167019314255,18.376945122613563],[82.57055826822938,18.380558268229947],[82.56999755859403,18.38196302625937],[82.56868164062541,18.383227539063228],[82.56747016059069,18.383608398438298],[82.56635877821208,18.383035753039053],[82.5654220920141,18.38110527886363],[82.56483452691009,18.38111735026115],[82.56444715711831,18.383891601563278],[82.56277072482663,18.38696763780456],[82.56194715711825,18.387780490452087],[82.55634819878497,18.3880528428827],[82.55453938802106,18.38621866862053],[82.55273708767413,18.386680501302806],[82.55169487847263,18.387765570747263],[82.54938476562523,18.38921183268303],[82.54823757595506,18.39040581597294],[82.54708468967044,18.38962429470564],[82.54666937934064,18.388303493924468],[82.54865288628497,18.383832465278658],[82.54973008897605,18.38275241428022],[82.55027506510436,18.379481743707288],[82.5482926432295,18.378336046007632],[82.54717502170172,18.379499240452105],[82.54496392144154,18.383950873481695],[82.54271050347256,18.385878363716017],[82.54089138454901,18.386760796441706],[82.53532145182322,18.38637559678898],[82.5319262695316,18.383321261936544],[82.53133734809052,18.382107476129306],[82.5313859049482,18.37610839843819],[82.53247314453148,18.375064019097977],[82.53329508463565,18.37343221028715],[82.53449462890649,18.373042941624078],[82.53640326605932,18.371124403212548],[82.53638536241345,18.37024671766568],[82.53440185546907,18.370287136502498],[82.53279595269134,18.37111436632017],[82.53230170355937,18.371104193794224],[82.53194715711828,18.36994832356862],[82.5326695421009,18.36713026258758],[82.53333604600715,18.3658360460077],[82.5336083984377,18.364692382813303],[82.53293402777808,18.36338338216217],[82.53177652994833,18.36397962782189],[82.53125542534758,18.366116672092858],[82.5305335828997,18.367518174913926],[82.52863037109393,18.3681357150615],[82.52833604600721,18.370736490886202],[82.53035264756977,18.373138834636165],[82.53110839843782,18.374741210938225],[82.52955132378491,18.376656765408768],[82.52721950954901,18.37694173177158],[82.5261138237849,18.37737901475765],[82.5277368164065,18.379773220486868],[82.52835286458367,18.382856309679596],[82.52918375651069,18.384469401042395],[82.53164550781287,18.386083441841095],[82.53278537326406,18.387269694011195],[82.53276502821205,18.388265923394954],[82.53418050130244,18.388610975478343],[82.53527506510437,18.39028049045214],[82.5363001844621,18.39128716362916],[82.53861382378494,18.39166395399377],[82.53916937934054,18.393330620660606],[82.53944173177109,18.395434570313398],[82.53860758463577,18.396665039063294],[82.5388859049483,18.399180501302737],[82.53721381293423,18.40000854492257],[82.53687798394128,18.402252061632737],[82.53335747612874,18.40218017578195],[82.53276394314253,18.402797715929694],[82.53277452256975,18.405847439236823],[82.53163248697939,18.40582411024394],[82.5294417317711,18.404447157118796],[82.5290768771705,18.402579210070144],[82.52764702691002,18.399704996745584],[82.52665825737881,18.399725206163907],[82.52669270833354,18.401420627171035],[82.52362114800383,18.401357964410522],[82.52072509765645,18.39892673068647],[82.51709174262174,18.397959526910427],[82.51476806640648,18.395626898872422],[82.51389160156276,18.396173638238622],[82.51556396484409,18.39778049045225],[82.5155362955731,18.399137505425983],[82.51588406033022,18.39981268988805],[82.51778049045157,18.400275065104893],[82.52043701171908,18.401643473308013],[82.51997504340301,18.402540418837646],[82.51915961371554,18.403323703342892],[82.51945095486144,18.40417507595555],[82.52044813368099,18.4041547309036],[82.52168836805606,18.403313937717712],[82.52280843098976,18.403336724176143],[82.52387261284775,18.40444458007886],[82.52533420138906,18.40472995334278],[82.52668050130234,18.40613104926291],[82.52665988498285,18.407136094835778],[82.52442871093785,18.407499321832347],[82.52219943576426,18.409458143446955],[82.52111545138922,18.409436035157057],[82.51888319227447,18.410966796875755],[82.51889322916702,18.412295735677844],[82.52244845920166,18.411391601563366],[82.5227750651045,18.41302870008758],[82.51966281467031,18.413366834853207],[82.51856933593785,18.414504801432997],[82.51783827039952,18.41601182725765],[82.51836317274325,18.416941731771658],[82.51916395399331,18.416108398438325],[82.52157524956647,18.415520562066718],[82.5243234592017,18.416108398438325],[82.52555284288218,18.41527506510488],[82.52828667534749,18.414978027344546],[82.52860839843788,18.413330620660417],[82.52922715928855,18.4127361382387],[82.5309168836809,18.411897243924443],[82.5322059461808,18.410555419922616],[82.53374484592052,18.4102549913203],[82.53514729817732,18.410283610026852],[82.53559244791694,18.412109375000796],[82.53934597439257,18.414557427301133],[82.54111924913212,18.416403130426204],[82.54112494574673,18.417759195964265],[82.54083631727474,18.418613823785506],[82.54021918402799,18.418913167318408],[82.53776123046902,18.418880072700347],[82.5370252821184,18.417363416884598],[82.53552571614608,18.416669379341045],[82.53421034071204,18.418038601346268],[82.53337537977455,18.41844346788264],[82.53110839843782,18.41888617621612],[82.529593370226,18.420035671658752],[82.53000840928843,18.42084160698863],[82.53253119574686,18.42083685980981],[82.5336083984377,18.4213916015633],[82.53805826822935,18.42249728732719],[82.53859781901059,18.423058675131017],[82.53889160156291,18.4230527072491],[82.53916395399324,18.424188639323688],[82.53743028428858,18.425029703776772],[82.53355468750033,18.425003933377525],[82.53138047960095,18.425561252170894],[82.53139567057326,18.426302218967862],[82.53591878255253,18.42679361979242],[82.53721950954878,18.427780490452108],[82.5394585503476,18.428341878255992],[82.53944878472242,18.429795735677885],[82.54131022135437,18.42931871202336],[82.54361924913218,18.430008273655233],[82.54631293402815,18.429953342014585],[82.54721950954882,18.43045871310835],[82.54499728732662,18.433347439236854],[82.54351399739602,18.43333821614658],[82.54389946831645,18.434464111328964],[82.54588053385436,18.434423692492032],[82.54680175781289,18.43346476237059],[82.54917399088595,18.433950602214452],[82.5494694010419,18.435040418837673],[82.55194715711843,18.437219509549323],[82.55221950954882,18.43881808810835],[82.5507177734379,18.441294216580616],[82.55142632378494,18.441974826389583],[82.55337592230933,18.44193508572124],[82.55493923611141,18.441129828559724],[82.55583062066012,18.443498263889637],[82.55477457682315,18.446101752388017],[82.55338053385447,18.446441650391478],[82.55207655164958,18.448430582683045],[82.55106499566011,18.44888617621598],[82.54921657986142,18.447934027778558],[82.54973063151061,18.446936442058018],[82.54969970703155,18.44542955186705],[82.54912597656278,18.444447157118873],[82.54804741753497,18.44556979709273],[82.54803087022589,18.450515814887865],[82.54834174262174,18.451119113499033],[82.54828776041688,18.453766276042472],[82.54882486979187,18.45533610026115],[82.54972819010459,18.45666870117259],[82.54822428385438,18.45703531901114],[82.54890082465295,18.458348253038935],[82.55221950954882,18.45944715711886],[82.55528049045171,18.459719509549416],[82.5574446614587,18.460273980035424],[82.55941080729212,18.458686794705557],[82.55817789713592,18.45686781141569],[82.5577804904517,18.45359212239663],[82.55848904079886,18.452911512587548],[82.5591973198787,18.45364854600774],[82.560563964844,18.456952446832304],[82.56058539496547,18.458330620660547],[82.56138617621554,18.4574972873271],[82.56231092664962,18.457048611111873],[82.56476996527817,18.455063476563282],[82.56401719835088,18.453953179254256],[82.56304741753513,18.454452718099674],[82.56244601779537,18.45444051106847],[82.56194715711825,18.45262098524381],[82.56316758897589,18.45059407552162],[82.56271050347249,18.44925889757036],[82.56346679687533,18.448143446181405],[82.56473605685801,18.44946438259626],[82.56473388671907,18.4515482584643],[82.56649088541684,18.45194173177157],[82.56694173177118,18.450552842882814],[82.56787543402805,18.449012858073615],[82.57029622395856,18.44668701171952],[82.56948025173625,18.44548312717103],[82.57068793402811,18.44432278103369],[82.57394883897587,18.443791910808045],[82.57555284288236,18.44249715169343],[82.57586452908009,18.4425035264764],[82.57582492404532,18.444438883464272],[82.57652913411494,18.445477837457304],[82.57834960937527,18.44583319770055],[82.581108398438,18.448336181641423],[82.58158528645868,18.44832655165004],[82.582502712674,18.451108398438294],[82.58277506510439,18.452252061632635],[82.58190755208358,18.453973253038896],[82.57990614149327,18.455936821832324],[82.58028917100728,18.456680636936483],[82.58138075086845,18.456658393012844],[82.58214029947936,18.457049560547773],[82.58249728732676,18.458935139974813],[82.58159288194469,18.460690646702233],[82.58167154947955,18.464547661676136],[82.58587646484403,18.464997287327094],[82.58721950954896,18.464287651910468],[82.58614067925384,18.46269612630283],[82.58666965060792,18.46166924370749],[82.58665717230923,18.458568386502463],[82.58583034939267,18.45666924370738],[82.58579589843777,18.454418131511204],[82.58824300130226,18.454468180339347],[82.59095675998304,18.456180013021537],[82.59199055989615,18.458714599610232],[82.59193522135462,18.461424967448693],[82.58976996527798,18.463505316841008],[82.59035563151059,18.46521660698869],[82.59225179036486,18.465847167969457],[82.59387803819465,18.467539740669224],[82.59498887803846,18.466383463542456],[82.5952842881947,18.46064778645905],[82.59724175347253,18.458316243490344],[82.59720079210103,18.45630628797818],[82.5962866210939,18.454531928169104],[82.597802463108,18.45416937934101],[82.59953938802101,18.455346815321946],[82.5999972873268,18.457224934896544],[82.60091878255241,18.45949720594689],[82.60306396484401,18.45916965060843],[82.60306423611138,18.46028564453195],[82.60194173177126,18.461941731771617],[82.60149468316013,18.464230957031987],[82.60228976779547,18.46765760633764],[82.6021815321185,18.472970513238636],[82.60339925130239,18.476048177084067],[82.60447428385453,18.47638617621601],[82.60571912977451,18.47574490017439],[82.60444715711844,18.47214870876809],[82.60501817491354,18.468802083334026],[82.60499131944493,18.46638115776983],[82.60555826822934,18.46528049045213],[82.60587158203151,18.463676350912237],[82.60583062066019,18.461666666667384]],[[82.56499213324679,18.44582546658063],[82.56396972656268,18.446381022136222],[82.5625252278648,18.444664984809776],[82.56217963324684,18.44244628906324],[82.5601963975696,18.441330973308084],[82.5596573893232,18.438298475478234],[82.55999213324685,18.437214355469507],[82.56087483723985,18.43605699327327],[82.5613897026912,18.43384372287403],[82.5624905056427,18.432860243056325],[82.56316596137185,18.430180799696927],[82.56275417751772,18.42942328559093],[82.5628496636287,18.42782348632886],[82.56153537326412,18.427745090061592],[82.560357259115,18.429431423611845],[82.56000786675384,18.43056342230983],[82.55943657769137,18.431381022136122],[82.55917453342039,18.43250786675418],[82.55799587673636,18.43394409179757],[82.55748480902804,18.43505791558249],[82.55644015842051,18.436103244358378],[82.55500949435805,18.435493164063246],[82.55443576388927,18.43389444987065],[82.55453776041702,18.43079657660661],[82.55409695095506,18.426647677952133],[82.5544365776912,18.42554768880285],[82.55547634548645,18.424483506945137],[82.55773980034758,18.42367133246597],[82.55888888888921,18.42360283745751],[82.56081814236137,18.423587239584037],[82.56179253472266,18.424267849393118],[82.56439127604222,18.42274970160662],[82.56680555555573,18.42263888888965],[82.56765787760457,18.42385538737051],[82.57163601345519,18.427123209636136],[82.57170654296903,18.42886162651979],[82.57085449218789,18.428912489150093],[82.56981418185791,18.42834703233592],[82.56840766059065,18.428263210721354],[82.56723008897609,18.430430230035427],[82.56788275824692,18.431598849827083],[82.56891004774343,18.432262369792568],[82.56993001302124,18.432201605903515],[82.57099826388907,18.432691786025032],[82.57193657769136,18.43353013780461],[82.57153971354205,18.437870144314957],[82.57017985026067,18.439392089844603],[82.5675233289935,18.439747450087566],[82.56751573350715,18.44068264431496],[82.56611897786485,18.44556342230993],[82.56499213324679,18.44582546658063]],[[82.5536564127608,18.45167195638095],[82.55290445963567,18.45301961263101],[82.55021999783025,18.451967366537303],[82.5503068033857,18.450889350044292],[82.55263888888913,18.450694444445162],[82.55282090928841,18.45129909939311],[82.5536564127608,18.45167195638095]],[[82.5522325303823,18.390565863716063],[82.55248969184055,18.39026746961889],[82.55430555555586,18.389861111111884],[82.55498969184049,18.391121419271656],[82.55556749131966,18.39137925889827],[82.5555067274309,18.39213500976632],[82.55458685980926,18.39254543728373],[82.55389919704879,18.393343641493743],[82.55309353298634,18.39370307074728],[82.55215033637177,18.395816921658707],[82.55159695095512,18.395174424914046],[82.55171495225721,18.393704291450433],[82.55107611762185,18.391964246962687],[82.55113308376781,18.391254611545946],[82.5522325303823,18.390565863716063]],[[82.58806640625022,18.38555908203216],[82.59069444444481,18.385416666667425],[82.5912114800351,18.38601684570392],[82.59248752170174,18.386815999349665],[82.59276746961831,18.388266059028524],[82.58926269531287,18.38860080295217],[82.5879671223961,18.386796468099703],[82.58806640625022,18.38555908203216]],[[82.60345784505233,18.378315972222993],[82.60365722656292,18.376713189019767],[82.60430555555592,18.376527777778506],[82.60441731770857,18.377300754124064],[82.60524386935782,18.378706461589275],[82.60457166883725,18.379706895617005],[82.60345784505233,18.378315972222993]],[[82.56114908854204,18.416756998698702],[82.5605710177955,18.41464531792616],[82.56191107855926,18.414753011068456],[82.56258734809052,18.413382161459083],[82.56458333333364,18.413194444445196],[82.56471191406263,18.41445475260508],[82.56515299479184,18.415245225695173],[82.56415473090317,18.415545654297773],[82.5642187500003,18.41634101020037],[82.5624896918406,18.41665635850768],[82.5618687608511,18.41737711588621],[82.56114908854204,18.416756998698702]]]}},{"type":"Feature","id":"hydrolakes:15674","properties":{"Hylak_id":15674,"Lake_name":"","Country":"India","Continent":"Asia","Poly_src":"SWBD","Lake_type":1,"Grand_id":0,"Lake_area":10.2,"Shore_len":27.33,"Shore_dev":2.41,"Vol_total":57.03,"Vol_res":0.0,"Vol_src":3,"Depth_avg":5.6,"Dis_avg":3.345,"Res_time":197.3,"Elevation":190,"Slope_100":2.15,"Wshd_area":133.0,"Pour_long":81.943591,"Pour_lat":18.364911,"source_id":"hydrolakes:15674","label":""},"geometry":{"type":"Polygon","coordinates":[[[81.94150105794301,18.395456814236923],[81.94023328993092,18.393271077474708],[81.94196072048646,18.393339436849715],[81.9419624837243,18.394760064019806],[81.94308200412354,18.39471571180627],[81.94395263671902,18.392870958117044],[81.94476969401063,18.392485351563266],[81.94694932725707,18.3925276692716],[81.9478282335071,18.391630181207347],[81.95061645507832,18.39167453342094],[81.95214002821194,18.392480740018016],[81.95060533311664,18.393471950955643],[81.95028306749157,18.394256184896562],[81.95085923936648,18.39527248806496],[81.95138373480921,18.394160970052837],[81.95219672309048,18.394193115235282],[81.95305026584214,18.393605821398353],[81.95433132595502,18.393200276693506],[81.95513970269133,18.394072672526818],[81.95610582139778,18.393025987414035],[81.95277248806451,18.39083862304767],[81.95192735460103,18.389180365669176],[81.95195054796034,18.388594835070194],[81.9529268391932,18.3885997178827],[81.95368489583359,18.39012424045211],[81.95496270073818,18.390550265842762],[81.95538004557312,18.387930772570144],[81.95443874783001,18.38639350043468],[81.95447252061655,18.385540093316706],[81.9553270128041,18.385548095703825],[81.9552376302085,18.383291015625787],[81.95155029296905,18.38184054904599],[81.95233710394996,18.380353597006035],[81.9516185167102,18.379687771268152],[81.95167846679709,18.378175184462464],[81.9533688693578,18.377783067492032],[81.9538835991757,18.378338623047625],[81.95574951171909,18.37925048828197],[81.95656141493089,18.380550265842714],[81.95965847439265,18.37879570855108],[81.96048529730933,18.377043592665643],[81.9593836805559,18.374821777344607],[81.95986355251785,18.373914794922655],[81.96111640082478,18.37361640082537],[81.9626128472226,18.37287896050418],[81.9630502658423,18.371918538412217],[81.9608418782554,18.370876329210773],[81.9602830674915,18.369357910156964],[81.96111680772606,18.367782389323622],[81.96147583007848,18.366161159940077],[81.96046861436645,18.3652277289504],[81.96110582139784,18.363104112413964],[81.95951361762184,18.362783067492046],[81.9591097005212,18.365738389757723],[81.95772189670174,18.366383599176174],[81.95692966037359,18.365528564453882],[81.95498277452282,18.365538330078834],[81.95496446397601,18.366939154731597],[81.9537319607208,18.365838623047637],[81.95333862304705,18.36667195638097],[81.95143663194466,18.367412651910456],[81.95083862304716,18.36833862304769],[81.95000637478319,18.36860582139832],[81.9488941786027,18.36757934570386],[81.95013604058192,18.367186143663957],[81.94960842556446,18.366189100478152],[81.94777248806446,18.365838623047637],[81.94637912326425,18.364400906033723],[81.9436442057293,18.363048773872436],[81.9380725097659,18.361683756511184],[81.93419270833346,18.360039062500732],[81.93327745225707,18.359171956380976],[81.9322275119361,18.359727511936512],[81.92951199001749,18.359994710287197],[81.92676472981788,18.357612033420878],[81.92347276475715,18.3566402180997],[81.92291666666699,18.355694444445135],[81.9216404893665,18.355868869358346],[81.92169284396715,18.357188042535483],[81.92138129340293,18.357776692709024],[81.92230387369818,18.359861111111798],[81.92193630642385,18.360555555556346],[81.92223063151056,18.361111789280415],[81.92167331271742,18.362249484592724],[81.92277289496553,18.36220594618129],[81.92335842556452,18.362837999132694],[81.92327528211831,18.36493652343819],[81.92418280707494,18.366119927301042],[81.9241495768232,18.366959228516407],[81.92559122721389,18.36840494791744],[81.92553710937517,18.369769829644838],[81.92470594618084,18.37054009331672],[81.9250071885852,18.37110934787404],[81.92466837565132,18.37240207248334],[81.92358886718785,18.372911512587507],[81.92363755967898,18.374141167535413],[81.92304660373298,18.375000000000796],[81.92361952039943,18.37583265516571],[81.92250352647585,18.378343234592705],[81.92142198350717,18.377770996094455],[81.92096204969636,18.377789171007635],[81.92147894965308,18.378765869141375],[81.92250569661479,18.379717339410547],[81.92192857530415,18.38112589518306],[81.92195651584217,18.38183308919355],[81.92281331380224,18.382216932509436],[81.92332804362013,18.3816613769539],[81.9247577582467,18.381116400825363],[81.92626261393247,18.38274061415001],[81.92714450412359,18.383050265842883],[81.92636623806459,18.38083007812571],[81.92696099175367,18.379706353082327],[81.92868462456624,18.37973063151111],[81.9291613769534,18.38222751193655],[81.92977810329887,18.383050265842883],[81.93081746419307,18.381928575304528],[81.93335828993088,18.3813233778219],[81.93327636718772,18.379258897570196],[81.93387532552117,18.37812703450595],[81.93515692816862,18.377783067492032],[81.93591891818619,18.37939765082541],[81.93808837890646,18.38000230577336],[81.93905612521718,18.381046956381113],[81.93945244683187,18.37938313802158],[81.94003553602465,18.37889417860316],[81.94072618272588,18.37963962131147],[81.94112494574688,18.38089925130288],[81.94173990885457,18.384664577908836],[81.94045491536485,18.385996907552794],[81.93974026150187,18.387511393229943],[81.93657647026924,18.386530490452174],[81.93551866319478,18.388771972657025],[81.93385742187525,18.38916761610318],[81.93323838975721,18.38983574761363],[81.93362765842039,18.390571424696873],[81.93450629340305,18.390536566841035],[81.93527248806441,18.391545817058045],[81.93389417860283,18.39229858398511],[81.93555026584221,18.39390516493137],[81.93469495985278,18.393895534939986],[81.93473212348124,18.394834255643104],[81.93669392903661,18.395271131728293],[81.93661824544284,18.393361952040664],[81.93700032552107,18.393060845269986],[81.93825547960085,18.394415554471266],[81.93889417860265,18.394716932509425],[81.93921590169305,18.395733235677938],[81.94000528971395,18.396105821398407],[81.9403407118059,18.397513970269813],[81.94085625542562,18.397493625217805],[81.94150105794301,18.395456814236923]],[[81.94731635199679,18.369489474827162],[81.94986111111126,18.369305555556252],[81.94998440212703,18.370679389106613],[81.9487634277346,18.37145589192778],[81.94744533962688,18.371377360026827],[81.94686998155402,18.370733506945214],[81.94731635199679,18.369489474827162]]]}},{"type":"Feature","id":"hydrolakes:15685","properties":{"Hylak_id":15685,"Lake_name":"","Country":"India","Continent":"Asia","Poly_src":"SWBD","Lake_type":1,"Grand_id":0,"Lake_area":20.45,"Shore_len":65.45,"Shore_dev":4.08,"Vol_total":585.53,"Vol_res":0.0,"Vol_src":3,"Depth_avg":28.6,"Dis_avg":123.477,"Res_time":54.9,"Elevation":317,"Slope_100":7.67,"Wshd_area":5859.6,"Pour_long":81.806527,"Pour_lat":17.935991,"source_id":"hydrolakes:15685","label":""},"geometry":{"type":"Polygon","coordinates":[[[81.94531331380244,17.99450520833409],[81.94497653537343,17.99385158962741],[81.94773640950535,17.993907877604897],[81.94833062065987,17.99368937174546],[81.94720255533872,17.9922028266065],[81.94434163411483,17.9922173394105],[81.94383544921897,17.99065728081672],[81.94303656684053,17.990280490452164],[81.94223049587708,17.991119520400048],[81.94143527560783,17.990709906684742],[81.94082668728333,17.988880479601505],[81.93893920898455,17.988918999566806],[81.93509182400203,17.987279188368802],[81.9304460991757,17.98629801432361],[81.92914767795156,17.98694173177165],[81.92824964735269,17.986006944445194],[81.92718397352445,17.986555853950335],[81.92539944118943,17.98534627278724],[81.92140842013902,17.98462917751806],[81.91948744032146,17.983464355469494],[81.91916937934059,17.98639160156324],[81.91863308376765,17.987432725695328],[81.9171813964847,17.987775065104927],[81.91521579318595,17.987102186415655],[81.9112295193147,17.984873725044167],[81.91018378363736,17.983785400391355],[81.9108410644534,17.982186957465956],[81.91081407335088,17.98086249457532],[81.91116197374146,17.98018731011365],[81.91322998046888,17.979683159723038],[81.91510213216179,17.98027506510482],[81.91585245768272,17.979130452474635],[81.91582397460968,17.977735053169113],[81.91526353624153,17.97664713541741],[81.91276977539087,17.976697998047598],[81.91152235243072,17.975399712457204],[81.91083604600726,17.97611395941925],[81.90877929687514,17.97580756293479],[81.90833102756113,17.97442586263088],[81.90695203993073,17.97310099283925],[81.90631578233547,17.970908338759557],[81.90360649956614,17.96888047960141],[81.90286716037343,17.968895534939975],[81.90401000976584,17.970581597222917],[81.90361965603319,17.974443495009382],[81.90275878906277,17.97499728732714],[81.9014800347224,17.97366617838611],[81.8980386013456,17.971805555556273],[81.89810072157132,17.96875651041728],[81.89719238281282,17.96833604600772],[81.895023464627,17.969453396268023],[81.89443033854207,17.969441324870616],[81.89445054796028,17.968449435764683],[81.89542507595507,17.967011854384396],[81.89522610134577,17.965002712674277],[81.89389160156281,17.96639160156326],[81.8933143446182,17.966663953993873],[81.89273057725717,17.966056315104936],[81.89189114040823,17.9643259006084],[81.88978081597253,17.963493923611793],[81.88599663628491,17.96388373480977],[81.88402452256969,17.962387288412117],[81.88201565212688,17.96189751519171],[81.8816608344186,17.960804172092708],[81.88025173611123,17.95854885525239],[81.87969238281278,17.95805826822982],[81.8787555609814,17.95903333875941],[81.87734632704013,17.959490695530178],[81.87592909071213,17.95900553385485],[81.87402737087723,17.957104763455618],[81.87221950954876,17.95639160156321],[81.87102647569469,17.95548638237915],[81.86636393229202,17.955546603733353],[81.8650132921008,17.954140896268143],[81.86357571072068,17.954170193143057],[81.86305826822928,17.955329454210755],[81.86456095377622,17.956773139106645],[81.86778632269994,17.957776828342787],[81.86777004665811,17.958570421007778],[81.86514105902796,17.958998345269777],[81.86471991644999,17.96029635959269],[81.86412353515652,17.960869276259416],[81.86214721679704,17.960828993056282],[81.85946316189268,17.958035346137876],[81.8580128309464,17.95806491428027],[81.85577473958352,17.959190945096168],[81.85412434895875,17.95915730794343],[81.85417005750901,17.956913926867003],[81.85581719292549,17.955331353082386],[81.85721950954877,17.95163682725763],[81.8563514539934,17.95080281575588],[81.8552528211809,17.950269775391348],[81.85464721679716,17.950282118056293],[81.85110120985269,17.95362711588615],[81.84942518446212,17.952763671875687],[81.84885918511316,17.951596815321864],[81.84890909830756,17.949147677952112],[81.8479930284293,17.948336046007626],[81.84557861328176,17.95079481336876],[81.84331434461825,17.95110839843818],[81.84276570638053,17.950537380643027],[81.84163045247413,17.94998657226637],[81.83899576822938,17.95004028320386],[81.83804158528659,17.94971367730102],[81.83805894639784,17.948858371311417],[81.83916395399325,17.94768541124199],[81.83857028537352,17.946669379341017],[81.83561726888041,17.947656521268186],[81.835242919922,17.949955919054503],[81.83243435329894,17.95050415039134],[81.83014295789962,17.94811930338608],[81.82801472981794,17.947780490452203],[81.82614366319461,17.948420952691663],[81.82695163302964,17.95002319336004],[81.82860392252633,17.95164347330791],[81.82944173177134,17.95310370551283],[81.82691324869825,17.953052029080595],[81.824989013672,17.952222357856613],[81.8244471571183,17.950552842882814],[81.82358723958345,17.949419487848047],[81.82219658745674,17.949447835287174],[81.82033976237005,17.95070651584274],[81.81805826822932,17.949719509549368],[81.81638332790811,17.949311116537217],[81.81554158528672,17.948877495660383],[81.81556939019111,17.947513563368886],[81.81432793511328,17.94544908311707],[81.81232598198807,17.944961073134493],[81.81001315646716,17.94500827365522],[81.80910183376756,17.944696316190004],[81.80611300998305,17.94288384331668],[81.80421006944471,17.940316704644772],[81.80391872829881,17.938336046007635],[81.80660142686651,17.940134684245606],[81.8091693793404,17.940552842882653],[81.81060628255221,17.94113552517433],[81.81474202473987,17.941385633681307],[81.8147136773008,17.939999050564893],[81.81557454427121,17.939724934896617],[81.81636569552961,17.9405483669712],[81.8174972873266,17.941113823785372],[81.8189649793838,17.9413861762161],[81.81971950954903,17.940525716146567],[81.81870971679712,17.938511149089265],[81.8164788140192,17.939082845052837],[81.81609415690122,17.938289794922525],[81.81152777777822,17.933472222222917],[81.80915351019979,17.934174940321896],[81.80590128580747,17.93417371961874],[81.80415242513033,17.936674940321836],[81.8027752007381,17.936669514974653],[81.80145182291682,17.935772569445135],[81.79749728732651,17.935853271485087],[81.79691840277798,17.934659966363654],[81.7963590494794,17.934169379341085],[81.79475124782994,17.934997694228116],[81.79310356987878,17.93531928168477],[81.79194715711827,17.936140950521633],[81.793043212891,17.93826850043473],[81.79388617621555,17.941113823785372],[81.79471950954877,17.94280761718818],[81.79415812174511,17.943897162544204],[81.79331393771719,17.94389214409796],[81.7903096516929,17.94665052625942],[81.79015679253496,17.949163953993718],[81.79164605034742,17.948154432509398],[81.79194173177109,17.946941731771517],[81.79249728732668,17.946386176216038],[81.79336859809047,17.946103379992053],[81.79523803710953,17.946086425781914],[81.79606472439264,17.946512315538882],[81.79669650607656,17.948052842882646],[81.79777520073804,17.94749715169354],[81.80001939561652,17.947503255209142],[81.80156250000022,17.949109293620495],[81.80329142252623,17.950135633681214],[81.80503377278666,17.950560302735255],[81.80615152994807,17.951136067709058],[81.80696261935776,17.951956515842767],[81.80784044053831,17.95376573350768],[81.81038506401927,17.95739271375942],[81.81177829318608,17.958306342231765],[81.81334296332483,17.957770724827185],[81.8153076171879,17.959719509549302],[81.81694715711825,17.958891601563266],[81.81750000000034,17.958316379124028],[81.81805284288231,17.958891601563266],[81.82289523654543,17.960590006511097],[81.8247416178387,17.960552300347956],[81.82562771267379,17.95965833875937],[81.82810913085956,17.95845445421088],[81.82920464409739,17.959197048611884],[81.83086086697068,17.959163275825404],[81.83330715603324,17.959790174696934],[81.83365139431436,17.962255723742032],[81.83611314561648,17.96194105360314],[81.84042534722238,17.964683566623933],[81.8431222873266,17.965568305122247],[81.8453450520837,17.96585042317787],[81.84792371961822,17.96896769205796],[81.84860839843788,17.968581271702078],[81.84748630099847,17.967480061849642],[81.84750352647598,17.96663547092095],[81.84808051215305,17.965515136719432],[81.84864854600715,17.964969482422532],[81.84975843641519,17.96443101671082],[81.85144856770847,17.96445421007013],[81.85305297851579,17.965280626085757],[81.85560275607668,17.965287272136095],[81.85721950954877,17.966974283854825],[81.85664171006954,17.96809597439318],[81.8555078125002,17.969185384115235],[81.85556396484401,17.97193888346436],[81.85487182617209,17.972960069445207],[81.85642008463577,17.973337537978182],[81.8574917263457,17.974452853733453],[81.85853854709228,17.97417371961876],[81.85999728732651,17.97528049045212],[81.86165256076407,17.975817735460737],[81.86317532009565,17.97697319878546],[81.86475762261307,17.9769409179695],[81.86527506510447,17.975781656901745],[81.86325005425374,17.973836127387813],[81.8593698459203,17.971574707032005],[81.85861382378494,17.969986300998983],[81.85987386067734,17.969375000000753],[81.8605528428821,17.96829250759629],[81.85999606662341,17.9666661241327],[81.86040785047766,17.96586669921942],[81.86276489257824,17.966673448351457],[81.8638865831166,17.96638604058245],[81.86649169921901,17.966393771702087],[81.86695760091175,17.96782958984454],[81.86694946289094,17.96927124023506],[81.87004787868955,17.96821072048681],[81.87170111762168,17.968896348742078],[81.87253051757841,17.969759657118914],[81.87306355794306,17.970858289931243],[81.87302517361132,17.97273980034788],[81.87362901475711,17.97363064236191],[81.87474202473976,17.973607855903595],[81.87471394856811,17.972235378689902],[81.87585625542567,17.969685872396497],[81.87814032660611,17.969732394748917],[81.88189019097251,17.971828748915755],[81.88474650065126,17.972386338976378],[81.89046196831623,17.97451117621597],[81.89083062066004,17.975307617188207],[81.89022691514771,17.976479356554535],[81.88723537868952,17.97720865885492],[81.88636935763918,17.977795681424368],[81.8863978407121,17.979191623264683],[81.88808051215295,17.980008002387876],[81.89076185438381,17.98004109700588],[81.89140747070331,17.979708387587493],[81.89264146592927,17.97973361545212],[81.89149291992214,17.983128526476378],[81.89270697699675,17.984441731771597],[81.89590115017376,17.98250461154589],[81.89842800564253,17.98336941189308],[81.90016384548642,17.984263780382662],[81.9012010362415,17.985845675998917],[81.90194715711817,17.985830485026725],[81.90362169053844,17.98723619249205],[81.90524034288228,17.98720309787393],[81.90817871093765,17.988401014540614],[81.90869913737026,17.990004611545885],[81.90946384006094,17.991132948134407],[81.91110853407139,17.9919472927524],[81.91185451931455,17.991932101780208],[81.91293918185784,17.993586425781928],[81.9141803656687,17.993886176215938],[81.91510416666699,17.992028130426093],[81.914310574002,17.991265733507646],[81.91542629665815,17.9908360460077],[81.9159950086808,17.992008463542334],[81.91677693684909,17.991605631511106],[81.9197249348963,17.99249728732707],[81.92142930772604,17.993080512153654],[81.92221421983521,17.993897569445153],[81.9233638509117,17.993874104818417],[81.92438273111992,17.99281358507011],[81.925494791667,17.99208455403715],[81.92999823676246,17.992502848307993],[81.93273234049514,17.992447102865242],[81.93333062065989,17.993069797092687],[81.93432834201411,17.99304945204068],[81.93555297851577,17.992219373915646],[81.93717773437521,17.992203233507666],[81.93876654730934,17.992747124566677],[81.94027764214428,17.99389363606838],[81.94111016167557,17.99332926432379],[81.94199042426254,17.993630506728152],[81.94278049045164,17.994452853733378],[81.94333604600729,17.994441596137847],[81.94397325303862,17.99541354709271],[81.94531331380244,17.99450520833409]],[[81.88284247504356,17.96664374457538],[81.8812601725262,17.96563924153719],[81.8788659667972,17.964745144314975],[81.87863403320341,17.96431003146779],[81.87944539388047,17.963728434245468],[81.8808562554255,17.963356255426106],[81.88208333333347,17.962638888889558],[81.88402723524348,17.96316718207538],[81.88466959635446,17.964832763672632],[81.88437757704008,17.96631076388968],[81.88284247504356,17.96664374457538]],[[81.84721950954895,17.953608398438178],[81.84902777777796,17.953194444445103],[81.84967868381096,17.953871934679512],[81.85072224934925,17.954378255209065],[81.84965969509568,17.956941731771565],[81.84710706922772,17.956067979601414],[81.84653062608521,17.954291856554676],[81.84721950954895,17.953608398438178]]]}},{"type":"Feature","id":"hydrolakes:15689","properties":{"Hylak_id":15689,"Lake_name":"","Country":"India","Continent":"Asia","Poly_src":"GRanD","Lake_type":2,"Grand_id":4972,"Lake_area":17.21,"Shore_len":53.47,"Shore_dev":3.64,"Vol_total":238.0,"Vol_res":238.0,"Vol_src":2,"Depth_avg":13.8,"Dis_avg":16.99,"Res_time":162.1,"Elevation":116,"Slope_100":2.39,"Wshd_area":1402.9,"Pour_long":80.659375,"Pour_lat":17.689583,"source_id":"hydrolakes:15689","label":""},"geometry":{"type":"Polygon","coordinates":[[[80.65527188323284,17.732238103980706],[80.65511846576874,17.729706715823625],[80.6547349221085,17.729016337235294],[80.65366099986022,17.728939628503497],[80.6522035339517,17.729323172163674],[80.65082277677499,17.729016337235294],[80.65020910691885,17.728172541183028],[80.64936531086613,17.725871279221963],[80.64790784495761,17.725334318097964],[80.64698734017344,17.72472064824143],[80.6464503790491,17.723263182332914],[80.64597802847487,17.722633381567164],[80.6464141845704,17.722214355469532],[80.64918240017386,17.722236599393],[80.64989447699662,17.724431152344437],[80.6511362033421,17.723589409722877],[80.65110792371974,17.72220648871621],[80.64720845540387,17.719424370660533],[80.6472386338977,17.71794460720554],[80.6487803819445,17.71693359375098],[80.64974724663642,17.716953396268195],[80.65080471462687,17.718054199219466],[80.6530381944446,17.718417697483517],[80.65457858615468,17.72076714409826],[80.65527553982247,17.721108398438048],[80.65610833062073,17.720306803386222],[80.65305277506548,17.71666937934117],[80.65249213324688,17.71524793836869],[80.65251180013041,17.714283311632755],[80.65405836317314,17.71353298611183],[80.65525933159745,17.71434705946251],[80.65610833062073,17.71384277343816],[80.65476915147588,17.71124321831678],[80.6544441731773,17.708583713108396],[80.6520255533855,17.705927734375962],[80.6516694471573,17.70436008029594],[80.6522300889759,17.700523546007616],[80.65223327636733,17.699041069879343],[80.65524536132853,17.69785319010481],[80.65555338541697,17.697218153212475],[80.65778055826837,17.697775065104963],[80.65845079210084,17.699108615451962],[80.6608361138239,17.699441731771742],[80.66122063530838,17.700234103733294],[80.66374667697528,17.701053873698584],[80.66472262912356,17.700551215278608],[80.66612318250907,17.701684841580573],[80.66725843641512,17.70223578559103],[80.66832017686642,17.702214084202126],[80.67033162434922,17.702775065105186],[80.67083055284326,17.701564670139703],[80.6686056857643,17.700683322483258],[80.66860785590313,17.69803602430636],[80.66591769748277,17.695314670139624],[80.66311896430142,17.693262261285497],[80.662599080404,17.691660156250634],[80.66142605251753,17.689929741754156],[80.66000278049069,17.68416395399379],[80.6589341905385,17.681694064670808],[80.65657640245257,17.67990044487931],[80.65583611382391,17.676108398438316],[80.6535350206164,17.672502712674145],[80.65278055826843,17.67336317274379],[80.65351908365909,17.674796820747133],[80.6548394097224,17.67653700086879],[80.65449422200561,17.677775065104697],[80.65166115497033,17.676506736349666],[80.64951872833063,17.67317238031501],[80.64629696158494,17.6716382056743],[80.64576000046071,17.671101244550073],[80.64529974806845,17.6716382056743],[80.64476278694411,17.67317238031501],[80.64468607821215,17.67501338988376],[80.64384228215994,17.675703768472204],[80.64284506864334,17.675243516079945],[80.64223220670164,17.673622399125463],[80.64246152498333,17.669336943713404],[80.64131089400274,17.668109604000733],[80.64092735034262,17.667035681752566],[80.63970001063018,17.666958973020144],[80.64023697175418,17.668953400053454],[80.64023697175418,17.670564283425847],[80.639853428094,17.67133137074626],[80.63885621457763,17.671868331870485],[80.63686178754489,17.671561496942502],[80.63502077797602,17.66949036117768],[80.63402356445977,17.66926023498121],[80.63364002079982,17.667649351608702],[80.63264280728305,17.66734251668055],[80.63195242869483,17.667956186537083],[80.6304949627862,17.667495934144426],[80.62949774926983,17.666345303164064],[80.62949774926983,17.66519467218359],[80.62888407941341,17.665117963451394],[80.62527876900782,17.666268594432154],[80.62512535154366,17.66680555555621],[80.62581573013199,17.66734251668055],[80.62788686589704,17.66741922541263],[80.62896078814549,17.669030108785137],[80.62934433180561,17.670104031033702],[80.62942104053764,17.67133137074626],[80.62842382702127,17.672788836654775],[80.63011141912574,17.67240529299471],[80.63110863264251,17.673709341439235],[80.63179901123061,17.674092885099412],[80.63218255489068,17.67516680734809],[80.63379343826335,17.676700981988574],[80.63233597235507,17.679385787609647],[80.63110863264251,17.679385787609647],[80.630418254054,17.679846040002076],[80.63087850644627,17.680459709858326],[80.63095521517835,17.681226797178624],[80.6304949627862,17.68207059323089],[80.62888407941341,17.682147301963028],[80.62857724448554,17.681380214642786],[80.62773344843293,17.680689836054285],[80.62665952618448,17.682147301963028],[80.62520206027563,17.682530845623262],[80.62665952618448,17.6828376805513],[80.6264293999883,17.683758185335705],[80.62420484675948,17.684678690119995],[80.62359117690306,17.683911602799583],[80.62190358479836,17.684678690119995],[80.62343775943896,17.684908816316067],[80.62451168168752,17.686442990956664],[80.62650610872049,17.6862895734929],[80.6274266135049,17.685829321100414],[80.62853279475229,17.684649394436804],[80.62912407769113,17.684764811198818],[80.62944444444486,17.68640597873349],[80.63003058539539,17.685795898438414],[80.63055277506538,17.684719509549325],[80.6316914198137,17.684447157118996],[80.63334160698798,17.685565863716135],[80.63333007812497,17.68613064236206],[80.63277499728741,17.6866639539939],[80.63250278049077,17.687531195747283],[80.63418613010003,17.68749674479244],[80.63472052680135,17.686940646702283],[80.63667073567734,17.68744032118144],[80.6366634114587,17.687797309028554],[80.63609110514341,17.688347167969425],[80.63500800238762,17.68832492404607],[80.6343616400826,17.688658040365283],[80.63482516818584,17.69001220703211],[80.63565904405408,17.689995117188175],[80.6363861083986,17.688886176215988],[80.63738193088136,17.68840304904586],[80.63835252549939,17.68890299479233],[80.63872139955089,17.689663189951204],[80.6383959621856,17.69058526248665],[80.63747545740102,17.691352349806834],[80.63647824388488,17.692119437127474],[80.63502077797602,17.692426272055343],[80.63463723431579,17.692809815715464],[80.63302635094328,17.695034368944505],[80.6329496422112,17.69549462133665],[80.63477783842518,17.694555817875766],[80.63516499837266,17.695275065104852],[80.6383503553605,17.694165852865297],[80.63906467013919,17.693422580295817],[80.6408355950079,17.692915455113507],[80.64154102019893,17.69303994191165],[80.64204927241161,17.69373301311066],[80.64269165117918,17.69603158246099],[80.64108076780667,17.69725892217366],[80.63946988443399,17.69725892217366],[80.63778229232906,17.69817942695812],[80.63617140895639,17.700250562722886],[80.63494406924406,17.701017650043184],[80.63594128276054,17.70216828102383],[80.63632482642055,17.703165494540087],[80.6360947002247,17.70462296044883],[80.63379343826335,17.70462296044883],[80.63317976840716,17.704392834252758],[80.63241268108698,17.703549038200265],[80.63164559376645,17.70216828102383],[80.63110863264251,17.697642465833894],[80.62834711828907,17.698256135689803],[80.62758003096894,17.698332844421998],[80.62681294364836,17.698102718225925],[80.6264293999883,17.69603158246099],[80.625662312668,17.6973356309054],[80.62558560393592,17.698716388082346],[80.6248952253477,17.699330057938596],[80.62428155549134,17.699560184134555],[80.62313092451069,17.699406766670336],[80.62128991494211,17.698639679350265],[80.62282408958293,17.700557397650925],[80.6264201524524,17.700836859809783],[80.62971035427535,17.702685004340992],[80.62999721950968,17.704447157118693],[80.63051222059477,17.70544704861186],[80.62913675944037,17.70610839843829],[80.62777777777802,17.705408257379247],[80.62671664767811,17.705954861111763],[80.62722513834649,17.70694200303916],[80.62752652137573,17.708423282342608],[80.62527876900782,17.708304979586273],[80.62420484675948,17.70646397001758],[80.62320763324288,17.705620173965087],[80.62267067211866,17.70669409621388],[80.62244054592259,17.70845839705032],[80.62152004113801,17.70646397001758],[80.62052282762164,17.705696882697055],[80.61952561410556,17.705773591429192],[80.61875852678503,17.706617387481458],[80.61860510932087,17.707154348605798],[80.61975574030123,17.707154348605798],[80.61975574030123,17.71037611535121],[80.62044611888996,17.712140416188106],[80.61929548790937,17.712907503508404],[80.61822156566058,17.712754086044185],[80.61753118707242,17.714134843220734],[80.61776131326855,17.71781686235846],[80.61822156566058,17.719274328266977],[80.61944890537325,17.719274328266977],[80.62121320621014,17.718737367142978],[80.62231606663033,17.718054644025813],[80.62360833062081,17.718014865452176],[80.62345539083725,17.717567980557135],[80.62366788563514,17.717510027430194],[80.6238213030993,17.71866065841067],[80.62359117690306,17.71950445446339],[80.62274738085063,17.72042495924768],[80.62351446817115,17.72142217276405],[80.62366788563514,17.722726221208575],[80.62297750704693,17.72387685218905],[80.62297750704693,17.725334318097964],[80.62343775943896,17.727098618934406],[80.62428155549134,17.727405453862787],[80.62558560393592,17.72717532766643],[80.62451168168752,17.724490522045357],[80.62543218647193,17.723339891064768],[80.62650610872049,17.72318647360072],[80.62827040955705,17.72441381331339],[80.62911420560988,17.723339891064768],[80.62788686589704,17.721498881495904],[80.62727319604056,17.71904420207079],[80.62704306984472,17.715899144057744],[80.62758003096894,17.715745726593752],[80.62880737068127,17.716896357574115],[80.62926762307342,17.717049775038276],[80.63110863264251,17.716052561521508],[80.63509748670822,17.71904420207079],[80.6360947002247,17.715899144057744],[80.63670837008073,17.714825221809235],[80.63670837008073,17.713751299560556],[80.63574556620881,17.71323699833431],[80.63670701768677,17.712752821181482],[80.63807556152364,17.711375054254233],[80.63890835232229,17.711392144098056],[80.64053853352885,17.713011881511363],[80.64139621310773,17.714779730903558],[80.64140326605917,17.716119791667552],[80.63991882324251,17.71561170789994],[80.63907321506099,17.716491970486913],[80.63861389160189,17.717596299913964],[80.63908847385005,17.718886176216245],[80.64055277506515,17.717775065104945],[80.64212388780402,17.71739203559116],[80.64353640911736,17.71882806799607],[80.64276835991137,17.719811289391316],[80.64338202976768,17.720578376711615],[80.64345873849987,17.72165229896001],[80.6423848162512,17.722956347404534],[80.64138760273482,17.72257280374447],[80.64138760273482,17.723953560920904],[80.64046709795059,17.724260395849285],[80.63885621457763,17.723263182332914],[80.63647824388488,17.723493308528987],[80.63663166134853,17.72410697838518],[80.63943117353398,17.72532079143076],[80.63944892035596,17.72619032118132],[80.64139166937952,17.72666395399392],[80.64215469005535,17.727405453862787],[80.64215469005535,17.728939628503497],[80.64131089400274,17.733925696085294],[80.64146431146696,17.734616074673795],[80.64298066186785,17.732483706922665],[80.64321228027353,17.732775065104818],[80.64470696343346,17.731761881511204],[80.64502699110261,17.730122341580625],[80.64544456791879,17.729768604576748],[80.64691063144096,17.73170114285648],[80.64829138861779,17.73139430792861],[80.65066935931088,17.732238103980706],[80.6513597378991,17.734155822281537],[80.65112961170303,17.735459870726004],[80.65028581565065,17.73668721043873],[80.653124038736,17.736610501706537],[80.6547349221085,17.734846200869868],[80.65527188323284,17.732238103980706]]]}},{"type":"Feature","id":"hydrolakes:15697","properties":{"Hylak_id":15697,"Lake_name":"","Country":"India","Continent":"Asia","Poly_src":"SWBD","Lake_type":2,"Grand_id":4978,"Lake_area":39.55,"Shore_len":54.4,"Shore_dev":2.44,"Vol_total":1276.0,"Vol_res":1276.0,"Vol_src":2,"Depth_avg":32.3,"Dis_avg":26.148,"Res_time":564.8,"Elevation":83,"Slope_100":5.1,"Wshd_area":2275.0,"Pour_long":82.087648,"Pour_lat":17.303967,"source_id":"hydrolakes:15697","label":""},"geometry":{"type":"Polygon","coordinates":[[[82.09193915473111,17.365550130209044],[82.09284518771727,17.364449869792338],[82.09603068033891,17.36575819227494],[82.09755588107669,17.366105685764524],[82.09863932291688,17.3655324978306],[82.0991613769533,17.363883463542322],[82.10089328342036,17.361572536892993],[82.10138359917585,17.360570475261113],[82.0976944986981,17.35645724826452],[82.09631103515648,17.355804307726316],[82.09510959201418,17.35457655165004],[82.09472751193607,17.351383463542277],[82.09219590928836,17.346912434896467],[82.09223714192723,17.345874565972906],[82.09344902886306,17.34143093533055],[82.09784993489615,17.3408295355909],[82.09943915473139,17.340272352431214],[82.10548272026938,17.340046657986818],[82.10841444227452,17.339131130643068],[82.10831407335087,17.336597764757585],[82.10450480143248,17.332884657118882],[82.10222751193595,17.329161241320094],[82.1002343750003,17.32714219835134],[82.09936062283003,17.32165771484449],[82.09739434136299,17.320501844618718],[82.09606377495697,17.318238389757596],[82.09518174913228,17.317421332465983],[82.09210978190123,17.317489963108244],[82.09083862304715,17.316454264323625],[82.0920670572919,17.314852430556243],[82.09390123155396,17.31427164713608],[82.09542060004361,17.313226182726282],[82.0961577690976,17.311315917969466],[82.09606391059066,17.308947211372185],[82.09516723632834,17.30833875868126],[82.09472751193607,17.309727647570128],[82.09408786349849,17.31065700954923],[82.0913307020403,17.31054768880273],[82.09017917209235,17.309305013021515],[82.0897275119359,17.306939019097854],[82.08791625976579,17.304129231771526],[82.08464192708368,17.299709743924268],[82.08265909830749,17.29825547960138],[82.08049465603335,17.298341200087407],[82.07808349609411,17.299617241754163],[82.07452501085106,17.30032552083395],[82.06966634114605,17.30221679687577],[82.06845635308179,17.30157660590345],[82.06727837456611,17.300305175782],[82.0660316297745,17.29950032552148],[82.06186577690988,17.29820122612921],[82.0591950141062,17.295884874132582],[82.05471516927116,17.293293999566572],[82.05258395724849,17.291493055556202],[82.04791693793436,17.288643120660424],[82.04582804362002,17.288060980903595],[82.04277248806437,17.286672092014555],[82.04081773546045,17.2849766710076],[82.03750800238765,17.28418836805622],[82.03443915473133,17.28389431423693],[82.03215955946195,17.28196777343817],[82.0296533203126,17.281625434028456],[82.02930555555571,17.281250000000625],[82.02430772569471,17.28169325086867],[82.02223673502618,17.282419162327074],[82.01944973415817,17.28483940972302],[82.02138739691856,17.286634657118668],[82.02166137695349,17.287712402344425],[82.02049411349856,17.28923475477501],[82.01866644965293,17.290097113715944],[82.01535698784755,17.289603678386072],[82.01396864149325,17.291102159288755],[82.00913994683185,17.29307481553883],[82.00917561848973,17.293975694445237],[82.0100981987851,17.297106391059685],[82.0088654242623,17.298713921441674],[82.0088955349396,17.299471842448668],[82.00973849826414,17.299438205295814],[82.00971652560787,17.29888400607706],[82.0102355957033,17.298403049045817],[82.01281032986134,17.297762586806186],[82.01349338107656,17.297789713542272],[82.01410319010432,17.299081759983267],[82.01564208984405,17.2997167968756],[82.01723700629356,17.298872884115212],[82.01797498914954,17.29890218099024],[82.01742770724854,17.300463595920803],[82.01832804362016,17.301979980469355],[82.01722751193608,17.30313395182361],[82.01850585937524,17.303883463542377],[82.01971693250903,17.303050130209044],[82.0217648654517,17.302724066840824],[82.02481770833361,17.303651801215892],[82.02527248806445,17.30556098090335],[82.02572808159738,17.30610568576452],[82.02813191731809,17.30472764757019],[82.03056084526924,17.305550130208985],[82.03193915473116,17.30667209201465],[82.03806084526946,17.307494574653447],[82.04184285481784,17.308990071615312],[82.04238945855064,17.31128499349029],[82.04119371202279,17.31239284939312],[82.03967651367208,17.312873263889628],[82.03972968207489,17.31421603732707],[82.0419928656687,17.314173990886047],[82.04371487087695,17.316840820313132],[82.04523980034753,17.317825520833992],[82.04625217013916,17.32102322048678],[82.04609537760433,17.324981553820123],[82.04351304796035,17.327011990018093],[82.03912516276063,17.326838107639674],[82.03586981879369,17.325040690104856],[82.03403591579888,17.32349093967082],[82.03333862304726,17.324016927084017],[82.03503499348977,17.326479492188128],[82.03500718858521,17.328375651042336],[82.03724880642375,17.32946668836871],[82.03719455295158,17.330838216146446],[82.038148871528,17.3317784288202],[82.03860582139782,17.334172092014455],[82.0392118326825,17.335389811198638],[82.03917697482649,17.337342664931214],[82.0414172363283,17.336873914931232],[82.04339423285626,17.336952311198672],[82.04486707899326,17.337731662327144],[82.0461058213977,17.337327473958965],[82.04500528971374,17.33534315321242],[82.04656236436665,17.333312717014564],[82.04802992079016,17.333370768229827],[82.04860582139776,17.33175618489645],[82.04752210829014,17.329118109809713],[82.05018554687518,17.329223632813182],[82.05099867079025,17.328793402778558],[82.05221693250894,17.329727647570223],[82.05662055121542,17.33025444878541],[82.05755520290808,17.330582139757553],[82.05885972764776,17.331866319445055],[82.05916137695351,17.334934624566586],[82.05751274956617,17.337084418403435],[82.05722751193599,17.339172092014678],[82.05589870876753,17.34055013020901],[82.05433200412335,17.33934895833403],[82.05357489691863,17.339749620226428],[82.05306084526944,17.340838758681173],[82.05183159722236,17.342349175347863],[82.05269395616347,17.343602159288878],[82.05409423828155,17.3479367404521],[82.05202826605927,17.349850802952062],[82.05281684027801,17.35058159722297],[82.05439086914095,17.350519205729995],[82.05579616970505,17.351262749566672],[82.05610582139786,17.35417209201455],[82.05643419053837,17.35510877821241],[82.05636311848991,17.356898600261104],[82.05660129123288,17.357494574653515],[82.05832790798638,17.356170789931184],[82.05943915473108,17.358060980903474],[82.06038465711833,17.35867133246603],[82.06156467013903,17.359944932726364],[82.06193915473125,17.359185926650014],[82.05971693250882,17.35667209201449],[82.05930541992205,17.354944390191633],[82.05714884440135,17.352094997830534],[82.05654039171043,17.34764322916749],[82.05906331380243,17.344543185764508],[82.061598714193,17.34413926866381],[82.06193915473125,17.34299967447987],[82.0602935112849,17.341474880642977],[82.0589260525175,17.341041937934733],[82.05861640082486,17.33956108941038],[82.06041069878506,17.33824490017429],[82.0633014594186,17.33835964626803],[82.0663491482207,17.34105360243126],[82.06670423719635,17.343652343750705],[82.06963094075547,17.3451228841152],[82.07093221028668,17.347138129340976],[82.07239474826417,17.348327907986743],[82.07366685655415,17.347452799479868],[82.07551717122413,17.347526041667322],[82.07748942057322,17.34903835720553],[82.08055026584219,17.35056098090348],[82.08194973415817,17.350827907986798],[82.08293701171908,17.351507432726407],[82.08372165256105,17.34972764757015],[82.08420600043422,17.351257595486743],[82.08489474826405,17.35166124132013],[82.08610839843772,17.35082628038265],[82.08638359917558,17.350889214410415],[82.08556084526947,17.352833658854877],[82.08712917751768,17.354286838108294],[82.08889417860286,17.356661241320182],[82.08933946397599,17.357604980469432],[82.09077528211827,17.35828260633741],[82.09023017035622,17.35983778211869],[82.08892442491356,17.361047634549266],[82.08713202582499,17.360419379340897],[82.08644694010445,17.36187093099022],[82.0845548502607,17.36232177734439],[82.08244032118074,17.36083875868127],[82.08139417860258,17.362555881077014],[82.08197170681456,17.363647460938182],[82.08379570855055,17.364508192274968],[82.08442857530417,17.365849338108262],[82.08362779405411,17.36581759982704],[82.08306084526947,17.366089138455493],[82.08477810329879,17.368050130208985],[82.08574028862881,17.367011990017943],[82.08613104926246,17.364558376736795],[82.08713107638908,17.3640863715284],[82.08899943033884,17.36222764757025],[82.08999471028665,17.36535400390693],[82.08833862304704,17.367030978733396],[82.08918253580754,17.368626030816586],[82.08917412651925,17.370604926216004],[82.09074666341161,17.370542534722915],[82.0899902343752,17.36944335937568],[82.09067043728328,17.368812934028426],[82.09005669487874,17.367652994792365],[82.09164143880241,17.366490614149996],[82.09193915473111,17.365550130209044]]]}},{"type":"Feature","id":"hydrolakes:15700","properties":{"Hylak_id":15700,"Lake_name":"","Country":"India","Continent":"Asia","Poly_src":"SWBD","Lake_type":2,"Grand_id":4980,"Lake_area":11.2,"Shore_len":35.22,"Shore_dev":2.97,"Vol_total":70.0,"Vol_res":70.0,"Vol_src":2,"Depth_avg":6.3,"Dis_avg":4.297,"Res_time":188.5,"Elevation":92,"Slope_100":0.7,"Wshd_area":445.2,"Pour_long":80.38792,"Pour_lat":17.20792,"source_id":"hydrolakes:15700","label":""},"geometry":{"type":"Polygon","coordinates":[[[80.38327073838985,17.238901367188134],[80.38392991807729,17.236134168837452],[80.38530337863511,17.238261176215985],[80.38493526882604,17.239666069879206],[80.38337168375665,17.242219509549273],[80.384054260254,17.245482042101344],[80.38610582139762,17.247505425347867],[80.38704128689261,17.247801378039014],[80.38805816650398,17.24776123046945],[80.38834052191862,17.248946668837448],[80.38931372748505,17.249848361545844],[80.39114830864816,17.250562608507664],[80.39166174994585,17.251116807726305],[80.39337761773004,17.251162380642995],[80.39475874159086,17.249671766493748],[80.39471428765205,17.248550347222817],[80.39414445665153,17.24747341579922],[80.39302829318592,17.247493489583974],[80.39306125217041,17.246662055122158],[80.3926808336048,17.245943196615258],[80.3912385728625,17.246448838976335],[80.38956515842028,17.245761447483346],[80.38861111111117,17.246266276042377],[80.38715847439238,17.24549750434096],[80.38553097195108,17.245562065972877],[80.38475755479624,17.244727376302762],[80.38444973415824,17.24262451171944],[80.38632175021723,17.24217854817772],[80.38711510552321,17.242598470052712],[80.38777248806429,17.243616536458944],[80.38842390272373,17.24392388237908],[80.38960452609615,17.243876953125664],[80.39056125217024,17.24222683376803],[80.39053310818156,17.24151719835129],[80.38860582139768,17.237783203125673],[80.38828104654965,17.23608181423674],[80.38635158962683,17.233857421875598],[80.3863810899523,17.23133056640694],[80.38549970838778,17.23051405165012],[80.38585981580968,17.228792860243743],[80.38669145372194,17.22715304904574],[80.38665761311881,17.226299099392975],[80.38501607259121,17.225094943577005],[80.38431569417327,17.22215467664995],[80.3849103800456,17.22111653645908],[80.38700503879136,17.221976725261015],[80.387727661133,17.222756618924393],[80.39324744330537,17.22594292534785],[80.39783789740676,17.22554470486176],[80.39776394314237,17.22367919921942],[80.39485670301667,17.223281792535317],[80.39348239474833,17.22255452474019],[80.3923883395725,17.22039035373342],[80.38987145317947,17.218503146702005],[80.38917195638044,17.216888563368684],[80.38973870171469,17.21581759982712],[80.39840325249577,17.21579210069507],[80.39888359917535,17.214645182292372],[80.39634412977443,17.21315212673693],[80.39541446261956,17.211712510851385],[80.39484303792318,17.20972764757005],[80.39444973415812,17.210560980903438],[80.39322174072271,17.21117838541744],[80.39133904351132,17.211103515625666],[80.38972751193592,17.20999457465348],[80.38865471733959,17.20965494791733],[80.38832536485467,17.208272298177747],[80.38777248806429,17.207227647570107],[80.38745120578352,17.204208713108414],[80.38660474989155,17.202978515625603],[80.38381256103537,17.202227647570055],[80.38084967719186,17.203219401042304],[80.37971750895196,17.20278347439296],[80.37556084526932,17.20027235243117],[80.37150848388677,17.198702256945126],[80.36961544460729,17.197399631077076],[80.36767391628712,17.197805989584083],[80.36667195638023,17.19917209201452],[80.36518107096362,17.199439019097838],[80.36316962348093,17.197268337674302],[80.36236111111134,17.19680555555624],[80.35946004231783,17.197853732639487],[80.3591161092125,17.20108561197992],[80.3592542860244,17.20457194010487],[80.35880998399529,17.205411512587432],[80.35625769721145,17.206219618056252],[80.35583862304713,17.206672092014514],[80.35431352403447,17.207391764323575],[80.35278496636289,17.205891113281893],[80.35245249430352,17.20449517144158],[80.35115671793625,17.204172092014517],[80.35083862304703,17.207577039931152],[80.35306084526911,17.208883463542293],[80.35357964409724,17.209443630643136],[80.35472751193595,17.20971679687574],[80.35507876926005,17.21009602864649],[80.35500569661468,17.212504611545796],[80.35412156846797,17.21400092230965],[80.3541482543946,17.216158854167304],[80.35214677598742,17.218115234375603],[80.35037933349616,17.217652180990285],[80.35000528971375,17.21904595269166],[80.35113708496112,17.219761284722892],[80.35110541449671,17.220560438368693],[80.35142439100491,17.220827907986802],[80.35396664089632,17.218084309896426],[80.35582804362002,17.217950303820146],[80.35499369303392,17.21916286892423],[80.35505591498497,17.219716796875673],[80.35660508897575,17.218897298177865],[80.35704362657344,17.217056206597817],[80.35802432590083,17.21639431423671],[80.35835808648011,17.2188362630215],[80.3597480943468,17.21916124132008],[80.3604060872396,17.21776719835151],[80.36250528971368,17.21611653645897],[80.36393876817493,17.21456922743124],[80.3699244520401,17.211069607205502],[80.37124064127607,17.21112169053896],[80.37166137695323,17.21183919270902],[80.37082804361995,17.213050130208956],[80.37000528971356,17.216672092014562],[80.36885169135212,17.218089463976355],[80.36889678955094,17.219226888021467],[80.3708741590712,17.219148491754027],[80.37297298855265,17.2164960394972],[80.37437835693362,17.21605116102495],[80.37562354193795,17.217006022136218],[80.3765957980687,17.2190660264763],[80.3769391547309,17.222000325521435],[80.37562262641075,17.22448838975771],[80.37496466742641,17.22646945529584],[80.37500790066196,17.227560221354793],[80.37667185465494,17.227494303386038],[80.3769391547309,17.228389214410413],[80.37638319227432,17.22943983289997],[80.37637396918433,17.230792643229847],[80.37687869601803,17.233205023872245],[80.37405500623919,17.235242784288857],[80.37361640082486,17.2360294596362],[80.37583862304695,17.23638346354238],[80.37636155870229,17.23694797092088],[80.3797706773546,17.237220323351323],[80.3805502658422,17.23813178168473],[80.37974989149319,17.24041531033049],[80.37934227837474,17.24551676432361],[80.37882175021701,17.246500379775],[80.3789150661895,17.248854709202078],[80.37858381483318,17.249480794271506],[80.37701124403225,17.250222981771515],[80.37474904378263,17.25177951388963],[80.37444973415808,17.253266872830466],[80.37702077229818,17.25360568576457],[80.37872667100714,17.253007812500698],[80.38134592692057,17.250180935330548],[80.38184129503048,17.245526258681195],[80.38136471218559,17.24324842665004],[80.38137295193155,17.24168158637218],[80.3822169325087,17.23999457465345],[80.38327073838985,17.238901367188134]]]}},{"type":"Feature","id":"hydrolakes:15704","properties":{"Hylak_id":15704,"Lake_name":"","Country":"India","Continent":"Asia","Poly_src":"SWBD","Lake_type":2,"Grand_id":4983,"Lake_area":12.28,"Shore_len":24.51,"Shore_dev":1.97,"Vol_total":69.3,"Vol_res":69.3,"Vol_src":2,"Depth_avg":5.6,"Dis_avg":13.15,"Res_time":61.0,"Elevation":79,"Slope_100":1.01,"Wshd_area":1207.6,"Pour_long":81.25533,"Pour_lat":17.099183,"source_id":"hydrolakes:15704","label":""},"geometry":{"type":"Polygon","coordinates":[[[81.20472493489603,17.1252804904521],[81.20499728732653,17.123886176215933],[81.20613064236119,17.122214084202085],[81.20763617621543,17.12224473741378],[81.20842881944458,17.120611165365347],[81.20986667209229,17.120144314236768],[81.21028049045145,17.119713812934663],[81.2114786783855,17.11973822699713],[81.21243950737869,17.11827284071245],[81.21418036566848,17.116924370660342],[81.21414740668422,17.115307074653458],[81.21445583767371,17.114708387587484],[81.21530829535601,17.114725748698618],[81.21688028971363,17.116361762153474],[81.21777506510443,17.114997287327185],[81.21854654947947,17.114622938368655],[81.22189927842891,17.110893012153383],[81.22361382378494,17.110558268229852],[81.22472167968783,17.109717610677876],[81.22547661675361,17.11010660807358],[81.22639160156263,17.11166395399374],[81.22666395399318,17.11251898871609],[81.22598402235252,17.11317220052149],[81.22695285373266,17.114449055990235],[81.22693779839437,17.115187174479786],[81.22806396484395,17.116671278212436],[81.22805840386292,17.117502712674366],[81.2274861653649,17.118346896702064],[81.22750339084223,17.11919216579929],[81.23025363498289,17.11918023003551],[81.23293809678842,17.118194986979972],[81.23491441514761,17.11613796658048],[81.2361083984378,17.11694715711866],[81.23695814344632,17.117219509549273],[81.2382538519966,17.114992133247142],[81.23932345920161,17.11416937934092],[81.24097507052954,17.115289171007532],[81.24172905816005,17.115273708767972],[81.24305284288221,17.114335123698538],[81.24165093315986,17.112023383247163],[81.24167860243085,17.11066297743116],[81.24253648546028,17.10939751519163],[81.24525200737861,17.107617187500637],[81.24652777777806,17.10827446831661],[81.2475185818144,17.107763943143027],[81.24916395399322,17.10779758029588],[81.25197496202264,17.105518120660406],[81.25274603949669,17.10392903645908],[81.25419203016503,17.102214355469357],[81.25628879123275,17.102204318577037],[81.25666395399332,17.10025309244861],[81.25543497721378,17.09844021267429],[81.25329630533867,17.09692301432358],[81.25012301974846,17.093745659722913],[81.24375000000015,17.088194444445094],[81.24305284288221,17.08833062066043],[81.24012668185799,17.08981282552145],[81.2391368272572,17.089141710070237],[81.2377636718752,17.089169921875794],[81.23778103298622,17.090019531250675],[81.23916178385446,17.091346028646456],[81.23944173177091,17.09281846788258],[81.2388159179689,17.094646809896574],[81.23666395399334,17.094997287326976],[81.23343885633687,17.09603515625065],[81.23186089409734,17.095241427952033],[81.22998033311643,17.095562065972842],[81.23000311957492,17.09668050130273],[81.2315711805557,17.097441406250596],[81.23194173177114,17.099746907552742],[81.23067776150219,17.10161159939298],[81.22831041124147,17.102775065104822],[81.22560085720494,17.100719129774916],[81.22444444444466,17.101114908854697],[81.22280083550368,17.10055230034783],[81.22193115234415,17.10056993272633],[81.2204264322919,17.09900390625063],[81.21802571614597,17.098336046007717],[81.2167503526477,17.098993055556207],[81.21572984483515,17.0979616970493],[81.21499172634572,17.09834174262221],[81.21500542534733,17.099019097222822],[81.21421698676238,17.099441731771492],[81.21385565863721,17.097590332031984],[81.21290703667557,17.097224934896474],[81.2122403971357,17.09859917534783],[81.21136203342024,17.09947808159785],[81.20833591037336,17.101114095052708],[81.20700453016508,17.101086697049254],[81.20572021484384,17.101526421441633],[81.20415852864608,17.103908148872165],[81.20418389214433,17.10515001085139],[81.20586832682301,17.105560709636052],[81.20666395399326,17.106435004340938],[81.20560017903665,17.10849989149375],[81.20401869032139,17.109536946615265],[81.2002777777779,17.111393229167277],[81.19896226671028,17.110715332031873],[81.19827677408881,17.109342990451978],[81.19772610134578,17.108891601563187],[81.19635837131108,17.110315212674266],[81.19583604600706,17.111391601563128],[81.19337361653675,17.112276746962436],[81.19305826822938,17.113891601563182],[81.19200195312521,17.114404296875648],[81.19312038845487,17.116054144965915],[81.19277113172751,17.11638970269172],[81.19333618164092,17.11666395399368],[81.1933300781252,17.11696397569517],[81.19256184895858,17.117702094184665],[81.1922249348961,17.11666395399368],[81.1906765407989,17.116113823785383],[81.1894471571182,17.11694715711866],[81.1880415852869,17.117511393229847],[81.18805894639769,17.118363986545774],[81.18894951714435,17.119219563802687],[81.19002983940987,17.11971950954927],[81.19111911349853,17.119158257379127],[81.19168646918422,17.119169921875653],[81.19165730794282,17.12059814453187],[81.1941620551217,17.12054714626811],[81.19536159939264,17.121457519531873],[81.19610839843762,17.12224121093817],[81.19527316623294,17.12304361979227],[81.19556043836826,17.1252918836812],[81.20021972656275,17.12534179687566],[81.20194444444456,17.125932074653576],[81.20472493489603,17.1252804904521]]]}},{"type":"Feature","id":"hydrolakes:15709","properties":{"Hylak_id":15709,"Lake_name":"","Country":"India","Continent":"Asia","Poly_src":"SWBD","Lake_type":1,"Grand_id":0,"Lake_area":11.05,"Shore_len":29.26,"Shore_dev":2.48,"Vol_total":11.05,"Vol_res":0.0,"Vol_src":3,"Depth_avg":1.0,"Dis_avg":0.647,"Res_time":197.6,"Elevation":2,"Slope_100":0.16,"Wshd_area":47.3,"Pour_long":82.165625,"Pour_lat":16.515774,"source_id":"hydrolakes:15709","label":""},"geometry":{"type":"Polygon","coordinates":[[[82.18555826822939,16.561947157118652],[82.18694173177101,16.5605257161464],[82.18621365017384,16.559112413195066],[82.18668945312521,16.55772216796936],[82.18865247938385,16.558124186198427],[82.19113064236132,16.56026150173676],[82.19110405816014,16.55896158854233],[82.18999728732666,16.55750271267425],[82.18972493489616,16.556663953993677],[82.1840724012589,16.549048936632516],[82.18087537977448,16.54555962456658],[82.18055826822945,16.547473415799175],[82.18613213433184,16.554818793403342],[82.18605943467912,16.55555284288255],[82.18395182291704,16.553359103733385],[82.18277045355939,16.551369086372176],[82.18150566948816,16.55139512803879],[82.18284166124181,16.553988444010997],[82.18418294270856,16.555276963976326],[82.1831355794273,16.55555284288255],[82.18000271267397,16.55026367187554],[82.18197143554721,16.550303819445105],[82.18035630967915,16.548379991320132],[82.17771945529529,16.54801188151106],[82.17720282660628,16.547473958334024],[82.17654568142376,16.545449218750605],[82.17723063151072,16.544439019097865],[82.17721910264771,16.54387559678895],[82.17785780164951,16.54326199001798],[82.17919203016504,16.543718532986645],[82.17878200954891,16.541716579861713],[82.17697238498295,16.540375162761052],[82.17577501085094,16.537672797309597],[82.17416653103328,16.536127387153385],[82.17389160156273,16.534719509549177],[82.17130249023467,16.53177571614657],[82.169610731337,16.530771484375634],[82.16758856879363,16.528221028646385],[82.1685286458337,16.527317708333896],[82.1665405273439,16.524553493924202],[82.1655871582035,16.520642903646433],[82.16946424696232,16.521941731771392],[82.16944105360261,16.52080783420206],[82.16778795030422,16.518368869358255],[82.16625420464447,16.515024685330616],[82.16310560438393,16.514311523438096],[82.16278049045155,16.513438042535313],[82.16472764756975,16.51305772569509],[82.16440999348993,16.512441134983362],[82.16045410156272,16.512521972656828],[82.15910820855055,16.508451063368625],[82.15693264431457,16.50792073567777],[82.15495917426239,16.51055284288259],[82.15317192925374,16.50869249132012],[82.15171834309916,16.507615017361672],[82.15025838216167,16.505448133681114],[82.14875000000023,16.504861111111666],[82.1474972873267,16.504997287327058],[82.14691813151069,16.50588053385485],[82.14609212239611,16.508052842882535],[82.1444844563805,16.50637966579916],[82.1438747829863,16.506392144097845],[82.14389743381105,16.50750000000056],[82.14303290473117,16.50791937934082],[82.14305908203147,16.509197862413828],[82.14444173177122,16.511963433160417],[82.14358574761303,16.512785915799157],[82.14364922417559,16.52200846354225],[82.1447304958769,16.523047146267913],[82.14554063585086,16.524717068142934],[82.14892320421052,16.526707899306132],[82.1502695041234,16.532230631511027],[82.15117296006969,16.5348700629346],[82.15182345920158,16.53527506510477],[82.15261664496563,16.53363986545213],[82.15413981119815,16.53333604600755],[82.15444173177099,16.536113823785342],[82.15535875108532,16.5400556098096],[82.1572615559898,16.542261827257562],[82.16111382378506,16.54444173177137],[82.16139485677098,16.546167534722827],[82.16634453667558,16.548569064670687],[82.1705582682294,16.54888617621583],[82.17083062066001,16.549474283854806],[82.17027262369822,16.55055745442769],[82.17423570421045,16.552199164497097],[82.1754958767363,16.55155002170204],[82.1761083984378,16.54999728732713],[82.17655178493948,16.54957112630268],[82.17816799587689,16.551609700521453],[82.18030856662358,16.555056694879056],[82.18137803819485,16.556084526910468],[82.18258355034737,16.558210720486613],[82.18377956814265,16.558994683160336],[82.18527506510452,16.560559895834047],[82.18459594726596,16.561941731771412],[82.1831915961373,16.559464518229788],[82.18146714952286,16.559169379340915],[82.17798434787358,16.56171251085135],[82.1770502387156,16.562684733073638],[82.17769951714428,16.56305284288254],[82.17916395399328,16.561941731771412],[82.18038642035611,16.56134847005268],[82.18253106011304,16.561392415365333],[82.18247477213566,16.564150119358317],[82.1839531792537,16.56633110894171],[82.18511108398462,16.56666395399361],[82.18555284288215,16.5659543185771],[82.18412122938383,16.565259874132664],[82.18361382378492,16.56290717230962],[82.18555826822939,16.561947157118652]]]}},{"type":"Feature","id":"hydrolakes:178247","properties":{"Hylak_id":178247,"Lake_name":"","Country":"India","Continent":"Asia","Poly_src":"SWBD","Lake_type":1,"Grand_id":0,"Lake_area":3.27,"Shore_len":17.23,"Shore_dev":2.69,"Vol_total":15.01,"Vol_res":0.0,"Vol_src":3,"Depth_avg":4.6,"Dis_avg":3.522,"Res_time":49.3,"Elevation":119,"Slope_100":1.96,"Wshd_area":171.1,"Pour_long":84.462643,"Pour_lat":19.95625,"source_id":"hydrolakes:178247","label":""},"geometry":{"type":"Polygon","coordinates":[[[84.46796983507005,19.982741488351678],[84.46971272786499,19.980608433618443],[84.47026991102496,19.979158855015214],[84.47084201388941,19.978896285163955],[84.47084201388941,19.978327064514986],[84.47034776475743,19.977417517768913],[84.47211615668442,19.973021585677316],[84.47191162109408,19.969589409299203],[84.47028266059061,19.968133854337168],[84.4666737196186,19.967571466234915],[84.46633165147608,19.96610102547629],[84.46641248914977,19.964743410747076],[84.46584120008731,19.963325521681895],[84.46314778645893,19.959235861037428],[84.46270806206644,19.954084917705188],[84.46287923177118,19.951213450962598],[84.46131754557342,19.949377462599898],[84.4598125542538,19.94868678199009],[84.4590277777782,19.946805555556466],[84.45785319010463,19.94748943752802],[84.45695231119834,19.949452256097572],[84.45552815755246,19.950485725403723],[84.45416720920178,19.949430978564067],[84.45361897786495,19.949803165860544],[84.45446885850743,19.95056257883789],[84.45442247178869,19.951338975695478],[84.4517773437504,19.951999130250044],[84.45037272135471,19.952762290107785],[84.44525363498298,19.952509723240382],[84.44528645833367,19.953062138028486],[84.4447119140629,19.95388480716366],[84.44483262803874,19.954436632793033],[84.44746609158051,19.953618922764235],[84.44936225043438,19.95517473008988],[84.45062364366362,19.95376292758607],[84.45138997395884,19.954179255168583],[84.45221435546921,19.953603299459758],[84.45657687717056,19.953341144986496],[84.45806749131981,19.954382336935282],[84.45801703559073,19.95522913191138],[84.45844835069511,19.956023029752146],[84.45658501519142,19.957607824538456],[84.45611897786512,19.959247610305],[84.45693847656293,19.96075597127367],[84.45848795572948,19.961234376696268],[84.4590391710073,19.963019409180617],[84.4580476888026,19.963325521681895],[84.45750786675404,19.96385061264135],[84.46111897786523,19.96415885501534],[84.46138102213592,19.96460441165584],[84.4593579101566,19.965075143179263],[84.45946180555609,19.96682019975532],[84.46027153862894,19.966380238004092],[84.46186116536495,19.96631934695864],[84.46276991102468,19.96582552168195],[84.46424750434073,19.96556336720886],[84.46542209201431,19.96620164023591],[84.46590332031303,19.96775965372808],[84.46485785590318,19.968693701427014],[84.46299831814275,19.96862280103977],[84.46308648003509,19.97010156207699],[84.46391330295177,19.970840356615838],[84.46383951822958,19.972080548605334],[84.46293077256996,19.971586767833287],[84.46195231119839,19.97174761242428],[84.46291178385468,19.972604935964853],[84.46221354166721,19.973604526520774],[84.46223497178869,19.973962637584236],[84.46425103081651,19.973918753730743],[84.46499213324688,19.974803167979758],[84.46440239800393,19.97588876724336],[84.46324137369828,19.975819579231256],[84.46208333333385,19.975190247430646],[84.46113172743088,19.975707401700333],[84.45912896050402,19.972947964139337],[84.45798285590314,19.97192393832819],[84.4552924262158,19.971541620891173],[84.45303141276082,19.971676389906975],[84.45306884765665,19.972308158875364],[84.45389675564269,19.97304774390409],[84.45429063585112,19.97390632629481],[84.4547281901045,19.973880261316197],[84.45708333333374,19.97475485271974],[84.45693576388942,19.977228491042297],[84.457262912327,19.977830706703287],[84.46037000868102,19.979191337162604],[84.46444118923682,19.982233977848466],[84.46564724392402,19.981801236471426],[84.46707004123306,19.9827951187566],[84.46796983507005,19.982741488351678]]]}},{"type":"Feature","id":"hydrolakes:178248","properties":{"Hylak_id":178248,"Lake_name":"","Country":"India","Continent":"Asia","Poly_src":"SWBD","Lake_type":1,"Grand_id":0,"Lake_area":6.47,"Shore_len":15.22,"Shore_dev":1.69,"Vol_total":34.8,"Vol_res":0.0,"Vol_src":3,"Depth_avg":5.4,"Dis_avg":1.55,"Res_time":259.9,"Elevation":97,"Slope_100":1.87,"Wshd_area":75.8,"Pour_long":84.590625,"Pour_lat":19.953182,"source_id":"hydrolakes:178248","label":""},"geometry":{"type":"Polygon","coordinates":[[[84.56870279947964,19.993777592447998],[84.56953125000035,19.99202196333232],[84.5729996744796,19.992539154159545],[84.57416124131981,19.99333862834584],[84.57507649739631,19.993605816100285],[84.57640353732688,19.992173453967666],[84.5763796657991,19.991566058795627],[84.57433268229215,19.989568376542024],[84.57473849826442,19.988018893136825],[84.57644151475728,19.98691901524944],[84.57726291232683,19.98695156945206],[84.57905653211839,19.986322957145774],[84.58063205295196,19.98123252868737],[84.58172254774377,19.98052805158926],[84.58339138454897,19.978726933798043],[84.5840294053823,19.97605035146165],[84.58477973090328,19.97055908627067],[84.58630642361146,19.968340339661495],[84.58834798177116,19.968015068902787],[84.58830729166704,19.966978600820823],[84.58861924913236,19.966388888889753],[84.58822591145866,19.96564512888682],[84.58955240885456,19.964354521434416],[84.59300889756992,19.964754922655914],[84.59510959201424,19.964080922869357],[84.59454752604205,19.963018586901455],[84.59529622395866,19.961930813260437],[84.593883463542,19.960283071730714],[84.59269151475729,19.956753243341325],[84.59279296875059,19.954199261136353],[84.59248046875052,19.953006960551818],[84.59171006944496,19.952292849223852],[84.58777235243093,19.951949738397445],[84.58565429687553,19.951506597731793],[84.58541666666713,19.95125000000087],[84.58355414496572,19.951387405396417],[84.5812190755214,19.952205878364566],[84.57857042100733,19.951651763916914],[84.57626410590314,19.952273182340093],[84.57580946180587,19.953707949321313],[84.57587999132,19.955482686361563],[84.57528320312537,19.956671960619644],[84.57326388888924,19.95858381907243],[84.57105902777835,19.960007493761793],[84.57056098090328,19.96177720387874],[84.57194986979204,19.962216928270948],[84.57247558593787,19.96278425852546],[84.57278266059075,19.962772068448373],[84.57305013020874,19.963389248319004],[84.57195583767418,19.965457043118874],[84.57167209201441,19.967020759583477],[84.57277235243089,19.970560851627795],[84.57332953559063,19.971076944140123],[84.57362521701418,19.97201037512974],[84.57358452691022,19.973036717309867],[84.57221679687535,19.974716926151757],[84.57192165798648,19.97595600128261],[84.57197048611158,19.979410288069857],[84.57108506944496,19.981423046324892],[84.57119900173672,19.984294144313424],[84.57078559027815,19.98507475959019],[84.56889377170194,19.98722792413588],[84.56810763888939,19.987196767595947],[84.56648763020877,19.987764612834496],[84.56611653645876,19.988783675300624],[84.56696397569493,19.990015731388553],[84.56752712673648,19.989993414349897],[84.56752495659765,19.988399541643787],[84.56869737413251,19.98806085056816],[84.57035264756979,19.988936545055026],[84.57105360243094,19.989693261253365],[84.56912760416702,19.99000009007011],[84.5674734157991,19.991138250033885],[84.56748860677118,19.993204645581557],[84.56870279947964,19.993777592447998]]]}},{"type":"Feature","id":"hydrolakes:178260","properties":{"Hylak_id":178260,"Lake_name":"","Country":"India","Continent":"Asia","Poly_src":"SWBD","Lake_type":1,"Grand_id":0,"Lake_area":2.09,"Shore_len":8.65,"Shore_dev":1.69,"Vol_total":5.24,"Vol_res":0.0,"Vol_src":3,"Depth_avg":2.5,"Dis_avg":3.518,"Res_time":17.2,"Elevation":109,"Slope_100":1.13,"Wshd_area":169.9,"Pour_long":84.869331,"Pour_lat":19.877152,"source_id":"hydrolakes:178260","label":""},"geometry":{"type":"Polygon","coordinates":[[[84.8874945746532,19.88778307596931],[84.88713541666709,19.885901141697445],[84.88665744357678,19.884998185900372],[84.88747124566021,19.884244427151998],[84.88389431423661,19.883674621582884],[84.88416775173647,19.88275030348126],[84.88527180989621,19.882794045343246],[84.88499240451432,19.88082844204456],[84.88666124131998,19.880509838529008],[84.88610568576439,19.880016301473802],[84.88343478732685,19.88002350701305],[84.88388346354208,19.878605812921364],[84.887492947049,19.877822392782548],[84.88753851996574,19.87667158338843],[84.88586371527833,19.874451158312468],[84.8833859592018,19.87435295105064],[84.8830181206601,19.876661368476903],[84.88183105468812,19.87585383945128],[84.87907335069497,19.872877866957765],[84.87691894531292,19.87161135355717],[84.87680555555607,19.86986111111196],[84.8745024956603,19.872192314996482],[84.87163899739625,19.8724971177852],[84.87111653645871,19.873060853747063],[84.86998697916715,19.87341846890007],[84.87001627604218,19.874153908624407],[84.8680425347228,19.874807357789052],[84.86807128906293,19.87665186564226],[84.86750542534776,19.877721862793862],[84.8678097873269,19.879373558893008],[84.86971679687554,19.880005298191577],[84.87242296006985,19.880329098172524],[84.87528320312549,19.881939146254695],[84.87776421441009,19.88395821465474],[84.88064507378516,19.88450831095463],[84.88306423611164,19.886682832506835],[84.88387858072974,19.886650560167993],[84.88556098090322,19.887772479587966],[84.88621799045188,19.888790486654557],[84.88736870659767,19.889399312338185],[84.88778537326436,19.888612187704325],[84.8874945746532,19.88778307596931]]]}},{"type":"Feature","id":"hydrolakes:178282","properties":{"Hylak_id":178282,"Lake_name":"","Country":"India","Continent":"Asia","Poly_src":"SWBD","Lake_type":1,"Grand_id":0,"Lake_area":2.89,"Shore_len":13.46,"Shore_dev":2.23,"Vol_total":9.84,"Vol_res":0.0,"Vol_src":3,"Depth_avg":3.4,"Dis_avg":2.243,"Res_time":50.8,"Elevation":104,"Slope_100":1.44,"Wshd_area":112.5,"Pour_long":84.894932,"Pour_lat":19.780866,"source_id":"hydrolakes:178282","label":""},"geometry":{"type":"Polygon","coordinates":[[[84.90610351562555,19.789714406332223],[84.90622992621581,19.789452260336134],[84.90697808159763,19.79142829047396],[84.90784559461844,19.791376580133317],[84.90832573784775,19.790196838379927],[84.9061794704865,19.788016255697528],[84.90716905381998,19.787507815891672],[84.90755262586868,19.78915724012677],[84.90805284288234,19.788597581652425],[84.90860351562543,19.78889670478054],[84.91144639756982,19.78915885077663],[84.91138020833387,19.78804853651343],[84.9118570963546,19.787622629802286],[84.91130805121571,19.787230038113933],[84.91027452256986,19.787791561551444],[84.91000759548655,19.787448645698703],[84.91080729166703,19.78673421224039],[84.9097146267365,19.786396704780657],[84.90945203993095,19.7858255174433],[84.90870822482691,19.785160590278736],[84.90777018229204,19.784730038113878],[84.9060432942714,19.783128221300842],[84.90497178819481,19.781443430583522],[84.90502766927136,19.78050867716547],[84.90943522135461,19.778731045194093],[84.9128949652785,19.778937259251222],[84.91701768663245,19.784082505968684],[84.92014485677129,19.783526814779577],[84.92394097222262,19.78515867445293],[84.92527126736155,19.78443579779821],[84.92809841579913,19.784604288737796],[84.92860351562541,19.78370995415679],[84.92769694010474,19.78334114922501],[84.92661783854226,19.783927374946586],[84.92452094184074,19.783802388509912],[84.92344835069503,19.782007853190976],[84.92443684895886,19.781345570883047],[84.92246961805608,19.780094519721956],[84.9225656467018,19.77847961425863],[84.9193570963547,19.777006852892555],[84.9159288194449,19.77487475925102],[84.9127522786464,19.774449852838302],[84.90766710069482,19.774174482558408],[84.90667426215322,19.775285593669423],[84.90520236545177,19.776037411160814],[84.90285698784771,19.775195888943983],[84.90263888888956,19.774027777778713],[84.90162543402818,19.774163343642385],[84.90108995225751,19.77476235283831],[84.90027126736163,19.774713575575902],[84.89918565538238,19.77530373467431],[84.89831163194486,19.775251651340966],[84.896688368056,19.77780390421634],[84.89595920138947,19.77776043362178],[84.89454264322961,19.77874994913833],[84.89389648437538,19.78084114922507],[84.89249240451443,19.78193662855449],[84.89222981770888,19.782540927464026],[84.89449055989627,19.782406209310693],[84.89717122395876,19.78336803860219],[84.90111870659763,19.785547739665674],[84.90167534722258,19.78638186984682],[84.90161078559066,19.78746488783179],[84.90245496961842,19.788332451715235],[84.90361979166704,19.78860351562588],[84.90358778211862,19.789145473904966],[84.9039274088546,19.7897708638518],[84.90386393229221,19.790833333334206],[84.9047146267365,19.791396704780595],[84.90574055989629,19.791658850776685],[84.90610351562555,19.789714406332223]]]}},{"type":"Feature","id":"hydrolakes:178286","properties":{"Hylak_id":178286,"Lake_name":"","Country":"India","Continent":"Asia","Poly_src":"SWBD","Lake_type":1,"Grand_id":0,"Lake_area":6.08,"Shore_len":24.79,"Shore_dev":2.84,"Vol_total":26.02,"Vol_res":0.0,"Vol_src":3,"Depth_avg":4.3,"Dis_avg":2.603,"Res_time":115.7,"Elevation":227,"Slope_100":1.46,"Wshd_area":197.0,"Pour_long":80.11961,"Pour_lat":19.75635,"source_id":"hydrolakes:178286","label":""},"geometry":{"type":"Polygon","coordinates":[[[80.13574795193153,19.77046256171417],[80.13462751600503,19.767823113336306],[80.13324642605266,19.766003028022737],[80.13715194702155,19.765240597196055],[80.13833055284312,19.764441663954983],[80.14030768500459,19.76416944715794],[80.14141808403883,19.76474146525146],[80.14288506401931,19.764711524116535],[80.14360833062068,19.764287702773174],[80.14122007581938,19.762936469184865],[80.14083426581493,19.763338029650413],[80.13942233615455,19.76261067708424],[80.13945972018792,19.760779164633107],[80.14027499728758,19.75902018229249],[80.13694722493489,19.758085462783015],[80.13750278049048,19.759163886177078],[80.13788482666024,19.762680358887735],[80.1365441894531,19.764338412815675],[80.13406458536804,19.76471944173261],[80.13320631239156,19.763410356310544],[80.13277299669062,19.761632876926967],[80.1313246832957,19.758801032173153],[80.12944166395397,19.758058336046815],[80.1271287536623,19.75662545098288],[80.12639166937942,19.755814327664666],[80.12779339260527,19.754725002713485],[80.12902360704226,19.756601392958714],[80.13027499728753,19.75722500271354],[80.13167510986335,19.75749721951047],[80.13166342841254,19.756924997966337],[80.12962180243602,19.754908972847034],[80.13012154473205,19.753938886855224],[80.1311826409235,19.754485507542142],[80.13404444376653,19.754427100288353],[80.13448126898896,19.75352671305427],[80.13583611382398,19.752225002713544],[80.13659276326524,19.75066536797499],[80.13579165988517,19.74911029391916],[80.13527499728735,19.74861389160236],[80.13471455891943,19.747458699545234],[80.13472534179692,19.74693055894727],[80.13804348415806,19.74529600355453],[80.13888610839865,19.74418809678906],[80.13538163926887,19.74387644449962],[80.13472500271286,19.742953474257547],[80.13583611382398,19.742225002713553],[80.13621041191954,19.740689578586966],[80.13889166937935,19.73916944715802],[80.13944166395413,19.738240915935137],[80.13884809705974,19.737225002713558],[80.13719253540057,19.737791663276766],[80.13665864732548,19.738347337511698],[80.13580222235788,19.73832985772117],[80.13584813435881,19.736080559625407],[80.13703092787006,19.73458331638011],[80.13691453721799,19.733613891602374],[80.13602008395725,19.734544864231566],[80.13403089735249,19.733557620579234],[80.13292722913963,19.72569369846002],[80.13236111111115,19.724861111111977],[80.13194166395402,19.724997219510442],[80.13080307006834,19.726433359782902],[80.13087112426757,19.72976840549137],[80.13137490166577,19.73443511962978],[80.12998099433071,19.73777499728834],[80.12912499321851,19.736884070503265],[80.12800167507612,19.734602678087867],[80.12722500271269,19.735002780491413],[80.12581714206306,19.735277625190747],[80.12527871025935,19.73583802965038],[80.12468187120237,19.735530548096563],[80.12000833299425,19.731102769640586],[80.11796171400289,19.730109863282053],[80.11726444668273,19.72867263794035],[80.11619595845536,19.728058336046843],[80.11695309956895,19.730270385742983],[80.11694155375176,19.730836012099417],[80.11749721950969,19.731391669380173],[80.11833611382394,19.731663886177103],[80.11888569302033,19.73335749308353],[80.12026177300368,19.73467961629325],[80.12055277506522,19.735296783448064],[80.11972500271281,19.736284298367764],[80.12185647752557,19.73712500678255],[80.12307456122511,19.738886108399242],[80.12441506279856,19.737490895590156],[80.12503055148653,19.737503458659774],[80.12583055284301,19.73833611382463],[80.12655751546225,19.738688795302664],[80.12721944173188,19.741498328315686],[80.12606084187837,19.743408864340097],[80.12527499728753,19.74416388617709],[80.12494540744359,19.74517956203971],[80.12342668321395,19.74718105740118],[80.12032467312287,19.74840457492502],[80.11998765733512,19.749787038168336],[80.1191638861763,19.75138610839946],[80.11819999694825,19.757644449870668],[80.11775883992527,19.758933308920177],[80.11778442382814,19.760186598036853],[80.1186849636502,19.76329837375306],[80.12137654622416,19.76663272433899],[80.12318041483582,19.76943254258981],[80.12611389160168,19.76971944173266],[80.12645463731559,19.77076950073331],[80.12751900566951,19.77110833062153],[80.1286083306208,19.7699972195104],[80.12916944715715,19.76972500271347],[80.12944166395397,19.7677749972882],[80.13058546278228,19.766947224935734],[80.13165864732531,19.768064219157736],[80.1324919806587,19.76804721408513],[80.1332725694445,19.76844933403953],[80.13362640380859,19.772428165012798],[80.13685889350046,19.774997219510453],[80.13777333577491,19.77281092325933],[80.13574795193153,19.77046256171417]]]}},{"type":"Feature","id":"hydrolakes:178287","properties":{"Hylak_id":178287,"Lake_name":"","Country":"India","Continent":"Asia","Poly_src":"SWBD","Lake_type":1,"Grand_id":0,"Lake_area":5.75,"Shore_len":17.24,"Shore_dev":2.03,"Vol_total":13.1,"Vol_res":0.0,"Vol_src":3,"Depth_avg":2.3,"Dis_avg":13.082,"Res_time":11.6,"Elevation":91,"Slope_100":0.7,"Wshd_area":690.4,"Pour_long":84.435304,"Pour_lat":19.747799,"source_id":"hydrolakes:178287","label":""},"geometry":{"type":"Polygon","coordinates":[[[84.4227416992191,19.759730461969184],[84.42312201605938,19.75945476955934],[84.42360080295191,19.760010325114763],[84.42445475260473,19.76026745266472],[84.42471191406298,19.760728929308527],[84.42375352647616,19.76115653144069],[84.42257052951436,19.76238154093511],[84.42316053602468,19.76276745266466],[84.42494194878515,19.761773512099353],[84.42533582899347,19.759614461263936],[84.42751030816021,19.7580658806703],[84.42988878038238,19.755850914849987],[84.42943115234436,19.753328077529034],[84.43007324218797,19.752024451362615],[84.43210883246564,19.750193786621935],[84.43392740885474,19.75086157904815],[84.4355541992191,19.750264112685443],[84.43793267144144,19.74817806667835],[84.43768880208376,19.745143483480717],[84.43721191406303,19.744732547337037],[84.43528808593805,19.739989674886942],[84.43427842881982,19.739357333714054],[84.43252685546929,19.739498070611774],[84.43215250651087,19.739063313802944],[84.4322534179691,19.736971689861036],[84.43184190538233,19.736234079997587],[84.43018988715323,19.73573666042836],[84.42961208767417,19.734442053901716],[84.42878553602469,19.733899214003713],[84.42834364149365,19.73584365844806],[84.42758734809081,19.73610078599802],[84.42720052083394,19.733981289334736],[84.42633951822972,19.73362143622586],[84.42580729166701,19.73481418185844],[84.42588080512195,19.735731167264305],[84.42695475260462,19.736656341553555],[84.42756727430589,19.73763431125309],[84.42747097439275,19.738834821913883],[84.4235077582469,19.73915634155361],[84.42288709852482,19.736425493029287],[84.42142306857676,19.73516415066274],[84.41998969184061,19.73473254733716],[84.41819444444485,19.733194444445246],[84.41721191406288,19.733323008220225],[84.41589491102474,19.733683420817954],[84.41487630208383,19.73425172593943],[84.4152894422748,19.734992268880944],[84.4152566189241,19.735402238634776],[84.41414686414976,19.737391425239537],[84.4142138671881,19.738226742215545],[84.41482123480955,19.73931547376941],[84.41743869357686,19.740483449300996],[84.41776746961852,19.74204405042957],[84.41571967230942,19.741879509820706],[84.41507758246581,19.741134151883443],[84.41449245876771,19.740843658448114],[84.41417697482672,19.74223254733704],[84.41296956380256,19.742988806831534],[84.41226101345529,19.746107601590438],[84.41170328776076,19.746378563775863],[84.41139919704915,19.74471189710914],[84.40998969184074,19.74445476955924],[84.40904920789973,19.74173967149602],[84.40778808593785,19.741493937175278],[84.4083840603302,19.742562204997625],[84.40831434461842,19.743432244195674],[84.40687201605937,19.743316362169878],[84.40623074001775,19.742571936714228],[84.40515489366356,19.74369766235435],[84.40614908854201,19.74574130588195],[84.40818901909768,19.746975877550767],[84.40860080295192,19.748343658448164],[84.41001030816028,19.748600785998065],[84.41024197048665,19.751973283556595],[84.41336697048649,19.75333184136383],[84.41327256944498,19.754505123563092],[84.4147545030387,19.754458211263966],[84.41464898003528,19.75577348497268],[84.41415635850734,19.75665634155365],[84.41389919704909,19.757832743327697],[84.41490234375055,19.757752143012965],[84.41558837890665,19.7566576809362],[84.4155221896707,19.75583487616734],[84.4160441080736,19.755565880670417],[84.4165996636288,19.75693411933139],[84.41693413628525,19.755823008220204],[84.41854953342067,19.75445476955923],[84.41915635850734,19.75538282606425],[84.41832302517412,19.756100785998058],[84.41806586371564,19.757011040582483],[84.41868760850764,19.75754660712431],[84.41828857421916,19.759711897109128],[84.4203409830734,19.7588475375714],[84.42082302517406,19.760105048286334],[84.42014350043445,19.761322953966783],[84.41943413628542,19.76193411933133],[84.41917697482688,19.76328691270703],[84.42059895833381,19.76360078599805],[84.42120469835112,19.761588626438595],[84.4227416992191,19.759730461969184]]]}},{"type":"Feature","id":"hydrolakes:178291","properties":{"Hylak_id":178291,"Lake_name":"","Country":"India","Continent":"Asia","Poly_src":"SWBD","Lake_type":1,"Grand_id":0,"Lake_area":4.29,"Shore_len":17.71,"Shore_dev":2.41,"Vol_total":10.93,"Vol_res":0.0,"Vol_src":3,"Depth_avg":2.5,"Dis_avg":1.174,"Res_time":107.7,"Elevation":623,"Slope_100":0.89,"Wshd_area":74.2,"Pour_long":82.130961,"Pour_lat":19.7075,"source_id":"hydrolakes:178291","label":""},"geometry":{"type":"Polygon","coordinates":[[[82.12547566731803,19.726210666233555],[82.12850097656292,19.724354214139282],[82.12984795464428,19.725295121935517],[82.1304174804689,19.725261162652885],[82.13023573133722,19.722211439345415],[82.13161336263067,19.721853264703554],[82.13226128472246,19.718531833225654],[82.13284383138057,19.71801128811387],[82.13500786675371,19.71750781589168],[82.13554768880238,19.71711169772766],[82.13216729058195,19.70673356798045],[82.13130791558183,19.7061189100487],[82.12925957573799,19.70749220106427],[82.1287007649741,19.705007798937515],[82.12744072808181,19.705888027615913],[82.1262783474395,19.708047756619806],[82.12520751953144,19.70684919569311],[82.12431491427981,19.703013170031227],[82.12344577365474,19.702507798937518],[82.12301730685778,19.70344146728604],[82.12212849934929,19.70423560248571],[82.12066324869818,19.704148254395363],[82.12005371093773,19.70282026502906],[82.11971286349848,19.69954969618135],[82.11833916558192,19.697021823459977],[82.11721435546906,19.696674465604133],[82.11577867296029,19.694385138618486],[82.1145833333336,19.69375000000082],[82.11386895073815,19.69397060818227],[82.1138994683161,19.694483506945346],[82.11500868055589,19.694992607965276],[82.11501708984389,19.697648451064254],[82.1163967556426,19.69888108995309],[82.1169365776912,19.6998919338659],[82.11604437934062,19.702378540039888],[82.1149458821618,19.70307715522],[82.10888427734403,19.702769097223097],[82.1076688639327,19.70309461805641],[82.10676554362021,19.70410563151131],[82.10388224283895,19.704733886719566],[82.10351942274337,19.70355862087763],[82.10249376085108,19.7036197577591],[82.10175496419293,19.703218315973174],[82.09845703125023,19.702517462837193],[82.09893066406289,19.704285888672757],[82.10173556857671,19.70368665907199],[82.10221435546907,19.704730021159662],[82.10380357530397,19.706598205567275],[82.10471435546896,19.706103312175344],[82.1065996636288,19.70580952962331],[82.10809583875886,19.706129218208332],[82.10804741753509,19.70694095187804],[82.1062342664934,19.710865512424903],[82.10451714409749,19.71076317681286],[82.10283921983535,19.712063429091586],[82.10236246744819,19.71310234917621],[82.103066541884,19.71439819336024],[82.10304484049516,19.714762980144087],[82.10142022026929,19.714666137696156],[82.10111897786487,19.71503777398084],[82.10245632595513,19.71565156724813],[82.10394531250023,19.71525275336461],[82.10390068901933,19.7127176581497],[82.10806342230933,19.712230021159712],[82.10943861219636,19.711658053928772],[82.11002102322067,19.711692742242747],[82.110741916233,19.710885993110708],[82.11266967773474,19.710563354493047],[82.11439751519129,19.712497219510453],[82.11540310329895,19.712769978841948],[82.1169430881078,19.711933119033006],[82.11993313259586,19.713083462186205],[82.12038994683189,19.714563123915866],[82.12370293511322,19.714180433486092],[82.1249540201826,19.71486026340159],[82.12471367730058,19.71889329698439],[82.12532796223991,19.723002743192183],[82.12430243598124,19.724470808241904],[82.12349745008709,19.7273933749737],[82.12476006401931,19.72776996188776],[82.12547566731803,19.726210666233555]]]}},{"type":"Feature","id":"hydrolakes:178314","properties":{"Hylak_id":178314,"Lake_name":"","Country":"India","Continent":"Asia","Poly_src":"SWBD","Lake_type":1,"Grand_id":0,"Lake_area":8.7,"Shore_len":31.84,"Shore_dev":3.04,"Vol_total":117.89,"Vol_res":0.0,"Vol_src":3,"Depth_avg":13.5,"Dis_avg":8.101,"Res_time":168.4,"Elevation":386,"Slope_100":5.0,"Wshd_area":523.9,"Pour_long":84.132785,"Pour_lat":19.512752,"source_id":"hydrolakes:178314","label":""},"geometry":{"type":"Polygon","coordinates":[[[84.14331949869842,19.523058675131153],[84.14415852864619,19.523041551378867],[84.14497016059079,19.52388610839938],[84.14499186197946,19.51973537869003],[84.1454692925351,19.518340081109898],[84.14458875868104,19.518338894315093],[84.14516981336845,19.5159558444563],[84.14693657769129,19.513851081001235],[84.14695827908025,19.512797783746464],[84.14615180121558,19.511958346897586],[84.1449818250872,19.51165852864665],[84.14251329210117,19.511686231825877],[84.14083767361143,19.510357801650116],[84.14080973307341,19.50898729112498],[84.14115234375049,19.507315504286908],[84.14000488281289,19.50503380669568],[84.13964165581632,19.5035442776159],[84.13835828993098,19.502262573243],[84.13778076171923,19.500275166830363],[84.13638047960137,19.498049418132382],[84.13637613932332,19.496455620660583],[84.1369284396705,19.494189351400735],[84.13770534939266,19.492623562283768],[84.13968153211846,19.491947224935757],[84.14053846571232,19.492733934191335],[84.1410945638026,19.4938800387921],[84.14222439236147,19.49388600667396],[84.1449373372401,19.49444166395483],[84.14500325520868,19.493887159560302],[84.14471706814271,19.49333136664586],[84.14636284722252,19.492797207303397],[84.14860839843783,19.4906399197057],[84.147934570313,19.490192837186157],[84.1466965060767,19.49083055284376],[84.14512586805591,19.490456746420136],[84.14444173177128,19.489447224935702],[84.1441436089413,19.488224995931773],[84.14240044487877,19.48587331136156],[84.14084065755247,19.485493062338207],[84.14084716796924,19.48418667263536],[84.14028591579904,19.483602667915477],[84.13929497612901,19.484113260905815],[84.13833604600745,19.48225212944965],[84.13885742187551,19.481657511394076],[84.14162923177122,19.481697082520327],[84.14194715711841,19.48139166938023],[84.14225613064269,19.479809434679623],[84.1434865993927,19.479388224284833],[84.14468478732687,19.47996944851434],[84.14555284288247,19.481113993327654],[84.14606825086855,19.481103481717355],[84.14969428168439,19.48379146999872],[84.15166395399359,19.487731526693494],[84.15133978949711,19.488782077366295],[84.15014214409763,19.48936313205394],[84.15220648871565,19.491389567058093],[84.15478298611151,19.491808980306814],[84.15571017795185,19.494099019369287],[84.15666097005243,19.494588758681402],[84.15668619791717,19.4933467949769],[84.15555826822953,19.491157362196986],[84.15747178819475,19.49002041286991],[84.15871066623305,19.4899951171883],[84.15920925564268,19.491531473796385],[84.16083604600732,19.49249721951037],[84.16455756293436,19.49660661485558],[84.16768636067746,19.497245076498245],[84.16888617621561,19.498058336046995],[84.17083604600748,19.498330552843754],[84.17256401909754,19.499471367730848],[84.17413682725748,19.501108330621662],[84.17721950954893,19.500777011448292],[84.17666937934075,19.500274997288102],[84.17413953993088,19.500000135634593],[84.1711138237851,19.497497219510365],[84.16834065755256,19.49715833875962],[84.16833034939282,19.49666405571918],[84.16917507595525,19.495271335178813],[84.16915879991353,19.493918728299548],[84.16993570963587,19.49194858127254],[84.17028049045189,19.491941562229613],[84.17134819878515,19.493052775065962],[84.17139187283027,19.491386244032924],[84.17055284288239,19.49028055826915],[84.17010281033038,19.488893805610758],[84.16944742838581,19.488880445693155],[84.16972574869823,19.49111267089927],[84.16834716796916,19.49360833062144],[84.1657386610247,19.49318647596658],[84.16332492404558,19.49110843234672],[84.16335313585103,19.487229614258638],[84.1619335937504,19.486938849555997],[84.1613916015628,19.48750278049124],[84.15947428385454,19.488330552843763],[84.15806776258728,19.487679612902298],[84.15803059895865,19.485864868164867],[84.15999294704909,19.48436713324753],[84.16000840928876,19.483615756565484],[84.15916151258727,19.48249955919141],[84.15999728732686,19.481696573894055],[84.15550645616378,19.479432983399306],[84.15366482204894,19.47751610650039],[84.1508146158859,19.47637508816274],[84.14999755859407,19.476391771105398],[84.14892008463585,19.47583679199306],[84.1458306206602,19.475558336046845],[84.14319959852469,19.473883124458325],[84.14177625868086,19.473912150065928],[84.14055284288247,19.473613891602383],[84.13916937934073,19.472497219510444],[84.1361083984379,19.47166944715792],[84.1354166666672,19.470694444445257],[84.13389594184076,19.470906745063814],[84.1338918728303,19.47166937934105],[84.13222873263942,19.472476196289847],[84.13166937934062,19.473058336046847],[84.12971245659759,19.473376939562456],[84.12915825737883,19.4744524468324],[84.12918050130259,19.475536939833717],[84.12862060546922,19.47662394205821],[84.12860215928862,19.478907572429193],[84.12999647352461,19.48024722629208],[84.12999701605952,19.48139149983814],[84.13166395399338,19.48404106987931],[84.1305582682296,19.485676608616302],[84.13105116102474,19.486468268501255],[84.13177625868104,19.485713534885804],[84.13331732855966,19.486855909560347],[84.13334743923656,19.488880106608917],[84.13223036024345,19.488902893067234],[84.13169623480951,19.48834723578642],[84.13004069010452,19.487780558269094],[84.12861626519157,19.48822279188454],[84.12861924913238,19.489152459039417],[84.12738688151074,19.489907701281197],[84.12857503255253,19.49104919433688],[84.12915717230936,19.492179497613677],[84.12917507595546,19.49305555555651],[84.12807807074688,19.49358778211888],[84.12696370442768,19.495056559245654],[84.12884711371561,19.497165866428816],[84.12971869574699,19.49885762532631],[84.12971381293443,19.499719204373775],[84.13109103732688,19.49970845540446],[84.13177978515671,19.5003700764982],[84.13048475477478,19.500998297798276],[84.13136773003504,19.50271216498561],[84.13140218099011,19.50606302897222],[84.13110812717059,19.507497728136627],[84.13108669704923,19.51021915012018],[84.13215820312536,19.512427842882744],[84.13583658854196,19.51580929226435],[84.13581353081645,19.51694122314541],[84.13719238281294,19.516391669380198],[84.13779758029557,19.516671752930677],[84.13771538628504,19.52069620768316],[84.13827392578173,19.52184756808896],[84.14131673177121,19.52234290229029],[84.14248616536509,19.524719441732543],[84.14331949869842,19.523058675131153]]]}},{"type":"Feature","id":"hydrolakes:178330","properties":{"Hylak_id":178330,"Lake_name":"","Country":"India","Continent":"Asia","Poly_src":"SWBD","Lake_type":1,"Grand_id":0,"Lake_area":2.76,"Shore_len":14.5,"Shore_dev":2.46,"Vol_total":7.25,"Vol_res":0.0,"Vol_src":3,"Depth_avg":2.6,"Dis_avg":0.367,"Res_time":228.7,"Elevation":7,"Slope_100":1.08,"Wshd_area":24.1,"Pour_long":84.996577,"Pour_lat":19.344983,"source_id":"hydrolakes:178330","label":""},"geometry":{"type":"Polygon","coordinates":[[[84.98610568576441,19.33833862304766],[84.98500488281309,19.33749430338628],[84.98330295138965,19.33720757378552],[84.98269422743113,19.335917087131975],[84.98193901909764,19.335560845269924],[84.98142306857682,19.335003865560736],[84.98034830729205,19.334663560656168],[84.97787434895884,19.331993543837598],[84.97736111111152,19.330416666667475],[84.97690592447975,19.3308382839636],[84.97696072048649,19.332215237088462],[84.97671169704915,19.332494710287335],[84.97484320746565,19.330974121094698],[84.97444986979207,19.332248128256026],[84.97556098090331,19.332772488065075],[84.97709526909767,19.334021199545077],[84.97754937066009,19.33545552571701],[84.97864800347281,19.336162109375778],[84.97917046441023,19.337811957466045],[84.9812445746532,19.339733479818506],[84.98171603732686,19.339714762370647],[84.98159559461863,19.336677517362034],[84.98390787760468,19.338268771702303],[84.98387315538235,19.339151882596354],[84.98501193576442,19.341152682835002],[84.98678548177134,19.342857191298606],[84.98909993489633,19.344008653429626],[84.98948350694485,19.34482184516139],[84.9913416883686,19.346283162435725],[84.99290744357671,19.347887505426286],[84.99512749566031,19.349321289063425],[84.99676486545178,19.352639973959242],[84.99856933593793,19.35321126302182],[84.99971679687553,19.354449734158834],[85.00424045138931,19.358129272461724],[85.00737141927124,19.359607069228275],[85.01032877604217,19.36159240722742],[85.01267686631985,19.361966484918298],[85.01889431423683,19.365272488065102],[85.02264485677142,19.367608642579],[85.02332790798664,19.367097710504254],[85.02215928819481,19.36518873426735],[85.01944986979214,19.362494710287365],[85.01629286024348,19.361329956055556],[85.0126942274311,19.3566578504782],[85.0080278862851,19.353832126194447],[85.00038953993112,19.347120429145832],[84.99777235243107,19.345560845270086],[84.99632378472262,19.34379808214055],[84.99465277777824,19.34224948459274],[84.99310112847269,19.3412477620451],[84.9913834635422,19.340838623047716],[84.98902832031308,19.33984530978819],[84.98750542534759,19.33860582139846],[84.98610568576441,19.33833862304766]]]}},{"type":"Feature","id":"hydrolakes:178331","properties":{"Hylak_id":178331,"Lake_name":"","Country":"India","Continent":"Asia","Poly_src":"SWBD","Lake_type":1,"Grand_id":0,"Lake_area":6.1,"Shore_len":20.2,"Shore_dev":2.31,"Vol_total":66.02,"Vol_res":0.0,"Vol_src":3,"Depth_avg":10.8,"Dis_avg":4.897,"Res_time":156.0,"Elevation":171,"Slope_100":4.34,"Wshd_area":351.2,"Pour_long":83.877534,"Pour_lat":19.318781,"source_id":"hydrolakes:178331","label":""},"geometry":{"type":"Polygon","coordinates":[[[83.88328884548645,19.3289135064029],[83.88495415581633,19.327519463433987],[83.88611355251777,19.327225138347217],[83.88943657769136,19.32557176378117],[83.89199544270872,19.322376573351562],[83.89258002387186,19.320575697158006],[83.89448730468786,19.321558363173608],[83.89721598307335,19.322117173937443],[83.89723931206635,19.32097222222302],[83.89471001519127,19.319354519315027],[83.89473063151081,19.318341335721357],[83.89416937934067,19.31725212944957],[83.89461724175379,19.316284518772534],[83.89701931423656,19.316962009007],[83.90200819227465,19.319633043078227],[83.90361382378524,19.316669447158063],[83.90437906901076,19.312749498156165],[83.90604031033047,19.311518012153556],[83.90666395399336,19.31030768500517],[83.90598524305591,19.308254462348884],[83.90666395399336,19.307219441732684],[83.90827039930593,19.306827799479947],[83.90977132161487,19.306099650065903],[83.91083604600738,19.30499152289576],[83.91139160156297,19.305002916124977],[83.91322211371556,19.303613891602424],[83.91442898220515,19.304734429254268],[83.91610839843793,19.303902587891457],[83.91557861328164,19.303330010309082],[83.91474229600732,19.303347100152735],[83.91407850477464,19.302709486220465],[83.91610839843793,19.301663886176982],[83.91809434678868,19.30110371907631],[83.91944444444476,19.300408257379274],[83.92087700737903,19.301128133139002],[83.9223779296878,19.302690294054685],[83.92333062066018,19.30333611382457],[83.92550944010463,19.30444166395489],[83.92707221137192,19.302916870117997],[83.92857042100724,19.30444166395489],[83.92889350043447,19.30388841417181],[83.92748182508728,19.30213962131171],[83.92750840928858,19.30083631727507],[83.92587863498301,19.300840928820207],[83.92471950954905,19.300558336046777],[83.9244471571185,19.300274997288113],[83.92173475477477,19.299267171224756],[83.92133192274355,19.295558336046838],[83.9203705512158,19.29589416503984],[83.9191967773441,19.29831353081687],[83.91754611545184,19.299163886176984],[83.9165136718753,19.298191663954924],[83.91826578776073,19.297623155382723],[83.91882188585112,19.296543714736003],[83.91698974609437,19.295949164497358],[83.91652777777824,19.29486111111197],[83.9158542209205,19.295508355035565],[83.91583875868088,19.29707214355551],[83.91500271267392,19.2975027804913],[83.91250406901071,19.29799058702355],[83.9131051974831,19.29983527289579],[83.91260470920173,19.301378241645864],[83.9105352105039,19.301031222874087],[83.90944173177121,19.3013861083993],[83.9077750651046,19.30333055284359],[83.90725287543466,19.304406941732566],[83.90619466145864,19.305508355035556],[83.90555799696222,19.305836249458252],[83.90389214409765,19.305847439236913],[83.90387668185798,19.305097927518148],[83.9052102322052,19.30334045410234],[83.9047195095489,19.303330417209963],[83.90389160156286,19.30389180501379],[83.90312282986156,19.30387607150692],[83.9019471571184,19.307225002713494],[83.8992287868927,19.308313869900985],[83.89699625651082,19.308886108399292],[83.8961352539066,19.308501993816037],[83.8957758246533,19.306294013130127],[83.89349229600737,19.30445054796104],[83.89278591579892,19.304436102973966],[83.89099446614631,19.305024956598004],[83.88944715711852,19.307225002713494],[83.88781385633729,19.3086018880216],[83.88664794921931,19.308602227105837],[83.88533962673642,19.309963921441806],[83.88472493489633,19.310280558269085],[83.88194715711842,19.311113891602417],[83.87832709418444,19.311703219944377],[83.87694715711848,19.314447224935748],[83.87653889974001,19.314839545356676],[83.87586290147607,19.318140530057235],[83.8758194986982,19.321092529297744],[83.87611382378503,19.321663886177078],[83.8769316948788,19.326880018446957],[83.87860839843785,19.328625352648544],[83.88061469184066,19.32890753852081],[83.88328884548645,19.3289135064029]]]}},{"type":"Feature","id":"hydrolakes:178332","properties":{"Hylak_id":178332,"Lake_name":"","Country":"India","Continent":"Asia","Poly_src":"SWBD","Lake_type":1,"Grand_id":0,"Lake_area":3.18,"Shore_len":19.61,"Shore_dev":3.1,"Vol_total":25.28,"Vol_res":0.0,"Vol_src":3,"Depth_avg":8.0,"Dis_avg":1.96,"Res_time":149.3,"Elevation":118,"Slope_100":3.81,"Wshd_area":144.1,"Pour_long":84.455208,"Pour_lat":19.289583,"source_id":"hydrolakes:178332","label":""},"geometry":{"type":"Polygon","coordinates":[[[84.45007676866385,19.293757934571147],[84.45301350911501,19.292204047309895],[84.45387396918443,19.2922381591805],[84.45677842881992,19.291147800022486],[84.46027235243093,19.290777452257714],[84.45917209201434,19.28856967502253],[84.46113335503526,19.28764397515272],[84.46113172743088,19.286286553277705],[84.4597167968754,19.28583862304771],[84.45918999566027,19.284722086589397],[84.45824164496565,19.284449734158954],[84.45750542534762,19.2853051079652],[84.4591612413198,19.28545037163724],[84.45750542534762,19.28806084526991],[84.45605088975736,19.288328043620652],[84.4561309136289,19.28630554199316],[84.4569680447052,19.284347601997297],[84.45738389757003,19.28062398274824],[84.45665011935802,19.280277777778565],[84.45668321397602,19.279445326064206],[84.45619032118111,19.279171956380992],[84.45583875868113,19.280283067492178],[84.45416124131998,19.280550265842805],[84.45389431423666,19.28086886935847],[84.45445556640658,19.28138888888975],[84.4529633246533,19.2831307644322],[84.45030897352473,19.28273491753555],[84.44984998914975,19.27985310872475],[84.45028455946226,19.277775472006056],[84.44986924913235,19.276990424262976],[84.44797770182328,19.276097683377543],[84.44578993055592,19.275819566515565],[84.44367404513935,19.273624064128455],[84.44319444444506,19.273472222223006],[84.4438701714414,19.27491848415883],[84.44416097005245,19.276393432618136],[84.44521701388942,19.278532036676324],[84.44375244140679,19.279223293729103],[84.44178683810804,19.27856818305213],[84.44022108289982,19.277739732531245],[84.44059868706643,19.27593580457983],[84.44024061414967,19.274914618598928],[84.43916422526092,19.273917100695428],[84.43879394531285,19.270824856229126],[84.43765814887189,19.26867791069958],[84.43619656033019,19.26794569227519],[84.43683865017408,19.26735093858599],[84.4353068033858,19.265931599935698],[84.43440402560799,19.263481920031154],[84.43305013020876,19.262227511936544],[84.43221679687554,19.260838623047675],[84.43194634331644,19.257734375000837],[84.43132758246583,19.260975680881927],[84.42749457465334,19.261383599176156],[84.42722764757002,19.261793077257778],[84.43214626736147,19.261598103841948],[84.43276801215336,19.264208713108474],[84.43388644748313,19.265244954427885],[84.43453342013936,19.267565307618042],[84.43570231119833,19.268117065430488],[84.43670410156301,19.26946906195826],[84.43671061197955,19.271802368164856],[84.43611653645866,19.274449734158793],[84.4349945746531,19.27471693250959],[84.4338956705734,19.275796305339384],[84.436168619792,19.276158379449555],[84.43750515408033,19.276105414497295],[84.43777235243095,19.27722751193653],[84.438205023872,19.277628309462727],[84.4386056857644,19.279727511936585],[84.43947048611147,19.28197862413282],[84.43941704644129,19.283327636719605],[84.44049506293442,19.285364515517415],[84.43997314453179,19.285848117405294],[84.44001790364626,19.286976182726505],[84.44113850911526,19.287505086263877],[84.44111897786513,19.288672010634457],[84.44176513671937,19.28989284939314],[84.4431722005213,19.290801459419185],[84.44458523220527,19.29113810221446],[84.44406222873317,19.292126668295055],[84.44473605685806,19.29530476888101],[84.44564941406304,19.295268554688334],[84.44721679687552,19.294439154731663],[84.45007676866385,19.293757934571147]],[[84.44621554904546,19.2911008029522],[84.44583333333384,19.290244276259443],[84.44435953776087,19.290362752279407],[84.44330186632004,19.28997436523514],[84.4433544921879,19.2893200005434],[84.44419677734425,19.287810533312495],[84.44625000000053,19.28763888888983],[84.44652262369846,19.28854478624214],[84.44725504557329,19.28917568630726],[84.44715494791717,19.29042107476215],[84.44621554904546,19.2911008029522]],[[84.4409228515629,19.282941826715273],[84.44040473090314,19.281623806424477],[84.4411282009554,19.281730753581712],[84.4440277777781,19.281250000000853],[84.44425130208379,19.28376729329517],[84.4428455946184,19.283559570313287],[84.44193495008716,19.283917575413113],[84.4409228515629,19.282941826715273]]]}},{"type":"Feature","id":"hydrolakes:178345","properties":{"Hylak_id":178345,"Lake_name":"","Country":"India","Continent":"Asia","Poly_src":"SWBD","Lake_type":1,"Grand_id":0,"Lake_area":1.4,"Shore_len":8.49,"Shore_dev":2.02,"Vol_total":12.3,"Vol_res":0.0,"Vol_src":3,"Depth_avg":8.8,"Dis_avg":1.533,"Res_time":92.8,"Elevation":98,"Slope_100":5.7,"Wshd_area":117.5,"Pour_long":84.388767,"Pour_lat":19.146326,"source_id":"hydrolakes:178345","label":""},"geometry":{"type":"Polygon","coordinates":[[[84.39473307291712,19.140765245226476],[84.39760281033034,19.13954162597753],[84.39832058376777,19.13815802680199],[84.39614718967061,19.13635281033072],[84.39459391276091,19.134482760959997],[84.39249810112892,19.13369778103396],[84.39221896701423,19.131824205187456],[84.39131808810816,19.131075846354975],[84.39082465277812,19.131126166450485],[84.39029052734412,19.13084499783065],[84.39183051215332,19.128998480903704],[84.3913245985247,19.12672648112067],[84.39051025390671,19.12530470106418],[84.39071560329893,19.123291286893163],[84.39024468316018,19.121607123481738],[84.38853597005249,19.121105685764633],[84.38819444444476,19.12069444444529],[84.38772460937548,19.12083231608159],[84.38723497178876,19.1213804796015],[84.38839653862897,19.123408270942605],[84.38824815538248,19.12486355251815],[84.38776258680588,19.12526692708417],[84.38781684027816,19.12635572645479],[84.38868109809067,19.127864447700574],[84.38806830512203,19.13091457790881],[84.38907416449706,19.13191786024396],[84.38943169487914,19.132906019423558],[84.38817084418434,19.13411295572996],[84.38548692491378,19.133910047743882],[84.38561306423645,19.135148247613643],[84.38738688151074,19.135668741862787],[84.38780517578158,19.138016018338476],[84.38866780599005,19.139214952257873],[84.38732367621566,19.139077894423508],[84.38667941623316,19.139505276151056],[84.38810302734413,19.140122612848018],[84.38945665147611,19.139984605578036],[84.38976671006986,19.141382242839313],[84.38887613932343,19.14193162706249],[84.38859212239629,19.142586398655283],[84.38776991102486,19.143269382053745],[84.38751274956633,19.145961574979083],[84.38812825520881,19.147036132813355],[84.38930799696232,19.146915893555445],[84.38998725043444,19.146098293729267],[84.39244222005249,19.144237535265574],[84.39193169487879,19.14334615071698],[84.39167941623299,19.14225843641566],[84.39352593316022,19.14111945258321],[84.39473307291712,19.140765245226476]]]}},{"type":"Feature","id":"hydrolakes:178348","properties":{"Hylak_id":178348,"Lake_name":"","Country":"India","Continent":"Asia","Poly_src":"SWBD","Lake_type":1,"Grand_id":0,"Lake_area":1.06,"Shore_len":8.48,"Shore_dev":2.32,"Vol_total":0.78,"Vol_res":0.0,"Vol_src":3,"Depth_avg":0.7,"Dis_avg":0.019,"Res_time":477.3,"Elevation":4,"Slope_100":0.34,"Wshd_area":1.4,"Pour_long":84.768213,"Pour_lat":19.136651,"source_id":"hydrolakes:178348","label":""},"geometry":{"type":"Polygon","coordinates":[[[84.76749348958373,19.13557447645485],[84.76764160156324,19.131841227214352],[84.76610568576433,19.13111640082542],[84.76472764757,19.129994710287292],[84.76310004340309,19.1296070692282],[84.76275824652828,19.12852742513104],[84.76216634114638,19.128060845269943],[84.76107693142404,19.12863728841228],[84.76016601562543,19.12860114203653],[84.7596885850698,19.127093234592905],[84.75860568576445,19.126394178603164],[84.75652777777827,19.124027777778565],[84.75465549045168,19.12462056477949],[84.75417209201424,19.125456814236998],[84.7561165364587,19.125828043620686],[84.757276475695,19.126626451281197],[84.75639431423667,19.127712402344685],[84.75813476562536,19.12998236762229],[84.75930555555595,19.129362860786387],[84.76056098090322,19.129994710287292],[84.76082790798654,19.13059109158081],[84.75972927517432,19.131609022353246],[84.75944986979204,19.13278306749214],[84.75820529513942,19.133050265842826],[84.75613986545193,19.131466335721257],[84.75438856336854,19.128338623047625],[84.75361653645894,19.129171956380958],[84.75250542534775,19.129765760634484],[84.75421223958381,19.13199198405033],[84.75541666666703,19.13447747124644],[84.7563932291672,19.1344387478307],[84.75777235243118,19.13505588107722],[84.75692762586851,19.136652967665782],[84.75695095486162,19.137249484592814],[84.75813910590313,19.137202419705716],[84.75931423611149,19.136580471463503],[84.75971679687564,19.13520148383327],[84.75859809027827,19.134164835612864],[84.75920193142417,19.133894178603214],[84.75997070312536,19.134723714193626],[84.76406901041719,19.135609402127614],[84.76443901909772,19.13639417860321],[84.76512532552118,19.136717936198693],[84.7657172309033,19.13858873155465],[84.76976019965343,19.137479654948777],[84.76971245659774,19.136276855469532],[84.76749348958373,19.13557447645485]]]}},{"type":"Feature","id":"hydrolakes:178389","properties":{"Hylak_id":178389,"Lake_name":"","Country":"India","Continent":"Asia","Poly_src":"SWBD","Lake_type":1,"Grand_id":0,"Lake_area":1.62,"Shore_len":5.78,"Shore_dev":1.28,"Vol_total":17.25,"Vol_res":0.0,"Vol_src":3,"Depth_avg":10.7,"Dis_avg":0.029,"Res_time":6884.0,"Elevation":934,"Slope_100":6.81,"Wshd_area":1.4,"Pour_long":82.889656,"Pour_lat":18.777161,"source_id":"hydrolakes:178389","label":""},"geometry":{"type":"Polygon","coordinates":[[[82.89111870659752,18.78810885959291],[82.894141167535,18.787804226346225],[82.89542236328151,18.78692260742264],[82.89611572265648,18.786950141059776],[82.89708713107677,18.78628173828207],[82.8981797960073,18.783391520183045],[82.89932698567759,18.78172458224907],[82.9003287760421,18.780796305339322],[82.90204128689282,18.78025404188446],[82.90352430555595,18.7802647569452],[82.9024853515628,18.77856363932375],[82.90251627604187,18.777785915799427],[82.90138346354189,18.776394178603255],[82.90046549479194,18.774567464193524],[82.899305555556,18.773472222223006],[82.89709038628507,18.773613959419208],[82.89287326388916,18.77538235134631],[82.88943901909744,18.774482421875803],[82.88697075737872,18.776568060981788],[82.88667209201418,18.777448594835846],[82.88840223524346,18.781503634983494],[82.88950466579882,18.782525092231708],[82.89137152777812,18.782537841797705],[82.89305013020874,18.784087456597945],[82.89107313368078,18.78696058485326],[82.89111870659752,18.78810885959291]]]}},{"type":"Feature","id":"hydrolakes:178415","properties":{"Hylak_id":178415,"Lake_name":"","Country":"India","Continent":"Asia","Poly_src":"SWBD","Lake_type":1,"Grand_id":0,"Lake_area":3.82,"Shore_len":17.2,"Shore_dev":2.48,"Vol_total":18.44,"Vol_res":0.0,"Vol_src":3,"Depth_avg":4.8,"Dis_avg":5.639,"Res_time":37.9,"Elevation":157,"Slope_100":1.98,"Wshd_area":347.8,"Pour_long":83.216982,"Pour_lat":18.625612,"source_id":"hydrolakes:178415","label":""},"geometry":{"type":"Polygon","coordinates":[[[83.20444986979209,18.63944973415886],[83.20750596788224,18.638517659506135],[83.20943901909749,18.63749471028717],[83.21212266710108,18.636529269749133],[83.2130287000872,18.635551486545864],[83.21340142144123,18.632436659072084],[83.21501763237876,18.628266059028533],[83.21715738932335,18.626103922526795],[83.21799533420176,18.62345757378546],[83.22032769097245,18.622549370660522],[83.22422254774347,18.623328043620518],[83.22505832248305,18.622426079644868],[83.22577989366357,18.62089721679763],[83.22501491970519,18.6187145996102],[83.22383300781274,18.61778306749204],[83.22278320312529,18.618338623047634],[83.22082790798652,18.618605821398376],[83.21942220052142,18.619300401476494],[83.21946072048644,18.621941053603223],[83.21911078559071,18.622216932509446],[83.21782063802112,18.62153428819522],[83.21637342664974,18.61997233072998],[83.21639458550379,18.61944023980118],[83.21513888888916,18.61625000000072],[83.21416124131997,18.61638359917606],[83.21339545355954,18.61721015082543],[83.21246446397606,18.61749471028736],[83.2113937717017,18.61633911132884],[83.20977837456627,18.616403130426193],[83.20944986979202,18.61778306749204],[83.20839165581623,18.618050265842726],[83.20799967447954,18.616404079861866],[83.20495062934054,18.616116400825547],[83.2050116644968,18.61765475803037],[83.20669813368085,18.618056504992126],[83.20769992404553,18.61913777669355],[83.20850179036495,18.619516194662197],[83.21055013020879,18.618328043620522],[83.21165391710093,18.61806084527001],[83.21221679687551,18.619097764757782],[83.21036702473998,18.620492350261145],[83.21113579644128,18.622013481988574],[83.21110378689298,18.622827012804578],[83.20968505859412,18.62277086046089],[83.20768500434065,18.620798475478182],[83.20646945529563,18.62084662543475],[83.20700222439268,18.622366672092767],[83.20851372612873,18.623342692058145],[83.20916042751765,18.62331705729241],[83.20971679687545,18.62385240342968],[83.2087163628475,18.624439154731647],[83.20745930989614,18.62357421875072],[83.20618652343785,18.62362467447997],[83.20528320312525,18.624277208117064],[83.20667209201412,18.624716932509386],[83.20693901909755,18.625035536025052],[83.20638346354212,18.625550265842946],[83.20599066840316,18.628424750434817],[83.20520290798635,18.62800794813444],[83.20401367187537,18.62683322482718],[83.20245849609404,18.626099310981658],[83.20171685112877,18.62529880099902],[83.20022054036502,18.62441921658069],[83.19939507378513,18.624451904297587],[83.19945963541704,18.626078016493864],[83.20085991753513,18.627798800999074],[83.20081027560809,18.62905707465353],[83.1999310980907,18.63156494140702],[83.19931504991342,18.632729085287224],[83.19855523003497,18.633328043620565],[83.19736111111149,18.63269612630296],[83.19653564453165,18.633133002387865],[83.1934494357642,18.633010660808054],[83.19278320312532,18.633228081597963],[83.19363769531287,18.63446994357713],[83.19360134548651,18.635385470920937],[83.19293836805593,18.635828043620563],[83.1890709092886,18.631653917101403],[83.18859483506981,18.631672770183002],[83.18863715277809,18.632743598091054],[83.18778320312532,18.635153266059774],[83.18944986979204,18.63555026584288],[83.19042046441018,18.636218261719534],[83.19097222222246,18.63796074761359],[83.19166124131982,18.63721693250949],[83.19569851345523,18.636587185330598],[83.19640380859397,18.63696031358586],[83.19736626519119,18.636922200521724],[83.19833170572952,18.63862399631165],[83.19879204644133,18.638127034506],[83.20002766927144,18.63860446506152],[83.19999430338584,18.639449598525175],[83.20138807508727,18.640286187066806],[83.20444986979209,18.63944973415886]]]}},{"type":"Feature","id":"hydrolakes:178421","properties":{"Hylak_id":178421,"Lake_name":"","Country":"India","Continent":"Asia","Poly_src":"SWBD","Lake_type":1,"Grand_id":0,"Lake_area":1.11,"Shore_len":7.15,"Shore_dev":1.91,"Vol_total":0.7,"Vol_res":0.0,"Vol_src":3,"Depth_avg":0.6,"Dis_avg":3.169,"Res_time":2.5,"Elevation":2,"Slope_100":0.27,"Wshd_area":278.2,"Pour_long":84.339165,"Pour_lat":18.566039,"source_id":"hydrolakes:178421","label":""},"geometry":{"type":"Polygon","coordinates":[[[84.33569200303873,18.56905829535674],[84.336108398438,18.567775065104968],[84.3379389105906,18.566848822700422],[84.34042778862892,18.56636284722299],[84.3408306206602,18.565594211155258],[84.33666395399342,18.565280490452096],[84.33581380208369,18.564989556207365],[84.33583685980955,18.56385837131154],[84.33685709635472,18.562878146702133],[84.33721950954902,18.561369900174384],[84.33664062500037,18.560813937717796],[84.33497450086844,18.5602731662334],[84.33486111111148,18.558194444445178],[84.33142550998309,18.558962266710807],[84.332525227865,18.560018717448656],[84.33250840928855,18.561939832900123],[84.33163845486143,18.56308620876814],[84.32956949869828,18.56304389105975],[84.32916666666722,18.562213677301088],[84.32860866970532,18.562225070530303],[84.32796061197962,18.56189127604256],[84.32863552517398,18.560227050781975],[84.32860785590333,18.55887478298689],[84.3277471245666,18.558892279731708],[84.32461805555602,18.562028130426143],[84.32533393012204,18.564133843316768],[84.3283360460074,18.564441596137954],[84.3289892578129,18.565091010200376],[84.32856391059062,18.565916883681382],[84.32723253038233,18.567195909288955],[84.32666937934067,18.568204074436494],[84.32752305772624,18.56861829969705],[84.32845079210102,18.56958374023509],[84.32972493489615,18.56999728732717],[84.33050862630245,18.570812852648316],[84.33085639105957,18.569031575521535],[84.33157986111149,18.568613823785427],[84.33194173177122,18.57083604600774],[84.33314643012187,18.571227077908873],[84.33360839843795,18.57027506510491],[84.3344471571184,18.570002712674352],[84.33569200303873,18.56905829535674]]]}},{"type":"Feature","id":"hydrolakes:178430","properties":{"Hylak_id":178430,"Lake_name":"","Country":"India","Continent":"Asia","Poly_src":"SWBD","Lake_type":1,"Grand_id":0,"Lake_area":1.22,"Shore_len":13.92,"Shore_dev":3.55,"Vol_total":9.08,"Vol_res":0.0,"Vol_src":3,"Depth_avg":7.4,"Dis_avg":52.345,"Res_time":2.0,"Elevation":803,"Slope_100":4.9,"Wshd_area":2234.7,"Pour_long":82.465204,"Pour_lat":18.533058,"source_id":"hydrolakes:178430","label":""},"geometry":{"type":"Polygon","coordinates":[[[82.4891720920142,18.54944973415877],[82.49071668836831,18.548632269965992],[82.49217420789967,18.548285183377573],[82.49249457465316,18.546939154731774],[82.49357937283025,18.545362955730013],[82.49429307725734,18.54292521158925],[82.49261718750023,18.541116400825445],[82.48805013020865,18.54138359917613],[82.48702772352465,18.541924641927835],[82.48533528645874,18.54199164496606],[82.48316894531268,18.54164659288267],[82.48226426866358,18.53944444444528],[82.48435031467045,18.53664645724905],[82.48604926215307,18.5367137315547],[82.4869390190974,18.53588921441053],[82.48589274088562,18.533338623047598],[82.48516791449686,18.533650851780294],[82.48296061197942,18.536262885200358],[82.4824880642364,18.537263726129197],[82.48139675564266,18.53827514648526],[82.48130126953146,18.540684136285392],[82.48215711805585,18.542009548611873],[82.48338948567726,18.54280531141569],[82.48438856336838,18.543883599176183],[82.48694986979206,18.543616400825385],[82.48889431423652,18.543060845269906],[82.48991672092052,18.542519802518086],[82.49107204861133,18.542473958334142],[82.49140516493094,18.542782660591058],[82.4913734266496,18.543583441841008],[82.49249457465316,18.544287516276825],[82.49204264322935,18.545972222222986],[82.49118598090331,18.54689683702327],[82.49005588107673,18.547494710287253],[82.48920220269116,18.546671956380976],[82.48860568576424,18.546939154731774],[82.48832139756979,18.547541503907098],[82.48717610677136,18.54869398329072],[82.48551839192726,18.548048366971216],[82.4850048828128,18.547494303386202],[82.48280843098996,18.547581380209067],[82.48222222222245,18.546339111328848],[82.47916124131967,18.54444973415883],[82.4772387695316,18.5428850640198],[82.47461371527805,18.541862792969425],[82.47148057725718,18.538012966580652],[82.47107774522595,18.53590372721436],[82.4699945746529,18.5355608452698],[82.46966335720526,18.533135850695203],[82.46664198133715,18.533062065973013],[82.46625000000023,18.53263888888955],[82.46473605685799,18.53284573025246],[82.46470675998296,18.53358344184113],[82.46628797743085,18.535565049914055],[82.46750488281276,18.53554985894175],[82.46889431423642,18.536661376953873],[82.47088324652799,18.540344238281932],[82.47407796223985,18.543168131511095],[82.47514675564258,18.543672553169188],[82.47639458550361,18.54555080837747],[82.4763731553823,18.546094563802797],[82.4770833333335,18.54647054036542],[82.47827745225715,18.5458386230477],[82.47952148437537,18.546416965061553],[82.48216796875028,18.549207356771547],[82.48453233506984,18.549113633898287],[82.48694742838575,18.55077555338613],[82.48832790798627,18.549716932509398],[82.4891720920142,18.54944973415877]]]}},{"type":"Feature","id":"hydrolakes:178433","properties":{"Hylak_id":178433,"Lake_name":"","Country":"India","Continent":"Asia","Poly_src":"SWBD","Lake_type":1,"Grand_id":0,"Lake_area":1.48,"Shore_len":8.24,"Shore_dev":1.91,"Vol_total":1.41,"Vol_res":0.0,"Vol_src":3,"Depth_avg":0.9,"Dis_avg":4.579,"Res_time":3.6,"Elevation":0,"Slope_100":0.4,"Wshd_area":400.5,"Pour_long":84.250962,"Pour_lat":18.513744,"source_id":"hydrolakes:178433","label":""},"geometry":{"type":"Polygon","coordinates":[[[84.24636067708371,18.520814615886195],[84.24645155164978,18.51889160156321],[84.25001410590318,18.519441324870513],[84.24999050564276,18.518286132813273],[84.24888047960133,18.517219509549363],[84.24892062717055,18.515249972874074],[84.2502392578129,18.514610188802862],[84.25163031684059,18.515086398655342],[84.25221950954915,18.514414605035483],[84.25166395399356,18.51333604600768],[84.25136908637188,18.511223822700458],[84.24972493489622,18.510334743924375],[84.25306911892426,18.50997138129418],[84.25304633246571,18.508852810330666],[84.25188856336837,18.5077403428827],[84.25222547743095,18.504442952474676],[84.25208333333381,18.504027777778447],[84.2497254774309,18.504503987630983],[84.24810953776074,18.50573025173685],[84.24947753906304,18.508105197483417],[84.24941460503504,18.509163953993777],[84.24832519531282,18.508602837457374],[84.24776936849003,18.508614095052792],[84.2477813042538,18.50919786241394],[84.24859809027811,18.510783284505976],[84.24505750868087,18.511129557292406],[84.243553602431,18.51227077908061],[84.24194173177136,18.5130528428827],[84.23944173177136,18.51471950954931],[84.23812174479212,18.51609334309967],[84.23720350477481,18.516391194662162],[84.23665852864616,18.51695868598165],[84.23667616102477,18.517825792101576],[84.24054226345521,18.5177468532994],[84.2418332248269,18.519090711806314],[84.24311469184079,18.52248752170209],[84.24500271267414,18.523608398438228],[84.24543267144145,18.524932861328978],[84.24792127821229,18.523810763889628],[84.24833062066023,18.521564534505956],[84.24636067708371,18.520814615886195]]]}},{"type":"Feature","id":"hydrolakes:178442","properties":{"Hylak_id":178442,"Lake_name":"","Country":"India","Continent":"Asia","Poly_src":"SWBD","Lake_type":1,"Grand_id":0,"Lake_area":3.02,"Shore_len":9.9,"Shore_dev":1.61,"Vol_total":5.38,"Vol_res":0.0,"Vol_src":3,"Depth_avg":1.8,"Dis_avg":1.226,"Res_time":50.8,"Elevation":165,"Slope_100":0.66,"Wshd_area":88.0,"Pour_long":80.042708,"Pour_lat":18.459951,"source_id":"hydrolakes:178442","label":""},"geometry":{"type":"Polygon","coordinates":[[[80.03456597222231,18.462324490018148],[80.03638448503295,18.461935899523326],[80.04218711005325,18.462000325521558],[80.04360329945888,18.46082546658056],[80.04778558943013,18.458618977865456],[80.048056432936,18.45745483398514],[80.04933883243137,18.455820312500748],[80.05346614413804,18.452057020400105],[80.05427908155673,18.4502857801657],[80.05482151455362,18.446804877388047],[80.0547124989829,18.444975721572007],[80.05317950778539,18.444656439887865],[80.05108756595189,18.445577121311544],[80.05109053293893,18.44659518771772],[80.05024838341637,18.447800835504324],[80.04954060872404,18.44775865342956],[80.04917447831929,18.444919026693412],[80.04973341200105,18.44389051649381],[80.04958333333343,18.443472222223022],[80.04888107723667,18.44360324435837],[80.04602517445886,18.4452338324661],[80.04521758185496,18.4465036349834],[80.04336844550238,18.44443413628545],[80.04301480187308,18.444455159505935],[80.0430659272937,18.44531290690196],[80.04190096113427,18.44635375976634],[80.04197347005214,18.44812581380279],[80.04267908308242,18.448756374783784],[80.04187413109679,18.450999755860153],[80.04048293643541,18.452242702908734],[80.03970115661622,18.452196180556314],[80.03917447831901,18.45278564453207],[80.03807108137357,18.453126356337577],[80.03778558943014,18.455563422309694],[80.0372386169434,18.456052110460917],[80.03611892276348,18.45526991102514],[80.03443663279216,18.455007866754272],[80.03356568654397,18.45453450520921],[80.0298752085368,18.454754503038885],[80.02755635579427,18.454401719835857],[80.02611892276337,18.45528564453201],[80.02509486304388,18.45560180664137],[80.02454466501888,18.456800537110155],[80.02500869750986,18.457215169271592],[80.02534975687684,18.458165825738604],[80.02845052083336,18.45904120551296],[80.03208152347162,18.46126993815193],[80.03456597222231,18.462324490018148]]]}},{"type":"Feature","id":"hydrolakes:178459","properties":{"Hylak_id":178459,"Lake_name":"","Country":"India","Continent":"Asia","Poly_src":"SWBD","Lake_type":1,"Grand_id":0,"Lake_area":1.65,"Shore_len":8.54,"Shore_dev":1.88,"Vol_total":5.3,"Vol_res":0.0,"Vol_src":3,"Depth_avg":3.2,"Dis_avg":1.417,"Res_time":43.3,"Elevation":141,"Slope_100":1.64,"Wshd_area":114.1,"Pour_long":83.196426,"Pour_lat":18.343432,"source_id":"hydrolakes:178459","label":""},"geometry":{"type":"Polygon","coordinates":[[[83.19653103298651,18.34549899631145],[83.19779920789972,18.34014485677153],[83.19748643663223,18.336609564887908],[83.19551649305595,18.33665608724027],[83.194098307292,18.333785400391378],[83.18980658637201,18.33386908637226],[83.18875000000037,18.33236111111188],[83.18662624783013,18.332514648438234],[83.18673258463565,18.334299452040682],[83.1878038194447,18.33525675455803],[83.18775417751766,18.336089952257794],[83.18809407552135,18.336715359158745],[83.18803873697942,18.338475341797732],[83.18528401692754,18.33945312500083],[83.18409640842049,18.339415418837575],[83.18060004340316,18.33583360460142],[83.17936360677129,18.335563422309747],[83.17820936414961,18.336855197483374],[83.17740532769125,18.33595540364655],[83.1760880533858,18.336976047092776],[83.17613281250021,18.337723931207336],[83.17889675564288,18.338047688802817],[83.18028564453164,18.33860324435841],[83.18215711805584,18.339910617405224],[83.18309705946211,18.34096259223162],[83.18722059461845,18.342511121962502],[83.18925455729209,18.34195231119861],[83.19054768880238,18.342665337457333],[83.18909532335095,18.343384195964234],[83.18917833116365,18.344779459636186],[83.19028483072952,18.344713541667375],[83.19100287543438,18.34551730685854],[83.19280273437539,18.346388888889578],[83.19276584201413,18.347007649740362],[83.19391221788237,18.348032090929507],[83.19455132378516,18.349424506294156],[83.19625162760462,18.349714355469473],[83.19665879991362,18.348978542752434],[83.19500786675377,18.3481452094191],[83.19653103298651,18.34549899631145]]]}},{"type":"Feature","id":"hydrolakes:178489","properties":{"Hylak_id":178489,"Lake_name":"","Country":"India","Continent":"Asia","Poly_src":"SWBD","Lake_type":1,"Grand_id":0,"Lake_area":8.02,"Shore_len":23.54,"Shore_dev":2.35,"Vol_total":85.74,"Vol_res":0.0,"Vol_src":3,"Depth_avg":10.7,"Dis_avg":4.297,"Res_time":230.9,"Elevation":88,"Slope_100":3.89,"Wshd_area":357.8,"Pour_long":83.193862,"Pour_lat":18.173397,"source_id":"hydrolakes:178489","label":""},"geometry":{"type":"Polygon","coordinates":[[[83.1765313042539,18.20668972439313],[83.17862169053865,18.206281738281973],[83.17978379991342,18.205519748264578],[83.18073866102458,18.20452609592104],[83.18168538411481,18.205013834636134],[83.18304687500029,18.204986029731742],[83.18306396484405,18.20582248263969],[83.1822737630211,18.207770317926133],[83.18329725477457,18.207791205512933],[83.18441921658012,18.207246907552758],[83.18527506510452,18.205585394965965],[83.18498942057323,18.202053900825547],[83.18392605251762,18.20048529730974],[83.18361382378504,18.19888617621615],[83.18306504991381,18.197820502387913],[83.18300944010457,18.195103488498944],[83.18358045789967,18.19392632378549],[83.18495062934085,18.192500271268045],[83.18916937934068,18.19222493489673],[83.19032524956617,18.19144165039137],[83.1950935872398,18.189724934896674],[83.19798339843794,18.190224202474667],[83.19928765191014,18.191108398438303],[83.19996012369819,18.190689697266407],[83.2003344726565,18.189536268446886],[83.20222493489626,18.189997287327117],[83.20354275173662,18.19099717882017],[83.20610758463573,18.189752739801236],[83.20609809027815,18.18838582356841],[83.20692491319483,18.18668117947118],[83.20939914279535,18.186630723742212],[83.2111352539066,18.18752495659811],[83.21300754123291,18.18748684353369],[83.2157706705733,18.188052842882655],[83.21607801649344,18.185468207466045],[83.21223063151075,18.18276950412394],[83.20944173177122,18.181391601563234],[83.207792697483,18.179720730252427],[83.20527506510444,18.179447157118773],[83.2030208333336,18.17861083984451],[83.19948187934068,18.176419406467744],[83.19815890842051,18.17514824761355],[83.19597222222262,18.171527777778465],[83.19269395616357,18.171774495443458],[83.19138617621553,18.17333062066041],[83.1905582682295,18.17750271267431],[83.18892225477458,18.17997016059104],[83.18636338975739,18.181123589410447],[83.17825737847261,18.182114122179712],[83.17639187283027,18.18304172092087],[83.17637559678843,18.18385145399384],[83.17904920789977,18.18422471788267],[83.17971950954887,18.18552571614657],[83.17750271267408,18.18852267795222],[83.17944173177125,18.189573703342774],[83.1790237087676,18.190232611762895],[83.17671413845511,18.189669460721234],[83.17553385416716,18.188869493273273],[83.17094726562533,18.188951822917375],[83.16976481119832,18.188342692057972],[83.16666992187538,18.188319227431293],[83.16664957682337,18.18930555555636],[83.16805040147602,18.189985080295912],[83.16723985460118,18.19165554470561],[83.16516493055582,18.19249728732717],[83.1633091905386,18.19108656141566],[83.15873291015669,18.19147610134621],[83.15737901475745,18.190558268229893],[83.15683865017394,18.1915812174488],[83.15789822048629,18.19259928385503],[83.15742648654555,18.194440104167484],[83.15831461588567,18.19445827908055],[83.15904839409768,18.194080268012897],[83.16026123046936,18.195245632596368],[83.16105767144126,18.19646009657191],[83.1671240234378,18.195223253038932],[83.16963433159748,18.193523084853155],[83.17053059895875,18.191675618490308],[83.17435546875032,18.191597629124146],[83.17527506510447,18.192481011285395],[83.1749921332468,18.193080919054523],[83.17314588758722,18.193043212891496],[83.17278049045183,18.194169379340963],[83.17194715711838,18.194573703342883],[83.17262532552127,18.195787489150007],[83.1738861762156,18.19619669596426],[83.17360785590307,18.196964246962636],[83.17194173177114,18.196930202908675],[83.17028049045177,18.198581271702096],[83.17077202691002,18.199643012153558],[83.17305284288238,18.200198974610146],[83.17262505425373,18.200763481988588],[83.17108289930587,18.201678873698768],[83.16999728732668,18.202775065104845],[83.16972493489624,18.203613823785417],[83.1688916015629,18.20484320746607],[83.16929144965303,18.205485432943533],[83.17001356336846,18.205835774740365],[83.17075141059081,18.207356499566686],[83.17353000217037,18.20640543619868],[83.17415391710131,18.20832790798687],[83.17659396701418,18.208744032118886],[83.17709174262183,18.207777777778517],[83.1765313042539,18.20668972439313]]]}},{"type":"Feature","id":"hydrolakes:178490","properties":{"Hylak_id":178490,"Lake_name":"","Country":"India","Continent":"Asia","Poly_src":"SWBD","Lake_type":1,"Grand_id":0,"Lake_area":2.13,"Shore_len":8.23,"Shore_dev":1.59,"Vol_total":10.28,"Vol_res":0.0,"Vol_src":3,"Depth_avg":4.8,"Dis_avg":0.802,"Res_time":148.3,"Elevation":110,"Slope_100":2.43,"Wshd_area":57.7,"Pour_long":80.516962,"Pour_lat":18.171878,"source_id":"hydrolakes:178490","label":""},"geometry":{"type":"Polygon","coordinates":[[[80.5154986572266,18.173836805556277],[80.51727810329874,18.172726101346257],[80.5178960164389,18.1706738281257],[80.51861653645841,18.17005303276983],[80.51887854682093,18.167767469618752],[80.51926205105258,18.167437065972933],[80.51913781060136,18.16589070638088],[80.51976735432942,18.162681206597995],[80.52083017985046,18.161765543620504],[80.52110076904302,18.159989691840963],[80.52181104871977,18.158055555556302],[80.52125000000007,18.15652777777848],[80.51908203125015,18.157091606988615],[80.5184798516168,18.15909166124203],[80.51654134114608,18.160384250217703],[80.51608924018018,18.162374267578855],[80.51418694390213,18.16387858072983],[80.51265296088343,18.16121785481846],[80.51130957709421,18.160843641493727],[80.51035179985917,18.16299018012222],[80.50892449273005,18.162193739150098],[80.50798855251747,18.160699598525014],[80.50837571885859,18.159645317926163],[80.5100103420682,18.158621419271526],[80.5100573391386,18.157232530382657],[80.50703711615688,18.157891303169094],[80.50565592447919,18.160986599393254],[80.50578969319679,18.16484849717955],[80.50408688015443,18.16702284071249],[80.50344726562514,18.168456217448636],[80.50306589762386,18.170604926215958],[80.50430101182747,18.171156141493896],[80.50561377631311,18.171050618490256],[80.50769602457689,18.171504855686464],[80.50878292507599,18.17276638454939],[80.5110261705189,18.173418240018066],[80.51330152723534,18.173235405816797],[80.5154986572266,18.173836805556277]]]}},{"type":"Feature","id":"hydrolakes:178492","properties":{"Hylak_id":178492,"Lake_name":"","Country":"India","Continent":"Asia","Poly_src":"SWBD","Lake_type":2,"Grand_id":4960,"Lake_area":8.83,"Shore_len":31.77,"Shore_dev":3.02,"Vol_total":60.5,"Vol_res":60.5,"Vol_src":2,"Depth_avg":6.8,"Dis_avg":3.575,"Res_time":195.9,"Elevation":181,"Slope_100":2.48,"Wshd_area":305.3,"Pour_long":80.092708,"Pour_lat":18.163726,"source_id":"hydrolakes:178492","label":""},"geometry":{"type":"Polygon","coordinates":[[[80.09332803514303,18.163883599176245],[80.09424541049538,18.163450656467717],[80.09471692403179,18.164449734158666],[80.09600590176069,18.164716932509407],[80.10253349304202,18.160245768229856],[80.10244408501535,18.15944973415867],[80.09980524698904,18.160770806207324],[80.0983066897922,18.15997775607707],[80.09831219991054,18.158216824002466],[80.0974738311769,18.15663248697996],[80.09750865512444,18.155753851997247],[80.09943945142993,18.15360541449735],[80.10111567179376,18.15361680772645],[80.10187294854086,18.15321614583405],[80.10108345879462,18.152484537761154],[80.10052252875442,18.152506781684735],[80.09925217522522,18.15183458116394],[80.10253302680127,18.148611111111848],[80.10177627563479,18.147909884983335],[80.10139282226561,18.144705539280267],[80.10077246771937,18.14473008897653],[80.09967401292602,18.145311414931257],[80.09969991895912,18.14736829969695],[80.09845413208012,18.1480502658427],[80.09652303907609,18.14495619032192],[80.09527294582801,18.14500569661527],[80.09500529819064,18.144773627387963],[80.09725654602062,18.140744086372308],[80.0971459028458,18.14000528971434],[80.09464074028881,18.140852186415657],[80.09320461697047,18.141612141927794],[80.09240159776476,18.143226182726437],[80.08936812506795,18.145272488065018],[80.08817490471745,18.143984646268052],[80.08954616122782,18.14271416558239],[80.08871632046174,18.142227511936483],[80.08668082343229,18.143628200955618],[80.08603987799751,18.143602837457365],[80.08614655388737,18.140911458334074],[80.08591946919785,18.14028306749202],[80.08355286492235,18.143129475912133],[80.08292942470979,18.14445041232716],[80.08250529819077,18.146671956381],[80.0813835906983,18.1480502658427],[80.08062371148014,18.150450439453834],[80.07911075168204,18.15110582139829],[80.07831791347934,18.15025010850769],[80.07834855821403,18.14892144097297],[80.0778977288141,18.14720092773507],[80.07685442606618,18.147242296007676],[80.07578624301487,18.148395182292404],[80.07585134718181,18.150037841797598],[80.07746988932291,18.149973687066677],[80.07777247958734,18.15252726237054],[80.0767610083688,18.152487250434774],[80.07546851264135,18.151597764757696],[80.07418927510577,18.148887261285438],[80.07333863152417,18.148707817926095],[80.07396203782832,18.15108696831669],[80.07327741834865,18.15138359917603],[80.0721970791289,18.15021755642448],[80.07230060153552,18.14760579427167],[80.0709505632189,18.147178412544235],[80.07200035942947,18.14556084526987],[80.07339837816039,18.14630059136357],[80.07439960903599,18.14417914496596],[80.07503551059307,18.143894178603205],[80.07561380174445,18.144518364801172],[80.07626833597823,18.145905219184783],[80.07778307596857,18.145283067492016],[80.07807924058716,18.144347601997197],[80.07803962707527,18.143348117405367],[80.07860581292061,18.141494140625753],[80.07775801764598,18.140262044271537],[80.07694974263512,18.14012084961007],[80.0780456203886,18.139603678386152],[80.07860581292061,18.13877834743994],[80.07697758144803,18.13772691514845],[80.0752732170954,18.137772081163916],[80.07469557868126,18.138077799479845],[80.07473499721954,18.13907226562577],[80.07582803514288,18.140728081598013],[80.07326379564086,18.141938340929585],[80.07032266404906,18.14073025173684],[80.06903513590504,18.138974880643048],[80.06859692891436,18.136169976129338],[80.06536558363172,18.135783284506033],[80.06486111111116,18.132361111111834],[80.06444829305013,18.132743598091054],[80.06408153110084,18.13390204535665],[80.06250529819073,18.133944769966035],[80.06319261338967,18.135243733724792],[80.06216630723759,18.135550265842767],[80.06111640930186,18.134994710287174],[80.05968671162941,18.13472751193649],[80.0591512468128,18.135305447049348],[80.05917944166396,18.13601671007018],[80.06083863152412,18.138050265842764],[80.06246586269805,18.141366102431277],[80.06172000461163,18.14493109809098],[80.06022186279313,18.145272488065018],[80.0588241153294,18.144532877604888],[80.05825499640576,18.14214355468829],[80.05716630723742,18.141671956380947],[80.05618075900605,18.142735595703982],[80.05583863152413,18.144171956380944],[80.05518516540536,18.144777425131053],[80.05378640916615,18.144410942926186],[80.05164152357321,18.142095947266398],[80.05022186279297,18.141671956380947],[80.04848752339694,18.14258965386358],[80.0477622773912,18.14220594618132],[80.04683663262279,18.143204888238586],[80.04832803938143,18.145474039714315],[80.04581842210575,18.14587375217087],[80.04582319471575,18.14706136067781],[80.04810518476705,18.148402913412156],[80.0500042173598,18.148327636719557],[80.05104149712457,18.148691270617007],[80.05183620029032,18.150732014974665],[80.05513120015468,18.151775173611952],[80.05739651997897,18.154087999132628],[80.06361640930186,18.154439154731676],[80.06427825080021,18.154789360894824],[80.06772157457141,18.154736463759377],[80.06814763387058,18.1565252007386],[80.06931391398115,18.157605794271603],[80.07032444424107,18.15805026584286],[80.07232471042221,18.156673855252507],[80.07305025736497,18.15555026584269],[80.07393035888686,18.155005289714325],[80.07481499565978,18.156879747179573],[80.07639418707953,18.157494710287153],[80.07987641228573,18.15953409830803],[80.08163982815216,18.15860107421952],[80.08777247958739,18.15922254774381],[80.0868705664742,18.160058186849767],[80.08553333706345,18.160689290365326],[80.08556257459867,18.161427137587623],[80.08672173394103,18.16138115776988],[80.0913507080079,18.162591145834142],[80.0919951121013,18.164626464844446],[80.09280365837958,18.164994710287147],[80.09332803514303,18.163883599176245]],[[80.09615635342067,18.150530056424373],[80.09462255689846,18.14953138563436],[80.09573012457957,18.14785536024374],[80.09523935953791,18.147516411676065],[80.09558591206877,18.146398383247288],[80.09652777777802,18.14625000000069],[80.09707138909255,18.147072618273285],[80.09691052754738,18.147790120443574],[80.09731667412666,18.148413899740376],[80.09684975518132,18.14992024739655],[80.09615635342067,18.150530056424373]],[[80.08439417521174,18.14954291449726],[80.08322828504788,18.14998969184103],[80.082402742174,18.149031439887892],[80.08399346245687,18.14623345269166],[80.08486111111125,18.14597222222295],[80.0847522311742,18.148567843967896],[80.08439417521174,18.14954291449726]]]}},{"type":"Feature","id":"hydrolakes:178502","properties":{"Hylak_id":178502,"Lake_name":"","Country":"India","Continent":"Asia","Poly_src":"SWBD","Lake_type":1,"Grand_id":0,"Lake_area":3.23,"Shore_len":19.25,"Shore_dev":3.02,"Vol_total":13.04,"Vol_res":0.0,"Vol_src":3,"Depth_avg":4.0,"Dis_avg":51.196,"Res_time":2.9,"Elevation":70,"Slope_100":1.7,"Wshd_area":3213.4,"Pour_long":80.860719,"Pour_lat":18.102349,"source_id":"hydrolakes:178502","label":""},"geometry":{"type":"Polygon","coordinates":[[[80.86795396592902,18.12353352864659],[80.86851576063378,18.121118977865365],[80.86917446560335,18.121381022136234],[80.86945556640649,18.125269911024986],[80.87081427680141,18.124624972874074],[80.8708875868058,18.123395724827162],[80.87006110297312,18.121092393663957],[80.87110331217468,18.12005140516561],[80.87073235405825,18.119574652778454],[80.86917446560335,18.11909356011364],[80.87049743652364,18.116952175564904],[80.87139668782561,18.11667453342085],[80.87165886773028,18.11582546658053],[80.8725077989368,18.11556342230972],[80.87277777777797,18.114117024740324],[80.87355977376319,18.114992133247256],[80.87388068305131,18.113570149740326],[80.87304850260426,18.11361979166736],[80.8727566867405,18.113293185764633],[80.87100206163211,18.113397759332315],[80.87033237033432,18.109629041884375],[80.87120788574236,18.1088468424486],[80.8708181423612,18.10799763997477],[80.86982381184919,18.107109103733364],[80.8691152615018,18.10580525716216],[80.87049940321202,18.104568549262865],[80.86905436197958,18.10208658854242],[80.86667446560352,18.10026991102501],[80.8646607123485,18.09922390408053],[80.86208333333337,18.098750000000678],[80.86126634385863,18.098902452257676],[80.86010219997831,18.10073296441044],[80.8577647569445,18.103412950304573],[80.85584113227009,18.106478542752598],[80.85635355631524,18.107404378256035],[80.85764282226603,18.106703830295885],[80.85719807942718,18.10752224392428],[80.85816318088115,18.109425998264612],[80.85903516981364,18.109477945964215],[80.8594596354169,18.10855319553025],[80.86029886881516,18.107737630209215],[80.8621974690758,18.107754448785556],[80.86272237141952,18.108720296224647],[80.86167446560336,18.10945231119871],[80.86000779893669,18.10984008789137],[80.8602949354385,18.110023871528483],[80.86268405490478,18.10993109809101],[80.86336005316849,18.11060207790871],[80.86458909776502,18.111166042752416],[80.86504089355492,18.11199747721423],[80.86530877007397,18.11649210612046],[80.86443298339856,18.11916775173694],[80.86536749945759,18.12110324435838],[80.86705078125021,18.11750786675418],[80.8672663709853,18.11815728081666],[80.8653251139325,18.124327663846202],[80.86561367458779,18.130002577040614],[80.86501824273017,18.13335313585145],[80.86582553439689,18.13866007487053],[80.86539822048633,18.140404188368734],[80.8633411322702,18.142507866754215],[80.86227993435352,18.14318277994863],[80.86195224338115,18.143896755643198],[80.8611024305556,18.14443725586011],[80.86113552517367,18.144992947049502],[80.86082553439684,18.145269911025082],[80.86056335449229,18.146118977865285],[80.86002861870674,18.14659667968823],[80.85933749728741,18.14917738172818],[80.85937906901046,18.153180609809738],[80.8601110161677,18.155220675998976],[80.85997667100719,18.15747531467082],[80.86077548556875,18.157909342448704],[80.86136244032122,18.15627360026116],[80.86075995551232,18.155164930556282],[80.86112630208339,18.153202175565127],[80.8617542182078,18.151452365452087],[80.86128587510865,18.151033799913876],[80.86133890787778,18.147911512587484],[80.86228610568605,18.14630086263088],[80.86638956705747,18.14282158745749],[80.86829583062075,18.139738091363654],[80.86915039062524,18.13735636393301],[80.86920593261743,18.136424560547653],[80.86801269531264,18.131969265408713],[80.8680742051867,18.130937228733444],[80.86706210666244,18.12763888888975],[80.86750779893674,18.126396755643043],[80.86795396592902,18.12353352864659]]]}},{"type":"Feature","id":"hydrolakes:178507","properties":{"Hylak_id":178507,"Lake_name":"","Country":"India","Continent":"Asia","Poly_src":"SWBD","Lake_type":1,"Grand_id":0,"Lake_area":7.32,"Shore_len":44.71,"Shore_dev":4.66,"Vol_total":38.54,"Vol_res":0.0,"Vol_src":3,"Depth_avg":5.3,"Dis_avg":110.733,"Res_time":4.0,"Elevation":414,"Slope_100":1.74,"Wshd_area":5169.2,"Pour_long":82.040627,"Pour_lat":18.058895,"source_id":"hydrolakes:178507","label":""},"geometry":{"type":"Polygon","coordinates":[[[82.10440199110263,18.113788248698597],[82.1028145345054,18.111139594184692],[82.09908135308194,18.107141791450374],[82.09799099392382,18.10455105251816],[82.09860582139771,18.103328043620536],[82.09975328233543,18.101918131511184],[82.10077948676246,18.101958821615312],[82.09941772460951,18.103632134332486],[82.0994533962675,18.104530029297564],[82.10197089301238,18.103792995877484],[82.10311957465302,18.103002658420962],[82.10392591688407,18.10129380967959],[82.1044391547311,18.098605821398337],[82.10517469618077,18.097537027995486],[82.1044011773007,18.0956746419277],[82.10445122612867,18.094411349827112],[82.10340372721384,18.092431640625705],[82.0984634060332,18.088766276042406],[82.09792724609406,18.08707275390708],[82.09719590928836,18.086395128038987],[82.09646633572083,18.087940945096364],[82.09353352864622,18.088500976563296],[82.08944973415828,18.090283067492123],[82.08789862738735,18.09055026584275],[82.08726806640647,18.089214274089215],[82.0858386230471,18.087216932509534],[82.08504733615484,18.086483832466],[82.08413113064256,18.084925130209058],[82.08417643229183,18.083780653212557],[82.0827724880645,18.081949734158684],[82.08222751193603,18.079994710287167],[82.08002861870693,18.077127143013],[82.07971801757827,18.075500623915616],[82.07887912326413,18.0747234429262],[82.07946058485277,18.07387844509634],[82.07943793402802,18.073306884766282],[82.07772569444461,18.072498779297575],[82.07670817057328,18.07140068901981],[82.07573147243954,18.070939670139637],[82.07138359917559,18.07056084526988],[82.0680287000871,18.06942599826459],[82.06806220160627,18.068028293186615],[82.07028564453134,18.06811645507895],[82.0706727430557,18.067015923394763],[82.07138359917559,18.067783067492087],[82.0726226128474,18.068078206381017],[82.0736800130212,18.06803629557362],[82.07463148329015,18.067009277344425],[82.07308959960955,18.066281602648303],[82.07252536349847,18.063912760417338],[82.07193915473107,18.063060845269774],[82.07167195638038,18.059994710287185],[82.07082736545169,18.056609429254195],[82.06996880425379,18.054986979167438],[82.06944973415824,18.053307427301036],[82.07056084526937,18.052783067491987],[82.07098985460095,18.052320014106783],[82.07138359917559,18.0494391547316],[82.07208333333352,18.047916666667334],[82.07082804362028,18.048050265842676],[82.0703103298614,18.050223524306432],[82.06736368815126,18.050925428603307],[82.06625000000014,18.052127414280335],[82.06473700629357,18.05053846571252],[82.06413940429718,18.050562201606738],[82.06413275824667,18.05238226996596],[82.06170898437529,18.052959662544254],[82.05907131618943,18.05218750000074],[82.05569675021752,18.05232123480971],[82.0543238661026,18.051594780816686],[82.05356350368942,18.053130289714204],[82.0530045572919,18.053648139106656],[82.05098293728327,18.05428819444512],[82.0477280002172,18.054159206814973],[82.04610066731794,18.053039415148362],[82.04476291232658,18.05309244791738],[82.04389417860273,18.052494710287192],[82.04169053819459,18.051969807943465],[82.04070000542572,18.051288113064913],[82.03942966037357,18.05196031358588],[82.0386351182728,18.05192884657191],[82.03739420572947,18.052363823785413],[82.036116400825,18.05564208984447],[82.03757893880226,18.0584672037769],[82.04049736870695,18.059445529514562],[82.04389417860273,18.059716932509446],[82.04475938585091,18.060312228733494],[82.04471652560784,18.061393093533695],[82.04506225585959,18.062379421658704],[82.04783067491343,18.060530192057968],[82.05154649522586,18.060589328342758],[82.05323160807308,18.0611800130215],[82.05485866970514,18.06293606228371],[82.05527248806459,18.066394178603105],[82.05573459201423,18.066939154731585],[82.05610582139786,18.064994710287124],[82.0566719563804,18.06361640082548],[82.05693915473108,18.060272488064925],[82.05758273654544,18.05933715820379],[82.05915974934925,18.05787611219688],[82.06090969509586,18.057227511936503],[82.06255520290819,18.057804226346207],[82.06309204101592,18.058383789063214],[82.06298068576427,18.061195610894856],[82.06335978190134,18.062277425130958],[82.06419664171023,18.063098958334024],[82.0647302246096,18.065338677301042],[82.0654905870228,18.066775716146594],[82.06582804362006,18.06889417860316],[82.06615776909757,18.0695172797316],[82.06583902994828,18.072504882813234],[82.06523939344635,18.07306043836877],[82.0652891710073,18.074315728082297],[82.06717461480054,18.073379177518234],[82.06832804362011,18.072494710287174],[82.07009182400196,18.07222751193649],[82.07320841471375,18.074861111111773],[82.07382988823815,18.076824137370465],[82.07306084526942,18.07844387478366],[82.07444973415829,18.078883599176095],[82.07553588867205,18.07963094075592],[82.07654500325538,18.081668565538962],[82.07516194661491,18.083472222223065],[82.07614827473992,18.084758436415655],[82.07607625325556,18.086574707031957],[82.0777925618491,18.08723809136353],[82.07842135959243,18.08721327040007],[82.0788835991757,18.085272488065073],[82.07972751193608,18.084171956380885],[82.08020141601594,18.081689588759446],[82.08094387478315,18.08139417860309],[82.08191257052971,18.082894287110094],[82.08221693250886,18.084171956380885],[82.08318237304701,18.086151801215976],[82.0847275119362,18.088050265842696],[82.08512871636322,18.088900282118857],[82.08556070963556,18.088883192275034],[82.08721693250902,18.091394178603252],[82.08963785807316,18.09359714084269],[82.09002888997429,18.097270643446848],[82.09143120659769,18.09721503363795],[82.09244506835967,18.09506686740525],[82.09425672743089,18.092434082031957],[82.0958280436202,18.09143107096429],[82.09221693250885,18.0911164008254],[82.09167195638037,18.090797797309733],[82.0923988172745,18.090124376085782],[82.0971568467885,18.08944973415879],[82.10093302408882,18.09198364257901],[82.10254367404531,18.09403184678888],[82.10384345160617,18.096242811415664],[82.1030608452694,18.097783067492003],[82.10174926757833,18.099059516059754],[82.10055026584217,18.099439154731613],[82.09907769097254,18.100340847439952],[82.09618448893264,18.10330919053905],[82.09567762586829,18.10170857747471],[82.09320434570333,18.102811686198606],[82.0912247721356,18.105232204861807],[82.09172824435791,18.107153862848065],[82.093920898438,18.10974853515694],[82.09512613932321,18.10970065646785],[82.09610582139777,18.107883029514596],[82.09527208116344,18.1066714138463],[82.09528971354183,18.106225314670894],[82.09703152126781,18.105838623047646],[82.10163492838569,18.111469319662206],[82.10041178385433,18.11260253906329],[82.10148017035607,18.1139956325963],[82.10222222222251,18.11360297309102],[82.10285956488747,18.113940294054544],[82.10334988064267,18.116508517795808],[82.106157090929,18.12178073459279],[82.10748128255233,18.12300767686702],[82.11003906250022,18.127354600695128],[82.11183227539078,18.128512505426045],[82.11360582139781,18.1338941786031],[82.11491034613738,18.134204915365274],[82.11555026584216,18.135560845269936],[82.11639417860266,18.135828043620563],[82.11783108181453,18.136816813151768],[82.12049940321202,18.140063883464393],[82.12110582139792,18.139485405816856],[82.11804728190134,18.135496826172584],[82.11714830186679,18.13466403537393],[82.1149320475264,18.133271891276877],[82.11362996419308,18.130637071398326],[82.11308973524325,18.128930799696946],[82.11154351128499,18.126405436198638],[82.10852756076412,18.122928195530392],[82.10498168945344,18.11643256293479],[82.10501695421027,18.115542941624028],[82.10440199110263,18.113788248698597]]]}},{"type":"Feature","id":"hydrolakes:178512","properties":{"Hylak_id":178512,"Lake_name":"","Country":"India","Continent":"Asia","Poly_src":"SWBD","Lake_type":1,"Grand_id":0,"Lake_area":6.04,"Shore_len":26.68,"Shore_dev":3.06,"Vol_total":36.76,"Vol_res":0.0,"Vol_src":3,"Depth_avg":6.1,"Dis_avg":3.875,"Res_time":109.8,"Elevation":111,"Slope_100":2.21,"Wshd_area":279.7,"Pour_long":82.981352,"Pour_lat":18.01054,"source_id":"hydrolakes:178512","label":""},"geometry":{"type":"Polygon","coordinates":[[[82.9919259982641,18.038841281467796],[82.99089599609408,18.037812364367028],[82.98971191406292,18.038627251519813],[82.9889846462678,18.03859836154595],[82.98779866536489,18.03555284288268],[82.98755588107679,18.033060845269745],[82.99021945529546,18.03412733290014],[82.98941867404551,18.03217773437575],[82.98946099175407,18.031113009983358],[82.98803358289962,18.030191379124005],[82.98678738064262,18.029727511936528],[82.98621527777811,18.03094007704061],[82.9846733940974,18.030536159939913],[82.98473931206638,18.02887301974897],[82.98630506727449,18.028935139974692],[82.98666124131978,18.027660590278572],[82.98553195529547,18.02552639431491],[82.9870825195315,18.02400661892426],[82.98666124131978,18.02361640082546],[82.98639431423646,18.022859157986773],[82.98816731770859,18.02407918294341],[82.98872802734405,18.023473714193585],[82.98770670572941,18.02214165581671],[82.98791639539962,18.019727511936537],[82.99115858289974,18.021681315105013],[82.99255832248292,18.021674533420935],[82.99345241970525,18.022639567058036],[82.99388346354203,18.024449734158736],[82.9948613823787,18.02471693250942],[82.99555013020864,18.023438585070153],[82.99221679687531,18.01889417860309],[82.99117838541696,18.017127685547564],[82.99083875868081,18.01499471028734],[82.99044514973986,18.014727511936428],[82.98942681206631,18.01630452474035],[82.98833875868092,18.01605523003542],[82.9897718641497,18.014727105035547],[82.9897566731774,18.011772189670808],[82.9893674045141,18.01028672960149],[82.98640896267398,18.00846055772655],[82.98430555555586,18.00680555555624],[82.9798537868927,18.00905002170208],[82.97715874566,18.01104492187568],[82.97221679687522,18.011383599176042],[82.96888346354189,18.01277248806491],[82.96861653645857,18.013212483724715],[82.970847167969,18.0141640896274],[82.96928683810802,18.015609809028433],[82.9660484483511,18.015618625217655],[82.96252197265648,18.01485148112056],[82.9621888563372,18.01659627278724],[82.96016221788221,18.017269829644874],[82.95733642578159,18.020100640191686],[82.95387234158017,18.02222412109444],[82.9539130316843,18.02324896918475],[82.95552381727458,18.022684326172566],[82.95582790798636,18.023409695096234],[82.95443359375042,18.024701605903658],[82.95499457465314,18.02917195638082],[82.95555202908014,18.030225151910486],[82.95709201388922,18.029044053820314],[82.95778347439267,18.027226833768054],[82.95775987413225,18.026634928386102],[82.9566582573787,18.02611490885488],[82.9573510742191,18.024138319228086],[82.96195665147599,18.021372884115294],[82.96368435329896,18.021441379123985],[82.96416748046892,18.019412977431216],[82.96493245442736,18.018704155816806],[82.97041503906274,18.017589518229897],[82.97088460286483,18.019072808160388],[82.97268880208361,18.018440483941674],[82.97428385416686,18.016949734158743],[82.97648301866354,18.018113471137895],[82.97693901909759,18.019973280165686],[82.97437038845504,18.020280761719448],[82.97636555989618,18.02212931315171],[82.97543836805579,18.02249471028722],[82.97285129123287,18.021125759549307],[82.97186821831633,18.020838623047553],[82.97025092230928,18.02140543619879],[82.97029405381971,18.02249715169353],[82.96861653645857,18.023894178603143],[82.96744628906288,18.02426472981847],[82.96785156250041,18.02581149631152],[82.97000542534744,18.026105821398403],[82.97222764756987,18.026939154731565],[82.972568088108,18.02801500108575],[82.97330268012178,18.0272223578566],[82.97458279079899,18.02694973415879],[82.97555013020883,18.030005289714268],[82.9767987738719,18.031819661458997],[82.97950683593785,18.033390570747315],[82.98330729166707,18.032994520400052],[82.98405707465315,18.033803575304546],[82.98610324435799,18.037438557943403],[82.98759494357665,18.03927151150242],[82.99000569661496,18.040828314887904],[82.9900154622398,18.041642659505897],[82.98967909071223,18.042602539063182],[82.99003987630249,18.044326036242012],[82.99212456597263,18.045965576172534],[82.99376057942737,18.047906087240335],[82.99417046441005,18.04920084635495],[82.99472764756973,18.049716932509455],[82.99500379774332,18.05058973524382],[82.99666124131971,18.052227511936564],[82.9983387586808,18.052494710287192],[82.99904161241363,18.052866617839356],[82.99943901909745,18.05176540798675],[82.99749457465299,18.05139417860312],[82.99637532552117,18.050295817057986],[82.99670708550372,18.04934936523506],[82.99066134982667,18.043482394749105],[82.99226616753504,18.041995442709037],[82.99152994791694,18.04092529296946],[82.99195990668426,18.039698215061435],[82.9919259982641,18.038841281467796]]]}},{"type":"Feature","id":"hydrolakes:178531","properties":{"Hylak_id":178531,"Lake_name":"","Country":"India","Continent":"Asia","Poly_src":"SWBD","Lake_type":1,"Grand_id":0,"Lake_area":1.19,"Shore_len":6.1,"Shore_dev":1.58,"Vol_total":15.81,"Vol_res":0.0,"Vol_src":3,"Depth_avg":13.3,"Dis_avg":0.072,"Res_time":2541.9,"Elevation":283,"Slope_100":9.83,"Wshd_area":3.9,"Pour_long":81.701042,"Pour_lat":17.864147,"source_id":"hydrolakes:178531","label":""},"geometry":{"type":"Polygon","coordinates":[[[81.70233737521716,17.86471299913262],[81.70338785807331,17.863218451606713],[81.70640421549513,17.863595784506003],[81.70718438042553,17.86405436197998],[81.70727023654547,17.86336385091232],[81.7069597710506,17.86192911783928],[81.70600233289963,17.85996785481842],[81.70540093315986,17.859216715495563],[81.7044291178388,17.85862643771776],[81.70356377495693,17.857545979818383],[81.70159722222257,17.857301296658648],[81.69933553059923,17.857947998047678],[81.69817545572926,17.859120551215995],[81.6957554796009,17.859670274523296],[81.69389973958351,17.858314751519742],[81.6916403537328,17.858595784505894],[81.69083550347239,17.857175564236854],[81.68965223524316,17.856311170790775],[81.68814453125032,17.856498752170864],[81.68758531358537,17.85554755316906],[81.68736111111139,17.85458333333412],[81.68640421549497,17.854856906467717],[81.68689534505228,17.856828613281948],[81.68804606119812,17.857313368056225],[81.68832153320335,17.859206271702135],[81.68942911783881,17.860015326606685],[81.69104071723103,17.860364040799254],[81.69313069661484,17.862912055122194],[81.69454332139776,17.86363091362921],[81.69508409288227,17.864306098090992],[81.69684366862009,17.865030788846298],[81.69909030490476,17.866351453993786],[81.70128078884562,17.86572523329062],[81.70233737521716,17.86471299913262]]]}},{"type":"Feature","id":"hydrolakes:178547","properties":{"Hylak_id":178547,"Lake_name":"","Country":"India","Continent":"Asia","Poly_src":"SWBD","Lake_type":1,"Grand_id":0,"Lake_area":1.88,"Shore_len":7.52,"Shore_dev":1.54,"Vol_total":8.06,"Vol_res":0.0,"Vol_src":3,"Depth_avg":4.3,"Dis_avg":1.985,"Res_time":47.0,"Elevation":76,"Slope_100":2.2,"Wshd_area":147.8,"Pour_long":80.812984,"Pour_lat":17.785417,"source_id":"hydrolakes:178547","label":""},"geometry":{"type":"Polygon","coordinates":[[[80.81051723904085,17.796198459202117],[80.81251885308177,17.792452528212493],[80.81249667697494,17.791365831163887],[80.81394015842034,17.786250000000848],[80.81341044108092,17.784702419705525],[80.81552727593316,17.781879204644838],[80.8132268608943,17.77960571289134],[80.81271796332487,17.77751831054752],[80.80940083821633,17.777193874783734],[80.80902777777794,17.77680555555628],[80.80860833062093,17.776941731771615],[80.80804192437097,17.77780558268296],[80.80805935329886,17.778659396702096],[80.80930948893234,17.781136203342726],[80.808526746962,17.782655571832322],[80.80749721950968,17.78333062066048],[80.80722500271276,17.78416937934105],[80.80646891276058,17.78471950954946],[80.80468139648463,17.78222493489659],[80.8008142768013,17.78557725694509],[80.79971944173184,17.786108398438216],[80.79944722493502,17.787171902127398],[80.8030911593969,17.78806939019171],[80.80417466905408,17.790302734375757],[80.80415730794283,17.793653835721273],[80.80306023491761,17.795783284505887],[80.80472500271281,17.79610839843815],[80.80551879882825,17.79651719835141],[80.807748887804,17.795161132813348],[80.80860833062093,17.795477294922705],[80.80749545627174,17.79694403754405],[80.80780768500443,17.797497287327133],[80.80860833062093,17.796663953993743],[80.81051723904085,17.796198459202117]]]}},{"type":"Feature","id":"hydrolakes:178549","properties":{"Hylak_id":178549,"Lake_name":"","Country":"India","Continent":"Asia","Poly_src":"SWBD","Lake_type":1,"Grand_id":0,"Lake_area":2.06,"Shore_len":7.19,"Shore_dev":1.41,"Vol_total":6.41,"Vol_res":0.0,"Vol_src":3,"Depth_avg":3.1,"Dis_avg":3.768,"Res_time":19.7,"Elevation":12,"Slope_100":1.46,"Wshd_area":373.5,"Pour_long":83.185458,"Pour_lat":17.76044,"source_id":"hydrolakes:178549","label":""},"geometry":{"type":"Polygon","coordinates":[[[83.18216769748301,17.77476643880283],[83.18436659071222,17.77348198784796],[83.18686360677106,17.774714355469484],[83.1872778320315,17.774104275174295],[83.18667453342061,17.771280788846127],[83.18727403428846,17.770239529080584],[83.18977674696231,17.770388590495656],[83.19028564453157,17.769452311198563],[83.19061821831627,17.767318250868698],[83.19111897786485,17.766396755643086],[83.19143717447952,17.76469143337738],[83.19193657769154,17.763603244358308],[83.19412624783024,17.76109266493131],[83.1942225477435,17.759480251736875],[83.19010118272598,17.758929036458994],[83.18749674479204,17.7581576877177],[83.18458333333359,17.757638888889744],[83.18362277560794,17.75781819661529],[83.18334120008711,17.761118977865237],[83.18103759765665,17.76510999891559],[83.18034803602455,17.765726182726382],[83.17918050130254,17.76796373155446],[83.17911322699678,17.769090576172516],[83.17971435546917,17.770196804471198],[83.17888671875022,17.771881781684783],[83.17861545138913,17.774484863281998],[83.17760145399347,17.775390896268107],[83.17695231119842,17.77658569336012],[83.17731743706634,17.77825724283923],[83.17903266059051,17.778872612848033],[83.18020155164965,17.778942328559765],[83.18110812717066,17.77813205295206],[83.18138102213567,17.776381022136093],[83.18216769748301,17.77476643880283]]]}},{"type":"Feature","id":"hydrolakes:178567","properties":{"Hylak_id":178567,"Lake_name":"","Country":"India","Continent":"Asia","Poly_src":"SWBD","Lake_type":1,"Grand_id":0,"Lake_area":1.31,"Shore_len":7.11,"Shore_dev":1.75,"Vol_total":7.33,"Vol_res":0.0,"Vol_src":3,"Depth_avg":5.6,"Dis_avg":0.318,"Res_time":266.9,"Elevation":200,"Slope_100":3.44,"Wshd_area":30.7,"Pour_long":80.063542,"Pour_lat":17.678283,"source_id":"hydrolakes:178567","label":""},"geometry":{"type":"Polygon","coordinates":[[[80.06195294698085,17.693900824653497],[80.06334942287879,17.692745496962516],[80.06468271891276,17.69285264757019],[80.06445477803561,17.69054524739653],[80.06404315524634,17.68980740017429],[80.06489835951066,17.6875539822056],[80.06927586025688,17.68679280599025],[80.07063436720136,17.685622287327135],[80.07164600796176,17.684007161459192],[80.07251033359103,17.683621419271674],[80.07280074225531,17.682970648872185],[80.07471188863116,17.68211778428889],[80.07423823886461,17.67973253038275],[80.07310109456398,17.681231011285433],[80.07250899420865,17.68054361979233],[80.0715704176161,17.680514322917418],[80.07054522196466,17.680823025174448],[80.06943272060835,17.68161187066039],[80.06805219862196,17.681722819011156],[80.0677328745524,17.679627278646592],[80.06664661831337,17.67885715060828],[80.06605295817081,17.678904622396487],[80.06430915832539,17.678010253906905],[80.06375000000025,17.67736111111185],[80.06299959818529,17.677498101129117],[80.0620586310493,17.678590223524964],[80.06028811136883,17.67912326388955],[80.06278022766128,17.681326768663894],[80.0630452219645,17.683065863715967],[80.06349786546514,17.683877224393143],[80.06207388136136,17.68615071614653],[80.0596741061741,17.68765380859446],[80.05761980692552,17.690309244792388],[80.05625306023512,17.69148681640695],[80.05711717393683,17.69248969184099],[80.05834366692437,17.692232530382682],[80.05882230122887,17.691676974826976],[80.06025046454567,17.691986219618855],[80.06142302619088,17.69385823567785],[80.06195294698085,17.693900824653497]]]}},{"type":"Feature","id":"hydrolakes:178569","properties":{"Hylak_id":178569,"Lake_name":"","Country":"India","Continent":"Asia","Poly_src":"SWBD","Lake_type":1,"Grand_id":0,"Lake_area":3.06,"Shore_len":6.46,"Shore_dev":1.04,"Vol_total":8.15,"Vol_res":0.0,"Vol_src":3,"Depth_avg":2.7,"Dis_avg":0.505,"Res_time":186.8,"Elevation":18,"Slope_100":1.06,"Wshd_area":50.3,"Pour_long":83.164098,"Pour_lat":17.668783,"source_id":"hydrolakes:178569","label":""},"geometry":{"type":"Polygon","coordinates":[[[83.15702826605946,17.661490342882587],[83.15680555555576,17.661250000000678],[83.15332790798658,17.661383463542393],[83.15004909939273,17.66300889757008],[83.14786539713572,17.665593261719607],[83.14611653645858,17.668134765625666],[83.14640625000033,17.672875976563205],[83.14773356119827,17.675134006077087],[83.15070502387198,17.67717854817778],[83.15473659939278,17.67733832465342],[83.16480604383719,17.676935492622192],[83.16579725477453,17.675495062934772],[83.16593532986138,17.672013346354845],[83.16554199218791,17.66668511284786],[83.16475368923648,17.665834147136195],[83.16360568576431,17.66556098090348],[83.159243977865,17.662353244358314],[83.15702826605946,17.661490342882587]]]}},{"type":"Feature","id":"hydrolakes:178577","properties":{"Hylak_id":178577,"Lake_name":"","Country":"India","Continent":"Asia","Poly_src":"SWBD","Lake_type":1,"Grand_id":0,"Lake_area":7.9,"Shore_len":21.7,"Shore_dev":2.18,"Vol_total":51.91,"Vol_res":0.0,"Vol_src":3,"Depth_avg":6.6,"Dis_avg":4.274,"Res_time":140.6,"Elevation":109,"Slope_100":2.2,"Wshd_area":467.2,"Pour_long":82.460217,"Pour_lat":17.623275,"source_id":"hydrolakes:178577","label":""},"geometry":{"type":"Polygon","coordinates":[[[82.46419026692735,17.66303439670213],[82.46412733289952,17.661977539063173],[82.46526991102462,17.66036756727499],[82.46443576388907,17.65917317708397],[82.46446370442743,17.658703342014576],[82.46535861545192,17.658063422309795],[82.4665738932294,17.659423285590947],[82.46906602647607,17.660269911024955],[82.46999213324676,17.65964138454939],[82.46933837890646,17.65843804253541],[82.47111897786493,17.656396755643016],[82.47138102213563,17.655089789497197],[82.47014756944475,17.653024631077074],[82.46778049045162,17.65090955946249],[82.46750786675369,17.649128960504186],[82.46880940755238,17.648531629774993],[82.47081054687533,17.6454052734382],[82.471103244358,17.644256456163987],[82.46995225694462,17.642608506945123],[82.46997938368082,17.638404676649998],[82.4686876085072,17.63620307074723],[82.46831515842052,17.63460232204926],[82.4664189995662,17.6329082573792],[82.46517632378504,17.62955756293468],[82.46378716362881,17.62816975911528],[82.4620244683162,17.626890733507594],[82.46167453342031,17.626030273438175],[82.46232042100718,17.62484157986188],[82.46220838758734,17.622963595920794],[82.46131456163232,17.621318901910456],[82.45820041232673,17.6215044487854],[82.45422119140665,17.620899251302774],[82.4530634223093,17.620269911024934],[82.44721435546893,17.61861897786531],[82.44564290364605,17.61785210503541],[82.44430555555596,17.61680555555631],[82.44309651692743,17.617178819445144],[82.44247829861132,17.620321994358278],[82.4395675998266,17.621512044271526],[82.4387717013891,17.622403157552753],[82.43804768880233,17.623881022136118],[82.43778564453157,17.625784505209026],[82.44042453342047,17.62814236111177],[82.43967529296896,17.629214680990287],[82.43980305989606,17.629992133247242],[82.44085584852456,17.629420030382676],[82.44157850477461,17.63022867838606],[82.44107259114617,17.631159667969428],[82.44112169053841,17.631985134549268],[82.44206570095525,17.63192898220558],[82.4424921332469,17.63054768880272],[82.44391330295156,17.628815917969405],[82.44568196614614,17.628921169705563],[82.4464138454864,17.631150987413832],[82.44748480902803,17.631087239583962],[82.44848741319481,17.63178765191043],[82.44919162326408,17.634762098525016],[82.45011718750038,17.63470703125074],[82.45263210720532,17.632230088976428],[82.45304768880231,17.63369194878544],[82.45249213324672,17.634714355469498],[82.45223008897614,17.63603488498336],[82.45445231119817,17.636381022136106],[82.45500868055575,17.637771538629124],[82.45497829861137,17.638282877604922],[82.45165879991339,17.637507866754106],[82.44996934678852,17.636686740452035],[82.44917453342038,17.637466091580507],[82.45082546658023,17.63968831380282],[82.44917453342038,17.64183186849027],[82.45000786675394,17.642214355469378],[82.45140082465304,17.643357476129154],[82.4521508789066,17.643312717014624],[82.45332546658028,17.642492133247174],[82.45473008897602,17.642230088976362],[82.455919325087,17.64139946831665],[82.45719997829877,17.642095269097922],[82.45634006076415,17.644973415799257],[82.4542518446184,17.645298665365317],[82.45500868055575,17.646382378472936],[82.45497233072956,17.646991373698654],[82.45388102213559,17.64749213324717],[82.45223931206635,17.648764648438146],[82.4519523111984,17.65011013454938],[82.45329942491355,17.65054768880276],[82.45506835937533,17.649096137153492],[82.4579310438371,17.649266764323556],[82.45966362847247,17.64805664062567],[82.4612076822919,17.647785644532007],[82.46193657769129,17.64906250000064],[82.45935601128491,17.65116916232705],[82.45671712239601,17.651984049479893],[82.45611897786489,17.652888726129163],[82.4573030598961,17.653881022136147],[82.45861111111151,17.653170301649993],[82.4594365776914,17.653618977865392],[82.46114963107686,17.653938530816617],[82.4610620117191,17.655408799913857],[82.46140950520874,17.65670681423677],[82.46254069010456,17.65667724609449],[82.46248019748288,17.65769151475763],[82.46056613498291,17.66158067491392],[82.46142930772595,17.662816840278424],[82.46255479600717,17.66278944227497],[82.46335313585092,17.665374891493855],[82.46443657769134,17.66519694010475],[82.46372585720525,17.663888888889574],[82.46419026692735,17.66303439670213]]]}},{"type":"Feature","id":"hydrolakes:178581","properties":{"Hylak_id":178581,"Lake_name":"","Country":"India","Continent":"Asia","Poly_src":"SWBD","Lake_type":1,"Grand_id":0,"Lake_area":1.7,"Shore_len":6.3,"Shore_dev":1.36,"Vol_total":3.63,"Vol_res":0.0,"Vol_src":3,"Depth_avg":2.1,"Dis_avg":1.081,"Res_time":38.9,"Elevation":16,"Slope_100":1.01,"Wshd_area":107.2,"Pour_long":82.99444,"Pour_lat":17.609432,"source_id":"hydrolakes:178581","label":""},"geometry":{"type":"Polygon","coordinates":[[[83.00277479383709,17.610734863281948],[83.00420871310803,17.609794921875675],[83.00546223958355,17.604316134983264],[83.00662841796901,17.60253716362911],[83.00833062065999,17.601108398438214],[83.00944173177112,17.60056939019165],[83.00896511501776,17.59762342664999],[83.00791666666703,17.596250000000623],[83.00566134982665,17.596419813368698],[83.00243598090321,17.598637966580554],[83.00033230251779,17.600827636719373],[82.99860839843791,17.601108398438214],[82.99722493489617,17.601669379340933],[82.9911140950523,17.602767469618755],[82.99109727647613,17.603599717882673],[82.99169596354204,17.603908148872165],[82.99358398437522,17.603869628906978],[82.99512830946202,17.6061477322055],[82.99444715711837,17.607502712674318],[82.99334282769132,17.608038465712582],[82.99278049045176,17.60968153211877],[82.99353434244819,17.61057128906316],[82.99580919053841,17.61052490234448],[82.99660481770877,17.611352810330516],[82.99826795789966,17.61220974392438],[82.99971950954892,17.61110839843826],[83.00277479383709,17.610734863281948]]]}},{"type":"Feature","id":"hydrolakes:178586","properties":{"Hylak_id":178586,"Lake_name":"","Country":"India","Continent":"Asia","Poly_src":"GRanD","Lake_type":2,"Grand_id":4973,"Lake_area":4.7,"Shore_len":16.02,"Shore_dev":2.08,"Vol_total":116.7,"Vol_res":116.7,"Vol_src":2,"Depth_avg":24.8,"Dis_avg":5.996,"Res_time":225.3,"Elevation":198,"Slope_100":2.29,"Wshd_area":560.8,"Pour_long":80.171875,"Pour_lat":17.590561,"source_id":"hydrolakes:178586","label":""},"geometry":{"type":"Polygon","coordinates":[[[80.17646481490124,17.61484907236303],[80.17681053578372,17.61242902618625],[80.17675291563677,17.608107515156348],[80.17525479181285,17.60580270927386],[80.1753700321072,17.60395886456797],[80.17583099328363,17.60367076383261],[80.17565813284222,17.59975259383225],[80.17640719475423,17.59957973339118],[80.17542765225414,17.598945911773455],[80.17485145078348,17.595834423831832],[80.17427524931276,17.59450916044949],[80.174563350048,17.59237721500807],[80.17508193137178,17.591397672508094],[80.17439048960716,17.59047575015495],[80.17323808666555,17.59093671133155],[80.17254664490082,17.590533370301955],[80.1724314046071,17.589438587507857],[80.17052993975358,17.58949620765486],[80.16903181593017,17.58926572706679],[80.16810989357697,17.58880476589036],[80.16880133534181,17.588113324125402],[80.1687437151947,17.58724902191949],[80.1677065525476,17.586788060742947],[80.16200215798824,17.586442339860696],[80.16090737519409,17.58736426221367],[80.16113785578233,17.589323347213906],[80.16056165431172,17.58966906809627],[80.15998545284106,17.589323347213906],[80.15779588725269,17.590648610596247],[80.15779588725269,17.592319594861237],[80.1586025693116,17.59226197471412],[80.15796874769399,17.598023989420426],[80.1586025693116,17.598023989420426],[80.1586025693116,17.599234012508703],[80.1584297088703,17.60038641544992],[80.15768064695845,17.600904996773465],[80.15762302681162,17.603094562361946],[80.15698920519361,17.604707926479648],[80.15635538357623,17.605168887656248],[80.15624014328205,17.607473693538964],[80.15796874769399,17.607646553979976],[80.15912115063492,17.608453236039054],[80.15940925137039,17.609663259127217],[80.16021593342936,17.610297080744942],[80.16090737519409,17.609548018832868],[80.1615411968117,17.610930902362554],[80.16102261548815,17.61242902618625],[80.16102261548815,17.613523808980517],[80.16188691769406,17.615194793245394],[80.16413410342977,17.616981017804278],[80.16603556828278,17.617787699863072],[80.16563222725307,17.61254426648054],[80.16753369210653,17.60949039868592],[80.16787941298878,17.60828037559787],[80.16793703313579,17.60649415103893],[80.16839799431222,17.60609081000922],[80.16862847490074,17.602172640008803],[80.16995373828331,17.60061689603839],[80.16966563754795,17.59975259383225],[80.16793703313579,17.597390167802587],[80.16926229651835,17.597044446920336],[80.17064518004781,17.598081609567657],[80.17104852107752,17.599234012508703],[80.17116376137136,17.605745089126856],[80.17150948225361,17.607243212950664],[80.172661885195,17.61018184045065],[80.172719505342,17.61254426648054],[80.17323808666555,17.61363904927464],[80.1724890247537,17.614388111186315],[80.17329570681272,17.61507955295116],[80.17467859034218,17.61461859177473],[80.1755428925481,17.61559813427482],[80.17485145078348,17.618594381922264],[80.1751395515189,17.621187288539886],[80.17583099328363,17.62136014898107],[80.17623433431294,17.621129668392996],[80.17646481490124,17.61484907236303]]]}},{"type":"Feature","id":"hydrolakes:178608","properties":{"Hylak_id":178608,"Lake_name":"","Country":"India","Continent":"Asia","Poly_src":"SWBD","Lake_type":1,"Grand_id":0,"Lake_area":2.08,"Shore_len":9.77,"Shore_dev":1.91,"Vol_total":4.05,"Vol_res":0.0,"Vol_src":3,"Depth_avg":2.0,"Dis_avg":3.515,"Res_time":13.3,"Elevation":80,"Slope_100":0.84,"Wshd_area":281.3,"Pour_long":81.159678,"Pour_lat":17.425845,"source_id":"hydrolakes:178608","label":""},"geometry":{"type":"Polygon","coordinates":[[[81.1581399197052,17.428052842882607],[81.16088500976582,17.42528049045211],[81.16326456705764,17.425890299479818],[81.16452202690994,17.424936252170824],[81.1677591959637,17.421669108073672],[81.16861382378482,17.421391601563187],[81.17280951605909,17.417961425781925],[81.17333062065978,17.417001139323645],[81.17080173068598,17.413586154514576],[81.16865532769123,17.413597819011102],[81.16830390082487,17.415756564670858],[81.1669627549914,17.416191677517986],[81.16666937934036,17.418891601563132],[81.16560587565112,17.41916395399369],[81.1649260796442,17.416461588542404],[81.16348008897592,17.414555935330554],[81.16278049045155,17.412747938368682],[81.16437635633713,17.411165093316583],[81.16471950954877,17.409573838976428],[81.16333808051246,17.40890353732709],[81.16236111111124,17.40736111111181],[81.16165052625888,17.40749972873334],[81.16111382378494,17.40805826822981],[81.15915907118091,17.408376464844423],[81.15915947808168,17.410211859809863],[81.16084052191871,17.41062147352494],[81.1608265516495,17.411302897136125],[81.15860839843776,17.411663953993695],[81.1583360460071,17.4119756401916],[81.16121934678858,17.41191677517429],[81.16076646592893,17.41324028862914],[81.15956542968775,17.41416395399375],[81.15831163194451,17.413313802083962],[81.15721964518247,17.413336317275025],[81.15583604600715,17.41281846788263],[81.1568306477867,17.415724283854843],[81.15623819987002,17.419197591146656],[81.15778225368945,17.421110568576978],[81.15748575846374,17.421686197917495],[81.15477118598119,17.421630859375625],[81.15361382378484,17.423126898872226],[81.15616495768239,17.426673990886115],[81.1575082736548,17.426675347222897],[81.1574900987415,17.427568088108444],[81.1581399197052,17.428052842882607]]]}},{"type":"Feature","id":"hydrolakes:178631","properties":{"Hylak_id":178631,"Lake_name":"","Country":"India","Continent":"Asia","Poly_src":"SWBD","Lake_type":1,"Grand_id":0,"Lake_area":2.16,"Shore_len":8.55,"Shore_dev":1.64,"Vol_total":13.13,"Vol_res":0.0,"Vol_src":3,"Depth_avg":6.1,"Dis_avg":0.718,"Res_time":211.7,"Elevation":68,"Slope_100":3.16,"Wshd_area":64.3,"Pour_long":82.125946,"Pour_lat":17.306212,"source_id":"hydrolakes:178631","label":""},"geometry":{"type":"Polygon","coordinates":[[[82.12555230034747,17.308847384983324],[82.12692911783881,17.30761718750074],[82.12706773546023,17.305293240018045],[82.12645141601587,17.303950466580545],[82.12402777777794,17.303806152344407],[82.11922865125888,17.304092068143063],[82.1168055555558,17.302361111111736],[82.11463935004372,17.302517632379136],[82.11172119140656,17.30696723090341],[82.11129503038228,17.309365505642972],[82.1129873318144,17.31054768880273],[82.11463623046905,17.31018364800417],[82.11646036783884,17.308909505209044],[82.11851019965303,17.308787163629177],[82.12079711914089,17.31147569444505],[82.12090169270869,17.313229709202062],[82.1202856445314,17.314363606771508],[82.12104736328138,17.315272623698604],[82.12223008897587,17.315547688802837],[82.12417453342033,17.31804768880278],[82.12499213324679,17.32250786675411],[82.12639675564265,17.32471435546944],[82.12688978407135,17.32631103515689],[82.12763007269984,17.327139756945087],[82.13065687391514,17.325976291233246],[82.13165879991357,17.325080837674307],[82.1301733398439,17.318751085070232],[82.12961656358539,17.31825385199727],[82.12770914713576,17.314220377604784],[82.12595106336835,17.31264973958406],[82.12518948025206,17.311559244792477],[82.12555230034747,17.308847384983324]]]}},{"type":"Feature","id":"hydrolakes:178634","properties":{"Hylak_id":178634,"Lake_name":"","Country":"India","Continent":"Asia","Poly_src":"SWBD","Lake_type":1,"Grand_id":0,"Lake_area":1.52,"Shore_len":8.09,"Shore_dev":1.85,"Vol_total":13.72,"Vol_res":0.0,"Vol_src":3,"Depth_avg":9.0,"Dis_avg":3.982,"Res_time":39.9,"Elevation":30,"Slope_100":5.73,"Wshd_area":368.9,"Pour_long":82.406144,"Pour_lat":17.289688,"source_id":"hydrolakes:178634","label":""},"geometry":{"type":"Polygon","coordinates":[[[82.38267415364612,17.296457248264517],[82.38340955946217,17.296057671441645],[82.38553331163217,17.29618435329928],[82.38607204861148,17.29501057942781],[82.38665364583369,17.294975857205486],[82.38795708550373,17.29598632812565],[82.391118977865,17.295563422309783],[82.39193657769118,17.294992133247206],[82.39306342230947,17.29473008897645],[82.39471435546892,17.29332546658054],[82.39709689670161,17.292230088976396],[82.39780273437526,17.292498643663862],[82.39773708767387,17.29360053168466],[82.40263590494811,17.293511827257646],[82.40566351996563,17.294158799913873],[82.40942898220521,17.293176812066633],[82.40950520833354,17.291896701389703],[82.40896050347266,17.29013292100757],[82.40788736979198,17.28844563802153],[82.40469373914954,17.285608452691633],[82.40180555555577,17.28513888888955],[82.39618679470516,17.285561794705472],[82.39361897786489,17.287856174045885],[82.39396999783008,17.289621582031884],[82.39610324435807,17.290117730035377],[82.39573106553837,17.290750596788882],[82.3926171875002,17.293873697917377],[82.39117458767396,17.29395968967077],[82.38952528211837,17.29306342230973],[82.38743408203163,17.293333062066665],[82.38473008897591,17.29473008897645],[82.38139892578141,17.295249023438203],[82.3813316514761,17.296377224392984],[82.38267415364612,17.296457248264517]]]}},{"type":"Feature","id":"hydrolakes:178637","properties":{"Hylak_id":178637,"Lake_name":"","Country":"India","Continent":"Asia","Poly_src":"SWBD","Lake_type":1,"Grand_id":0,"Lake_area":1.32,"Shore_len":5.42,"Shore_dev":1.33,"Vol_total":12.35,"Vol_res":0.0,"Vol_src":3,"Depth_avg":9.3,"Dis_avg":0.175,"Res_time":816.8,"Elevation":22,"Slope_100":6.26,"Wshd_area":13.7,"Pour_long":81.681251,"Pour_lat":17.243749,"source_id":"hydrolakes:178637","label":""},"geometry":{"type":"Polygon","coordinates":[[[81.69233900282137,17.248227267795755],[81.6938267686636,17.24642876519158],[81.69616387261317,17.246072591146515],[81.69596978081626,17.243656955295705],[81.69462795681454,17.24298692491385],[81.69293253580759,17.242476399740212],[81.69212022569462,17.24248074001798],[81.6902189127606,17.24113254123324],[81.68735582139789,17.240488552518002],[81.68708333333353,17.239583333333997],[81.68554524739613,17.23971191406315],[81.6849743652345,17.240374620226362],[81.68503241644999,17.24109863281319],[81.68422403971368,17.24193413628535],[81.6822325303823,17.24082302517428],[81.68124538845501,17.240565863715915],[81.6793288845488,17.241269802518048],[81.67872395833348,17.242625325521487],[81.67925198025188,17.246028374566663],[81.68032009548625,17.247534722222895],[81.68188707139774,17.248600802952012],[81.68445922851606,17.247656250000603],[81.68720906575533,17.247877061632664],[81.68991902669302,17.24916992187576],[81.69357259114594,17.249542371962434],[81.69387858072946,17.24899332682361],[81.69233900282137,17.248227267795755]]]}},{"type":"Feature","id":"hydrolakes:178640","properties":{"Hylak_id":178640,"Lake_name":"","Country":"India","Continent":"Asia","Poly_src":"SWBD","Lake_type":1,"Grand_id":0,"Lake_area":1.78,"Shore_len":6.38,"Shore_dev":1.35,"Vol_total":2.81,"Vol_res":0.0,"Vol_src":3,"Depth_avg":1.6,"Dis_avg":2.501,"Res_time":13.0,"Elevation":164,"Slope_100":0.69,"Wshd_area":283.8,"Pour_long":80.873958,"Pour_lat":17.219432,"source_id":"hydrolakes:178640","label":""},"geometry":{"type":"Polygon","coordinates":[[[80.87317226833784,17.231227756077203],[80.87383456760006,17.229743381077128],[80.8750103081598,17.22889919704926],[80.8755452473959,17.228045247396494],[80.87612304687508,17.227787272136084],[80.87607950846365,17.227245822483383],[80.87695475260426,17.225843641493668],[80.87798699273009,17.222038302952058],[80.87995741102463,17.222577582465988],[80.8803713650176,17.221450195313253],[80.8796936035157,17.22086642795199],[80.88054524739607,17.218844129774936],[80.88025383843342,17.21793891059093],[80.87922322591152,17.21705078125069],[80.8784722222224,17.215972222222888],[80.87710801866342,17.2161507161465],[80.87389919704873,17.21806586371605],[80.87082302517388,17.219434136285486],[80.8703400336372,17.219994574653413],[80.86906290690109,17.220379231771574],[80.86500847710516,17.223345269097877],[80.86365437825543,17.223363444011056],[80.86266113281283,17.222998589410338],[80.86193413628479,17.22332302517424],[80.86150254991344,17.224290364583965],[80.86028808593761,17.225489095052694],[80.86067355685782,17.226853569879097],[80.8630645751955,17.22693250868116],[80.86354885525185,17.227494574653406],[80.86455864800365,17.227798665365185],[80.86530476888038,17.228664822049325],[80.86934109158,17.2285413954001],[80.87082431369373,17.230011935764594],[80.87136325412348,17.22996853298679],[80.87196153428823,17.23176812066032],[80.87317226833784,17.231227756077203]]]}},{"type":"Feature","id":"hydrolakes:178648","properties":{"Hylak_id":178648,"Lake_name":"","Country":"India","Continent":"Asia","Poly_src":"SWBD","Lake_type":1,"Grand_id":0,"Lake_area":1.27,"Shore_len":7.39,"Shore_dev":1.85,"Vol_total":0.63,"Vol_res":0.0,"Vol_src":3,"Depth_avg":0.5,"Dis_avg":0.448,"Res_time":16.4,"Elevation":7,"Slope_100":0.15,"Wshd_area":42.4,"Pour_long":82.349289,"Pour_lat":17.178431,"source_id":"hydrolakes:178648","label":""},"geometry":{"type":"Polygon","coordinates":[[[82.36389946831628,17.18662760416737],[82.36664930555594,17.185169542101335],[82.36693657769126,17.183325466580527],[82.36740939670176,17.18245551215341],[82.36599148220506,17.1798467339417],[82.36266737196223,17.1786189778652],[82.36091471354183,17.17924777560836],[82.35945231119814,17.178047688802735],[82.3581491427953,17.177387695313257],[82.35763888888908,17.175416666667275],[82.35463297526076,17.175855848524918],[82.3530566406252,17.17695692274367],[82.35250786675385,17.176658799913866],[82.34991672092036,17.17639675564311],[82.34841037326413,17.179513888889517],[82.3495949978302,17.180057779948584],[82.35094618055581,17.18175265842075],[82.35265516493081,17.182596299913882],[82.35332546658015,17.182141384549254],[82.35273925781274,17.181062554254083],[82.35279513888918,17.18012369791728],[82.35671522352447,17.182260742188134],[82.358796386719,17.182136773004117],[82.35999213324675,17.183063422309658],[82.36314290364612,17.184783257379138],[82.36304497612872,17.18642957899374],[82.36218153211831,17.186378309462498],[82.36225748697933,17.18510281033042],[82.36122884114616,17.184730088976323],[82.36071723090299,17.18692898220553],[82.36292182074686,17.189969075521446],[82.36412272135436,17.190339626736773],[82.36499213324691,17.190196940104784],[82.3638503689238,17.187451443143175],[82.36389946831628,17.18662760416737]]]}},{"type":"Feature","id":"hydrolakes:178651","properties":{"Hylak_id":178651,"Lake_name":"","Country":"India","Continent":"Asia","Poly_src":"SWBD","Lake_type":2,"Grand_id":4982,"Lake_area":3.83,"Shore_len":11.38,"Shore_dev":1.64,"Vol_total":18.8,"Vol_res":18.8,"Vol_src":2,"Depth_avg":4.9,"Dis_avg":1.658,"Res_time":131.2,"Elevation":117,"Slope_100":0.61,"Wshd_area":204.4,"Pour_long":80.716302,"Pour_lat":17.165238,"source_id":"hydrolakes:178651","label":""},"geometry":{"type":"Polygon","coordinates":[[[80.72693813747838,17.17952799479241],[80.7272119140626,17.17832302517428],[80.72860080295146,17.176643880208985],[80.72798448350693,17.17534206814298],[80.72600816514773,17.17459201388965],[80.72445475260452,17.17182047526103],[80.72483866373716,17.169501681858264],[80.72614861382397,17.1691433376742],[80.72687215169287,17.169982910156875],[80.72791259765643,17.170066731771442],[80.72934549967476,17.169540473090933],[80.72999640570765,17.170295952691617],[80.73221191406276,17.16961100260488],[80.73085266113293,17.16760199652839],[80.73082139756946,17.167212185330527],[80.73223253038236,17.166954752604852],[80.73329895019543,17.166198730469432],[80.73455105251753,17.16689724392421],[80.73528550889779,17.166956108941633],[80.73748969184044,17.166277669271437],[80.73723253038207,17.165545247396494],[80.73377468532993,17.164423556858253],[80.7328323703345,17.16332980685837],[80.73110080295152,17.16306586371593],[80.72937750922318,17.162083333334124],[80.72947903103312,17.160819498698572],[80.72712117513038,17.160769314236745],[80.72527431911908,17.16188368055623],[80.72441297743063,17.161052246094528],[80.72332302517367,17.160565863715874],[80.72306586371536,17.159434136285483],[80.72263888888915,17.15875000000068],[80.72117567274319,17.159016927083997],[80.71943413628475,17.160267469618645],[80.71789761013474,17.162253689236763],[80.71609347873272,17.16380805121588],[80.71575731065559,17.166687825521535],[80.71360955132383,17.169302571615276],[80.7124896918404,17.170267469618693],[80.71183010525186,17.172458224827153],[80.71082153320333,17.17388075086876],[80.7108452012805,17.174175618490267],[80.71029473198797,17.17464979383749],[80.71028957790816,17.17639648437563],[80.70993225097669,17.17703694661526],[80.71052917480495,17.17837456597283],[80.71362013075111,17.178623046875657],[80.71456726074234,17.177523600260997],[80.71648966471378,17.177369249132596],[80.71860256618947,17.179178602431193],[80.71889851888028,17.179154730903406],[80.71915635850712,17.17973253038275],[80.72001030815989,17.18054524739648],[80.72026746961814,17.1816769748271],[80.72176534016938,17.184832899306286],[80.72343153211813,17.186211208767986],[80.7260621473526,17.185810275608276],[80.72725572374156,17.185277777778424],[80.72661905924497,17.184993760851285],[80.72528808593768,17.182384982639576],[80.72566026475715,17.18133029513956],[80.72693813747838,17.17952799479241]]]}},{"type":"Feature","id":"hydrolakes:178671","properties":{"Hylak_id":178671,"Lake_name":"","Country":"India","Continent":"Asia","Poly_src":"SWBD","Lake_type":1,"Grand_id":0,"Lake_area":1.6,"Shore_len":8.16,"Shore_dev":1.82,"Vol_total":1.51,"Vol_res":0.0,"Vol_src":3,"Depth_avg":0.9,"Dis_avg":2.03,"Res_time":8.6,"Elevation":98,"Slope_100":0.39,"Wshd_area":245.1,"Pour_long":80.088542,"Pour_lat":17.043633,"source_id":"hydrolakes:178671","label":""},"geometry":{"type":"Polygon","coordinates":[[[80.08334366692452,17.05082302517434],[80.08232725355361,17.04938937717077],[80.08298896789557,17.048621419271512],[80.08382230122902,17.049434136285356],[80.08665633307578,17.046378580729822],[80.08865808275027,17.045550672743673],[80.08938246832957,17.043927408854813],[80.09164933946408,17.043965657552633],[80.0917586771647,17.042604980469434],[80.09066992017966,17.041069335938175],[80.08940680609811,17.037000868056225],[80.08751697116446,17.034794650608262],[80.08748816596136,17.034436035156943],[80.08860077752024,17.032767469618705],[80.08962234497068,17.03231174045203],[80.08902777777786,17.030972222222886],[80.08754357231999,17.031418999566654],[80.08719003465444,17.032975260417288],[80.08534353468167,17.03430121527839],[80.08425963507756,17.035417751736702],[80.0833921983508,17.03719075520894],[80.082489666409,17.03804524739644],[80.08200330946187,17.0391351996534],[80.08145381503635,17.039608561198577],[80.08130394829664,17.041473795573665],[80.08177786085355,17.04276421441034],[80.08042127821187,17.04590006510483],[80.07799819946291,17.045010308160442],[80.07676129659018,17.045414767795762],[80.07612144470238,17.046561686198572],[80.07647935655405,17.048269042969366],[80.07935192532017,17.048981391059613],[80.07983340793203,17.051100802952078],[80.08156161838116,17.05028808593812],[80.08273357815216,17.051635199653504],[80.08308202955465,17.05354546441032],[80.08567059834832,17.054989691840888],[80.08637855529793,17.054149848090958],[80.08612144470226,17.053600802952076],[80.08468090481227,17.052957899306193],[80.08334366692452,17.05082302517434]]]}},{"type":"Feature","id":"hydrolakes:178676","properties":{"Hylak_id":178676,"Lake_name":"","Country":"India","Continent":"Asia","Poly_src":"SWBD","Lake_type":1,"Grand_id":0,"Lake_area":1.92,"Shore_len":6.9,"Shore_dev":1.4,"Vol_total":3.03,"Vol_res":0.0,"Vol_src":3,"Depth_avg":1.6,"Dis_avg":0.31,"Res_time":113.2,"Elevation":100,"Slope_100":0.67,"Wshd_area":35.9,"Pour_long":80.926042,"Pour_lat":17.006859,"source_id":"hydrolakes:178676","label":""},"geometry":{"type":"Polygon","coordinates":[[[80.91883768717469,17.01902967664995],[80.92038594563809,17.01659532335134],[80.92202690972232,17.01475857204929],[80.92461113823794,17.014604763455452],[80.9270800103082,17.017769911025027],[80.92829861111136,17.017317165799284],[80.92698025173621,17.01518473307351],[80.92693406846831,17.013298339844425],[80.92827053493937,17.011965060764567],[80.93217888726139,17.011631401910392],[80.93329427083341,17.010634765625753],[80.93388108995231,17.008999294705518],[80.93337083604638,17.007687717014562],[80.93139668782561,17.006381022135997],[80.92451904296883,17.005100097656907],[80.92430555555569,17.00486111111178],[80.91919433593773,17.00499864366384],[80.91758260091154,17.00573838975754],[80.91584113227003,17.008129882813137],[80.91610331217458,17.01000786675405],[80.91678053114174,17.010977376302833],[80.91638041178408,17.01360758463602],[80.91649692111554,17.015562608507594],[80.91445224338116,17.017389594184635],[80.91478556315121,17.018246256511077],[80.91556430392814,17.01860378689298],[80.91554477267812,17.018930935330445],[80.91663269042999,17.018866102431218],[80.9182227918838,17.019436577691636],[80.91883768717469,17.01902967664995]]]}},{"type":"Feature","id":"hydrolakes:178717","properties":{"Hylak_id":178717,"Lake_name":"","Country":"India","Continent":"Asia","Poly_src":"SWBD","Lake_type":1,"Grand_id":0,"Lake_area":1.07,"Shore_len":4.16,"Shore_dev":1.13,"Vol_total":6.09,"Vol_res":0.0,"Vol_src":3,"Depth_avg":5.7,"Dis_avg":0.54,"Res_time":130.5,"Elevation":50,"Slope_100":3.74,"Wshd_area":67.6,"Pour_long":80.82049,"Pour_lat":16.649841,"source_id":"hydrolakes:178717","label":""},"geometry":{"type":"Polygon","coordinates":[[[80.82259453667547,16.652155490452003],[80.8212500000003,16.649583333333908],[80.81957038031697,16.649803059896385],[80.81900709364174,16.650812717014617],[80.8183230251737,16.653045247396392],[80.81806586371567,16.656676974827064],[80.817232530382,16.658655870226255],[80.81815090603322,16.659785156250564],[80.81798862033452,16.66236111111175],[80.81908664279518,16.662851019965956],[80.82021118164067,16.664156358507626],[80.8230060492624,16.66336697048672],[80.82524590386294,16.66085747612908],[80.82657979329451,16.6587204318584],[80.82675645616331,16.6565209960944],[80.82612141927109,16.655267469618707],[80.82480489095059,16.653272840712532],[80.82259453667547,16.652155490452003]]]}},{"type":"Feature","id":"hydrolakes:178738","properties":{"Hylak_id":178738,"Lake_name":"","Country":"India","Continent":"Asia","Poly_src":"SWBD","Lake_type":1,"Grand_id":0,"Lake_area":1.75,"Shore_len":6.53,"Shore_dev":1.39,"Vol_total":0.87,"Vol_res":0.0,"Vol_src":3,"Depth_avg":0.5,"Dis_avg":0.046,"Res_time":220.0,"Elevation":2,"Slope_100":0.11,"Wshd_area":3.3,"Pour_long":82.129878,"Pour_lat":16.504346,"source_id":"hydrolakes:178738","label":""},"geometry":{"type":"Polygon","coordinates":[[[82.13300537109393,16.494572211372144],[82.1307358127172,16.49281331380263],[82.129993760851,16.492769097222833],[82.12896986219664,16.493325466580472],[82.12615288628496,16.492825792101314],[82.1258002387155,16.490563422309663],[82.12499213324679,16.490825466580418],[82.12341620551234,16.493303493924202],[82.12199598524325,16.493388129340985],[82.11930555555591,16.489027777778404],[82.11810601128497,16.489188096788837],[82.11887084960972,16.49204399956659],[82.11778564453141,16.4940413411465],[82.11919664171035,16.495229763455598],[82.12106757269999,16.49566514757015],[82.12172987196209,16.499643554688134],[82.12134548611135,16.502170681424218],[82.12324381510433,16.50378580729216],[82.12460503472255,16.50420600043458],[82.12691975911474,16.50574544270887],[82.1288967556427,16.505285644531853],[82.12999213324673,16.504436577691536],[82.13217380099849,16.504144965278442],[82.13331963433183,16.5020364040804],[82.13335069444469,16.501514485677603],[82.13227905273465,16.49998046875072],[82.1321827528214,16.498366427952135],[82.13332546658006,16.49689181857707],[82.13300537109393,16.494572211372144]]]}},{"type":"Feature","id":"hydrolakes:178739","properties":{"Hylak_id":178739,"Lake_name":"","Country":"India","Continent":"Asia","Poly_src":"SWBD","Lake_type":1,"Grand_id":0,"Lake_area":1.17,"Shore_len":7.03,"Shore_dev":1.83,"Vol_total":0.63,"Vol_res":0.0,"Vol_src":3,"Depth_avg":0.5,"Dis_avg":1.412,"Res_time":5.2,"Elevation":2,"Slope_100":0.22,"Wshd_area":92.6,"Pour_long":82.108859,"Pour_lat":16.482478,"source_id":"hydrolakes:178739","label":""},"geometry":{"type":"Polygon","coordinates":[[[82.1073712836374,16.498343912761072],[82.10861626519124,16.498294542101235],[82.1093573676219,16.499864908854818],[82.11059488932324,16.50029866536522],[82.1119391547312,16.49854573567768],[82.11164564344637,16.498306749132553],[82.11000705295163,16.498371582031837],[82.11003580729198,16.496734754774934],[82.10806084526934,16.49626437717069],[82.10833862304719,16.49119032118125],[82.10970635308195,16.490757378472836],[82.10898396809915,16.489392361111754],[82.10987386067728,16.48513888888948],[82.10942952473988,16.48301486545199],[82.10947102864606,16.4819677734381],[82.10694973415832,16.48055013020894],[82.10551337348136,16.48020806206665],[82.1048611111114,16.47958333333395],[82.10405748155415,16.479736870660304],[82.10473022460974,16.482561035156834],[82.10587863498284,16.484731174045805],[82.10499430338575,16.485550672743727],[82.1038633897573,16.490885687934508],[82.10389458550361,16.491671549479747],[82.10360012478333,16.49194444444504],[82.10414822048642,16.492452256945057],[82.10405761718766,16.49761067708397],[82.1046443684898,16.501293945313193],[82.10548665364615,16.502202962240233],[82.10776950412361,16.502293565538764],[82.1073712836374,16.498343912761072]]]}},{"type":"Feature","id":"hydrolakes:178757","properties":{"Hylak_id":178757,"Lake_name":"","Country":"India","Continent":"Asia","Poly_src":"SWBD","Lake_type":1,"Grand_id":0,"Lake_area":6.64,"Shore_len":27.43,"Shore_dev":3.0,"Vol_total":12.93,"Vol_res":0.0,"Vol_src":3,"Depth_avg":1.9,"Dis_avg":73.888,"Res_time":2.0,"Elevation":1,"Slope_100":0.56,"Wshd_area":9343.3,"Pour_long":81.42819,"Pour_lat":16.356777,"source_id":"hydrolakes:178757","label":""},"geometry":{"type":"Polygon","coordinates":[[[81.40388102213558,16.383325466580402],[81.40538818359386,16.382974989149886],[81.40694566514787,16.383622775608274],[81.4077699110245,16.38314534505264],[81.40688978407132,16.38188503689298],[81.4050372992624,16.381034884983194],[81.40462036132823,16.379242892795673],[81.40526258680569,16.378669162327014],[81.40557617187534,16.377985568577003],[81.40548068576408,16.376381835938048],[81.40745741102455,16.374615614150002],[81.40784600151937,16.37335693359438],[81.41036960177973,16.373069390191574],[81.41155354817738,16.37371256510471],[81.41226006401922,16.374503309462398],[81.4122328016494,16.375872395833937],[81.41533691406278,16.377297092014487],[81.4183105468752,16.37690158420196],[81.42303439670161,16.37692084418461],[81.42360324435788,16.377230088976432],[81.42789659288206,16.37749213324713],[81.42832546658002,16.376103244358262],[81.43393893771713,16.37569742838599],[81.43554850260455,16.37650173611172],[81.43697564019124,16.375989583333876],[81.43893161349837,16.37640760633741],[81.43958333333376,16.377827419705397],[81.44056111653674,16.377769097222767],[81.44166029188398,16.378163519965824],[81.44549669053845,16.378143174913816],[81.44590793185779,16.375939670139473],[81.44727498372407,16.376999240452108],[81.44859592013916,16.376920572917243],[81.4501188151043,16.37776991102487],[81.45063517252652,16.376098090278333],[81.45165079752633,16.374644097222756],[81.45342990451405,16.37335286458392],[81.45249213324672,16.373063422309656],[81.45164360894108,16.372470703125714],[81.45168077256972,16.37184760199716],[81.45382134331606,16.37134955512215],[81.45415879991344,16.370316026476303],[81.45054687500016,16.370007866754065],[81.45057305230051,16.369568413629054],[81.44961235894112,16.369127604167318],[81.44571614583356,16.36998480902838],[81.44431152343765,16.368412814670876],[81.44290106879362,16.36751573350756],[81.4424203830298,16.366468370226414],[81.43965182834216,16.364563530816724],[81.43703640407995,16.363132052951983],[81.43332546658007,16.36195231119848],[81.43306342230949,16.361103244358276],[81.43249755859404,16.360597873264453],[81.43221937391507,16.358812391493643],[81.4312761773005,16.357969563802612],[81.42966932508699,16.35718153211866],[81.42875000000026,16.355416666667224],[81.42739054361988,16.355598415799136],[81.42695231119802,16.35685465494845],[81.42782931857664,16.358110351563198],[81.42908908420151,16.358035210504],[81.43145996093762,16.35950113932347],[81.43136542426231,16.361088595920876],[81.426388888889,16.360791829427626],[81.42416585286503,16.360924479167295],[81.42278564453147,16.361674533420853],[81.42054768880217,16.36193657769161],[81.41917371961836,16.363064236111654],[81.4185922580296,16.363029513889444],[81.41741088867218,16.363671603733223],[81.41602159288232,16.36329942491375],[81.41332519531267,16.36365804036518],[81.41109049479189,16.36425645616373],[81.40930989583347,16.36415039062564],[81.4088967556425,16.36193657769161],[81.4076672363284,16.361674533420853],[81.40579169379362,16.363633355035404],[81.40523152669283,16.36359998914986],[81.4041482204862,16.364188639323515],[81.40361897786471,16.36578070746583],[81.40492662217912,16.367468261719466],[81.4041430664065,16.36891004774361],[81.40413574218763,16.37010145399364],[81.40325561523474,16.37088812934087],[81.4014124891496,16.371457248264505],[81.40086425781283,16.37537896050401],[81.40214301215286,16.37720974392431],[81.40019368489601,16.37844970703179],[81.4001879882814,16.38164605034791],[81.40078938802105,16.38389160156305],[81.40268812391514,16.384158799913735],[81.40388102213558,16.383325466580402]],[[81.41759589301233,16.373011338976312],[81.41708333333361,16.371894802517886],[81.41587497287355,16.371966688368673],[81.41528564453137,16.371440158420683],[81.41582546658015,16.369992133247138],[81.4161355251739,16.369715169271444],[81.41610243055567,16.36915961371585],[81.41665147569472,16.368669162327024],[81.41708536783881,16.367723795573454],[81.42105088975705,16.366983506945076],[81.42267618815134,16.36530870225755],[81.42659315321202,16.365240885417222],[81.42766886393241,16.365626898872108],[81.42859171549497,16.36512532552149],[81.43294243706606,16.36505126953182],[81.4334722222224,16.36486111111168],[81.4380400933162,16.36626763237905],[81.43808675130242,16.36705132378529],[81.43665879991346,16.367492133247254],[81.43556342230914,16.3683412000874],[81.43415879991329,16.36860324435827],[81.43310899522584,16.369173719618686],[81.42938639322932,16.36974012586859],[81.42831231011297,16.368537868924136],[81.42506849500876,16.36854058159787],[81.42359903971368,16.369746365018102],[81.42038099500877,16.369554578993643],[81.41973008897588,16.371396755643048],[81.41864895290809,16.37332546658041],[81.41759589301233,16.373011338976312]],[[81.41314114040836,16.36830050998327],[81.41217692057302,16.36969672309084],[81.41113783094647,16.36940700954932],[81.40975084092906,16.368503689236718],[81.40724772135428,16.367626410590844],[81.40764675564247,16.365893825955425],[81.40822089301224,16.36576524522627],[81.41015068901919,16.366363389757566],[81.41275227864605,16.365530056424177],[81.4140277777779,16.365416666667215],[81.41525227864611,16.366215277778338],[81.41450263129366,16.367791069879104],[81.41314114040836,16.36830050998327]]]}},{"type":"Feature","id":"hydrolakes:178758","properties":{"Hylak_id":178758,"Lake_name":"","Country":"India","Continent":"Asia","Poly_src":"SWBD","Lake_type":1,"Grand_id":0,"Lake_area":2.01,"Shore_len":9.64,"Shore_dev":1.92,"Vol_total":2.76,"Vol_res":0.0,"Vol_src":3,"Depth_avg":1.4,"Dis_avg":0.35,"Res_time":91.3,"Elevation":0,"Slope_100":0.56,"Wshd_area":39.3,"Pour_long":81.336458,"Pour_lat":16.344959,"source_id":"hydrolakes:178758","label":""},"geometry":{"type":"Polygon","coordinates":[[[81.34031168619822,16.35304660373322],[81.34206597222249,16.351857367622245],[81.34510945638044,16.351391601563023],[81.34792846679716,16.353052842882505],[81.34974310980931,16.350604926215908],[81.34971720377615,16.34933430989645],[81.34615492079035,16.348154568142945],[81.3451375325522,16.346466742622056],[81.34222493489591,16.345830620660365],[81.33910468207483,16.34555311414988],[81.33504367404527,16.34348632812555],[81.33486111111125,16.341805555556107],[81.33386773003497,16.342227376302617],[81.3327695041234,16.343347439236652],[81.33279229058189,16.34445827908047],[81.33444675021718,16.344424641927787],[81.33627536349854,16.345366482205463],[81.33694173177099,16.34662082248326],[81.33476481119817,16.347912868924197],[81.33444213867205,16.348907606337434],[81.33386298285603,16.349463975695187],[81.33164103190131,16.349996744792236],[81.32998616536469,16.348874782986798],[81.33001681857655,16.347370334202026],[81.33147854275188,16.34544379340349],[81.3309895833334,16.34449435763952],[81.32725043402809,16.34653700086858],[81.32691718207491,16.34790391710129],[81.32578708224861,16.348608398438103],[81.32416937934056,16.347775065104827],[81.32247016059057,16.347502712674213],[81.3213301595053,16.34809000651103],[81.32055826822926,16.350607367622104],[81.321987575955,16.3519805230041],[81.32469306098102,16.35192518446246],[81.32873345269127,16.35441514757008],[81.33282402886312,16.354719509549227],[81.33467949761297,16.353763563368602],[81.34031168619822,16.35304660373322]]]}},{"type":"Feature","id":"hydrolakes:178761","properties":{"Hylak_id":178761,"Lake_name":"","Country":"India","Continent":"Asia","Poly_src":"SWBD","Lake_type":1,"Grand_id":0,"Lake_area":1.16,"Shore_len":4.89,"Shore_dev":1.28,"Vol_total":1.17,"Vol_res":0.0,"Vol_src":3,"Depth_avg":1.0,"Dis_avg":0.015,"Res_time":899.5,"Elevation":0,"Slope_100":0.47,"Wshd_area":1.6,"Pour_long":81.31647,"Pour_lat":16.337113,"source_id":"hydrolakes:178761","label":""},"geometry":{"type":"Polygon","coordinates":[[[81.31556342230931,16.34306342230957],[81.31621459960968,16.342709418403388],[81.31921468098983,16.34278889974013],[81.32409613715294,16.342372233073547],[81.32451565212699,16.340124240451928],[81.32526991102452,16.33971435546931],[81.326952311198,16.3394523111985],[81.32815958658898,16.33588758680611],[81.32667453342037,16.335269911024852],[81.32217651367216,16.334944932726216],[81.32110324435774,16.334452311198504],[81.32097222222234,16.333750000000634],[81.31749308268246,16.333968098958906],[81.3169365776912,16.334992133247226],[81.31655287000899,16.3366414388027],[81.31525675455742,16.338867730035304],[81.31306342230926,16.340285644531775],[81.31112521701397,16.340736490886],[81.31102362738739,16.342440321181186],[81.31265245225705,16.343325466580495],[81.31556342230931,16.34306342230957]]]}},{"type":"Feature","id":"hydrolakes:178762","properties":{"Hylak_id":178762,"Lake_name":"","Country":"India","Continent":"Asia","Poly_src":"SWBD","Lake_type":1,"Grand_id":0,"Lake_area":1.47,"Shore_len":5.98,"Shore_dev":1.39,"Vol_total":1.75,"Vol_res":0.0,"Vol_src":3,"Depth_avg":1.2,"Dis_avg":0.037,"Res_time":546.1,"Elevation":0,"Slope_100":0.53,"Wshd_area":4.3,"Pour_long":81.297917,"Pour_lat":16.335417,"source_id":"hydrolakes:178762","label":""},"geometry":{"type":"Polygon","coordinates":[[[81.30499471028668,16.342938368056195],[81.30391615125876,16.339861111111645],[81.30458591037342,16.337950032552783],[81.30299519856788,16.33572645399363],[81.30202704535606,16.334829372830427],[81.3008280436199,16.334449869792195],[81.3000052897138,16.333050130208903],[81.2990277777779,16.332361111111652],[81.29590983072944,16.33253716362907],[81.29556084526939,16.33472764757005],[81.29460923936648,16.3351765950527],[81.29131239149314,16.334020996094296],[81.28671522352448,16.334203287761056],[81.28574571397598,16.335704752604727],[81.28584635416689,16.33824571397622],[81.28755384657126,16.341189507379056],[81.28869818793413,16.341661241320196],[81.28990505642372,16.34001600477484],[81.29236436631953,16.339400499132466],[81.29379448784744,16.339457194010947],[81.29546780056438,16.340608452691527],[81.297194417318,16.34054009331652],[81.30005154079873,16.341411404080475],[81.30088514539938,16.342311197917297],[81.3031867133248,16.343207465278454],[81.30499471028668,16.342938368056195]]]}},{"type":"Feature","id":"hydrolakes:178764","properties":{"Hylak_id":178764,"Lake_name":"","Country":"India","Continent":"Asia","Poly_src":"SWBD","Lake_type":1,"Grand_id":0,"Lake_area":2.39,"Shore_len":9.75,"Shore_dev":1.78,"Vol_total":2.87,"Vol_res":0.0,"Vol_src":3,"Depth_avg":1.2,"Dis_avg":2.243,"Res_time":14.8,"Elevation":0,"Slope_100":0.45,"Wshd_area":306.8,"Pour_long":81.32541,"Pour_lat":16.328296,"source_id":"hydrolakes:178764","label":""},"geometry":{"type":"Polygon","coordinates":[[[81.31605129665826,16.33319905599018],[81.31661878797757,16.331996527778358],[81.32040852864594,16.331633300781846],[81.32554117838572,16.331836751302717],[81.32587727864609,16.329026963976276],[81.32582058376761,16.327595757379072],[81.32184936523453,16.325796169705427],[81.31916137695322,16.325283203125593],[81.31696478949675,16.324513075087395],[81.31388359917543,16.325272352431227],[81.31194973415819,16.326116536458926],[81.31020141601584,16.326383463542243],[81.30829277886306,16.325714518229745],[81.30691704644119,16.323838975695082],[81.30429416232676,16.324295789931114],[81.30303927951411,16.32555013020891],[81.30306125217027,16.324995117188053],[81.3018055555558,16.323472222222847],[81.29933091905411,16.323911946615112],[81.29649332682328,16.323956434462332],[81.29534925672772,16.324561631945073],[81.29614081488722,16.325295138889487],[81.29666137695335,16.32696072048674],[81.29607408311648,16.326937391493686],[81.29550455729174,16.326322699653304],[81.2926722547744,16.326978895399918],[81.29001858181448,16.32687364366376],[81.28972751193601,16.32767252604225],[81.29152750651059,16.328522135417188],[81.29434163411469,16.327784559462373],[81.29555379231789,16.32861897786512],[81.2964693196617,16.328298068577],[81.29887410481797,16.328349338108296],[81.30034573025193,16.327570529514503],[81.30251329210091,16.328138563368668],[81.30247314453135,16.329151204427717],[81.30332614474855,16.331585015191706],[81.30446587456618,16.33307128906307],[81.30877427842898,16.333188747830434],[81.31015163845501,16.333671332465883],[81.31605129665826,16.33319905599018]]]}},{"type":"Feature","id":"hydrolakes:178858","properties":{"Hylak_id":178858,"Lake_name":"","Country":"India","Continent":"Asia","Poly_src":"SWBD","Lake_type":1,"Grand_id":0,"Lake_area":1.38,"Shore_len":5.54,"Shore_dev":1.33,"Vol_total":1.29,"Vol_res":0.0,"Vol_src":3,"Depth_avg":0.9,"Dis_avg":0.055,"Res_time":271.6,"Elevation":0,"Slope_100":0.41,"Wshd_area":7.0,"Pour_long":80.884173,"Pour_lat":15.747919,"source_id":"hydrolakes:178858","label":""},"geometry":{"type":"Polygon","coordinates":[[[80.88167812771275,15.750404459636002],[80.88394476996535,15.749727647570069],[80.88561143663196,15.750550130208865],[80.88669331868499,15.749977756077044],[80.8866600884333,15.749140082465829],[80.88543931749155,15.748564181858114],[80.88444973415812,15.747444118924193],[80.88506612141936,15.746279296875514],[80.8848611111112,15.745694444445007],[80.88386264377198,15.746133083767916],[80.87840535481774,15.745778266059688],[80.8720505777996,15.74612603081647],[80.86917195638028,15.749449869792215],[80.86746283637194,15.750590006510947],[80.86751051161048,15.751793619792238],[80.87115180121538,15.752488878038832],[80.8721044921877,15.753516981337441],[80.87251566569034,15.755670572917154],[80.87416137695317,15.754994574653324],[80.87906595865911,15.754658745660208],[80.8817055935333,15.752510308160424],[80.88167812771275,15.750404459636002]]]}},{"type":"Feature","id":"hydrolakes:178887","properties":{"Hylak_id":178887,"Lake_name":"","Country":"India","Continent":"Asia","Poly_src":"SWBD","Lake_type":1,"Grand_id":0,"Lake_area":1.06,"Shore_len":9.73,"Shore_dev":2.67,"Vol_total":0.53,"Vol_res":0.0,"Vol_src":3,"Depth_avg":0.5,"Dis_avg":1.492,"Res_time":4.1,"Elevation":2,"Slope_100":0.19,"Wshd_area":243.2,"Pour_long":80.160417,"Pour_lat":15.478014,"source_id":"hydrolakes:178887","label":""},"geometry":{"type":"Polygon","coordinates":[[[80.15388931274435,15.467704264323459],[80.15263039482988,15.466579318576919],[80.15151736789284,15.464778917101171],[80.15052402072484,15.462397732205318],[80.14943662855387,15.460841200087316],[80.14840501573366,15.45818847656301],[80.14610329522026,15.455285644531898],[80.14576590643998,15.454192979601373],[80.1444522603353,15.451936577691583],[80.14270562065985,15.449682888455357],[80.14278642442514,15.44832736545186],[80.14180555555572,15.446250000000475],[80.14084114922434,15.446547851562968],[80.14116772121855,15.448781738281752],[80.14167448255756,15.449714355469268],[80.14199171278233,15.451078016493568],[80.14313512166342,15.452976074219293],[80.1443909030491,15.453552246094205],[80.14471440633139,15.455285644531898],[80.1455243089465,15.456009114583821],[80.14586776733415,15.457616644965753],[80.14579320271821,15.458867730035251],[80.14660010443794,15.45958875868115],[80.14749218410941,15.462230088976185],[80.1487383185493,15.463837890625541],[80.14855567084425,15.466902398004038],[80.14921530829537,15.467260742187989],[80.15095640394424,15.467156846788669],[80.15282984415711,15.469574381510881],[80.1533255174428,15.472230088976232],[80.15395857069245,15.473136393229709],[80.1538613382977,15.474767795139428],[80.15639670477992,15.475825466580432],[80.15667873806427,15.4773364257818],[80.15832175360794,15.478804524740042],[80.15723003811314,15.480367567274868],[80.15998165554475,15.480277235243705],[80.16276996188702,15.478323838976223],[80.16172834608295,15.477226833767872],[80.16048036363406,15.476936577691447],[80.15764387342671,15.47360215928876],[80.15556337144676,15.4702699110249],[80.15443662855358,15.468896755643016],[80.15388931274435,15.467704264323459]]]}},{"type":"Feature","id":"hydrolakes:1392333","properties":{"Hylak_id":1392333,"Lake_name":"","Country":"India","Continent":"Asia","Poly_src":"SWBD","Lake_type":1,"Grand_id":0,"Lake_area":0.15,"Shore_len":1.57,"Shore_dev":1.15,"Vol_total":0.37,"Vol_res":0.0,"Vol_src":3,"Depth_avg":2.5,"Dis_avg":0.231,"Res_time":18.6,"Elevation":134,"Slope_100":1.35,"Wshd_area":11.1,"Pour_long":84.777322,"Pour_lat":19.997192,"source_id":"hydrolakes:1392333","label":""},"geometry":{"type":"Polygon","coordinates":[[[84.77886990017413,19.994980907441004],[84.77819444444486,19.993472222223204],[84.77767415364627,19.993624960052557],[84.77629448784774,19.9953679060946],[84.7754779730908,19.997044186063135],[84.77708116319485,19.998525923060868],[84.77929253472263,19.998751368805017],[84.77886990017413,19.994980907441004]]]}},{"type":"Feature","id":"hydrolakes:1392335","properties":{"Hylak_id":1392335,"Lake_name":"","Country":"India","Continent":"Asia","Poly_src":"SWBD","Lake_type":1,"Grand_id":0,"Lake_area":0.28,"Shore_len":2.41,"Shore_dev":1.28,"Vol_total":0.69,"Vol_res":0.0,"Vol_src":3,"Depth_avg":2.4,"Dis_avg":0.172,"Res_time":46.2,"Elevation":640,"Slope_100":1.05,"Wshd_area":10.9,"Pour_long":81.559453,"Pour_lat":19.993291,"source_id":"hydrolakes:1392335","label":""},"geometry":{"type":"Polygon","coordinates":[[[81.56020846896729,19.993930158616024],[81.56068372938398,19.99098253568104],[81.55970689561644,19.990570920309267],[81.55839504665818,19.989521745046886],[81.55699150933185,19.989120471743263],[81.55625000000038,19.9881944444453],[81.55473754882837,19.988383612103974],[81.55502699110275,19.98899350378332],[81.55579440646721,19.98960799747141],[81.555574544271,19.991958278550953],[81.55445977105052,19.99242800871616],[81.55483547634572,19.993405625026355],[81.55578409830747,19.99328763485039],[81.55939995659736,19.994984635512935],[81.56020846896729,19.993930158616024]]]}},{"type":"Feature","id":"hydrolakes:1392340","properties":{"Hylak_id":1392340,"Lake_name":"","Country":"India","Continent":"Asia","Poly_src":"SWBD","Lake_type":1,"Grand_id":0,"Lake_area":0.18,"Shore_len":2.01,"Shore_dev":1.33,"Vol_total":0.35,"Vol_res":0.0,"Vol_src":3,"Depth_avg":1.9,"Dis_avg":0.015,"Res_time":273.0,"Elevation":206,"Slope_100":0.75,"Wshd_area":1.0,"Pour_long":80.030208,"Pour_lat":19.990366,"source_id":"hydrolakes:1392340","label":""},"geometry":{"type":"Polygon","coordinates":[[[80.03128133561893,19.991419542631377],[80.03355998569077,19.991434356902403],[80.03390864054381,19.990841233996093],[80.03357572767476,19.98907588746897],[80.03469885932088,19.98921558804068],[80.03475315941716,19.988779064815162],[80.03402777777796,19.98763888888982],[80.0333179685806,19.987762413025735],[80.0319233534072,19.988877791299615],[80.02918431599932,19.98917814148888],[80.02862647586414,19.990127132204748],[80.0295952775744,19.99248463524799],[80.0306403308445,19.992220010758274],[80.03128133561893,19.991419542631377]]]}},{"type":"Feature","id":"hydrolakes:1392351","properties":{"Hylak_id":1392351,"Lake_name":"","Country":"India","Continent":"Asia","Poly_src":"SWBD","Lake_type":1,"Grand_id":0,"Lake_area":0.18,"Shore_len":1.83,"Shore_dev":1.21,"Vol_total":0.38,"Vol_res":0.0,"Vol_src":3,"Depth_avg":2.1,"Dis_avg":0.022,"Res_time":199.5,"Elevation":202,"Slope_100":0.87,"Wshd_area":1.4,"Pour_long":80.002227,"Pour_lat":19.977083,"source_id":"hydrolakes:1392351","label":""},"geometry":{"type":"Polygon","coordinates":[[[80.00521502388858,19.975705769857655],[80.00291666666686,19.97430555555644],[80.0019588152569,19.97459394243117],[80.00112010320032,19.97556743833843],[80.00082473331025,19.97554370456362],[80.00028810713047,19.976015298632376],[80.00112922880396,19.97991923438269],[80.00202374988152,19.980545226204015],[80.00318410873433,19.977944802179138],[80.00521502388858,19.975705769857655]]]}},{"type":"Feature","id":"hydrolakes:1392358","properties":{"Hylak_id":1392358,"Lake_name":"","Country":"India","Continent":"Asia","Poly_src":"SWBD","Lake_type":1,"Grand_id":0,"Lake_area":0.13,"Shore_len":1.84,"Shore_dev":1.43,"Vol_total":0.3,"Vol_res":0.0,"Vol_src":3,"Depth_avg":2.3,"Dis_avg":0.196,"Res_time":17.9,"Elevation":626,"Slope_100":1.18,"Wshd_area":12.7,"Pour_long":81.82856,"Pour_lat":19.970921,"source_id":"hydrolakes:1392358","label":""},"geometry":{"type":"Polygon","coordinates":[[[81.83001790364602,19.965573438009585],[81.83013888888905,19.9648611111121],[81.82942654079886,19.964982117547834],[81.82807345920156,19.96696232689834],[81.82675333658881,19.96732991960397],[81.82647732204879,19.96919800228636],[81.82713283962693,19.97079959657549],[81.82911987304726,19.9710932286589],[81.82960788302972,19.970352475908953],[81.82878078884568,19.96824830161296],[81.82914876302101,19.966926561992295],[81.83001790364602,19.965573438009585]]]}},{"type":"Feature","id":"hydrolakes:1392376","properties":{"Hylak_id":1392376,"Lake_name":"","Country":"India","Continent":"Asia","Poly_src":"SWBD","Lake_type":1,"Grand_id":0,"Lake_area":0.78,"Shore_len":6.2,"Shore_dev":1.98,"Vol_total":2.11,"Vol_res":0.0,"Vol_src":3,"Depth_avg":2.7,"Dis_avg":0.211,"Res_time":115.6,"Elevation":268,"Slope_100":0.93,"Wshd_area":13.7,"Pour_long":82.610107,"Pour_lat":19.956531,"source_id":"hydrolakes:1392376","label":""},"geometry":{"type":"Polygon","coordinates":[[[82.60459960937533,19.96481874254107],[82.60536485460096,19.964368890127446],[82.60675618489603,19.9645419735387],[82.60790256076427,19.962514398363908],[82.60939344618089,19.962191840278706],[82.61012722439256,19.960380456713438],[82.61154785156276,19.959974327088332],[82.61243191189271,19.958870290121297],[82.61276231553842,19.957904908922842],[82.61174479166692,19.955812818740014],[82.61027262369839,19.95463407728505],[82.609737684462,19.952762413025766],[82.6082394748268,19.95220852745996],[82.60756293402795,19.951363788181766],[82.60645480685798,19.951501634386887],[82.60597222222242,19.94958333333426],[82.60550944010441,19.949953905742234],[82.6050154622398,19.951682031420432],[82.60465033637189,19.952206857470344],[82.60374593099004,19.950570920309247],[82.60329074435805,19.95216285281805],[82.60188069661513,19.951620869107614],[82.60140435112885,19.952261098226757],[82.60307101779534,19.9535957463591],[82.60407172309078,19.955243479411763],[82.60542724609394,19.954446703593874],[82.60712402343773,19.95418203142043],[82.60746826171908,19.956505860223615],[82.60561876085103,19.95643286387218],[82.60672390408024,19.95781487782881],[82.60558024088573,19.958730731541095],[82.60725721571208,19.959437306722805],[82.60569851345514,19.96123345693053],[82.60422715928843,19.961853442722713],[82.60515760633695,19.96259849548443],[82.60392822265652,19.96428125593485],[82.60459960937533,19.96481874254107]]]}},{"type":"Feature","id":"hydrolakes:1392378","properties":{"Hylak_id":1392378,"Lake_name":"","Country":"India","Continent":"Asia","Poly_src":"SWBD","Lake_type":1,"Grand_id":0,"Lake_area":0.17,"Shore_len":1.98,"Shore_dev":1.35,"Vol_total":0.43,"Vol_res":0.0,"Vol_src":3,"Depth_avg":2.5,"Dis_avg":0.135,"Res_time":36.8,"Elevation":329,"Slope_100":1.32,"Wshd_area":10.3,"Pour_long":80.568682,"Pour_lat":19.953981,"source_id":"hydrolakes:1392378","label":""},"geometry":{"type":"Polygon","coordinates":[[[80.56772779676652,19.958189277649808],[80.56820183648028,19.957156439887967],[80.57026611328149,19.9572794723519],[80.5702864583335,19.956937861973245],[80.56955552842908,19.955891460843418],[80.56930555555567,19.953750000000923],[80.56651787651919,19.95395150502611],[80.56584113227001,19.955196834141248],[80.56706224229612,19.959992188348565],[80.56778645833339,19.959173490736987],[80.56772779676652,19.958189277649808]]]}},{"type":"Feature","id":"hydrolakes:1392380","properties":{"Hylak_id":1392380,"Lake_name":"","Country":"India","Continent":"Asia","Poly_src":"SWBD","Lake_type":1,"Grand_id":0,"Lake_area":0.76,"Shore_len":3.9,"Shore_dev":1.26,"Vol_total":2.69,"Vol_res":0.0,"Vol_src":3,"Depth_avg":3.5,"Dis_avg":0.442,"Res_time":70.3,"Elevation":153,"Slope_100":1.64,"Wshd_area":21.0,"Pour_long":84.943781,"Pour_lat":19.952113,"source_id":"hydrolakes:1392380","label":""},"geometry":{"type":"Polygon","coordinates":[[[84.94387749566016,19.956168365479414],[84.94792751736168,19.95471508450072],[84.9527218967018,19.953967971802797],[84.95319444444482,19.953439110650777],[84.95383734809081,19.954158855015294],[84.95412434895871,19.952887590197292],[84.95230523003517,19.95246436225125],[84.95080674913237,19.950786878798624],[84.94854437934072,19.94946829901886],[84.94653103298657,19.94915459103146],[84.94597222222268,19.948194444445278],[84.94361382378514,19.94865321265428],[84.94252007378515,19.949630258349146],[84.94070800781293,19.952382812500844],[84.9397298177089,19.95510807461295],[84.9403076171879,19.955595164829674],[84.94161783854224,19.955517065261006],[84.94268608941019,19.956097357009128],[84.94387749566016,19.956168365479414]]]}},{"type":"Feature","id":"hydrolakes:1392386","properties":{"Hylak_id":1392386,"Lake_name":"","Country":"India","Continent":"Asia","Poly_src":"SWBD","Lake_type":1,"Grand_id":0,"Lake_area":0.24,"Shore_len":2.81,"Shore_dev":1.61,"Vol_total":0.58,"Vol_res":0.0,"Vol_src":3,"Depth_avg":2.4,"Dis_avg":0.216,"Res_time":31.1,"Elevation":320,"Slope_100":1.08,"Wshd_area":16.5,"Pour_long":80.548508,"Pour_lat":19.942212,"source_id":"hydrolakes:1392386","label":""},"geometry":{"type":"Polygon","coordinates":[[[80.54790802001969,19.94331796858131],[80.5495143975154,19.942144542271137],[80.55225999620228,19.94227874332097],[80.55286112467468,19.941527998183403],[80.55413540310349,19.942277026707245],[80.55470682779958,19.941793797811783],[80.55168328179269,19.93958830939488],[80.55140428331168,19.938468026056114],[80.55287231445323,19.938048277961798],[80.5520833333336,19.93736111111201],[80.55124491373726,19.937507014805362],[80.55024407280837,19.93875684950177],[80.55025444878476,19.939493365818464],[80.54897593180362,19.93951999664398],[80.54802385118279,19.938960338169522],[80.54668572319889,19.939937803481314],[80.54790802001969,19.94331796858131]]]}},{"type":"Feature","id":"hydrolakes:1392403","properties":{"Hylak_id":1392403,"Lake_name":"","Country":"India","Continent":"Asia","Poly_src":"SWBD","Lake_type":1,"Grand_id":0,"Lake_area":0.44,"Shore_len":3.67,"Shore_dev":1.56,"Vol_total":1.63,"Vol_res":0.0,"Vol_src":3,"Depth_avg":3.7,"Dis_avg":0.301,"Res_time":62.8,"Elevation":105,"Slope_100":2.17,"Wshd_area":14.7,"Pour_long":84.769792,"Pour_lat":19.923299,"source_id":"hydrolakes:1392403","label":""},"geometry":{"type":"Polygon","coordinates":[[[84.7713574218754,19.92453802320796],[84.77188802083373,19.922514275445735],[84.76988064236156,19.922543258667986],[84.76806098090333,19.921967035930322],[84.76885091145874,19.92024136013538],[84.77029351128516,19.91890477498464],[84.77193739149357,19.915675625272286],[84.77110568576433,19.9152830759694],[84.77097222222261,19.91486111111203],[84.76934299045178,19.915034501818354],[84.76763400607678,19.917758458456262],[84.76511067708378,19.918240297106593],[84.76471842447972,19.91947861565575],[84.76363498263947,19.92048233880024],[84.76648274739631,19.923556018406316],[84.77028320312542,19.924161368476916],[84.7713574218754,19.92453802320796]]]}},{"type":"Feature","id":"hydrolakes:1392408","properties":{"Hylak_id":1392408,"Lake_name":"","Country":"India","Continent":"Asia","Poly_src":"SWBD","Lake_type":1,"Grand_id":0,"Lake_area":0.28,"Shore_len":2.44,"Shore_dev":1.3,"Vol_total":0.88,"Vol_res":0.0,"Vol_src":3,"Depth_avg":3.1,"Dis_avg":0.068,"Res_time":149.6,"Elevation":289,"Slope_100":1.77,"Wshd_area":5.2,"Pour_long":80.482788,"Pour_lat":19.919747,"source_id":"hydrolakes:1392408","label":""},"geometry":{"type":"Polygon","coordinates":[[[80.4854068671334,19.92076164245691],[80.48734076605916,19.919926834107287],[80.48866007486987,19.91775473700733],[80.48857313368092,19.917055664063355],[80.48945980495876,19.91668202718182],[80.49005293104386,19.91570554097592],[80.48986111111128,19.91486111111203],[80.48915130615245,19.91498463948659],[80.48782253689245,19.91604733785084],[80.48680555555558,19.915449515449495],[80.48554019504132,19.916095750597606],[80.48348697238521,19.917916861640947],[80.48307091606995,19.918904249404022],[80.4820857408314,19.919319390191788],[80.48224982367645,19.920638504029228],[80.48333333333358,19.920503726536253],[80.4854068671334,19.92076164245691]]]}},{"type":"Feature","id":"hydrolakes:1392409","properties":{"Hylak_id":1392409,"Lake_name":"","Country":"India","Continent":"Asia","Poly_src":"SWBD","Lake_type":1,"Grand_id":0,"Lake_area":0.2,"Shore_len":1.86,"Shore_dev":1.17,"Vol_total":0.71,"Vol_res":0.0,"Vol_src":3,"Depth_avg":3.5,"Dis_avg":0.052,"Res_time":157.6,"Elevation":314,"Slope_100":2.44,"Wshd_area":4.0,"Pour_long":80.553129,"Pour_lat":19.919341,"source_id":"hydrolakes:1392409","label":""},"geometry":{"type":"Polygon","coordinates":[[[80.55551527235258,19.921573910184293],[80.55568644205744,19.920197965834745],[80.55478305392819,19.919069849651066],[80.5534880235461,19.91828325907477],[80.55180555555563,19.9162500000009],[80.55140306260876,19.916572333442787],[80.55001539442293,19.91893301222143],[80.5503669569228,19.92047333611464],[80.55195983886739,19.920817972819975],[80.55246222602011,19.92144541422607],[80.55551527235258,19.921573910184293]]]}},{"type":"Feature","id":"hydrolakes:1392445","properties":{"Hylak_id":1392445,"Lake_name":"","Country":"India","Continent":"Asia","Poly_src":"SWBD","Lake_type":1,"Grand_id":0,"Lake_area":0.25,"Shore_len":2.04,"Shore_dev":1.14,"Vol_total":0.88,"Vol_res":0.0,"Vol_src":3,"Depth_avg":3.5,"Dis_avg":0.461,"Res_time":22.1,"Elevation":325,"Slope_100":2.26,"Wshd_area":32.3,"Pour_long":83.232227,"Pour_lat":19.879904,"source_id":"hydrolakes:1392445","label":""},"geometry":{"type":"Polygon","coordinates":[[[83.23721191406281,19.876677000258553],[83.23637858072937,19.876656333076482],[83.23437527126765,19.878313454522868],[83.23226074218775,19.87863567776236],[83.23112141927129,19.879617173937504],[83.23332085503495,19.881654502021945],[83.2351524522573,19.88180168151939],[83.23718098958375,19.880896589491954],[83.23791069878507,19.87916362338683],[83.23807942708362,19.877064107260026],[83.23721191406281,19.876677000258553]]]}},{"type":"Feature","id":"hydrolakes:1392446","properties":{"Hylak_id":1392446,"Lake_name":"","Country":"India","Continent":"Asia","Poly_src":"SWBD","Lake_type":1,"Grand_id":0,"Lake_area":0.38,"Shore_len":3.27,"Shore_dev":1.49,"Vol_total":1.34,"Vol_res":0.0,"Vol_src":3,"Depth_avg":3.5,"Dis_avg":0.03,"Res_time":515.6,"Elevation":298,"Slope_100":2.03,"Wshd_area":2.4,"Pour_long":80.60251,"Pour_lat":19.877508,"source_id":"hydrolakes:1392446","label":""},"geometry":{"type":"Polygon","coordinates":[[[80.60294101291237,19.883175921970803],[80.6036265055339,19.882237582737446],[80.60393541124154,19.881157150269473],[80.60472696940121,19.881058688694452],[80.60513468424489,19.882484639486563],[80.60775919596364,19.882212278578834],[80.6082096354167,19.88144600762348],[80.60559238010023,19.880990541247115],[80.60534817165819,19.87902727762946],[80.60604207356772,19.878471611871532],[80.60618218315994,19.87734549628442],[80.60584872775632,19.876929083931145],[80.60450608995228,19.876638582018586],[80.60374999999999,19.875694444445344],[80.60237698025179,19.87586618211617],[80.60109571668846,19.8783179728199],[80.60072516547325,19.87961406283989],[80.60019612630231,19.880037740072453],[80.60035542806008,19.88131894429614],[80.59961541069896,19.882332060072997],[80.60006293402796,19.88289087931406],[80.60203816731791,19.8826451873789],[80.60294101291237,19.883175921970803]]]}},{"type":"Feature","id":"hydrolakes:1392458","properties":{"Hylak_id":1392458,"Lake_name":"","Country":"India","Continent":"Asia","Poly_src":"SWBD","Lake_type":1,"Grand_id":0,"Lake_area":0.13,"Shore_len":1.83,"Shore_dev":1.45,"Vol_total":0.43,"Vol_res":0.0,"Vol_src":3,"Depth_avg":3.4,"Dis_avg":0.305,"Res_time":16.2,"Elevation":268,"Slope_100":2.66,"Wshd_area":21.4,"Pour_long":83.175762,"Pour_lat":19.863913,"source_id":"hydrolakes:1392458","label":""},"geometry":{"type":"Polygon","coordinates":[[[83.17611979166685,19.860272191366505],[83.17597222222258,19.859861111112025],[83.17505886501766,19.860143127442313],[83.17438042534747,19.86324662950392],[83.17318088107675,19.863797132704804],[83.17391330295169,19.864451463488365],[83.17381510416698,19.866098437839867],[83.17538601345512,19.86551733228987],[83.17610324435788,19.86471440633227],[83.17720594618078,19.864208357070083],[83.17597954644157,19.862625766331234],[83.17611979166685,19.860272191366505]]]}},{"type":"Feature","id":"hydrolakes:1392462","properties":{"Hylak_id":1392462,"Lake_name":"","Country":"India","Continent":"Asia","Poly_src":"SWBD","Lake_type":1,"Grand_id":0,"Lake_area":0.14,"Shore_len":1.66,"Shore_dev":1.26,"Vol_total":0.25,"Vol_res":0.0,"Vol_src":3,"Depth_avg":1.8,"Dis_avg":0.023,"Res_time":124.1,"Elevation":286,"Slope_100":0.69,"Wshd_area":1.8,"Pour_long":80.622469,"Pour_lat":19.859588,"source_id":"hydrolakes:1392462","label":""},"geometry":{"type":"Polygon","coordinates":[[[80.62148905436203,19.86202202691061],[80.62248718261725,19.860820482042925],[80.62336405436213,19.860440182156992],[80.62331821017807,19.859990344578193],[80.6241040039065,19.8588984256329],[80.62263888888896,19.85736111111197],[80.62185031467021,19.857501644559193],[80.62054273817279,19.859153815376317],[80.62029059516078,19.860012851292254],[80.61890170627191,19.861678322687055],[80.61944498697937,19.861964340210875],[80.62041666666687,19.86140781826532],[80.62148905436203,19.86202202691061]]]}},{"type":"Feature","id":"hydrolakes:1392465","properties":{"Hylak_id":1392465,"Lake_name":"","Country":"India","Continent":"Asia","Poly_src":"SWBD","Lake_type":1,"Grand_id":0,"Lake_area":0.16,"Shore_len":1.94,"Shore_dev":1.39,"Vol_total":0.34,"Vol_res":0.0,"Vol_src":3,"Depth_avg":2.2,"Dis_avg":0.048,"Res_time":83.1,"Elevation":305,"Slope_100":1.03,"Wshd_area":3.8,"Pour_long":80.557357,"Pour_lat":19.856365,"source_id":"hydrolakes:1392465","label":""},"geometry":{"type":"Polygon","coordinates":[[[80.55973253038206,19.85334365844807],[80.55986111111145,19.85291666666751],[80.55906507704015,19.853061879476797],[80.55834364149308,19.85389921400366],[80.55704691569031,19.854289635553187],[80.556121419271,19.85594836764949],[80.55644117567277,19.858581831191145],[80.56054524739602,19.85801132202249],[80.55872287326406,19.85606424967534],[80.55915635850715,19.854156341553733],[80.55973253038206,19.85334365844807]]]}},{"type":"Feature","id":"hydrolakes:1392471","properties":{"Hylak_id":1392471,"Lake_name":"","Country":"India","Continent":"Asia","Poly_src":"SWBD","Lake_type":1,"Grand_id":0,"Lake_area":0.65,"Shore_len":4.96,"Shore_dev":1.73,"Vol_total":2.29,"Vol_res":0.0,"Vol_src":3,"Depth_avg":3.5,"Dis_avg":1.268,"Res_time":20.9,"Elevation":229,"Slope_100":1.71,"Wshd_area":91.3,"Pour_long":83.003617,"Pour_lat":19.847101,"source_id":"hydrolakes:1392471","label":""},"geometry":{"type":"Polygon","coordinates":[[[83.00829942491345,19.846810455323123],[83.01107231987885,19.84470013088736],[83.01244791666704,19.844642333985405],[83.01331787109427,19.84418241712865],[83.01220350477467,19.84278900146569],[83.01220350477467,19.8408224317771],[83.01319580078149,19.839463975695253],[83.01440483940996,19.839118347168835],[83.01498453776065,19.838261345758326],[83.01355957031285,19.837660827637592],[83.01221408420162,19.83864364624111],[83.0118787977434,19.837847951254105],[83.01224473741348,19.83722544352304],[83.0120833333338,19.836805555556452],[83.01096272786492,19.837000596789096],[83.01120551215314,19.838952450223246],[83.00992323133721,19.838915727404242],[83.0094599066843,19.84001536051528],[83.00853434244817,19.8407565138084],[83.00751654730931,19.842027401395228],[83.00681125217056,19.843700934517074],[83.0056279839414,19.845560828315797],[83.0044894748267,19.846095750597613],[83.00334418402815,19.845259145101807],[83.00290445963583,19.845313839383437],[83.00296223958378,19.847556474474572],[83.00445990668459,19.849429083930943],[83.00480848524336,19.85025685628358],[83.00618299696208,19.850540195042242],[83.00672173394139,19.849262034099127],[83.00843370225715,19.847891014947663],[83.00829942491345,19.846810455323123]]]}},{"type":"Feature","id":"hydrolakes:1392489","properties":{"Hylak_id":1392489,"Lake_name":"","Country":"India","Continent":"Asia","Poly_src":"SWBD","Lake_type":1,"Grand_id":0,"Lake_area":0.38,"Shore_len":3.29,"Shore_dev":1.51,"Vol_total":0.69,"Vol_res":0.0,"Vol_src":3,"Depth_avg":1.8,"Dis_avg":0.038,"Res_time":208.7,"Elevation":229,"Slope_100":0.51,"Wshd_area":2.6,"Pour_long":82.839583,"Pour_lat":19.829614,"source_id":"hydrolakes:1392489","label":""},"geometry":{"type":"Polygon","coordinates":[[[82.8458927408858,19.821500074599385],[82.84569444444475,19.820972222223133],[82.84448621961832,19.821467505561884],[82.84393120659763,19.823358544244513],[82.84012451171901,19.825781453451384],[82.838873697917,19.827768809001498],[82.83895128038222,19.828527933757357],[82.83723497178858,19.82903152465923],[82.83834309895855,19.829921942817748],[82.84148952908009,19.83027477688347],[82.842927246094,19.831098259820692],[82.84392171223982,19.830738457574796],[82.8437234157991,19.828791995579195],[82.8441539171011,19.826376037598607],[82.84455566406291,19.825674438477506],[82.84438666449677,19.824016265870057],[82.84498725043426,19.82304270426522],[82.84580485026066,19.822363535564023],[82.8458927408858,19.821500074599385]]]}},{"type":"Feature","id":"hydrolakes:1392515","properties":{"Hylak_id":1392515,"Lake_name":"","Country":"India","Continent":"Asia","Poly_src":"SWBD","Lake_type":1,"Grand_id":0,"Lake_area":0.18,"Shore_len":1.92,"Shore_dev":1.29,"Vol_total":0.51,"Vol_res":0.0,"Vol_src":3,"Depth_avg":2.9,"Dis_avg":0.075,"Res_time":78.7,"Elevation":628,"Slope_100":1.74,"Wshd_area":5.0,"Pour_long":81.5521,"Pour_lat":19.801221,"source_id":"hydrolakes:1392515","label":""},"geometry":{"type":"Polygon","coordinates":[[[81.55609320746566,19.801398620606278],[81.55625000000038,19.799861111112023],[81.55369954427113,19.800324384902126],[81.55181464301245,19.799632212321853],[81.5505478244362,19.799734005399102],[81.54975477430565,19.79929155137887],[81.54915500217027,19.80110448201583],[81.54918484158014,19.80147701687372],[81.55236572265653,19.802767452664796],[81.55609320746566,19.801398620606278]]]}},{"type":"Feature","id":"hydrolakes:1392517","properties":{"Hylak_id":1392517,"Lake_name":"","Country":"India","Continent":"Asia","Poly_src":"SWBD","Lake_type":1,"Grand_id":0,"Lake_area":0.32,"Shore_len":3.51,"Shore_dev":1.74,"Vol_total":1.06,"Vol_res":0.0,"Vol_src":3,"Depth_avg":3.3,"Dis_avg":0.618,"Res_time":19.8,"Elevation":122,"Slope_100":1.84,"Wshd_area":30.9,"Pour_long":84.456879,"Pour_lat":19.79443,"source_id":"hydrolakes:1392517","label":""},"geometry":{"type":"Polygon","coordinates":[[[84.45973334418454,19.80000000000092],[84.45998969184075,19.797489674887004],[84.46127468533041,19.79638263278639],[84.46074761284774,19.79445683797286],[84.46193413628521,19.794099578858265],[84.46138047960102,19.79362358941063],[84.45819444444493,19.79291666666751],[84.45634385850724,19.793071339925973],[84.45528808593787,19.796245388455702],[84.45638780381984,19.798929833307056],[84.45800401475736,19.800195515951373],[84.45970675998296,19.80033233642672],[84.45973334418454,19.80000000000092]],[[84.45804009331636,19.79692908393099],[84.45958333333368,19.796805555556432],[84.45908501519148,19.79725996229473],[84.45929524739631,19.798949652778674],[84.45892659505262,19.799706861708728],[84.4569599066844,19.798238016765197],[84.45804009331636,19.79692908393099]]]}},{"type":"Feature","id":"hydrolakes:1392555","properties":{"Hylak_id":1392555,"Lake_name":"","Country":"India","Continent":"Asia","Poly_src":"SWBD","Lake_type":1,"Grand_id":0,"Lake_area":0.28,"Shore_len":2.42,"Shore_dev":1.29,"Vol_total":0.69,"Vol_res":0.0,"Vol_src":3,"Depth_avg":2.5,"Dis_avg":0.171,"Res_time":46.5,"Elevation":89,"Slope_100":1.08,"Wshd_area":8.9,"Pour_long":84.590207,"Pour_lat":19.760004,"source_id":"hydrolakes:1392555","label":""},"geometry":{"type":"Polygon","coordinates":[[[84.5888785807295,19.75473254733697],[84.58875000000057,19.75458333333421],[84.58705186631988,19.754893120660597],[84.58556586371583,19.756689402263362],[84.58597330729208,19.757990909153364],[84.58889919704916,19.758878563775852],[84.58925726996569,19.76161321004321],[84.5916400824658,19.76213306003234],[84.59137858072978,19.758373226590436],[84.59026746961848,19.756954769559286],[84.58986219618123,19.75517152574406],[84.5888785807295,19.75473254733697]]]}},{"type":"Feature","id":"hydrolakes:1392558","properties":{"Hylak_id":1392558,"Lake_name":"","Country":"India","Continent":"Asia","Poly_src":"SWBD","Lake_type":1,"Grand_id":0,"Lake_area":0.89,"Shore_len":4.99,"Shore_dev":1.49,"Vol_total":3.02,"Vol_res":0.0,"Vol_src":3,"Depth_avg":3.4,"Dis_avg":0.261,"Res_time":134.0,"Elevation":552,"Slope_100":1.45,"Wshd_area":18.4,"Pour_long":81.192625,"Pour_lat":19.756485,"source_id":"hydrolakes:1392558","label":""},"geometry":{"type":"Polygon","coordinates":[[[81.19576538085954,19.761638658312506],[81.19544270833353,19.757622833252753],[81.19022474500883,19.752093777127584],[81.18680582682299,19.751572808160518],[81.18652777777794,19.751250000000994],[81.1832610405819,19.751405860054035],[81.18211059570342,19.752741207547672],[81.18107733832477,19.753052283393856],[81.18116956922768,19.75420006646135],[81.18214775933166,19.75471189710919],[81.18368069118947,19.753624928793272],[81.18499471028662,19.754937744141557],[81.1854711914064,19.756520182292434],[81.18471191406275,19.75832300822026],[81.18445475260438,19.759805348715076],[81.1856605360245,19.76026745266472],[81.18637858072924,19.759434119331445],[81.19018785264774,19.757928822836163],[81.19119113498289,19.759093356663186],[81.19299926757833,19.760174730089886],[81.19414401584231,19.761768917508505],[81.19576538085954,19.761638658312506]]]}},{"type":"Feature","id":"hydrolakes:1392579","properties":{"Hylak_id":1392579,"Lake_name":"","Country":"India","Continent":"Asia","Poly_src":"SWBD","Lake_type":1,"Grand_id":0,"Lake_area":0.25,"Shore_len":2.43,"Shore_dev":1.38,"Vol_total":0.66,"Vol_res":0.0,"Vol_src":3,"Depth_avg":2.7,"Dis_avg":0.022,"Res_time":346.6,"Elevation":228,"Slope_100":1.33,"Wshd_area":1.6,"Pour_long":80.091032,"Pour_lat":19.735263,"source_id":"hydrolakes:1392579","label":""},"geometry":{"type":"Polygon","coordinates":[[[80.09278811136886,19.738343658448116],[80.09393564012322,19.737703416613215],[80.09547589619967,19.73782718234679],[80.09636859469964,19.737058071561137],[80.09644255744104,19.73613759358807],[80.09381614685071,19.735836503771566],[80.0927945794001,19.734005533855054],[80.09344946119552,19.732222222223072],[80.09319444444463,19.731527777778638],[80.09167700025807,19.732788102892698],[80.09029941982698,19.73320287068765],[80.09023837619355,19.733962554932475],[80.09052657233366,19.73688847859796],[80.09200180053716,19.738600785998017],[80.09278811136886,19.738343658448116]]]}},{"type":"Feature","id":"hydrolakes:1392581","properties":{"Hylak_id":1392581,"Lake_name":"","Country":"India","Continent":"Asia","Poly_src":"SWBD","Lake_type":1,"Grand_id":0,"Lake_area":0.21,"Shore_len":2.75,"Shore_dev":1.7,"Vol_total":0.4,"Vol_res":0.0,"Vol_src":3,"Depth_avg":1.9,"Dis_avg":0.035,"Res_time":132.2,"Elevation":222,"Slope_100":0.7,"Wshd_area":2.4,"Pour_long":82.879997,"Pour_lat":19.732444,"source_id":"hydrolakes:1392581","label":""},"geometry":{"type":"Polygon","coordinates":[[[82.87795817057327,19.73571662055201],[82.8777452256947,19.733067779541898],[82.87829318576428,19.73251032511473],[82.87989474826429,19.733764648438353],[82.88217475043433,19.733581441244382],[82.88248969184065,19.73228503757133],[82.88152777777799,19.7309722222231],[82.87958794487878,19.73171168009526],[82.8778377278648,19.731739976671918],[82.87678955078155,19.73232467651468],[82.87632188585093,19.733878139920535],[82.87556450737867,19.73299903022007],[82.87456434461825,19.73307939317573],[82.87501030815997,19.73387856377593],[82.87529703776062,19.73606940375521],[82.8767716471358,19.736378563775702],[82.87795817057327,19.73571662055201]]]}},{"type":"Feature","id":"hydrolakes:1392583","properties":{"Hylak_id":1392583,"Lake_name":"","Country":"India","Continent":"Asia","Poly_src":"SWBD","Lake_type":1,"Grand_id":0,"Lake_area":0.16,"Shore_len":1.86,"Shore_dev":1.32,"Vol_total":0.25,"Vol_res":0.0,"Vol_src":3,"Depth_avg":1.6,"Dis_avg":0.026,"Res_time":111.4,"Elevation":229,"Slope_100":0.51,"Wshd_area":1.8,"Pour_long":82.847084,"Pour_lat":19.729743,"source_id":"hydrolakes:1392583","label":""},"geometry":{"type":"Polygon","coordinates":[[[82.84553765191015,19.725017886692513],[82.845416666667,19.724861111111977],[82.84446234809053,19.72512686835489],[82.84470431857659,19.72640677558138],[82.84578965928858,19.726850958930925],[82.8464534505211,19.730225745307905],[82.84788275824673,19.73043696085699],[82.849600965712,19.72973376804009],[82.84885823567737,19.727919413249538],[82.8474820963545,19.72696233113686],[82.84705864800384,19.725441402860042],[82.84553765191015,19.725017886692513]]]}},{"type":"Feature","id":"hydrolakes:1392587","properties":{"Hylak_id":1392587,"Lake_name":"","Country":"India","Continent":"Asia","Poly_src":"SWBD","Lake_type":1,"Grand_id":0,"Lake_area":0.12,"Shore_len":1.53,"Shore_dev":1.25,"Vol_total":0.25,"Vol_res":0.0,"Vol_src":3,"Depth_avg":2.1,"Dis_avg":0.031,"Res_time":94.7,"Elevation":65,"Slope_100":1.04,"Wshd_area":1.6,"Pour_long":84.810709,"Pour_lat":19.725951,"source_id":"hydrolakes:1392587","label":""},"geometry":{"type":"Polygon","coordinates":[[[84.81309353298656,19.723991207547613],[84.81263888888924,19.723194444445255],[84.81112467447974,19.72334557427388],[84.81032877604213,19.724006771512336],[84.80957790798647,19.725494096544878],[84.80937608506997,19.727478841146706],[84.80987901475743,19.727530110677947],[84.81109809027822,19.72637603759847],[84.81208170572972,19.72608745998906],[84.81276475694494,19.725264926487398],[84.81414116753518,19.724861111111977],[84.81309353298656,19.723991207547613]]]}},{"type":"Feature","id":"hydrolakes:1392610","properties":{"Hylak_id":1392610,"Lake_name":"","Country":"India","Continent":"Asia","Poly_src":"SWBD","Lake_type":1,"Grand_id":0,"Lake_area":0.16,"Shore_len":1.74,"Shore_dev":1.23,"Vol_total":0.54,"Vol_res":0.0,"Vol_src":3,"Depth_avg":3.4,"Dis_avg":0.2,"Res_time":31.2,"Elevation":63,"Slope_100":2.48,"Wshd_area":10.3,"Pour_long":84.972165,"Pour_lat":19.702287,"source_id":"hydrolakes:1392610","label":""},"geometry":{"type":"Polygon","coordinates":[[[84.97275987413235,19.70112898084932],[84.9723611111117,19.700138888889683],[84.97096245659765,19.700702243381897],[84.968491210938,19.70428619384859],[84.97004774305606,19.705225185819017],[84.97109320746586,19.70387101915236],[84.97386935763933,19.703606092665723],[84.97401638454897,19.70261115180216],[84.97275987413235,19.70112898084932]]]}},{"type":"Feature","id":"hydrolakes:1392618","properties":{"Hylak_id":1392618,"Lake_name":"","Country":"India","Continent":"Asia","Poly_src":"SWBD","Lake_type":1,"Grand_id":0,"Lake_area":0.12,"Shore_len":1.59,"Shore_dev":1.32,"Vol_total":0.36,"Vol_res":0.0,"Vol_src":3,"Depth_avg":3.1,"Dis_avg":0.368,"Res_time":11.2,"Elevation":62,"Slope_100":2.23,"Wshd_area":19.4,"Pour_long":84.571749,"Pour_lat":19.695071,"source_id":"hydrolakes:1392618","label":""},"geometry":{"type":"Polygon","coordinates":[[[84.57278428819478,19.69528177897223],[84.57263888888934,19.69430555555641],[84.5699631076393,19.694456617568278],[84.57031032986163,19.697453511556944],[84.56972764756995,19.69855519612713],[84.57115668402815,19.699716932509602],[84.57194986979204,19.697783067492196],[84.57222005208376,19.695804680719107],[84.57278428819478,19.69528177897223]]]}},{"type":"Feature","id":"hydrolakes:1392625","properties":{"Hylak_id":1392625,"Lake_name":"","Country":"India","Continent":"Asia","Poly_src":"SWBD","Lake_type":1,"Grand_id":0,"Lake_area":0.14,"Shore_len":2.51,"Shore_dev":1.88,"Vol_total":0.71,"Vol_res":0.0,"Vol_src":3,"Depth_avg":5.1,"Dis_avg":0.151,"Res_time":54.8,"Elevation":93,"Slope_100":5.94,"Wshd_area":7.9,"Pour_long":84.958762,"Pour_lat":19.688623,"source_id":"hydrolakes:1392625","label":""},"geometry":{"type":"Polygon","coordinates":[[[84.95420735677135,19.691079338922236],[84.95488118489624,19.6888966878264],[84.95639648437538,19.689158867730896],[84.95758951822972,19.68999220106423],[84.95881076388929,19.689566243490447],[84.95943684895883,19.688414272733098],[84.95879720052125,19.687520005968736],[84.95766927083372,19.68878214518321],[84.9538400607646,19.687495185005275],[84.95347222222279,19.68708333333427],[84.95275770399343,19.687303941515722],[84.95281141493115,19.688201836480914],[84.95139648437555,19.688851114909653],[84.95324490017413,19.689578450521708],[84.95372884114636,19.69165886773095],[84.95420735677135,19.691079338922236]]]}},{"type":"Feature","id":"hydrolakes:1392633","properties":{"Hylak_id":1392633,"Lake_name":"","Country":"India","Continent":"Asia","Poly_src":"SWBD","Lake_type":1,"Grand_id":0,"Lake_area":0.13,"Shore_len":1.61,"Shore_dev":1.28,"Vol_total":0.23,"Vol_res":0.0,"Vol_src":3,"Depth_avg":1.8,"Dis_avg":0.026,"Res_time":101.4,"Elevation":546,"Slope_100":0.71,"Wshd_area":1.8,"Pour_long":81.245236,"Pour_lat":19.684274,"source_id":"hydrolakes:1392633","label":""},"geometry":{"type":"Polygon","coordinates":[[[81.24782918294284,19.683110928006556],[81.24736111111133,19.682361111112016],[81.24428548177104,19.682523939345458],[81.24474433051239,19.68505469428254],[81.2458436414932,19.685545213488297],[81.24683146158884,19.686920979818524],[81.24771430121552,19.687211880154905],[81.24705118815115,19.685405951606754],[81.24781344943591,19.684749213325517],[81.24782918294284,19.683110928006556]]]}},{"type":"Feature","id":"hydrolakes:1392642","properties":{"Hylak_id":1392642,"Lake_name":"","Country":"India","Continent":"Asia","Poly_src":"SWBD","Lake_type":1,"Grand_id":0,"Lake_area":0.11,"Shore_len":1.57,"Shore_dev":1.32,"Vol_total":0.3,"Vol_res":0.0,"Vol_src":3,"Depth_avg":2.7,"Dis_avg":0.041,"Res_time":85.6,"Elevation":611,"Slope_100":1.74,"Wshd_area":2.8,"Pour_long":81.736924,"Pour_lat":19.675608,"source_id":"hydrolakes:1392642","label":""},"geometry":{"type":"Polygon","coordinates":[[[81.74003445095497,19.6733295016827],[81.73986111111122,19.67291666666756],[81.73931450737882,19.67305694580159],[81.7387765842015,19.673836025662695],[81.73780327691009,19.674469875760337],[81.73535101996572,19.675090128581644],[81.73519775390645,19.675773484972638],[81.73708563910634,19.676257968479547],[81.73852742513054,19.677196790907942],[81.73945095486135,19.676881510417502],[81.73969672309056,19.674419013130148],[81.74003445095497,19.6733295016827]]]}},{"type":"Feature","id":"hydrolakes:1392643","properties":{"Hylak_id":1392643,"Lake_name":"","Country":"India","Continent":"Asia","Poly_src":"SWBD","Lake_type":1,"Grand_id":0,"Lake_area":0.86,"Shore_len":5.88,"Shore_dev":1.79,"Vol_total":3.84,"Vol_res":0.0,"Vol_src":3,"Depth_avg":4.5,"Dis_avg":0.587,"Res_time":75.6,"Elevation":80,"Slope_100":2.6,"Wshd_area":30.5,"Pour_long":84.897379,"Pour_lat":19.674439,"source_id":"hydrolakes:1392643","label":""},"geometry":{"type":"Polygon","coordinates":[[[84.8999479166672,19.683934088813828],[84.9005479600699,19.683599344890126],[84.90162489149367,19.683685879178313],[84.90216851128508,19.682206726075037],[84.90084364149357,19.680515340170075],[84.90133083767427,19.67951887342747],[84.90427300347278,19.6810638766828],[84.90607150607696,19.681208360460914],[84.90665635850746,19.679070841472196],[84.90623480902815,19.67784450954963],[84.89987630208384,19.675391404894413],[84.89819444444504,19.673750000000894],[84.8947336154518,19.67388885498127],[84.89469075520873,19.67441721598385],[84.89556423611174,19.67598280165015],[84.89616482204912,19.678626607259957],[84.89804524739634,19.68102735731435],[84.89731499566011,19.683520338271194],[84.89651746961846,19.688002590604185],[84.89531684027827,19.689036695693176],[84.89747992621568,19.689831034343285],[84.89753146701446,19.68919389512888],[84.89715440538231,19.688518575033413],[84.89845160590318,19.685396016439597],[84.90002712673686,19.684921637641935],[84.8999479166672,19.683934088813828]]]}},{"type":"Feature","id":"hydrolakes:1392646","properties":{"Hylak_id":1392646,"Lake_name":"","Country":"India","Continent":"Asia","Poly_src":"SWBD","Lake_type":1,"Grand_id":0,"Lake_area":0.15,"Shore_len":1.61,"Shore_dev":1.16,"Vol_total":0.31,"Vol_res":0.0,"Vol_src":3,"Depth_avg":2.0,"Dis_avg":0.026,"Res_time":139.6,"Elevation":54,"Slope_100":0.87,"Wshd_area":1.4,"Pour_long":84.717708,"Pour_lat":19.672129,"source_id":"hydrolakes:1392646","label":""},"geometry":{"type":"Polygon","coordinates":[[[84.71914876302122,19.670573425293867],[84.71819444444498,19.66930555555649],[84.71668945312541,19.66944915771569],[84.71585123697952,19.671582099067734],[84.71627332899351,19.673213602702617],[84.7179291449657,19.67345828586241],[84.7188709852436,19.672759908041314],[84.72104654947958,19.67196621365099],[84.72113389756981,19.671372409397577],[84.71964789496576,19.670958523221373],[84.71914876302122,19.670573425293867]]]}},{"type":"Feature","id":"hydrolakes:1392664","properties":{"Hylak_id":1392664,"Lake_name":"","Country":"India","Continent":"Asia","Poly_src":"SWBD","Lake_type":1,"Grand_id":0,"Lake_area":0.33,"Shore_len":2.52,"Shore_dev":1.24,"Vol_total":1.05,"Vol_res":0.0,"Vol_src":3,"Depth_avg":3.2,"Dis_avg":0.064,"Res_time":190.7,"Elevation":595,"Slope_100":1.75,"Wshd_area":4.4,"Pour_long":81.652083,"Pour_lat":19.648681,"source_id":"hydrolakes:1392664","label":""},"geometry":{"type":"Polygon","coordinates":[[[81.6497108289933,19.645919630263393],[81.64958333333351,19.64458333333431],[81.64916476779558,19.644906412761316],[81.64878580729203,19.646702440050717],[81.64828694661492,19.64752929687586],[81.64890679253506,19.64914879693015],[81.64915310329889,19.65229560004417],[81.65051974826417,19.65312001546306],[81.65173380533884,19.652781948514303],[81.65303548177121,19.651777174208746],[81.65331542968767,19.651093241374497],[81.65479180230051,19.649403110081153],[81.65251790364601,19.647482130263427],[81.65129340277804,19.647141147190496],[81.6497108289933,19.645919630263393]]]}},{"type":"Feature","id":"hydrolakes:1392666","properties":{"Hylak_id":1392666,"Lake_name":"","Country":"India","Continent":"Asia","Poly_src":"SWBD","Lake_type":1,"Grand_id":0,"Lake_area":0.26,"Shore_len":2.77,"Shore_dev":1.54,"Vol_total":1.16,"Vol_res":0.0,"Vol_src":3,"Depth_avg":4.5,"Dis_avg":0.975,"Res_time":13.7,"Elevation":362,"Slope_100":3.77,"Wshd_area":65.1,"Pour_long":82.58957,"Pour_lat":19.645548,"source_id":"hydrolakes:1392666","label":""},"geometry":{"type":"Polygon","coordinates":[[[82.58655680338575,19.652057020400093],[82.58793891059065,19.65103230794358],[82.58913167317729,19.651208563911382],[82.58901095920163,19.647696634929275],[82.59025987413219,19.645752190484814],[82.58973524305588,19.64525533040444],[82.58696397569486,19.645377502442273],[82.58518419053843,19.645001898872522],[82.58486111111142,19.64458333333431],[82.58362901475715,19.64553436279391],[82.58399359809061,19.64684868706678],[82.58692654079891,19.647618543837666],[82.58668457031285,19.650573425293828],[82.58585123697958,19.651697421604524],[82.58655680338575,19.652057020400093]]]}},{"type":"Feature","id":"hydrolakes:1392674","properties":{"Hylak_id":1392674,"Lake_name":"","Country":"India","Continent":"Asia","Poly_src":"SWBD","Lake_type":1,"Grand_id":0,"Lake_area":0.34,"Shore_len":2.92,"Shore_dev":1.42,"Vol_total":1.19,"Vol_res":0.0,"Vol_src":3,"Depth_avg":3.5,"Dis_avg":0.154,"Res_time":89.2,"Elevation":625,"Slope_100":2.11,"Wshd_area":10.5,"Pour_long":81.764851,"Pour_lat":19.636265,"source_id":"hydrolakes:1392674","label":""},"geometry":{"type":"Polygon","coordinates":[[[81.76860582139784,19.634727511936603],[81.76847222222233,19.63458333333415],[81.76362955729212,19.6350109524206],[81.76195488823805,19.638267788358178],[81.76333862304699,19.639161376954064],[81.76403157552096,19.63990926106851],[81.76515028211821,19.63938130696704],[81.7671302625871,19.637244466146797],[81.77332478841174,19.636466505263456],[81.77335883246548,19.63560716417186],[81.76860582139784,19.634727511936603]]]}},{"type":"Feature","id":"hydrolakes:1392684","properties":{"Hylak_id":1392684,"Lake_name":"","Country":"India","Continent":"Asia","Poly_src":"SWBD","Lake_type":1,"Grand_id":0,"Lake_area":0.15,"Shore_len":2.01,"Shore_dev":1.49,"Vol_total":0.43,"Vol_res":0.0,"Vol_src":3,"Depth_avg":2.9,"Dis_avg":0.067,"Res_time":73.8,"Elevation":591,"Slope_100":1.88,"Wshd_area":4.7,"Pour_long":81.626773,"Pour_lat":19.623192,"source_id":"hydrolakes:1392684","label":""},"geometry":{"type":"Polygon","coordinates":[[[81.62805419921892,19.624296603733455],[81.62843478732651,19.622813551161983],[81.6282604980471,19.622036370172452],[81.62680555555568,19.621527777778624],[81.625563151042,19.62226152208217],[81.62453667534743,19.621830376519938],[81.62374728732658,19.62200731065633],[81.62401340060796,19.623194444445346],[81.62369533962703,19.624613579645086],[81.62489596896711,19.624974568685786],[81.62526082356783,19.623552788629297],[81.6261362033423,19.6242312622079],[81.62682061089436,19.626060282390142],[81.62721191406268,19.626363457574655],[81.62747450086823,19.624696790907933],[81.62805419921892,19.624296603733455]]]}},{"type":"Feature","id":"hydrolakes:1392708","properties":{"Hylak_id":1392708,"Lake_name":"","Country":"India","Continent":"Asia","Poly_src":"SWBD","Lake_type":1,"Grand_id":0,"Lake_area":0.2,"Shore_len":1.77,"Shore_dev":1.11,"Vol_total":0.38,"Vol_res":0.0,"Vol_src":3,"Depth_avg":1.9,"Dis_avg":0.261,"Res_time":16.8,"Elevation":33,"Slope_100":0.68,"Wshd_area":14.6,"Pour_long":84.88041,"Pour_lat":19.589398,"source_id":"hydrolakes:1392708","label":""},"geometry":{"type":"Polygon","coordinates":[[[84.88192708333378,19.59118784586684],[84.88165473090328,19.590285508898376],[84.8817686631948,19.588872612848036],[84.88139919704918,19.588045213488215],[84.8801388888894,19.586527777778656],[84.87905924479213,19.58685282389405],[84.87751030816025,19.588065897624574],[84.87640407986169,19.588559468588244],[84.87633734809083,19.58939032660669],[84.87795844184086,19.590539822049436],[84.8794368489589,19.591122877333817],[84.88192708333378,19.59118784586684]]]}},{"type":"Feature","id":"hydrolakes:1392715","properties":{"Hylak_id":1392715,"Lake_name":"","Country":"India","Continent":"Asia","Poly_src":"SWBD","Lake_type":1,"Grand_id":0,"Lake_area":0.11,"Shore_len":1.59,"Shore_dev":1.37,"Vol_total":0.12,"Vol_res":0.0,"Vol_src":3,"Depth_avg":1.1,"Dis_avg":0.399,"Res_time":3.4,"Elevation":23,"Slope_100":0.27,"Wshd_area":22.2,"Pour_long":84.907294,"Pour_lat":19.581513,"source_id":"hydrolakes:1392715","label":""},"geometry":{"type":"Polygon","coordinates":[[[84.91013997395879,19.583144904243625],[84.9093055555561,19.58041666666753],[84.90745768229209,19.580547519260847],[84.9052674696186,19.581378546821668],[84.9041769748269,19.582394951715287],[84.90469021267393,19.58262532552169],[84.90821668836844,19.582341986763026],[84.90881673177137,19.583038601346345],[84.91013997395879,19.583144904243625]]]}},{"type":"Feature","id":"hydrolakes:1392728","properties":{"Hylak_id":1392728,"Lake_name":"","Country":"India","Continent":"Asia","Poly_src":"SWBD","Lake_type":1,"Grand_id":0,"Lake_area":0.23,"Shore_len":2.24,"Shore_dev":1.32,"Vol_total":0.73,"Vol_res":0.0,"Vol_src":3,"Depth_avg":3.2,"Dis_avg":0.073,"Res_time":115.7,"Elevation":584,"Slope_100":1.93,"Wshd_area":5.1,"Pour_long":81.649503,"Pour_lat":19.571135,"source_id":"hydrolakes:1392728","label":""},"geometry":{"type":"Polygon","coordinates":[[[81.65248209635445,19.566684536404864],[81.65236111111142,19.56652777777873],[81.64998209635439,19.566648796930053],[81.646406792535,19.56888420952788],[81.64667792426258,19.56984307183245],[81.6480650499135,19.570871548123648],[81.65004218207486,19.57164879693005],[81.65057345920155,19.570573425293787],[81.65084960937526,19.569264628093322],[81.65275987413207,19.568037685819093],[81.65470431857653,19.567241855198347],[81.65446234809048,19.566926574707907],[81.65248209635445,19.566684536404864]]]}},{"type":"Feature","id":"hydrolakes:1392730","properties":{"Hylak_id":1392730,"Lake_name":"","Country":"India","Continent":"Asia","Poly_src":"SWBD","Lake_type":1,"Grand_id":0,"Lake_area":0.39,"Shore_len":2.9,"Shore_dev":1.31,"Vol_total":0.83,"Vol_res":0.0,"Vol_src":3,"Depth_avg":2.1,"Dis_avg":0.079,"Res_time":121.3,"Elevation":22,"Slope_100":0.71,"Wshd_area":4.4,"Pour_long":84.901042,"Pour_lat":19.56875,"source_id":"hydrolakes:1392730","label":""},"geometry":{"type":"Polygon","coordinates":[[[84.9008789062504,19.5737665473099],[84.90195203993107,19.572230021159783],[84.90224555121569,19.57003824869878],[84.90429361979216,19.56965593126165],[84.9033924696185,19.56731374104902],[84.90138129340318,19.565007798937415],[84.90041666666713,19.563472222223083],[84.89999240451431,19.563603312175303],[84.89972981770876,19.565007798937415],[84.89918023003514,19.566019219293423],[84.89926052517404,19.568381618924548],[84.89809407552121,19.570323316786812],[84.89801486545178,19.572489284940104],[84.89881890191032,19.572479315864598],[84.9008789062504,19.5737665473099]]]}},{"type":"Feature","id":"hydrolakes:1392734","properties":{"Hylak_id":1392734,"Lake_name":"","Country":"India","Continent":"Asia","Poly_src":"SWBD","Lake_type":1,"Grand_id":0,"Lake_area":0.18,"Shore_len":1.74,"Shore_dev":1.17,"Vol_total":0.28,"Vol_res":0.0,"Vol_src":3,"Depth_avg":1.6,"Dis_avg":0.135,"Res_time":23.6,"Elevation":36,"Slope_100":0.48,"Wshd_area":7.7,"Pour_long":84.796247,"Pour_lat":19.559308,"source_id":"hydrolakes:1392734","label":""},"geometry":{"type":"Polygon","coordinates":[[[84.79717013888927,19.556043192546383],[84.79625000000055,19.55458333333422],[84.79494249131994,19.554750603570767],[84.79379828559064,19.556196289063337],[84.79390407986159,19.557231174046024],[84.79334635416717,19.55820505778081],[84.79387586805603,19.55862396240326],[84.79498969184073,19.558950703939672],[84.79649142795182,19.560542704265117],[84.796651475695,19.559711371528635],[84.7974869791671,19.559017164443105],[84.79717013888927,19.556043192546383]]]}},{"type":"Feature","id":"hydrolakes:1392745","properties":{"Hylak_id":1392745,"Lake_name":"","Country":"India","Continent":"Asia","Poly_src":"SWBD","Lake_type":1,"Grand_id":0,"Lake_area":0.14,"Shore_len":1.69,"Shore_dev":1.28,"Vol_total":0.39,"Vol_res":0.0,"Vol_src":3,"Depth_avg":2.8,"Dis_avg":0.05,"Res_time":90.7,"Elevation":581,"Slope_100":1.74,"Wshd_area":3.4,"Pour_long":81.670147,"Pour_lat":19.536913,"source_id":"hydrolakes:1392745","label":""},"geometry":{"type":"Polygon","coordinates":[[[81.67053765191008,19.53640675862715],[81.67041666666677,19.53625000000079],[81.66988362630241,19.536398451064258],[81.66808932834209,19.537132805719125],[81.66816677517397,19.538669331869357],[81.66764227973124,19.54000345865967],[81.66862630208351,19.541648796930076],[81.66917060004369,19.541179097494307],[81.66962483724001,19.53954776340146],[81.67053765191008,19.538871019152282],[81.67220431857658,19.53851932101861],[81.67185519748296,19.537423739964026],[81.67053765191008,19.53640675862715]]]}},{"type":"Feature","id":"hydrolakes:1392749","properties":{"Hylak_id":1392749,"Lake_name":"","Country":"India","Continent":"Asia","Poly_src":"SWBD","Lake_type":1,"Grand_id":0,"Lake_area":0.19,"Shore_len":1.95,"Shore_dev":1.26,"Vol_total":0.31,"Vol_res":0.0,"Vol_src":3,"Depth_avg":1.6,"Dis_avg":0.017,"Res_time":207.8,"Elevation":164,"Slope_100":0.49,"Wshd_area":1.2,"Pour_long":80.06988,"Pour_lat":19.528587,"source_id":"hydrolakes:1392749","label":""},"geometry":{"type":"Polygon","coordinates":[[[80.07202476501465,19.53354922824525],[80.07349127027737,19.531776326498232],[80.0729801771376,19.53063093397435],[80.0720912509496,19.530234273275653],[80.07152938842785,19.529227261014285],[80.07225234137661,19.528604397244862],[80.07077737596302,19.52833533393101],[80.0704166666668,19.527916666667466],[80.06889922247996,19.52807145860544],[80.06920716179735,19.531058993870147],[80.0697522311741,19.532543233236595],[80.06968984815813,19.533319566515615],[80.07111323886448,19.533040635851535],[80.07202476501465,19.53354922824525]]]}},{"type":"Feature","id":"hydrolakes:1392751","properties":{"Hylak_id":1392751,"Lake_name":"","Country":"India","Continent":"Asia","Poly_src":"SWBD","Lake_type":1,"Grand_id":0,"Lake_area":0.15,"Shore_len":1.57,"Shore_dev":1.16,"Vol_total":0.25,"Vol_res":0.0,"Vol_src":3,"Depth_avg":1.7,"Dis_avg":0.102,"Res_time":28.0,"Elevation":161,"Slope_100":0.6,"Wshd_area":7.3,"Pour_long":80.065013,"Pour_lat":19.523572,"source_id":"hydrolakes:1392751","label":""},"geometry":{"type":"Polygon","coordinates":[[[80.06779912312845,19.522279730903563],[80.06513433668363,19.522267218696527],[80.06430555555556,19.52180555555634],[80.06365242852127,19.522368265788543],[80.06325820075148,19.524175652398867],[80.06411120944557,19.526087273492635],[80.06538113064266,19.5251868353958],[80.06679023742691,19.524558071561216],[80.06832299974235,19.52323750813889],[80.06779912312845,19.522279730903563]]]}},{"type":"Feature","id":"hydrolakes:1392760","properties":{"Hylak_id":1392760,"Lake_name":"","Country":"India","Continent":"Asia","Poly_src":"SWBD","Lake_type":1,"Grand_id":0,"Lake_area":0.12,"Shore_len":1.95,"Shore_dev":1.56,"Vol_total":0.28,"Vol_res":0.0,"Vol_src":3,"Depth_avg":2.2,"Dis_avg":0.211,"Res_time":15.2,"Elevation":93,"Slope_100":1.13,"Wshd_area":12.7,"Pour_long":84.551857,"Pour_lat":19.506669,"source_id":"hydrolakes:1392760","label":""},"geometry":{"type":"Polygon","coordinates":[[[84.55389431423652,19.509531589085043],[84.5533181423616,19.508070916070665],[84.55291666666722,19.504861111111893],[84.55186740451433,19.504992336697853],[84.55140407986164,19.50557091607078],[84.5502929687504,19.50603912353614],[84.55112630208367,19.506929083930913],[84.55143337673661,19.509038831923647],[84.55290256076427,19.508856065539135],[84.55273057725736,19.510238477919813],[84.55468532986146,19.510989786784705],[84.55477864583372,19.51024003770698],[84.55389431423652,19.509531589085043]]]}},{"type":"Feature","id":"hydrolakes:1392782","properties":{"Hylak_id":1392782,"Lake_name":"","Country":"India","Continent":"Asia","Poly_src":"SWBD","Lake_type":1,"Grand_id":0,"Lake_area":0.56,"Shore_len":3.27,"Shore_dev":1.23,"Vol_total":2.27,"Vol_res":0.0,"Vol_src":3,"Depth_avg":4.0,"Dis_avg":0.346,"Res_time":75.8,"Elevation":89,"Slope_100":2.38,"Wshd_area":21.5,"Pour_long":84.54379,"Pour_lat":19.468893,"source_id":"hydrolakes:1392782","label":""},"geometry":{"type":"Polygon","coordinates":[[[84.54923394097256,19.4698279147687],[84.54836317274345,19.468888312446552],[84.54693901909758,19.46861640082551],[84.5459722222227,19.466805555556334],[84.542280273438,19.46701395670658],[84.54056098090325,19.468338623047657],[84.53917209201438,19.46899410671739],[84.53944552951435,19.469460923937447],[84.54109592013936,19.469395514594964],[84.54180338541721,19.470799119738274],[84.54056098090325,19.472605217828573],[84.5410253906254,19.473879970975247],[84.5472379557296,19.47330240885509],[84.54837510850746,19.47276597764835],[84.5497167968756,19.47144480387459],[84.54923394097256,19.4698279147687]]]}},{"type":"Feature","id":"hydrolakes:1392793","properties":{"Hylak_id":1392793,"Lake_name":"","Country":"India","Continent":"Asia","Poly_src":"SWBD","Lake_type":1,"Grand_id":0,"Lake_area":0.18,"Shore_len":2.41,"Shore_dev":1.6,"Vol_total":0.79,"Vol_res":0.0,"Vol_src":3,"Depth_avg":4.3,"Dis_avg":0.65,"Res_time":14.1,"Elevation":147,"Slope_100":3.97,"Wshd_area":40.7,"Pour_long":84.414044,"Pour_lat":19.448755,"source_id":"hydrolakes:1392793","label":""},"geometry":{"type":"Polygon","coordinates":[[[84.41331787109425,19.45334869384851],[84.41307101779569,19.45223798963849],[84.41495388454899,19.449883761936746],[84.41551947699685,19.44854136149172],[84.41486111111152,19.447083333334206],[84.41363688151091,19.447433369955206],[84.4122376844623,19.449459804959588],[84.41144558376789,19.450094129775152],[84.41238362630259,19.452267116971427],[84.4118364800351,19.453197631836872],[84.41022894965312,19.45307891845789],[84.4103181966151,19.45379608154377],[84.41195990668444,19.45415130615322],[84.4127777777781,19.45463212755078],[84.41373996310796,19.45406653510281],[84.41331787109425,19.45334869384851]]]}},{"type":"Feature","id":"hydrolakes:1392801","properties":{"Hylak_id":1392801,"Lake_name":"","Country":"India","Continent":"Asia","Poly_src":"SWBD","Lake_type":1,"Grand_id":0,"Lake_area":0.71,"Shore_len":8.69,"Shore_dev":2.91,"Vol_total":1.8,"Vol_res":0.0,"Vol_src":3,"Depth_avg":2.5,"Dis_avg":2.313,"Res_time":9.0,"Elevation":263,"Slope_100":0.85,"Wshd_area":162.0,"Pour_long":82.792365,"Pour_lat":19.42584,"source_id":"hydrolakes:1392801","label":""},"geometry":{"type":"Polygon","coordinates":[[[82.79224338107662,19.42317111545225],[82.79220757378505,19.422270982531188],[82.79278808593801,19.42164462619445],[82.79434760199695,19.423328043620643],[82.7941767035594,19.420998602973896],[82.79250108506966,19.419713609484347],[82.79179687500039,19.420086263021744],[82.79029134114626,19.41898206922832],[82.79138346354188,19.417394816081583],[82.78995849609402,19.41665486653733],[82.78900607638917,19.415627034506144],[82.78859510633703,19.416403672960882],[82.78861870659773,19.41699428982298],[82.78639594184062,19.4169061957474],[82.78695638020855,19.41837490505742],[82.78805013020855,19.41938856336884],[82.78671278211829,19.420719265408763],[82.78613688151074,19.421939154731717],[82.78553710937535,19.42088107638972],[82.78560438368078,19.41918145073862],[82.78445719401066,19.418036363390684],[82.78302978515683,19.419131062826466],[82.78139431423637,19.41835923936719],[82.78166124131968,19.417494710287258],[82.78277235243075,19.415879991320423],[82.78202148437538,19.413894178603357],[82.78064100477451,19.414524536133797],[82.78015706380228,19.415550265842796],[82.77943901909765,19.415283067492112],[82.77819444444464,19.412361111112034],[82.7776907009553,19.41282775879],[82.77857530381993,19.416042955187493],[82.78053683810793,19.416510213216952],[82.78089002821201,19.41872782389413],[82.78269395616343,19.41996914333845],[82.78363579644133,19.420006510417466],[82.78440049913229,19.419181111654495],[82.78478488498297,19.42119418674133],[82.78542182074693,19.422543809679667],[82.78752902560802,19.422460327149224],[82.78747341579884,19.423866712782967],[82.78817599826425,19.424238552518204],[82.78872341579893,19.42307861328203],[82.78967475043441,19.423040907118832],[82.79139919704886,19.423854844835944],[82.79103624131966,19.42664035373349],[82.79245605468776,19.42701239691928],[82.79411078559048,19.423762410482595],[82.79224338107662,19.42317111545225]]]}},{"type":"Feature","id":"hydrolakes:1392803","properties":{"Hylak_id":1392803,"Lake_name":"","Country":"India","Continent":"Asia","Poly_src":"SWBD","Lake_type":1,"Grand_id":0,"Lake_area":0.17,"Shore_len":1.91,"Shore_dev":1.29,"Vol_total":0.3,"Vol_res":0.0,"Vol_src":3,"Depth_avg":1.7,"Dis_avg":0.138,"Res_time":25.5,"Elevation":18,"Slope_100":0.61,"Wshd_area":8.7,"Pour_long":84.909042,"Pour_lat":19.419025,"source_id":"hydrolakes:1392803","label":""},"geometry":{"type":"Polygon","coordinates":[[[84.90974989149362,19.41944559733156],[84.90908637152836,19.418537597657064],[84.9084412977436,19.416281738282123],[84.9072070312505,19.415293172201416],[84.90652777777848,19.413750000000903],[84.9061165364588,19.41407952202775],[84.90584852430601,19.415015394423563],[84.90486111111176,19.41625047471871],[84.90568413628517,19.41913085937591],[84.90708333333379,19.419304877387958],[84.9085986328131,19.419116414388952],[84.9092936197921,19.419984605578236],[84.90974989149362,19.41944559733156]]]}},{"type":"Feature","id":"hydrolakes:1392804","properties":{"Hylak_id":1392804,"Lake_name":"","Country":"India","Continent":"Asia","Poly_src":"SWBD","Lake_type":1,"Grand_id":0,"Lake_area":0.2,"Shore_len":1.98,"Shore_dev":1.26,"Vol_total":0.53,"Vol_res":0.0,"Vol_src":3,"Depth_avg":2.7,"Dis_avg":0.04,"Res_time":153.4,"Elevation":574,"Slope_100":1.47,"Wshd_area":2.6,"Pour_long":81.926031,"Pour_lat":19.418808,"source_id":"hydrolakes:1392804","label":""},"geometry":{"type":"Polygon","coordinates":[[[81.9238598632815,19.420889282227392],[81.92437784830747,19.420288085938353],[81.9255664062502,19.4208554416241],[81.92775119357668,19.418214246962577],[81.9268055555558,19.417361111111973],[81.924923638238,19.417494371203134],[81.92260240342904,19.418456285265677],[81.92190904405396,19.419699028863704],[81.92182698567723,19.422156982422678],[81.92350775824667,19.422292005751785],[81.92394246419286,19.421917453342814],[81.9238598632815,19.420889282227392]]]}},{"type":"Feature","id":"hydrolakes:1392812","properties":{"Hylak_id":1392812,"Lake_name":"","Country":"India","Continent":"Asia","Poly_src":"SWBD","Lake_type":1,"Grand_id":0,"Lake_area":0.23,"Shore_len":2.31,"Shore_dev":1.34,"Vol_total":0.29,"Vol_res":0.0,"Vol_src":3,"Depth_avg":1.2,"Dis_avg":0.774,"Res_time":4.4,"Elevation":11,"Slope_100":0.28,"Wshd_area":49.8,"Pour_long":84.943322,"Pour_lat":19.408882,"source_id":"hydrolakes:1392812","label":""},"geometry":{"type":"Polygon","coordinates":[[[84.94693142361149,19.40629123263983],[84.94513888888946,19.405416666667463],[84.94322211371565,19.405892808703186],[84.94201931423663,19.405770195855894],[84.93900770399347,19.4072148301874],[84.93862413194489,19.40800896538707],[84.94206542968794,19.40839491102514],[84.94192925347267,19.4097302246102],[84.94216254340319,19.41026496039575],[84.94332031250053,19.409431627062588],[84.94430392795181,19.409142998590198],[84.94520724826435,19.40805548773949],[84.94663302951443,19.407739393447002],[84.94693142361149,19.40629123263983]]]}},{"type":"Feature","id":"hydrolakes:1392817","properties":{"Hylak_id":1392817,"Lake_name":"","Country":"India","Continent":"Asia","Poly_src":"SWBD","Lake_type":1,"Grand_id":0,"Lake_area":0.12,"Shore_len":1.89,"Shore_dev":1.57,"Vol_total":0.21,"Vol_res":0.0,"Vol_src":3,"Depth_avg":1.8,"Dis_avg":0.112,"Res_time":21.5,"Elevation":19,"Slope_100":0.74,"Wshd_area":7.3,"Pour_long":84.898057,"Pour_lat":19.402977,"source_id":"hydrolakes:1392817","label":""},"geometry":{"type":"Polygon","coordinates":[[[84.90023871527814,19.406083441841133],[84.89886176215327,19.40444552951476],[84.8996278211813,19.403396199545114],[84.89977050781289,19.40225206163268],[84.89763888888945,19.401805555556393],[84.89646701388938,19.402009480795186],[84.8963324652783,19.403093329536375],[84.89720703125056,19.403793606229158],[84.89650119357691,19.405239935981683],[84.89751247829918,19.405365736220404],[84.89805555555591,19.40468770345126],[84.89914659288257,19.405734456381083],[84.89965006510465,19.406929050022427],[84.90023871527814,19.406083441841133]]]}},{"type":"Feature","id":"hydrolakes:1392826","properties":{"Hylak_id":1392826,"Lake_name":"","Country":"India","Continent":"Asia","Poly_src":"SWBD","Lake_type":1,"Grand_id":0,"Lake_area":0.2,"Shore_len":1.86,"Shore_dev":1.17,"Vol_total":0.75,"Vol_res":0.0,"Vol_src":3,"Depth_avg":3.7,"Dis_avg":0.033,"Res_time":262.6,"Elevation":594,"Slope_100":2.77,"Wshd_area":2.2,"Pour_long":81.835496,"Pour_lat":19.389347,"source_id":"hydrolakes:1392826","label":""},"geometry":{"type":"Polygon","coordinates":[[[81.8358104112416,19.38641181098177],[81.8356944444447,19.386250000000814],[81.83506483289949,19.38641608344267],[81.83414374457487,19.38803263346432],[81.83311089409756,19.390700547960932],[81.83521416558187,19.391642320421795],[81.8358104112416,19.390810411242114],[81.83705919053835,19.390560031467942],[81.83762017144119,19.389777357314358],[81.83914374457493,19.388894042969525],[81.83871799045164,19.388332587348884],[81.83775485568606,19.388078477648378],[81.83679768880228,19.386672295465246],[81.8358104112416,19.38641181098177]]]}},{"type":"Feature","id":"hydrolakes:1392846","properties":{"Hylak_id":1392846,"Lake_name":"","Country":"India","Continent":"Asia","Poly_src":"SWBD","Lake_type":1,"Grand_id":0,"Lake_area":0.25,"Shore_len":2.38,"Shore_dev":1.35,"Vol_total":0.49,"Vol_res":0.0,"Vol_src":3,"Depth_avg":2.0,"Dis_avg":0.058,"Res_time":97.0,"Elevation":28,"Slope_100":0.69,"Wshd_area":3.8,"Pour_long":84.886339,"Pour_lat":19.366159,"source_id":"hydrolakes:1392846","label":""},"geometry":{"type":"Polygon","coordinates":[[[84.88971191406301,19.370877075196233],[84.88862467447979,19.370865681967018],[84.88851671006984,19.36951639811292],[84.89053982204916,19.369056735569472],[84.88959472656296,19.36824286566923],[84.88791666666725,19.365416666667443],[84.88610080295183,19.365545247396824],[84.88389919704912,19.36699137369874],[84.88540201822957,19.369620361329055],[84.8871185980907,19.37046461317351],[84.88919162326442,19.371934136285518],[84.88971191406301,19.370877075196233]]]}},{"type":"Feature","id":"hydrolakes:1392861","properties":{"Hylak_id":1392861,"Lake_name":"","Country":"India","Continent":"Asia","Poly_src":"SWBD","Lake_type":1,"Grand_id":0,"Lake_area":0.33,"Shore_len":3.55,"Shore_dev":1.76,"Vol_total":0.91,"Vol_res":0.0,"Vol_src":3,"Depth_avg":2.8,"Dis_avg":0.186,"Res_time":56.4,"Elevation":89,"Slope_100":1.31,"Wshd_area":13.2,"Pour_long":84.651042,"Pour_lat":19.347032,"source_id":"hydrolakes:1392861","label":""},"geometry":{"type":"Polygon","coordinates":[[[84.65636067708385,19.347639702691822],[84.6564572482643,19.346687825521656],[84.65483940972274,19.34675381130728],[84.65413357204909,19.3463497585729],[84.65238498263955,19.346528049046015],[84.65032823350748,19.34535488552598],[84.65040418836861,19.34306674533508],[84.65013888888933,19.342361111111984],[84.64971896701428,19.34270968967104],[84.64942057291711,19.344386596680465],[84.64824815538248,19.344730563694384],[84.64604600694486,19.346180080838508],[84.64391710069492,19.34680474175434],[84.64382107204926,19.347749972874112],[84.64555175781322,19.348070068360244],[84.6480783420144,19.34781256781764],[84.65014702691008,19.34839097764842],[84.65195746527814,19.348068372939224],[84.65277832031302,19.347477484809986],[84.65412000868105,19.348539293078204],[84.65636067708385,19.347639702691822]]]}},{"type":"Feature","id":"hydrolakes:1392867","properties":{"Hylak_id":1392867,"Lake_name":"","Country":"India","Continent":"Asia","Poly_src":"SWBD","Lake_type":1,"Grand_id":0,"Lake_area":0.2,"Shore_len":1.72,"Shore_dev":1.1,"Vol_total":0.24,"Vol_res":0.0,"Vol_src":3,"Depth_avg":1.2,"Dis_avg":0.038,"Res_time":74.0,"Elevation":30,"Slope_100":0.29,"Wshd_area":2.6,"Pour_long":84.773958,"Pour_lat":19.336567,"source_id":"hydrolakes:1392867","label":""},"geometry":{"type":"Polygon","coordinates":[[[84.77359592013954,19.335570949979058],[84.77347222222272,19.33541666666747],[84.7715196397574,19.335756496854117],[84.77057074652834,19.336516045465316],[84.7708425564241,19.33914388020912],[84.771434461806,19.33988301595133],[84.77246907552137,19.33927483452777],[84.77489366319486,19.338750271268168],[84.77609592013931,19.33670552571698],[84.77549804687555,19.335901896159726],[84.77359592013954,19.335570949979058]]]}},{"type":"Feature","id":"hydrolakes:1392868","properties":{"Hylak_id":1392868,"Lake_name":"","Country":"India","Continent":"Asia","Poly_src":"SWBD","Lake_type":1,"Grand_id":0,"Lake_area":0.36,"Shore_len":3.99,"Shore_dev":1.88,"Vol_total":0.94,"Vol_res":0.0,"Vol_src":3,"Depth_avg":2.6,"Dis_avg":0.032,"Res_time":340.4,"Elevation":45,"Slope_100":1.13,"Wshd_area":2.2,"Pour_long":84.739019,"Pour_lat":19.336137,"source_id":"hydrolakes:1392868","label":""},"geometry":{"type":"Polygon","coordinates":[[[84.74168728298662,19.339658813477342],[84.74049099392397,19.33799628363795],[84.74064778645891,19.33645528157649],[84.74013888888942,19.334583333334137],[84.73832031250043,19.33470940484034],[84.73556857638931,19.33569817437143],[84.73738552517409,19.338038601346454],[84.73887966579912,19.338626166450467],[84.73939832899345,19.338573337132004],[84.73941569010475,19.34014092339487],[84.74059678819492,19.34112196180638],[84.7404399956601,19.342660929362808],[84.74165364583376,19.34419453938881],[84.73950575086843,19.344816148546784],[84.73940917968798,19.345762600369767],[84.74061089409764,19.34720940484027],[84.74204481336858,19.346125488282098],[84.74192925347279,19.344988267687484],[84.7430425347228,19.34450527615104],[84.74271213107693,19.341860826281163],[84.74151584201428,19.341341824002598],[84.74168728298662,19.339658813477342]]]}},{"type":"Feature","id":"hydrolakes:1392884","properties":{"Hylak_id":1392884,"Lake_name":"","Country":"India","Continent":"Asia","Poly_src":"SWBD","Lake_type":1,"Grand_id":0,"Lake_area":0.24,"Shore_len":1.83,"Shore_dev":1.05,"Vol_total":0.51,"Vol_res":0.0,"Vol_src":3,"Depth_avg":2.1,"Dis_avg":0.047,"Res_time":124.6,"Elevation":564,"Slope_100":0.82,"Wshd_area":3.0,"Pour_long":81.855683,"Pour_lat":19.315055,"source_id":"hydrolakes:1392884","label":""},"geometry":{"type":"Polygon","coordinates":[[[81.85553263346367,19.31335625542613],[81.85541666666683,19.313194444445344],[81.85413764105931,19.313310953776863],[81.85229071723103,19.313681233724765],[81.85198310004358,19.315237901476507],[81.85317220052099,19.317915785048513],[81.85423136393246,19.31858818901992],[81.85580525716176,19.31831719292626],[81.85641181098117,19.31752292209279],[81.85664374457497,19.316088189019865],[81.85719930013056,19.31521314832986],[81.85688490125915,19.314140285916665],[81.85553263346367,19.31335625542613]]]}},{"type":"Feature","id":"hydrolakes:1392889","properties":{"Hylak_id":1392889,"Lake_name":"","Country":"India","Continent":"Asia","Poly_src":"SWBD","Lake_type":1,"Grand_id":0,"Lake_area":0.22,"Shore_len":2.12,"Shore_dev":1.28,"Vol_total":0.63,"Vol_res":0.0,"Vol_src":3,"Depth_avg":2.9,"Dis_avg":0.029,"Res_time":251.9,"Elevation":587,"Slope_100":1.64,"Wshd_area":1.8,"Pour_long":82.15146,"Pour_lat":19.309953,"source_id":"hydrolakes:1392889","label":""},"geometry":{"type":"Polygon","coordinates":[[[82.15275444878506,19.310367702908877],[82.15291992187531,19.308744778104142],[82.15069444444458,19.305972222223033],[82.14834621853333,19.306809285482586],[82.14863498263924,19.30920667860329],[82.14967298719648,19.30910088433245],[82.14984632704017,19.310800781250805],[82.14862630208381,19.311814168295086],[82.15039062500034,19.312566460504286],[82.15275444878506,19.310367702908877]]]}},{"type":"Feature","id":"hydrolakes:1392905","properties":{"Hylak_id":1392905,"Lake_name":"","Country":"India","Continent":"Asia","Poly_src":"SWBD","Lake_type":1,"Grand_id":0,"Lake_area":0.18,"Shore_len":1.88,"Shore_dev":1.26,"Vol_total":0.3,"Vol_res":0.0,"Vol_src":3,"Depth_avg":1.7,"Dis_avg":0.105,"Res_time":32.5,"Elevation":15,"Slope_100":0.56,"Wshd_area":7.3,"Pour_long":84.861042,"Pour_lat":19.293246,"source_id":"hydrolakes:1392905","label":""},"geometry":{"type":"Polygon","coordinates":[[[84.86151584201446,19.294984605578065],[84.86301215277825,19.29419887966668],[84.86345811631998,19.29344048394188],[84.86298936631982,19.29127461751392],[84.86107964409763,19.29011461046099],[84.86097222222264,19.289027777778585],[84.86016818576428,19.289257676867123],[84.86032606336857,19.290526055230828],[84.85970377604224,19.29137797037845],[84.85988335503515,19.292823011611006],[84.85918185763927,19.29401604546524],[84.8596902126742,19.2949287923185],[84.86055555555606,19.29442003038281],[84.86151584201446,19.294984605578065]]]}},{"type":"Feature","id":"hydrolakes:1392910","properties":{"Hylak_id":1392910,"Lake_name":"","Country":"India","Continent":"Asia","Poly_src":"SWBD","Lake_type":1,"Grand_id":0,"Lake_area":0.1,"Shore_len":2.01,"Shore_dev":1.82,"Vol_total":0.42,"Vol_res":0.0,"Vol_src":3,"Depth_avg":4.3,"Dis_avg":0.167,"Res_time":28.8,"Elevation":85,"Slope_100":4.71,"Wshd_area":12.2,"Pour_long":84.606389,"Pour_lat":19.282383,"source_id":"hydrolakes:1392910","label":""},"geometry":{"type":"Polygon","coordinates":[[[84.60748697916705,19.28276496039581],[84.60943142361151,19.2823337809254],[84.60914550781297,19.28156283908504],[84.60417426215326,19.282111002605063],[84.60280164930595,19.28097059461885],[84.60263888888932,19.280416666667463],[84.60220920138937,19.280542738173608],[84.60195746527836,19.281401706272504],[84.60140190972277,19.2818631998706],[84.60232259114639,19.282603963217127],[84.6052669270839,19.282736409506015],[84.60570475260465,19.28326327853813],[84.60748697916705,19.28276496039581]]]}},{"type":"Feature","id":"hydrolakes:1392915","properties":{"Hylak_id":1392915,"Lake_name":"","Country":"India","Continent":"Asia","Poly_src":"SWBD","Lake_type":1,"Grand_id":0,"Lake_area":0.16,"Shore_len":1.73,"Shore_dev":1.23,"Vol_total":0.34,"Vol_res":0.0,"Vol_src":3,"Depth_avg":2.1,"Dis_avg":0.047,"Res_time":82.9,"Elevation":548,"Slope_100":0.95,"Wshd_area":3.0,"Pour_long":81.838764,"Pour_lat":19.278977,"source_id":"hydrolakes:1392915","label":""},"geometry":{"type":"Polygon","coordinates":[[[81.83786675347238,19.277761094835853],[81.8373611111113,19.27652777777854],[81.83667995876755,19.276727701823745],[81.83594089084221,19.280972086589372],[81.83848280164955,19.282209404840216],[81.84054267035611,19.279626125760444],[81.84001288519977,19.279153849284626],[81.8383919270837,19.27867818196694],[81.83786675347238,19.277761094835853]]]}},{"type":"Feature","id":"hydrolakes:1392917","properties":{"Hylak_id":1392917,"Lake_name":"","Country":"India","Continent":"Asia","Poly_src":"SWBD","Lake_type":1,"Grand_id":0,"Lake_area":0.15,"Shore_len":1.65,"Shore_dev":1.22,"Vol_total":0.25,"Vol_res":0.0,"Vol_src":3,"Depth_avg":1.7,"Dis_avg":0.003,"Res_time":974.2,"Elevation":549,"Slope_100":0.63,"Wshd_area":0.2,"Pour_long":81.818645,"Pour_lat":19.277035,"source_id":"hydrolakes:1392917","label":""},"geometry":{"type":"Polygon","coordinates":[[[81.81748467339435,19.274182061090357],[81.81736111111161,19.2740277777786],[81.8164733886722,19.27418226454091],[81.8162940809463,19.27562316894614],[81.81868231879372,19.279324679905358],[81.82109578450542,19.278432481554773],[81.82081976996562,19.277683919271738],[81.81995388454874,19.276990559896603],[81.81890421549508,19.27526238335588],[81.81748467339435,19.274182061090357]]]}},{"type":"Feature","id":"hydrolakes:1392926","properties":{"Hylak_id":1392926,"Lake_name":"","Country":"India","Continent":"Asia","Poly_src":"SWBD","Lake_type":1,"Grand_id":0,"Lake_area":0.17,"Shore_len":1.74,"Shore_dev":1.18,"Vol_total":0.37,"Vol_res":0.0,"Vol_src":3,"Depth_avg":2.2,"Dis_avg":0.016,"Res_time":268.3,"Elevation":586,"Slope_100":0.95,"Wshd_area":1.0,"Pour_long":82.11456,"Pour_lat":19.264628,"source_id":"hydrolakes:1392926","label":""},"geometry":{"type":"Polygon","coordinates":[[[82.11427992079012,19.262942369249913],[82.11402777777812,19.262638888889796],[82.11224188910609,19.262784966363654],[82.11159478081629,19.263322482639694],[82.11175482855919,19.26489325629433],[82.11068386501762,19.266592814128387],[82.11185899522587,19.267034437392283],[82.1130684407554,19.266679484050258],[82.1145365397137,19.266100667318483],[82.11662082248284,19.264369303386275],[82.11531697591192,19.26380384657199],[82.11427992079012,19.262942369249913]]]}},{"type":"Feature","id":"hydrolakes:1392935","properties":{"Hylak_id":1392935,"Lake_name":"","Country":"India","Continent":"Asia","Poly_src":"SWBD","Lake_type":1,"Grand_id":0,"Lake_area":0.16,"Shore_len":1.64,"Shore_dev":1.14,"Vol_total":0.34,"Vol_res":0.0,"Vol_src":3,"Depth_avg":2.1,"Dis_avg":0.046,"Res_time":85.4,"Elevation":584,"Slope_100":0.9,"Wshd_area":2.8,"Pour_long":82.066572,"Pour_lat":19.253611,"source_id":"hydrolakes:1392935","label":""},"geometry":{"type":"Polygon","coordinates":[[[82.06889689127638,19.254252048069418],[82.06973225911486,19.254148152670098],[82.0705013020837,19.25460021972748],[82.07085259331615,19.253053792318553],[82.07013888888906,19.250694444445287],[82.06728217230932,19.251121080187488],[82.06654717339433,19.253033447266432],[82.06633992513042,19.254698893230113],[82.0678229437936,19.2548833550357],[82.06889689127638,19.254252048069418]]]}},{"type":"Feature","id":"hydrolakes:1392945","properties":{"Hylak_id":1392945,"Lake_name":"","Country":"India","Continent":"Asia","Poly_src":"SWBD","Lake_type":1,"Grand_id":0,"Lake_area":0.28,"Shore_len":3.01,"Shore_dev":1.6,"Vol_total":1.33,"Vol_res":0.0,"Vol_src":3,"Depth_avg":4.7,"Dis_avg":0.603,"Res_time":25.5,"Elevation":260,"Slope_100":4.11,"Wshd_area":43.8,"Pour_long":83.388542,"Pour_lat":19.242149,"source_id":"hydrolakes:1392945","label":""},"geometry":{"type":"Polygon","coordinates":[[[83.39271185980942,19.24125461154597],[83.39377468533013,19.240020955404532],[83.39481852213572,19.239706692166635],[83.39554524739629,19.23845716688453],[83.39486111111148,19.23736111111191],[83.39233208550371,19.237498236763088],[83.39195475260448,19.23834364149394],[83.39135335286505,19.238861897787274],[83.39145128038223,19.240082939996455],[83.38820421006983,19.240545247396653],[83.38547363281293,19.23939520941923],[83.38456434461852,19.239468248156243],[83.38501166449686,19.240270046658793],[83.38497151692752,19.240771348742214],[83.38915907118098,19.24295308431067],[83.39271185980942,19.24125461154597]]]}},{"type":"Feature","id":"hydrolakes:1392954","properties":{"Hylak_id":1392954,"Lake_name":"","Country":"India","Continent":"Asia","Poly_src":"SWBD","Lake_type":1,"Grand_id":0,"Lake_area":0.92,"Shore_len":6.06,"Shore_dev":1.78,"Vol_total":3.04,"Vol_res":0.0,"Vol_src":3,"Depth_avg":3.3,"Dis_avg":0.136,"Res_time":258.8,"Elevation":572,"Slope_100":1.35,"Wshd_area":8.7,"Pour_long":82.523157,"Pour_lat":19.23164,"source_id":"hydrolakes:1392954","label":""},"geometry":{"type":"Polygon","coordinates":[[[82.52934163411499,19.238589680990344],[82.5284757486981,19.237116292318547],[82.52838758680588,19.23470309787416],[82.52807101779547,19.233595716689194],[82.52755018446197,19.233178643121505],[82.5265608723962,19.231550225152716],[82.52402777777803,19.22847222222316],[82.52361626519115,19.228801744249893],[82.52332817925378,19.22980936686281],[82.52244357638926,19.23051778157634],[82.52251871744812,19.23112236870736],[82.52165120442731,19.232206827800326],[82.52014973958364,19.237222222223068],[82.52060004340308,19.23839341905466],[82.52047797309046,19.2393743896493],[82.52139404296906,19.23991292317794],[82.52307210286477,19.23820895724907],[82.52453938802108,19.23802646213187],[82.52689100477454,19.238651258681386],[82.52780300564268,19.239381510417502],[82.52773220486137,19.23994886610319],[82.52831787109415,19.24029317220129],[82.53251546223999,19.24165127224478],[82.53481146918443,19.242910630968765],[82.53665988498301,19.24554016113359],[82.5372067599829,19.24458306206685],[82.53684326171913,19.243538614909653],[82.53557427300365,19.24180162217965],[82.53524007161496,19.240632392036446],[82.53334879557332,19.239429050022466],[82.5307261827262,19.23917310926737],[82.52934163411499,19.238589680990344]]]}},{"type":"Feature","id":"hydrolakes:1392957","properties":{"Hylak_id":1392957,"Lake_name":"","Country":"India","Continent":"Asia","Poly_src":"SWBD","Lake_type":1,"Grand_id":0,"Lake_area":0.14,"Shore_len":1.77,"Shore_dev":1.35,"Vol_total":0.67,"Vol_res":0.0,"Vol_src":3,"Depth_avg":4.9,"Dis_avg":0.079,"Res_time":98.6,"Elevation":62,"Slope_100":5.61,"Wshd_area":5.9,"Pour_long":84.600739,"Pour_lat":19.22993,"source_id":"hydrolakes:1392957","label":""},"geometry":{"type":"Polygon","coordinates":[[[84.60397515191028,19.227140774197892],[84.60375000000056,19.2265277777787],[84.60088161892418,19.226667005751665],[84.60001030816028,19.228228285048715],[84.60026746961853,19.230289849176188],[84.60247016059071,19.23217597113802],[84.60257215711846,19.23090989854677],[84.60178059895884,19.22979383680638],[84.60397515191028,19.227140774197892]]]}},{"type":"Feature","id":"hydrolakes:1392962","properties":{"Hylak_id":1392962,"Lake_name":"","Country":"India","Continent":"Asia","Poly_src":"SWBD","Lake_type":1,"Grand_id":0,"Lake_area":0.44,"Shore_len":3.54,"Shore_dev":1.51,"Vol_total":2.27,"Vol_res":0.0,"Vol_src":3,"Depth_avg":5.2,"Dis_avg":0.252,"Res_time":104.1,"Elevation":175,"Slope_100":4.32,"Wshd_area":18.9,"Pour_long":80.223549,"Pour_lat":19.223263,"source_id":"hydrolakes:1392962","label":""},"geometry":{"type":"Polygon","coordinates":[[[80.22471693250867,19.226661376953984],[80.22507044474293,19.225993313260346],[80.22684778849305,19.226933797201298],[80.22749471028669,19.22527248806506],[80.2280753241647,19.224428710938355],[80.2291441345215,19.22447109646356],[80.23027248806443,19.223605821398337],[80.23191872490776,19.223213704427906],[80.23221693250889,19.221744452583437],[80.22952107747398,19.22264465332114],[80.22819444444445,19.22013888888972],[80.22664359198683,19.220668131511218],[80.2247270202638,19.222227918837575],[80.22442816840277,19.22221605089055],[80.22448089599612,19.220885959202178],[80.22311815049915,19.221823662652866],[80.22209889729834,19.22355740017457],[80.22251349555137,19.22474032931939],[80.22184773763036,19.225357191298542],[80.22315263536257,19.227058851454785],[80.22432364569778,19.22749471028726],[80.22471693250867,19.226661376953984]]]}},{"type":"Feature","id":"hydrolakes:1392967","properties":{"Hylak_id":1392967,"Lake_name":"","Country":"India","Continent":"Asia","Poly_src":"SWBD","Lake_type":1,"Grand_id":0,"Lake_area":0.18,"Shore_len":1.88,"Shore_dev":1.26,"Vol_total":0.37,"Vol_res":0.0,"Vol_src":3,"Depth_avg":2.1,"Dis_avg":0.073,"Res_time":59.0,"Elevation":556,"Slope_100":0.87,"Wshd_area":4.5,"Pour_long":81.931091,"Pour_lat":19.21483,"source_id":"hydrolakes:1392967","label":""},"geometry":{"type":"Polygon","coordinates":[[[81.93270806206624,19.214022420248227],[81.9320833333336,19.212638888889728],[81.93113769531288,19.212803480361003],[81.92973225911481,19.21362962510932],[81.92780788845516,19.21352851020049],[81.92751532660623,19.213960910374112],[81.92907755533884,19.21461914062587],[81.92942911783882,19.21584872775685],[81.93091634114614,19.217562662761225],[81.93243896484398,19.218040161133672],[81.93285346137174,19.215192125109354],[81.93270806206624,19.214022420248227]]]}},{"type":"Feature","id":"hydrolakes:1392970","properties":{"Hylak_id":1392970,"Lake_name":"","Country":"India","Continent":"Asia","Poly_src":"SWBD","Lake_type":1,"Grand_id":0,"Lake_area":0.28,"Shore_len":2.56,"Shore_dev":1.37,"Vol_total":0.69,"Vol_res":0.0,"Vol_src":3,"Depth_avg":2.5,"Dis_avg":0.041,"Res_time":194.2,"Elevation":579,"Slope_100":1.11,"Wshd_area":2.4,"Pour_long":82.085832,"Pour_lat":19.210009,"source_id":"hydrolakes:1392970","label":""},"geometry":{"type":"Polygon","coordinates":[[[82.08778632269986,19.205272216797653],[82.0876388888891,19.20486111111188],[82.08707288954014,19.205035875109445],[82.08473008897602,19.208618910048642],[82.08362169053851,19.209127604167463],[82.08357326931463,19.209941067166767],[82.08508015950554,19.21162760416746],[82.08787773980077,19.21205315484019],[82.08905612521733,19.211412828234415],[82.09082302517385,19.2108671739374],[82.09085327148472,19.210359497071067],[82.08751315646737,19.209075792101544],[82.08811604817726,19.207966512045118],[82.08771497938386,19.206469387479103],[82.08778632269986,19.205272216797653]]]}},{"type":"Feature","id":"hydrolakes:1392974","properties":{"Hylak_id":1392974,"Lake_name":"","Country":"India","Continent":"Asia","Poly_src":"SWBD","Lake_type":1,"Grand_id":0,"Lake_area":0.96,"Shore_len":12.84,"Shore_dev":3.71,"Vol_total":3.59,"Vol_res":0.0,"Vol_src":3,"Depth_avg":3.8,"Dis_avg":177.612,"Res_time":0.2,"Elevation":528,"Slope_100":1.75,"Wshd_area":12019.7,"Pour_long":81.702437,"Pour_lat":19.2072,"source_id":"hydrolakes:1392974","label":""},"geometry":{"type":"Polygon","coordinates":[[[81.708047824436,19.209548746745725],[81.71194973415817,19.20889417860326],[81.71610148112006,19.20774353027423],[81.7177724880645,19.20638359917615],[81.72048583984389,19.205103013781184],[81.72305026584229,19.204161376953948],[81.72623467339423,19.203726196289836],[81.72755466037341,19.202817857531272],[81.73107815212722,19.199015096029484],[81.73145670572927,19.197819281684872],[81.7362402343752,19.1933871799053],[81.73667846679706,19.192458428277746],[81.737748887804,19.191466674805497],[81.73815144856786,19.19061367458852],[81.73803995768253,19.187801784940007],[81.73864271375902,19.185041029189165],[81.74055026584233,19.18221693250956],[81.74363701714435,19.17949781629852],[81.74347222222252,19.179027777778686],[81.74166137695323,19.179716932509507],[81.73995130750887,19.181108669705736],[81.73788479275186,19.183338962131927],[81.73683946397603,19.18582295735763],[81.73693657769127,19.190613810222203],[81.73584513346367,19.191625094944357],[81.73552666558192,19.192300008138773],[81.7325052897138,19.19528306749214],[81.73145819770014,19.195959269206526],[81.72626071506096,19.201348470052892],[81.7224947102867,19.20277248806508],[81.71969767252642,19.204631008572846],[81.71696031358545,19.205849202474724],[81.71194973415817,19.20750528971439],[81.70833862304721,19.208338623047723],[81.70617648654547,19.20860582139835],[81.70164415147582,19.205528903538152],[81.70070719401065,19.205566067166615],[81.70084038628482,19.208927137587636],[81.70298272026935,19.2088422309036],[81.70415296766515,19.20946153428895],[81.708047824436,19.209548746745725]]]}},{"type":"Feature","id":"hydrolakes:1392979","properties":{"Hylak_id":1392979,"Lake_name":"","Country":"India","Continent":"Asia","Poly_src":"SWBD","Lake_type":1,"Grand_id":0,"Lake_area":0.17,"Shore_len":1.66,"Shore_dev":1.15,"Vol_total":0.28,"Vol_res":0.0,"Vol_src":3,"Depth_avg":1.7,"Dis_avg":0.095,"Res_time":34.3,"Elevation":564,"Slope_100":0.59,"Wshd_area":5.7,"Pour_long":82.146814,"Pour_lat":19.201062,"source_id":"hydrolakes:1392979","label":""},"geometry":{"type":"Polygon","coordinates":[[[82.14525485568606,19.198078477648323],[82.14513888888916,19.197916666667595],[82.14458157009585,19.198316107856726],[82.14489949544304,19.19992499457561],[82.14418958875882,19.201652628581485],[82.144522433811,19.202901679145782],[82.14669094509566,19.202466973199705],[82.14815402560788,19.200768568251647],[82.14850762261312,19.198979220920933],[82.14525485568606,19.198078477648323]]]}},{"type":"Feature","id":"hydrolakes:1392980","properties":{"Hylak_id":1392980,"Lake_name":"","Country":"India","Continent":"Asia","Poly_src":"SWBD","Lake_type":1,"Grand_id":0,"Lake_area":0.15,"Shore_len":1.63,"Shore_dev":1.17,"Vol_total":0.69,"Vol_res":0.0,"Vol_src":3,"Depth_avg":4.5,"Dis_avg":0.143,"Res_time":56.2,"Elevation":806,"Slope_100":4.52,"Wshd_area":9.7,"Pour_long":83.03704,"Pour_lat":19.200599,"source_id":"hydrolakes:1392980","label":""},"geometry":{"type":"Polygon","coordinates":[[[83.04192898220538,19.20034959581244],[83.04152777777807,19.19930555555635],[83.03930772569481,19.199582926433095],[83.03746907552107,19.19935424804771],[83.03591335720523,19.199798448351544],[83.03723768446218,19.201373494466907],[83.03759548611151,19.202222629124094],[83.0389276801219,19.202762383355832],[83.04147623697952,19.201264309354087],[83.04192898220538,19.20034959581244]]]}},{"type":"Feature","id":"hydrolakes:1392986","properties":{"Hylak_id":1392986,"Lake_name":"","Country":"India","Continent":"Asia","Poly_src":"SWBD","Lake_type":1,"Grand_id":0,"Lake_area":0.14,"Shore_len":1.95,"Shore_dev":1.44,"Vol_total":0.28,"Vol_res":0.0,"Vol_src":3,"Depth_avg":2.0,"Dis_avg":0.057,"Res_time":57.5,"Elevation":46,"Slope_100":0.81,"Wshd_area":4.3,"Pour_long":84.660643,"Pour_lat":19.194401,"source_id":"hydrolakes:1392986","label":""},"geometry":{"type":"Polygon","coordinates":[[[84.66278537326446,19.193603312175412],[84.66208333333373,19.193194444445226],[84.66000054253527,19.193341674805424],[84.6570963541671,19.193168538412294],[84.65639648437542,19.193855862088526],[84.65834092881988,19.19415886773089],[84.65911187066035,19.19457756890273],[84.6599924045143,19.19611891004854],[84.66142415364624,19.19656107584717],[84.6613688151046,19.195636189779464],[84.66361870659756,19.195285576715207],[84.66388129340322,19.194948662652735],[84.66278537326446,19.193603312175412]]]}},{"type":"Feature","id":"hydrolakes:1392991","properties":{"Hylak_id":1392991,"Lake_name":"","Country":"India","Continent":"Asia","Poly_src":"SWBD","Lake_type":1,"Grand_id":0,"Lake_area":0.26,"Shore_len":2.91,"Shore_dev":1.62,"Vol_total":0.31,"Vol_res":0.0,"Vol_src":3,"Depth_avg":1.2,"Dis_avg":0.06,"Res_time":60.3,"Elevation":554,"Slope_100":0.25,"Wshd_area":3.6,"Pour_long":82.405594,"Pour_lat":19.191245,"source_id":"hydrolakes:1392991","label":""},"geometry":{"type":"Polygon","coordinates":[[[82.40610324435795,19.190841132270748],[82.40597222222254,19.190694444445228],[82.4044523111981,19.190897759332415],[82.4052593315975,19.192473754883622],[82.40692111545172,19.193634575738713],[82.41278564453143,19.19665886773089],[82.41407497829886,19.19765814887228],[82.41554768880229,19.196982218425262],[82.41484375000039,19.195367906359422],[82.4125078667538,19.193881089953038],[82.40834581163216,19.192772962782954],[82.4074237738717,19.192186482748184],[82.40610324435795,19.190841132270748]]]}},{"type":"Feature","id":"hydrolakes:1392996","properties":{"Hylak_id":1392996,"Lake_name":"","Country":"India","Continent":"Asia","Poly_src":"SWBD","Lake_type":1,"Grand_id":0,"Lake_area":0.15,"Shore_len":1.66,"Shore_dev":1.2,"Vol_total":0.39,"Vol_res":0.0,"Vol_src":3,"Depth_avg":2.6,"Dis_avg":0.027,"Res_time":168.7,"Elevation":566,"Slope_100":1.42,"Wshd_area":1.6,"Pour_long":82.123615,"Pour_lat":19.185178,"source_id":"hydrolakes:1392996","label":""},"geometry":{"type":"Polygon","coordinates":[[[82.12319715711823,19.18674682617268],[82.12407796223988,19.18628078884626],[82.12694905598994,19.186394585504274],[82.12774997287357,19.185970730252507],[82.12716634114605,19.184305555556364],[82.12736111111127,19.18375000000077],[82.12303100585973,19.183882378473015],[82.12167968750026,19.185340847440102],[82.12319715711823,19.18674682617268]]]}},{"type":"Feature","id":"hydrolakes:1393007","properties":{"Hylak_id":1393007,"Lake_name":"","Country":"India","Continent":"Asia","Poly_src":"SWBD","Lake_type":1,"Grand_id":0,"Lake_area":0.48,"Shore_len":4.28,"Shore_dev":1.74,"Vol_total":1.43,"Vol_res":0.0,"Vol_src":3,"Depth_avg":3.0,"Dis_avg":0.073,"Res_time":227.0,"Elevation":558,"Slope_100":1.34,"Wshd_area":4.3,"Pour_long":82.150755,"Pour_lat":19.173852,"source_id":"hydrolakes:1393007","label":""},"geometry":{"type":"Polygon","coordinates":[[[82.15366007487012,19.17574842665016],[82.15359198676236,19.174901123047675],[82.15181396484394,19.174978366428718],[82.15139919704876,19.173600802952137],[82.15041666666696,19.172083333334115],[82.14870822482663,19.17215189615962],[82.14799329969651,19.17255079481413],[82.1468311903214,19.172457411025107],[82.14612141927103,19.173716159397486],[82.14712795681453,19.17458333333417],[82.14561197916686,19.17588941786107],[82.14473253038227,19.1773657226571],[82.14598754882843,19.17844699435841],[82.1478686523439,19.179286295573775],[82.14768798828146,19.181534491645778],[82.14852050781275,19.18302673339923],[82.14796725802978,19.18401828342104],[82.14961981879378,19.184836154514812],[82.15026746961837,19.184241197374888],[82.1490428331166,19.18251397026995],[82.14917846679725,19.180825602214384],[82.1487600368925,19.18007568359451],[82.14891967773474,19.178089667427116],[82.15172973632826,19.176329549154445],[82.15366007487012,19.17574842665016]]]}},{"type":"Feature","id":"hydrolakes:1393029","properties":{"Hylak_id":1393029,"Lake_name":"","Country":"India","Continent":"Asia","Poly_src":"SWBD","Lake_type":1,"Grand_id":0,"Lake_area":0.3,"Shore_len":2.94,"Shore_dev":1.51,"Vol_total":0.64,"Vol_res":0.0,"Vol_src":3,"Depth_avg":2.1,"Dis_avg":0.031,"Res_time":240.1,"Elevation":549,"Slope_100":0.76,"Wshd_area":1.8,"Pour_long":81.753232,"Pour_lat":19.145034,"source_id":"hydrolakes:1393029","label":""},"geometry":{"type":"Polygon","coordinates":[[[81.75922132704005,19.147096286350575],[81.75882554796027,19.14564982096431],[81.75899088541684,19.1435917833125],[81.75569959852447,19.143856201172753],[81.7554166666668,19.142916666667475],[81.75415635850715,19.143045247396685],[81.75387139214433,19.14368394639837],[81.7525222439238,19.144846191407055],[81.75223253038206,19.14612141927165],[81.75181979709225,19.146477050782153],[81.75384399414082,19.14631435818228],[81.75421373155399,19.146743570964304],[81.75555772569487,19.14723714192786],[81.75656168619827,19.146676974827244],[81.75862141927104,19.148878580729956],[81.75891899956633,19.149866943360166],[81.7607870822485,19.14930453830374],[81.75922132704005,19.147096286350575]]]}},{"type":"Feature","id":"hydrolakes:1393034","properties":{"Hylak_id":1393034,"Lake_name":"","Country":"India","Continent":"Asia","Poly_src":"SWBD","Lake_type":1,"Grand_id":0,"Lake_area":0.27,"Shore_len":2.45,"Shore_dev":1.34,"Vol_total":0.39,"Vol_res":0.0,"Vol_src":3,"Depth_avg":1.5,"Dis_avg":0.155,"Res_time":29.2,"Elevation":20,"Slope_100":0.36,"Wshd_area":11.8,"Pour_long":84.580035,"Pour_lat":19.142733,"source_id":"hydrolakes:1393034","label":""},"geometry":{"type":"Polygon","coordinates":[[[84.5816563585073,19.13973253038273],[84.5811382378476,19.13913099500951],[84.58051052517413,19.139181450738704],[84.58013888888934,19.138750000000925],[84.57806586371572,19.138896755643202],[84.57795572916723,19.1402679443367],[84.57840820312538,19.14318420410234],[84.57695475260482,19.145040215387155],[84.57798394097279,19.145517171224753],[84.57939073350752,19.143884209527698],[84.58179687500046,19.143569471571936],[84.5827674696186,19.141378580729963],[84.5838785807295,19.14088277181071],[84.58321940104207,19.14001770019621],[84.5816563585073,19.13973253038273]]]}},{"type":"Feature","id":"hydrolakes:1393037","properties":{"Hylak_id":1393037,"Lake_name":"","Country":"India","Continent":"Asia","Poly_src":"SWBD","Lake_type":1,"Grand_id":0,"Lake_area":0.16,"Shore_len":1.81,"Shore_dev":1.27,"Vol_total":0.47,"Vol_res":0.0,"Vol_src":3,"Depth_avg":2.9,"Dis_avg":0.058,"Res_time":94.5,"Elevation":367,"Slope_100":1.79,"Wshd_area":3.9,"Pour_long":81.382585,"Pour_lat":19.139961,"source_id":"hydrolakes:1393037","label":""},"geometry":{"type":"Polygon","coordinates":[[[81.38720689561637,19.141338636611067],[81.38681816948815,19.140519409180627],[81.38580485026063,19.140645480686544],[81.3859762912328,19.13926723904177],[81.38420301649313,19.138760240343743],[81.3837500000003,19.13819444444522],[81.38170396592915,19.138450385200485],[81.38198025173625,19.142090861003453],[81.38720689561637,19.141338636611067]]]}},{"type":"Feature","id":"hydrolakes:1393038","properties":{"Hylak_id":1393038,"Lake_name":"","Country":"India","Continent":"Asia","Poly_src":"SWBD","Lake_type":1,"Grand_id":0,"Lake_area":0.2,"Shore_len":2.53,"Shore_dev":1.61,"Vol_total":0.29,"Vol_res":0.0,"Vol_src":3,"Depth_avg":1.5,"Dis_avg":0.08,"Res_time":42.2,"Elevation":29,"Slope_100":0.41,"Wshd_area":6.1,"Pour_long":84.562838,"Pour_lat":19.137749,"source_id":"hydrolakes:1393038","label":""},"geometry":{"type":"Polygon","coordinates":[[[84.5601551649309,19.13733337402425],[84.56070638020873,19.136682061090255],[84.56335720486163,19.138317938911428],[84.5649061414934,19.135767550999105],[84.56402777777828,19.13458333333415],[84.56204155816022,19.134718085395775],[84.56168185763943,19.13557094997907],[84.55841254340334,19.135875311958216],[84.55902723524366,19.13858262803916],[84.56093153211845,19.140107489692696],[84.56165147569504,19.139767252604997],[84.5601551649309,19.13733337402425]]]}},{"type":"Feature","id":"hydrolakes:1393053","properties":{"Hylak_id":1393053,"Lake_name":"","Country":"India","Continent":"Asia","Poly_src":"SWBD","Lake_type":1,"Grand_id":0,"Lake_area":0.52,"Shore_len":5.04,"Shore_dev":1.98,"Vol_total":1.0,"Vol_res":0.0,"Vol_src":3,"Depth_avg":1.9,"Dis_avg":0.114,"Res_time":101.3,"Elevation":5,"Slope_100":0.54,"Wshd_area":8.7,"Pour_long":84.701963,"Pour_lat":19.12442,"source_id":"hydrolakes:1393053","label":""},"geometry":{"type":"Polygon","coordinates":[[[84.70029296875055,19.125293172201452],[84.70096896701426,19.12489590115092],[84.70247233072956,19.125082939996446],[84.70261718750038,19.12392096625524],[84.70001519097258,19.123595581055497],[84.70029296875055,19.123283420139728],[84.70163465711857,19.123450317383572],[84.7017442491325,19.12257005479671],[84.70112630208376,19.122206827800426],[84.69935980902835,19.12189941406342],[84.69886881510467,19.120734456381],[84.6982519531254,19.120240342882767],[84.69759114583377,19.11867228190181],[84.69597222222274,19.118194444445294],[84.69413248697953,19.118319227431414],[84.6922737630212,19.11944824218841],[84.69205620659773,19.121197713216986],[84.69280327691007,19.12222052680204],[84.69223741319485,19.123182712131893],[84.6929280598963,19.12340101454089],[84.69362358941015,19.12331448025259],[84.69412055121575,19.123935004341092],[84.69589843750055,19.124443291558975],[84.69658962673668,19.126084255643264],[84.6973844401046,19.12618306477941],[84.69887369791718,19.125540161133642],[84.70029296875055,19.125293172201452]],[[84.69753797743095,19.12385592990529],[84.69657172309076,19.120974527995543],[84.69546983506996,19.119693603516453],[84.69680555555601,19.119583333334276],[84.69806966145876,19.12300984700596],[84.69894042968804,19.12330668131591],[84.69884765625056,19.123605143230122],[84.69753797743095,19.12385592990529]]]}},{"type":"Feature","id":"hydrolakes:1393068","properties":{"Hylak_id":1393068,"Lake_name":"","Country":"India","Continent":"Asia","Poly_src":"SWBD","Lake_type":1,"Grand_id":0,"Lake_area":0.14,"Shore_len":1.63,"Shore_dev":1.21,"Vol_total":0.23,"Vol_res":0.0,"Vol_src":3,"Depth_avg":1.6,"Dis_avg":0.163,"Res_time":16.3,"Elevation":29,"Slope_100":0.53,"Wshd_area":12.4,"Pour_long":84.55771,"Pour_lat":19.110075,"source_id":"hydrolakes:1393068","label":""},"geometry":{"type":"Polygon","coordinates":[[[84.55703125000042,19.108447062175287],[84.55680555555602,19.10819444444536],[84.5558409288198,19.108492228190983],[84.55734809027808,19.11134887695391],[84.56047471788247,19.11304775661978],[84.56065321180591,19.11196153428898],[84.56021158854202,19.109595608182246],[84.55889648437534,19.108881089953],[84.55703125000042,19.108447062175287]]]}},{"type":"Feature","id":"hydrolakes:1393071","properties":{"Hylak_id":1393071,"Lake_name":"","Country":"India","Continent":"Asia","Poly_src":"SWBD","Lake_type":1,"Grand_id":0,"Lake_area":0.11,"Shore_len":1.71,"Shore_dev":1.46,"Vol_total":0.21,"Vol_res":0.0,"Vol_src":3,"Depth_avg":1.9,"Dis_avg":0.019,"Res_time":127.7,"Elevation":11,"Slope_100":0.84,"Wshd_area":1.4,"Pour_long":84.68642,"Pour_lat":19.106054,"source_id":"hydrolakes:1393071","label":""},"geometry":{"type":"Polygon","coordinates":[[[84.68597167968801,19.10444458007896],[84.68569444444495,19.104027777778583],[84.68502821180607,19.104193996854235],[84.68447319878533,19.10502536349901],[84.68586154513929,19.105805392795958],[84.68608289930597,19.107527940539],[84.68643554687549,19.108055555556348],[84.68586154513929,19.108915405274217],[84.68648003472259,19.10969428168488],[84.68774739583392,19.109425930447856],[84.68794704861153,19.108634304471252],[84.68741916232676,19.10740451388972],[84.68769965277812,19.10517991807808],[84.68697265625053,19.10469428168483],[84.68597167968801,19.10444458007896]]]}},{"type":"Feature","id":"hydrolakes:1393076","properties":{"Hylak_id":1393076,"Lake_name":"","Country":"India","Continent":"Asia","Poly_src":"SWBD","Lake_type":1,"Grand_id":0,"Lake_area":0.91,"Shore_len":4.71,"Shore_dev":1.39,"Vol_total":2.11,"Vol_res":0.0,"Vol_src":3,"Depth_avg":2.3,"Dis_avg":0.115,"Res_time":212.2,"Elevation":543,"Slope_100":0.65,"Wshd_area":6.1,"Pour_long":82.010399,"Pour_lat":19.097333,"source_id":"hydrolakes:1393076","label":""},"geometry":{"type":"Polygon","coordinates":[[[82.00618611653675,19.098966403538157],[82.01829454210099,19.098563096789007],[82.02068549262168,19.097725084093724],[82.02110582139773,19.096359320747467],[82.0182931857641,19.094494493273316],[82.01456814236127,19.093477851020793],[82.01430555555572,19.093194444445373],[82.01238199869817,19.09336208767445],[82.01169175889788,19.09554260253981],[82.01118679470517,19.096010335287417],[82.01016520182327,19.09396918402871],[82.00488199869807,19.09312791612507],[82.00412177191856,19.093948364258665],[82.003338623047,19.096475423177935],[82.00443617079014,19.098549533420965],[82.00618611653675,19.098966403538157]]]}},{"type":"Feature","id":"hydrolakes:1393079","properties":{"Hylak_id":1393079,"Lake_name":"","Country":"India","Continent":"Asia","Poly_src":"SWBD","Lake_type":1,"Grand_id":0,"Lake_area":0.29,"Shore_len":2.71,"Shore_dev":1.42,"Vol_total":0.45,"Vol_res":0.0,"Vol_src":3,"Depth_avg":1.5,"Dis_avg":0.003,"Res_time":1727.0,"Elevation":25,"Slope_100":0.41,"Wshd_area":0.2,"Pour_long":84.606344,"Pour_lat":19.094594,"source_id":"hydrolakes:1393079","label":""},"geometry":{"type":"Polygon","coordinates":[[[84.60708441840319,19.0974922010642],[84.60933539496574,19.096889309354083],[84.60834092881981,19.095330946181377],[84.60984863281288,19.094980197483494],[84.61054796006982,19.093881089953015],[84.61134928385468,19.093164876302865],[84.60986111111146,19.091805555556334],[84.60721462673666,19.092769978842114],[84.60660753038246,19.093371242947853],[84.60560112847264,19.09331122504426],[84.60435546875055,19.09364488389832],[84.6045024956602,19.096109551324616],[84.60275553385458,19.096435614692723],[84.60279242621567,19.097051188151852],[84.60547960069493,19.096891004775273],[84.60708441840319,19.0974922010642]]]}},{"type":"Feature","id":"hydrolakes:1393080","properties":{"Hylak_id":1393080,"Lake_name":"","Country":"India","Continent":"Asia","Poly_src":"SWBD","Lake_type":1,"Grand_id":0,"Lake_area":0.16,"Shore_len":2.03,"Shore_dev":1.45,"Vol_total":0.63,"Vol_res":0.0,"Vol_src":3,"Depth_avg":4.0,"Dis_avg":0.076,"Res_time":96.0,"Elevation":586,"Slope_100":3.59,"Wshd_area":4.3,"Pour_long":81.747441,"Pour_lat":19.093424,"source_id":"hydrolakes:1393080","label":""},"geometry":{"type":"Polygon","coordinates":[[[81.74462931315117,19.094207628038987],[81.7490228949656,19.094434136285656],[81.74938883463557,19.093163791233508],[81.74717759874159,19.09223253038266],[81.74582302517388,19.092489691841195],[81.74534437391509,19.093045247396674],[81.7449880642364,19.092787000868896],[81.74503160264783,19.09224595811719],[81.74458333333348,19.091527777778538],[81.74252780490468,19.09173746744881],[81.74245062934045,19.092698092991213],[81.74306586371546,19.093323025174357],[81.74369832356808,19.094989691841135],[81.74462931315117,19.094207628038987]]]}},{"type":"Feature","id":"hydrolakes:1393089","properties":{"Hylak_id":1393089,"Lake_name":"","Country":"India","Continent":"Asia","Poly_src":"SWBD","Lake_type":1,"Grand_id":0,"Lake_area":0.14,"Shore_len":1.52,"Shore_dev":1.15,"Vol_total":0.16,"Vol_res":0.0,"Vol_src":3,"Depth_avg":1.1,"Dis_avg":1.276,"Res_time":1.4,"Elevation":19,"Slope_100":0.27,"Wshd_area":98.0,"Pour_long":84.604536,"Pour_lat":19.083033,"source_id":"hydrolakes:1393089","label":""},"geometry":{"type":"Polygon","coordinates":[[[84.602672526042,19.08571472168046],[84.60447699652815,19.085621948242988],[84.60554470486153,19.084977891710878],[84.60662597656284,19.085137600369762],[84.60675347222275,19.084273342557253],[84.60529568142402,19.0830376519105],[84.60430555555604,19.082638888889733],[84.60152940538245,19.08342610677164],[84.60092881944507,19.084421657986923],[84.602672526042,19.08571472168046]]]}},{"type":"Feature","id":"hydrolakes:1393093","properties":{"Hylak_id":1393093,"Lake_name":"","Country":"India","Continent":"Asia","Poly_src":"SWBD","Lake_type":1,"Grand_id":0,"Lake_area":0.18,"Shore_len":1.76,"Shore_dev":1.17,"Vol_total":0.4,"Vol_res":0.0,"Vol_src":3,"Depth_avg":2.2,"Dis_avg":0.066,"Res_time":71.0,"Elevation":556,"Slope_100":1.02,"Wshd_area":3.4,"Pour_long":82.011988,"Pour_lat":19.079489,"source_id":"hydrolakes:1393093","label":""},"geometry":{"type":"Polygon","coordinates":[[[82.01387356228327,19.076682061090253],[82.01266072591164,19.07579610188884],[82.01210896809926,19.075864664714402],[82.01152777777799,19.07513888888974],[82.01060885959231,19.07529880099912],[82.00979668511297,19.078143039280405],[82.01209933810799,19.079984605578204],[82.01441704644128,19.07952636718835],[82.01449150933206,19.07892740885501],[82.0139169650609,19.07795003255302],[82.01493950737887,19.077131212023346],[82.01387356228327,19.076682061090253]]]}},{"type":"Feature","id":"hydrolakes:1393104","properties":{"Hylak_id":1393104,"Lake_name":"","Country":"India","Continent":"Asia","Poly_src":"SWBD","Lake_type":1,"Grand_id":0,"Lake_area":0.14,"Shore_len":1.89,"Shore_dev":1.43,"Vol_total":0.37,"Vol_res":0.0,"Vol_src":3,"Depth_avg":2.6,"Dis_avg":0.024,"Res_time":176.9,"Elevation":295,"Slope_100":1.51,"Wshd_area":2.0,"Pour_long":80.792277,"Pour_lat":19.071904,"source_id":"hydrolakes:1393104","label":""},"geometry":{"type":"Polygon","coordinates":[[[80.79262953016502,19.07206041124215],[80.79391432020412,19.070580986871448],[80.79402777777796,19.070138888889687],[80.79303012424049,19.070252346463633],[80.79268466525622,19.070752631294226],[80.79116699218775,19.070412394206528],[80.78974968804289,19.07162455240973],[80.79052890353745,19.07282111273946],[80.78914123535168,19.074419013130182],[80.7889143202043,19.07517144097301],[80.7902882215713,19.07553012424131],[80.79156032986117,19.074544203017297],[80.79262953016502,19.07206041124215]]]}},{"type":"Feature","id":"hydrolakes:1393116","properties":{"Hylak_id":1393116,"Lake_name":"","Country":"India","Continent":"Asia","Poly_src":"SWBD","Lake_type":1,"Grand_id":0,"Lake_area":0.1,"Shore_len":1.67,"Shore_dev":1.51,"Vol_total":0.18,"Vol_res":0.0,"Vol_src":3,"Depth_avg":1.8,"Dis_avg":0.199,"Res_time":10.4,"Elevation":63,"Slope_100":0.82,"Wshd_area":15.2,"Pour_long":84.487886,"Pour_lat":19.054422,"source_id":"hydrolakes:1393116","label":""},"geometry":{"type":"Polygon","coordinates":[[[84.48454942491378,19.054989691841115],[84.4859722222227,19.054195895725684],[84.48736111111157,19.054970770942646],[84.4884025065108,19.054389716255173],[84.48889512803873,19.053285725912303],[84.4903431532124,19.052639567058122],[84.49013888888925,19.052083333334167],[84.48775390625053,19.05228264702771],[84.48629394531287,19.053426106771667],[84.48438991970522,19.05334886339051],[84.48454942491378,19.054989691841115]]]}},{"type":"Feature","id":"hydrolakes:1393119","properties":{"Hylak_id":1393119,"Lake_name":"","Country":"India","Continent":"Asia","Poly_src":"SWBD","Lake_type":1,"Grand_id":0,"Lake_area":0.26,"Shore_len":4.26,"Shore_dev":2.38,"Vol_total":0.39,"Vol_res":0.0,"Vol_src":3,"Depth_avg":1.5,"Dis_avg":0.037,"Res_time":122.9,"Elevation":2,"Slope_100":0.42,"Wshd_area":2.8,"Pour_long":84.730208,"Pour_lat":19.050566,"source_id":"hydrolakes:1393119","label":""},"geometry":{"type":"Polygon","coordinates":[[[84.73221462673649,19.050825534397518],[84.73304796006988,19.050080973308127],[84.73139485677132,19.04980923122912],[84.72781955295193,19.05002237955813],[84.72736111111158,19.04958333333417],[84.72639648437553,19.049881117079792],[84.72712348090323,19.050799357097105],[84.72880805121576,19.051658867730794],[84.72886447482688,19.050563354492965],[84.73012207031292,19.05085171169793],[84.73062174479202,19.052469753690048],[84.73249240451446,19.052818874783895],[84.73222981770891,19.053341132270873],[84.73056315104208,19.054401109484274],[84.73154459635487,19.05499884711446],[84.73523057725743,19.055287407769924],[84.73769694010451,19.05804775661977],[84.73795138888926,19.056499565973013],[84.73610351562542,19.054730021159628],[84.73523220486146,19.053360527887094],[84.73332573784774,19.05306335449302],[84.73284450954901,19.05201490614229],[84.73136718750044,19.051671278212723],[84.73221462673649,19.050825534397518]]]}},{"type":"Feature","id":"hydrolakes:1393128","properties":{"Hylak_id":1393128,"Lake_name":"","Country":"India","Continent":"Asia","Poly_src":"SWBD","Lake_type":1,"Grand_id":0,"Lake_area":0.23,"Shore_len":2.27,"Shore_dev":1.32,"Vol_total":0.74,"Vol_res":0.0,"Vol_src":3,"Depth_avg":3.2,"Dis_avg":0.03,"Res_time":286.4,"Elevation":298,"Slope_100":1.94,"Wshd_area":2.4,"Pour_long":80.658801,"Pour_lat":19.045467,"source_id":"hydrolakes:1393128","label":""},"geometry":{"type":"Polygon","coordinates":[[[80.65442742241771,19.048620673286337],[80.65527920193165,19.04832912869],[80.65574089898018,19.048809746637062],[80.65795037163633,19.049262288412308],[80.65861945258251,19.048619452583296],[80.65919358995228,19.047435980903572],[80.66046284993496,19.04621656629854],[80.65888610839875,19.04528055826904],[80.65875000000017,19.044861111111913],[80.65691819932749,19.04499898274821],[80.65611389160176,19.045836113824635],[80.654390733507,19.04625617133331],[80.65278055826843,19.04938184950163],[80.6537613254124,19.049993760851578],[80.65442742241771,19.048620673286337]]]}},{"type":"Feature","id":"hydrolakes:1393136","properties":{"Hylak_id":1393136,"Lake_name":"","Country":"India","Continent":"Asia","Poly_src":"SWBD","Lake_type":1,"Grand_id":0,"Lake_area":0.17,"Shore_len":1.81,"Shore_dev":1.23,"Vol_total":0.25,"Vol_res":0.0,"Vol_src":3,"Depth_avg":1.5,"Dis_avg":0.058,"Res_time":50.4,"Elevation":41,"Slope_100":0.43,"Wshd_area":4.5,"Pour_long":84.559702,"Pour_lat":19.038232,"source_id":"hydrolakes:1393136","label":""},"geometry":{"type":"Polygon","coordinates":[[[84.56020779079915,19.038966539171952],[84.56109592013945,19.03745585123778],[84.56084852430598,19.034429050022652],[84.56013888888936,19.032916666667518],[84.55949110243097,19.033101942275152],[84.55918185763937,19.034182061090178],[84.55808213975735,19.034645385742976],[84.55780870225749,19.036844143338442],[84.55836100260478,19.037783338759425],[84.55751519097265,19.038460489909653],[84.5587320963545,19.03896023220568],[84.56020779079915,19.038966539171952]]]}},{"type":"Feature","id":"hydrolakes:1393150","properties":{"Hylak_id":1393150,"Lake_name":"","Country":"India","Continent":"Asia","Poly_src":"SWBD","Lake_type":1,"Grand_id":0,"Lake_area":0.15,"Shore_len":1.84,"Shore_dev":1.34,"Vol_total":0.36,"Vol_res":0.0,"Vol_src":3,"Depth_avg":2.4,"Dis_avg":0.127,"Res_time":32.4,"Elevation":573,"Slope_100":1.22,"Wshd_area":6.3,"Pour_long":81.970447,"Pour_lat":19.022284,"source_id":"hydrolakes:1393150","label":""},"geometry":{"type":"Polygon","coordinates":[[[81.97309000651092,19.018051689996526],[81.97291666666695,19.017638888889678],[81.97233493381123,19.017788221571948],[81.97108561197967,19.019696790907858],[81.97025268554711,19.02123392740964],[81.96981323242221,19.02319444444521],[81.97085883246558,19.02358567979678],[81.97193400065123,19.024419013130114],[81.97302110460083,19.02400193956248],[81.9725287543406,19.02180555555634],[81.97287122938388,19.02027777777863],[81.97267347547762,19.019395751953937],[81.97309000651092,19.018051689996526]]]}},{"type":"Feature","id":"hydrolakes:1393164","properties":{"Hylak_id":1393164,"Lake_name":"","Country":"India","Continent":"Asia","Poly_src":"SWBD","Lake_type":1,"Grand_id":0,"Lake_area":0.35,"Shore_len":3.16,"Shore_dev":1.5,"Vol_total":0.84,"Vol_res":0.0,"Vol_src":3,"Depth_avg":2.4,"Dis_avg":0.062,"Res_time":157.0,"Elevation":573,"Slope_100":0.92,"Wshd_area":3.0,"Pour_long":82.00625,"Pour_lat":19.008688,"source_id":"hydrolakes:1393164","label":""},"geometry":{"type":"Polygon","coordinates":[[[82.01164482964424,19.010144924588417],[82.01276746961827,19.00708794487923],[82.01223063151076,19.006654798720376],[82.01181532118085,19.00668823242262],[82.00994588216162,19.005854017470426],[82.0093055555559,19.0043055555563],[82.00863199869815,19.004885796441783],[82.00819498697928,19.00633755154155],[82.00600911458372,19.006935831706528],[82.00306586371556,19.007273220486923],[82.0045560709637,19.008214382596236],[82.00339735243085,19.00969387478375],[82.00414659288231,19.009754096137897],[82.00535224066863,19.008899197049402],[82.0070357259118,19.00916931152426],[82.00804782443589,19.0097340223532],[82.00841430664076,19.00970458984449],[82.00930664062525,19.010740356446092],[82.01045057508696,19.011378580729968],[82.01168796115479,19.010680881077235],[82.01164482964424,19.010144924588417]]]}},{"type":"Feature","id":"hydrolakes:1393166","properties":{"Hylak_id":1393166,"Lake_name":"","Country":"India","Continent":"Asia","Poly_src":"SWBD","Lake_type":1,"Grand_id":0,"Lake_area":0.33,"Shore_len":5.31,"Shore_dev":2.63,"Vol_total":0.51,"Vol_res":0.0,"Vol_src":3,"Depth_avg":1.6,"Dis_avg":0.077,"Res_time":76.4,"Elevation":3,"Slope_100":0.4,"Wshd_area":5.9,"Pour_long":84.711363,"Pour_lat":19.007664,"source_id":"hydrolakes:1393166","label":""},"geometry":{"type":"Polygon","coordinates":[[[84.71515625000052,19.017887301975634],[84.7130197482644,19.01695061577766],[84.7138758680561,19.016239352756827],[84.71310818142405,19.016034952800283],[84.7119775390629,19.016150241428818],[84.71001302083391,19.01521816677598],[84.71031358506985,19.01394917806067],[84.71195746527826,19.014431627062436],[84.71301540798646,19.01519327799565],[84.71432400173649,19.014106580947043],[84.71239746093806,19.011957261828],[84.71192165798647,19.012498711480816],[84.71271267361152,19.013598293729103],[84.71059136284765,19.01326700846431],[84.71033582899344,19.01076022678035],[84.71352213541701,19.00993197970996],[84.71125000000035,19.006527777778615],[84.71082845052138,19.00687791612495],[84.71055392795199,19.00871934678895],[84.70973470052138,19.010149807401035],[84.70945746527832,19.011401706272522],[84.7088661024311,19.01189297146351],[84.70954752604206,19.01715671115528],[84.71170518663246,19.017541164822887],[84.71162597656303,19.018315022787306],[84.71218912760469,19.018372463651133],[84.71319444444481,19.01779669867699],[84.71459418402833,19.018598293729042],[84.71515625000052,19.017887301975634]]]}},{"type":"Feature","id":"hydrolakes:1393191","properties":{"Hylak_id":1393191,"Lake_name":"","Country":"India","Continent":"Asia","Poly_src":"SWBD","Lake_type":1,"Grand_id":0,"Lake_area":0.12,"Shore_len":1.48,"Shore_dev":1.22,"Vol_total":0.23,"Vol_res":0.0,"Vol_src":3,"Depth_avg":2.0,"Dis_avg":0.027,"Res_time":99.7,"Elevation":32,"Slope_100":0.89,"Wshd_area":2.0,"Pour_long":84.56915,"Pour_lat":18.966002,"source_id":"hydrolakes:1393191","label":""},"geometry":{"type":"Polygon","coordinates":[[[84.5714078776046,18.965943196615456],[84.57097222222257,18.964861111111873],[84.56753092447968,18.96576178656761],[84.56746636284777,18.966198798286428],[84.56889865451444,18.967260470920905],[84.57072265625044,18.967977634006843],[84.57272515191028,18.96827351888095],[84.57284884982681,18.967437201606685],[84.5714078776046,18.965943196615456]]]}},{"type":"Feature","id":"hydrolakes:1393204","properties":{"Hylak_id":1393204,"Lake_name":"","Country":"India","Continent":"Asia","Poly_src":"SWBD","Lake_type":1,"Grand_id":0,"Lake_area":0.15,"Shore_len":1.66,"Shore_dev":1.22,"Vol_total":0.52,"Vol_res":0.0,"Vol_src":3,"Depth_avg":3.5,"Dis_avg":0.052,"Res_time":116.4,"Elevation":592,"Slope_100":2.77,"Wshd_area":2.4,"Pour_long":81.887793,"Pour_lat":18.949676,"source_id":"hydrolakes:1393204","label":""},"geometry":{"type":"Polygon","coordinates":[[[81.88723754882847,18.952793172201268],[81.88776462131102,18.951925523546777],[81.88855916341157,18.952024332683095],[81.88895480685784,18.95099494086446],[81.8884722222225,18.949305555556293],[81.886537543403,18.94943678114231],[81.88584865993948,18.950570949979067],[81.88491292317758,18.95083848741399],[81.88368652343775,18.952078857422634],[81.8850988769534,18.952797580295965],[81.88596042209241,18.953873494466905],[81.88640421549508,18.9536265055346],[81.88665134006095,18.953040161133572],[81.88723754882847,18.952793172201268]]]}},{"type":"Feature","id":"hydrolakes:1393205","properties":{"Hylak_id":1393205,"Lake_name":"","Country":"India","Continent":"Asia","Poly_src":"SWBD","Lake_type":1,"Grand_id":0,"Lake_area":0.44,"Shore_len":3.84,"Shore_dev":1.64,"Vol_total":1.77,"Vol_res":0.0,"Vol_src":3,"Depth_avg":4.0,"Dis_avg":0.486,"Res_time":42.1,"Elevation":81,"Slope_100":2.61,"Wshd_area":38.4,"Pour_long":84.438542,"Pour_lat":18.949708,"source_id":"hydrolakes:1393205","label":""},"geometry":{"type":"Polygon","coordinates":[[[84.43610541449692,18.952782321506845],[84.43611735026104,18.952483723959233],[84.43667182074688,18.952505696615503],[84.43693901909757,18.951661376953894],[84.43910101996573,18.950565931532935],[84.4404033745663,18.952582668729065],[84.44172715928852,18.953207329644897],[84.44436686197952,18.95243455674995],[84.44585259331643,18.951648356120643],[84.44638346354213,18.950018513998145],[84.43907796223999,18.94969963921517],[84.43677083333387,18.948478732639728],[84.43625000000037,18.947916666667425],[84.43452202691026,18.948031073677043],[84.43382703993092,18.950523817275098],[84.43390733506982,18.952547675239543],[84.43556559244831,18.95408399793922],[84.43666124131994,18.95383300781333],[84.43610541449692,18.952782321506845]]]}},{"type":"Feature","id":"hydrolakes:1393242","properties":{"Hylak_id":1393242,"Lake_name":"","Country":"India","Continent":"Asia","Poly_src":"SWBD","Lake_type":1,"Grand_id":0,"Lake_area":0.17,"Shore_len":1.75,"Shore_dev":1.18,"Vol_total":0.38,"Vol_res":0.0,"Vol_src":3,"Depth_avg":2.2,"Dis_avg":0.02,"Res_time":222.3,"Elevation":312,"Slope_100":0.99,"Wshd_area":1.6,"Pour_long":80.783796,"Pour_lat":18.903544,"source_id":"hydrolakes:1393242","label":""},"geometry":{"type":"Polygon","coordinates":[[[80.78390740288631,18.906195203993832],[80.7858057318794,18.906194051107548],[80.78585361056861,18.905809190538946],[80.7835832383899,18.902583482531156],[80.78263888888893,18.902083333334247],[80.78062676323788,18.902698160808143],[80.78017171223968,18.903472222223],[80.78057094997848,18.90415127224469],[80.78082200792113,18.905594143338533],[80.78223036024309,18.906135525174363],[80.78273464626744,18.90550577799553],[80.78390740288631,18.906195203993832]]]}},{"type":"Feature","id":"hydrolakes:1393264","properties":{"Hylak_id":1393264,"Lake_name":"","Country":"India","Continent":"Asia","Poly_src":"SWBD","Lake_type":1,"Grand_id":0,"Lake_area":0.1,"Shore_len":1.6,"Shore_dev":1.4,"Vol_total":0.39,"Vol_res":0.0,"Vol_src":3,"Depth_avg":3.8,"Dis_avg":0.283,"Res_time":16.0,"Elevation":112,"Slope_100":3.54,"Wshd_area":22.7,"Pour_long":84.379659,"Pour_lat":18.882116,"source_id":"hydrolakes:1393264","label":""},"geometry":{"type":"Polygon","coordinates":[[[84.37629313151092,18.883691880968627],[84.37693440755254,18.883314819336817],[84.37915418836843,18.883590901693594],[84.38042751736157,18.882000732422625],[84.38013888888946,18.881250000000875],[84.37776231553858,18.88137349446697],[84.37658284505255,18.881710408529443],[84.37612494574716,18.882796766493925],[84.37484537760463,18.882637600369833],[84.37418212890663,18.883235134549466],[84.37629313151092,18.883691880968627]]]}},{"type":"Feature","id":"hydrolakes:1393295","properties":{"Hylak_id":1393295,"Lake_name":"","Country":"India","Continent":"Asia","Poly_src":"SWBD","Lake_type":1,"Grand_id":0,"Lake_area":0.47,"Shore_len":3.24,"Shore_dev":1.33,"Vol_total":1.53,"Vol_res":0.0,"Vol_src":3,"Depth_avg":3.2,"Dis_avg":0.061,"Res_time":290.5,"Elevation":583,"Slope_100":1.6,"Wshd_area":2.6,"Pour_long":82.561842,"Pour_lat":18.853895,"source_id":"hydrolakes:1393295","label":""},"geometry":{"type":"Polygon","coordinates":[[[82.56388102213577,18.85361897786538],[82.56111897786485,18.85363715277856],[82.56221435546888,18.85834120008758],[82.56278564453163,18.85915879991404],[82.56311930338563,18.860239257813305],[82.56474826388921,18.86279880099903],[82.56361897786479,18.863807915582356],[82.5653816731774,18.86409776475773],[82.5663967556427,18.862230021159633],[82.56695556640642,18.860276150174343],[82.56633951822943,18.859142388238695],[82.56665879991351,18.85776991102506],[82.56759277343775,18.856259494358426],[82.56680121527819,18.85422553168479],[82.56388102213577,18.85361897786538]]]}},{"type":"Feature","id":"hydrolakes:1393317","properties":{"Hylak_id":1393317,"Lake_name":"","Country":"India","Continent":"Asia","Poly_src":"SWBD","Lake_type":1,"Grand_id":0,"Lake_area":0.27,"Shore_len":2.53,"Shore_dev":1.37,"Vol_total":0.73,"Vol_res":0.0,"Vol_src":3,"Depth_avg":2.7,"Dis_avg":3.566,"Res_time":2.4,"Elevation":121,"Slope_100":1.3,"Wshd_area":295.1,"Pour_long":83.590972,"Pour_lat":18.836803,"source_id":"hydrolakes:1393317","label":""},"geometry":{"type":"Polygon","coordinates":[[[83.59335693359401,18.83728773329068],[83.59263888888927,18.835972222222892],[83.59030083550385,18.83614122178909],[83.59019042968777,18.837992350261175],[83.59221435546903,18.840285644532116],[83.59340304904543,18.841041531033795],[83.59465196397599,18.843005235460907],[83.59575249566007,18.843603244358462],[83.5974845377608,18.842898491754283],[83.59755533854201,18.8417088487422],[83.59541422526075,18.840906168620734],[83.59494113498329,18.83887288411546],[83.59335693359401,18.83728773329068]]]}},{"type":"Feature","id":"hydrolakes:1393319","properties":{"Hylak_id":1393319,"Lake_name":"","Country":"India","Continent":"Asia","Poly_src":"SWBD","Lake_type":1,"Grand_id":0,"Lake_area":0.43,"Shore_len":3.75,"Shore_dev":1.61,"Vol_total":1.93,"Vol_res":0.0,"Vol_src":3,"Depth_avg":4.5,"Dis_avg":0.496,"Res_time":45.1,"Elevation":596,"Slope_100":3.23,"Wshd_area":20.9,"Pour_long":82.582532,"Pour_lat":18.836037,"source_id":"hydrolakes:1393319","label":""},"geometry":{"type":"Polygon","coordinates":[[[82.58412082248282,18.841663953993816],[82.58549235026078,18.839353569879393],[82.58762342664966,18.8398997667108],[82.58842990451421,18.839060601129347],[82.59006049262172,18.839900716146644],[82.59092475043423,18.83816419813462],[82.59039876302103,18.837502712674393],[82.58914496527814,18.83835272895044],[82.58734456380233,18.838315972222915],[82.58685655381976,18.837310248481742],[82.58583604600727,18.836647677952158],[82.58749728732658,18.834970160591013],[82.58541666666702,18.832916666667415],[82.58303575303853,18.83305881076484],[82.58304660373278,18.834738905165693],[82.58121907552118,18.835647243924427],[82.58223497178858,18.838661431207356],[82.58334743923632,18.839730224610207],[82.58332519531291,18.840810139974735],[82.58412082248282,18.841663953993816]]]}},{"type":"Feature","id":"hydrolakes:1393322","properties":{"Hylak_id":1393322,"Lake_name":"","Country":"India","Continent":"Asia","Poly_src":"SWBD","Lake_type":1,"Grand_id":0,"Lake_area":0.27,"Shore_len":2.26,"Shore_dev":1.23,"Vol_total":1.06,"Vol_res":0.0,"Vol_src":3,"Depth_avg":3.9,"Dis_avg":0.097,"Res_time":126.7,"Elevation":393,"Slope_100":2.84,"Wshd_area":5.9,"Pour_long":81.364169,"Pour_lat":18.835378,"source_id":"hydrolakes:1393322","label":""},"geometry":{"type":"Polygon","coordinates":[[[81.36580200195323,18.833916151259473],[81.36619520399319,18.833211398655294],[81.36569444444467,18.83208333333414],[81.36471191406264,18.832211914063237],[81.36445475260439,18.832510308160465],[81.36225056966174,18.83334676106864],[81.36095079210088,18.83324232313447],[81.36028808593761,18.833660481771574],[81.3613991970488,18.8341563585077],[81.36173434787344,18.834907497830613],[81.36121582031268,18.835836859809945],[81.36345933702268,18.838701443143236],[81.36477389865462,18.83859578450597],[81.36598578559045,18.83620225694534],[81.36580200195323,18.833916151259473]]]}},{"type":"Feature","id":"hydrolakes:1393391","properties":{"Hylak_id":1393391,"Lake_name":"","Country":"India","Continent":"Asia","Poly_src":"SWBD","Lake_type":1,"Grand_id":0,"Lake_area":0.3,"Shore_len":2.28,"Shore_dev":1.18,"Vol_total":0.54,"Vol_res":0.0,"Vol_src":3,"Depth_avg":1.8,"Dis_avg":0.566,"Res_time":11.0,"Elevation":126,"Slope_100":0.55,"Wshd_area":42.7,"Pour_long":80.548474,"Pour_lat":18.776922,"source_id":"hydrolakes:1393391","label":""},"geometry":{"type":"Polygon","coordinates":[[[80.54789852566199,18.773518608941743],[80.54763888888908,18.773194444445323],[80.54619225396084,18.773375379775132],[80.54602271185985,18.774738362630956],[80.54691365559898,18.77648980034803],[80.54787058512386,18.779838324653554],[80.549107835558,18.780742051867037],[80.55054016113286,18.7794291178393],[80.55219353569896,18.778424886068535],[80.55232740614161,18.777348632813244],[80.54789852566199,18.773518608941743]]]}},{"type":"Feature","id":"hydrolakes:1393396","properties":{"Hylak_id":1393396,"Lake_name":"","Country":"India","Continent":"Asia","Poly_src":"SWBD","Lake_type":1,"Grand_id":0,"Lake_area":0.13,"Shore_len":1.62,"Shore_dev":1.25,"Vol_total":0.56,"Vol_res":0.0,"Vol_src":3,"Depth_avg":4.2,"Dis_avg":0.046,"Res_time":140.5,"Elevation":916,"Slope_100":4.02,"Wshd_area":2.2,"Pour_long":82.882451,"Pour_lat":18.770026,"source_id":"hydrolakes:1393396","label":""},"geometry":{"type":"Polygon","coordinates":[[[82.88530002170165,18.770872260200406],[82.88692654079881,18.76961669921957],[82.8865028211809,18.769283854167554],[82.88393120659742,18.769663899740465],[82.88263888888923,18.769027777778547],[82.88171875000029,18.769283989801124],[82.8813267686636,18.771322835287208],[82.88233588324692,18.77193142361193],[82.88459879557314,18.772585584853232],[82.88530002170165,18.770872260200406]]]}},{"type":"Feature","id":"hydrolakes:1393402","properties":{"Hylak_id":1393402,"Lake_name":"","Country":"India","Continent":"Asia","Poly_src":"SWBD","Lake_type":1,"Grand_id":0,"Lake_area":0.1,"Shore_len":1.65,"Shore_dev":1.46,"Vol_total":0.24,"Vol_res":0.0,"Vol_src":3,"Depth_avg":2.3,"Dis_avg":0.013,"Res_time":209.3,"Elevation":320,"Slope_100":1.31,"Wshd_area":1.0,"Pour_long":80.949898,"Pour_lat":18.767269,"source_id":"hydrolakes:1393402","label":""},"geometry":{"type":"Polygon","coordinates":[[[80.9510601128473,18.76700439453208],[80.9521949598527,18.766913113065016],[80.9530317518446,18.767379964193424],[80.95306735568585,18.766936713325435],[80.95245456271715,18.765698106554737],[80.95117919921887,18.764599202474813],[80.95041666666674,18.763194444445162],[80.94996432834228,18.763584120009455],[80.94976752387157,18.767754720052892],[80.95118394639763,18.768545057509414],[80.9510601128473,18.76700439453208]]]}},{"type":"Feature","id":"hydrolakes:1393407","properties":{"Hylak_id":1393407,"Lake_name":"","Country":"India","Continent":"Asia","Poly_src":"SWBD","Lake_type":1,"Grand_id":0,"Lake_area":0.11,"Shore_len":1.63,"Shore_dev":1.37,"Vol_total":0.2,"Vol_res":0.0,"Vol_src":3,"Depth_avg":1.8,"Dis_avg":0.038,"Res_time":59.8,"Elevation":19,"Slope_100":0.71,"Wshd_area":3.0,"Pour_long":84.409289,"Pour_lat":18.76334,"source_id":"hydrolakes:1393407","label":""},"geometry":{"type":"Polygon","coordinates":[[[84.4130400933164,18.760015326606663],[84.41291666666706,18.75986111111189],[84.41260823567751,18.760108100044135],[84.41184895833368,18.761056043837527],[84.40977457682328,18.761930338542527],[84.40807101779552,18.76329440646782],[84.40867051866354,18.76430853949728],[84.41195990668444,18.763626437717846],[84.41221110026078,18.76218315972301],[84.4130400933164,18.760818006728243],[84.4135413953997,18.76041666666748],[84.4130400933164,18.760015326606663]]]}},{"type":"Feature","id":"hydrolakes:1393436","properties":{"Hylak_id":1393436,"Lake_name":"","Country":"India","Continent":"Asia","Poly_src":"SWBD","Lake_type":1,"Grand_id":0,"Lake_area":0.15,"Shore_len":1.77,"Shore_dev":1.29,"Vol_total":0.54,"Vol_res":0.0,"Vol_src":3,"Depth_avg":3.6,"Dis_avg":0.057,"Res_time":110.4,"Elevation":489,"Slope_100":2.91,"Wshd_area":3.0,"Pour_long":81.449052,"Pour_lat":18.736336,"source_id":"hydrolakes:1393436","label":""},"geometry":{"type":"Polygon","coordinates":[[[81.44564249674494,18.739319661459092],[81.4466867404517,18.738579237196916],[81.44886189778657,18.738664686415746],[81.44917561848973,18.73830050998339],[81.4499910481772,18.738366156684776],[81.45026746961815,18.738045247396656],[81.45136040581622,18.73771620008756],[81.45140082465292,18.737212320964318],[81.45026746961815,18.736954752605072],[81.44999945746548,18.735775146485196],[81.44930555555567,18.735138888889708],[81.44810072157128,18.735296495226578],[81.44725572374142,18.736024576823695],[81.44528808593765,18.738799641927983],[81.44564249674494,18.739319661459092]]]}},{"type":"Feature","id":"hydrolakes:1393480","properties":{"Hylak_id":1393480,"Lake_name":"","Country":"India","Continent":"Asia","Poly_src":"SWBD","Lake_type":1,"Grand_id":0,"Lake_area":0.33,"Shore_len":3.04,"Shore_dev":1.49,"Vol_total":1.36,"Vol_res":0.0,"Vol_src":3,"Depth_avg":4.1,"Dis_avg":0.564,"Res_time":27.9,"Elevation":872,"Slope_100":2.94,"Wshd_area":26.0,"Pour_long":82.821875,"Pour_lat":18.701058,"source_id":"hydrolakes:1393480","label":""},"geometry":{"type":"Polygon","coordinates":[[[82.82804524739612,18.695288085938216],[82.82791666666708,18.695138888889687],[82.8273339843754,18.695314398872256],[82.82611952039957,18.696723904080613],[82.82259602864605,18.698883599176156],[82.82086642795184,18.699199083117037],[82.81917697482669,18.70174112955806],[82.81998508029551,18.703323025174427],[82.82105088975715,18.702851155599717],[82.82339002821232,18.70076321072139],[82.8248966471358,18.70009087456691],[82.8263647460941,18.699050021702135],[82.8291248914935,18.698218994141428],[82.82959255642385,18.695639648438316],[82.82804524739612,18.695288085938216]]]}},{"type":"Feature","id":"hydrolakes:1393484","properties":{"Hylak_id":1393484,"Lake_name":"","Country":"India","Continent":"Asia","Poly_src":"SWBD","Lake_type":1,"Grand_id":0,"Lake_area":0.15,"Shore_len":1.61,"Shore_dev":1.19,"Vol_total":0.26,"Vol_res":0.0,"Vol_src":3,"Depth_avg":1.8,"Dis_avg":0.31,"Res_time":9.7,"Elevation":93,"Slope_100":0.67,"Wshd_area":18.3,"Pour_long":80.142594,"Pour_lat":18.698539,"source_id":"hydrolakes:1393484","label":""},"geometry":{"type":"Polygon","coordinates":[[[80.14195380316852,18.700369330512956],[80.14537477281357,18.697972547743802],[80.1448611111112,18.696805555556352],[80.1430477396649,18.69693657769176],[80.1397342258033,18.6985485839852],[80.13962934705967,18.70030815972308],[80.14195380316852,18.700369330512956]]]}},{"type":"Feature","id":"hydrolakes:1393489","properties":{"Hylak_id":1393489,"Lake_name":"","Country":"India","Continent":"Asia","Poly_src":"SWBD","Lake_type":1,"Grand_id":0,"Lake_area":0.15,"Shore_len":1.59,"Shore_dev":1.17,"Vol_total":0.21,"Vol_res":0.0,"Vol_src":3,"Depth_avg":1.4,"Dis_avg":0.239,"Res_time":10.0,"Elevation":17,"Slope_100":0.41,"Wshd_area":19.7,"Pour_long":84.376546,"Pour_lat":18.693592,"source_id":"hydrolakes:1393489","label":""},"geometry":{"type":"Polygon","coordinates":[[[84.37804009331632,18.69362643771774],[84.37791666666726,18.691527777778504],[84.37610541449703,18.691754286025173],[84.37498345269148,18.692652723525043],[84.37418212890663,18.69445977105113],[84.37341227213597,18.695513509115358],[84.37435872395889,18.69563123915009],[84.3776388888893,18.695153944228366],[84.37835883246578,18.69416829427155],[84.37804009331632,18.69362643771774]]]}},{"type":"Feature","id":"hydrolakes:1393493","properties":{"Hylak_id":1393493,"Lake_name":"","Country":"India","Continent":"Asia","Poly_src":"SWBD","Lake_type":1,"Grand_id":0,"Lake_area":0.19,"Shore_len":1.9,"Shore_dev":1.23,"Vol_total":0.7,"Vol_res":0.0,"Vol_src":3,"Depth_avg":3.7,"Dis_avg":0.084,"Res_time":96.5,"Elevation":297,"Slope_100":2.8,"Wshd_area":3.5,"Pour_long":81.771282,"Pour_lat":18.689883,"source_id":"hydrolakes:1393493","label":""},"geometry":{"type":"Polygon","coordinates":[[[81.77157755533904,18.687638888889694],[81.77125000000012,18.68680555555642],[81.76803765191016,18.687482096354927],[81.76698350694465,18.688485921224753],[81.76681640625014,18.68961629231842],[81.76887098524332,18.6905734592022],[81.77001790364613,18.69081542968837],[81.77040459526921,18.692204318577126],[81.77132514105921,18.691705457900127],[81.77225396050363,18.69055636935849],[81.77106241862009,18.688949245877495],[81.77157755533904,18.687638888889694]]]}},{"type":"Feature","id":"hydrolakes:1393508","properties":{"Hylak_id":1393508,"Lake_name":"","Country":"India","Continent":"Asia","Poly_src":"SWBD","Lake_type":1,"Grand_id":0,"Lake_area":0.15,"Shore_len":1.73,"Shore_dev":1.24,"Vol_total":0.23,"Vol_res":0.0,"Vol_src":3,"Depth_avg":1.5,"Dis_avg":0.295,"Res_time":9.1,"Elevation":70,"Slope_100":0.46,"Wshd_area":25.2,"Pour_long":83.629772,"Pour_lat":18.675861,"source_id":"hydrolakes:1393508","label":""},"geometry":{"type":"Polygon","coordinates":[[[83.63056342230931,18.675547688802794],[83.62986111111144,18.674583333334056],[83.62709933810811,18.67545654296947],[83.62544650607686,18.676656087240303],[83.62473008897604,18.67797458224902],[83.62509548611143,18.67887315538269],[83.62610324435792,18.67832546658059],[83.62893446180584,18.678030463325456],[83.629611273872,18.67655585395039],[83.63082546658012,18.675998670790705],[83.63056342230931,18.675547688802794]]]}},{"type":"Feature","id":"hydrolakes:1393545","properties":{"Hylak_id":1393545,"Lake_name":"","Country":"India","Continent":"Asia","Poly_src":"SWBD","Lake_type":1,"Grand_id":0,"Lake_area":0.13,"Shore_len":1.54,"Shore_dev":1.23,"Vol_total":0.19,"Vol_res":0.0,"Vol_src":3,"Depth_avg":1.6,"Dis_avg":0.079,"Res_time":28.4,"Elevation":23,"Slope_100":0.53,"Wshd_area":6.7,"Pour_long":84.272433,"Pour_lat":18.639672,"source_id":"hydrolakes:1393545","label":""},"geometry":{"type":"Polygon","coordinates":[[[84.27333062066003,18.638180881077176],[84.27263888888933,18.63708333333409],[84.27197265625045,18.637278781467728],[84.2711238606775,18.638760579427867],[84.27137613932342,18.640568440756113],[84.27204752604206,18.642352159288976],[84.27325385199697,18.643220350478146],[84.27374810112889,18.641904703776845],[84.27333062066003,18.638180881077176]]]}},{"type":"Feature","id":"hydrolakes:1393548","properties":{"Hylak_id":1393548,"Lake_name":"","Country":"India","Continent":"Asia","Poly_src":"SWBD","Lake_type":1,"Grand_id":0,"Lake_area":0.11,"Shore_len":1.42,"Shore_dev":1.23,"Vol_total":0.09,"Vol_res":0.0,"Vol_src":3,"Depth_avg":0.8,"Dis_avg":1.176,"Res_time":0.9,"Elevation":17,"Slope_100":0.15,"Wshd_area":101.5,"Pour_long":84.292698,"Pour_lat":18.636997,"source_id":"hydrolakes:1393548","label":""},"geometry":{"type":"Polygon","coordinates":[[[84.29276991102472,18.63639675564309],[84.29263888888926,18.636250000000757],[84.29169894748298,18.636540256077183],[84.29163113064277,18.63768161349907],[84.29227566189269,18.64027058919345],[84.2943191189242,18.641381022136272],[84.29386474609419,18.636899142795983],[84.29276991102472,18.63639675564309]]]}},{"type":"Feature","id":"hydrolakes:1393550","properties":{"Hylak_id":1393550,"Lake_name":"","Country":"India","Continent":"Asia","Poly_src":"SWBD","Lake_type":1,"Grand_id":0,"Lake_area":0.29,"Shore_len":2.73,"Shore_dev":1.43,"Vol_total":0.49,"Vol_res":0.0,"Vol_src":3,"Depth_avg":1.7,"Dis_avg":0.163,"Res_time":34.8,"Elevation":18,"Slope_100":0.49,"Wshd_area":13.4,"Pour_long":84.355978,"Pour_lat":18.635459,"source_id":"hydrolakes:1393550","label":""},"geometry":{"type":"Polygon","coordinates":[[[84.35527777777827,18.64033935546962],[84.3568958875872,18.640332166884548],[84.35720431857703,18.63887098524384],[84.3580376519102,18.63822781033059],[84.35747368706637,18.63772013346437],[84.35671305338587,18.637832438151804],[84.35635362413245,18.636917724610157],[84.35744628906298,18.63550184461883],[84.3591487630215,18.63480509440177],[84.35875081380249,18.634182671441806],[84.35680555555592,18.633472222223133],[84.3544623480908,18.634462348091006],[84.35266927083387,18.634766981337577],[84.35210015191024,18.6357105848532],[84.35279568142397,18.63664876302164],[84.35309244791722,18.63771430121608],[84.35486192491356,18.638359917535524],[84.3545846896705,18.640236952040766],[84.35527777777827,18.64033935546962]]]}},{"type":"Feature","id":"hydrolakes:1393555","properties":{"Hylak_id":1393555,"Lake_name":"","Country":"India","Continent":"Asia","Poly_src":"SWBD","Lake_type":1,"Grand_id":0,"Lake_area":0.65,"Shore_len":3.37,"Shore_dev":1.18,"Vol_total":2.21,"Vol_res":0.0,"Vol_src":3,"Depth_avg":3.4,"Dis_avg":0.394,"Res_time":64.9,"Elevation":58,"Slope_100":1.61,"Wshd_area":34.2,"Pour_long":84.121253,"Pour_lat":18.628682,"source_id":"hydrolakes:1393555","label":""},"geometry":{"type":"Polygon","coordinates":[[[84.11632351345526,18.63258341471436],[84.11847222222286,18.63241075303904],[84.12172254774345,18.632671847874178],[84.12330647786507,18.631307373047605],[84.12340304904552,18.63010335286532],[84.12177707248316,18.628394504124003],[84.11902777777817,18.627361111111895],[84.11471191406292,18.628045247396585],[84.11320963541715,18.62877522786539],[84.11114474826428,18.630554470486913],[84.11106499566023,18.63154622395905],[84.11211886935797,18.632769504123985],[84.11425645616384,18.63453762478389],[84.11584364149343,18.6341769748272],[84.11632351345526,18.63258341471436]]]}},{"type":"Feature","id":"hydrolakes:1393560","properties":{"Hylak_id":1393560,"Lake_name":"","Country":"India","Continent":"Asia","Poly_src":"SWBD","Lake_type":1,"Grand_id":0,"Lake_area":0.12,"Shore_len":1.79,"Shore_dev":1.46,"Vol_total":0.24,"Vol_res":0.0,"Vol_src":3,"Depth_avg":2.0,"Dis_avg":0.061,"Res_time":45.3,"Elevation":89,"Slope_100":0.92,"Wshd_area":5.1,"Pour_long":83.471526,"Pour_lat":18.625812,"source_id":"hydrolakes:1393560","label":""},"geometry":{"type":"Polygon","coordinates":[[[83.46918185763917,18.627107611762938],[83.47066514756972,18.62632283528734],[83.47186821831644,18.62674438476637],[83.47360568576426,18.626330566406978],[83.47208333333361,18.62263888888964],[83.47140245225722,18.622854546441772],[83.47143473307335,18.624626736111907],[83.46806260850741,18.626068793403704],[83.46804551866347,18.626506212023287],[83.46918185763917,18.627107611762938]]]}},{"type":"Feature","id":"hydrolakes:1393564","properties":{"Hylak_id":1393564,"Lake_name":"","Country":"India","Continent":"Asia","Poly_src":"SWBD","Lake_type":1,"Grand_id":0,"Lake_area":0.34,"Shore_len":2.91,"Shore_dev":1.4,"Vol_total":1.31,"Vol_res":0.0,"Vol_src":3,"Depth_avg":3.8,"Dis_avg":0.344,"Res_time":44.2,"Elevation":48,"Slope_100":2.52,"Wshd_area":30.1,"Pour_long":84.04637,"Pour_lat":18.623177,"source_id":"hydrolakes:1393564","label":""},"geometry":{"type":"Polygon","coordinates":[[[84.04315266927131,18.620690782336],[84.04291666666705,18.620416666667495],[84.0420863172746,18.620666639540673],[84.04278808593796,18.621656358507664],[84.04307020399358,18.624116617839263],[84.0437950303824,18.624957953559772],[84.04474636501789,18.625553927952126],[84.04362141927123,18.626523166233483],[84.045428602431,18.62798136393303],[84.04830946180607,18.628769802518093],[84.04830186631983,18.62780151367258],[84.0493001302089,18.626201714410513],[84.04686713324702,18.625267876519843],[84.04705620659774,18.622915581598022],[84.04654188368085,18.621207139757814],[84.04315266927131,18.620690782336]]]}},{"type":"Feature","id":"hydrolakes:1393565","properties":{"Hylak_id":1393565,"Lake_name":"","Country":"India","Continent":"Asia","Poly_src":"SWBD","Lake_type":1,"Grand_id":0,"Lake_area":0.17,"Shore_len":1.9,"Shore_dev":1.3,"Vol_total":0.24,"Vol_res":0.0,"Vol_src":3,"Depth_avg":1.4,"Dis_avg":0.005,"Res_time":556.9,"Elevation":13,"Slope_100":0.4,"Wshd_area":0.4,"Pour_long":84.294327,"Pour_lat":18.623331,"source_id":"hydrolakes:1393565","label":""},"geometry":{"type":"Polygon","coordinates":[[[84.29674235026096,18.6230799696188],[84.29730929904548,18.62211561415012],[84.29708333333366,18.62152777777851],[84.29242214626782,18.622473008898282],[84.2919599066845,18.6230944824228],[84.29389594184062,18.624644775391403],[84.29588623046936,18.624991183811574],[84.29586100260462,18.62619411892439],[84.29726562500042,18.626019287110182],[84.29776231553865,18.625127088759484],[84.29674235026096,18.6230799696188]]]}},{"type":"Feature","id":"hydrolakes:1393582","properties":{"Hylak_id":1393582,"Lake_name":"","Country":"India","Continent":"Asia","Poly_src":"SWBD","Lake_type":1,"Grand_id":0,"Lake_area":0.22,"Shore_len":1.97,"Shore_dev":1.19,"Vol_total":0.35,"Vol_res":0.0,"Vol_src":3,"Depth_avg":1.6,"Dis_avg":1.414,"Res_time":2.8,"Elevation":8,"Slope_100":0.46,"Wshd_area":122.4,"Pour_long":84.305874,"Pour_lat":18.610241,"source_id":"hydrolakes:1393582","label":""},"geometry":{"type":"Polygon","coordinates":[[[84.30618760850729,18.61315307617258],[84.30820203993107,18.60835801866392],[84.30736111111156,18.607916666667393],[84.30581054687548,18.60803263346429],[84.30476047092048,18.60883449978371],[84.30256374783022,18.60941406250072],[84.30190348307337,18.61027872721428],[84.30280056423658,18.61136596679762],[84.30311469184068,18.612179768880935],[84.30446180555595,18.611913655599665],[84.30539523654562,18.612996419271553],[84.30618760850729,18.61315307617258]]]}},{"type":"Feature","id":"hydrolakes:1393586","properties":{"Hylak_id":1393586,"Lake_name":"","Country":"India","Continent":"Asia","Poly_src":"SWBD","Lake_type":1,"Grand_id":0,"Lake_area":0.44,"Shore_len":2.95,"Shore_dev":1.26,"Vol_total":1.0,"Vol_res":0.0,"Vol_src":3,"Depth_avg":2.3,"Dis_avg":0.26,"Res_time":44.5,"Elevation":85,"Slope_100":0.79,"Wshd_area":21.8,"Pour_long":83.467122,"Pour_lat":18.609638,"source_id":"hydrolakes:1393586","label":""},"geometry":{"type":"Polygon","coordinates":[[[83.46624810112877,18.612378607856613],[83.46715603298645,18.611135796441772],[83.46801242404541,18.60813639322987],[83.46763888888938,18.60597222222293],[83.46627387152813,18.606105414497335],[83.46494818793434,18.606884765625807],[83.46226453993097,18.607840847439945],[83.46057535807319,18.60990112304762],[83.46025634765653,18.61065823025251],[83.45836018880266,18.611589898004183],[83.45828531901088,18.612192382813305],[83.4604245334204,18.612678358290736],[83.46165879991344,18.61220391167609],[83.46442464192734,18.611885036893057],[83.46512722439269,18.612762451172614],[83.46624810112877,18.612378607856613]]]}},{"type":"Feature","id":"hydrolakes:1393587","properties":{"Hylak_id":1393587,"Lake_name":"","Country":"India","Continent":"Asia","Poly_src":"SWBD","Lake_type":1,"Grand_id":0,"Lake_area":0.14,"Shore_len":1.51,"Shore_dev":1.13,"Vol_total":0.51,"Vol_res":0.0,"Vol_src":3,"Depth_avg":3.6,"Dis_avg":0.243,"Res_time":24.5,"Elevation":39,"Slope_100":2.95,"Wshd_area":21.0,"Pour_long":84.168744,"Pour_lat":18.604999,"source_id":"hydrolakes:1393587","label":""},"geometry":{"type":"Polygon","coordinates":[[[84.16943169487882,18.603068440755976],[84.16832058376775,18.60304267035673],[84.16558024088573,18.604341634115315],[84.16543701171918,18.60574530707538],[84.16626085069475,18.60621717665009],[84.17082058376769,18.60550903320393],[84.17044677734418,18.603911675348],[84.16943169487882,18.603068440755976]]]}},{"type":"Feature","id":"hydrolakes:1393593","properties":{"Hylak_id":1393593,"Lake_name":"","Country":"India","Continent":"Asia","Poly_src":"SWBD","Lake_type":1,"Grand_id":0,"Lake_area":0.35,"Shore_len":2.46,"Shore_dev":1.17,"Vol_total":0.76,"Vol_res":0.0,"Vol_src":3,"Depth_avg":2.2,"Dis_avg":0.565,"Res_time":15.6,"Elevation":74,"Slope_100":0.78,"Wshd_area":47.6,"Pour_long":83.497575,"Pour_lat":18.601916,"source_id":"hydrolakes:1393593","label":""},"geometry":{"type":"Polygon","coordinates":[[[83.50039062500042,18.599016248915746],[83.49986111111144,18.597638888889605],[83.49804009331632,18.597762451172628],[83.49695990668448,18.59862643771777],[83.49594075520872,18.599055853950404],[83.4951410590283,18.600150824653554],[83.49529676649337,18.601403401693517],[83.49386447482698,18.601713324653588],[83.49356553819484,18.60411553276981],[83.4944401041671,18.604629584419115],[83.49816134982677,18.60408799913273],[83.4994466145838,18.602328559028535],[83.4997767469622,18.60006062825596],[83.50039062500042,18.599016248915746]]]}},{"type":"Feature","id":"hydrolakes:1393605","properties":{"Hylak_id":1393605,"Lake_name":"","Country":"India","Continent":"Asia","Poly_src":"SWBD","Lake_type":1,"Grand_id":0,"Lake_area":0.21,"Shore_len":2.01,"Shore_dev":1.22,"Vol_total":0.4,"Vol_res":0.0,"Vol_src":3,"Depth_avg":1.9,"Dis_avg":0.075,"Res_time":61.6,"Elevation":16,"Slope_100":0.66,"Wshd_area":6.3,"Pour_long":84.258501,"Pour_lat":18.592047,"source_id":"hydrolakes:1393605","label":""},"geometry":{"type":"Polygon","coordinates":[[[84.26053656684076,18.58897515191046],[84.26013888888923,18.587916666667468],[84.25945719401074,18.58834621853373],[84.25716471354212,18.588639458551143],[84.25530436197954,18.590990397136125],[84.25516737196244,18.592333984375728],[84.25708062066013,18.59470933702329],[84.25791205512184,18.593763563368725],[84.25972764756989,18.58964721679763],[84.26053656684076,18.58897515191046]]]}},{"type":"Feature","id":"hydrolakes:1393613","properties":{"Hylak_id":1393613,"Lake_name":"","Country":"India","Continent":"Asia","Poly_src":"SWBD","Lake_type":1,"Grand_id":0,"Lake_area":0.21,"Shore_len":1.91,"Shore_dev":1.18,"Vol_total":0.5,"Vol_res":0.0,"Vol_src":3,"Depth_avg":2.4,"Dis_avg":0.022,"Res_time":264.4,"Elevation":115,"Slope_100":1.1,"Wshd_area":1.8,"Pour_long":83.366963,"Pour_lat":18.583628,"source_id":"hydrolakes:1393613","label":""},"geometry":{"type":"Polygon","coordinates":[[[83.36865722656279,18.580365939670912],[83.36819444444484,18.57930555555629],[83.36666124131972,18.5794391547318],[83.36417236328151,18.5800986056866],[83.36483805338582,18.58263888888962],[83.3642230902783,18.584985758464313],[83.3657503255211,18.585046251086],[83.36738878038238,18.583528238933184],[83.36805013020859,18.582216932509425],[83.36860405815997,18.58170369466228],[83.36865722656279,18.580365939670912]]]}},{"type":"Feature","id":"hydrolakes:1393634","properties":{"Hylak_id":1393634,"Lake_name":"","Country":"India","Continent":"Asia","Poly_src":"SWBD","Lake_type":1,"Grand_id":0,"Lake_area":0.83,"Shore_len":4.34,"Shore_dev":1.35,"Vol_total":0.9,"Vol_res":0.0,"Vol_src":3,"Depth_avg":1.1,"Dis_avg":3.13,"Res_time":3.3,"Elevation":3,"Slope_100":0.14,"Wshd_area":273.7,"Pour_long":84.325253,"Pour_lat":18.559138,"source_id":"hydrolakes:1393634","label":""},"geometry":{"type":"Polygon","coordinates":[[[84.32248453776083,18.560540228950344],[84.32466145833365,18.560223388672796],[84.32560112847273,18.559671088325388],[84.32531684027816,18.557387017144833],[84.32668972439268,18.557914632162294],[84.32720675998297,18.557150200738704],[84.32609564887218,18.556681993273287],[84.32563991970522,18.556112738716024],[84.32457166883728,18.55584865994001],[84.32390435112893,18.556681993273287],[84.3234052191844,18.556929117839275],[84.3213796657991,18.556150580512963],[84.3190196397573,18.55563991970564],[84.31859130859425,18.554623345269874],[84.3176388888894,18.553750000000832],[84.31686469184064,18.55388468424553],[84.31581787109428,18.554984673394813],[84.31556939019134,18.555574544271565],[84.31526692708383,18.55553697374222],[84.31445990668436,18.55612643771775],[84.3129616970491,18.556680365669138],[84.31191351996569,18.557988959419106],[84.31227701822951,18.559916042752548],[84.31461886935813,18.560585666233408],[84.31522406684076,18.56051038954064],[84.31751546224007,18.56137356228379],[84.31887207031298,18.562171088325442],[84.32143364800385,18.561852484809776],[84.32248453776083,18.560540228950344]]]}},{"type":"Feature","id":"hydrolakes:1393638","properties":{"Hylak_id":1393638,"Lake_name":"","Country":"India","Continent":"Asia","Poly_src":"SWBD","Lake_type":1,"Grand_id":0,"Lake_area":0.25,"Shore_len":2.28,"Shore_dev":1.29,"Vol_total":0.58,"Vol_res":0.0,"Vol_src":3,"Depth_avg":2.4,"Dis_avg":0.256,"Res_time":26.3,"Elevation":253,"Slope_100":1.01,"Wshd_area":10.0,"Pour_long":82.207231,"Pour_lat":18.549042,"source_id":"hydrolakes:1393638","label":""},"geometry":{"type":"Polygon","coordinates":[[[82.2134590657555,18.55270439995735],[82.21400349934908,18.55180202908059],[82.21245619032135,18.55105604383772],[82.2116582573787,18.551173909505962],[82.21136637369813,18.54979098849907],[82.20931532118084,18.549042697483344],[82.20875000000018,18.547638888889594],[82.2072547743058,18.54805528428892],[82.20612901475715,18.549448242188305],[82.2064527723528,18.550953369141382],[82.20796237521716,18.551864013672628],[82.20993001302105,18.55265407986184],[82.21112196180576,18.55247789171085],[82.21204996744808,18.55303765191053],[82.2134590657555,18.55270439995735]]]}},{"type":"Feature","id":"hydrolakes:1393677","properties":{"Hylak_id":1393677,"Lake_name":"","Country":"India","Continent":"Asia","Poly_src":"SWBD","Lake_type":1,"Grand_id":0,"Lake_area":0.16,"Shore_len":1.65,"Shore_dev":1.17,"Vol_total":0.3,"Vol_res":0.0,"Vol_src":3,"Depth_avg":1.9,"Dis_avg":0.187,"Res_time":18.4,"Elevation":145,"Slope_100":0.74,"Wshd_area":12.8,"Pour_long":80.022696,"Pour_lat":18.514602,"source_id":"hydrolakes:1393677","label":""},"geometry":{"type":"Polygon","coordinates":[[[80.02464896308061,18.51474650065188],[80.02481887393537,18.513079562717905],[80.0206964959039,18.51331013997475],[80.02013888888888,18.512638888889626],[80.01945729149719,18.513205023872274],[80.0197763358222,18.514789903429744],[80.0216783269247,18.51637600368997],[80.0236956490412,18.5160710991762],[80.02464896308061,18.51474650065188]]]}},{"type":"Feature","id":"hydrolakes:1393679","properties":{"Hylak_id":1393679,"Lake_name":"","Country":"India","Continent":"Asia","Poly_src":"SWBD","Lake_type":1,"Grand_id":0,"Lake_area":0.15,"Shore_len":1.75,"Shore_dev":1.28,"Vol_total":0.27,"Vol_res":0.0,"Vol_src":3,"Depth_avg":1.8,"Dis_avg":0.023,"Res_time":136.7,"Elevation":104,"Slope_100":0.69,"Wshd_area":2.0,"Pour_long":83.418048,"Pour_lat":18.513735,"source_id":"hydrolakes:1393679","label":""},"geometry":{"type":"Polygon","coordinates":[[[83.41461669921904,18.51524970160665],[83.4155501302086,18.514700927735134],[83.41737277560816,18.515221354167522],[83.41942898220515,18.51397230360317],[83.41889295789969,18.512552625868807],[83.41616997612874,18.51289143880291],[83.41513888888926,18.511527777778497],[83.41390435112879,18.511742621528583],[83.41417263454895,18.514695231120527],[83.41461669921904,18.51524970160665]]]}},{"type":"Feature","id":"hydrolakes:1393682","properties":{"Hylak_id":1393682,"Lake_name":"","Country":"India","Continent":"Asia","Poly_src":"SWBD","Lake_type":1,"Grand_id":0,"Lake_area":0.21,"Shore_len":2.07,"Shore_dev":1.28,"Vol_total":0.31,"Vol_res":0.0,"Vol_src":3,"Depth_avg":1.5,"Dis_avg":4.606,"Res_time":0.8,"Elevation":1,"Slope_100":0.41,"Wshd_area":404.5,"Pour_long":84.263034,"Pour_lat":18.511777,"source_id":"hydrolakes:1393682","label":""},"geometry":{"type":"Polygon","coordinates":[[[84.26249457465326,18.51056084526988],[84.26125000000042,18.50902777777867],[84.25980523003506,18.50922526041751],[84.26032172309078,18.511929389106683],[84.2622854275179,18.51470825195389],[84.26638346354218,18.514397515191718],[84.26609185112898,18.513836398655428],[84.26249457465326,18.51056084526988]]]}},{"type":"Feature","id":"hydrolakes:1393683","properties":{"Hylak_id":1393683,"Lake_name":"","Country":"India","Continent":"Asia","Poly_src":"SWBD","Lake_type":1,"Grand_id":0,"Lake_area":0.17,"Shore_len":3.12,"Shore_dev":2.13,"Vol_total":0.21,"Vol_res":0.0,"Vol_src":3,"Depth_avg":1.3,"Dis_avg":4.606,"Res_time":0.5,"Elevation":2,"Slope_100":0.31,"Wshd_area":404.5,"Pour_long":84.265625,"Pour_lat":18.511957,"source_id":"hydrolakes:1393683","label":""},"geometry":{"type":"Polygon","coordinates":[[[84.26389295789988,18.509099527995545],[84.26267876519142,18.507526177301088],[84.26031656901074,18.506366644966022],[84.25958333333392,18.505416666667486],[84.25879801432336,18.505635308160436],[84.25897325303868,18.50682142469691],[84.25737928602467,18.507473822700376],[84.25612901475728,18.50843885633759],[84.25677029079901,18.508673502604893],[84.25935980902813,18.508073459202194],[84.26214328342047,18.50833224826465],[84.26511366102471,18.512410617405294],[84.26661322699704,18.513000081380994],[84.26669759114617,18.5124289279521],[84.26414876302118,18.510017903646542],[84.26389295789988,18.509099527995545]]]}},{"type":"Feature","id":"hydrolakes:1393702","properties":{"Hylak_id":1393702,"Lake_name":"","Country":"India","Continent":"Asia","Poly_src":"SWBD","Lake_type":1,"Grand_id":0,"Lake_area":0.16,"Shore_len":1.75,"Shore_dev":1.24,"Vol_total":0.27,"Vol_res":0.0,"Vol_src":3,"Depth_avg":1.7,"Dis_avg":0.032,"Res_time":97.7,"Elevation":23,"Slope_100":0.61,"Wshd_area":2.8,"Pour_long":84.009096,"Pour_lat":18.494587,"source_id":"hydrolakes:1393702","label":""},"geometry":{"type":"Polygon","coordinates":[[[84.00943901909773,18.493338623047578],[84.00611653645876,18.493355577257717],[84.00832953559058,18.495799153646544],[84.0086816406253,18.496911214193517],[84.01028320312531,18.497216932509446],[84.01133300781288,18.49777248806504],[84.01148139105936,18.496451958551177],[84.01108751085104,18.493980577257673],[84.00943901909773,18.493338623047578]]]}},{"type":"Feature","id":"hydrolakes:1393718","properties":{"Hylak_id":1393718,"Lake_name":"","Country":"India","Continent":"Asia","Poly_src":"SWBD","Lake_type":1,"Grand_id":0,"Lake_area":0.21,"Shore_len":2.4,"Shore_dev":1.48,"Vol_total":0.6,"Vol_res":0.0,"Vol_src":3,"Depth_avg":2.9,"Dis_avg":0.089,"Res_time":78.7,"Elevation":271,"Slope_100":1.6,"Wshd_area":3.9,"Pour_long":81.594108,"Pour_lat":18.476743,"source_id":"hydrolakes:1393718","label":""},"geometry":{"type":"Polygon","coordinates":[[[81.59567830403665,18.478142089844482],[81.59501695421011,18.477572292752484],[81.59496853298623,18.476970079210957],[81.59626071506096,18.476495632596198],[81.5968778483076,18.47721191406322],[81.59719292534749,18.476158854167466],[81.59584364149339,18.474156358507855],[81.59430555555565,18.4731944444452],[81.59360080295187,18.47332302517441],[81.59251030816006,18.47584364149384],[81.59195475260447,18.476322292752457],[81.59256700303837,18.47782823350775],[81.59384372287337,18.477725558811528],[81.59418348524315,18.478334554037247],[81.59334364149333,18.479518907335773],[81.59415839301226,18.480267469618752],[81.59480604383708,18.479705539280303],[81.59567830403665,18.478142089844482]]]}},{"type":"Feature","id":"hydrolakes:1393722","properties":{"Hylak_id":1393722,"Lake_name":"","Country":"India","Continent":"Asia","Poly_src":"SWBD","Lake_type":1,"Grand_id":0,"Lake_area":0.21,"Shore_len":1.95,"Shore_dev":1.2,"Vol_total":0.44,"Vol_res":0.0,"Vol_src":3,"Depth_avg":2.1,"Dis_avg":0.171,"Res_time":29.9,"Elevation":54,"Slope_100":0.85,"Wshd_area":16.1,"Pour_long":83.680903,"Pour_lat":18.472959,"source_id":"hydrolakes:1393722","label":""},"geometry":{"type":"Polygon","coordinates":[[[83.68053765191019,18.470295681424375],[83.68013888888919,18.46958333333413],[83.67914876302132,18.469704318577158],[83.67726616753504,18.470397406684754],[83.6771465386289,18.471206054688253],[83.67864908854193,18.472104627821977],[83.67853000217053,18.472909478082386],[83.67967936197965,18.474398464627484],[83.68112901475723,18.474704318577096],[83.68204996744839,18.47525987413269],[83.6825179036461,18.47474012586889],[83.68322862413243,18.4730940755216],[83.6817879231777,18.471982150608426],[83.68053765191019,18.470295681424375]]]}},{"type":"Feature","id":"hydrolakes:1393757","properties":{"Hylak_id":1393757,"Lake_name":"","Country":"India","Continent":"Asia","Poly_src":"SWBD","Lake_type":1,"Grand_id":0,"Lake_area":0.12,"Shore_len":1.59,"Shore_dev":1.29,"Vol_total":0.19,"Vol_res":0.0,"Vol_src":3,"Depth_avg":1.6,"Dis_avg":0.059,"Res_time":37.1,"Elevation":11,"Slope_100":0.55,"Wshd_area":4.9,"Pour_long":84.157161,"Pour_lat":18.4249,"source_id":"hydrolakes:1393757","label":""},"geometry":{"type":"Polygon","coordinates":[[[84.16001790364635,18.425017903646562],[84.16013888888938,18.423750000000723],[84.15887098524337,18.423870985243752],[84.1577525499136,18.424700249566683],[84.1544623480907,18.42525919596426],[84.15490587022623,18.425835096572087],[84.15612901475743,18.426093207466067],[84.15750379774346,18.427204318577083],[84.15918945312552,18.42691351996598],[84.16001790364635,18.425017903646562]]]}},{"type":"Feature","id":"hydrolakes:1393759","properties":{"Hylak_id":1393759,"Lake_name":"","Country":"India","Continent":"Asia","Poly_src":"SWBD","Lake_type":1,"Grand_id":0,"Lake_area":0.15,"Shore_len":1.88,"Shore_dev":1.38,"Vol_total":0.18,"Vol_res":0.0,"Vol_src":3,"Depth_avg":1.2,"Dis_avg":0.017,"Res_time":120.9,"Elevation":37,"Slope_100":0.3,"Wshd_area":1.6,"Pour_long":83.746944,"Pour_lat":18.424042,"source_id":"hydrolakes:1393759","label":""},"geometry":{"type":"Polygon","coordinates":[[[83.74762098524332,18.423217366537187],[83.74513888888924,18.42263888888965],[83.74106011284749,18.42283772786533],[83.74112223307321,18.42360907660668],[83.74505750868087,18.424444037544106],[83.74610215928863,18.425656738281987],[83.74802842881991,18.42550198025259],[83.74832302517399,18.423822292752618],[83.74762098524332,18.423217366537187]]]}},{"type":"Feature","id":"hydrolakes:1393778","properties":{"Hylak_id":1393778,"Lake_name":"","Country":"India","Continent":"Asia","Poly_src":"SWBD","Lake_type":1,"Grand_id":0,"Lake_area":0.12,"Shore_len":1.54,"Shore_dev":1.24,"Vol_total":0.21,"Vol_res":0.0,"Vol_src":3,"Depth_avg":1.7,"Dis_avg":0.12,"Res_time":20.3,"Elevation":15,"Slope_100":0.65,"Wshd_area":10.4,"Pour_long":84.05634,"Pour_lat":18.409709,"source_id":"hydrolakes:1393778","label":""},"geometry":{"type":"Polygon","coordinates":[[[84.05854248046904,18.40918755425423],[84.05791666666704,18.408194444445144],[84.05538519965313,18.408970675999058],[84.05344428168434,18.408920084636236],[84.053068305122,18.410474039714245],[84.05542046441002,18.41089314778725],[84.05867974175396,18.410533718533713],[84.05854248046904,18.40918755425423]]]}},{"type":"Feature","id":"hydrolakes:1393787","properties":{"Hylak_id":1393787,"Lake_name":"","Country":"India","Continent":"Asia","Poly_src":"SWBD","Lake_type":1,"Grand_id":0,"Lake_area":0.16,"Shore_len":1.61,"Shore_dev":1.13,"Vol_total":0.5,"Vol_res":0.0,"Vol_src":3,"Depth_avg":3.1,"Dis_avg":0.17,"Res_time":34.1,"Elevation":115,"Slope_100":2.07,"Wshd_area":12.0,"Pour_long":80.285821,"Pour_lat":18.401189,"source_id":"hydrolakes:1393787","label":""},"geometry":{"type":"Polygon","coordinates":[[[80.28477813720724,18.403328043620547],[80.28555063883465,18.402494303386106],[80.28756022135423,18.401626654731615],[80.28832804361986,18.400418023004192],[80.28597222222226,18.39819444444521],[80.28470747205961,18.398316243490285],[80.28414069281683,18.398927951389624],[80.28414801703582,18.402831353082377],[80.28477813720724,18.403328043620547]]]}},{"type":"Feature","id":"hydrolakes:1393800","properties":{"Hylak_id":1393800,"Lake_name":"","Country":"India","Continent":"Asia","Poly_src":"SWBD","Lake_type":1,"Grand_id":0,"Lake_area":0.36,"Shore_len":3.17,"Shore_dev":1.48,"Vol_total":0.64,"Vol_res":0.0,"Vol_src":3,"Depth_avg":1.8,"Dis_avg":0.068,"Res_time":109.0,"Elevation":27,"Slope_100":0.49,"Wshd_area":6.7,"Pour_long":83.780553,"Pour_lat":18.389906,"source_id":"hydrolakes:1393800","label":""},"geometry":{"type":"Polygon","coordinates":[[[83.7808178710942,18.39220689561722],[83.78176622178847,18.39180731879418],[83.78230360243089,18.393687337240294],[83.78317247178853,18.393579237196946],[83.78299940321216,18.392188178169135],[83.78230034722259,18.390369059245586],[83.77986111111159,18.386527777778554],[83.77921305338589,18.386713053386188],[83.77890435112897,18.38779310438457],[83.7779351128475,18.38911987304772],[83.7773114691845,18.38834120008761],[83.77645019531286,18.388070882162197],[83.77557101779547,18.3893726942282],[83.77701551649335,18.39067884657186],[83.77669731987896,18.393996446398262],[83.77752278645869,18.394657389323754],[83.7808178710942,18.39220689561722]]]}},{"type":"Feature","id":"hydrolakes:1393874","properties":{"Hylak_id":1393874,"Lake_name":"","Country":"India","Continent":"Asia","Poly_src":"SWBD","Lake_type":1,"Grand_id":0,"Lake_area":0.52,"Shore_len":4.72,"Shore_dev":1.85,"Vol_total":1.18,"Vol_res":0.0,"Vol_src":3,"Depth_avg":2.3,"Dis_avg":0.151,"Res_time":90.6,"Elevation":69,"Slope_100":0.75,"Wshd_area":10.6,"Pour_long":80.458844,"Pour_lat":18.324611,"source_id":"hydrolakes:1393874","label":""},"geometry":{"type":"Polygon","coordinates":[[[80.4530583360463,18.335018988716058],[80.45389417860252,18.334436035156955],[80.45527455647795,18.33446424696251],[80.45530826144756,18.33281155056494],[80.45438758002393,18.331598171658698],[80.45499721950966,18.329719509549307],[80.45829657660596,18.32822048611183],[80.45860833062102,18.32694173177157],[80.45998999701624,18.325230034723006],[80.45875000000007,18.324027777778667],[80.45595353868276,18.324465874566727],[80.45444166395401,18.327497287327105],[80.4541694471572,18.32889160156327],[80.45333611382387,18.329724934896603],[80.45240091959641,18.33017876519176],[80.45185648600284,18.331300862630997],[80.45106753879128,18.331683620877527],[80.44916944715715,18.333581271702144],[80.44978919135207,18.33555284288269],[80.45102803548201,18.33490193684969],[80.45165293375669,18.333613823785356],[80.45195288764131,18.333891330296012],[80.45190263536256,18.336354709202112],[80.45358120388471,18.3372195095493],[80.45416388617639,18.33618720160672],[80.4530583360463,18.335018988716058]]]}},{"type":"Feature","id":"hydrolakes:1393877","properties":{"Hylak_id":1393877,"Lake_name":"","Country":"India","Continent":"Asia","Poly_src":"SWBD","Lake_type":1,"Grand_id":0,"Lake_area":0.23,"Shore_len":1.91,"Shore_dev":1.14,"Vol_total":0.57,"Vol_res":0.0,"Vol_src":3,"Depth_avg":2.5,"Dis_avg":0.064,"Res_time":102.6,"Elevation":143,"Slope_100":1.19,"Wshd_area":4.9,"Pour_long":80.180208,"Pour_lat":18.321781,"source_id":"hydrolakes:1393877","label":""},"geometry":{"type":"Polygon","coordinates":[[[80.18304019504131,18.319181993273332],[80.18291666666687,18.319027777778615],[80.18127743191201,18.31915893554759],[80.17989920722113,18.31996921115524],[80.17812676323797,18.3204759385859],[80.1775153605144,18.32151597764829],[80.17804019504149,18.32195977105107],[80.18091339111345,18.32297919379414],[80.18290393405528,18.323226725261122],[80.18362647162564,18.32223754882881],[80.18470145331497,18.31988199869869],[80.18304019504131,18.319181993273332]]]}},{"type":"Feature","id":"hydrolakes:1393878","properties":{"Hylak_id":1393878,"Lake_name":"","Country":"India","Continent":"Asia","Poly_src":"SWBD","Lake_type":1,"Grand_id":0,"Lake_area":0.2,"Shore_len":2.15,"Shore_dev":1.37,"Vol_total":0.52,"Vol_res":0.0,"Vol_src":3,"Depth_avg":2.6,"Dis_avg":0.099,"Res_time":60.6,"Elevation":68,"Slope_100":1.39,"Wshd_area":6.7,"Pour_long":80.491331,"Pour_lat":18.319985,"source_id":"hydrolakes:1393878","label":""},"geometry":{"type":"Polygon","coordinates":[[[80.49473507351365,18.31637600368998],[80.49402777777783,18.315416666667375],[80.49320343017598,18.31565863715349],[80.49210276285811,18.317187906901722],[80.49031694200306,18.32169908311704],[80.49019209120019,18.32292412651981],[80.49075208875888,18.323598225912235],[80.49189676920582,18.322822265625746],[80.4933679877389,18.31942993164131],[80.49498714870913,18.317488335504265],[80.49473507351365,18.31637600368998]]]}},{"type":"Feature","id":"hydrolakes:1393910","properties":{"Hylak_id":1393910,"Lake_name":"","Country":"India","Continent":"Asia","Poly_src":"SWBD","Lake_type":1,"Grand_id":0,"Lake_area":0.25,"Shore_len":2.64,"Shore_dev":1.48,"Vol_total":0.41,"Vol_res":0.0,"Vol_src":3,"Depth_avg":1.6,"Dis_avg":0.045,"Res_time":105.7,"Elevation":66,"Slope_100":0.46,"Wshd_area":3.1,"Pour_long":80.498603,"Pour_lat":18.29212,"source_id":"hydrolakes:1393910","label":""},"geometry":{"type":"Polygon","coordinates":[[[80.50638108995253,18.28611897786527],[80.50501814100488,18.286137017144938],[80.5038449774849,18.28667548285665],[80.50278557671442,18.288341200087586],[80.49824612087679,18.290955674913903],[80.49695224338114,18.29211168077336],[80.49831112331816,18.292769911025005],[80.50188442654098,18.291949055990358],[80.5044215901695,18.289109429254324],[80.50646436903213,18.28751614040874],[80.50638108995253,18.28611897786527]]]}},{"type":"Feature","id":"hydrolakes:1393913","properties":{"Hylak_id":1393913,"Lake_name":"","Country":"India","Continent":"Asia","Poly_src":"SWBD","Lake_type":1,"Grand_id":0,"Lake_area":0.13,"Shore_len":1.85,"Shore_dev":1.44,"Vol_total":0.22,"Vol_res":0.0,"Vol_src":3,"Depth_avg":1.7,"Dis_avg":0.015,"Res_time":167.1,"Elevation":66,"Slope_100":0.59,"Wshd_area":1.0,"Pour_long":80.514322,"Pour_lat":18.287041,"source_id":"hydrolakes:1393913","label":""},"geometry":{"type":"Polygon","coordinates":[[[80.51332553439693,18.286396755643125],[80.51028557671464,18.286432291667438],[80.51091952853739,18.2873689778653],[80.51249220106348,18.288341200087586],[80.51528557671446,18.28860324435834],[80.51735989040822,18.289158799913935],[80.51804775661913,18.28873521592959],[80.51753150092242,18.287928331163982],[80.51526997884139,18.287230088976457],[80.51476555718324,18.286665445964275],[80.51332553439693,18.286396755643125]]]}},{"type":"Feature","id":"hydrolakes:1393920","properties":{"Hylak_id":1393920,"Lake_name":"","Country":"India","Continent":"Asia","Poly_src":"SWBD","Lake_type":1,"Grand_id":0,"Lake_area":0.17,"Shore_len":1.72,"Shore_dev":1.19,"Vol_total":0.43,"Vol_res":0.0,"Vol_src":3,"Depth_avg":2.6,"Dis_avg":0.103,"Res_time":48.4,"Elevation":195,"Slope_100":1.43,"Wshd_area":4.3,"Pour_long":82.079347,"Pour_lat":18.284634,"source_id":"hydrolakes:1393920","label":""},"geometry":{"type":"Polygon","coordinates":[[[82.07970770941864,18.284517822266366],[82.07875000000047,18.2831944444452],[82.07678453233541,18.283403591580566],[82.07638319227465,18.284162055122238],[82.07611640082479,18.287227511936464],[82.07566541883699,18.288514133030276],[82.07687893337692,18.289156222874055],[82.07837687174515,18.28721245659807],[82.07970770941864,18.284517822266366]]]}},{"type":"Feature","id":"hydrolakes:1393925","properties":{"Hylak_id":1393925,"Lake_name":"","Country":"India","Continent":"Asia","Poly_src":"SWBD","Lake_type":1,"Grand_id":0,"Lake_area":0.73,"Shore_len":3.67,"Shore_dev":1.21,"Vol_total":2.01,"Vol_res":0.0,"Vol_src":3,"Depth_avg":2.8,"Dis_avg":1.566,"Res_time":14.9,"Elevation":62,"Slope_100":1.0,"Wshd_area":156.1,"Pour_long":83.480208,"Pour_lat":18.282318,"source_id":"hydrolakes:1393925","label":""},"geometry":{"type":"Polygon","coordinates":[[[83.49054904513935,18.2886375596795],[83.49056125217055,18.288328586155217],[83.48982530381971,18.2872592502178],[83.49055013020882,18.285889214410474],[83.48961941189265,18.284708387587557],[83.48425482855936,18.282127278646612],[83.48151719835101,18.28126057942785],[83.48125000000061,18.280972222223],[83.48003228081626,18.281357828776777],[83.47748372395864,18.283040093316686],[83.47830810546901,18.284718017578825],[83.48086751302128,18.28583713107713],[83.48269992404562,18.287748887804526],[83.48443983289957,18.288616807726385],[83.48536105685793,18.28858032226634],[83.48798692491357,18.28908162434965],[83.48859754774344,18.289740532769883],[83.49054904513935,18.2886375596795]]]}},{"type":"Feature","id":"hydrolakes:1393928","properties":{"Hylak_id":1393928,"Lake_name":"","Country":"India","Continent":"Asia","Poly_src":"SWBD","Lake_type":1,"Grand_id":0,"Lake_area":0.11,"Shore_len":1.45,"Shore_dev":1.23,"Vol_total":0.19,"Vol_res":0.0,"Vol_src":3,"Depth_avg":1.7,"Dis_avg":0.007,"Res_time":317.0,"Elevation":9,"Slope_100":0.7,"Wshd_area":0.6,"Pour_long":84.052235,"Pour_lat":18.279742,"source_id":"hydrolakes:1393928","label":""},"geometry":{"type":"Polygon","coordinates":[[[84.05137342664972,18.277237548828964],[84.05125000000038,18.277083333334133],[84.05001546224014,18.277298177084106],[84.05031521267415,18.279248046875807],[84.05225206163226,18.280326199002502],[84.05526231553864,18.2799496799052],[84.05382839626782,18.278520100912203],[84.05202745225745,18.277761230469537],[84.05137342664972,18.277237548828964]]]}},{"type":"Feature","id":"hydrolakes:1393944","properties":{"Hylak_id":1393944,"Lake_name":"","Country":"India","Continent":"Asia","Poly_src":"SWBD","Lake_type":1,"Grand_id":0,"Lake_area":0.18,"Shore_len":2.17,"Shore_dev":1.43,"Vol_total":0.45,"Vol_res":0.0,"Vol_src":3,"Depth_avg":2.5,"Dis_avg":3.535,"Res_time":1.5,"Elevation":62,"Slope_100":1.24,"Wshd_area":230.4,"Pour_long":80.56875,"Pour_lat":18.264219,"source_id":"hydrolakes:1393944","label":""},"geometry":{"type":"Polygon","coordinates":[[[80.57445224338113,18.264174533421],[80.57458333333335,18.261805555556236],[80.57110331217456,18.2619365776917],[80.57028557671458,18.263341200087552],[80.5678081597224,18.263631320530294],[80.56640733506953,18.264274359809747],[80.56637742784318,18.264775797526738],[80.57103502061648,18.26505343967102],[80.57215786404095,18.26444322374215],[80.57445224338113,18.264174533421]]]}},{"type":"Feature","id":"hydrolakes:1393980","properties":{"Hylak_id":1393980,"Lake_name":"","Country":"India","Continent":"Asia","Poly_src":"SWBD","Lake_type":1,"Grand_id":0,"Lake_area":0.28,"Shore_len":2.81,"Shore_dev":1.51,"Vol_total":0.69,"Vol_res":0.0,"Vol_src":3,"Depth_avg":2.5,"Dis_avg":0.035,"Res_time":229.3,"Elevation":60,"Slope_100":1.11,"Wshd_area":2.2,"Pour_long":80.613423,"Pour_lat":18.235338,"source_id":"hydrolakes:1393980","label":""},"geometry":{"type":"Polygon","coordinates":[[[80.61890530056434,18.231388346355004],[80.61847222222241,18.230694444445135],[80.61664157443602,18.230933973524998],[80.61107964409729,18.235521918403492],[80.6088991970488,18.236887613933106],[80.60958353678387,18.237684326172598],[80.61072828504786,18.238323025174395],[80.61230061848983,18.23805419921956],[80.61437296549485,18.236268853082322],[80.61584065755216,18.233623860677767],[80.61721191406275,18.23248969184101],[80.61850863986552,18.23209920247467],[80.61890530056434,18.231388346355004]]]}},{"type":"Feature","id":"hydrolakes:1393994","properties":{"Hylak_id":1393994,"Lake_name":"","Country":"India","Continent":"Asia","Poly_src":"SWBD","Lake_type":1,"Grand_id":0,"Lake_area":0.14,"Shore_len":2.05,"Shore_dev":1.54,"Vol_total":0.44,"Vol_res":0.0,"Vol_src":3,"Depth_avg":3.1,"Dis_avg":0.022,"Res_time":231.1,"Elevation":172,"Slope_100":2.13,"Wshd_area":1.0,"Pour_long":81.483897,"Pour_lat":18.220252,"source_id":"hydrolakes:1393994","label":""},"geometry":{"type":"Polygon","coordinates":[[[81.4846993001305,18.22168958875949],[81.4844441731774,18.21980604383748],[81.48263888888914,18.219305555556446],[81.4810881890192,18.219421522353116],[81.4800229220923,18.220300699870563],[81.47863403320343,18.22057915581678],[81.478914388021,18.221921522353114],[81.47997707790813,18.221475830078816],[81.48039510091178,18.220892469618946],[81.48163126627622,18.220648193360148],[81.48240695529546,18.221204155816736],[81.48275485568604,18.222522922092764],[81.48498589409746,18.22331041124204],[81.48509195963555,18.22264512803895],[81.4846993001305,18.22168958875949]]]}},{"type":"Feature","id":"hydrolakes:1394004","properties":{"Hylak_id":1394004,"Lake_name":"","Country":"India","Continent":"Asia","Poly_src":"SWBD","Lake_type":1,"Grand_id":0,"Lake_area":0.24,"Shore_len":2.62,"Shore_dev":1.5,"Vol_total":0.45,"Vol_res":0.0,"Vol_src":3,"Depth_avg":1.8,"Dis_avg":5.681,"Res_time":0.9,"Elevation":168,"Slope_100":0.61,"Wshd_area":240.3,"Pour_long":82.02771,"Pour_lat":18.211267,"source_id":"hydrolakes:1394004","label":""},"geometry":{"type":"Polygon","coordinates":[[[82.03008300781272,18.213026123047655],[82.03076673719642,18.212232530382778],[82.03217312282999,18.212921413846175],[82.03248969184045,18.212211914063175],[82.03330769856802,18.211846923828773],[82.03336737738738,18.211104329427826],[82.03155734592042,18.21082858615523],[82.03084364149333,18.209549424914087],[82.03110080295158,18.2091563585077],[82.0322144911026,18.20859931098164],[82.03303995768272,18.208665635851446],[82.03263888888921,18.20763888888979],[82.03193413628503,18.20776746961883],[82.02778808593774,18.210010308160463],[82.02676825629356,18.210317382813344],[82.02625311957513,18.211719970703825],[82.02704616970516,18.212640380860137],[82.02954020182301,18.21332302517436],[82.03008300781272,18.213026123047655]]]}},{"type":"Feature","id":"hydrolakes:1394037","properties":{"Hylak_id":1394037,"Lake_name":"","Country":"India","Continent":"Asia","Poly_src":"SWBD","Lake_type":1,"Grand_id":0,"Lake_area":0.23,"Shore_len":1.97,"Shore_dev":1.15,"Vol_total":0.85,"Vol_res":0.0,"Vol_src":3,"Depth_avg":3.6,"Dis_avg":0.036,"Res_time":273.8,"Elevation":103,"Slope_100":2.55,"Wshd_area":2.2,"Pour_long":80.713425,"Pour_lat":18.182472,"source_id":"hydrolakes:1394037","label":""},"geometry":{"type":"Polygon","coordinates":[[[80.7149377441408,18.181939154731594],[80.71458333333362,18.181527777778513],[80.71251410590298,18.18167426215348],[80.71037828233545,18.183207872179594],[80.7097325303821,18.186168484158657],[80.7105568440756,18.186402587891394],[80.71350701226152,18.18582234700591],[80.71397861056863,18.184765353733383],[80.71534498426655,18.1843539767803],[80.71620171440998,18.182319742839297],[80.7149377441408,18.181939154731594]]]}},{"type":"Feature","id":"hydrolakes:1394056","properties":{"Hylak_id":1394056,"Lake_name":"","Country":"India","Continent":"Asia","Poly_src":"SWBD","Lake_type":1,"Grand_id":0,"Lake_area":0.18,"Shore_len":1.92,"Shore_dev":1.28,"Vol_total":0.39,"Vol_res":0.0,"Vol_src":3,"Depth_avg":2.2,"Dis_avg":0.032,"Res_time":141.7,"Elevation":97,"Slope_100":0.95,"Wshd_area":2.2,"Pour_long":80.538843,"Pour_lat":18.169235,"source_id":"hydrolakes:1394056","label":""},"geometry":{"type":"Polygon","coordinates":[[[80.53972500271288,18.17028049045217],[80.54033881293407,18.1682230631518],[80.54013888888898,18.167638888889655],[80.53814602322086,18.16776543511361],[80.5377223036025,18.169071180556273],[80.53623748779302,18.169791531033695],[80.53505408393022,18.169181857639614],[80.53444722493509,18.17015679253541],[80.53597100151916,18.172439236111813],[80.53669657389327,18.17277506510493],[80.53972500271288,18.17028049045217]]]}},{"type":"Feature","id":"hydrolakes:1394074","properties":{"Hylak_id":1394074,"Lake_name":"","Country":"India","Continent":"Asia","Poly_src":"SWBD","Lake_type":1,"Grand_id":0,"Lake_area":0.16,"Shore_len":1.78,"Shore_dev":1.26,"Vol_total":0.35,"Vol_res":0.0,"Vol_src":3,"Depth_avg":2.2,"Dis_avg":0.254,"Res_time":15.9,"Elevation":211,"Slope_100":1.0,"Wshd_area":21.6,"Pour_long":80.004686,"Pour_lat":18.151323,"source_id":"hydrolakes:1394074","label":""},"geometry":{"type":"Polygon","coordinates":[[[80.00524710973116,18.15163167317786],[80.00535450405545,18.150295138889646],[80.00474227057578,18.150245903863606],[80.00353658888076,18.151100802952158],[80.00262173970555,18.15079494900243],[80.00208333333353,18.149861111111875],[80.00167197121527,18.150215521919222],[80.00109933005439,18.151658935547573],[80.0008436626859,18.153343641493734],[80.00044003168745,18.154067111545828],[80.0014409022861,18.15477674696251],[80.00294046401979,18.154325222439923],[80.00524710973116,18.15163167317786]]]}},{"type":"Feature","id":"hydrolakes:1394105","properties":{"Hylak_id":1394105,"Lake_name":"","Country":"India","Continent":"Asia","Poly_src":"SWBD","Lake_type":1,"Grand_id":0,"Lake_area":0.29,"Shore_len":2.2,"Shore_dev":1.14,"Vol_total":0.79,"Vol_res":0.0,"Vol_src":3,"Depth_avg":2.7,"Dis_avg":0.075,"Res_time":122.2,"Elevation":55,"Slope_100":1.27,"Wshd_area":7.8,"Pour_long":83.405827,"Pour_lat":18.111154,"source_id":"hydrolakes:1394105","label":""},"geometry":{"type":"Polygon","coordinates":[[[83.40148817274348,18.114026014540684],[83.40776746961853,18.113576795790607],[83.40749104817752,18.11001885308235],[83.40236111111136,18.10930555555626],[83.40161078559055,18.10944240993996],[83.40173366970532,18.11097222222287],[83.40148817274348,18.114026014540684]]]}},{"type":"Feature","id":"hydrolakes:1394127","properties":{"Hylak_id":1394127,"Lake_name":"","Country":"India","Continent":"Asia","Poly_src":"SWBD","Lake_type":1,"Grand_id":0,"Lake_area":0.21,"Shore_len":1.9,"Shore_dev":1.16,"Vol_total":0.51,"Vol_res":0.0,"Vol_src":3,"Depth_avg":2.4,"Dis_avg":0.142,"Res_time":41.6,"Elevation":47,"Slope_100":1.13,"Wshd_area":14.7,"Pour_long":83.365965,"Pour_lat":18.088701,"source_id":"hydrolakes:1394127","label":""},"geometry":{"type":"Polygon","coordinates":[[[83.37080837673648,18.090056423611884],[83.37135959201413,18.08799845377672],[83.36958794487884,18.086871880426145],[83.36847222222247,18.085416666667527],[83.36799560546905,18.08556382921074],[83.36473008897593,18.08908569336012],[83.36528184678855,18.089460313585732],[83.36904188368084,18.090032280816672],[83.37080837673648,18.090056423611884]]]}},{"type":"Feature","id":"hydrolakes:1394141","properties":{"Hylak_id":1394141,"Lake_name":"","Country":"India","Continent":"Asia","Poly_src":"SWBD","Lake_type":1,"Grand_id":0,"Lake_area":0.62,"Shore_len":4.44,"Shore_dev":1.6,"Vol_total":2.0,"Vol_res":0.0,"Vol_src":3,"Depth_avg":3.2,"Dis_avg":0.25,"Res_time":92.7,"Elevation":120,"Slope_100":1.49,"Wshd_area":12.9,"Pour_long":81.398518,"Pour_lat":18.069929,"source_id":"hydrolakes:1394141","label":""},"geometry":{"type":"Polygon","coordinates":[[[81.3986008029517,18.07721191406324],[81.39916314019109,18.076727294922648],[81.40041666666679,18.07761610243125],[81.40151000976579,18.076840955947034],[81.40316053602476,18.077489691841095],[81.4042289225265,18.076893581814943],[81.40534383138049,18.076983235677744],[81.40582302517385,18.07632229275248],[81.40382080078155,18.074597303603127],[81.40392035590298,18.073358968099626],[81.4060564507381,18.07303344726637],[81.40637858072932,18.071817355686505],[81.40350070529541,18.070772162544074],[81.40221191406266,18.069454752604884],[81.40154324001747,18.068141004775043],[81.39986111111119,18.067638888889633],[81.39812839084232,18.06942694770032],[81.39748969184052,18.06971191406336],[81.39691311306439,18.07113837348163],[81.39696451822925,18.07177707248337],[81.40024427625877,18.074025065104877],[81.40054524739605,18.074925537110005],[81.399578450521,18.076288926867107],[81.3991769748265,18.075823025174373],[81.3982442220053,18.07556586371595],[81.39778808593763,18.07742824978368],[81.39822889539943,18.078045247396574],[81.3986008029517,18.07721191406324]]]}},{"type":"Feature","id":"hydrolakes:1394162","properties":{"Hylak_id":1394162,"Lake_name":"","Country":"India","Continent":"Asia","Poly_src":"SWBD","Lake_type":1,"Grand_id":0,"Lake_area":0.29,"Shore_len":2.2,"Shore_dev":1.16,"Vol_total":0.7,"Vol_res":0.0,"Vol_src":3,"Depth_avg":2.4,"Dis_avg":0.037,"Res_time":218.8,"Elevation":51,"Slope_100":1.04,"Wshd_area":3.3,"Pour_long":83.155208,"Pour_lat":18.048966,"source_id":"hydrolakes:1394162","label":""},"geometry":{"type":"Polygon","coordinates":[[[83.15858235677126,18.049108208551047],[83.15866563585092,18.04807115342959],[83.15632405598984,18.048094211155274],[83.15319444444486,18.047638888889708],[83.15167697482696,18.047793646919104],[83.1520052083336,18.05062364366387],[83.15265082465328,18.052767469618914],[83.15391764322953,18.052506510417402],[83.15685574001765,18.051195475261125],[83.15858235677126,18.049108208551047]]]}},{"type":"Feature","id":"hydrolakes:1394166","properties":{"Hylak_id":1394166,"Lake_name":"","Country":"India","Continent":"Asia","Poly_src":"SWBD","Lake_type":1,"Grand_id":0,"Lake_area":0.46,"Shore_len":4.75,"Shore_dev":1.99,"Vol_total":2.12,"Vol_res":0.0,"Vol_src":3,"Depth_avg":4.7,"Dis_avg":0.115,"Res_time":213.7,"Elevation":406,"Slope_100":3.46,"Wshd_area":5.7,"Pour_long":82.022917,"Pour_lat":18.04474,"source_id":"hydrolakes:1394166","label":""},"geometry":{"type":"Polygon","coordinates":[[[82.0280304633248,18.048396267361795],[82.0281698947486,18.047275119358346],[82.02568291558191,18.046563991971198],[82.02496310763905,18.044801839193497],[82.02251559787362,18.0434191894538],[82.02031521267378,18.04369289822131],[82.01970689561665,18.040570882162285],[82.0195833333338,18.040416666667454],[82.0190001085071,18.040883653429546],[82.01947387695338,18.043605821398444],[82.02084865993942,18.044706895617082],[82.0216897243925,18.048291558160543],[82.02307088216173,18.04887356228386],[82.02356580946207,18.049491509332256],[82.02545627170156,18.05069417317776],[82.026206325955,18.048070882162165],[82.02700059678835,18.0484834798184],[82.02817111545158,18.050410427518045],[82.03012722439252,18.05183932834285],[82.03191257052964,18.052061360677783],[82.03196302625895,18.051656629775096],[82.03159111870679,18.0510240342889],[82.03170952690988,18.050071885851537],[82.02893419053851,18.049120008681257],[82.0280304633248,18.048396267361795]]]}},{"type":"Feature","id":"hydrolakes:1394183","properties":{"Hylak_id":1394183,"Lake_name":"","Country":"India","Continent":"Asia","Poly_src":"SWBD","Lake_type":1,"Grand_id":0,"Lake_area":0.21,"Shore_len":2.5,"Shore_dev":1.53,"Vol_total":0.33,"Vol_res":0.0,"Vol_src":3,"Depth_avg":1.6,"Dis_avg":11.211,"Res_time":0.3,"Elevation":26,"Slope_100":0.46,"Wshd_area":1175.6,"Pour_long":83.332782,"Pour_lat":18.016088,"source_id":"hydrolakes:1394183","label":""},"geometry":{"type":"Polygon","coordinates":[[[83.3336032443579,18.015563422309697],[83.3334722222225,18.01541666666742],[83.3320760091151,18.015603434245463],[83.33108452691005,18.01671318901981],[83.32889675564269,18.01806342230975],[83.32778455946215,18.018406846788878],[83.32473008897614,18.020748697917384],[83.32641303168447,18.021542833117167],[83.32778998480944,18.021117621528447],[83.33440402560797,18.016278754341045],[83.3336032443579,18.015563422309697]]]}},{"type":"Feature","id":"hydrolakes:1394194","properties":{"Hylak_id":1394194,"Lake_name":"","Country":"India","Continent":"Asia","Poly_src":"SWBD","Lake_type":1,"Grand_id":0,"Lake_area":0.88,"Shore_len":4.58,"Shore_dev":1.38,"Vol_total":3.89,"Vol_res":0.0,"Vol_src":3,"Depth_avg":4.4,"Dis_avg":0.614,"Res_time":73.4,"Elevation":78,"Slope_100":2.52,"Wshd_area":42.5,"Pour_long":80.753125,"Pour_lat":18.000488,"source_id":"hydrolakes:1394194","label":""},"geometry":{"type":"Polygon","coordinates":[[[80.75776746961816,17.99843831380275],[80.75725789388031,17.99655829535652],[80.75645548502615,17.99748969184094],[80.75519131130653,17.996573215061517],[80.75441969129793,17.99484402126808],[80.75287373860704,17.993512234158743],[80.75335096571183,17.99221272786525],[80.75088338216187,17.991929796007696],[80.7497939046226,17.990991210938375],[80.74958333333342,17.988472222223038],[80.74851081000446,17.98861260308223],[80.74875067816856,17.991598171658723],[80.74556586371534,17.993540988499035],[80.74676269531267,17.995376925998983],[80.74723253038223,17.996656358507607],[80.74748969184037,17.998343641493932],[80.74814053005662,17.99863403320387],[80.7491149902346,18.000818006728252],[80.75263407389338,18.001100802952124],[80.754732530382,18.00056586371602],[80.75639919704884,18.00001030816054],[80.75668423122852,17.999371609158743],[80.75776746961816,17.99843831380275]]]}},{"type":"Feature","id":"hydrolakes:1394208","properties":{"Hylak_id":1394208,"Lake_name":"","Country":"India","Continent":"Asia","Poly_src":"SWBD","Lake_type":1,"Grand_id":0,"Lake_area":0.47,"Shore_len":2.7,"Shore_dev":1.11,"Vol_total":1.66,"Vol_res":0.0,"Vol_src":3,"Depth_avg":3.5,"Dis_avg":0.215,"Res_time":89.6,"Elevation":259,"Slope_100":1.92,"Wshd_area":19.0,"Pour_long":80.00626,"Pour_lat":17.981269,"source_id":"hydrolakes:1394208","label":""},"geometry":{"type":"Polygon","coordinates":[[[80.00915381961408,17.978901774089252],[80.00902777777782,17.978750000000844],[80.00697985543161,17.978892008464356],[80.00476009156989,17.97985460069515],[80.00411318037249,17.98378078884633],[80.0041314082676,17.985762532552826],[80.00519655015734,17.986931559245477],[80.00765973832893,17.986416422526702],[80.0087828742133,17.985483398438248],[80.00967938952982,17.983380805122295],[80.00999699062771,17.981598578559783],[80.01137604183629,17.98045301649381],[80.01096067640526,17.979685329861866],[80.00915381961408,17.978901774089252]]]}},{"type":"Feature","id":"hydrolakes:1394221","properties":{"Hylak_id":1394221,"Lake_name":"","Country":"India","Continent":"Asia","Poly_src":"SWBD","Lake_type":1,"Grand_id":0,"Lake_area":0.84,"Shore_len":7.82,"Shore_dev":2.41,"Vol_total":3.63,"Vol_res":0.0,"Vol_src":3,"Depth_avg":4.3,"Dis_avg":2.586,"Res_time":16.3,"Elevation":99,"Slope_100":2.45,"Wshd_area":173.3,"Pour_long":82.855058,"Pour_lat":17.968331,"source_id":"hydrolakes:1394221","label":""},"geometry":{"type":"Polygon","coordinates":[[[82.85143934461831,17.982263047960828],[82.85031032986132,17.980821533203823],[82.85016411675372,17.979003363716117],[82.85157307942751,17.977300211589238],[82.8526044379343,17.974454752604913],[82.85322889539958,17.975178629557945],[82.85223253038225,17.977544623481606],[82.85266167534746,17.978878580729827],[82.8533742947053,17.978425292969575],[82.85325981987887,17.9770015462247],[82.85388888888929,17.976650526259505],[82.85489501953151,17.97721191406322],[82.85494493272586,17.975843641493725],[82.8558436414936,17.976100802952203],[82.85678765191005,17.976770155165752],[82.85766791449691,17.976279161242076],[82.85946723090302,17.97776746961881],[82.86054524739615,17.9772570800788],[82.85952094184074,17.97507107204933],[82.85676459418431,17.9747104220927],[82.85575629340315,17.97384182400242],[82.85473253038231,17.97105373806494],[82.85500651041707,17.96962402343837],[82.85594862196217,17.967935519749005],[82.85541666666705,17.967083333334074],[82.85408827039959,17.967257080078923],[82.85229302300371,17.969757351346175],[82.85085367838576,17.970997450087566],[82.85086371527808,17.972183024089247],[82.84973931206622,17.972980143229904],[82.84834364149333,17.973400472005892],[82.84866482204887,17.974023573134502],[82.85026746961836,17.975174289280176],[82.84838541666687,17.977004123264578],[82.8469892035593,17.98163682725766],[82.84775770399341,17.98169854058233],[82.84896348741353,17.980843641493777],[82.84971191406277,17.981235351563214],[82.84926106770882,17.983470730252463],[82.84862141927107,17.98461724175428],[82.84938612196203,17.984782172309735],[82.85193413628508,17.98331298828208],[82.85143934461831,17.982263047960828]]]}},{"type":"Feature","id":"hydrolakes:1394227","properties":{"Hylak_id":1394227,"Lake_name":"","Country":"India","Continent":"Asia","Poly_src":"SWBD","Lake_type":1,"Grand_id":0,"Lake_area":0.48,"Shore_len":4.87,"Shore_dev":1.99,"Vol_total":1.63,"Vol_res":0.0,"Vol_src":3,"Depth_avg":3.4,"Dis_avg":324.263,"Res_time":0.1,"Elevation":67,"Slope_100":1.78,"Wshd_area":12757.3,"Pour_long":81.473036,"Pour_lat":17.961004,"source_id":"hydrolakes:1394227","label":""},"geometry":{"type":"Polygon","coordinates":[[[81.47443413628486,17.96028808593826],[81.47375000000017,17.958750000000748],[81.47284003363723,17.959716932509366],[81.47112589518241,17.960233018663928],[81.47107259114597,17.960896267361818],[81.47279839409731,17.96238308376803],[81.47276299370668,17.962822672526784],[81.47357326931456,17.963520779080568],[81.47433593750014,17.96757771809962],[81.47606146918417,17.970133056641316],[81.47658962673643,17.97131659613791],[81.47835394965307,17.97234049479232],[81.47931315104188,17.973871663412126],[81.48056586371541,17.97415635850774],[81.4823392740887,17.975545247396497],[81.48315009223103,17.9750807020406],[81.48270087348106,17.973588867188255],[81.48177259657137,17.97251139322998],[81.4805452473961,17.9722325303826],[81.47959716796902,17.970588107639628],[81.47837958441869,17.970221489801077],[81.47703436957494,17.969062500000746],[81.47667697482649,17.96748969184108],[81.47609632704012,17.966989339193447],[81.47612887912345,17.964917263455675],[81.47583157009564,17.96296590169345],[81.47443413628486,17.96028808593826]]]}},{"type":"Feature","id":"hydrolakes:1394249","properties":{"Hylak_id":1394249,"Lake_name":"","Country":"India","Continent":"Asia","Poly_src":"SWBD","Lake_type":1,"Grand_id":0,"Lake_area":0.42,"Shore_len":4.53,"Shore_dev":1.97,"Vol_total":1.36,"Vol_res":0.0,"Vol_src":3,"Depth_avg":3.2,"Dis_avg":1.142,"Res_time":13.8,"Elevation":46,"Slope_100":1.64,"Wshd_area":79.0,"Pour_long":80.880703,"Pour_lat":17.935684,"source_id":"hydrolakes:1394249","label":""},"geometry":{"type":"Polygon","coordinates":[[[80.88221191406257,17.927788085938232],[80.88208333333347,17.927638888889646],[80.88105916341163,17.92782565646769],[80.88128804524763,17.930674641927794],[80.87990173339864,17.934392089844494],[80.87869798448378,17.94000230577325],[80.87727396647148,17.94338365342969],[80.87705566406271,17.946100802952117],[80.87880330403658,17.94581380208399],[80.87932854546466,17.94293470594687],[80.88161499023454,17.940379909940077],[80.88221191406257,17.938754611545846],[80.88147549099398,17.933735080296003],[80.88245368109818,17.93079711914129],[80.88221191406257,17.927788085938232]]]}},{"type":"Feature","id":"hydrolakes:1394250","properties":{"Hylak_id":1394250,"Lake_name":"","Country":"India","Continent":"Asia","Poly_src":"SWBD","Lake_type":1,"Grand_id":0,"Lake_area":0.15,"Shore_len":1.68,"Shore_dev":1.22,"Vol_total":0.19,"Vol_res":0.0,"Vol_src":3,"Depth_avg":1.3,"Dis_avg":0.077,"Res_time":28.7,"Elevation":253,"Slope_100":0.33,"Wshd_area":6.9,"Pour_long":80.032499,"Pour_lat":17.935162,"source_id":"hydrolakes:1394250","label":""},"geometry":{"type":"Polygon","coordinates":[[[80.0338992182414,17.933878580729868],[80.03291666666672,17.932361111111845],[80.0322466108534,17.932562798394827],[80.03167699601931,17.934454752604893],[80.0311469438343,17.935404730903485],[80.03195632510716,17.93610215928885],[80.03188998752205,17.936927761502545],[80.0358148235747,17.937313639323577],[80.03586541069893,17.936684163412167],[80.0338992182414,17.933878580729868]]]}},{"type":"Feature","id":"hydrolakes:1394283","properties":{"Hylak_id":1394283,"Lake_name":"","Country":"India","Continent":"Asia","Poly_src":"SWBD","Lake_type":1,"Grand_id":0,"Lake_area":0.45,"Shore_len":2.97,"Shore_dev":1.25,"Vol_total":1.82,"Vol_res":0.0,"Vol_src":3,"Depth_avg":4.1,"Dis_avg":0.321,"Res_time":65.5,"Elevation":106,"Slope_100":2.6,"Wshd_area":22.9,"Pour_long":80.780208,"Pour_lat":17.90516,"source_id":"hydrolakes:1394283","label":""},"geometry":{"type":"Polygon","coordinates":[[[80.77693162706186,17.897512885200342],[80.77680555555565,17.897361111111763],[80.77584615071618,17.89764268663265],[80.77881537543414,17.90302856445379],[80.77900010850698,17.904841037327117],[80.77834615071646,17.905982801649998],[80.77970384385867,17.90634440104253],[80.78267496744803,17.905220269097867],[80.78387607150626,17.903551432292318],[80.78362392849402,17.902487114801033],[80.7827711317276,17.90177870008756],[80.78193644205749,17.899854193794056],[80.78030592176674,17.897891303169104],[80.77693162706186,17.897512885200342]]]}},{"type":"Feature","id":"hydrolakes:1394289","properties":{"Hylak_id":1394289,"Lake_name":"","Country":"India","Continent":"Asia","Poly_src":"SWBD","Lake_type":1,"Grand_id":0,"Lake_area":0.28,"Shore_len":2.81,"Shore_dev":1.49,"Vol_total":0.62,"Vol_res":0.0,"Vol_src":3,"Depth_avg":2.2,"Dis_avg":1.611,"Res_time":4.5,"Elevation":69,"Slope_100":0.85,"Wshd_area":104.4,"Pour_long":80.960615,"Pour_lat":17.899545,"source_id":"hydrolakes:1394289","label":""},"geometry":{"type":"Polygon","coordinates":[[[80.95819444444459,17.900084906684697],[80.96076260036904,17.900035264757662],[80.96137607150627,17.89952568901981],[80.96105048285608,17.899045410156987],[80.95946275499142,17.89920722113783],[80.95948045518668,17.89700764974026],[80.95875000000018,17.893194444445157],[80.95662421332486,17.894444444445185],[80.95677761501759,17.89594930013095],[80.95590162489162,17.897003851997283],[80.95501281738302,17.897512885200342],[80.95336554633258,17.897878146702055],[80.95326816135014,17.898833550347888],[80.95612392849404,17.899153781467703],[80.95677741156703,17.899940456815045],[80.95819444444459,17.900084906684697]]]}},{"type":"Feature","id":"hydrolakes:1394292","properties":{"Hylak_id":1394292,"Lake_name":"","Country":"India","Continent":"Asia","Poly_src":"SWBD","Lake_type":1,"Grand_id":0,"Lake_area":0.2,"Shore_len":2.46,"Shore_dev":1.53,"Vol_total":0.44,"Vol_res":0.0,"Vol_src":3,"Depth_avg":2.1,"Dis_avg":0.045,"Res_time":111.9,"Elevation":67,"Slope_100":0.87,"Wshd_area":3.1,"Pour_long":80.859308,"Pour_lat":17.897958,"source_id":"hydrolakes:1394292","label":""},"geometry":{"type":"Polygon","coordinates":[[[80.85970431857675,17.89501790364659],[80.85958333333343,17.89486111111188],[80.85859320746545,17.894982096355022],[80.85820421006963,17.896379123264694],[80.85692654079872,17.896648763021517],[80.85668457031255,17.897240125868734],[80.85474012586809,17.897516547309692],[80.85729675292981,17.898485921224676],[80.85783725314695,17.89890313042605],[80.85779988606794,17.8997330729174],[80.85724012586815,17.90066107855978],[80.85760728624155,17.901370985243773],[80.8599413384332,17.900936279297525],[80.86025987413205,17.89942654079931],[80.86107408311642,17.89879814995726],[80.85974012586826,17.89825222439316],[80.86049309624576,17.89562676323851],[80.85970431857675,17.89501790364659]]]}},{"type":"Feature","id":"hydrolakes:1394317","properties":{"Hylak_id":1394317,"Lake_name":"","Country":"India","Continent":"Asia","Poly_src":"SWBD","Lake_type":1,"Grand_id":0,"Lake_area":0.11,"Shore_len":1.57,"Shore_dev":1.32,"Vol_total":0.44,"Vol_res":0.0,"Vol_src":3,"Depth_avg":3.9,"Dis_avg":0.463,"Res_time":10.9,"Elevation":778,"Slope_100":3.6,"Wshd_area":33.9,"Pour_long":82.496418,"Pour_lat":17.870392,"source_id":"hydrolakes:1394317","label":""},"geometry":{"type":"Polygon","coordinates":[[[82.4970960828997,17.870616861979897],[82.4968055555558,17.869861111111845],[82.49561225043425,17.87001030816043],[82.49473768446217,17.87257175021773],[82.49600043402796,17.875448540582283],[82.49775661892397,17.87494628906319],[82.4964892578127,17.87164903428885],[82.4970960828997,17.870616861979897]]]}},{"type":"Feature","id":"hydrolakes:1394335","properties":{"Hylak_id":1394335,"Lake_name":"","Country":"India","Continent":"Asia","Poly_src":"SWBD","Lake_type":1,"Grand_id":0,"Lake_area":0.27,"Shore_len":3.57,"Shore_dev":1.95,"Vol_total":1.04,"Vol_res":0.0,"Vol_src":3,"Depth_avg":3.9,"Dis_avg":0.333,"Res_time":36.3,"Elevation":60,"Slope_100":2.86,"Wshd_area":23.7,"Pour_long":80.855273,"Pour_lat":17.859556,"source_id":"hydrolakes:1394335","label":""},"geometry":{"type":"Polygon","coordinates":[[[80.84935011121974,17.862013210721273],[80.85131435818175,17.861121419271683],[80.85248969184045,17.861954752604845],[80.85359897189687,17.862211914063153],[80.85609781901064,17.86007202148511],[80.85637858072937,17.85933946397637],[80.85513888888909,17.85819444444519],[80.85415635850705,17.85887858072988],[80.85358954535616,17.860148654514717],[80.85362304687521,17.860565321181298],[80.8529663085938,17.86082302517434],[80.8512840440539,17.859630262587473],[80.84986952039941,17.85974392361186],[80.84940124511724,17.86129909939308],[80.84818664550801,17.861841091580573],[80.84677001953133,17.86042453342094],[80.84458794487858,17.86059977213614],[80.8437416585287,17.86158203125069],[80.84423170301682,17.862916395399964],[80.8470494927302,17.86332302517428],[80.84776746961819,17.86248969184095],[80.84935011121974,17.862013210721273]]]}},{"type":"Feature","id":"hydrolakes:1394343","properties":{"Hylak_id":1394343,"Lake_name":"","Country":"India","Continent":"Asia","Poly_src":"SWBD","Lake_type":1,"Grand_id":0,"Lake_area":0.77,"Shore_len":4.11,"Shore_dev":1.32,"Vol_total":1.47,"Vol_res":0.0,"Vol_src":3,"Depth_avg":1.9,"Dis_avg":0.133,"Res_time":128.3,"Elevation":48,"Slope_100":0.47,"Wshd_area":11.2,"Pour_long":82.909287,"Pour_lat":17.853179,"source_id":"hydrolakes:1394343","label":""},"geometry":{"type":"Polygon","coordinates":[[[82.91229492187523,17.863593614367062],[82.91361979166709,17.862055935330545],[82.91489501953146,17.862767469618802],[82.91507459852471,17.861934407552837],[82.91372477213571,17.85904310438434],[82.91291314019145,17.85810099283924],[82.91113878038215,17.85730929904588],[82.91221191406277,17.854387071398435],[82.91152777777808,17.852083333334065],[82.90881510416688,17.852214898004206],[82.90668267144133,17.853550618490374],[82.90655327690996,17.85516113281318],[82.90776746961842,17.857337239584012],[82.90751030816,17.858621419271515],[82.90667697482672,17.859796685113565],[82.90697862413225,17.861024983724633],[82.90939751519136,17.864393446181282],[82.91061089409766,17.8652539062507],[82.91111735026067,17.864119059245468],[82.91229492187523,17.863593614367062]]]}},{"type":"Feature","id":"hydrolakes:1394359","properties":{"Hylak_id":1394359,"Lake_name":"","Country":"India","Continent":"Asia","Poly_src":"SWBD","Lake_type":1,"Grand_id":0,"Lake_area":0.15,"Shore_len":2.03,"Shore_dev":1.49,"Vol_total":0.27,"Vol_res":0.0,"Vol_src":3,"Depth_avg":1.8,"Dis_avg":0.215,"Res_time":14.6,"Elevation":78,"Slope_100":0.71,"Wshd_area":14.5,"Pour_long":80.954,"Pour_lat":17.836769,"source_id":"hydrolakes:1394359","label":""},"geometry":{"type":"Polygon","coordinates":[[[80.95691738552534,17.836845974393157],[80.95729105631523,17.83550415039133],[80.95887098524321,17.835737575955477],[80.95862901475726,17.834982096354906],[80.95803765190999,17.834740125868734],[80.95742540147586,17.833946804471225],[80.95637091742663,17.833515218099762],[80.95569444444453,17.832638888889562],[80.95442654079869,17.834148763021517],[80.95418457031263,17.83585123697992],[80.95366658528678,17.837168782552794],[80.95428419325106,17.8372600640198],[80.95512688530829,17.83585123697992],[80.95522047254804,17.837470974393113],[80.95596510145407,17.837580973308036],[80.95691738552534,17.836845974393157]]]}},{"type":"Feature","id":"hydrolakes:1394386","properties":{"Hylak_id":1394386,"Lake_name":"","Country":"India","Continent":"Asia","Poly_src":"SWBD","Lake_type":1,"Grand_id":0,"Lake_area":0.69,"Shore_len":4.41,"Shore_dev":1.49,"Vol_total":2.71,"Vol_res":0.0,"Vol_src":3,"Depth_avg":3.9,"Dis_avg":0.809,"Res_time":38.8,"Elevation":135,"Slope_100":2.09,"Wshd_area":64.8,"Pour_long":82.675399,"Pour_lat":17.811961,"source_id":"hydrolakes:1394386","label":""},"geometry":{"type":"Polygon","coordinates":[[[82.66901258680593,17.822476535373937],[82.66951199001761,17.820859239366996],[82.6704747178822,17.821936577691645],[82.67167453342034,17.820285644531907],[82.67202392578167,17.819153645834092],[82.67342312283029,17.816674533420837],[82.67604736328167,17.818603244358314],[82.67832546658019,17.818259684245447],[82.67806342230921,17.817214355469446],[82.67667263454894,17.81483384874207],[82.67639675564271,17.812769911025043],[82.6748611111114,17.810694444445176],[82.67295898437533,17.81083197699735],[82.67090549045162,17.81213799370721],[82.67025390625025,17.813070746528524],[82.67043023003492,17.816031629774955],[82.66992051866345,17.817142605252457],[82.66864230685786,17.81772922092074],[82.6680324978301,17.81919569227506],[82.66807915581626,17.819978841146508],[82.66724419487872,17.821515570747295],[82.66901258680593,17.822476535373937]]]}},{"type":"Feature","id":"hydrolakes:1394450","properties":{"Hylak_id":1394450,"Lake_name":"","Country":"India","Continent":"Asia","Poly_src":"SWBD","Lake_type":1,"Grand_id":0,"Lake_area":0.33,"Shore_len":3.9,"Shore_dev":1.92,"Vol_total":1.96,"Vol_res":0.0,"Vol_src":3,"Depth_avg":6.0,"Dis_avg":1.062,"Res_time":21.4,"Elevation":130,"Slope_100":6.43,"Wshd_area":82.2,"Pour_long":80.672872,"Pour_lat":17.730029,"source_id":"hydrolakes:1394450","label":""},"geometry":{"type":"Polygon","coordinates":[[[80.67583862304707,17.730005289714256],[80.67779568142367,17.72880696614658],[80.68224982367644,17.72898356119873],[80.68416137695328,17.728081461589397],[80.68369215223532,17.72705105251805],[80.6822357177735,17.726589898004192],[80.68220587836385,17.725838216146485],[80.68282179090721,17.725267605252384],[80.6808749050565,17.723345269097877],[80.68013888888925,17.722916666667516],[80.6791719563804,17.72322292751801],[80.67955247667123,17.724178873698634],[80.6805502658421,17.72413940429766],[80.67889417860255,17.72750528971426],[80.67776896158858,17.727861599393066],[80.67634548611119,17.728841010200313],[80.6722288004558,17.728861626519745],[80.67216322157134,17.730516221788946],[80.67327745225697,17.731105821398216],[80.67583862304707,17.730005289714256]]]}},{"type":"Feature","id":"hydrolakes:1394454","properties":{"Hylak_id":1394454,"Lake_name":"","Country":"India","Continent":"Asia","Poly_src":"SWBD","Lake_type":1,"Grand_id":0,"Lake_area":0.57,"Shore_len":3.68,"Shore_dev":1.37,"Vol_total":1.51,"Vol_res":0.0,"Vol_src":3,"Depth_avg":2.6,"Dis_avg":0.207,"Res_time":84.7,"Elevation":78,"Slope_100":0.99,"Wshd_area":18.2,"Pour_long":82.681184,"Pour_lat":17.726565,"source_id":"hydrolakes:1394454","label":""},"geometry":{"type":"Polygon","coordinates":[[[82.68349012586839,17.724869113499096],[82.68747992621553,17.723911675347892],[82.68805013020852,17.722833658854995],[82.68706108941012,17.72120985243123],[82.68583875868075,17.72027235243121],[82.684027777778,17.719861111111754],[82.68208821614604,17.72006754557367],[82.68111653645855,17.721116536459192],[82.67831054687531,17.72336154513954],[82.67612114800369,17.724054633247192],[82.67608452691013,17.724977756077124],[82.67680555555575,17.725359429254297],[82.67852457682329,17.724449734158725],[82.67917209201408,17.725272488065002],[82.67995008680583,17.727730170356608],[82.6814542643234,17.728883599176072],[82.68253716362875,17.72829969618124],[82.68246419270872,17.72645779079943],[82.68349012586839,17.724869113499096]]]}},{"type":"Feature","id":"hydrolakes:1394457","properties":{"Hylak_id":1394457,"Lake_name":"","Country":"India","Continent":"Asia","Poly_src":"SWBD","Lake_type":1,"Grand_id":0,"Lake_area":0.52,"Shore_len":3.42,"Shore_dev":1.34,"Vol_total":1.26,"Vol_res":0.0,"Vol_src":3,"Depth_avg":2.4,"Dis_avg":1.392,"Res_time":10.5,"Elevation":112,"Slope_100":0.86,"Wshd_area":113.6,"Pour_long":82.590917,"Pour_lat":17.723943,"source_id":"hydrolakes:1394457","label":""},"geometry":{"type":"Polygon","coordinates":[[[82.59192654079902,17.72279568142426],[82.591805555556,17.72263888888955],[82.59032416449674,17.72305148654584],[82.58892144097246,17.724134114584047],[82.58846272786491,17.725707600912187],[82.58918457031291,17.72803765191037],[82.58945176866342,17.730531277127454],[82.590361056858,17.731079779731658],[82.5915844726565,17.731420491537108],[82.59224012586827,17.731926540799293],[82.59337293836836,17.733555365669076],[82.59484863281278,17.733773464627518],[82.59581542968783,17.73246921115532],[82.5955636935766,17.731326904297532],[82.59457383897592,17.730044623481604],[82.59251790364624,17.728893500434765],[82.59286865234412,17.726848280165598],[82.59442654079879,17.725010172526765],[82.59400444878509,17.72399251302147],[82.59192654079902,17.72279568142426]]]}},{"type":"Feature","id":"hydrolakes:1394469","properties":{"Hylak_id":1394469,"Lake_name":"","Country":"India","Continent":"Asia","Poly_src":"SWBD","Lake_type":1,"Grand_id":0,"Lake_area":0.14,"Shore_len":1.9,"Shore_dev":1.44,"Vol_total":0.25,"Vol_res":0.0,"Vol_src":3,"Depth_avg":1.8,"Dis_avg":0.344,"Res_time":8.5,"Elevation":80,"Slope_100":0.72,"Wshd_area":26.8,"Pour_long":80.796635,"Pour_lat":17.711433,"source_id":"hydrolakes:1394469","label":""},"geometry":{"type":"Polygon","coordinates":[[[80.79471191406276,17.70945475260487],[80.79458333333366,17.709305555556284],[80.79252780490464,17.70951524522644],[80.79240315755226,17.711065809462525],[80.79521660698794,17.711494683160424],[80.79868564181862,17.7136008029521],[80.79941331651486,17.712808702257576],[80.79572889539952,17.709761013455648],[80.79471191406276,17.70945475260487]]]}},{"type":"Feature","id":"hydrolakes:1394514","properties":{"Hylak_id":1394514,"Lake_name":"","Country":"India","Continent":"Asia","Poly_src":"SWBD","Lake_type":1,"Grand_id":0,"Lake_area":0.42,"Shore_len":3.52,"Shore_dev":1.53,"Vol_total":1.01,"Vol_res":0.0,"Vol_src":3,"Depth_avg":2.4,"Dis_avg":0.543,"Res_time":21.5,"Elevation":66,"Slope_100":0.89,"Wshd_area":43.6,"Pour_long":80.796643,"Pour_lat":17.65689,"source_id":"hydrolakes:1394514","label":""},"geometry":{"type":"Polygon","coordinates":[[[80.79667948404955,17.65554280599025],[80.79621826171882,17.65431532118123],[80.7937500000001,17.65291666666741],[80.79248453776052,17.653043077257678],[80.79252855088998,17.65347466362914],[80.79364576551666,17.65440266927152],[80.79341227213558,17.654987250434715],[80.79176662868934,17.65404459635488],[80.79002122667106,17.654532606337455],[80.79083340115022,17.655207248264617],[80.79109829372851,17.656401638455634],[80.79318983289937,17.65718505859445],[80.79359829372856,17.65797390408062],[80.7916538492841,17.658320583768045],[80.79121860080318,17.659803602431225],[80.79371181911915,17.660535210504122],[80.79464525010883,17.661658799913937],[80.79549445258255,17.66193169487923],[80.79586296929273,17.66067572699717],[80.79745273166242,17.657311740452087],[80.79667948404955,17.65554280599025]]]}},{"type":"Feature","id":"hydrolakes:1394525","properties":{"Hylak_id":1394525,"Lake_name":"","Country":"India","Continent":"Asia","Poly_src":"SWBD","Lake_type":1,"Grand_id":0,"Lake_area":0.28,"Shore_len":2.4,"Shore_dev":1.28,"Vol_total":0.71,"Vol_res":0.0,"Vol_src":3,"Depth_avg":2.5,"Dis_avg":0.022,"Res_time":372.7,"Elevation":97,"Slope_100":1.12,"Wshd_area":1.8,"Pour_long":80.69836,"Pour_lat":17.643097,"source_id":"hydrolakes:1394525","label":""},"geometry":{"type":"Polygon","coordinates":[[[80.70002773708774,17.641459960938278],[80.69945380316852,17.64054361979231],[80.6980452473959,17.640288085938153],[80.69767883300801,17.639862738715863],[80.69535746256531,17.64004937066045],[80.69486111111115,17.63958333333403],[80.69334364149324,17.639781901042454],[80.6936012776693,17.640845540365262],[80.69998874240491,17.64578531901111],[80.70137858072923,17.64458794487922],[80.70098937988286,17.643093804254192],[80.6999672444664,17.64221327040002],[80.70002773708774,17.641459960938278]]]}},{"type":"Feature","id":"hydrolakes:1394563","properties":{"Hylak_id":1394563,"Lake_name":"","Country":"India","Continent":"Asia","Poly_src":"SWBD","Lake_type":1,"Grand_id":0,"Lake_area":0.22,"Shore_len":2.25,"Shore_dev":1.36,"Vol_total":0.51,"Vol_res":0.0,"Vol_src":3,"Depth_avg":2.3,"Dis_avg":0.184,"Res_time":31.9,"Elevation":216,"Slope_100":1.02,"Wshd_area":17.2,"Pour_long":80.31875,"Pour_lat":17.606267,"source_id":"hydrolakes:1394563","label":""},"geometry":{"type":"Polygon","coordinates":[[[80.32046990288649,17.604441189236752],[80.32013888888912,17.60402777777847],[80.3189266967774,17.604223090278595],[80.31670020209418,17.603946126302787],[80.31612647162552,17.604794108073577],[80.31738294813385,17.605323621962555],[80.31642530653232,17.606952853733333],[80.31844980875667,17.608097330730004],[80.31887352837458,17.608626573351387],[80.32002865261518,17.608956705729895],[80.32062659369592,17.608210177952117],[80.32070448133697,17.606163736979852],[80.32265279134123,17.605824652778495],[80.32304019504119,17.60512396918466],[80.32046990288649,17.604441189236752]]]}},{"type":"Feature","id":"hydrolakes:1394576","properties":{"Hylak_id":1394576,"Lake_name":"","Country":"India","Continent":"Asia","Poly_src":"SWBD","Lake_type":1,"Grand_id":0,"Lake_area":0.18,"Shore_len":1.74,"Shore_dev":1.17,"Vol_total":0.33,"Vol_res":0.0,"Vol_src":3,"Depth_avg":1.9,"Dis_avg":0.098,"Res_time":39.2,"Elevation":7,"Slope_100":0.69,"Wshd_area":9.8,"Pour_long":83.178857,"Pour_lat":17.59078,"source_id":"hydrolakes:1394576","label":""},"geometry":{"type":"Polygon","coordinates":[[[83.1837361653649,17.589570312500825],[83.1829166666671,17.58847222222289],[83.18097710503497,17.588601074219355],[83.18029568142401,17.589740125868786],[83.17792887369814,17.58999376085137],[83.17940890842056,17.592719184028454],[83.18216037326414,17.591952853733346],[83.18350287543427,17.591149902344455],[83.1837361653649,17.589570312500825]]]}},{"type":"Feature","id":"hydrolakes:1394579","properties":{"Hylak_id":1394579,"Lake_name":"","Country":"India","Continent":"Asia","Poly_src":"SWBD","Lake_type":1,"Grand_id":0,"Lake_area":0.31,"Shore_len":2.6,"Shore_dev":1.31,"Vol_total":0.64,"Vol_res":0.0,"Vol_src":3,"Depth_avg":2.1,"Dis_avg":0.176,"Res_time":42.3,"Elevation":7,"Slope_100":0.71,"Wshd_area":17.6,"Pour_long":83.17153,"Pour_lat":17.58715,"source_id":"hydrolakes:1394579","label":""},"geometry":{"type":"Polygon","coordinates":[[[83.17192898220509,17.586682128907],[83.17180555555592,17.58652777777843],[83.17084879557314,17.58729410807365],[83.17109564887181,17.591126573351346],[83.17186469184054,17.593540039063214],[83.17290500217052,17.59415120442776],[83.17529541015648,17.593904079861773],[83.17774197048635,17.593204481337523],[83.17784722222251,17.59235812717077],[83.17659233941015,17.590572916667384],[83.17498453776074,17.59029324001807],[83.17309190538225,17.589593641493707],[83.17216688368086,17.588594563802758],[83.17192898220509,17.586682128907]]]}},{"type":"Feature","id":"hydrolakes:1394590","properties":{"Hylak_id":1394590,"Lake_name":"","Country":"India","Continent":"Asia","Poly_src":"SWBD","Lake_type":1,"Grand_id":0,"Lake_area":0.54,"Shore_len":5.45,"Shore_dev":2.09,"Vol_total":2.91,"Vol_res":0.0,"Vol_src":3,"Depth_avg":5.4,"Dis_avg":0.607,"Res_time":55.5,"Elevation":166,"Slope_100":4.36,"Wshd_area":56.7,"Pour_long":80.432292,"Pour_lat":17.582175,"source_id":"hydrolakes:1394590","label":""},"geometry":{"type":"Polygon","coordinates":[[[80.43279154459645,17.58740804036529],[80.43348422580306,17.586133355035372],[80.43548814561638,17.586852484809697],[80.43683186848972,17.58829020182361],[80.43749220106355,17.590007866754206],[80.43809604220922,17.590872395833912],[80.43897911919493,17.590819769965947],[80.43887261284738,17.58903266059093],[80.43806450737856,17.5867803276916],[80.43521952311204,17.582096082899966],[80.43402777777789,17.580972222222897],[80.43357713487433,17.58113389757017],[80.42997894287117,17.58098578559094],[80.42838653564462,17.58276801215345],[80.42899943033876,17.583603244358358],[80.43111111111148,17.582845594618846],[80.43252824571425,17.58335394965343],[80.43332553439689,17.584966905382657],[80.43108852810349,17.5853154839416],[80.43112148708775,17.58586832682363],[80.43042419433601,17.58649142795224],[80.43111891004787,17.58776991102502],[80.43138108995242,17.588969726563334],[80.43081797281906,17.590005967882576],[80.43231428358291,17.59035427517432],[80.43304775661903,17.591952311198554],[80.43339711507161,17.592214355469423],[80.43388108995231,17.590430230035395],[80.43274244520421,17.588231608073556],[80.43279154459645,17.58740804036529]]]}},{"type":"Feature","id":"hydrolakes:1394607","properties":{"Hylak_id":1394607,"Lake_name":"","Country":"India","Continent":"Asia","Poly_src":"SWBD","Lake_type":1,"Grand_id":0,"Lake_area":0.17,"Shore_len":2.06,"Shore_dev":1.42,"Vol_total":0.39,"Vol_res":0.0,"Vol_src":3,"Depth_avg":2.3,"Dis_avg":0.15,"Res_time":30.3,"Elevation":212,"Slope_100":1.13,"Wshd_area":14.1,"Pour_long":80.34928,"Pour_lat":17.562269,"source_id":"hydrolakes:1394607","label":""},"geometry":{"type":"Polygon","coordinates":[[[80.35221723768467,17.56484781901105],[80.34974117702927,17.563012152778526],[80.34958333333333,17.561805555556248],[80.34778055826837,17.563058268229895],[80.34528055826843,17.56340738932363],[80.34563269721144,17.56583062066045],[80.34696082221143,17.565555555556216],[80.34775875515408,17.56472493489656],[80.3516040717231,17.56583062066045],[80.35221723768467,17.56484781901105]]]}},{"type":"Feature","id":"hydrolakes:1394620","properties":{"Hylak_id":1394620,"Lake_name":"","Country":"India","Continent":"Asia","Poly_src":"SWBD","Lake_type":1,"Grand_id":0,"Lake_area":0.33,"Shore_len":2.34,"Shore_dev":1.15,"Vol_total":1.57,"Vol_res":0.0,"Vol_src":3,"Depth_avg":4.8,"Dis_avg":0.539,"Res_time":33.7,"Elevation":201,"Slope_100":4.0,"Wshd_area":51.0,"Pour_long":82.257246,"Pour_lat":17.548369,"source_id":"hydrolakes:1394620","label":""},"geometry":{"type":"Polygon","coordinates":[[[82.26009277343775,17.551429307726437],[82.2619127061634,17.551505805122247],[82.26210530598979,17.54995741102499],[82.2610622829863,17.548655327691677],[82.25763888888923,17.546250000000725],[82.25675048828134,17.546503906250678],[82.25557088216163,17.55029432508752],[82.25598063151074,17.551213921441672],[82.25885226779542,17.55331163194529],[82.2596636284726,17.553412543403397],[82.26009277343775,17.551429307726437]]]}},{"type":"Feature","id":"hydrolakes:1394632","properties":{"Hylak_id":1394632,"Lake_name":"","Country":"India","Continent":"Asia","Poly_src":"SWBD","Lake_type":1,"Grand_id":0,"Lake_area":0.17,"Shore_len":1.72,"Shore_dev":1.18,"Vol_total":0.3,"Vol_res":0.0,"Vol_src":3,"Depth_avg":1.8,"Dis_avg":0.137,"Res_time":25.5,"Elevation":86,"Slope_100":0.65,"Wshd_area":12.3,"Pour_long":80.761228,"Pour_lat":17.537734,"source_id":"hydrolakes:1394632","label":""},"geometry":{"type":"Polygon","coordinates":[[[80.76234985351567,17.53741265191036],[80.76304524739595,17.53542860243124],[80.76152777777804,17.534861111111752],[80.75933939615902,17.5355452473965],[80.75788825141075,17.534735514323643],[80.75746887207049,17.536581759983335],[80.75783081054686,17.538241102431186],[80.7613758002388,17.53795627170217],[80.76234985351567,17.53741265191036]]]}},{"type":"Feature","id":"hydrolakes:1394645","properties":{"Hylak_id":1394645,"Lake_name":"","Country":"India","Continent":"Asia","Poly_src":"SWBD","Lake_type":1,"Grand_id":0,"Lake_area":0.39,"Shore_len":2.83,"Shore_dev":1.28,"Vol_total":0.79,"Vol_res":0.0,"Vol_src":3,"Depth_avg":2.0,"Dis_avg":0.253,"Res_time":35.9,"Elevation":160,"Slope_100":0.63,"Wshd_area":25.4,"Pour_long":80.152439,"Pour_lat":17.522953,"source_id":"hydrolakes:1394645","label":""},"geometry":{"type":"Polygon","coordinates":[[[80.15556840684695,17.522209472656925],[80.15514533148882,17.521083441840915],[80.157940826416,17.520442708334087],[80.1584780714249,17.519504937066642],[80.15819444444458,17.518750000000637],[80.15232860989056,17.51887966579926],[80.15015955607095,17.52338568793465],[80.15095294528538,17.52467203776115],[80.15167951795803,17.52498725043472],[80.15260247124581,17.52609836154585],[80.15362396240249,17.525846082899932],[80.15421332465286,17.5248906792541],[80.15582048204226,17.52341444227494],[80.15556840684695,17.522209472656925]]]}},{"type":"Feature","id":"hydrolakes:1394647","properties":{"Hylak_id":1394647,"Lake_name":"","Country":"India","Continent":"Asia","Poly_src":"SWBD","Lake_type":1,"Grand_id":0,"Lake_area":0.32,"Shore_len":2.2,"Shore_dev":1.09,"Vol_total":0.75,"Vol_res":0.0,"Vol_src":3,"Depth_avg":2.3,"Dis_avg":0.171,"Res_time":50.5,"Elevation":188,"Slope_100":0.89,"Wshd_area":16.4,"Pour_long":80.36875,"Pour_lat":17.52238,"source_id":"hydrolakes:1394647","label":""},"geometry":{"type":"Polygon","coordinates":[[[80.36757032606346,17.519080403646512],[80.36708333333337,17.518472222222897],[80.3663735283746,17.51859564887235],[80.36584869384785,17.519459906684858],[80.36490566677531,17.51972954644168],[80.36418202718102,17.52096055772637],[80.36442908393013,17.522237684462482],[80.36509887695331,17.52251980251799],[80.36662777370879,17.52442898220562],[80.3700153605144,17.523626573351407],[80.3702976142036,17.522956542969382],[80.37137352837476,17.52209499783055],[80.37112158881297,17.52079264322981],[80.36918202718101,17.51942898220551],[80.36757032606346,17.519080403646512]]]}},{"type":"Feature","id":"hydrolakes:1394678","properties":{"Hylak_id":1394678,"Lake_name":"","Country":"India","Continent":"Asia","Poly_src":"SWBD","Lake_type":1,"Grand_id":0,"Lake_area":0.33,"Shore_len":2.75,"Shore_dev":1.35,"Vol_total":0.59,"Vol_res":0.0,"Vol_src":3,"Depth_avg":1.8,"Dis_avg":0.519,"Res_time":13.1,"Elevation":181,"Slope_100":0.51,"Wshd_area":50.1,"Pour_long":80.319948,"Pour_lat":17.490792,"source_id":"hydrolakes:1394678","label":""},"geometry":{"type":"Polygon","coordinates":[[[80.32520728217258,17.49138888888956],[80.32430179172098,17.49029893663277],[80.32332522922104,17.490858289931225],[80.32125000000008,17.489861111111793],[80.31808725992857,17.489997287327014],[80.31729197184268,17.4906578233514],[80.31778608534074,17.492886013455575],[80.31940687391494,17.494037543403408],[80.31993916829447,17.49526502821243],[80.3206724039714,17.49473904079923],[80.32154262966588,17.493328179254206],[80.32548878987637,17.493054741754122],[80.32720937093103,17.492673068577062],[80.32669006347669,17.49171766493123],[80.32520728217258,17.49138888888956]]]}},{"type":"Feature","id":"hydrolakes:1394685","properties":{"Hylak_id":1394685,"Lake_name":"","Country":"India","Continent":"Asia","Poly_src":"SWBD","Lake_type":1,"Grand_id":0,"Lake_area":0.48,"Shore_len":4.05,"Shore_dev":1.65,"Vol_total":2.12,"Vol_res":0.0,"Vol_src":3,"Depth_avg":4.4,"Dis_avg":1.511,"Res_time":16.2,"Elevation":181,"Slope_100":3.02,"Wshd_area":133.4,"Pour_long":82.011668,"Pour_lat":17.487327,"source_id":"hydrolakes:1394685","label":""},"geometry":{"type":"Polygon","coordinates":[[[82.01647935655404,17.494689398872197],[82.01499728732665,17.49250271267431],[82.0146744791669,17.490520019531914],[82.01306504991334,17.489739312066604],[82.0127105034727,17.48870334201456],[82.01340060763908,17.487685546875696],[82.01319444444471,17.487083333334056],[82.00929185655406,17.487265353733335],[82.00861382378486,17.488581271702174],[82.00922146267379,17.491754286024957],[82.00984212239604,17.493033311632644],[82.0111653645838,17.493930392795846],[82.01458604600708,17.49386040581669],[82.01636298285615,17.49740885416736],[82.01711276584223,17.499719509549323],[82.01860148112002,17.498680284288866],[82.0174972873267,17.497224934896565],[82.01647935655404,17.494689398872197]]]}},{"type":"Feature","id":"hydrolakes:1394687","properties":{"Hylak_id":1394687,"Lake_name":"","Country":"India","Continent":"Asia","Poly_src":"SWBD","Lake_type":1,"Grand_id":0,"Lake_area":0.94,"Shore_len":5.66,"Shore_dev":1.65,"Vol_total":2.57,"Vol_res":0.0,"Vol_src":3,"Depth_avg":2.7,"Dis_avg":1.138,"Res_time":26.1,"Elevation":113,"Slope_100":0.91,"Wshd_area":120.0,"Pour_long":80.55625,"Pour_lat":17.485417,"source_id":"hydrolakes:1394687","label":""},"geometry":{"type":"Polygon","coordinates":[[[80.56212300618506,17.486260036892986],[80.56292867024746,17.484816080729786],[80.56123270670594,17.48178032769175],[80.55986111111145,17.480706108941604],[80.55843044704869,17.481826714410488],[80.5571379937067,17.48002658420205],[80.55629401312956,17.479958767361836],[80.55556586371551,17.481121419271517],[80.55492716471372,17.481406521268013],[80.55423326280385,17.482211914063214],[80.55305494520417,17.48187906901103],[80.55159132215721,17.47840874566043],[80.55063557942714,17.47798231336867],[80.54986111111117,17.477083333334008],[80.549392428928,17.47722439236179],[80.55037211100284,17.47878851996603],[80.55151170518667,17.479770236545903],[80.55261393229176,17.482771809896462],[80.5497325642906,17.484176974827108],[80.54834367540184,17.484595269097895],[80.54869394938169,17.485160861545864],[80.55114752875454,17.484963650174336],[80.55112291124141,17.486118706597836],[80.55069675021718,17.486882595486748],[80.55125779893683,17.48813991970553],[80.5527880859375,17.48860080295202],[80.5542816840279,17.489434136285468],[80.55592549641932,17.489163411459174],[80.55751030815986,17.48834364149377],[80.55915635850715,17.486934136285413],[80.56212300618506,17.486260036892986]]]}},{"type":"Feature","id":"hydrolakes:1394732","properties":{"Hylak_id":1394732,"Lake_name":"","Country":"India","Continent":"Asia","Poly_src":"SWBD","Lake_type":1,"Grand_id":0,"Lake_area":0.25,"Shore_len":2.84,"Shore_dev":1.61,"Vol_total":0.36,"Vol_res":0.0,"Vol_src":3,"Depth_avg":1.5,"Dis_avg":0.924,"Res_time":4.5,"Elevation":157,"Slope_100":0.38,"Wshd_area":90.9,"Pour_long":80.249616,"Pour_lat":17.431398,"source_id":"hydrolakes:1394732","label":""},"geometry":{"type":"Polygon","coordinates":[[[80.25420037163627,17.43459011501801],[80.25349787394225,17.433712836372138],[80.25114293416357,17.434005805122183],[80.25109259711377,17.433601074219382],[80.25188980102547,17.43224500868132],[80.25220686170803,17.42969590928891],[80.25063074747743,17.428626573351323],[80.24946726481141,17.429406738281955],[80.24899983723964,17.43272732204929],[80.24998463948572,17.433515896267977],[80.2495467970108,17.435188802083985],[80.24875000000003,17.43541666666738],[80.24840601603205,17.436311577691697],[80.24988964504678,17.43649603949717],[80.25110463460288,17.435608452691724],[80.25412061903228,17.435231391059745],[80.25420037163627,17.43459011501801]]]}},{"type":"Feature","id":"hydrolakes:1394753","properties":{"Hylak_id":1394753,"Lake_name":"","Country":"India","Continent":"Asia","Poly_src":"SWBD","Lake_type":1,"Grand_id":0,"Lake_area":0.16,"Shore_len":2.01,"Shore_dev":1.43,"Vol_total":0.29,"Vol_res":0.0,"Vol_src":3,"Depth_avg":1.9,"Dis_avg":0.026,"Res_time":130.2,"Elevation":149,"Slope_100":0.71,"Wshd_area":2.7,"Pour_long":80.268428,"Pour_lat":17.419684,"source_id":"hydrolakes:1394753","label":""},"geometry":{"type":"Polygon","coordinates":[[[80.2697068617079,17.41918212890687],[80.26841318766282,17.41823703342078],[80.26748999701624,17.418351779514524],[80.26694766574445,17.41803304036523],[80.26486111111126,17.418472222222874],[80.26507191975912,17.419209526910436],[80.26665130615254,17.419013129340954],[80.26607655843111,17.420110677084097],[80.26516788058825,17.420838216146535],[80.2675153605145,17.421095648872267],[80.26818267822284,17.4219289822056],[80.26927117241769,17.421556532118757],[80.27109575059694,17.420095214844423],[80.27081075032555,17.419647081163816],[80.2697068617079,17.41918212890687]]]}},{"type":"Feature","id":"hydrolakes:1394761","properties":{"Hylak_id":1394761,"Lake_name":"","Country":"India","Continent":"Asia","Poly_src":"SWBD","Lake_type":1,"Grand_id":0,"Lake_area":0.12,"Shore_len":1.68,"Shore_dev":1.39,"Vol_total":0.21,"Vol_res":0.0,"Vol_src":3,"Depth_avg":1.8,"Dis_avg":0.392,"Res_time":6.2,"Elevation":149,"Slope_100":0.76,"Wshd_area":42.2,"Pour_long":80.075553,"Pour_lat":17.411389,"source_id":"hydrolakes:1394761","label":""},"geometry":{"type":"Polygon","coordinates":[[[80.07500529819066,17.408605685764712],[80.07319444444448,17.406250000000682],[80.07222752041292,17.407145996094414],[80.07417196485738,17.4108279079868],[80.07469927469896,17.41249348958405],[80.07551651000995,17.412526041667377],[80.07610581292062,17.411979980469425],[80.07500529819066,17.408605685764712]]]}},{"type":"Feature","id":"hydrolakes:1394766","properties":{"Hylak_id":1394766,"Lake_name":"","Country":"India","Continent":"Asia","Poly_src":"SWBD","Lake_type":1,"Grand_id":0,"Lake_area":0.28,"Shore_len":2.87,"Shore_dev":1.53,"Vol_total":0.79,"Vol_res":0.0,"Vol_src":3,"Depth_avg":2.8,"Dis_avg":0.164,"Res_time":55.5,"Elevation":151,"Slope_100":1.41,"Wshd_area":16.6,"Pour_long":80.309623,"Pour_lat":17.407238,"source_id":"hydrolakes:1394766","label":""},"geometry":{"type":"Polygon","coordinates":[[[80.30778557671448,17.410285644531882],[80.30829555935333,17.409174533420867],[80.309448750814,17.409677463108324],[80.3112092081708,17.411647677952033],[80.31221442328564,17.411707628038812],[80.31065626356349,17.406142035591017],[80.30916039360909,17.40611979166738],[80.30855577256949,17.405791286893134],[80.30655280219179,17.406257324219553],[80.30605472140854,17.40670220269169],[80.30580976698161,17.410812174479872],[80.30613467746332,17.411410047743743],[80.30608537462035,17.41223714192779],[80.30680555555563,17.412083333333953],[80.30623633490694,17.410574815538837],[80.30778557671448,17.410285644531882]]]}},{"type":"Feature","id":"hydrolakes:1394771","properties":{"Hylak_id":1394771,"Lake_name":"","Country":"India","Continent":"Asia","Poly_src":"SWBD","Lake_type":1,"Grand_id":0,"Lake_area":0.44,"Shore_len":3.67,"Shore_dev":1.56,"Vol_total":0.76,"Vol_res":0.0,"Vol_src":3,"Depth_avg":1.7,"Dis_avg":1.067,"Res_time":8.2,"Elevation":147,"Slope_100":0.44,"Wshd_area":105.8,"Pour_long":80.222917,"Pour_lat":17.403267,"source_id":"hydrolakes:1394771","label":""},"geometry":{"type":"Polygon","coordinates":[[[80.22727847629142,17.40280327691039],[80.22680555555559,17.40097222222289],[80.22605514526401,17.401109212240215],[80.2255658806697,17.40167697482707],[80.22360078599723,17.401934136285547],[80.22316248575845,17.402442762587498],[80.22002003987637,17.40219048394158],[80.21894009060333,17.402956000434642],[80.2194569396973,17.403882378472872],[80.22370298597565,17.404161783854875],[80.22455807156035,17.405154079861745],[80.2252993096248,17.40681532118117],[80.22524648030611,17.40747287326451],[80.22677146063927,17.409881184896562],[80.2291219414605,17.409692382813148],[80.22824306911895,17.406213650174323],[80.2296415879992,17.404240993924304],[80.22776745266384,17.403899197049327],[80.22727847629142,17.40280327691039]]]}},{"type":"Feature","id":"hydrolakes:1394789","properties":{"Hylak_id":1394789,"Lake_name":"","Country":"India","Continent":"Asia","Poly_src":"SWBD","Lake_type":1,"Grand_id":0,"Lake_area":0.24,"Shore_len":1.98,"Shore_dev":1.13,"Vol_total":0.55,"Vol_res":0.0,"Vol_src":3,"Depth_avg":2.3,"Dis_avg":0.293,"Res_time":21.9,"Elevation":178,"Slope_100":0.93,"Wshd_area":30.1,"Pour_long":80.78979,"Pour_lat":17.384255,"source_id":"hydrolakes:1394789","label":""},"geometry":{"type":"Polygon","coordinates":[[[80.79026746961819,17.381121419271494],[80.79013888888915,17.38097222222291],[80.78780673556878,17.381167263455552],[80.78765658908452,17.383036295573618],[80.78923258463567,17.384865722656855],[80.78998969184033,17.385288085938157],[80.79195475260423,17.38554524739652],[80.79295050727006,17.386100802952],[80.79336642795153,17.38582872178887],[80.79326137966592,17.384520941840947],[80.79395907931882,17.38353705512219],[80.79208224826414,17.381759711372183],[80.79026746961819,17.381121419271494]]]}},{"type":"Feature","id":"hydrolakes:1394792","properties":{"Hylak_id":1394792,"Lake_name":"","Country":"India","Continent":"Asia","Poly_src":"SWBD","Lake_type":1,"Grand_id":0,"Lake_area":0.6,"Shore_len":3.35,"Shore_dev":1.22,"Vol_total":1.41,"Vol_res":0.0,"Vol_src":3,"Depth_avg":2.4,"Dis_avg":1.001,"Res_time":16.3,"Elevation":143,"Slope_100":0.77,"Wshd_area":112.5,"Pour_long":80.682791,"Pour_lat":17.38132,"source_id":"hydrolakes:1394792","label":""},"geometry":{"type":"Polygon","coordinates":[[[80.68723503960518,17.385568305122206],[80.68753255208338,17.38521023220568],[80.68914313422334,17.385374348959033],[80.68974806043849,17.3839797634555],[80.69109829372854,17.383394097223004],[80.69039320204024,17.381634385851328],[80.68799675835515,17.3803426106777],[80.68668497721376,17.380318467882603],[80.68675835503478,17.37896158854238],[80.68541666666692,17.378194444445057],[80.68289238823809,17.37872395833398],[80.68235588921459,17.379660644531953],[80.68207668728314,17.382399902344446],[80.68251905653216,17.38341959635494],[80.68307081434472,17.38387803819512],[80.68300726996551,17.384501139323618],[80.68333875868075,17.385630696615237],[80.68531148274752,17.387738715278488],[80.68655354817736,17.387865397136125],[80.68637356228311,17.386099717882644],[80.68723503960518,17.385568305122206]]]}},{"type":"Feature","id":"hydrolakes:1394846","properties":{"Hylak_id":1394846,"Lake_name":"","Country":"India","Continent":"Asia","Poly_src":"SWBD","Lake_type":1,"Grand_id":0,"Lake_area":0.2,"Shore_len":1.9,"Shore_dev":1.21,"Vol_total":1.05,"Vol_res":0.0,"Vol_src":3,"Depth_avg":5.4,"Dis_avg":1.284,"Res_time":9.5,"Elevation":85,"Slope_100":6.04,"Wshd_area":116.3,"Pour_long":82.204336,"Pour_lat":17.332443,"source_id":"hydrolakes:1394846","label":""},"geometry":{"type":"Polygon","coordinates":[[[82.20445231119822,17.33165879991384],[82.20402777777798,17.33097222222284],[82.20305813259586,17.331153157552762],[82.20226236979204,17.331864149306227],[82.20174126519134,17.33775743272639],[82.20350002712695,17.337862141927758],[82.20484388563392,17.33666151258757],[82.20445231119822,17.33165879991384]]]}},{"type":"Feature","id":"hydrolakes:1394860","properties":{"Hylak_id":1394860,"Lake_name":"","Country":"India","Continent":"Asia","Poly_src":"SWBD","Lake_type":1,"Grand_id":0,"Lake_area":0.3,"Shore_len":2.08,"Shore_dev":1.08,"Vol_total":1.26,"Vol_res":0.0,"Vol_src":3,"Depth_avg":4.3,"Dis_avg":0.928,"Res_time":15.7,"Elevation":57,"Slope_100":3.27,"Wshd_area":86.2,"Pour_long":82.34335,"Pour_lat":17.318899,"source_id":"hydrolakes:1394860","label":""},"geometry":{"type":"Polygon","coordinates":[[[82.34276746961837,17.316954752604886],[82.3426388888891,17.3168055555563],[82.34073052300363,17.317000325521462],[82.33973253038232,17.31840793185836],[82.34009738498281,17.321864149306236],[82.34131537543425,17.322311469184683],[82.34492811414975,17.321590711806266],[82.34496988932324,17.31920979817778],[82.3455452473961,17.317643500434713],[82.34445475260429,17.317211914063137],[82.34276746961837,17.316954752604886]]]}},{"type":"Feature","id":"hydrolakes:1394879","properties":{"Hylak_id":1394879,"Lake_name":"","Country":"India","Continent":"Asia","Poly_src":"SWBD","Lake_type":1,"Grand_id":0,"Lake_area":0.15,"Shore_len":1.77,"Shore_dev":1.31,"Vol_total":0.37,"Vol_res":0.0,"Vol_src":3,"Depth_avg":2.5,"Dis_avg":0.101,"Res_time":42.4,"Elevation":116,"Slope_100":1.39,"Wshd_area":8.4,"Pour_long":81.980023,"Pour_lat":17.303735,"source_id":"hydrolakes:1394879","label":""},"geometry":{"type":"Polygon","coordinates":[[[81.98259304470508,17.303798014323547],[81.98236111111129,17.303194444445182],[81.97946736653665,17.303328993056255],[81.97890421549505,17.304794108073565],[81.97977606879357,17.306555447049277],[81.9810744900177,17.307344021268023],[81.9809941948788,17.30885715060839],[81.98162462022589,17.30893554687566],[81.98227037217913,17.307439507379115],[81.98189263237867,17.304756673177906],[81.98259304470508,17.303798014323547]]]}},{"type":"Feature","id":"hydrolakes:1394884","properties":{"Hylak_id":1394884,"Lake_name":"","Country":"India","Continent":"Asia","Poly_src":"SWBD","Lake_type":1,"Grand_id":0,"Lake_area":0.99,"Shore_len":5.31,"Shore_dev":1.51,"Vol_total":4.15,"Vol_res":0.0,"Vol_src":3,"Depth_avg":4.2,"Dis_avg":0.628,"Res_time":76.6,"Elevation":214,"Slope_100":2.2,"Wshd_area":48.4,"Pour_long":81.349073,"Pour_lat":17.29375,"source_id":"hydrolakes:1394884","label":""},"geometry":{"type":"Polygon","coordinates":[[[81.35245347764766,17.297773980035515],[81.35186903211815,17.296464301215963],[81.35110080295158,17.29612141927163],[81.35035603841158,17.295402832031925],[81.35110080295158,17.29268202039998],[81.35083455403657,17.291332194011204],[81.35014200846376,17.29073540581669],[81.35073120117215,17.29005154079931],[81.35322916666689,17.289354654948568],[81.35458794487874,17.2879896375876],[81.3552781846791,17.286752387153513],[81.35598754882835,17.283095703125696],[81.35395168728326,17.282726508247322],[81.35309529622418,17.283204481337407],[81.35013210720513,17.28239800347285],[81.34986111111152,17.282083333333958],[81.34917765299491,17.282289225261025],[81.34854234483532,17.28342773437572],[81.34806586371553,17.285010308160338],[81.34615831163211,17.288995496962457],[81.34597900390628,17.291227484809724],[81.34713595920164,17.29285915798681],[81.34776095920148,17.294561089410422],[81.34695475260446,17.29600613064298],[81.34748969184051,17.296399197049254],[81.34862141927096,17.29665635850762],[81.34979139539945,17.297572428386104],[81.35099148220496,17.29747612847291],[81.3516172960073,17.29887858072982],[81.35245347764766,17.297773980035515]]]}},{"type":"Feature","id":"hydrolakes:1394885","properties":{"Hylak_id":1394885,"Lake_name":"","Country":"India","Continent":"Asia","Poly_src":"SWBD","Lake_type":1,"Grand_id":0,"Lake_area":0.14,"Shore_len":1.95,"Shore_dev":1.46,"Vol_total":0.25,"Vol_res":0.0,"Vol_src":3,"Depth_avg":1.8,"Dis_avg":0.06,"Res_time":47.8,"Elevation":128,"Slope_100":0.66,"Wshd_area":6.6,"Pour_long":80.160417,"Pour_lat":17.292246,"source_id":"hydrolakes:1394885","label":""},"geometry":{"type":"Polygon","coordinates":[[[80.15954201592348,17.292803548177687],[80.16248089260529,17.2928767903652],[80.16253129747184,17.292249348959047],[80.16212593926355,17.291522894965965],[80.1634376525879,17.290245496962484],[80.16319444444451,17.28958333333395],[80.16191313001849,17.289714084202046],[80.15991324530728,17.290866970486775],[80.15945476955835,17.29139919704926],[80.15787382337794,17.292389322917302],[80.15695476955835,17.29368570963618],[80.15762700398784,17.29430311415001],[80.15954201592348,17.292803548177687]]]}},{"type":"Feature","id":"hydrolakes:1394891","properties":{"Hylak_id":1394891,"Lake_name":"","Country":"India","Continent":"Asia","Poly_src":"SWBD","Lake_type":1,"Grand_id":0,"Lake_area":0.55,"Shore_len":3.1,"Shore_dev":1.18,"Vol_total":1.48,"Vol_res":0.0,"Vol_src":3,"Depth_avg":2.7,"Dis_avg":1.667,"Res_time":10.3,"Elevation":162,"Slope_100":1.05,"Wshd_area":149.2,"Pour_long":81.10913,"Pour_lat":17.284455,"source_id":"hydrolakes:1394891","label":""},"geometry":{"type":"Polygon","coordinates":[[[81.11026746961812,17.28405300564299],[81.10902777777784,17.282361111111925],[81.10690117730053,17.28280788845558],[81.10488362630235,17.282645670573515],[81.10317220052104,17.283668077257744],[81.10060946994383,17.282834201389505],[81.0998982747397,17.28442816840345],[81.10002549913213,17.286011555990285],[81.10148885091189,17.288590766059656],[81.10306586371553,17.288878580729772],[81.10405171712256,17.289428710938182],[81.1059058295358,17.288271213108317],[81.10641187879787,17.28713731553887],[81.10812839084224,17.286371256511075],[81.10860080295163,17.285823025174295],[81.10983364529102,17.2851996527786],[81.11026746961812,17.28405300564299]]]}},{"type":"Feature","id":"hydrolakes:1394904","properties":{"Hylak_id":1394904,"Lake_name":"","Country":"India","Continent":"Asia","Poly_src":"SWBD","Lake_type":1,"Grand_id":0,"Lake_area":0.18,"Shore_len":1.88,"Shore_dev":1.25,"Vol_total":0.26,"Vol_res":0.0,"Vol_src":3,"Depth_avg":1.5,"Dis_avg":0.135,"Res_time":22.3,"Elevation":132,"Slope_100":0.41,"Wshd_area":14.8,"Pour_long":80.178404,"Pour_lat":17.265354,"source_id":"hydrolakes:1394904","label":""},"geometry":{"type":"Polygon","coordinates":[[[80.17888359917549,17.26472764757017],[80.17847222222241,17.264027777778438],[80.17761127048067,17.264192165799273],[80.17722751193594,17.26500542534791],[80.1761164008247,17.26552978515707],[80.17648056030276,17.267465006511145],[80.17980324639217,17.267596842448597],[80.18305026584204,17.267153049045817],[80.18246700710733,17.266079644097886],[80.17888359917549,17.26472764757017]]]}},{"type":"Feature","id":"hydrolakes:1394911","properties":{"Hylak_id":1394911,"Lake_name":"","Country":"India","Continent":"Asia","Poly_src":"SWBD","Lake_type":1,"Grand_id":0,"Lake_area":0.21,"Shore_len":2.2,"Shore_dev":1.34,"Vol_total":0.33,"Vol_res":0.0,"Vol_src":3,"Depth_avg":1.5,"Dis_avg":0.314,"Res_time":12.1,"Elevation":144,"Slope_100":0.43,"Wshd_area":35.5,"Pour_long":80.718077,"Pour_lat":17.25799,"source_id":"hydrolakes:1394911","label":""},"geometry":{"type":"Polygon","coordinates":[[[80.71944166395417,17.25833604600757],[80.71875000000023,17.257361111111777],[80.71750278049052,17.25778049045209],[80.71409511990043,17.258256293403463],[80.7119472249351,17.2614670138895],[80.71317721896713,17.261919759115244],[80.71619032118076,17.26036756727501],[80.72027235243064,17.25957058376804],[80.72028917100698,17.25874728732714],[80.71944166395417,17.25833604600757]]]}},{"type":"Feature","id":"hydrolakes:1394922","properties":{"Hylak_id":1394922,"Lake_name":"","Country":"India","Continent":"Asia","Poly_src":"SWBD","Lake_type":1,"Grand_id":0,"Lake_area":0.22,"Shore_len":2.15,"Shore_dev":1.29,"Vol_total":0.42,"Vol_res":0.0,"Vol_src":3,"Depth_avg":1.9,"Dis_avg":0.03,"Res_time":163.9,"Elevation":57,"Slope_100":0.7,"Wshd_area":2.5,"Pour_long":81.878347,"Pour_lat":17.247917,"source_id":"hydrolakes:1394922","label":""},"geometry":{"type":"Polygon","coordinates":[[[81.88001532660621,17.2460956488722],[81.87902777777794,17.24486111111179],[81.87818291558187,17.245102810330536],[81.87752780490484,17.246217176649907],[81.87805840386318,17.249862738716047],[81.87987494574674,17.251683213976378],[81.88119371202265,17.25245849609439],[81.88219468858523,17.2525830078132],[81.88228325737867,17.25187011718816],[81.88117024739603,17.249131130643036],[81.88026909722248,17.24840928819515],[81.88001532660621,17.2460956488722]]]}},{"type":"Feature","id":"hydrolakes:1394925","properties":{"Hylak_id":1394925,"Lake_name":"","Country":"India","Continent":"Asia","Poly_src":"SWBD","Lake_type":1,"Grand_id":0,"Lake_area":0.28,"Shore_len":2.88,"Shore_dev":1.54,"Vol_total":0.59,"Vol_res":0.0,"Vol_src":3,"Depth_avg":2.1,"Dis_avg":0.209,"Res_time":32.5,"Elevation":121,"Slope_100":0.76,"Wshd_area":23.0,"Pour_long":80.156316,"Pour_lat":17.244204,"source_id":"hydrolakes:1394925","label":""},"geometry":{"type":"Polygon","coordinates":[[[80.1569341193308,17.24306586371597],[80.15601799858945,17.24272949218812],[80.15507113986564,17.24280544704925],[80.1540277777778,17.24208333333405],[80.15278810289192,17.24230957031324],[80.15326260036909,17.243192816840917],[80.15472215440559,17.24384412977497],[80.15500530666776,17.244784613716035],[80.15597061157229,17.245616048177737],[80.15537256876632,17.246688096788887],[80.15695476955835,17.248600802952012],[80.15744535658115,17.249700249566615],[80.16137856377503,17.248207736545737],[80.16087478637712,17.24734510633749],[80.15894794040258,17.246907552083997],[80.15847724066845,17.24534396701449],[80.15775967068157,17.244725748698727],[80.15832300821955,17.243716091580495],[80.1569341193308,17.24306586371597]]]}},{"type":"Feature","id":"hydrolakes:1394926","properties":{"Hylak_id":1394926,"Lake_name":"","Country":"India","Continent":"Asia","Poly_src":"SWBD","Lake_type":1,"Grand_id":0,"Lake_area":0.26,"Shore_len":2.07,"Shore_dev":1.15,"Vol_total":0.63,"Vol_res":0.0,"Vol_src":3,"Depth_avg":2.5,"Dis_avg":0.904,"Res_time":8.1,"Elevation":44,"Slope_100":1.09,"Wshd_area":70.1,"Pour_long":81.828258,"Pour_lat":17.243024,"source_id":"hydrolakes:1394926","label":""},"geometry":{"type":"Polygon","coordinates":[[[81.83299479166686,17.24396104600777],[81.83307413737009,17.243322482639655],[81.83231635199667,17.24228515625066],[81.83208333333351,17.241250000000605],[81.82922607421887,17.241607259115256],[81.82752685546888,17.24242323133751],[81.82734903971374,17.24385281033051],[81.8282419162328,17.24384847005274],[81.82841973198833,17.24527777777854],[81.82825561523464,17.246596679688253],[81.82929375542562,17.247206759983328],[81.83036933051244,17.246838650174425],[81.83299479166686,17.24396104600777]]]}},{"type":"Feature","id":"hydrolakes:1394930","properties":{"Hylak_id":1394930,"Lake_name":"","Country":"India","Continent":"Asia","Poly_src":"SWBD","Lake_type":1,"Grand_id":0,"Lake_area":0.21,"Shore_len":2.61,"Shore_dev":1.59,"Vol_total":0.31,"Vol_res":0.0,"Vol_src":3,"Depth_avg":1.4,"Dis_avg":0.044,"Res_time":81.1,"Elevation":114,"Slope_100":0.38,"Wshd_area":4.9,"Pour_long":80.518864,"Pour_lat":17.240739,"source_id":"hydrolakes:1394930","label":""},"geometry":{"type":"Polygon","coordinates":[[[80.52466328938817,17.241351725261154],[80.52319444444453,17.239583333333997],[80.5152881198461,17.24010498046954],[80.51591091579866,17.24122124566037],[80.5203519694013,17.241993543837452],[80.52019880506748,17.243899197049245],[80.52086598714203,17.24443413628535],[80.52080203586183,17.243638237847904],[80.52139438205296,17.242576768663866],[80.52332299126533,17.241656358507612],[80.52466328938817,17.241351725261154]]]}},{"type":"Feature","id":"hydrolakes:1394932","properties":{"Hylak_id":1394932,"Lake_name":"","Country":"India","Continent":"Asia","Poly_src":"SWBD","Lake_type":1,"Grand_id":0,"Lake_area":0.3,"Shore_len":3.19,"Shore_dev":1.65,"Vol_total":0.5,"Vol_res":0.0,"Vol_src":3,"Depth_avg":1.7,"Dis_avg":0.372,"Res_time":15.5,"Elevation":111,"Slope_100":0.48,"Wshd_area":40.6,"Pour_long":80.292364,"Pour_lat":17.239652,"source_id":"hydrolakes:1394932","label":""},"geometry":{"type":"Polygon","coordinates":[[[80.29380299886071,17.24665608724024],[80.29503896077478,17.2457929144972],[80.294991353353,17.244993760851514],[80.29538150363493,17.244275716146547],[80.2930394151478,17.24124321831664],[80.29291666666683,17.237638888889535],[80.29161641438816,17.237812771267954],[80.29036041259775,17.240292697483312],[80.2922300211589,17.241381022136068],[80.29276997884114,17.241995713976394],[80.2914045206706,17.243765733507644],[80.2904218207467,17.244216579861757],[80.2889271714954,17.24412760416726],[80.28834113226998,17.244525282118673],[80.2901868014867,17.24617458767426],[80.29264675564252,17.246027832031814],[80.29380299886071,17.24665608724024]]]}},{"type":"Feature","id":"hydrolakes:1394934","properties":{"Hylak_id":1394934,"Lake_name":"","Country":"India","Continent":"Asia","Poly_src":"SWBD","Lake_type":1,"Grand_id":0,"Lake_area":0.16,"Shore_len":1.88,"Shore_dev":1.31,"Vol_total":0.27,"Vol_res":0.0,"Vol_src":3,"Depth_avg":1.7,"Dis_avg":0.581,"Res_time":5.5,"Elevation":171,"Slope_100":0.56,"Wshd_area":64.1,"Pour_long":80.851713,"Pour_lat":17.238754,"source_id":"hydrolakes:1394934","label":""},"geometry":{"type":"Polygon","coordinates":[[[80.85032945421017,17.240370279948593],[80.85082472059474,17.239679361979768],[80.85155958387611,17.240145941841035],[80.85349087185352,17.239636230469387],[80.85375318739176,17.23830864800408],[80.85261461046025,17.23714463975756],[80.85180555555576,17.23486111111191],[80.85090189615903,17.235007324219396],[80.85146613227016,17.235895996094484],[80.85030605740042,17.2367274305563],[80.85002292209225,17.237800564236807],[80.84918958875892,17.238397894965885],[80.84958550347227,17.240223253038835],[80.85032945421017,17.240370279948593]]]}},{"type":"Feature","id":"hydrolakes:1394935","properties":{"Hylak_id":1394935,"Lake_name":"","Country":"India","Continent":"Asia","Poly_src":"SWBD","Lake_type":1,"Grand_id":0,"Lake_area":0.24,"Shore_len":2.33,"Shore_dev":1.34,"Vol_total":0.47,"Vol_res":0.0,"Vol_src":3,"Depth_avg":1.9,"Dis_avg":1.8,"Res_time":3.0,"Elevation":39,"Slope_100":0.69,"Wshd_area":137.7,"Pour_long":81.592393,"Pour_lat":17.235328,"source_id":"hydrolakes:1394935","label":""},"geometry":{"type":"Polygon","coordinates":[[[81.59248969184057,17.231954752604906],[81.5920833333335,17.230972222222988],[81.5915139431425,17.2311436631951],[81.58907836914074,17.235129394531896],[81.59072062174499,17.235862087674434],[81.59051052517407,17.238476833768004],[81.5910617404515,17.23971191406315],[81.59245659722234,17.23931043836876],[81.5927674696182,17.236934136285356],[81.59332302517379,17.235938313802762],[81.59302585177971,17.232915852865176],[81.59248969184057,17.231954752604906]]]}},{"type":"Feature","id":"hydrolakes:1394936","properties":{"Hylak_id":1394936,"Lake_name":"","Country":"India","Continent":"Asia","Poly_src":"SWBD","Lake_type":1,"Grand_id":0,"Lake_area":0.16,"Shore_len":1.84,"Shore_dev":1.3,"Vol_total":0.24,"Vol_res":0.0,"Vol_src":3,"Depth_avg":1.5,"Dis_avg":0.045,"Res_time":62.9,"Elevation":112,"Slope_100":0.47,"Wshd_area":4.9,"Pour_long":80.292942,"Pour_lat":17.231238,"source_id":"hydrolakes:1394936","label":""},"geometry":{"type":"Polygon","coordinates":[[[80.29417446560336,17.230269911025005],[80.2920833333335,17.22791666666734],[80.29085276285826,17.228146430122194],[80.29080976698134,17.228867730035404],[80.29138108995227,17.230285644531875],[80.291897922092,17.230747341580468],[80.29201276991108,17.23267415364643],[80.29139668782574,17.23380805121593],[80.29232279459637,17.23443657769161],[80.29342278374588,17.234047309028483],[80.29443664550803,17.23122151692769],[80.29417446560336,17.230269911025005]]]}},{"type":"Feature","id":"hydrolakes:1394938","properties":{"Hylak_id":1394938,"Lake_name":"","Country":"India","Continent":"Asia","Poly_src":"SWBD","Lake_type":1,"Grand_id":0,"Lake_area":0.14,"Shore_len":1.53,"Shore_dev":1.15,"Vol_total":0.58,"Vol_res":0.0,"Vol_src":3,"Depth_avg":4.1,"Dis_avg":0.008,"Res_time":835.0,"Elevation":39,"Slope_100":3.81,"Wshd_area":0.6,"Pour_long":81.755919,"Pour_lat":17.230897,"source_id":"hydrolakes:1394938","label":""},"geometry":{"type":"Polygon","coordinates":[[[81.75767130533865,17.23038872612915],[81.75680555555567,17.229027777778526],[81.75548719618087,17.229192708333983],[81.75348551432342,17.230795627170835],[81.75364569769982,17.232083333334003],[81.75349419487873,17.233301595052694],[81.7541370985245,17.233381618924284],[81.75498467339435,17.23276231553882],[81.75702650282153,17.232465277778545],[81.75692586263062,17.231656629774932],[81.75767130533865,17.23038872612915]]]}},{"type":"Feature","id":"hydrolakes:1394940","properties":{"Hylak_id":1394940,"Lake_name":"","Country":"India","Continent":"Asia","Poly_src":"SWBD","Lake_type":1,"Grand_id":0,"Lake_area":0.26,"Shore_len":2.6,"Shore_dev":1.45,"Vol_total":0.44,"Vol_res":0.0,"Vol_src":3,"Depth_avg":1.7,"Dis_avg":0.156,"Res_time":33.0,"Elevation":122,"Slope_100":0.53,"Wshd_area":17.2,"Pour_long":80.191318,"Pour_lat":17.228782,"source_id":"hydrolakes:1394940","label":""},"geometry":{"type":"Polygon","coordinates":[[[80.192240108914,17.232517903646453],[80.19248416476796,17.23192165798673],[80.19306640625018,17.231922200521524],[80.19365492079004,17.232277289497176],[80.19434446546785,17.232175292969316],[80.19401265462238,17.229930013021544],[80.1945325215658,17.229068196615287],[80.19433322482655,17.227719455295755],[80.19480173746774,17.22652777777847],[80.19458333333353,17.22597222222288],[80.19308809068474,17.22673312717086],[80.19202423095709,17.226575792101357],[80.19156353420686,17.228230251736875],[80.19094587537995,17.228706868490235],[80.18979363335518,17.23112792968817],[80.1911403740778,17.231933322483258],[80.19057344224717,17.233902723524977],[80.19153979831287,17.234426540799234],[80.192240108914,17.232517903646453]]]}},{"type":"Feature","id":"hydrolakes:1394947","properties":{"Hylak_id":1394947,"Lake_name":"","Country":"India","Continent":"Asia","Poly_src":"SWBD","Lake_type":1,"Grand_id":0,"Lake_area":0.7,"Shore_len":4.12,"Shore_dev":1.39,"Vol_total":1.74,"Vol_res":0.0,"Vol_src":3,"Depth_avg":2.5,"Dis_avg":0.258,"Res_time":78.2,"Elevation":113,"Slope_100":0.81,"Wshd_area":30.1,"Pour_long":80.553691,"Pour_lat":17.222798,"source_id":"hydrolakes:1394947","label":""},"geometry":{"type":"Polygon","coordinates":[[[80.56008951822935,17.211901855469478],[80.55986111111145,17.211250000000632],[80.5564939371746,17.213496907552724],[80.55346835666234,17.21463514540011],[80.55253560384125,17.21729654947984],[80.55244900173619,17.219480794271533],[80.55277248806442,17.220838758681225],[80.5533015950524,17.221838650174277],[80.55329508463552,17.226381835938184],[80.5537695990671,17.226400553386043],[80.555451863607,17.222562934028417],[80.5570116509333,17.221789550782034],[80.55861640082475,17.219727647570096],[80.55997511121967,17.21709852430621],[80.5588941786026,17.21505588107715],[80.56008951822935,17.211901855469478]]]}},{"type":"Feature","id":"hydrolakes:1394951","properties":{"Hylak_id":1394951,"Lake_name":"","Country":"India","Continent":"Asia","Poly_src":"SWBD","Lake_type":1,"Grand_id":0,"Lake_area":0.14,"Shore_len":1.82,"Shore_dev":1.36,"Vol_total":0.36,"Vol_res":0.0,"Vol_src":3,"Depth_avg":2.5,"Dis_avg":0.024,"Res_time":173.6,"Elevation":154,"Slope_100":1.38,"Wshd_area":2.7,"Pour_long":80.783558,"Pour_lat":17.220681,"source_id":"hydrolakes:1394951","label":""},"geometry":{"type":"Polygon","coordinates":[[[80.78557094997842,17.223040093316627],[80.78513827853749,17.222693684896512],[80.78402777777791,17.220416666667347],[80.78057094997848,17.22124593099022],[80.78094387478308,17.22274305555635],[80.78184916178395,17.223873426649902],[80.78381612141948,17.222910698785483],[80.78420477973094,17.22470675998335],[80.78482557508704,17.22441894531312],[80.7852623833553,17.223873426649902],[80.78615478515644,17.22361843533048],[80.78557094997842,17.223040093316627]]]}},{"type":"Feature","id":"hydrolakes:1394956","properties":{"Hylak_id":1394956,"Lake_name":"","Country":"India","Continent":"Asia","Poly_src":"SWBD","Lake_type":1,"Grand_id":0,"Lake_area":0.67,"Shore_len":4.29,"Shore_dev":1.48,"Vol_total":1.71,"Vol_res":0.0,"Vol_src":3,"Depth_avg":2.6,"Dis_avg":0.916,"Res_time":21.6,"Elevation":38,"Slope_100":0.88,"Wshd_area":80.8,"Pour_long":82.100301,"Pour_lat":17.213498,"source_id":"hydrolakes:1394956","label":""},"geometry":{"type":"Polygon","coordinates":[[[82.10089423285609,17.210298936632626],[82.10244913737029,17.210206434462464],[82.10357326931455,17.212492133247224],[82.10499213324681,17.212068956163876],[82.10466349283888,17.20946533203187],[82.10263888888909,17.20708333333397],[82.1019365776911,17.207214355469432],[82.1002856445316,17.208618977865285],[82.09903659396724,17.209192165799266],[82.09791571723105,17.21095458984439],[82.09584120008708,17.211952311198615],[82.0944731987849,17.212270507813173],[82.09279310438376,17.21377170138959],[82.09271131727462,17.21514241536522],[82.093670247396,17.216789550781925],[82.09598578559041,17.21804768880287],[82.0978613281253,17.21700005425413],[82.10055243598111,17.21430257161518],[82.10089423285609,17.210298936632626]]]}},{"type":"Feature","id":"hydrolakes:1394961","properties":{"Hylak_id":1394961,"Lake_name":"","Country":"India","Continent":"Asia","Poly_src":"SWBD","Lake_type":1,"Grand_id":0,"Lake_area":0.3,"Shore_len":2.37,"Shore_dev":1.22,"Vol_total":0.49,"Vol_res":0.0,"Vol_src":3,"Depth_avg":1.6,"Dis_avg":0.066,"Res_time":85.7,"Elevation":113,"Slope_100":0.43,"Wshd_area":7.6,"Pour_long":80.601569,"Pour_lat":17.205702,"source_id":"hydrolakes:1394961","label":""},"geometry":{"type":"Polygon","coordinates":[[[80.59998969184034,17.201954752604763],[80.59986111111107,17.201805555556177],[80.59918735080299,17.20200846354237],[80.59888726128491,17.203977593316665],[80.59723253038214,17.20501030816041],[80.59584364149327,17.205428602431255],[80.59639634874156,17.206321072049207],[80.5978366427953,17.2067545572923],[80.59948465983098,17.20804524739657],[80.60337877061647,17.20653727213613],[80.60338528103324,17.203659125434683],[80.60158711751313,17.203331163195116],[80.59998969184034,17.201954752604763]]]}},{"type":"Feature","id":"hydrolakes:1394962","properties":{"Hylak_id":1394962,"Lake_name":"","Country":"India","Continent":"Asia","Poly_src":"SWBD","Lake_type":1,"Grand_id":0,"Lake_area":0.1,"Shore_len":1.76,"Shore_dev":1.55,"Vol_total":0.18,"Vol_res":0.0,"Vol_src":3,"Depth_avg":1.8,"Dis_avg":1.4,"Res_time":1.5,"Elevation":117,"Slope_100":0.75,"Wshd_area":110.9,"Pour_long":81.263929,"Pour_lat":17.203033,"source_id":"hydrolakes:1394962","label":""},"geometry":{"type":"Polygon","coordinates":[[[81.26491536458354,17.20268907335145],[81.2645833333334,17.201805555556177],[81.26293551974857,17.202016330295805],[81.26312093098971,17.203835449219355],[81.2622093370228,17.204987250434726],[81.26195732964419,17.20584608290011],[81.26112399631091,17.206538357205602],[81.26186211480058,17.207765028212407],[81.26252387152789,17.207317708334074],[81.2624617513024,17.20587537977491],[81.26470147026924,17.204786512587475],[81.26491536458354,17.20268907335145]]]}},{"type":"Feature","id":"hydrolakes:1394979","properties":{"Hylak_id":1394979,"Lake_name":"","Country":"India","Continent":"Asia","Poly_src":"SWBD","Lake_type":1,"Grand_id":0,"Lake_area":0.77,"Shore_len":5.04,"Shore_dev":1.62,"Vol_total":1.97,"Vol_res":0.0,"Vol_src":3,"Depth_avg":2.6,"Dis_avg":1.063,"Res_time":21.5,"Elevation":36,"Slope_100":0.84,"Wshd_area":89.0,"Pour_long":81.84498,"Pour_lat":17.190606,"source_id":"hydrolakes:1394979","label":""},"geometry":{"type":"Polygon","coordinates":[[[81.85556342230922,17.190563422309708],[81.85692423502633,17.19007514105965],[81.85736111111129,17.189027777778392],[81.85415879991336,17.1891587999138],[81.8477619086375,17.19039767795192],[81.84602471245694,17.189675292969525],[81.84513536241337,17.188896755643043],[81.84186659071196,17.1945369466153],[81.84366319444473,17.195091688368734],[81.84644422743071,17.198657226563114],[81.84725477430584,17.20042317708402],[81.84820271809912,17.199908040365244],[81.84860324435806,17.199393174913894],[81.84796535915825,17.198822970920844],[81.85038492838561,17.196935763889485],[81.8496396213111,17.1948583984381],[81.8497364637588,17.19323323567778],[81.8511189778647,17.192230088976316],[81.8520015462243,17.19084228515686],[81.85556342230922,17.190563422309708]]]}},{"type":"Feature","id":"hydrolakes:1394989","properties":{"Hylak_id":1394989,"Lake_name":"","Country":"India","Continent":"Asia","Poly_src":"SWBD","Lake_type":1,"Grand_id":0,"Lake_area":0.12,"Shore_len":1.88,"Shore_dev":1.56,"Vol_total":0.13,"Vol_res":0.0,"Vol_src":3,"Depth_avg":1.1,"Dis_avg":0.453,"Res_time":3.4,"Elevation":93,"Slope_100":0.29,"Wshd_area":50.2,"Pour_long":80.350193,"Pour_lat":17.183146,"source_id":"hydrolakes:1394989","label":""},"geometry":{"type":"Polygon","coordinates":[[[80.35054629855699,17.18329725477497],[80.34944512261302,17.182239312066656],[80.34902777777785,17.17986111111179],[80.34779218885672,17.181048177083937],[80.34889729817723,17.182504611545767],[80.34888312445747,17.18319986979236],[80.34747395833347,17.18250271267442],[80.34694722493492,17.18364095052152],[80.34922207302526,17.18582655164994],[80.35056932237433,17.184424370660338],[80.35054629855699,17.18329725477497]]]}},{"type":"Feature","id":"hydrolakes:1394990","properties":{"Hylak_id":1394990,"Lake_name":"","Country":"India","Continent":"Asia","Poly_src":"SWBD","Lake_type":1,"Grand_id":0,"Lake_area":0.18,"Shore_len":1.87,"Shore_dev":1.23,"Vol_total":0.26,"Vol_res":0.0,"Vol_src":3,"Depth_avg":1.4,"Dis_avg":0.025,"Res_time":120.2,"Elevation":105,"Slope_100":0.4,"Wshd_area":2.9,"Pour_long":80.515812,"Pour_lat":17.182714,"source_id":"hydrolakes:1394990","label":""},"geometry":{"type":"Polygon","coordinates":[[[80.51609575059689,17.18223768446245],[80.51597222222227,17.182083333333935],[80.5139149983728,17.182222764757626],[80.51307091606992,17.183626573351376],[80.51223758273665,17.184293891059724],[80.51262841118728,17.184995930990283],[80.51487375895215,17.18532253689301],[80.51539638943166,17.187150607639694],[80.5166390652127,17.187305230035406],[80.51661641438818,17.18584581163259],[80.51732591417107,17.185277777778424],[80.51693488227005,17.182591145833953],[80.51609575059689,17.18223768446245]]]}},{"type":"Feature","id":"hydrolakes:1394992","properties":{"Hylak_id":1394992,"Lake_name":"","Country":"India","Continent":"Asia","Poly_src":"SWBD","Lake_type":1,"Grand_id":0,"Lake_area":0.17,"Shore_len":1.89,"Shore_dev":1.31,"Vol_total":0.33,"Vol_res":0.0,"Vol_src":3,"Depth_avg":2.0,"Dis_avg":0.122,"Res_time":31.8,"Elevation":117,"Slope_100":0.83,"Wshd_area":13.5,"Pour_long":80.256303,"Pour_lat":17.181165,"source_id":"hydrolakes:1394992","label":""},"geometry":{"type":"Polygon","coordinates":[[[80.25721440633146,17.179174533420735],[80.25477851019986,17.179194335938234],[80.25459481133356,17.182276475695232],[80.25639670477995,17.183325466580527],[80.25780785454646,17.18526991102499],[80.25855692545588,17.184511447483317],[80.2574702453615,17.182511664497213],[80.25818152533657,17.181876356337398],[80.25772437201601,17.18103488498332],[80.2578038703071,17.179701063368782],[80.25721440633146,17.179174533420735]]]}},{"type":"Feature","id":"hydrolakes:1395007","properties":{"Hylak_id":1395007,"Lake_name":"","Country":"India","Continent":"Asia","Poly_src":"SWBD","Lake_type":1,"Grand_id":0,"Lake_area":0.27,"Shore_len":2.34,"Shore_dev":1.28,"Vol_total":0.4,"Vol_res":0.0,"Vol_src":3,"Depth_avg":1.5,"Dis_avg":0.101,"Res_time":45.4,"Elevation":106,"Slope_100":0.37,"Wshd_area":11.3,"Pour_long":80.30469,"Pour_lat":17.172256,"source_id":"hydrolakes:1395007","label":""},"geometry":{"type":"Polygon","coordinates":[[[80.3040149603952,17.17540852864647],[80.30562225341816,17.171280924479788],[80.30541666666676,17.170694444445132],[80.30416137695312,17.170827907986734],[80.30266387939469,17.17135281033046],[80.30155507405601,17.17076605902838],[80.299361097548,17.170853135851473],[80.29830668131518,17.17141113281309],[80.29833987765852,17.172248806424307],[80.30069976806658,17.173433973524993],[80.30147891574461,17.174274902344393],[80.30285410563152,17.17666124132012],[80.3040149603952,17.17540852864647]]]}},{"type":"Feature","id":"hydrolakes:1395011","properties":{"Hylak_id":1395011,"Lake_name":"","Country":"India","Continent":"Asia","Poly_src":"SWBD","Lake_type":1,"Grand_id":0,"Lake_area":0.1,"Shore_len":1.58,"Shore_dev":1.38,"Vol_total":0.13,"Vol_res":0.0,"Vol_src":3,"Depth_avg":1.3,"Dis_avg":0.812,"Res_time":1.9,"Elevation":105,"Slope_100":0.38,"Wshd_area":100.9,"Pour_long":80.619933,"Pour_lat":17.169566,"source_id":"hydrolakes:1395011","label":""},"geometry":{"type":"Polygon","coordinates":[[[80.62276746961817,17.16984809027838],[80.62217834472682,17.16939208984445],[80.62134392632402,17.169459092882562],[80.6204892306859,17.16846706814306],[80.61811842176667,17.167753363715974],[80.61791666666682,17.16708333333395],[80.61723253038213,17.167289225261015],[80.61812886556004,17.169364420573572],[80.61989495171446,17.17110080295214],[80.62276746961817,17.16984809027838]]]}},{"type":"Feature","id":"hydrolakes:1395012","properties":{"Hylak_id":1395012,"Lake_name":"","Country":"India","Continent":"Asia","Poly_src":"SWBD","Lake_type":1,"Grand_id":0,"Lake_area":0.36,"Shore_len":2.8,"Shore_dev":1.31,"Vol_total":0.71,"Vol_res":0.0,"Vol_src":3,"Depth_avg":2.0,"Dis_avg":1.312,"Res_time":6.3,"Elevation":26,"Slope_100":0.61,"Wshd_area":109.3,"Pour_long":81.805773,"Pour_lat":17.1691,"source_id":"hydrolakes:1395012","label":""},"geometry":{"type":"Polygon","coordinates":[[[81.80749213324674,17.17167453342074],[81.80709445529544,17.168700900608314],[81.80597222222247,17.167361111111802],[81.80139675564266,17.16750027126801],[81.80180948893258,17.17276150173683],[81.80318698459234,17.17284369574719],[81.80385104709228,17.17139675564306],[81.80531385633702,17.172034505209126],[81.8052553982206,17.173014051650057],[81.8060251193578,17.173875596788832],[81.80804090711825,17.173995496962505],[81.80809312608523,17.173119303386102],[81.80749213324674,17.17167453342074]]]}},{"type":"Feature","id":"hydrolakes:1395022","properties":{"Hylak_id":1395022,"Lake_name":"","Country":"India","Continent":"Asia","Poly_src":"SWBD","Lake_type":1,"Grand_id":0,"Lake_area":0.19,"Shore_len":1.86,"Shore_dev":1.21,"Vol_total":0.34,"Vol_res":0.0,"Vol_src":3,"Depth_avg":1.8,"Dis_avg":0.017,"Res_time":228.1,"Elevation":27,"Slope_100":0.61,"Wshd_area":1.4,"Pour_long":81.838192,"Pour_lat":17.164866,"source_id":"hydrolakes:1395022","label":""},"geometry":{"type":"Polygon","coordinates":[[[81.84026746961831,17.164617241754115],[81.83930555555577,17.163750000000732],[81.83484510633696,17.163912489149936],[81.8327880859377,17.16621609158051],[81.83383300781264,17.16711642795201],[81.8367111545142,17.16688503689312],[81.84026746961831,17.164617241754115]]]}},{"type":"Feature","id":"hydrolakes:1395028","properties":{"Hylak_id":1395028,"Lake_name":"","Country":"India","Continent":"Asia","Poly_src":"SWBD","Lake_type":1,"Grand_id":0,"Lake_area":0.27,"Shore_len":2.04,"Shore_dev":1.1,"Vol_total":0.46,"Vol_res":0.0,"Vol_src":3,"Depth_avg":1.7,"Dis_avg":0.125,"Res_time":42.5,"Elevation":110,"Slope_100":0.49,"Wshd_area":14.8,"Pour_long":80.667282,"Pour_lat":17.160974,"source_id":"hydrolakes:1395028","label":""},"geometry":{"type":"Polygon","coordinates":[[[80.66634555392801,17.1594455295147],[80.66597222222242,17.159027777778533],[80.66320963541676,17.159227430556143],[80.66226548936635,17.160964898004067],[80.6635125054255,17.163106825087482],[80.66486707899321,17.16396837022637],[80.66577867296013,17.164988335504063],[80.66663323296461,17.16503933376805],[80.66817715115025,17.160567491320137],[80.66778557671466,17.15971435546936],[80.66634555392801,17.1594455295147]]]}},{"type":"Feature","id":"hydrolakes:1395036","properties":{"Hylak_id":1395036,"Lake_name":"","Country":"India","Continent":"Asia","Poly_src":"SWBD","Lake_type":1,"Grand_id":0,"Lake_area":0.16,"Shore_len":1.86,"Shore_dev":1.31,"Vol_total":0.31,"Vol_res":0.0,"Vol_src":3,"Depth_avg":1.9,"Dis_avg":0.03,"Res_time":119.6,"Elevation":114,"Slope_100":0.76,"Wshd_area":3.5,"Pour_long":80.686574,"Pour_lat":17.157325,"source_id":"hydrolakes:1395036","label":""},"geometry":{"type":"Polygon","coordinates":[[[80.68804775661903,17.15723008897635],[80.68763888888901,17.15625000000074],[80.68429111056878,17.15645996093815],[80.68379469129798,17.15737331814313],[80.68483100043414,17.160729437934663],[80.68603013780398,17.161381022136027],[80.68642801920583,17.16079508463605],[80.68629801432297,17.15861436632008],[80.68888108995247,17.158269042969494],[80.68804775661903,17.15723008897635]]]}},{"type":"Feature","id":"hydrolakes:1395037","properties":{"Hylak_id":1395037,"Lake_name":"","Country":"India","Continent":"Asia","Poly_src":"SWBD","Lake_type":1,"Grand_id":0,"Lake_area":0.29,"Shore_len":2.31,"Shore_dev":1.2,"Vol_total":0.47,"Vol_res":0.0,"Vol_src":3,"Depth_avg":1.6,"Dis_avg":0.085,"Res_time":64.6,"Elevation":103,"Slope_100":0.45,"Wshd_area":10.0,"Pour_long":80.544833,"Pour_lat":17.156233,"source_id":"hydrolakes:1395037","label":""},"geometry":{"type":"Polygon","coordinates":[[[80.54965081108952,17.159601779514617],[80.54984157986115,17.15806803385476],[80.54486111111117,17.15347222222283],[80.54397332085506,17.153626844618714],[80.54371612548834,17.155694444445146],[80.54395799424918,17.157638888889494],[80.54382717556433,17.15869059244858],[80.54424411349834,17.159680175781887],[80.54631754557306,17.159087999132623],[80.5475450642906,17.159984537761034],[80.54965081108952,17.159601779514617]]]}},{"type":"Feature","id":"hydrolakes:1395041","properties":{"Hylak_id":1395041,"Lake_name":"","Country":"India","Continent":"Asia","Poly_src":"SWBD","Lake_type":1,"Grand_id":0,"Lake_area":0.21,"Shore_len":2.07,"Shore_dev":1.28,"Vol_total":0.45,"Vol_res":0.0,"Vol_src":3,"Depth_avg":2.2,"Dis_avg":0.205,"Res_time":25.2,"Elevation":99,"Slope_100":0.89,"Wshd_area":24.0,"Pour_long":80.141795,"Pour_lat":17.154817,"source_id":"hydrolakes:1395041","label":""},"geometry":{"type":"Polygon","coordinates":[[[80.14202697753922,17.154908582899964],[80.14180555555572,17.154305555556277],[80.14032853868281,17.15457492404579],[80.13983584933811,17.15567925347284],[80.1392187669544,17.156395399306234],[80.13586385091162,17.15670355902847],[80.13578243679484,17.157716742622256],[80.13817828708233,17.15969862196249],[80.1398922220867,17.15983642578192],[80.1410462443036,17.158362630208956],[80.1413785637751,17.1558230251743],[80.14202697753922,17.154908582899964]]]}},{"type":"Feature","id":"hydrolakes:1395042","properties":{"Hylak_id":1395042,"Lake_name":"","Country":"India","Continent":"Asia","Poly_src":"SWBD","Lake_type":1,"Grand_id":0,"Lake_area":0.17,"Shore_len":1.94,"Shore_dev":1.34,"Vol_total":0.32,"Vol_res":0.0,"Vol_src":3,"Depth_avg":1.9,"Dis_avg":0.058,"Res_time":64.3,"Elevation":105,"Slope_100":0.76,"Wshd_area":6.6,"Pour_long":80.213151,"Pour_lat":17.153833,"source_id":"hydrolakes:1395042","label":""},"geometry":{"type":"Polygon","coordinates":[[[80.21054523044165,17.15278808593814],[80.21041666666673,17.152638888889555],[80.20945476955853,17.152928602431132],[80.20986029730926,17.154021267361713],[80.21167699178062,17.15443413628526],[80.2122691345217,17.15660942925416],[80.21350606282562,17.1580452473965],[80.21415135701506,17.157623155382623],[80.21443411933058,17.156378580729722],[80.21554523044176,17.154811469184665],[80.21499287923189,17.154000922309706],[80.21054523044165,17.15278808593814]]]}},{"type":"Feature","id":"hydrolakes:1395053","properties":{"Hylak_id":1395053,"Lake_name":"","Country":"India","Continent":"Asia","Poly_src":"SWBD","Lake_type":1,"Grand_id":0,"Lake_area":0.16,"Shore_len":1.74,"Shore_dev":1.23,"Vol_total":0.24,"Vol_res":0.0,"Vol_src":3,"Depth_avg":1.5,"Dis_avg":0.048,"Res_time":57.3,"Elevation":147,"Slope_100":0.45,"Wshd_area":5.3,"Pour_long":80.86709,"Pour_lat":17.141434,"source_id":"hydrolakes:1395053","label":""},"geometry":{"type":"Polygon","coordinates":[[[80.86638108995248,17.140841200087493],[80.86273640950532,17.140914713542315],[80.8618990071617,17.141662868924357],[80.86311523437513,17.14203830295213],[80.86385192871109,17.144424099393007],[80.86582553439689,17.143603244358246],[80.86804775661898,17.143188476563125],[80.86776618109815,17.141545681424304],[80.86638108995248,17.140841200087493]]]}},{"type":"Feature","id":"hydrolakes:1395056","properties":{"Hylak_id":1395056,"Lake_name":"","Country":"India","Continent":"Asia","Poly_src":"SWBD","Lake_type":1,"Grand_id":0,"Lake_area":0.27,"Shore_len":2.54,"Shore_dev":1.38,"Vol_total":0.5,"Vol_res":0.0,"Vol_src":3,"Depth_avg":1.8,"Dis_avg":0.668,"Res_time":8.6,"Elevation":91,"Slope_100":0.6,"Wshd_area":59.5,"Pour_long":81.178685,"Pour_lat":17.139542,"source_id":"hydrolakes:1395056","label":""},"geometry":{"type":"Polygon","coordinates":[[[81.18471950954881,17.142219509549307],[81.1851562500002,17.14137152777846],[81.18316514756958,17.14141221788259],[81.1815997992623,17.141030544705643],[81.18033284505213,17.13981336805631],[81.17902777777806,17.13791666666725],[81.17806084526916,17.138490668403392],[81.1780305989584,17.139970160590906],[81.17916395399317,17.141641981337443],[81.17834160698806,17.143570421007553],[81.18028049045148,17.143886176215915],[81.18108127170154,17.144719509549304],[81.1822195095487,17.14416395399377],[81.18419270833363,17.14384277343811],[81.18471950954881,17.142219509549307]]]}},{"type":"Feature","id":"hydrolakes:1395058","properties":{"Hylak_id":1395058,"Lake_name":"","Country":"India","Continent":"Asia","Poly_src":"SWBD","Lake_type":1,"Grand_id":0,"Lake_area":0.13,"Shore_len":1.62,"Shore_dev":1.29,"Vol_total":0.17,"Vol_res":0.0,"Vol_src":3,"Depth_avg":1.3,"Dis_avg":0.111,"Res_time":17.5,"Elevation":98,"Slope_100":0.39,"Wshd_area":13.1,"Pour_long":80.134807,"Pour_lat":17.137954,"source_id":"hydrolakes:1395058","label":""},"geometry":{"type":"Polygon","coordinates":[[[80.13559968736456,17.138873426650036],[80.1371084255644,17.13582628038256],[80.13597222222234,17.134861111111775],[80.13526241726356,17.134984537761227],[80.1344198947483,17.13603678385482],[80.13140424940326,17.13656141493135],[80.13175593058304,17.137128363715874],[80.13276992797859,17.13751817491385],[80.13320256551128,17.137464463976357],[80.13559968736456,17.138873426650036]]]}},{"type":"Feature","id":"hydrolakes:1395061","properties":{"Hylak_id":1395061,"Lake_name":"","Country":"India","Continent":"Asia","Poly_src":"SWBD","Lake_type":1,"Grand_id":0,"Lake_area":0.45,"Shore_len":3.35,"Shore_dev":1.42,"Vol_total":0.8,"Vol_res":0.0,"Vol_src":3,"Depth_avg":1.8,"Dis_avg":0.534,"Res_time":17.3,"Elevation":98,"Slope_100":0.48,"Wshd_area":59.9,"Pour_long":80.216896,"Pour_lat":17.137068,"source_id":"hydrolakes:1395061","label":""},"geometry":{"type":"Polygon","coordinates":[[[80.21625779893662,17.140133734809638],[80.21824830796987,17.138539767795862],[80.21711454603411,17.137122124566588],[80.21560104370133,17.13384141710128],[80.21319444444447,17.133541937934638],[80.21216186523452,17.13367051866385],[80.21041666666673,17.132916666667313],[80.20945980495884,17.133190375434708],[80.2105401950414,17.13504503038257],[80.21026219685893,17.136261935764537],[80.20862647162545,17.137571885851344],[80.2092691548666,17.13818305121589],[80.21073606703033,17.137320692274898],[80.21181131998719,17.13718695746587],[80.2122981940376,17.139984537761052],[80.21288531833238,17.139691569011006],[80.21336432562953,17.139093424479825],[80.21529313829211,17.139428982205516],[80.21625779893662,17.140133734809638]]]}},{"type":"Feature","id":"hydrolakes:1395065","properties":{"Hylak_id":1395065,"Lake_name":"","Country":"India","Continent":"Asia","Poly_src":"SWBD","Lake_type":1,"Grand_id":0,"Lake_area":0.2,"Shore_len":2.07,"Shore_dev":1.29,"Vol_total":0.31,"Vol_res":0.0,"Vol_src":3,"Depth_avg":1.5,"Dis_avg":0.068,"Res_time":52.5,"Elevation":95,"Slope_100":0.44,"Wshd_area":8.0,"Pour_long":80.589496,"Pour_lat":17.135724,"source_id":"hydrolakes:1395065","label":""},"geometry":{"type":"Polygon","coordinates":[[[80.59119099934907,17.13800320095561],[80.59105455186642,17.136906738281937],[80.59149142795144,17.134197048611725],[80.5881022135419,17.1337730577265],[80.58763888888899,17.133194444445166],[80.58646674262155,17.133398437500603],[80.58694959852448,17.135087076823538],[80.58763868543844,17.135638834636097],[80.58696078830297,17.136791992188193],[80.58807834201411,17.138187662761027],[80.58972968207473,17.137474772136102],[80.59062737358948,17.138595648872183],[80.59119099934907,17.13800320095561]]]}},{"type":"Feature","id":"hydrolakes:1395070","properties":{"Hylak_id":1395070,"Lake_name":"","Country":"India","Continent":"Asia","Poly_src":"SWBD","Lake_type":1,"Grand_id":0,"Lake_area":0.13,"Shore_len":1.93,"Shore_dev":1.54,"Vol_total":0.18,"Vol_res":0.0,"Vol_src":3,"Depth_avg":1.4,"Dis_avg":0.104,"Res_time":20.1,"Elevation":96,"Slope_100":0.46,"Wshd_area":11.7,"Pour_long":80.287893,"Pour_lat":17.134071,"source_id":"hydrolakes:1395070","label":""},"geometry":{"type":"Polygon","coordinates":[[[80.28823225233305,17.1330658637159],[80.28954288058833,17.13129801432359],[80.28930555555559,17.130694444445112],[80.2844803534615,17.130821397570116],[80.2839067586263,17.131772189670926],[80.28452185736768,17.132325846354775],[80.28615329318598,17.131684570313155],[80.28668453640421,17.131926540799213],[80.28695207383919,17.13442247178881],[80.28827996148016,17.134944661458974],[80.28823225233305,17.1330658637159]]]}},{"type":"Feature","id":"hydrolakes:1395072","properties":{"Hylak_id":1395072,"Lake_name":"","Country":"India","Continent":"Asia","Poly_src":"SWBD","Lake_type":1,"Grand_id":0,"Lake_area":0.19,"Shore_len":1.91,"Shore_dev":1.22,"Vol_total":0.37,"Vol_res":0.0,"Vol_src":3,"Depth_avg":1.9,"Dis_avg":0.025,"Res_time":172.6,"Elevation":95,"Slope_100":0.73,"Wshd_area":2.9,"Pour_long":80.498181,"Pour_lat":17.130456,"source_id":"hydrolakes:1395072","label":""},"geometry":{"type":"Polygon","coordinates":[[[80.4998303900827,17.127391764323534],[80.49958333333348,17.12708333333393],[80.49907952202699,17.1272273763027],[80.49816372341587,17.128163791233362],[80.49775187174481,17.129604220920783],[80.49529313829214,17.130412597656857],[80.49577341715519,17.13126057942776],[80.49877905951621,17.131634385851385],[80.50165130615238,17.13101291232698],[80.50137610541464,17.1286295572923],[80.4998303900827,17.127391764323534]]]}},{"type":"Feature","id":"hydrolakes:1395076","properties":{"Hylak_id":1395076,"Lake_name":"","Country":"India","Continent":"Asia","Poly_src":"SWBD","Lake_type":1,"Grand_id":0,"Lake_area":0.14,"Shore_len":1.75,"Shore_dev":1.31,"Vol_total":0.19,"Vol_res":0.0,"Vol_src":3,"Depth_avg":1.4,"Dis_avg":0.606,"Res_time":3.7,"Elevation":47,"Slope_100":0.39,"Wshd_area":51.3,"Pour_long":81.521533,"Pour_lat":17.127032,"source_id":"hydrolakes:1395076","label":""},"geometry":{"type":"Polygon","coordinates":[[[81.52223402235268,17.128618706597877],[81.52232611762179,17.12690185546944],[81.52195475260436,17.125267469618734],[81.52125000000018,17.12402777777845],[81.51862141927108,17.127510308160367],[81.51751030815984,17.128006184896492],[81.51881903754372,17.12854980468819],[81.52110215928849,17.128578287761],[81.5218028428821,17.12939154730975],[81.52223402235268,17.128618706597877]]]}},{"type":"Feature","id":"hydrolakes:1395084","properties":{"Hylak_id":1395084,"Lake_name":"","Country":"India","Continent":"Asia","Poly_src":"SWBD","Lake_type":1,"Grand_id":0,"Lake_area":0.65,"Shore_len":3.33,"Shore_dev":1.17,"Vol_total":1.69,"Vol_res":0.0,"Vol_src":3,"Depth_avg":2.6,"Dis_avg":1.17,"Res_time":16.7,"Elevation":111,"Slope_100":0.92,"Wshd_area":138.8,"Pour_long":80.065741,"Pour_lat":17.119196,"source_id":"hydrolakes:1395084","label":""},"geometry":{"type":"Polygon","coordinates":[[[80.0697405836317,17.11443576388956],[80.06930555555556,17.11347222222281],[80.06708830091696,17.11389404296949],[80.06664883083795,17.115828721789],[80.06673570421009,17.116527235243666],[80.065431137085,17.117571885851305],[80.06369239807157,17.12198187934092],[80.06415130615238,17.12307101779578],[80.06569606357158,17.12340521918469],[80.06647911071781,17.124382866754104],[80.06871437920495,17.124890679254122],[80.07079503377298,17.123224555122192],[80.07095425923666,17.12194444444509],[80.07066057840996,17.119583333333935],[80.07094840155708,17.117269422743732],[80.06977478027363,17.11528374566035],[80.0697405836317,17.11443576388956]]]}},{"type":"Feature","id":"hydrolakes:1395085","properties":{"Hylak_id":1395085,"Lake_name":"","Country":"India","Continent":"Asia","Poly_src":"SWBD","Lake_type":1,"Grand_id":0,"Lake_area":0.59,"Shore_len":2.91,"Shore_dev":1.07,"Vol_total":1.01,"Vol_res":0.0,"Vol_src":3,"Depth_avg":1.7,"Dis_avg":0.036,"Res_time":325.8,"Elevation":30,"Slope_100":0.41,"Wshd_area":3.1,"Pour_long":81.879917,"Pour_lat":17.119287,"source_id":"hydrolakes:1395085","label":""},"geometry":{"type":"Polygon","coordinates":[[[81.88099216037341,17.119587131077026],[81.87999254014795,17.117409396701987],[81.87812540690129,17.117520616320064],[81.87736111111144,17.117083333333994],[81.87643324110275,17.117256401910367],[81.87474907769115,17.118761393229818],[81.87306925455766,17.12185248480978],[81.87292127821206,17.124337293837527],[81.8742563205297,17.125269911024873],[81.87758409288222,17.125001627604775],[81.88025702582485,17.124097493490297],[81.88023356119805,17.122175564236898],[81.88099216037341,17.119587131077026]]]}},{"type":"Feature","id":"hydrolakes:1395087","properties":{"Hylak_id":1395087,"Lake_name":"","Country":"India","Continent":"Asia","Poly_src":"SWBD","Lake_type":1,"Grand_id":0,"Lake_area":0.58,"Shore_len":4.1,"Shore_dev":1.53,"Vol_total":1.25,"Vol_res":0.0,"Vol_src":3,"Depth_avg":2.2,"Dis_avg":2.445,"Res_time":5.9,"Elevation":103,"Slope_100":0.65,"Wshd_area":265.4,"Pour_long":81.059351,"Pour_lat":17.116958,"source_id":"hydrolakes:1395087","label":""},"geometry":{"type":"Polygon","coordinates":[[[81.05890679253486,17.117517903646444],[81.05943359375016,17.117199978299254],[81.06196641710079,17.117451171875587],[81.063098415799,17.115429144965958],[81.06295294867635,17.1144444444451],[81.0631376817492,17.11319444444507],[81.06290011935789,17.111586914063253],[81.0620970323352,17.111705729167454],[81.06165242513026,17.112281629774998],[81.06041666666675,17.112099066840926],[81.05921054416251,17.112277289497115],[81.0569623480904,17.113629014757635],[81.05515218098964,17.114010959202176],[81.05529961480056,17.115008951823597],[81.05467278374579,17.11644314236173],[81.05402547200532,17.116347384983328],[81.05430555555574,17.115138888889533],[81.05287353515644,17.115652126736848],[81.05168206108976,17.11736545138956],[81.0510684543188,17.11657036675416],[81.05018032497838,17.116701660156934],[81.05034389919717,17.11780843099018],[81.05491027832039,17.118986545139535],[81.05581542968758,17.118315429688096],[81.05890679253486,17.117517903646444]]]}},{"type":"Feature","id":"hydrolakes:1395088","properties":{"Hylak_id":1395088,"Lake_name":"","Country":"India","Continent":"Asia","Poly_src":"SWBD","Lake_type":1,"Grand_id":0,"Lake_area":0.27,"Shore_len":2.74,"Shore_dev":1.49,"Vol_total":0.52,"Vol_res":0.0,"Vol_src":3,"Depth_avg":1.9,"Dis_avg":0.179,"Res_time":33.4,"Elevation":135,"Slope_100":0.64,"Wshd_area":20.3,"Pour_long":80.879538,"Pour_lat":17.116211,"source_id":"hydrolakes:1395088","label":""},"geometry":{"type":"Polygon","coordinates":[[[80.8780658637155,17.118343641493652],[80.8784722222224,17.11787190755274],[80.87909708658879,17.118597276476294],[80.8808230251737,17.117827148438153],[80.88056586371545,17.11610080295202],[80.88013888888901,17.115694444445126],[80.8781281195748,17.11589952257009],[80.87606214735263,17.116751573351337],[80.87616563585095,17.11804009331678],[80.87350124783,17.117968478733303],[80.87139919704896,17.11977945963605],[80.87181911892372,17.121063639323722],[80.87339762369811,17.121495768229977],[80.8780658637155,17.118343641493652]]]}},{"type":"Feature","id":"hydrolakes:1395094","properties":{"Hylak_id":1395094,"Lake_name":"","Country":"India","Continent":"Asia","Poly_src":"SWBD","Lake_type":1,"Grand_id":0,"Lake_area":0.17,"Shore_len":1.95,"Shore_dev":1.31,"Vol_total":0.33,"Vol_res":0.0,"Vol_src":3,"Depth_avg":1.9,"Dis_avg":0.143,"Res_time":26.7,"Elevation":95,"Slope_100":0.71,"Wshd_area":16.2,"Pour_long":80.275874,"Pour_lat":17.11317,"source_id":"hydrolakes:1395094","label":""},"geometry":{"type":"Polygon","coordinates":[[[80.27784898546014,17.111002332899943],[80.27763888888893,17.110416666667334],[80.27638108995228,17.11054768880274],[80.27500779893683,17.111396755643057],[80.27370164659288,17.111800130208962],[80.27306335449236,17.113063422309665],[80.27139668782553,17.11521402994856],[80.27233605278877,17.115821940104922],[80.27332553439703,17.114714355469403],[80.27500779893683,17.114452311198534],[80.2772024197049,17.112904188368702],[80.27784898546014,17.111002332899943]]]}},{"type":"Feature","id":"hydrolakes:1395097","properties":{"Hylak_id":1395097,"Lake_name":"","Country":"India","Continent":"Asia","Poly_src":"SWBD","Lake_type":1,"Grand_id":0,"Lake_area":0.42,"Shore_len":2.9,"Shore_dev":1.26,"Vol_total":0.83,"Vol_res":0.0,"Vol_src":3,"Depth_avg":2.0,"Dis_avg":0.738,"Res_time":13.0,"Elevation":89,"Slope_100":0.59,"Wshd_area":83.5,"Pour_long":80.202225,"Pour_lat":17.110273,"source_id":"hydrolakes:1395097","label":""},"geometry":{"type":"Polygon","coordinates":[[[80.20262871636305,17.111998969184697],[80.2031760321724,17.11083930121589],[80.20647520277248,17.11152967664998],[80.20839879353849,17.110401475695255],[80.20837014092348,17.10698811849022],[80.20791666666668,17.105694444445078],[80.20608391655833,17.105829535591],[80.20440277099618,17.107644042969355],[80.20123326619483,17.10709228515691],[80.2002830674914,17.10979844835134],[80.20126237657342,17.112721896702055],[80.20262871636305,17.111998969184697]]]}},{"type":"Feature","id":"hydrolakes:1395099","properties":{"Hylak_id":1395099,"Lake_name":"","Country":"India","Continent":"Asia","Poly_src":"SWBD","Lake_type":1,"Grand_id":0,"Lake_area":0.17,"Shore_len":1.85,"Shore_dev":1.25,"Vol_total":0.37,"Vol_res":0.0,"Vol_src":3,"Depth_avg":2.1,"Dis_avg":0.005,"Res_time":851.5,"Elevation":94,"Slope_100":0.89,"Wshd_area":0.6,"Pour_long":80.598129,"Pour_lat":17.106932,"source_id":"hydrolakes:1395099","label":""},"geometry":{"type":"Polygon","coordinates":[[[80.59788628472245,17.10581922743137],[80.59736111111118,17.10513888888954],[80.59612901475697,17.10534830729233],[80.59637098524303,17.10612901475764],[80.59696675618511,17.10693250868121],[80.59704705132401,17.108611111111713],[80.59668626573375,17.111052517361713],[80.59786485460086,17.111226671007557],[80.59941189236116,17.110032552083965],[80.59998209635427,17.1080767144104],[80.5996630859376,17.106194118924236],[80.59788628472245,17.10581922743137]]]}},{"type":"Feature","id":"hydrolakes:1395106","properties":{"Hylak_id":1395106,"Lake_name":"","Country":"India","Continent":"Asia","Poly_src":"SWBD","Lake_type":1,"Grand_id":0,"Lake_area":0.19,"Shore_len":2.06,"Shore_dev":1.35,"Vol_total":0.35,"Vol_res":0.0,"Vol_src":3,"Depth_avg":1.9,"Dis_avg":0.024,"Res_time":167.1,"Elevation":95,"Slope_100":0.68,"Wshd_area":2.9,"Pour_long":80.53987,"Pour_lat":17.098577,"source_id":"hydrolakes:1395106","label":""},"geometry":{"type":"Polygon","coordinates":[[[80.54109324137374,17.100259874132576],[80.54143971761084,17.099071451823534],[80.54287807888477,17.09928412543468],[80.5435932413738,17.098919542101385],[80.54221069335944,17.09705485026103],[80.54125000000022,17.096250000000623],[80.54046474880658,17.096383463542338],[80.53968373616539,17.097395290799284],[80.5387190416127,17.09681342230965],[80.53807342529302,17.097394476997295],[80.53862898084861,17.098315429688114],[80.5388886854384,17.1001421440979],[80.53987481011296,17.101777072483287],[80.5407629055448,17.102204318577037],[80.54109324137374,17.100259874132576]]]}},{"type":"Feature","id":"hydrolakes:1395109","properties":{"Hylak_id":1395109,"Lake_name":"","Country":"India","Continent":"Asia","Poly_src":"SWBD","Lake_type":1,"Grand_id":0,"Lake_area":0.17,"Shore_len":1.81,"Shore_dev":1.24,"Vol_total":0.24,"Vol_res":0.0,"Vol_src":3,"Depth_avg":1.4,"Dis_avg":0.054,"Res_time":51.0,"Elevation":48,"Slope_100":0.39,"Wshd_area":4.7,"Pour_long":81.992894,"Pour_lat":17.093198,"source_id":"hydrolakes:1395109","label":""},"geometry":{"type":"Polygon","coordinates":[[[81.99386718750014,17.092512478299398],[81.99263888888908,17.091527777778424],[81.99151407877633,17.09166205512213],[81.99050659179716,17.09228542751805],[81.98896240234393,17.09201958550409],[81.98835367838564,17.092772894965947],[81.99007080078144,17.093783908420903],[81.98962999131965,17.094880642361773],[81.98978515625026,17.095782063802744],[81.99224256727445,17.095020345052774],[81.99412190755237,17.09399224175411],[81.99386718750014,17.092512478299398]]]}},{"type":"Feature","id":"hydrolakes:1395115","properties":{"Hylak_id":1395115,"Lake_name":"","Country":"India","Continent":"Asia","Poly_src":"SWBD","Lake_type":1,"Grand_id":0,"Lake_area":0.12,"Shore_len":1.46,"Shore_dev":1.19,"Vol_total":0.18,"Vol_res":0.0,"Vol_src":3,"Depth_avg":1.5,"Dis_avg":0.02,"Res_time":101.5,"Elevation":105,"Slope_100":0.48,"Wshd_area":2.3,"Pour_long":80.235828,"Pour_lat":17.089046,"source_id":"hydrolakes:1395115","label":""},"geometry":{"type":"Polygon","coordinates":[[[80.23912207709424,17.0886290147576],[80.23875000000021,17.0876388888895],[80.23602132161471,17.087768554688125],[80.23334618462468,17.08906901041729],[80.23388607449004,17.089900716146474],[80.23718636406807,17.090237087674268],[80.23912207709424,17.0886290147576]]]}},{"type":"Feature","id":"hydrolakes:1395119","properties":{"Hylak_id":1395119,"Lake_name":"","Country":"India","Continent":"Asia","Poly_src":"SWBD","Lake_type":1,"Grand_id":0,"Lake_area":0.37,"Shore_len":2.54,"Shore_dev":1.18,"Vol_total":0.61,"Vol_res":0.0,"Vol_src":3,"Depth_avg":1.7,"Dis_avg":0.204,"Res_time":34.4,"Elevation":78,"Slope_100":0.43,"Wshd_area":23.6,"Pour_long":80.464962,"Pour_lat":17.085116,"source_id":"hydrolakes:1395119","label":""},"geometry":{"type":"Polygon","coordinates":[[[80.46993930392819,17.084163140191606],[80.46869205051001,17.082715386285315],[80.46727634006095,17.08282931857707],[80.46665632459855,17.081954752604815],[80.46597222222232,17.08013888888962],[80.46433956570098,17.080305447049227],[80.463242424859,17.082063259549273],[80.46327134874133,17.084521213108246],[80.46387854682081,17.086121419271592],[80.46511118570965,17.087006564670787],[80.46624538845504,17.088323025174304],[80.46667700873502,17.088065863716054],[80.46721188015414,17.086656358507582],[80.468835144043,17.085720486111768],[80.46993930392819,17.084163140191606]]]}},{"type":"Feature","id":"hydrolakes:1395124","properties":{"Hylak_id":1395124,"Lake_name":"","Country":"India","Continent":"Asia","Poly_src":"SWBD","Lake_type":1,"Grand_id":0,"Lake_area":0.15,"Shore_len":1.8,"Shore_dev":1.29,"Vol_total":0.23,"Vol_res":0.0,"Vol_src":3,"Depth_avg":1.5,"Dis_avg":0.128,"Res_time":20.9,"Elevation":74,"Slope_100":0.46,"Wshd_area":14.8,"Pour_long":80.434521,"Pour_lat":17.082012,"source_id":"hydrolakes:1395124","label":""},"geometry":{"type":"Polygon","coordinates":[[[80.4358229912653,17.081216091580472],[80.43517656114398,17.08074110243126],[80.43387966579888,17.080845269097836],[80.43319444444467,17.07986111111188],[80.43095442030187,17.080089518229784],[80.43028811984613,17.0812839084208],[80.43094295925567,17.082285156250805],[80.43306589762375,17.08276746961866],[80.43593027750671,17.083878580729845],[80.43621348063158,17.08308620876801],[80.4352451578776,17.08225179036532],[80.4358229912653,17.081216091580472]]]}},{"type":"Feature","id":"hydrolakes:1395125","properties":{"Hylak_id":1395125,"Lake_name":"","Country":"India","Continent":"Asia","Poly_src":"SWBD","Lake_type":1,"Grand_id":0,"Lake_area":0.26,"Shore_len":2.28,"Shore_dev":1.27,"Vol_total":0.44,"Vol_res":0.0,"Vol_src":3,"Depth_avg":1.7,"Dis_avg":0.112,"Res_time":45.9,"Elevation":87,"Slope_100":0.53,"Wshd_area":13.3,"Pour_long":80.531113,"Pour_lat":17.081905,"source_id":"hydrolakes:1395125","label":""},"geometry":{"type":"Polygon","coordinates":[[[80.52832553439691,17.079730088976362],[80.52819444444458,17.07958333333403],[80.52780209011513,17.079933810764544],[80.52886830647799,17.081460232205472],[80.52884972466381,17.08274061414994],[80.53041107177751,17.08569227430621],[80.53281361897797,17.084589572483253],[80.53398376464867,17.08226860894166],[80.5352699788412,17.081871202257616],[80.5337058851456,17.081171332465885],[80.52832553439691,17.079730088976362]]]}},{"type":"Feature","id":"hydrolakes:1395139","properties":{"Hylak_id":1395139,"Lake_name":"","Country":"India","Continent":"Asia","Poly_src":"SWBD","Lake_type":1,"Grand_id":0,"Lake_area":0.22,"Shore_len":1.73,"Shore_dev":1.04,"Vol_total":0.23,"Vol_res":0.0,"Vol_src":3,"Depth_avg":1.1,"Dis_avg":0.108,"Res_time":25.2,"Elevation":6,"Slope_100":0.2,"Wshd_area":10.1,"Pour_long":82.310437,"Pour_lat":17.069408,"source_id":"hydrolakes:1395139","label":""},"geometry":{"type":"Polygon","coordinates":[[[82.31109564887197,17.067793240018034],[82.31097222222252,17.06763888888952],[82.30949001736138,17.067824164497267],[82.30751546223996,17.069405653212527],[82.30776231553835,17.070293240017975],[82.30901068793435,17.072185601129092],[82.31101915147593,17.0724354383687],[82.31304009331643,17.070816786024977],[82.31269748263907,17.068892415365212],[82.31218478732671,17.068251953125582],[82.31109564887197,17.067793240018034]]]}},{"type":"Feature","id":"hydrolakes:1395142","properties":{"Hylak_id":1395142,"Lake_name":"","Country":"India","Continent":"Asia","Poly_src":"SWBD","Lake_type":1,"Grand_id":0,"Lake_area":0.17,"Shore_len":2.21,"Shore_dev":1.5,"Vol_total":0.28,"Vol_res":0.0,"Vol_src":3,"Depth_avg":1.6,"Dis_avg":0.28,"Res_time":11.6,"Elevation":84,"Slope_100":0.53,"Wshd_area":33.6,"Pour_long":80.134217,"Pour_lat":17.067318,"source_id":"hydrolakes:1395142","label":""},"geometry":{"type":"Polygon","coordinates":[[[80.12893683539517,17.069668782552696],[80.13034556070971,17.069115125868734],[80.13105216132277,17.06921956380279],[80.133037668864,17.06831542968814],[80.134971906874,17.06777696397637],[80.13537979125988,17.06710069444523],[80.13433049519881,17.064858669705472],[80.13402777777799,17.063472222222913],[80.13315741644988,17.063714463976282],[80.13174675835523,17.06727539062564],[80.1302956644696,17.068351236979936],[80.12862899780276,17.06870279947981],[80.12893683539517,17.069668782552696]]]}},{"type":"Feature","id":"hydrolakes:1395144","properties":{"Hylak_id":1395144,"Lake_name":"","Country":"India","Continent":"Asia","Poly_src":"SWBD","Lake_type":1,"Grand_id":0,"Lake_area":0.13,"Shore_len":1.49,"Shore_dev":1.19,"Vol_total":0.16,"Vol_res":0.0,"Vol_src":3,"Depth_avg":1.3,"Dis_avg":0.106,"Res_time":17.4,"Elevation":7,"Slope_100":0.35,"Wshd_area":9.8,"Pour_long":82.296523,"Pour_lat":17.06576,"source_id":"hydrolakes:1395144","label":""},"geometry":{"type":"Polygon","coordinates":[[[82.29742404513905,17.06583333333407],[82.29708333333355,17.06486111111178],[82.29582194010442,17.06503336588611],[82.29278320312528,17.06699598524375],[82.2933262803823,17.06916097005268],[82.29440131293421,17.069203559028438],[82.29742404513905,17.06583333333407]]]}},{"type":"Feature","id":"hydrolakes:1395152","properties":{"Hylak_id":1395152,"Lake_name":"","Country":"India","Continent":"Asia","Poly_src":"SWBD","Lake_type":1,"Grand_id":0,"Lake_area":0.17,"Shore_len":1.68,"Shore_dev":1.17,"Vol_total":0.25,"Vol_res":0.0,"Vol_src":3,"Depth_avg":1.5,"Dis_avg":0.201,"Res_time":14.3,"Elevation":89,"Slope_100":0.45,"Wshd_area":23.4,"Pour_long":80.211049,"Pour_lat":17.05978,"source_id":"hydrolakes:1395152","label":""},"geometry":{"type":"Polygon","coordinates":[[[80.21368969387487,17.061880967882587],[80.21470686170801,17.06015055338611],[80.21418202718121,17.05970675998327],[80.2131744384767,17.05941867404573],[80.2121268547906,17.058110622830554],[80.21129001193577,17.05775797526104],[80.21097222222244,17.057361111111902],[80.2103822496203,17.057529839410336],[80.20928946601026,17.05938883463608],[80.20981323242194,17.061220703125628],[80.21103739420579,17.06106852213594],[80.21368969387487,17.061880967882587]]]}},{"type":"Feature","id":"hydrolakes:1395155","properties":{"Hylak_id":1395155,"Lake_name":"","Country":"India","Continent":"Asia","Poly_src":"SWBD","Lake_type":1,"Grand_id":0,"Lake_area":0.3,"Shore_len":2.96,"Shore_dev":1.51,"Vol_total":0.33,"Vol_res":0.0,"Vol_src":3,"Depth_avg":1.1,"Dis_avg":2.13,"Res_time":1.8,"Elevation":78,"Slope_100":0.19,"Wshd_area":295.9,"Pour_long":80.56473,"Pour_lat":17.057349,"source_id":"hydrolakes:1395155","label":""},"geometry":{"type":"Polygon","coordinates":[[[80.56609198676244,17.05997477213606],[80.56639329698356,17.05790418836864],[80.56769585503474,17.057403428820066],[80.56905117458791,17.057571885851303],[80.57029629177532,17.05501003689301],[80.57023898654529,17.05454888237915],[80.5713071695966,17.052790256077003],[80.57199625651043,17.05250000000069],[80.57124999999996,17.05208333333394],[80.57084872775619,17.052515462240194],[80.56913499620248,17.05288601345552],[80.5679787190756,17.053812120226326],[80.5670512559679,17.05497016059087],[80.56570739746104,17.05595187717074],[80.56441229926219,17.056497667101382],[80.56279317220071,17.057794325087514],[80.56319010416672,17.059131673177717],[80.56390272352434,17.05914767795207],[80.56437242296022,17.060262315538864],[80.56609198676244,17.05997477213606]]]}},{"type":"Feature","id":"hydrolakes:1395157","properties":{"Hylak_id":1395157,"Lake_name":"","Country":"India","Continent":"Asia","Poly_src":"SWBD","Lake_type":1,"Grand_id":0,"Lake_area":0.17,"Shore_len":1.68,"Shore_dev":1.17,"Vol_total":0.32,"Vol_res":0.0,"Vol_src":3,"Depth_avg":1.9,"Dis_avg":0.054,"Res_time":67.6,"Elevation":77,"Slope_100":0.75,"Wshd_area":6.6,"Pour_long":80.145071,"Pour_lat":17.054859,"source_id":"hydrolakes:1395157","label":""},"geometry":{"type":"Polygon","coordinates":[[[80.1472071838379,17.054656304254138],[80.14749218410941,17.052111816406864],[80.14708333333351,17.05097222222281],[80.14631006876635,17.05111653645895],[80.14530120849622,17.052245551215947],[80.144096798367,17.052798394097863],[80.14311362372518,17.05273980034781],[80.1427855936688,17.05427300347293],[80.14596293131518,17.056048719618673],[80.1472071838379,17.054656304254138]]]}},{"type":"Feature","id":"hydrolakes:1395158","properties":{"Hylak_id":1395158,"Lake_name":"","Country":"India","Continent":"Asia","Poly_src":"SWBD","Lake_type":1,"Grand_id":0,"Lake_area":0.28,"Shore_len":2.45,"Shore_dev":1.3,"Vol_total":0.56,"Vol_res":0.0,"Vol_src":3,"Depth_avg":2.0,"Dis_avg":0.113,"Res_time":57.5,"Elevation":106,"Slope_100":0.67,"Wshd_area":13.8,"Pour_long":80.680455,"Pour_lat":17.052155,"source_id":"hydrolakes:1395158","label":""},"geometry":{"type":"Polygon","coordinates":[[[80.6805401611332,17.05001546224031],[80.68041666666682,17.049861111111795],[80.67866265190992,17.050166286893045],[80.67807094997858,17.052515462240194],[80.67754136827267,17.053416341146374],[80.67880113389776,17.053947211372304],[80.67991461859845,17.055841471354825],[80.6798830159508,17.058023817275],[80.68119093153217,17.058186306424204],[80.68275668674067,17.0569325086812],[80.68192905002195,17.05501546224025],[80.68167093912763,17.05033854166726],[80.6805401611332,17.05001546224031]]]}},{"type":"Feature","id":"hydrolakes:1395159","properties":{"Hylak_id":1395159,"Lake_name":"","Country":"India","Continent":"Asia","Poly_src":"SWBD","Lake_type":1,"Grand_id":0,"Lake_area":0.32,"Shore_len":2.23,"Shore_dev":1.12,"Vol_total":0.66,"Vol_res":0.0,"Vol_src":3,"Depth_avg":2.1,"Dis_avg":0.383,"Res_time":20.0,"Elevation":27,"Slope_100":0.75,"Wshd_area":34.7,"Pour_long":82.11059,"Pour_lat":17.052384,"source_id":"hydrolakes:1395159","label":""},"geometry":{"type":"Polygon","coordinates":[[[82.11214938693604,17.050815700955468],[82.11180555555569,17.05041666666733],[82.10890570746557,17.05055745442769],[82.10862141927106,17.05334364149371],[82.10806586371547,17.055890570747295],[82.10845228407135,17.057489691840885],[82.10996107313389,17.057186686198577],[82.11216756184933,17.055902506511075],[82.11275200737884,17.054855143229815],[82.11314127604186,17.051258409288778],[82.11214938693604,17.050815700955468]]]}},{"type":"Feature","id":"hydrolakes:1395160","properties":{"Hylak_id":1395160,"Lake_name":"","Country":"India","Continent":"Asia","Poly_src":"SWBD","Lake_type":1,"Grand_id":0,"Lake_area":0.97,"Shore_len":3.72,"Shore_dev":1.06,"Vol_total":1.25,"Vol_res":0.0,"Vol_src":3,"Depth_avg":1.3,"Dis_avg":2.571,"Res_time":5.6,"Elevation":10,"Slope_100":0.19,"Wshd_area":230.8,"Pour_long":82.186656,"Pour_lat":17.049029,"source_id":"hydrolakes:1395160","label":""},"geometry":{"type":"Polygon","coordinates":[[[82.19443413628494,17.047510308160327],[82.19165635850715,17.047489691840894],[82.18586181640637,17.048118218316574],[82.18572021484391,17.049879828559654],[82.18612738715302,17.052991536458933],[82.18671210394996,17.05430202908053],[82.187735731337,17.055183919271485],[82.18882839626752,17.05692843967074],[82.18990993923632,17.057015245226353],[82.191934136285,17.056378580729756],[82.19524671766521,17.055802680122156],[82.19588134765644,17.05466498480962],[82.19619181315119,17.050800509983276],[82.19551852756098,17.04783691406311],[82.19443413628494,17.047510308160327]]]}},{"type":"Feature","id":"hydrolakes:1395162","properties":{"Hylak_id":1395162,"Lake_name":"","Country":"India","Continent":"Asia","Poly_src":"SWBD","Lake_type":1,"Grand_id":0,"Lake_area":0.33,"Shore_len":3.38,"Shore_dev":1.67,"Vol_total":0.65,"Vol_res":0.0,"Vol_src":3,"Depth_avg":2.0,"Dis_avg":0.099,"Res_time":75.8,"Elevation":95,"Slope_100":0.66,"Wshd_area":12.1,"Pour_long":80.652083,"Pour_lat":17.044875,"source_id":"hydrolakes:1395162","label":""},"geometry":{"type":"Polygon","coordinates":[[[80.65723503960521,17.04640163845545],[80.65748772515212,17.04526231553899],[80.65820448133695,17.045335557726332],[80.65859829372852,17.044439019097865],[80.65791666666672,17.042916666667338],[80.65524780273444,17.043435872396458],[80.65473503960527,17.044301757813116],[80.6561239284942,17.044709472656905],[80.65637607150632,17.04568169487908],[80.65454616970493,17.045495062934663],[80.65239895290824,17.04394965277845],[80.64922003852024,17.043623860677712],[80.64862392849403,17.044542100695026],[80.65144707573796,17.045840115018052],[80.65268012152796,17.04826416015686],[80.65415825737853,17.048598361545828],[80.65673434787328,17.048024902344423],[80.65665154351126,17.047212456597947],[80.65723503960521,17.04640163845545]]]}},{"type":"Feature","id":"hydrolakes:1395163","properties":{"Hylak_id":1395163,"Lake_name":"","Country":"India","Continent":"Asia","Poly_src":"SWBD","Lake_type":1,"Grand_id":0,"Lake_area":0.28,"Shore_len":2.69,"Shore_dev":1.43,"Vol_total":0.51,"Vol_res":0.0,"Vol_src":3,"Depth_avg":1.8,"Dis_avg":0.265,"Res_time":22.5,"Elevation":81,"Slope_100":0.58,"Wshd_area":31.0,"Pour_long":80.189449,"Pour_lat":17.044488,"source_id":"hydrolakes:1395163","label":""},"geometry":{"type":"Polygon","coordinates":[[[80.18932400173611,17.04699055989653],[80.1906129625109,17.046637912327185],[80.19162863837369,17.046719292535442],[80.19360078599732,17.044989691841067],[80.196378563775,17.044358723958965],[80.19577348497188,17.04381564670217],[80.19431145562072,17.04393310546942],[80.18857949150936,17.043171386719337],[80.18736111111127,17.04208333333395],[80.18613781399205,17.04230658637215],[80.18605919732005,17.043285047743723],[80.18847676595067,17.04692247178889],[80.18932400173611,17.04699055989653]]]}},{"type":"Feature","id":"hydrolakes:1395166","properties":{"Hylak_id":1395166,"Lake_name":"","Country":"India","Continent":"Asia","Poly_src":"SWBD","Lake_type":1,"Grand_id":0,"Lake_area":0.28,"Shore_len":1.98,"Shore_dev":1.07,"Vol_total":0.26,"Vol_res":0.0,"Vol_src":3,"Depth_avg":0.9,"Dis_avg":2.598,"Res_time":1.2,"Elevation":12,"Slope_100":0.15,"Wshd_area":233.2,"Pour_long":82.184564,"Pour_lat":17.041193,"source_id":"hydrolakes:1395166","label":""},"geometry":{"type":"Polygon","coordinates":[[[82.18498969184049,17.040843641493666],[82.18486111111145,17.040694444445194],[82.1823547363283,17.04090386284787],[82.18169759114602,17.043086480035413],[82.18084364149325,17.04461724175411],[82.18120917426245,17.0459659830737],[82.1825744628909,17.04693413628553],[82.18425442165835,17.04660807291731],[82.18573310004359,17.044720052084017],[82.18596435546891,17.041841091580523],[82.18498969184049,17.040843641493666]]]}},{"type":"Feature","id":"hydrolakes:1395171","properties":{"Hylak_id":1395171,"Lake_name":"","Country":"India","Continent":"Asia","Poly_src":"SWBD","Lake_type":1,"Grand_id":0,"Lake_area":0.13,"Shore_len":1.84,"Shore_dev":1.46,"Vol_total":0.2,"Vol_res":0.0,"Vol_src":3,"Depth_avg":1.6,"Dis_avg":0.112,"Res_time":20.5,"Elevation":75,"Slope_100":0.54,"Wshd_area":13.5,"Pour_long":80.534542,"Pour_lat":17.038681,"source_id":"hydrolakes:1395171","label":""},"geometry":{"type":"Polygon","coordinates":[[[80.53638108995227,17.03918104383746],[80.53430555555559,17.03680555555627],[80.53384023030623,17.03694932725756],[80.53305555555556,17.03782741970548],[80.53190667046448,17.036674533420808],[80.53108635796451,17.03835666232709],[80.53000813802095,17.038292371962427],[80.52973002115914,17.038869357639555],[80.53250779893688,17.03915879991399],[80.53337042914501,17.03976128472283],[80.53547536214217,17.03963595920203],[80.53638108995227,17.03918104383746]]]}},{"type":"Feature","id":"hydrolakes:1395172","properties":{"Hylak_id":1395172,"Lake_name":"","Country":"India","Continent":"Asia","Poly_src":"SWBD","Lake_type":1,"Grand_id":0,"Lake_area":0.14,"Shore_len":1.6,"Shore_dev":1.22,"Vol_total":0.31,"Vol_res":0.0,"Vol_src":3,"Depth_avg":2.3,"Dis_avg":0.061,"Res_time":58.7,"Elevation":100,"Slope_100":1.14,"Wshd_area":7.4,"Pour_long":80.66559,"Pour_lat":17.035308,"source_id":"hydrolakes:1395172","label":""},"geometry":{"type":"Polygon","coordinates":[[[80.66759657118075,17.0326958550354],[80.66736111111129,17.032083333334015],[80.66536553276933,17.03283610026108],[80.6643684895837,17.034532063802715],[80.66477247450092,17.037762315538885],[80.6670480685766,17.036527777778417],[80.66684034559484,17.034857855903454],[80.66745842827703,17.033806423611736],[80.66759657118075,17.0326958550354]]]}},{"type":"Feature","id":"hydrolakes:1395180","properties":{"Hylak_id":1395180,"Lake_name":"","Country":"India","Continent":"Asia","Poly_src":"SWBD","Lake_type":1,"Grand_id":0,"Lake_area":0.21,"Shore_len":2.31,"Shore_dev":1.43,"Vol_total":0.39,"Vol_res":0.0,"Vol_src":3,"Depth_avg":1.9,"Dis_avg":0.196,"Res_time":22.8,"Elevation":74,"Slope_100":0.67,"Wshd_area":22.8,"Pour_long":80.297917,"Pour_lat":17.030486,"source_id":"hydrolakes:1395180","label":""},"geometry":{"type":"Polygon","coordinates":[[[80.29765452067079,17.032099066840885],[80.29809068467881,17.031610785591],[80.30110137939454,17.031690809462418],[80.30112948947499,17.031219618056184],[80.2981944444445,17.027916666667352],[80.29744750976579,17.028147243924195],[80.29751037597669,17.0292016601569],[80.29670244004996,17.029923773872213],[80.29428965250668,17.03307074652838],[80.29519775390628,17.03490017361173],[80.29765452067079,17.032099066840885]]]}},{"type":"Feature","id":"hydrolakes:1395191","properties":{"Hylak_id":1395191,"Lake_name":"","Country":"India","Continent":"Asia","Poly_src":"SWBD","Lake_type":1,"Grand_id":0,"Lake_area":0.38,"Shore_len":3.1,"Shore_dev":1.41,"Vol_total":0.75,"Vol_res":0.0,"Vol_src":3,"Depth_avg":2.0,"Dis_avg":0.045,"Res_time":193.4,"Elevation":89,"Slope_100":0.61,"Wshd_area":5.5,"Pour_long":80.110162,"Pour_lat":17.018728,"source_id":"hydrolakes:1395191","label":""},"geometry":{"type":"Polygon","coordinates":[[[80.11063390943752,17.014474826389517],[80.10796267191569,17.014195421007628],[80.10708333333338,17.01291666666725],[80.10620007832853,17.013070475261088],[80.10584869384769,17.0139043511291],[80.10473758273662,17.01529351128545],[80.10522165086542,17.015837131076978],[80.1065585072837,17.01621934678883],[80.10882765875942,17.018257649740292],[80.10902305603031,17.019828559028554],[80.10779313829215,17.021761881511054],[80.10831272549092,17.022762315538785],[80.11130527072504,17.0212117513027],[80.11188587612594,17.02022406684091],[80.11139172024201,17.01627332899369],[80.11063390943752,17.014474826389517]]]}},{"type":"Feature","id":"hydrolakes:1395197","properties":{"Hylak_id":1395197,"Lake_name":"","Country":"India","Continent":"Asia","Poly_src":"SWBD","Lake_type":1,"Grand_id":0,"Lake_area":0.61,"Shore_len":3.59,"Shore_dev":1.29,"Vol_total":1.2,"Vol_res":0.0,"Vol_src":3,"Depth_avg":2.0,"Dis_avg":2.234,"Res_time":6.2,"Elevation":78,"Slope_100":0.52,"Wshd_area":270.9,"Pour_long":80.134443,"Pour_lat":17.01467,"source_id":"hydrolakes:1395197","label":""},"geometry":{"type":"Polygon","coordinates":[[[80.13528810289188,17.011934136285333],[80.13513888888889,17.011527777778383],[80.13282296074772,17.011569824219407],[80.13251032511414,17.01362141927143],[80.13195476955855,17.014454752604877],[80.12953125000013,17.015065375434745],[80.12822596232098,17.016580403646458],[80.12836130778004,17.01826497395888],[80.13056588066968,17.01860080295205],[80.1312700907389,17.018993598090958],[80.13099526299374,17.02241400824721],[80.13164194742859,17.02304524739651],[80.13480879041879,17.020799696181143],[80.13656163533534,17.01876519097283],[80.13554523044183,17.015288085938153],[80.13528810289188,17.011934136285333]]]}},{"type":"Feature","id":"hydrolakes:1395198","properties":{"Hylak_id":1395198,"Lake_name":"","Country":"India","Continent":"Asia","Poly_src":"SWBD","Lake_type":1,"Grand_id":0,"Lake_area":0.22,"Shore_len":2.17,"Shore_dev":1.31,"Vol_total":0.47,"Vol_res":0.0,"Vol_src":3,"Depth_avg":2.1,"Dis_avg":3.48,"Res_time":1.5,"Elevation":100,"Slope_100":0.86,"Wshd_area":546.0,"Pour_long":80.960159,"Pour_lat":17.014547,"source_id":"hydrolakes:1395198","label":""},"geometry":{"type":"Polygon","coordinates":[[[80.96166795518684,17.01344862196254],[80.96125000000018,17.012361111111773],[80.95862874348967,17.01249728732705],[80.95838399251329,17.014464518229772],[80.95890428331188,17.015817871094328],[80.95916890462246,17.019421386719443],[80.96012715657571,17.019984537761104],[80.96106045193147,17.01946506076456],[80.96071587456612,17.016694335938098],[80.96192905002175,17.016182996962527],[80.96166795518684,17.01344862196254]]]}},{"type":"Feature","id":"hydrolakes:1395201","properties":{"Hylak_id":1395201,"Lake_name":"","Country":"India","Continent":"Asia","Poly_src":"SWBD","Lake_type":1,"Grand_id":0,"Lake_area":0.28,"Shore_len":4.18,"Shore_dev":2.24,"Vol_total":0.38,"Vol_res":0.0,"Vol_src":3,"Depth_avg":1.4,"Dis_avg":0.9,"Res_time":4.8,"Elevation":64,"Slope_100":0.31,"Wshd_area":103.2,"Pour_long":80.329917,"Pour_lat":17.012227,"source_id":"hydrolakes:1395201","label":""},"geometry":{"type":"Polygon","coordinates":[[[80.33661515977667,17.014784342448593],[80.3352696058488,17.012910427517966],[80.3322118801542,17.012510308160415],[80.32930555555572,17.011805555556236],[80.3277016533749,17.011969129774968],[80.32785064697293,17.01382351345552],[80.32639923095707,17.015578342014464],[80.32690494113513,17.016100260417318],[80.3283229912654,17.014989691840867],[80.32976508246543,17.01472656250064],[80.33037533230276,17.01335910373325],[80.33171152750663,17.013251681858264],[80.33437808566629,17.014354383681166],[80.33498965793211,17.015565863715892],[80.33593193901919,17.01637776692769],[80.33724494086374,17.021378580729788],[80.33776743570974,17.02032552083392],[80.33726128472244,17.016930338542295],[80.33661515977667,17.014784342448593]]]}},{"type":"Feature","id":"hydrolakes:1395206","properties":{"Hylak_id":1395206,"Lake_name":"","Country":"India","Continent":"Asia","Poly_src":"SWBD","Lake_type":1,"Grand_id":0,"Lake_area":0.24,"Shore_len":1.99,"Shore_dev":1.15,"Vol_total":0.48,"Vol_res":0.0,"Vol_src":3,"Depth_avg":2.1,"Dis_avg":0.114,"Res_time":49.1,"Elevation":74,"Slope_100":0.77,"Wshd_area":13.5,"Pour_long":80.20376,"Pour_lat":17.007519,"source_id":"hydrolakes:1395206","label":""},"geometry":{"type":"Polygon","coordinates":[[[80.20693915473117,17.00750542534786],[80.20652777777781,17.006527777778388],[80.20338134765643,17.006705457899898],[80.20328623453776,17.00910481770893],[80.20384733412038,17.009710286458983],[80.20468794080944,17.01010715060829],[80.20468397352437,17.012215169271485],[80.20603824191653,17.01226888020898],[80.20829291449672,17.01115370008739],[80.20750528971354,17.00832790798671],[80.20693915473117,17.00750542534786]]]}},{"type":"Feature","id":"hydrolakes:1395208","properties":{"Hylak_id":1395208,"Lake_name":"","Country":"India","Continent":"Asia","Poly_src":"SWBD","Lake_type":1,"Grand_id":0,"Lake_area":0.14,"Shore_len":1.65,"Shore_dev":1.23,"Vol_total":0.22,"Vol_res":0.0,"Vol_src":3,"Depth_avg":1.5,"Dis_avg":0.234,"Res_time":10.7,"Elevation":69,"Slope_100":0.49,"Wshd_area":28.3,"Pour_long":80.522495,"Pour_lat":17.006681,"source_id":"hydrolakes:1395208","label":""},"geometry":{"type":"Polygon","coordinates":[[[80.5216770087352,17.003878580729747],[80.52125000000007,17.003194444445057],[80.5200103420683,17.003420681424245],[80.5202674357098,17.00612141927155],[80.52139923095712,17.007489691840874],[80.52181738959439,17.008878580729743],[80.5228414238826,17.008498535156832],[80.52415632459872,17.00736572265697],[80.5216770087352,17.003878580729747]]]}},{"type":"Feature","id":"hydrolakes:1395215","properties":{"Hylak_id":1395215,"Lake_name":"","Country":"India","Continent":"Asia","Poly_src":"SWBD","Lake_type":1,"Grand_id":0,"Lake_area":0.17,"Shore_len":1.73,"Shore_dev":1.19,"Vol_total":0.34,"Vol_res":0.0,"Vol_src":3,"Depth_avg":2.0,"Dis_avg":0.092,"Res_time":42.5,"Elevation":76,"Slope_100":0.83,"Wshd_area":10.9,"Pour_long":80.2265,"Pour_lat":16.995105,"source_id":"hydrolakes:1395215","label":""},"geometry":{"type":"Polygon","coordinates":[[[80.22538594563821,16.994058430990208],[80.22513888888909,16.993750000000603],[80.22391240437844,16.993903537327014],[80.22526241726354,16.998626573351487],[80.22679380628836,16.999428982205472],[80.22746178521055,16.99905734592079],[80.22740342881957,16.99686252170204],[80.22799960666248,16.995311686198534],[80.2274743313261,16.994655490452033],[80.22538594563821,16.994058430990208]]]}},{"type":"Feature","id":"hydrolakes:1395216","properties":{"Hylak_id":1395216,"Lake_name":"","Country":"India","Continent":"Asia","Poly_src":"SWBD","Lake_type":1,"Grand_id":0,"Lake_area":0.22,"Shore_len":2.0,"Shore_dev":1.19,"Vol_total":0.33,"Vol_res":0.0,"Vol_src":3,"Depth_avg":1.5,"Dis_avg":0.319,"Res_time":12.1,"Elevation":110,"Slope_100":0.4,"Wshd_area":39.2,"Pour_long":80.71799,"Pour_lat":16.995425,"source_id":"hydrolakes:1395216","label":""},"geometry":{"type":"Polygon","coordinates":[[[80.71915384928394,16.995290527344366],[80.71902777777785,16.99486111111173],[80.7157552083334,16.995308702257546],[80.71473503960516,16.99672634548682],[80.71523261176236,16.998278808594364],[80.71609829372841,16.998901638455436],[80.71712266710097,16.999202473958917],[80.71760314941406,17.001369357639476],[80.71890170627205,17.00029052734436],[80.71915384928394,16.998598361545817],[80.71948791503911,16.998320583767963],[80.71915384928394,16.995290527344366]]]}},{"type":"Feature","id":"hydrolakes:1395235","properties":{"Hylak_id":1395235,"Lake_name":"","Country":"India","Continent":"Asia","Poly_src":"SWBD","Lake_type":1,"Grand_id":0,"Lake_area":0.14,"Shore_len":1.54,"Shore_dev":1.18,"Vol_total":0.19,"Vol_res":0.0,"Vol_src":3,"Depth_avg":1.4,"Dis_avg":0.017,"Res_time":132.3,"Elevation":68,"Slope_100":0.43,"Wshd_area":2.1,"Pour_long":80.485191,"Pour_lat":16.980936,"source_id":"hydrolakes:1395235","label":""},"geometry":{"type":"Polygon","coordinates":[[[80.48617611355263,16.979637858073545],[80.48597222222236,16.9776388888896],[80.48508494059246,16.97780083550407],[80.4834780544706,16.97918511284786],[80.48434187147353,16.98235866970549],[80.48492662217905,16.98303738064294],[80.48679494222029,16.982474772136072],[80.48617611355263,16.979637858073545]]]}},{"type":"Feature","id":"hydrolakes:1395239","properties":{"Hylak_id":1395239,"Lake_name":"","Country":"India","Continent":"Asia","Poly_src":"SWBD","Lake_type":1,"Grand_id":0,"Lake_area":0.19,"Shore_len":2.0,"Shore_dev":1.31,"Vol_total":0.33,"Vol_res":0.0,"Vol_src":3,"Depth_avg":1.8,"Dis_avg":0.125,"Res_time":30.9,"Elevation":70,"Slope_100":0.63,"Wshd_area":14.8,"Pour_long":80.225911,"Pour_lat":16.976978,"source_id":"hydrolakes:1395239","label":""},"geometry":{"type":"Polygon","coordinates":[[[80.22857340494801,16.978983289931193],[80.22708333333355,16.976250000000675],[80.22500781589093,16.976466200087486],[80.2253315904407,16.977066514757496],[80.22638107299827,16.97800428602494],[80.22611892700195,16.979174533420746],[80.22556337144641,16.980196940104804],[80.22584589640314,16.982687445747217],[80.22793304443366,16.982811957466026],[80.2288810729982,16.980169813368718],[80.22857340494801,16.978983289931193]]]}},{"type":"Feature","id":"hydrolakes:1395240","properties":{"Hylak_id":1395240,"Lake_name":"","Country":"India","Continent":"Asia","Poly_src":"SWBD","Lake_type":1,"Grand_id":0,"Lake_area":0.62,"Shore_len":5.65,"Shore_dev":2.02,"Vol_total":0.95,"Vol_res":0.0,"Vol_src":3,"Depth_avg":1.5,"Dis_avg":1.405,"Res_time":7.8,"Elevation":27,"Slope_100":0.31,"Wshd_area":125.0,"Pour_long":81.509608,"Pour_lat":16.976116,"source_id":"hydrolakes:1395240","label":""},"geometry":{"type":"Polygon","coordinates":[[[81.50687635633693,16.98089491102496],[81.50807807074682,16.979973415799236],[81.51058593750031,16.98007269965342],[81.51053778754363,16.978857150608235],[81.50841729058169,16.977797851563082],[81.50894476996552,16.976949869792293],[81.51088270399322,16.977772352431202],[81.5108264160159,16.976351725261054],[81.51027208116335,16.97583821614643],[81.51028727213566,16.974621582031887],[81.51250800238728,16.972564019097888],[81.51195841471389,16.96985215928879],[81.51110582139779,16.969449869792413],[81.51069444444477,16.96847222222283],[81.50941758897602,16.968905436198554],[81.50945393880227,16.97093424479226],[81.50815931532145,16.971770290799213],[81.50736111111144,16.97300645616383],[81.50590928819457,16.97223822699715],[81.50496758355047,16.97533827039996],[81.50443915473107,16.97582790798674],[81.50306084526943,16.978111436632616],[81.5041768391929,16.980220540365337],[81.50687635633693,16.98089491102496]],[[81.50390679253485,16.977570529514537],[81.50513888888901,16.977361111111748],[81.50792697482649,16.97872965494861],[81.50691446940124,16.98009521484437],[81.50505140516503,16.979552137587405],[81.50416503906268,16.978403862847983],[81.50390679253485,16.977570529514537]]]}},{"type":"Feature","id":"hydrolakes:1395244","properties":{"Hylak_id":1395244,"Lake_name":"","Country":"India","Continent":"Asia","Poly_src":"SWBD","Lake_type":1,"Grand_id":0,"Lake_area":0.22,"Shore_len":1.93,"Shore_dev":1.15,"Vol_total":0.26,"Vol_res":0.0,"Vol_src":3,"Depth_avg":1.2,"Dis_avg":1.12,"Res_time":2.7,"Elevation":16,"Slope_100":0.26,"Wshd_area":99.5,"Pour_long":82.046163,"Pour_lat":16.974901,"source_id":"hydrolakes:1395244","label":""},"geometry":{"type":"Polygon","coordinates":[[[82.04372436523465,16.973497992622185],[82.04347222222242,16.973194444445085],[82.04195732964422,16.97346435546939],[82.04225260416689,16.97592909071244],[82.0441750759552,16.978042805990242],[82.04776421441,16.977771538629156],[82.04797648112014,16.97568956163252],[82.0467051866321,16.974961480035404],[82.04482028537348,16.974408365886063],[82.04372436523465,16.973497992622185]]]}},{"type":"Feature","id":"hydrolakes:1395255","properties":{"Hylak_id":1395255,"Lake_name":"","Country":"India","Continent":"Asia","Poly_src":"SWBD","Lake_type":1,"Grand_id":0,"Lake_area":0.26,"Shore_len":2.08,"Shore_dev":1.15,"Vol_total":0.61,"Vol_res":0.0,"Vol_src":3,"Depth_avg":2.3,"Dis_avg":0.071,"Res_time":99.6,"Elevation":82,"Slope_100":0.99,"Wshd_area":8.8,"Pour_long":80.113845,"Pour_lat":16.969681,"source_id":"hydrolakes:1395255","label":""},"geometry":{"type":"Polygon","coordinates":[[[80.11305277506511,16.968336046007607],[80.10851214938697,16.9683542209209],[80.10761756896972,16.96967393663266],[80.10873540242534,16.97003662109438],[80.10960558573407,16.97136393229232],[80.11083611382384,16.971663953993698],[80.1123693847656,16.972453884549225],[80.11490929497631,16.971834581163876],[80.11528169420029,16.971111653646574],[80.11447907341858,16.968683810764503],[80.11305277506511,16.968336046007607]]]}},{"type":"Feature","id":"hydrolakes:1395259","properties":{"Hylak_id":1395259,"Lake_name":"","Country":"India","Continent":"Asia","Poly_src":"SWBD","Lake_type":1,"Grand_id":0,"Lake_area":0.16,"Shore_len":1.56,"Shore_dev":1.1,"Vol_total":0.19,"Vol_res":0.0,"Vol_src":3,"Depth_avg":1.2,"Dis_avg":0.021,"Res_time":105.7,"Elevation":3,"Slope_100":0.28,"Wshd_area":1.8,"Pour_long":82.267466,"Pour_lat":16.965115,"source_id":"hydrolakes:1395259","label":""},"geometry":{"type":"Polygon","coordinates":[[[82.26498453776071,16.962237684462536],[82.26486111111149,16.962083333333908],[82.26374403211827,16.962402615017993],[82.2635226779517,16.964182942708987],[82.26408284505237,16.96551188151102],[82.26710042317728,16.966373426649966],[82.26826443142392,16.966077202691622],[82.26776177300366,16.964319390191577],[82.26632731119804,16.96252821180616],[82.26498453776071,16.962237684462536]]]}},{"type":"Feature","id":"hydrolakes:1395262","properties":{"Hylak_id":1395262,"Lake_name":"","Country":"India","Continent":"Asia","Poly_src":"SWBD","Lake_type":1,"Grand_id":0,"Lake_area":0.26,"Shore_len":2.04,"Shore_dev":1.12,"Vol_total":0.49,"Vol_res":0.0,"Vol_src":3,"Depth_avg":1.9,"Dis_avg":0.398,"Res_time":14.4,"Elevation":56,"Slope_100":0.62,"Wshd_area":46.6,"Pour_long":80.351868,"Pour_lat":16.962029,"source_id":"hydrolakes:1395262","label":""},"geometry":{"type":"Polygon","coordinates":[[[80.35230597601998,16.96223117404577],[80.35208333333344,16.961527777778542],[80.35062866210939,16.96172661675405],[80.34787041558172,16.963507758247204],[80.35044196234821,16.967489963108278],[80.35331271701392,16.967603895399918],[80.35306125217022,16.9633287217888],[80.35230597601998,16.96223117404577]]]}},{"type":"Feature","id":"hydrolakes:1395264","properties":{"Hylak_id":1395264,"Lake_name":"","Country":"India","Continent":"Asia","Poly_src":"SWBD","Lake_type":1,"Grand_id":0,"Lake_area":0.15,"Shore_len":1.69,"Shore_dev":1.24,"Vol_total":0.35,"Vol_res":0.0,"Vol_src":3,"Depth_avg":2.4,"Dis_avg":0.102,"Res_time":39.7,"Elevation":34,"Slope_100":1.2,"Wshd_area":9.0,"Pour_long":81.918075,"Pour_lat":16.956928,"source_id":"hydrolakes:1395264","label":""},"geometry":{"type":"Polygon","coordinates":[[[81.9194547526044,16.95610080295205],[81.91902777777807,16.955416666667304],[81.91715413411481,16.955607910156857],[81.91667697482654,16.95667697482719],[81.91608398437512,16.957188042535392],[81.91509331597234,16.960807291667265],[81.91559800889769,16.96084798177162],[81.91895765516512,16.958123643663896],[81.9197119140627,16.95677164713601],[81.9194547526044,16.95610080295205]]]}},{"type":"Feature","id":"hydrolakes:1395273","properties":{"Hylak_id":1395273,"Lake_name":"","Country":"India","Continent":"Asia","Poly_src":"SWBD","Lake_type":1,"Grand_id":0,"Lake_area":0.22,"Shore_len":2.31,"Shore_dev":1.4,"Vol_total":0.42,"Vol_res":0.0,"Vol_src":3,"Depth_avg":1.9,"Dis_avg":0.176,"Res_time":27.6,"Elevation":105,"Slope_100":0.7,"Wshd_area":20.5,"Pour_long":80.891806,"Pour_lat":16.946007,"source_id":"hydrolakes:1395273","label":""},"geometry":{"type":"Polygon","coordinates":[[[80.8924846055773,16.943626573351366],[80.89192905002187,16.943595648872133],[80.89112650553409,16.944737684462496],[80.89004692925369,16.945393337674204],[80.88945983886725,16.946126573351364],[80.88812669542114,16.94641493055616],[80.88614176432299,16.94822591145902],[80.88650404188382,16.950193956163844],[80.88768391927101,16.950647515191577],[80.88918206108963,16.949737684462434],[80.89032416449675,16.94733805338609],[80.89140489366326,16.946681586372165],[80.89331590440548,16.944292263455566],[80.8924846055773,16.943626573351366]]]}},{"type":"Feature","id":"hydrolakes:1395277","properties":{"Hylak_id":1395277,"Lake_name":"","Country":"India","Continent":"Asia","Poly_src":"SWBD","Lake_type":1,"Grand_id":0,"Lake_area":0.26,"Shore_len":1.98,"Shore_dev":1.1,"Vol_total":0.56,"Vol_res":0.0,"Vol_src":3,"Depth_avg":2.2,"Dis_avg":0.035,"Res_time":184.9,"Elevation":64,"Slope_100":0.87,"Wshd_area":4.1,"Pour_long":80.414811,"Pour_lat":16.943603,"source_id":"hydrolakes:1395277","label":""},"geometry":{"type":"Polygon","coordinates":[[[80.41691897922095,16.944830457900082],[80.41749094645195,16.9410701497402],[80.41665934244804,16.941119791667347],[80.41597222222225,16.939861111111725],[80.41447492811437,16.940017089844446],[80.41366183810783,16.940743543837414],[80.4125077989367,16.943365614150082],[80.41427917480479,16.946381022135995],[80.41527682834237,16.94602213541725],[80.41691897922095,16.944830457900082]]]}},{"type":"Feature","id":"hydrolakes:1395278","properties":{"Hylak_id":1395278,"Lake_name":"","Country":"India","Continent":"Asia","Poly_src":"SWBD","Lake_type":1,"Grand_id":0,"Lake_area":0.31,"Shore_len":2.21,"Shore_dev":1.11,"Vol_total":0.34,"Vol_res":0.0,"Vol_src":3,"Depth_avg":1.1,"Dis_avg":0.007,"Res_time":562.4,"Elevation":6,"Slope_100":0.19,"Wshd_area":0.6,"Pour_long":82.175995,"Pour_lat":16.943807,"source_id":"hydrolakes:1395278","label":""},"geometry":{"type":"Polygon","coordinates":[[[82.17692898220508,16.942394748264462],[82.17652777777812,16.94125000000065],[82.17340603298646,16.94144965277843],[82.17276217990474,16.94446831597287],[82.17275078667552,16.947486165365206],[82.17490329318605,16.948050130208912],[82.17721693250888,16.947635633681273],[82.17692898220508,16.942394748264462]]]}},{"type":"Feature","id":"hydrolakes:1395288","properties":{"Hylak_id":1395288,"Lake_name":"","Country":"India","Continent":"Asia","Poly_src":"SWBD","Lake_type":1,"Grand_id":0,"Lake_area":0.22,"Shore_len":1.99,"Shore_dev":1.21,"Vol_total":0.47,"Vol_res":0.0,"Vol_src":3,"Depth_avg":2.2,"Dis_avg":0.025,"Res_time":215.4,"Elevation":0,"Slope_100":0.88,"Wshd_area":2.3,"Pour_long":82.246524,"Pour_lat":16.934974,"source_id":"hydrolakes:1395288","label":""},"geometry":{"type":"Polygon","coordinates":[[[82.24711290147587,16.934242621528483],[82.24597222222258,16.933823784722904],[82.24492662217915,16.93420762803879],[82.24402777777811,16.932916666667438],[82.24149319118953,16.933175184462527],[82.24080566406275,16.93440755208394],[82.2417068142363,16.937211914063084],[82.24362141927111,16.936954752604834],[82.24498969184043,16.93610080295207],[82.24748969184049,16.935719943577],[82.24711290147587,16.934242621528483]]]}},{"type":"Feature","id":"hydrolakes:1395290","properties":{"Hylak_id":1395290,"Lake_name":"","Country":"India","Continent":"Asia","Poly_src":"SWBD","Lake_type":1,"Grand_id":0,"Lake_area":0.17,"Shore_len":1.72,"Shore_dev":1.17,"Vol_total":0.3,"Vol_res":0.0,"Vol_src":3,"Depth_avg":1.7,"Dis_avg":0.274,"Res_time":12.5,"Elevation":78,"Slope_100":0.59,"Wshd_area":30.4,"Pour_long":81.036528,"Pour_lat":16.932554,"source_id":"hydrolakes:1395290","label":""},"geometry":{"type":"Polygon","coordinates":[[[81.03692654079867,16.93168457031311],[81.03680555555565,16.931527777778456],[81.03597981770844,16.931668023004136],[81.03510226779542,16.933676215278467],[81.03563666449662,16.934981825087505],[81.03632880316843,16.93587863498334],[81.03745374891537,16.93655707465342],[81.03914584689699,16.936807183160397],[81.03974392361118,16.935285915799398],[81.0397591145836,16.93461127387218],[81.03803765190992,16.93390679253531],[81.03777086046017,16.932030164931177],[81.03692654079867,16.93168457031311]]]}},{"type":"Feature","id":"hydrolakes:1395292","properties":{"Hylak_id":1395292,"Lake_name":"","Country":"India","Continent":"Asia","Poly_src":"SWBD","Lake_type":1,"Grand_id":0,"Lake_area":0.29,"Shore_len":2.47,"Shore_dev":1.28,"Vol_total":0.49,"Vol_res":0.0,"Vol_src":3,"Depth_avg":1.7,"Dis_avg":0.091,"Res_time":62.5,"Elevation":55,"Slope_100":0.47,"Wshd_area":10.9,"Pour_long":80.337763,"Pour_lat":16.93125,"source_id":"hydrolakes:1395292","label":""},"geometry":{"type":"Polygon","coordinates":[[[80.33693410237657,16.926121419271624],[80.3368055555556,16.92597222222281],[80.33594831678607,16.926466471354786],[80.33445478651277,16.92837348090353],[80.33557976616771,16.929165039063093],[80.33393341064453,16.931251356337384],[80.33386834038652,16.93206136067772],[80.33501034206819,16.93304524739648],[80.336111416287,16.93495496961873],[80.33773576524527,16.934230143229797],[80.33809346516927,16.928000488281896],[80.33774922688809,16.926485188802758],[80.33693410237657,16.926121419271624]]]}},{"type":"Feature","id":"hydrolakes:1395298","properties":{"Hylak_id":1395298,"Lake_name":"","Country":"India","Continent":"Asia","Poly_src":"SWBD","Lake_type":1,"Grand_id":0,"Lake_area":0.8,"Shore_len":5.56,"Shore_dev":1.75,"Vol_total":2.59,"Vol_res":0.0,"Vol_src":3,"Depth_avg":3.2,"Dis_avg":25.131,"Res_time":1.2,"Elevation":15,"Slope_100":1.36,"Wshd_area":2316.2,"Pour_long":81.587598,"Pour_lat":16.928728,"source_id":"hydrolakes:1395298","label":""},"geometry":{"type":"Polygon","coordinates":[[[81.57895182291685,16.93920518663259],[81.58096964518256,16.936863064236718],[81.58549018012184,16.93533772786526],[81.58691880967893,16.93351345486184],[81.58701470269119,16.932319335938132],[81.58664713541697,16.93166042751801],[81.58771240234393,16.93118516710132],[81.58720608181437,16.93027777777843],[81.58775661892372,16.929291178386052],[81.58763888888899,16.92819444444507],[81.58566677517388,16.92845241970548],[81.58464938693601,16.928906521268004],[81.58401462131098,16.929643283420774],[81.58248969184041,16.929989691840944],[81.57695475260448,16.93445475260478],[81.57567382812516,16.934840494792297],[81.57524956597234,16.936249457465863],[81.57340128580756,16.937406955295785],[81.5727880859377,16.93850613064302],[81.57345174153664,16.9389938693584],[81.57455105251768,16.93838053385474],[81.57553805881105,16.93830132378531],[81.57665825737877,16.939178602431184],[81.57895182291685,16.93920518663259]],[[81.58405029296898,16.931953938802735],[81.58458333333346,16.931805555556195],[81.58481363932322,16.93320746527843],[81.58286851671016,16.934336480035427],[81.58157321506093,16.93382731119857],[81.5817083062069,16.932912597656866],[81.58405029296898,16.931953938802735]]]}},{"type":"Feature","id":"hydrolakes:1395301","properties":{"Hylak_id":1395301,"Lake_name":"","Country":"India","Continent":"Asia","Poly_src":"SWBD","Lake_type":1,"Grand_id":0,"Lake_area":0.18,"Shore_len":1.73,"Shore_dev":1.14,"Vol_total":0.32,"Vol_res":0.0,"Vol_src":3,"Depth_avg":1.7,"Dis_avg":0.064,"Res_time":57.5,"Elevation":60,"Slope_100":0.59,"Wshd_area":7.6,"Pour_long":80.461523,"Pour_lat":16.928186,"source_id":"hydrolakes:1395301","label":""},"geometry":{"type":"Polygon","coordinates":[[[80.46446173773893,16.927500000000634],[80.46430555555582,16.926250000000607],[80.46029313829212,16.927662217882585],[80.46079525417753,16.930751139323604],[80.46173845079221,16.931928982205477],[80.46329444037565,16.93131618923678],[80.46379659016941,16.929560004341],[80.46431525336374,16.928677571615196],[80.46446173773893,16.927500000000634]]]}},{"type":"Feature","id":"hydrolakes:1395307","properties":{"Hylak_id":1395307,"Lake_name":"","Country":"India","Continent":"Asia","Poly_src":"SWBD","Lake_type":1,"Grand_id":0,"Lake_area":0.41,"Shore_len":2.91,"Shore_dev":1.29,"Vol_total":0.58,"Vol_res":0.0,"Vol_src":3,"Depth_avg":1.4,"Dis_avg":0.466,"Res_time":14.4,"Elevation":55,"Slope_100":0.31,"Wshd_area":55.0,"Pour_long":80.379428,"Pour_lat":16.922951,"source_id":"hydrolakes:1395307","label":""},"geometry":{"type":"Polygon","coordinates":[[[80.37836127387175,16.926234266493736],[80.3796743774414,16.923941514757587],[80.37978363037132,16.921758626302847],[80.37819444444455,16.920972222222815],[80.37001285129145,16.92110215928892],[80.37039218478736,16.921970757379086],[80.37215877956828,16.923060438368736],[80.37264058431003,16.924702419705454],[80.37366271972661,16.92411702474027],[80.37502139621319,16.92451551649367],[80.37634111192506,16.92682698567768],[80.37836127387175,16.926234266493736]]]}},{"type":"Feature","id":"hydrolakes:1395309","properties":{"Hylak_id":1395309,"Lake_name":"","Country":"India","Continent":"Asia","Poly_src":"SWBD","Lake_type":1,"Grand_id":0,"Lake_area":0.67,"Shore_len":4.02,"Shore_dev":1.38,"Vol_total":1.5,"Vol_res":0.0,"Vol_src":3,"Depth_avg":2.2,"Dis_avg":0.34,"Res_time":51.1,"Elevation":59,"Slope_100":0.67,"Wshd_area":42.7,"Pour_long":80.103299,"Pour_lat":16.920389,"source_id":"hydrolakes:1395309","label":""},"geometry":{"type":"Polygon","coordinates":[[[80.10197014702703,16.92625895182357],[80.10260504828574,16.925843641493657],[80.10403102450914,16.92663926866379],[80.10578753153487,16.927168240017977],[80.10637855529791,16.926790635851376],[80.10524620056168,16.92497639974016],[80.1053520541721,16.9236588541674],[80.10639922247998,16.923343641493716],[80.10693411085356,16.92282579210132],[80.1053407965768,16.92246392144159],[80.1043055555557,16.919861111111686],[80.10268046908908,16.91999701605971],[80.09988961113828,16.921172146267963],[80.09911070929644,16.92197347005282],[80.0973631880019,16.922011176215847],[80.09667700025778,16.922921278212414],[80.09776744418684,16.926493869358296],[80.09721043904625,16.92749240451468],[80.09712328592963,16.929703504774977],[80.09799681769488,16.929989691840944],[80.10082299974238,16.927489691840947],[80.10167700025784,16.927232530382526],[80.10197014702703,16.92625895182357]]]}},{"type":"Feature","id":"hydrolakes:1395310","properties":{"Hylak_id":1395310,"Lake_name":"","Country":"India","Continent":"Asia","Poly_src":"SWBD","Lake_type":1,"Grand_id":0,"Lake_area":0.17,"Shore_len":1.86,"Shore_dev":1.26,"Vol_total":0.26,"Vol_res":0.0,"Vol_src":3,"Depth_avg":1.5,"Dis_avg":0.249,"Res_time":12.0,"Elevation":106,"Slope_100":0.45,"Wshd_area":29.6,"Pour_long":80.748383,"Pour_lat":16.920414,"source_id":"hydrolakes:1395310","label":""},"geometry":{"type":"Polygon","coordinates":[[[80.75248718261724,16.919734971788955],[80.75236111111133,16.91958333333406],[80.74915384928391,16.919709472656905],[80.74676676432301,16.920591091580434],[80.74720940483945,16.92112386067771],[80.74840386284728,16.92138888888951],[80.7495469156903,16.922765028212382],[80.75245164659304,16.922461208768084],[80.75312676323796,16.9209044053826],[80.75415384928414,16.920458984375784],[80.75362392849411,16.919987250434758],[80.75248718261724,16.919734971788955]]]}},{"type":"Feature","id":"hydrolakes:1395331","properties":{"Hylak_id":1395331,"Lake_name":"","Country":"India","Continent":"Asia","Poly_src":"SWBD","Lake_type":1,"Grand_id":0,"Lake_area":0.25,"Shore_len":2.03,"Shore_dev":1.15,"Vol_total":0.51,"Vol_res":0.0,"Vol_src":3,"Depth_avg":2.1,"Dis_avg":0.07,"Res_time":85.0,"Elevation":15,"Slope_100":0.79,"Wshd_area":6.8,"Pour_long":81.591996,"Pour_lat":16.896432,"source_id":"hydrolakes:1395331","label":""},"geometry":{"type":"Polygon","coordinates":[[[81.59061347113732,16.899428710938253],[81.59258110894126,16.89601589626801],[81.5923611111113,16.895416666667245],[81.58973253038204,16.895843641493684],[81.58586683485254,16.896057942709092],[81.58528808593763,16.896621907552685],[81.58615247938394,16.89867431640704],[81.5880847167972,16.899631890191586],[81.59061347113732,16.899428710938253]]]}},{"type":"Feature","id":"hydrolakes:1395334","properties":{"Hylak_id":1395334,"Lake_name":"","Country":"India","Continent":"Asia","Poly_src":"SWBD","Lake_type":1,"Grand_id":0,"Lake_area":0.21,"Shore_len":1.88,"Shore_dev":1.16,"Vol_total":0.43,"Vol_res":0.0,"Vol_src":3,"Depth_avg":2.0,"Dis_avg":0.093,"Res_time":53.2,"Elevation":70,"Slope_100":0.8,"Wshd_area":11.7,"Pour_long":80.145419,"Pour_lat":16.891558,"source_id":"hydrolakes:1395334","label":""},"geometry":{"type":"Polygon","coordinates":[[[80.14888359917552,16.89139431423672],[80.14528354220943,16.891425238715897],[80.14307332356776,16.892468261719387],[80.14302810668954,16.89360948350759],[80.14389417860264,16.893883463542352],[80.14613610161695,16.895827907986813],[80.14813700358098,16.89374593099018],[80.1497169325088,16.892587076823588],[80.14943611992749,16.891906195747197],[80.14888359917552,16.89139431423672]]]}},{"type":"Feature","id":"hydrolakes:1395335","properties":{"Hylak_id":1395335,"Lake_name":"","Country":"India","Continent":"Asia","Poly_src":"SWBD","Lake_type":1,"Grand_id":0,"Lake_area":0.18,"Shore_len":1.83,"Shore_dev":1.22,"Vol_total":0.33,"Vol_res":0.0,"Vol_src":3,"Depth_avg":1.8,"Dis_avg":0.046,"Res_time":83.3,"Elevation":95,"Slope_100":0.68,"Wshd_area":5.5,"Pour_long":80.68125,"Pour_lat":16.890663,"source_id":"hydrolakes:1395335","label":""},"geometry":{"type":"Polygon","coordinates":[[[80.68265957302538,16.892242838542302],[80.68306518554698,16.891333821615092],[80.68440673828133,16.891441786024927],[80.68451639811207,16.89007649739648],[80.68375000000009,16.88875000000064],[80.68255425347235,16.888906521267984],[80.6797119140627,16.890545247396403],[80.67945475260427,16.89112141927143],[80.67862141927088,16.891493326823593],[80.67987657335078,16.892276204427674],[80.68070624457476,16.893600802951994],[80.68210923936641,16.89322916666731],[80.68265957302538,16.892242838542302]]]}},{"type":"Feature","id":"hydrolakes:1395340","properties":{"Hylak_id":1395340,"Lake_name":"","Country":"India","Continent":"Asia","Poly_src":"SWBD","Lake_type":1,"Grand_id":0,"Lake_area":0.49,"Shore_len":3.05,"Shore_dev":1.23,"Vol_total":1.4,"Vol_res":0.0,"Vol_src":3,"Depth_avg":2.8,"Dis_avg":0.11,"Res_time":147.7,"Elevation":51,"Slope_100":1.21,"Wshd_area":14.0,"Pour_long":80.100617,"Pour_lat":16.886783,"source_id":"hydrolakes:1395340","label":""},"geometry":{"type":"Polygon","coordinates":[[[80.10673143174927,16.89137505425407],[80.10748966640915,16.88931016710137],[80.10591639200851,16.88836886935826],[80.10311525980632,16.888002387153506],[80.10013888888892,16.88569444444505],[80.09752045525465,16.88583631727488],[80.09628173828133,16.886725802951958],[80.09772931416842,16.890540635851266],[80.099731216431,16.89049913194509],[80.10029513888895,16.891153700087443],[80.10561219957145,16.89187445746586],[80.10673143174927,16.89137505425407]]]}},{"type":"Feature","id":"hydrolakes:1395343","properties":{"Hylak_id":1395343,"Lake_name":"","Country":"India","Continent":"Asia","Poly_src":"SWBD","Lake_type":1,"Grand_id":0,"Lake_area":0.34,"Shore_len":3.15,"Shore_dev":1.52,"Vol_total":0.58,"Vol_res":0.0,"Vol_src":3,"Depth_avg":1.7,"Dis_avg":4.426,"Res_time":1.5,"Elevation":0,"Slope_100":0.47,"Wshd_area":384.9,"Pour_long":82.244134,"Pour_lat":16.884964,"source_id":"hydrolakes:1395343","label":""},"geometry":{"type":"Polygon","coordinates":[[[82.24360324435787,16.87528564453197],[82.24213121202285,16.875278591580525],[82.24224704318596,16.877222222222883],[82.24195231119836,16.88216824001796],[82.24423583984412,16.887201605903442],[82.24526706271729,16.887262912327003],[82.24494873046922,16.88572021484441],[82.2451044379344,16.88310899522628],[82.24443332248285,16.880557183160363],[82.24499213324674,16.87776991102487],[82.24554768880233,16.87622151692767],[82.24528564453158,16.87554768880267],[82.24360324435787,16.87528564453197]]]}},{"type":"Feature","id":"hydrolakes:1395355","properties":{"Hylak_id":1395355,"Lake_name":"","Country":"India","Continent":"Asia","Poly_src":"SWBD","Lake_type":1,"Grand_id":0,"Lake_area":0.72,"Shore_len":3.46,"Shore_dev":1.15,"Vol_total":2.01,"Vol_res":0.0,"Vol_src":3,"Depth_avg":2.8,"Dis_avg":0.114,"Res_time":204.4,"Elevation":103,"Slope_100":1.03,"Wshd_area":13.8,"Pour_long":80.577053,"Pour_lat":16.868899,"source_id":"hydrolakes:1395355","label":""},"geometry":{"type":"Polygon","coordinates":[[[80.58415384928412,16.868514539931255],[80.58303887261292,16.867459309896446],[80.57513888888889,16.86680555555614],[80.57362392849399,16.867426486545753],[80.57390346950962,16.86813829210132],[80.57446228027351,16.86860243055628],[80.57417948404964,16.871123860677756],[80.57362392849399,16.87260253906328],[80.57387607150622,16.873346082899957],[80.57520724826406,16.87444444444509],[80.57806640625017,16.875292968750614],[80.57887247721374,16.8743226453999],[80.58026496039531,16.87332058376802],[80.5811239284941,16.873068305122104],[80.58183234320768,16.871920030382455],[80.58306165907123,16.87089870876804],[80.58332051595056,16.86887613932356],[80.58415384928412,16.868514539931255]]]}},{"type":"Feature","id":"hydrolakes:1395359","properties":{"Hylak_id":1395359,"Lake_name":"","Country":"India","Continent":"Asia","Poly_src":"SWBD","Lake_type":1,"Grand_id":0,"Lake_area":0.18,"Shore_len":2.19,"Shore_dev":1.46,"Vol_total":0.28,"Vol_res":0.0,"Vol_src":3,"Depth_avg":1.5,"Dis_avg":0.857,"Res_time":3.7,"Elevation":85,"Slope_100":0.46,"Wshd_area":102.5,"Pour_long":80.713507,"Pour_lat":16.865725,"source_id":"hydrolakes:1395359","label":""},"geometry":{"type":"Polygon","coordinates":[[[80.71633199055992,16.866079372830484],[80.71652777777791,16.86458333333394],[80.71364203559051,16.86472330729225],[80.71233039008251,16.86530870225755],[80.71276746961826,16.86723253038258],[80.71372782389335,16.86766113281317],[80.71433078342034,16.869012586806207],[80.71648484971809,16.871656358507607],[80.71684109157997,16.871179470486766],[80.7163991970487,16.869711914063146],[80.7152936469185,16.867940538195057],[80.71633199055992,16.866079372830484]]]}},{"type":"Feature","id":"hydrolakes:1395391","properties":{"Hylak_id":1395391,"Lake_name":"","Country":"India","Continent":"Asia","Poly_src":"SWBD","Lake_type":1,"Grand_id":0,"Lake_area":0.58,"Shore_len":3.1,"Shore_dev":1.14,"Vol_total":1.17,"Vol_res":0.0,"Vol_src":3,"Depth_avg":2.0,"Dis_avg":0.394,"Res_time":34.4,"Elevation":56,"Slope_100":0.55,"Wshd_area":49.9,"Pour_long":80.230367,"Pour_lat":16.827168,"source_id":"hydrolakes:1395391","label":""},"geometry":{"type":"Polygon","coordinates":[[[80.22637408786363,16.830293782552644],[80.23002400716149,16.829151204427717],[80.23170722113724,16.829217936198575],[80.23168950398781,16.827062445747117],[80.23069444444451,16.823472222222847],[80.22772555881085,16.82360785590339],[80.22539905124239,16.82442328559091],[80.22139417860262,16.82533311632011],[80.22232925415062,16.82647786458398],[80.22287501017257,16.828768988715865],[80.22416137695319,16.829449869792256],[80.22528306749143,16.829716796875573],[80.22579627143017,16.83027072482713],[80.22637408786363,16.830293782552644]]]}},{"type":"Feature","id":"hydrolakes:1395393","properties":{"Hylak_id":1395393,"Lake_name":"","Country":"India","Continent":"Asia","Poly_src":"SWBD","Lake_type":1,"Grand_id":0,"Lake_area":0.28,"Shore_len":2.37,"Shore_dev":1.27,"Vol_total":0.51,"Vol_res":0.0,"Vol_src":3,"Depth_avg":1.8,"Dis_avg":0.142,"Res_time":41.7,"Elevation":69,"Slope_100":0.59,"Wshd_area":18.1,"Pour_long":80.192189,"Pour_lat":16.825316,"source_id":"hydrolakes:1395393","label":""},"geometry":{"type":"Polygon","coordinates":[[[80.19587751600488,16.823399251302703],[80.19541666666674,16.822361111111718],[80.19291076660164,16.82282199435832],[80.19049112955742,16.822861056858414],[80.18850189209002,16.823591579861727],[80.18660505506733,16.82464979383741],[80.18671937730579,16.8260725911465],[80.1900404357911,16.82693413628533],[80.19587751600488,16.823399251302703]]]}},{"type":"Feature","id":"hydrolakes:1395397","properties":{"Hylak_id":1395397,"Lake_name":"","Country":"India","Continent":"Asia","Poly_src":"SWBD","Lake_type":1,"Grand_id":0,"Lake_area":0.59,"Shore_len":5.21,"Shore_dev":1.91,"Vol_total":0.9,"Vol_res":0.0,"Vol_src":3,"Depth_avg":1.5,"Dis_avg":0.112,"Res_time":92.6,"Elevation":4,"Slope_100":0.31,"Wshd_area":9.5,"Pour_long":82.236076,"Pour_lat":16.821734,"source_id":"hydrolakes:1395397","label":""},"geometry":{"type":"Polygon","coordinates":[[[82.2462094455297,16.813459743924284],[82.24791992187534,16.81301161024379],[82.25038357204892,16.81310926649371],[82.25110582139791,16.810827907986777],[82.2518838161896,16.809357638889537],[82.25125000000037,16.8087500000006],[82.24985677083384,16.808940429688107],[82.24832804362029,16.809716796875648],[82.24667195638051,16.81111653645894],[82.24572835286477,16.81156168619856],[82.24524495442745,16.8125862630215],[82.24084933810798,16.816198187934617],[82.23996107313388,16.817573784722924],[82.23621025933181,16.819889051650023],[82.23486952039951,16.822422960070128],[82.23605523003505,16.823050130208912],[82.2367192925351,16.82147867838603],[82.23866427951413,16.821107313368827],[82.24223876953141,16.81944607204923],[82.24219590928834,16.81836290147629],[82.24332804362007,16.817494574653324],[82.24462388780404,16.817084418403397],[82.2462094455297,16.813459743924284]]]}},{"type":"Feature","id":"hydrolakes:1395399","properties":{"Hylak_id":1395399,"Lake_name":"","Country":"India","Continent":"Asia","Poly_src":"SWBD","Lake_type":1,"Grand_id":0,"Lake_area":0.17,"Shore_len":1.91,"Shore_dev":1.3,"Vol_total":0.33,"Vol_res":0.0,"Vol_src":3,"Depth_avg":1.9,"Dis_avg":0.312,"Res_time":12.1,"Elevation":69,"Slope_100":0.72,"Wshd_area":38.2,"Pour_long":80.512164,"Pour_lat":16.821195,"source_id":"hydrolakes:1395399","label":""},"geometry":{"type":"Polygon","coordinates":[[[80.51075975206169,16.8175005425353],[80.510138888889,16.8168055555563],[80.50945224338119,16.81701768663254],[80.50983893500455,16.81896972656307],[80.51231858995243,16.821745062934667],[80.51453416612435,16.82304768880283],[80.51427581787112,16.819542914497276],[80.51291907416459,16.818491482205445],[80.51075975206169,16.8175005425353]]]}},{"type":"Feature","id":"hydrolakes:1395416","properties":{"Hylak_id":1395416,"Lake_name":"","Country":"India","Continent":"Asia","Poly_src":"SWBD","Lake_type":1,"Grand_id":0,"Lake_area":0.67,"Shore_len":3.7,"Shore_dev":1.27,"Vol_total":1.74,"Vol_res":0.0,"Vol_src":3,"Depth_avg":2.6,"Dis_avg":0.366,"Res_time":55.1,"Elevation":78,"Slope_100":0.91,"Wshd_area":45.4,"Pour_long":80.609677,"Pour_lat":16.798056,"source_id":"hydrolakes:1395416","label":""},"geometry":{"type":"Polygon","coordinates":[[[80.60731886121982,16.80041069878547],[80.60913675944022,16.799923773872138],[80.6111551242405,16.80004394531312],[80.61120937771278,16.797101508247124],[80.60877305772573,16.79520128038257],[80.60569444444445,16.791805555556152],[80.60457770453564,16.792013888889528],[80.60417446560342,16.794174533420744],[80.60304775661916,16.794436577691727],[80.6027073160808,16.795899793837577],[80.60122382269981,16.79658067491397],[80.60003275553413,16.797644856771456],[80.59997762044304,16.798569607205422],[80.60047607421888,16.799127332899957],[80.6023852539065,16.798442382813107],[80.60366075303841,16.799027777778406],[80.60358778211815,16.800253092448543],[80.60515245225696,16.801103244358274],[80.60731886121982,16.80041069878547]]]}},{"type":"Feature","id":"hydrolakes:1395426","properties":{"Hylak_id":1395426,"Lake_name":"","Country":"India","Continent":"Asia","Poly_src":"SWBD","Lake_type":1,"Grand_id":0,"Lake_area":0.28,"Shore_len":2.02,"Shore_dev":1.07,"Vol_total":0.22,"Vol_res":0.0,"Vol_src":3,"Depth_avg":0.8,"Dis_avg":0.024,"Res_time":107.8,"Elevation":5,"Slope_100":0.1,"Wshd_area":2.1,"Pour_long":82.189583,"Pour_lat":16.788723,"source_id":"hydrolakes:1395426","label":""},"geometry":{"type":"Polygon","coordinates":[[[82.19322794596377,16.78615478515684],[82.19263888888918,16.784861111111752],[82.18950249565995,16.78499050564301],[82.18700113932323,16.786699761285377],[82.18668457031288,16.788841959635988],[82.1881783040368,16.78983344184104],[82.18945638020858,16.790022243924284],[82.19265285915833,16.788127170139546],[82.19322794596377,16.78615478515684]]]}},{"type":"Feature","id":"hydrolakes:1395439","properties":{"Hylak_id":1395439,"Lake_name":"","Country":"India","Continent":"Asia","Poly_src":"SWBD","Lake_type":1,"Grand_id":0,"Lake_area":0.15,"Shore_len":1.93,"Shore_dev":1.4,"Vol_total":0.24,"Vol_res":0.0,"Vol_src":3,"Depth_avg":1.6,"Dis_avg":0.038,"Res_time":72.4,"Elevation":68,"Slope_100":0.52,"Wshd_area":4.9,"Pour_long":80.171875,"Pour_lat":16.773839,"source_id":"hydrolakes:1395439","label":""},"geometry":{"type":"Polygon","coordinates":[[[80.17049197726789,16.77610839843817],[80.17089621649853,16.774450141059674],[80.17325290256088,16.775053982205634],[80.17535641140421,16.774121907552797],[80.17583055284308,16.77358127170197],[80.17486111111117,16.772638888889617],[80.17021675957585,16.773164062500655],[80.16873630099838,16.77428738064293],[80.16920428805889,16.775654568143125],[80.17049197726789,16.77610839843817]]]}},{"type":"Feature","id":"hydrolakes:1395446","properties":{"Hylak_id":1395446,"Lake_name":"","Country":"India","Continent":"Asia","Poly_src":"SWBD","Lake_type":1,"Grand_id":0,"Lake_area":0.28,"Shore_len":2.33,"Shore_dev":1.25,"Vol_total":0.52,"Vol_res":0.0,"Vol_src":3,"Depth_avg":1.9,"Dis_avg":0.132,"Res_time":45.2,"Elevation":65,"Slope_100":0.6,"Wshd_area":16.6,"Pour_long":80.465524,"Pour_lat":16.764026,"source_id":"hydrolakes:1395446","label":""},"geometry":{"type":"Polygon","coordinates":[[[80.46835940890844,16.76175862630265],[80.46782942030188,16.760570746528458],[80.46606513129342,16.760592719184615],[80.46541666666673,16.758750000000646],[80.46387071397584,16.75915852864648],[80.46445821126326,16.760553385417325],[80.46405053032771,16.7620429144971],[80.46445621066636,16.76277018229223],[80.46426411946629,16.765161132813148],[80.46513010660823,16.76564425998322],[80.46907284206839,16.765241970486727],[80.46835940890844,16.76175862630265]]]}},{"type":"Feature","id":"hydrolakes:1395448","properties":{"Hylak_id":1395448,"Lake_name":"","Country":"India","Continent":"Asia","Poly_src":"SWBD","Lake_type":1,"Grand_id":0,"Lake_area":0.25,"Shore_len":2.07,"Shore_dev":1.17,"Vol_total":0.39,"Vol_res":0.0,"Vol_src":3,"Depth_avg":1.5,"Dis_avg":0.008,"Res_time":557.6,"Elevation":53,"Slope_100":0.42,"Wshd_area":1.0,"Pour_long":80.656451,"Pour_lat":16.763831,"source_id":"hydrolakes:1395448","label":""},"geometry":{"type":"Polygon","coordinates":[[[80.6571025933161,16.76576144748327],[80.65823174370672,16.76445068359436],[80.65989067925358,16.764148220486675],[80.66041463216158,16.762721354167297],[80.65980672200544,16.760702311198543],[80.65875000000017,16.76013888888957],[80.65776746961814,16.760267469618668],[80.65628621419279,16.761142035591035],[80.65452785915818,16.763267686632503],[80.65436713324658,16.765267469618607],[80.65597703721795,16.76462592230979],[80.6571025933161,16.76576144748327]]]}},{"type":"Feature","id":"hydrolakes:1395464","properties":{"Hylak_id":1395464,"Lake_name":"","Country":"India","Continent":"Asia","Poly_src":"SWBD","Lake_type":1,"Grand_id":0,"Lake_area":0.21,"Shore_len":1.92,"Shore_dev":1.17,"Vol_total":0.37,"Vol_res":0.0,"Vol_src":3,"Depth_avg":1.7,"Dis_avg":0.421,"Res_time":10.1,"Elevation":85,"Slope_100":0.55,"Wshd_area":51.8,"Pour_long":80.766471,"Pour_lat":16.744416,"source_id":"hydrolakes:1395464","label":""},"geometry":{"type":"Polygon","coordinates":[[[80.76858818901923,16.74224500868121],[80.76847222222233,16.741527777778344],[80.76762607150624,16.741664496528358],[80.7661340332034,16.74389187283049],[80.76640285915806,16.745524631077046],[80.76803744845932,16.74697157118112],[80.77059529622426,16.74747721354231],[80.7712677001955,16.7464941406256],[80.77057847764775,16.74553276909785],[80.76981126573361,16.744982638889553],[80.7700931125218,16.743556315104854],[80.7694673665365,16.742477213542372],[80.76858818901923,16.74224500868121]]]}},{"type":"Feature","id":"hydrolakes:1395474","properties":{"Hylak_id":1395474,"Lake_name":"","Country":"India","Continent":"Asia","Poly_src":"SWBD","Lake_type":1,"Grand_id":0,"Lake_area":0.27,"Shore_len":3.63,"Shore_dev":1.98,"Vol_total":0.26,"Vol_res":0.0,"Vol_src":3,"Depth_avg":1.0,"Dis_avg":0.194,"Res_time":15.6,"Elevation":8,"Slope_100":0.16,"Wshd_area":23.2,"Pour_long":81.185417,"Pour_lat":16.732315,"source_id":"hydrolakes:1395474","label":""},"geometry":{"type":"Polygon","coordinates":[[[81.18660712348117,16.732309299045767],[81.18569444444455,16.731250000000614],[81.18306586371557,16.731689995660304],[81.18406656901055,16.733384060330422],[81.18522827148468,16.734032389323488],[81.18637858072924,16.73445475260479],[81.18973253038206,16.73471191406304],[81.1939484320751,16.737025824653358],[81.19746771918426,16.73831841362903],[81.19757080078148,16.73703586154579],[81.1952880859377,16.736348741320057],[81.19001030815991,16.733600802952026],[81.18660712348117,16.732309299045767]]]}},{"type":"Feature","id":"hydrolakes:1395486","properties":{"Hylak_id":1395486,"Lake_name":"","Country":"India","Continent":"Asia","Poly_src":"SWBD","Lake_type":1,"Grand_id":0,"Lake_area":0.37,"Shore_len":2.88,"Shore_dev":1.34,"Vol_total":0.71,"Vol_res":0.0,"Vol_src":3,"Depth_avg":1.9,"Dis_avg":0.306,"Res_time":26.8,"Elevation":43,"Slope_100":0.59,"Wshd_area":40.3,"Pour_long":80.197595,"Pour_lat":16.716194,"source_id":"hydrolakes:1395486","label":""},"geometry":{"type":"Polygon","coordinates":[[[80.19444535997178,16.721298285590933],[80.19532092624246,16.720783691406893],[80.19601579454229,16.721651204427758],[80.19717514038109,16.721347927517968],[80.19750315348324,16.71872558593816],[80.19888573540595,16.71655219184089],[80.19902777777793,16.71541666666741],[80.19321865505668,16.716716851129036],[80.19341501871781,16.71829562717079],[80.19282786051434,16.71876573350761],[80.19223758273677,16.719737684462586],[80.19112647162552,16.720627441406805],[80.19149305555572,16.722192382813148],[80.19251536051439,16.722484537761034],[80.19295427110461,16.723032769097983],[80.19418202718111,16.72251546224021],[80.19444535997178,16.721298285590933]]]}},{"type":"Feature","id":"hydrolakes:1395489","properties":{"Hylak_id":1395489,"Lake_name":"","Country":"India","Continent":"Asia","Poly_src":"SWBD","Lake_type":1,"Grand_id":0,"Lake_area":0.12,"Shore_len":1.51,"Shore_dev":1.23,"Vol_total":0.22,"Vol_res":0.0,"Vol_src":3,"Depth_avg":1.8,"Dis_avg":0.523,"Res_time":4.8,"Elevation":73,"Slope_100":0.73,"Wshd_area":64.5,"Pour_long":80.758821,"Pour_lat":16.714497,"source_id":"hydrolakes:1395489","label":""},"geometry":{"type":"Polygon","coordinates":[[[80.75842407226565,16.71237792968816],[80.75736111111115,16.71097222222278],[80.75660244411915,16.71118923611175],[80.7570515950523,16.713166503906905],[80.75677327473983,16.715403917101412],[80.75810058593748,16.71637342664991],[80.75941006130665,16.71597086588605],[80.75947916666689,16.715415581597938],[80.75917432996977,16.71297878689296],[80.75842407226565,16.71237792968816]]]}},{"type":"Feature","id":"hydrolakes:1395498","properties":{"Hylak_id":1395498,"Lake_name":"","Country":"India","Continent":"Asia","Poly_src":"SWBD","Lake_type":1,"Grand_id":0,"Lake_area":0.29,"Shore_len":3.79,"Shore_dev":1.98,"Vol_total":0.64,"Vol_res":0.0,"Vol_src":3,"Depth_avg":2.2,"Dis_avg":0.029,"Res_time":254.0,"Elevation":2,"Slope_100":0.82,"Wshd_area":2.5,"Pour_long":82.059375,"Pour_lat":16.706356,"source_id":"hydrolakes:1395498","label":""},"geometry":{"type":"Polygon","coordinates":[[[82.06660061306457,16.707668185764476],[82.06700113932305,16.70652560763955],[82.06207478841179,16.707096082900023],[82.06142768012165,16.706397569445016],[82.05905571831619,16.705399576823538],[82.05727674696203,16.704000651042293],[82.05541666666693,16.70069444444505],[82.0549658203127,16.70083713107698],[82.05333862304707,16.70244411892429],[82.05900580512184,16.70698215060827],[82.06084445529535,16.707954915365235],[82.06237223307306,16.708490397136018],[82.06693657769114,16.708671332465826],[82.06660061306457,16.707668185764476]]]}},{"type":"Feature","id":"hydrolakes:1395515","properties":{"Hylak_id":1395515,"Lake_name":"","Country":"India","Continent":"Asia","Poly_src":"SWBD","Lake_type":1,"Grand_id":0,"Lake_area":0.29,"Shore_len":2.32,"Shore_dev":1.22,"Vol_total":0.45,"Vol_res":0.0,"Vol_src":3,"Depth_avg":1.6,"Dis_avg":0.227,"Res_time":23.1,"Elevation":35,"Slope_100":0.42,"Wshd_area":29.2,"Pour_long":80.382759,"Pour_lat":16.687419,"source_id":"hydrolakes:1395515","label":""},"geometry":{"type":"Polygon","coordinates":[[[80.384997321235,16.6908645290805],[80.38777499728735,16.68841200086871],[80.3873331366645,16.687828776042238],[80.38498463948588,16.687501085070096],[80.38458333333347,16.68708333333393],[80.3817379082576,16.68748046875055],[80.38079891628689,16.687785373264603],[80.38000278049054,16.688613823785317],[80.37890299479182,16.689147406684583],[80.37834567599839,16.690229220920855],[80.38059533013262,16.69085801866379],[80.384997321235,16.6908645290805]]]}},{"type":"Feature","id":"hydrolakes:1395528","properties":{"Hylak_id":1395528,"Lake_name":"","Country":"India","Continent":"Asia","Poly_src":"SWBD","Lake_type":1,"Grand_id":0,"Lake_area":0.14,"Shore_len":1.45,"Shore_dev":1.08,"Vol_total":0.17,"Vol_res":0.0,"Vol_src":3,"Depth_avg":1.2,"Dis_avg":0.01,"Res_time":196.3,"Elevation":3,"Slope_100":0.3,"Wshd_area":0.8,"Pour_long":82.277083,"Pour_lat":16.672841,"source_id":"hydrolakes:1395528","label":""},"geometry":{"type":"Polygon","coordinates":[[[82.27899197048629,16.671563585070032],[82.27875000000023,16.67125000000061],[82.275895996094,16.671379937066547],[82.27496012369829,16.67193983289991],[82.27573106553842,16.6738237847228],[82.27726453993074,16.674426540799118],[82.27903049045159,16.674113226997065],[82.28022081163226,16.67319471571244],[82.27946234809048,16.671926540799348],[82.27899197048629,16.671563585070032]]]}},{"type":"Feature","id":"hydrolakes:1395544","properties":{"Hylak_id":1395544,"Lake_name":"","Country":"India","Continent":"Asia","Poly_src":"SWBD","Lake_type":1,"Grand_id":0,"Lake_area":0.39,"Shore_len":2.84,"Shore_dev":1.28,"Vol_total":1.04,"Vol_res":0.0,"Vol_src":3,"Depth_avg":2.7,"Dis_avg":0.098,"Res_time":122.5,"Elevation":48,"Slope_100":1.13,"Wshd_area":12.3,"Pour_long":80.867204,"Pour_lat":16.649567,"source_id":"hydrolakes:1395544","label":""},"geometry":{"type":"Polygon","coordinates":[[[80.86995056152358,16.653189832899898],[80.87115437825531,16.65274766710138],[80.87270874023449,16.65287272135481],[80.87332302517382,16.65177164713606],[80.87278808593771,16.650545247396394],[80.8693382432727,16.65028076171933],[80.8659722222223,16.64847222222278],[80.86419108072943,16.648653971354747],[80.86306586371552,16.650670572917306],[80.86340820312506,16.652750379774886],[80.86596103244364,16.652468261719378],[80.86695475260433,16.652767469618652],[80.8676506890194,16.653878580729724],[80.86917697482653,16.653621419271474],[80.86995056152358,16.653189832899898]]]}},{"type":"Feature","id":"hydrolakes:1395548","properties":{"Hylak_id":1395548,"Lake_name":"","Country":"India","Continent":"Asia","Poly_src":"SWBD","Lake_type":1,"Grand_id":0,"Lake_area":0.64,"Shore_len":5.66,"Shore_dev":2.0,"Vol_total":2.53,"Vol_res":0.0,"Vol_src":3,"Depth_avg":4.0,"Dis_avg":1.461,"Res_time":20.0,"Elevation":47,"Slope_100":2.23,"Wshd_area":182.8,"Pour_long":80.81501,"Pour_lat":16.644655,"source_id":"hydrolakes:1395548","label":""},"geometry":{"type":"Polygon","coordinates":[[[80.8120467800565,16.649239908854724],[80.81597222222234,16.648866644965892],[80.81857421875014,16.64923177083392],[80.81913784450961,16.64857774522625],[80.81597222222234,16.643194444445214],[80.81361572265644,16.64350287543465],[80.81334364149319,16.645288085938148],[80.8126741536459,16.646877983941522],[80.80954881456177,16.64721191406312],[80.8091491021051,16.646316189236757],[80.8073164198135,16.644737141927692],[80.80637858072942,16.644454752604815],[80.8042253282336,16.643250596788903],[80.80257785373283,16.643382975260977],[80.80306722005213,16.644715711806214],[80.80301737467454,16.645336642795712],[80.80415764702701,16.64524495442771],[80.80466762966603,16.645836859809663],[80.8063991970489,16.64610080295199],[80.80665635850704,16.646793619792277],[80.8053190782336,16.64763129340338],[80.80358005099839,16.64699273003538],[80.80278808593755,16.648523763021444],[80.80544460720495,16.649008517795835],[80.8069341362849,16.648600802952046],[80.81044053819471,16.648343641493625],[80.8120467800565,16.649239908854724]]]}},{"type":"Feature","id":"hydrolakes:1395556","properties":{"Hylak_id":1395556,"Lake_name":"","Country":"India","Continent":"Asia","Poly_src":"SWBD","Lake_type":1,"Grand_id":0,"Lake_area":0.19,"Shore_len":1.81,"Shore_dev":1.17,"Vol_total":0.31,"Vol_res":0.0,"Vol_src":3,"Depth_avg":1.6,"Dis_avg":0.036,"Res_time":99.2,"Elevation":29,"Slope_100":0.5,"Wshd_area":4.7,"Pour_long":80.628625,"Pour_lat":16.641328,"source_id":"hydrolakes:1395556","label":""},"geometry":{"type":"Polygon","coordinates":[[[80.6305709499785,16.64165120442766],[80.62958333333358,16.640416666667306],[80.628936021593,16.640601671007573],[80.6280709499784,16.641682128907007],[80.62698777940557,16.642339952257544],[80.6275153944228,16.64276231553896],[80.6280709499784,16.644151204427715],[80.62843126085073,16.6466270616325],[80.62944200303843,16.64675265842078],[80.63066996256515,16.64576931423676],[80.63123908148879,16.64275146484431],[80.6305709499785,16.64165120442766]]]}},{"type":"Feature","id":"hydrolakes:1395559","properties":{"Hylak_id":1395559,"Lake_name":"","Country":"India","Continent":"Asia","Poly_src":"SWBD","Lake_type":1,"Grand_id":0,"Lake_area":0.81,"Shore_len":4.23,"Shore_dev":1.33,"Vol_total":2.93,"Vol_res":0.0,"Vol_src":3,"Depth_avg":3.6,"Dis_avg":0.072,"Res_time":471.6,"Elevation":47,"Slope_100":1.72,"Wshd_area":9.3,"Pour_long":80.792964,"Pour_lat":16.63565,"source_id":"hydrolakes:1395559","label":""},"geometry":{"type":"Polygon","coordinates":[[[80.79341023763033,16.641317003038807],[80.79388353135869,16.640256347656873],[80.7950745307075,16.64110080295194],[80.79556586371552,16.640565863715892],[80.79624837239584,16.6386716037332],[80.7955190022787,16.638043348524945],[80.7941548665367,16.636119249132605],[80.79425374348978,16.63488823784786],[80.79350145128052,16.63368706597288],[80.79028923882413,16.632730034722783],[80.78960761176234,16.632142740886025],[80.7880452473961,16.630010308160422],[80.78778808593768,16.628878580729804],[80.78736111111124,16.628194444445],[80.78683024088559,16.628354220920755],[80.7855725097657,16.62964979383736],[80.785583428277,16.631041124132537],[80.78511142306877,16.633204752604797],[80.78574761284744,16.63463053385493],[80.78867363823815,16.638737792969494],[80.79082248263893,16.640078938802674],[80.79280659993492,16.63996419270893],[80.79341023763033,16.641317003038807]]]}},{"type":"Feature","id":"hydrolakes:1395561","properties":{"Hylak_id":1395561,"Lake_name":"","Country":"India","Continent":"Asia","Poly_src":"SWBD","Lake_type":1,"Grand_id":0,"Lake_area":0.3,"Shore_len":3.1,"Shore_dev":1.59,"Vol_total":0.49,"Vol_res":0.0,"Vol_src":3,"Depth_avg":1.6,"Dis_avg":0.084,"Res_time":67.7,"Elevation":0,"Slope_100":0.45,"Wshd_area":6.4,"Pour_long":82.267724,"Pour_lat":16.6353,"source_id":"hydrolakes:1395561","label":""},"geometry":{"type":"Polygon","coordinates":[[[82.26667209201423,16.62693901909779],[82.2656944444447,16.625694444445173],[82.2641916232642,16.625899793837448],[82.26414198133699,16.627153049045774],[82.26514675564255,16.62881157769158],[82.2665391710072,16.631904568142943],[82.26633110894119,16.637148980035477],[82.26690890842036,16.63777235243117],[82.26824164496549,16.637463378906887],[82.26887993706634,16.635642361111763],[82.26896457248284,16.6335050455736],[82.26693901909755,16.628338758681252],[82.26667209201423,16.62693901909779]]]}},{"type":"Feature","id":"hydrolakes:1395638","properties":{"Hylak_id":1395638,"Lake_name":"","Country":"India","Continent":"Asia","Poly_src":"SWBD","Lake_type":1,"Grand_id":0,"Lake_area":0.4,"Shore_len":3.47,"Shore_dev":1.55,"Vol_total":0.69,"Vol_res":0.0,"Vol_src":3,"Depth_avg":1.7,"Dis_avg":0.111,"Res_time":71.6,"Elevation":0,"Slope_100":0.46,"Wshd_area":8.2,"Pour_long":82.190625,"Pour_lat":16.565367,"source_id":"hydrolakes:1395638","label":""},"geometry":{"type":"Polygon","coordinates":[[[82.19303751627638,16.57106960720546],[82.19478203667586,16.569731716580463],[82.19579630533883,16.570826280382505],[82.19685384114604,16.57086832682353],[82.19777248806452,16.570434841580607],[82.19709160698812,16.569190809462384],[82.19527208116347,16.567504882813125],[82.19528347439268,16.56721706814301],[82.19220065646732,16.566795789931177],[82.19228149414079,16.564753960504106],[82.18986111111127,16.563750000000596],[82.18751397026938,16.563954535590995],[82.18747463650209,16.564947102865176],[82.18837320963576,16.566338704427665],[82.1904159884985,16.566825358073686],[82.19110419379382,16.5674628363721],[82.19113688151083,16.568288845486734],[82.19031629774327,16.570286458333896],[82.19133300781272,16.57138346354236],[82.19303751627638,16.57106960720546]]]}},{"type":"Feature","id":"hydrolakes:1395639","properties":{"Hylak_id":1395639,"Lake_name":"","Country":"India","Continent":"Asia","Poly_src":"SWBD","Lake_type":1,"Grand_id":0,"Lake_area":0.14,"Shore_len":1.65,"Shore_dev":1.26,"Vol_total":0.32,"Vol_res":0.0,"Vol_src":3,"Depth_avg":2.3,"Dis_avg":0.545,"Res_time":6.8,"Elevation":19,"Slope_100":1.19,"Wshd_area":70.8,"Pour_long":80.742372,"Pour_lat":16.563517,"source_id":"hydrolakes:1395639","label":""},"geometry":{"type":"Polygon","coordinates":[[[80.74359320746544,16.56322781033043],[80.74328599717893,16.562281358507505],[80.7403245713976,16.562718912761056],[80.73958333333348,16.562083333333987],[80.73779568142373,16.562223307292243],[80.73832031250038,16.56364203559093],[80.73957831488735,16.5645749240457],[80.74149441189246,16.56553765191029],[80.74196234809051,16.565295681424175],[80.74244635687955,16.56411295572974],[80.74359320746544,16.56322781033043]]]}},{"type":"Feature","id":"hydrolakes:1395675","properties":{"Hylak_id":1395675,"Lake_name":"","Country":"India","Continent":"Asia","Poly_src":"SWBD","Lake_type":1,"Grand_id":0,"Lake_area":0.54,"Shore_len":3.75,"Shore_dev":1.44,"Vol_total":0.95,"Vol_res":0.0,"Vol_src":3,"Depth_avg":1.8,"Dis_avg":0.072,"Res_time":152.9,"Elevation":48,"Slope_100":0.44,"Wshd_area":11.1,"Pour_long":80.133559,"Pour_lat":16.533065,"source_id":"hydrolakes:1395675","label":""},"geometry":{"type":"Polygon","coordinates":[[[80.13547319200308,16.541433105469366],[80.13362143622504,16.540103352865174],[80.1339094204373,16.537798122830452],[80.13498967488624,16.535233018663803],[80.13468946668837,16.53430013020892],[80.1334722222224,16.532638888889608],[80.13261822170688,16.53289605034786],[80.13115036010748,16.53459988064293],[80.12919718424496,16.5350434027784],[80.12888358222114,16.536762695313143],[80.12812645806213,16.538119845920733],[80.12830096774638,16.541652832031957],[80.12892528957809,16.54170301649367],[80.12884916517487,16.54075575086864],[80.13291771782775,16.541170789931186],[80.1340067376031,16.543420138889473],[80.13610078599754,16.542944335938103],[80.13547319200308,16.541433105469366]]]}},{"type":"Feature","id":"hydrolakes:1395685","properties":{"Hylak_id":1395685,"Lake_name":"","Country":"India","Continent":"Asia","Poly_src":"SWBD","Lake_type":1,"Grand_id":0,"Lake_area":0.26,"Shore_len":3.22,"Shore_dev":1.77,"Vol_total":0.19,"Vol_res":0.0,"Vol_src":3,"Depth_avg":0.7,"Dis_avg":0.011,"Res_time":200.0,"Elevation":2,"Slope_100":0.09,"Wshd_area":0.8,"Pour_long":82.188542,"Pour_lat":16.52368,"source_id":"hydrolakes:1395685","label":""},"geometry":{"type":"Polygon","coordinates":[[[82.18951144748314,16.527128092448493],[82.19112169053852,16.52586697048673],[82.19365573459226,16.52693413628532],[82.19413899739601,16.52642388237905],[82.19332248263908,16.525476074219455],[82.19159383138043,16.524704589844248],[82.19084228515663,16.52383246527836],[82.18977823893243,16.52391791449719],[82.18941162109411,16.52360215928894],[82.18947808159743,16.522776421441733],[82.18695475260449,16.521656358507528],[82.18582302517376,16.521399197049163],[82.18430555555585,16.520416666667245],[82.18251030815998,16.52056667751799],[82.1828894042971,16.52138454861165],[82.1853645833337,16.522811414931255],[82.18582302517376,16.523343641493625],[82.18708563910627,16.523630642361695],[82.18896402994807,16.525901421441574],[82.18951144748314,16.527128092448493]]]}},{"type":"Feature","id":"hydrolakes:1395697","properties":{"Hylak_id":1395697,"Lake_name":"","Country":"India","Continent":"Asia","Poly_src":"SWBD","Lake_type":1,"Grand_id":0,"Lake_area":0.5,"Shore_len":2.94,"Shore_dev":1.17,"Vol_total":0.45,"Vol_res":0.0,"Vol_src":3,"Depth_avg":0.9,"Dis_avg":0.046,"Res_time":113.3,"Elevation":2,"Slope_100":0.11,"Wshd_area":3.3,"Pour_long":82.130844,"Pour_lat":16.507648,"source_id":"hydrolakes:1395697","label":""},"geometry":{"type":"Polygon","coordinates":[[[82.13055284288225,16.506113823785313],[82.13041666666703,16.505694444445],[82.12473225911475,16.506414930556275],[82.12609347873303,16.507722710504027],[82.12655531141507,16.509524739583924],[82.12599188910605,16.511170789931214],[82.12729709201426,16.513473036024948],[82.13153293185786,16.513012695313137],[82.13244344075554,16.511245388455507],[82.13251980251766,16.507500542535354],[82.13092054579016,16.507188313802658],[82.13055284288225,16.506113823785313]]]}},{"type":"Feature","id":"hydrolakes:1395717","properties":{"Hylak_id":1395717,"Lake_name":"","Country":"India","Continent":"Asia","Poly_src":"SWBD","Lake_type":1,"Grand_id":0,"Lake_area":0.73,"Shore_len":4.03,"Shore_dev":1.33,"Vol_total":2.29,"Vol_res":0.0,"Vol_src":3,"Depth_avg":3.2,"Dis_avg":0.069,"Res_time":384.6,"Elevation":8,"Slope_100":1.33,"Wshd_area":9.5,"Pour_long":80.644122,"Pour_lat":16.482734,"source_id":"hydrolakes:1395717","label":""},"geometry":{"type":"Polygon","coordinates":[[[80.64528557671446,16.489452311198534],[80.64677076551658,16.486216362847927],[80.64917446560338,16.48693657769161],[80.64945149739589,16.487246636285363],[80.65124877929702,16.487255316840958],[80.65249220106352,16.48687120225759],[80.65133490668404,16.484655490451985],[80.65145643446203,16.48261637369859],[80.64557250976577,16.482967122396474],[80.6443055555556,16.481805555556093],[80.64332553439681,16.481936577691556],[80.6416744656035,16.485007866754017],[80.63973002115904,16.48729356553889],[80.63999220106342,16.489452311198534],[80.6407161458335,16.490196397570003],[80.64289408365897,16.490326063368627],[80.64528557671446,16.489452311198534]]]}},{"type":"Feature","id":"hydrolakes:1395719","properties":{"Hylak_id":1395719,"Lake_name":"","Country":"India","Continent":"Asia","Poly_src":"SWBD","Lake_type":1,"Grand_id":0,"Lake_area":0.7,"Shore_len":4.35,"Shore_dev":1.47,"Vol_total":0.89,"Vol_res":0.0,"Vol_src":3,"Depth_avg":1.3,"Dis_avg":0.118,"Res_time":87.4,"Elevation":3,"Slope_100":0.21,"Wshd_area":7.4,"Pour_long":82.093119,"Pour_lat":16.474903,"source_id":"hydrolakes:1395719","label":""},"geometry":{"type":"Polygon","coordinates":[[[82.09223253038209,16.47834364149361],[82.0927261013457,16.47723741319504],[82.09376234266512,16.47715413411521],[82.09587795681455,16.478045247396437],[82.09716959635438,16.477736816406832],[82.09655870225743,16.4757077365457],[82.09333401150207,16.47470893012212],[82.08909396701415,16.47548800998328],[82.08930474175366,16.472864854601255],[82.08625000000023,16.47041666666729],[82.08495754665813,16.470585666233262],[82.0841366916236,16.47282090928877],[82.08422024197085,16.4738620334208],[82.08262803819463,16.475741916233233],[82.08306125217035,16.47671305338605],[82.08448771158868,16.477830132379097],[82.08598456488738,16.477709689670746],[82.08758436414945,16.478383517795862],[82.09114881727447,16.478669976129027],[82.09223253038209,16.47834364149361]]]}},{"type":"Feature","id":"hydrolakes:1395727","properties":{"Hylak_id":1395727,"Lake_name":"","Country":"India","Continent":"Asia","Poly_src":"SWBD","Lake_type":1,"Grand_id":0,"Lake_area":0.34,"Shore_len":2.64,"Shore_dev":1.28,"Vol_total":0.44,"Vol_res":0.0,"Vol_src":3,"Depth_avg":1.3,"Dis_avg":0.038,"Res_time":134.9,"Elevation":3,"Slope_100":0.27,"Wshd_area":2.5,"Pour_long":82.080333,"Pour_lat":16.469617,"source_id":"hydrolakes:1395727","label":""},"geometry":{"type":"Polygon","coordinates":[[[82.08152859158002,16.471302083333967],[82.08172241210951,16.468888888889467],[82.07612440321213,16.466988661024857],[82.07541666666685,16.46597222222283],[82.07471191406268,16.466100802951928],[82.07443345811652,16.467326117622065],[82.07223253038211,16.46890652126791],[82.07354302300382,16.46964708116377],[82.0751390245228,16.470967339410322],[82.07788452148458,16.470746527778374],[82.08004462348111,16.471656358507573],[82.08152859158002,16.471302083333967]]]}},{"type":"Feature","id":"hydrolakes:1395784","properties":{"Hylak_id":1395784,"Lake_name":"","Country":"India","Continent":"Asia","Poly_src":"SWBD","Lake_type":1,"Grand_id":0,"Lake_area":0.41,"Shore_len":3.31,"Shore_dev":1.45,"Vol_total":0.75,"Vol_res":0.0,"Vol_src":3,"Depth_avg":1.8,"Dis_avg":0.03,"Res_time":289.3,"Elevation":27,"Slope_100":0.5,"Wshd_area":4.5,"Pour_long":80.451816,"Pour_lat":16.413606,"source_id":"hydrolakes:1395784","label":""},"geometry":{"type":"Polygon","coordinates":[[[80.45363281250013,16.41514675564298],[80.45295494927308,16.411596137153367],[80.45248443603543,16.410253906250603],[80.45254438612221,16.408741319445028],[80.45138359917553,16.407227647569982],[80.45104722764762,16.40546576605965],[80.45041666666674,16.4048611111117],[80.44955057779964,16.4053702799485],[80.44882585313599,16.406739908854775],[80.44989685058607,16.408296440972777],[80.44916836208802,16.409673122830554],[80.44889038085932,16.411418185764433],[80.44778557671475,16.412441677517904],[80.4477518039281,16.413294270834],[80.44978373209648,16.414991861979786],[80.45133297390413,16.41417209201444],[80.45169677734395,16.4144588216152],[80.45260521782802,16.41638346354233],[80.45359812418627,16.41602186414991],[80.45363281250013,16.41514675564298]]]}},{"type":"Feature","id":"hydrolakes:1395798","properties":{"Hylak_id":1395798,"Lake_name":"","Country":"India","Continent":"Asia","Poly_src":"SWBD","Lake_type":1,"Grand_id":0,"Lake_area":0.18,"Shore_len":1.64,"Shore_dev":1.08,"Vol_total":0.31,"Vol_res":0.0,"Vol_src":3,"Depth_avg":1.7,"Dis_avg":0.032,"Res_time":113.5,"Elevation":68,"Slope_100":0.57,"Wshd_area":5.4,"Pour_long":80.148338,"Pour_lat":16.402169,"source_id":"hydrolakes:1395798","label":""},"geometry":{"type":"Polygon","coordinates":[[[80.14942908393039,16.40029324001796],[80.1493055555556,16.400138888889444],[80.1483179728192,16.400262315538896],[80.14779313829217,16.4005710177957],[80.14617582533106,16.400852322049218],[80.14699963039834,16.403733723958965],[80.14794840494812,16.4042914496535],[80.15059536404084,16.40371853298666],[80.15163859049477,16.40288330078198],[80.15065631442604,16.400916883681134],[80.14942908393039,16.40029324001796]]]}},{"type":"Feature","id":"hydrolakes:1395812","properties":{"Hylak_id":1395812,"Lake_name":"","Country":"India","Continent":"Asia","Poly_src":"SWBD","Lake_type":1,"Grand_id":0,"Lake_area":0.15,"Shore_len":1.81,"Shore_dev":1.31,"Vol_total":0.19,"Vol_res":0.0,"Vol_src":3,"Depth_avg":1.3,"Dis_avg":0.126,"Res_time":17.8,"Elevation":67,"Slope_100":0.33,"Wshd_area":22.4,"Pour_long":80.130801,"Pour_lat":16.386096,"source_id":"hydrolakes:1395812","label":""},"geometry":{"type":"Polygon","coordinates":[[[80.13082300821947,16.38473253038262],[80.13013888888906,16.38347222222285],[80.12862143622522,16.383670789931273],[80.128878563775,16.384454752604768],[80.12973405626099,16.385547146267925],[80.1300132921009,16.38971191406307],[80.131868693034,16.388995768229734],[80.13248967488619,16.3878827582472],[80.13213116116026,16.38539794921934],[80.13082300821947,16.38473253038262]]]}},{"type":"Feature","id":"hydrolakes:1395816","properties":{"Hylak_id":1395816,"Lake_name":"","Country":"India","Continent":"Asia","Poly_src":"SWBD","Lake_type":1,"Grand_id":0,"Lake_area":0.31,"Shore_len":2.27,"Shore_dev":1.15,"Vol_total":0.41,"Vol_res":0.0,"Vol_src":3,"Depth_avg":1.3,"Dis_avg":0.118,"Res_time":39.7,"Elevation":79,"Slope_100":0.27,"Wshd_area":21.8,"Pour_long":80.064583,"Pour_lat":16.384444,"source_id":"hydrolakes:1395816","label":""},"geometry":{"type":"Polygon","coordinates":[[[80.06349466959671,16.381876356337443],[80.06319444444455,16.381527777778388],[80.06100990295431,16.382212456597756],[80.06001033359121,16.38400390625054],[80.06103655497253,16.38632703993119],[80.06243779500329,16.38643961588599],[80.06348814222565,16.385853678386013],[80.06605174594455,16.385155978733394],[80.06832299974235,16.383199055990247],[80.06774670071076,16.382231716580407],[80.06349466959671,16.381876356337443]]]}},{"type":"Feature","id":"hydrolakes:1395850","properties":{"Hylak_id":1395850,"Lake_name":"","Country":"India","Continent":"Asia","Poly_src":"SWBD","Lake_type":1,"Grand_id":0,"Lake_area":0.17,"Shore_len":2.06,"Shore_dev":1.39,"Vol_total":0.29,"Vol_res":0.0,"Vol_src":3,"Depth_avg":1.7,"Dis_avg":0.359,"Res_time":9.5,"Elevation":0,"Slope_100":0.56,"Wshd_area":40.4,"Pour_long":81.34085,"Pour_lat":16.339965,"source_id":"hydrolakes:1395850","label":""},"geometry":{"type":"Polygon","coordinates":[[[81.34295206705741,16.339876030816583],[81.3414283582901,16.338763020833937],[81.34021484375018,16.33891411675404],[81.33986111111125,16.33847222222289],[81.33839898003498,16.33865505642416],[81.3388735622832,16.34084879557355],[81.34252902560769,16.34130588107695],[81.3448493109812,16.34248453776098],[81.3458180067276,16.34215304904575],[81.34555541992233,16.34043945312561],[81.34295206705741,16.339876030816583]]]}},{"type":"Feature","id":"hydrolakes:1395881","properties":{"Hylak_id":1395881,"Lake_name":"","Country":"India","Continent":"Asia","Poly_src":"SWBD","Lake_type":1,"Grand_id":0,"Lake_area":0.14,"Shore_len":1.98,"Shore_dev":1.51,"Vol_total":0.25,"Vol_res":0.0,"Vol_src":3,"Depth_avg":1.9,"Dis_avg":0.058,"Res_time":50.8,"Elevation":74,"Slope_100":0.75,"Wshd_area":11.1,"Pour_long":80.039449,"Pour_lat":16.296549,"source_id":"hydrolakes:1395881","label":""},"geometry":{"type":"Polygon","coordinates":[[[80.03797641754153,16.299084743924197],[80.03832874721968,16.297196994358217],[80.03965538024903,16.297276204427646],[80.04132105085586,16.29624647352489],[80.04152777777784,16.295138888889483],[80.03865655263292,16.295318739149934],[80.03831854078504,16.29677164713604],[80.03696305169035,16.2962852647575],[80.03596233367927,16.297405327691706],[80.03556336720783,16.29927870008737],[80.03622163984528,16.29971435546929],[80.03797641754153,16.299084743924197]]]}},{"type":"Feature","id":"hydrolakes:1395884","properties":{"Hylak_id":1395884,"Lake_name":"","Country":"India","Continent":"Asia","Poly_src":"SWBD","Lake_type":1,"Grand_id":0,"Lake_area":0.1,"Shore_len":1.75,"Shore_dev":1.59,"Vol_total":0.12,"Vol_res":0.0,"Vol_src":3,"Depth_avg":1.3,"Dis_avg":0.031,"Res_time":46.1,"Elevation":79,"Slope_100":0.39,"Wshd_area":6.0,"Pour_long":80.026307,"Pour_lat":16.292455,"source_id":"hydrolakes:1395884","label":""},"geometry":{"type":"Polygon","coordinates":[[[80.02772976769353,16.292369520399973],[80.02791666666673,16.29097222222282],[80.02693663279251,16.29110324435817],[80.0255633672079,16.292230088976282],[80.02251060485855,16.293849826389476],[80.02246467590334,16.294620496962523],[80.02301777733697,16.29582546658048],[80.02389670054129,16.2955634223095],[80.02418953365753,16.29399441189298],[80.02772976769353,16.292369520399973]]]}},{"type":"Feature","id":"hydrolakes:1395887","properties":{"Hylak_id":1395887,"Lake_name":"","Country":"India","Continent":"Asia","Poly_src":"SWBD","Lake_type":1,"Grand_id":0,"Lake_area":0.14,"Shore_len":1.93,"Shore_dev":1.44,"Vol_total":0.19,"Vol_res":0.0,"Vol_src":3,"Depth_avg":1.3,"Dis_avg":0.146,"Res_time":15.1,"Elevation":75,"Slope_100":0.38,"Wshd_area":28.6,"Pour_long":80.03486,"Pour_lat":16.289209,"source_id":"hydrolakes:1395887","label":""},"geometry":{"type":"Polygon","coordinates":[[[80.02972478654652,16.290836317274852],[80.03197324117036,16.290264214410342],[80.03638611263727,16.289969618056148],[80.03554658677854,16.28834174262215],[80.03364798651802,16.28835232204915],[80.03291666666672,16.28763888888949],[80.03174698299853,16.28882242838597],[80.02917193942619,16.289325086806116],[80.02914134131544,16.290824381511072],[80.02972478654652,16.290836317274852]]]}},{"type":"Feature","id":"hydrolakes:1395893","properties":{"Hylak_id":1395893,"Lake_name":"","Country":"India","Continent":"Asia","Poly_src":"SWBD","Lake_type":1,"Grand_id":0,"Lake_area":0.17,"Shore_len":1.83,"Shore_dev":1.24,"Vol_total":0.27,"Vol_res":0.0,"Vol_src":3,"Depth_avg":1.6,"Dis_avg":0.295,"Res_time":10.5,"Elevation":68,"Slope_100":0.48,"Wshd_area":57.3,"Pour_long":80.056768,"Pour_lat":16.282813,"source_id":"hydrolakes:1395893","label":""},"geometry":{"type":"Polygon","coordinates":[[[80.05998463948589,16.28223768446236],[80.05986111111133,16.282083333333958],[80.05616489834267,16.282214355469364],[80.05445980495887,16.283249782986672],[80.05507179260269,16.284984537761034],[80.05864124721955,16.284736599393057],[80.06162984212256,16.282934841580413],[80.06168578253852,16.282485080295714],[80.05998463948589,16.28223768446236]]]}},{"type":"Feature","id":"hydrolakes:1395932","properties":{"Hylak_id":1395932,"Lake_name":"","Country":"India","Continent":"Asia","Poly_src":"SWBD","Lake_type":1,"Grand_id":0,"Lake_area":0.28,"Shore_len":2.26,"Shore_dev":1.2,"Vol_total":0.32,"Vol_res":0.0,"Vol_src":3,"Depth_avg":1.1,"Dis_avg":2.394,"Res_time":1.5,"Elevation":12,"Slope_100":0.21,"Wshd_area":364.0,"Pour_long":80.577587,"Pour_lat":16.244458,"source_id":"hydrolakes:1395932","label":""},"geometry":{"type":"Polygon","coordinates":[[[80.58359571668842,16.243515896267922],[80.58263888888916,16.242638888889417],[80.58027777777795,16.243353135851294],[80.57784959581181,16.24279324001793],[80.57613701714416,16.243451334636006],[80.57577568901934,16.244715169271444],[80.57615464952289,16.247406955295673],[80.57894226074234,16.247060004340824],[80.58310892740889,16.24428141276104],[80.58359571668842,16.243515896267922]]]}},{"type":"Feature","id":"hydrolakes:1395971","properties":{"Hylak_id":1395971,"Lake_name":"","Country":"India","Continent":"Asia","Poly_src":"SWBD","Lake_type":1,"Grand_id":0,"Lake_area":0.15,"Shore_len":1.57,"Shore_dev":1.15,"Vol_total":0.21,"Vol_res":0.0,"Vol_src":3,"Depth_avg":1.4,"Dis_avg":0.052,"Res_time":47.3,"Elevation":50,"Slope_100":0.43,"Wshd_area":9.9,"Pour_long":80.102438,"Pour_lat":16.214497,"source_id":"hydrolakes:1395971","label":""},"geometry":{"type":"Polygon","coordinates":[[[80.10304019504127,16.213071017795755],[80.10291666666683,16.21291666666724],[80.10057091607013,16.213054741754092],[80.1010989295113,16.21605767144149],[80.10183701409267,16.21614963107703],[80.10453335232216,16.215757107205434],[80.10600425720219,16.21391791449713],[80.10304019504127,16.213071017795755]]]}},{"type":"Feature","id":"hydrolakes:1395996","properties":{"Hylak_id":1395996,"Lake_name":"","Country":"India","Continent":"Asia","Poly_src":"SWBD","Lake_type":1,"Grand_id":0,"Lake_area":0.14,"Shore_len":1.72,"Shore_dev":1.29,"Vol_total":0.2,"Vol_res":0.0,"Vol_src":3,"Depth_avg":1.4,"Dis_avg":0.011,"Res_time":214.0,"Elevation":46,"Slope_100":0.43,"Wshd_area":2.1,"Pour_long":80.113417,"Pour_lat":16.191851,"source_id":"hydrolakes:1395996","label":""},"geometry":{"type":"Polygon","coordinates":[[[80.11333611382378,16.186663953993673],[80.11263888888902,16.185694444445062],[80.11167984856507,16.185881618924157],[80.11165265401235,16.187214084201912],[80.11194722493514,16.18749728732712],[80.11227166917604,16.191145562066538],[80.11330343458388,16.192219509549204],[80.1147115834554,16.191325141059565],[80.1141530778674,16.18969346788259],[80.11418569776765,16.18809516059099],[80.11333611382378,16.186663953993673]]]}},{"type":"Feature","id":"hydrolakes:1396038","properties":{"Hylak_id":1396038,"Lake_name":"","Country":"India","Continent":"Asia","Poly_src":"SWBD","Lake_type":1,"Grand_id":0,"Lake_area":0.35,"Shore_len":2.5,"Shore_dev":1.19,"Vol_total":0.64,"Vol_res":0.0,"Vol_src":3,"Depth_avg":1.8,"Dis_avg":2.071,"Res_time":3.6,"Elevation":22,"Slope_100":0.53,"Wshd_area":374.4,"Pour_long":80.214295,"Pour_lat":16.152733,"source_id":"hydrolakes:1396038","label":""},"geometry":{"type":"Polygon","coordinates":[[[80.21553766886399,16.153073459202005],[80.21529566446947,16.151370985243602],[80.2148611111113,16.150972222222947],[80.21134955512156,16.152997775608185],[80.20864724053297,16.152598470052624],[80.20835122002518,16.153483344184735],[80.20951844957153,16.15505777994855],[80.21248211330862,16.15724012586861],[80.21362772623701,16.157559136285272],[80.214400583903,16.157444932726207],[80.21533042060008,16.156883951823488],[80.2152262200251,16.156178927952],[80.21564497205947,16.15511366102487],[80.21617058648013,16.154708116320023],[80.21605602688265,16.15393283420201],[80.21553766886399,16.153073459202005]]]}},{"type":"Feature","id":"hydrolakes:1396162","properties":{"Hylak_id":1396162,"Lake_name":"","Country":"India","Continent":"Asia","Poly_src":"SWBD","Lake_type":1,"Grand_id":0,"Lake_area":0.24,"Shore_len":2.5,"Shore_dev":1.43,"Vol_total":0.4,"Vol_res":0.0,"Vol_src":3,"Depth_avg":1.7,"Dis_avg":0.234,"Res_time":19.8,"Elevation":47,"Slope_100":0.49,"Wshd_area":47.3,"Pour_long":80.021857,"Pour_lat":16.015241,"source_id":"hydrolakes:1396162","label":""},"geometry":{"type":"Polygon","coordinates":[[[80.02498967064759,16.017126193576985],[80.02472379472528,16.015204264323472],[80.02334366268582,16.014434136285274],[80.01902777777798,16.0126388888894],[80.01751032935255,16.0130957031256],[80.01776744842533,16.013343641493577],[80.01913669162349,16.013654785156803],[80.01919795566135,16.014417317709047],[80.01836571587467,16.015908745660226],[80.02038767496748,16.015746256511022],[80.02170520358612,16.016881510417193],[80.02160505506725,16.018127983941554],[80.02272473653164,16.018752712674143],[80.02498967064759,16.017126193576985]]]}},{"type":"Feature","id":"hydrolakes:1396312","properties":{"Hylak_id":1396312,"Lake_name":"","Country":"India","Continent":"Asia","Poly_src":"SWBD","Lake_type":1,"Grand_id":0,"Lake_area":0.33,"Shore_len":2.13,"Shore_dev":1.05,"Vol_total":0.24,"Vol_res":0.0,"Vol_src":3,"Depth_avg":0.7,"Dis_avg":0.003,"Res_time":926.3,"Elevation":4,"Slope_100":0.08,"Wshd_area":0.4,"Pour_long":80.353475,"Pour_lat":15.848181,"source_id":"hydrolakes:1396312","label":""},"geometry":{"type":"Polygon","coordinates":[[[80.35554521348763,15.84612141927147],[80.35361924913201,15.84612250434094],[80.35139923095721,15.849796820747088],[80.35414028591595,15.852489691840958],[80.35597340901722,15.852078993056068],[80.35804521348751,15.848978135851212],[80.35744693332265,15.84762396918461],[80.35554521348763,15.84612141927147]]]}},{"type":"Feature","id":"hydrolakes:1396319","properties":{"Hylak_id":1396319,"Lake_name":"","Country":"India","Continent":"Asia","Poly_src":"SWBD","Lake_type":1,"Grand_id":0,"Lake_area":0.42,"Shore_len":3.32,"Shore_dev":1.45,"Vol_total":0.82,"Vol_res":0.0,"Vol_src":3,"Depth_avg":2.0,"Dis_avg":0.044,"Res_time":215.5,"Elevation":0,"Slope_100":0.59,"Wshd_area":5.8,"Pour_long":80.834415,"Pour_lat":15.838886,"source_id":"hydrolakes:1396319","label":""},"geometry":{"type":"Polygon","coordinates":[[[80.8332161458336,15.840955946181111],[80.83549750434054,15.839128960504013],[80.83430555555572,15.837638888889444],[80.8327623833552,15.837762315538896],[80.8311302354602,15.83838758680605],[80.8305442979601,15.838314615885906],[80.82945983886736,15.839182128906828],[80.82747226291258,15.83942898220539],[80.82557094997856,15.838040093316522],[80.8247672526042,15.837793240017845],[80.82358154296884,15.838659396701985],[80.82307094997856,15.84015055338591],[80.82373792860255,15.841285264757516],[80.82652777777798,15.84093831380261],[80.82822455512178,15.841149359809606],[80.82909254286034,15.842233344184535],[80.83257202148457,15.842484537760981],[80.8332161458336,15.840955946181111]]]}},{"type":"Feature","id":"hydrolakes:1396336","properties":{"Hylak_id":1396336,"Lake_name":"","Country":"India","Continent":"Asia","Poly_src":"SWBD","Lake_type":1,"Grand_id":0,"Lake_area":0.65,"Shore_len":3.91,"Shore_dev":1.37,"Vol_total":0.85,"Vol_res":0.0,"Vol_src":3,"Depth_avg":1.3,"Dis_avg":0.024,"Res_time":411.0,"Elevation":2,"Slope_100":0.22,"Wshd_area":3.1,"Pour_long":80.832508,"Pour_lat":15.819648,"source_id":"hydrolakes:1396336","label":""},"geometry":{"type":"Polygon","coordinates":[[[80.84001539442289,15.823904351128988],[80.84138129340289,15.822755805122029],[80.84334981282558,15.823317871094332],[80.84371832953582,15.822618815104647],[80.84233378092472,15.820339355469457],[80.84084933810772,15.819150661892877],[80.838790011936,15.816579047309517],[80.83691880967899,15.816044108073413],[80.83625000000018,15.814861111111725],[80.83474399142813,15.815008138021483],[80.83304016113294,15.816928982205411],[80.8327931722007,15.818071017795717],[80.83168206108945,15.819592013889405],[80.83195827908003,15.82192898220535],[80.83307094997843,15.821682128906843],[80.8347203911677,15.820295410156746],[80.83582071940123,15.820158420139421],[80.83652472602017,15.821037597656755],[80.83799350314695,15.82207004123319],[80.83917026095946,15.824151204427778],[80.84001539442289,15.823904351128988]]]}},{"type":"Feature","id":"hydrolakes:1396343","properties":{"Hylak_id":1396343,"Lake_name":"","Country":"India","Continent":"Asia","Poly_src":"SWBD","Lake_type":1,"Grand_id":0,"Lake_area":0.18,"Shore_len":2.27,"Shore_dev":1.5,"Vol_total":0.26,"Vol_res":0.0,"Vol_src":3,"Depth_avg":1.4,"Dis_avg":0.014,"Res_time":216.4,"Elevation":5,"Slope_100":0.4,"Wshd_area":1.9,"Pour_long":80.809632,"Pour_lat":15.813318,"source_id":"hydrolakes:1396343","label":""},"geometry":{"type":"Polygon","coordinates":[[[80.80927286783879,15.806038953993607],[80.80875000000009,15.804861111111677],[80.80808268229174,15.805062120226182],[80.80778808593766,15.806676974826871],[80.80723253038218,15.807672797309522],[80.80824035644548,15.811980523003967],[80.80877522786471,15.81317925347281],[80.80961717393689,15.814156358507546],[80.81079149034315,15.81255859375051],[80.80994689941429,15.811044921875578],[80.80945475260427,15.808878580729868],[80.80909634060339,15.808236219618664],[80.80927286783879,15.806038953993607]]]}},{"type":"Feature","id":"hydrolakes:1396394","properties":{"Hylak_id":1396394,"Lake_name":"","Country":"India","Continent":"Asia","Poly_src":"SWBD","Lake_type":1,"Grand_id":0,"Lake_area":0.38,"Shore_len":2.88,"Shore_dev":1.33,"Vol_total":0.63,"Vol_res":0.0,"Vol_src":3,"Depth_avg":1.7,"Dis_avg":0.022,"Res_time":332.5,"Elevation":0,"Slope_100":0.45,"Wshd_area":2.9,"Pour_long":80.86864,"Pour_lat":15.753572,"source_id":"hydrolakes:1396394","label":""},"geometry":{"type":"Polygon","coordinates":[[[80.8656827121315,15.757206759983262],[80.8664042833118,15.75640435112905],[80.86687242296028,15.755293240017863],[80.86779317220078,15.75554009331654],[80.86921081542977,15.756373426649816],[80.87081793891065,15.755619845920762],[80.87054165310349,15.753666720920705],[80.86847222222235,15.752916666667147],[80.86462002224397,15.753043077257587],[80.86215203179262,15.753472493490108],[80.86029317220056,15.754961208767952],[80.86063876681874,15.756591254340776],[80.8622222222225,15.757043457031727],[80.86436428493931,15.756431749132446],[80.8656827121315,15.757206759983262]]]}},{"type":"Feature","id":"hydrolakes:1396407","properties":{"Hylak_id":1396407,"Lake_name":"","Country":"India","Continent":"Asia","Poly_src":"SWBD","Lake_type":1,"Grand_id":0,"Lake_area":0.18,"Shore_len":2.1,"Shore_dev":1.4,"Vol_total":0.26,"Vol_res":0.0,"Vol_src":3,"Depth_avg":1.5,"Dis_avg":0.036,"Res_time":85.0,"Elevation":0,"Slope_100":0.43,"Wshd_area":4.5,"Pour_long":80.958786,"Pour_lat":15.737102,"source_id":"hydrolakes:1396407","label":""},"geometry":{"type":"Polygon","coordinates":[[[80.95767150878913,15.736011555990274],[80.95652777777798,15.734583333333944],[80.95557094997855,15.734857042101225],[80.95693820529539,15.738102756076898],[80.95776238335532,15.739459906684601],[80.96082485622861,15.741928982205422],[80.96120252821208,15.741271972656818],[80.96023091634152,15.738655870226182],[80.9591820610895,15.73692898220537],[80.95767150878913,15.736011555990274]]]}},{"type":"Feature","id":"hydrolakes:1396408","properties":{"Hylak_id":1396408,"Lake_name":"","Country":"India","Continent":"Asia","Poly_src":"SWBD","Lake_type":1,"Grand_id":0,"Lake_area":0.64,"Shore_len":5.19,"Shore_dev":1.83,"Vol_total":1.09,"Vol_res":0.0,"Vol_src":3,"Depth_avg":1.7,"Dis_avg":0.042,"Res_time":301.3,"Elevation":0,"Slope_100":0.39,"Wshd_area":5.4,"Pour_long":80.888319,"Pour_lat":15.736628,"source_id":"hydrolakes:1396408","label":""},"geometry":{"type":"Polygon","coordinates":[[[80.88885233561223,15.73783881293457],[80.88942749023454,15.736272786458983],[80.88862141927086,15.735823025174113],[80.88621507432737,15.735384114583894],[80.88501030815979,15.734711914062984],[80.88074008517805,15.73320665147628],[80.87937811957471,15.732446831597713],[80.87711459689706,15.731932779948522],[80.87612141927104,15.73137858072971],[80.87211446126315,15.73049750434086],[80.87180555555568,15.730138888889428],[80.8700103081598,15.730321994358235],[80.87034993489596,15.731744791667268],[80.87258463541667,15.73370469835129],[80.87660780164947,15.733381618924284],[80.88024380154104,15.734782172309565],[80.8786214192711,15.735506184896394],[80.87906561957476,15.736569010417213],[80.880501980252,15.737693956163753],[80.88399563259571,15.737413194445026],[80.88603285047765,15.738271213108135],[80.88760104709229,15.738397352431093],[80.88885233561223,15.73783881293457]]]}},{"type":"Feature","id":"hydrolakes:1396409","properties":{"Hylak_id":1396409,"Lake_name":"","Country":"India","Continent":"Asia","Poly_src":"SWBD","Lake_type":1,"Grand_id":0,"Lake_area":0.27,"Shore_len":2.51,"Shore_dev":1.37,"Vol_total":0.43,"Vol_res":0.0,"Vol_src":3,"Depth_avg":1.6,"Dis_avg":0.065,"Res_time":76.0,"Elevation":0,"Slope_100":0.44,"Wshd_area":8.3,"Pour_long":80.896103,"Pour_lat":15.733122,"source_id":"hydrolakes:1396409","label":""},"geometry":{"type":"Polygon","coordinates":[[[80.8915907118058,15.731923285590767],[80.89125000000007,15.731527777778354],[80.88779398600286,15.731666395399827],[80.88723253038222,15.732672797309533],[80.88824076334663,15.733505045573509],[80.89112976074239,15.734032118056064],[80.89267272949246,15.735823025174113],[80.89443413628481,15.734711914062984],[80.89721191406255,15.734393446181116],[80.89670776367211,15.733384060330422],[80.8952747938369,15.732261827257446],[80.8915907118058,15.731923285590767]]]}},{"type":"Feature","id":"hydrolakes:1396420","properties":{"Hylak_id":1396420,"Lake_name":"","Country":"India","Continent":"Asia","Poly_src":"SWBD","Lake_type":1,"Grand_id":0,"Lake_area":0.42,"Shore_len":3.89,"Shore_dev":1.7,"Vol_total":0.67,"Vol_res":0.0,"Vol_src":3,"Depth_avg":1.6,"Dis_avg":0.005,"Res_time":1542.0,"Elevation":0,"Slope_100":0.39,"Wshd_area":0.6,"Pour_long":80.888542,"Pour_lat":15.721408,"source_id":"hydrolakes:1396420","label":""},"geometry":{"type":"Polygon","coordinates":[[[80.89685852050809,15.722836642795642],[80.8977372911242,15.722358940972754],[80.89711832682298,15.721219889323493],[80.89457424587692,15.720434299045621],[80.88656161838122,15.71993218316021],[80.88625000000008,15.719583333333844],[80.88438768174927,15.71974229600761],[80.88445936414962,15.720944824219316],[80.88948113335528,15.72222113715327],[80.88847100151952,15.722533094618598],[80.88727084689697,15.722461480035406],[80.88642937554278,15.722918836806116],[80.88708733452734,15.72412977430605],[80.89685852050809,15.722836642795642]]]}},{"type":"Feature","id":"hydrolakes:1396586","properties":{"Hylak_id":1396586,"Lake_name":"","Country":"India","Continent":"Asia","Poly_src":"SWBD","Lake_type":1,"Grand_id":0,"Lake_area":0.28,"Shore_len":2.0,"Shore_dev":1.06,"Vol_total":0.37,"Vol_res":0.0,"Vol_src":3,"Depth_avg":1.3,"Dis_avg":0.014,"Res_time":303.0,"Elevation":17,"Slope_100":0.29,"Wshd_area":2.3,"Pour_long":80.031023,"Pour_lat":15.494667,"source_id":"hydrolakes:1396586","label":""},"geometry":{"type":"Polygon","coordinates":[[[80.03149704827217,15.493780653212355],[80.03125000000023,15.49347222222275],[80.03026241302507,15.493595648872088],[80.02762732187904,15.49454725477483],[80.02702982584651,15.495563693576855],[80.02685605367037,15.49696072048664],[80.02766210767965,15.498873426649766],[80.02945980919742,15.498626573351373],[80.03304019080275,15.496899414062966],[80.03271695878783,15.494757486979665],[80.03149704827217,15.493780653212355]]]}},{"type":"Feature","id":"hydrolakes:1396986","properties":{"Hylak_id":1396986,"Lake_name":"","Country":"India","Continent":"Asia","Poly_src":"SWBD","Lake_type":1,"Grand_id":0,"Lake_area":0.16,"Shore_len":1.55,"Shore_dev":1.11,"Vol_total":0.33,"Vol_res":0.0,"Vol_src":3,"Depth_avg":2.1,"Dis_avg":0.033,"Res_time":115.3,"Elevation":8,"Slope_100":0.92,"Wshd_area":4.4,"Pour_long":80.025314,"Pour_lat":15.027563,"source_id":"hydrolakes:1396986","label":""},"geometry":{"type":"Polygon","coordinates":[[[80.02387352413604,15.024459635417259],[80.02375000000012,15.024305555556055],[80.02288522932264,15.02455295138941],[80.0225153647529,15.027526584201837],[80.02322087605808,15.029378797743504],[80.02515094757098,15.029618598090735],[80.0258179685805,15.028484157986725],[80.02555695427787,15.026547851562952],[80.02485066731771,15.024871419271278],[80.02387352413604,15.024459635417259]]]}}]}