{"type":"FeatureCollection","features":[{"type":"Feature","id":"hydrolakes:15337","properties":{"Hylak_id":15337,"Lake_name":"","Country":"China","Continent":"Asia","Poly_src":"SWBD","Lake_type":1,"Grand_id":0,"Lake_area":20.77,"Shore_len":29.07,"Shore_dev":1.8,"Vol_total":690.5,"Vol_res":0.0,"Vol_src":3,"Depth_avg":33.2,"Dis_avg":0.496,"Res_time":16112.8,"Elevation":4969,"Slope_100":8.7,"Wshd_area":173.2,"Pour_long":86.935417,"Pour_lat":29.802083,"source_id":"hydrolakes:15337","label":""},"geometry":{"type":"Polygon","coordinates":[[[86.94425021701437,29.827681020101295],[86.94488226996589,29.827337544759587],[86.94564887152842,29.827383236355672],[86.94752048068642,29.82688195122654],[86.94838039822116,29.82641469319708],[86.95137505425407,29.826593187120636],[86.95269259982706,29.826120452881412],[86.95505425347284,29.82418268839558],[86.95603013780442,29.823734792073992],[86.95678453233575,29.822890574137944],[86.9576236979172,29.822940589057453],[86.95850925021756,29.822321929932116],[86.9599471028651,29.82234771728554],[86.96248304579063,29.819675021701812],[86.96513929579055,29.818653869629372],[86.96708496093805,29.816476270888018],[86.96891994900221,29.813947770860864],[86.97020765516567,29.810598178440046],[86.97011515299539,29.809047309028188],[86.96734524197132,29.80743462456644],[86.96597778320364,29.80792527940571],[86.96449055989649,29.807836625841333],[86.95998128255263,29.808271840413795],[86.95341525607711,29.805840182834572],[86.95263888888945,29.806262054443835],[86.94844970703184,29.804439883762313],[86.94616577148491,29.80284459432005],[86.94458631727485,29.800361039903805],[86.94278293185823,29.7995333523225],[86.94066446940167,29.799659627279084],[86.9389633517801,29.79920399983763],[86.9367521158859,29.796729227702315],[86.93682250976616,29.79554868910094],[86.93973442925414,29.79442930433521],[86.941752929688,29.794035593669037],[86.94325737847277,29.79520153469548],[86.94381130642415,29.796408267551442],[86.94507907443625,29.797541012234603],[86.9471938747837,29.79790885077631],[86.95283175998327,29.7955983140738],[86.95476304796068,29.79571343316013],[86.95793334960985,29.798998260498536],[86.9623010253913,29.80034696790949],[86.96518147786526,29.802970428467177],[86.96776516384597,29.804156239827876],[86.97027411566893,29.80638485378728],[86.97542453342061,29.808186628553983],[86.97689358181475,29.80932513766851],[86.97787109375048,29.809266883002806],[86.97957099066895,29.808079545763178],[86.98142849392406,29.806000620524458],[86.98092190212742,29.80506857978014],[86.97859659830794,29.803589697944346],[86.97650404188425,29.79956398858002],[86.97651679145014,29.797038014730276],[86.97485324435814,29.7959800381135],[86.97292453342084,29.794297739665126],[86.9720754665804,29.794035593669037],[86.97059936523499,29.792143029107365],[86.96905585395012,29.79076392279768],[86.96813042534791,29.78917441474107],[86.96705552842946,29.788213941786466],[86.96485324435815,29.786813371446783],[86.96320231119853,29.785408850776207],[86.96107774522636,29.784171956380646],[86.9585613335509,29.78358649359842],[86.95652777777826,29.78431616889145],[86.95435207790848,29.783705834283182],[86.95254706488765,29.78373625013603],[86.94518717447971,29.778933834500208],[86.94251383463592,29.779093187120736],[86.94041951497479,29.77839755588144],[86.93590196397633,29.778443196614944],[86.93555555555605,29.778055555556023],[86.93179768880265,29.778186628554067],[86.93008422851642,29.77855273776629],[86.92848008897619,29.779868927002383],[86.92605048285657,29.780882483588698],[86.92336222330783,29.78130138821109],[86.92017293294339,29.781272803413003],[86.9188888888894,29.78081210666278],[86.91531507704047,29.781674499512235],[86.91473632812574,29.782935519748662],[86.91542453342066,29.784853295220785],[86.91567233615524,29.787593299018397],[86.91601142035654,29.788859219021788],[86.91563639322976,29.79096962822848],[86.91570312500062,29.79208960639147],[86.91516533745721,29.793079172770547],[86.91668470594675,29.796472286648623],[86.91707546658051,29.79830496894033],[86.9160333930127,29.801429087321537],[86.91707546658051,29.80375781589123],[86.9178693305127,29.80489434136325],[86.91829006618974,29.806702507867158],[86.9234411621099,29.809986826579177],[86.9262967936204,29.810519816081182],[86.92742038303027,29.811304694282057],[86.93013102213604,29.81638931274466],[86.92901638454913,29.81819237603122],[86.929382866754,29.819213799371084],[86.92873643663245,29.820139295790398],[86.92966932508739,29.82134299384262],[86.933742133247,29.82403559366901],[86.9363807508687,29.825475989448137],[86.94425021701437,29.827681020101295]],[[86.93126030816023,29.789948357476533],[86.93250000000052,29.78972222222268],[86.93301025390673,29.79020029703821],[86.93401746961865,29.792705485026374],[86.93327053493988,29.793348931206992],[86.92951985677149,29.79289744059298],[86.92876030816018,29.792102220323727],[86.93126030816023,29.789948357476533]]]}},{"type":"Feature","id":"hydrolakes:15355","properties":{"Hylak_id":15355,"Lake_name":"","Country":"China","Continent":"Asia","Poly_src":"SWBD","Lake_type":1,"Grand_id":0,"Lake_area":21.25,"Shore_len":28.62,"Shore_dev":1.75,"Vol_total":474.83,"Vol_res":0.0,"Vol_src":3,"Depth_avg":22.3,"Dis_avg":8.007,"Res_time":686.4,"Elevation":4846,"Slope_100":6.13,"Wshd_area":1577.9,"Pour_long":86.261999,"Pour_lat":29.595221,"source_id":"hydrolakes:15355","label":""},"geometry":{"type":"Polygon","coordinates":[[[86.26235324435822,29.665297817654448],[86.2607489691847,29.664277479384054],[86.25933078342075,29.66428222656299],[86.25897989908896,29.661659240723054],[86.25725653754404,29.660005255805572],[86.25646891276097,29.65667090521964],[86.25486260308202,29.656174892849833],[86.25403564453194,29.65561350504612],[86.25459648980097,29.654581366645402],[86.25184488932348,29.651560092502734],[86.25134331597263,29.648341912164028],[86.25232611762198,29.645602756076755],[86.25539320204035,29.643241373698288],[86.2582537163633,29.641473083496464],[86.25905015733548,29.63973771837061],[86.26127346462727,29.63905120849654],[86.26330919053873,29.637944980197858],[86.26502020941888,29.637546895345395],[86.26748508029573,29.63646196153468],[86.2724024793842,29.637939046224346],[86.27371066623311,29.637861056858185],[86.27401991102488,29.63645375569712],[86.27248955620706,29.636544969347312],[86.26943020290855,29.635638970269554],[86.26731513129414,29.633271721734445],[86.26739366319498,29.631953125000393],[86.26580403645892,29.629576687283475],[86.26255452474015,29.6278444756407],[86.26302625868118,29.62652988010018],[86.264552680122,29.62456010606593],[86.26502265082507,29.62154442681242],[86.26654513888946,29.617827148437925],[86.26779608832516,29.616709493001736],[86.26818657769161,29.615335727268246],[86.26727376302142,29.613655734592385],[86.26792534722267,29.612089199490413],[86.26801228841197,29.609783460829362],[86.26868218316014,29.60791666666705],[86.26804660373313,29.606145189073743],[86.26950602213589,29.604261915419215],[86.26818657769161,29.600702243381477],[86.26792453342063,29.597908867730382],[86.26762803819491,29.597082756890586],[86.26840223524357,29.59522138807546],[86.26786634657168,29.59423522949254],[86.26611111111157,29.593055555555907],[86.26485324435839,29.59318664550824],[86.2640356445317,29.59375779893702],[86.26245049370704,29.594053683811183],[86.26006008572091,29.596982048882808],[86.25827067057355,29.597398376465264],[86.25723198784766,29.599521111382785],[86.25524698893298,29.599853312174844],[86.25301839192758,29.597359042697803],[86.25193888346399,29.596535576714814],[86.24913886176256,29.59870551215323],[86.2479692925354,29.599297756619478],[86.24638888888938,29.598072950575613],[86.24469387478342,29.59852691650434],[86.2437266710075,29.599052530924837],[86.24374131944501,29.60070071750249],[86.24448065863771,29.60206115722707],[86.24391262478355,29.603106350369387],[86.24527859158047,29.604544745551664],[86.2450283474397,29.60568664550823],[86.24269517686679,29.604849480523455],[86.2407284884988,29.604838290744794],[86.23906019422805,29.60543687608549],[86.235311821832,29.604284769694402],[86.23332004123324,29.60320237901516],[86.23124213324706,29.602924465603735],[86.22910305447095,29.601104770236986],[86.22639363606834,29.601266276042168],[86.22474568684959,29.6018575710724],[86.22201307508738,29.60409962972045],[86.22218967013941,29.60706227620483],[86.22097995334263,29.608143174913607],[86.22070231119847,29.608919982910663],[86.22291788737022,29.613685607910554],[86.22321356879382,29.61621039496572],[86.22409030490513,29.618318277995172],[86.22714870876791,29.620762261285222],[86.22763102213588,29.62181335449253],[86.22814114040852,29.622269083659262],[86.22962537977475,29.622727423774222],[86.23203057183201,29.622584092882335],[86.23325737847273,29.62353488498303],[86.23491102430597,29.626661512587305],[86.2348981391064,29.628676452637137],[86.23419921875063,29.63079393174968],[86.23179768880266,29.6312422010638],[86.23074991862023,29.63197414822099],[86.23127360026098,29.63293785942966],[86.23118096245702,29.634492051866687],[86.23235324435836,29.63660871717707],[86.22959120008721,29.64166788737026],[86.23020168728345,29.643947279188808],[86.23011515299538,29.64539869520445],[86.23204427083397,29.64906684027818],[86.23317301432348,29.65007537841842],[86.23374213324712,29.651160278320674],[86.23280639648482,29.65250000000043],[86.23365804036513,29.653719177246614],[86.23556111653687,29.654673868815507],[86.2360869683165,29.656377122667607],[86.23721327039999,29.655590413411915],[86.2388412814675,29.656596849230027],[86.2406457519537,29.656489291721357],[86.24138888888939,29.656893073188428],[86.24250000000046,29.656289299859395],[86.24374471028688,29.656965671115984],[86.24566948784769,29.656450161404507],[86.24673190646746,29.657639295790375],[86.24895046658037,29.658744133843697],[86.24937120225752,29.660106641981713],[86.25025092230965,29.660686645508235],[86.25068657769157,29.660028347439663],[86.24983534071231,29.65765563964885],[86.24990478515679,29.656488986545583],[86.25095269097272,29.656551445855428],[86.25207546658044,29.65848002115922],[86.2541860622834,29.659644571940532],[86.2570887586811,29.662893269857193],[86.25735324435828,29.664591132270345],[86.26047553168462,29.666582200792675],[86.26156277126785,29.666517401801627],[86.26235324435822,29.665297817654448]]]}},{"type":"Feature","id":"hydrolakes:15372","properties":{"Hylak_id":15372,"Lake_name":"","Country":"China","Continent":"Asia","Poly_src":"SWBD","Lake_type":1,"Grand_id":0,"Lake_area":15.87,"Shore_len":23.55,"Shore_dev":1.67,"Vol_total":74.94,"Vol_res":0.0,"Vol_src":3,"Depth_avg":4.7,"Dis_avg":0.395,"Res_time":2195.8,"Elevation":4298,"Slope_100":1.69,"Wshd_area":198.6,"Pour_long":87.189583,"Pour_lat":29.30625,"source_id":"hydrolakes:15372","label":""},"geometry":{"type":"Polygon","coordinates":[[[87.17323011610296,29.330691663954497],[87.17898640950591,29.328043145074332],[87.18888536241388,29.319200981988274],[87.19072998046937,29.317035522461367],[87.19462741428015,29.31007364908902],[87.19526272243974,29.308763902452768],[87.19574679904576,29.305296359592433],[87.19654703776092,29.305708550347617],[87.19745225694493,29.307574530707996],[87.19697143554754,29.309450887044648],[87.19819715711878,29.31096944173214],[87.19870605468816,29.312018161350238],[87.19818630642413,29.314045884874474],[87.1981849500873,29.31796386718787],[87.19697984483565,29.31912177191873],[87.19622490776976,29.318732842339784],[87.196252848308,29.31735853407156],[87.19531304253525,29.315455254449148],[87.19401407877655,29.315141669379727],[87.1915193684901,29.31931152343782],[87.19153306749206,29.319980536567186],[87.19502034505257,29.320738728841548],[87.19598537868973,29.32040846082947],[87.19706475151958,29.320430433485626],[87.19795694987027,29.319970838759048],[87.2029980468755,29.31872287326422],[87.20463812934082,29.316202799479584],[87.20625271267437,29.31541944715758],[87.20735839843798,29.31458055284321],[87.20902520073838,29.31374708387625],[87.20983235677141,29.313763563368468],[87.21074720594669,29.313450453016856],[87.21263888888944,29.31216817220087],[87.21405097113774,29.313125339084593],[87.21741739908913,29.310082668728683],[87.22071397569499,29.308457912869244],[87.22068060980973,29.3068241373702],[87.22097656250054,29.306249796549878],[87.21984537760471,29.304384358724292],[87.21982571072107,29.30132073296477],[87.2205976019971,29.299065823025558],[87.2190139431429,29.296233045790245],[87.21904500325576,29.294709133572383],[87.21700303819506,29.291869845920473],[87.2165304904521,29.290413886176736],[87.2147538248704,29.287746107313808],[87.21259535047801,29.286510755751294],[87.21180826823002,29.285691528320626],[87.21095282660639,29.285691189236616],[87.21055555555625,29.285277777778106],[87.2082553439675,29.285381062825877],[87.20699110243112,29.286012844510026],[87.20485853407178,29.285969306098423],[87.20345675998328,29.28681939019134],[87.20263617621578,29.286802639431755],[87.2019731987852,29.28749281141529],[87.20139444987029,29.2898666720925],[87.20000447591195,29.290777994791995],[87.19759806315164,29.291524997287752],[87.19591213650227,29.29094794379381],[87.19455213758744,29.290975680881502],[87.19344306098156,29.29154703776095],[87.19235853407179,29.29152486165401],[87.19122260199703,29.29238674587708],[87.18809000651106,29.293967963324974],[87.18564683702306,29.294309014214832],[87.1827570258252,29.295759548611443],[87.18131632487041,29.295017361111547],[87.17831542968798,29.295691663954415],[87.17708604600745,29.294858330621025],[87.17594238281305,29.294586113824323],[87.17483601888091,29.295156046549835],[87.17486626519178,29.296641099718272],[87.17598063151098,29.298478664822426],[87.17596394856832,29.2992975531688],[87.17649780273507,29.300334065755635],[87.17575547960126,29.303958265516997],[87.1739798990892,29.306577758789444],[87.17041937934096,29.309308336046342],[87.16840237087723,29.310446438260044],[87.16549235026105,29.31038703070783],[87.16454115125924,29.310712619358014],[87.16461927625932,29.31564921061232],[87.16400851779571,29.316834716797302],[87.16403618706664,29.318190239800686],[87.16271796332535,29.319823269314725],[87.16072129991392,29.32174153645866],[87.16023790147631,29.322737969292973],[87.15906453450589,29.323307223850236],[87.15859225803007,29.32524454752638],[87.15909505208384,29.326713256836285],[87.1584638129346,29.327644382053336],[87.15793104383732,29.330319959852773],[87.15890475803013,29.330691663954497],[87.16098334418473,29.329013807509],[87.16185384114641,29.329031575521128],[87.16458102756144,29.33043653700139],[87.16572564019151,29.330413208008167],[87.16680501302136,29.329857177734823],[87.16766764322972,29.330152452257266],[87.1702756076395,29.330099283854565],[87.17323011610296,29.330691663954497]]]}},{"type":"Feature","id":"hydrolakes:15386","properties":{"Hylak_id":15386,"Lake_name":"","Country":"China","Continent":"Asia","Poly_src":"SWBD","Lake_type":1,"Grand_id":0,"Lake_area":13.61,"Shore_len":15.86,"Shore_dev":1.21,"Vol_total":35.42,"Vol_res":0.0,"Vol_src":3,"Depth_avg":2.6,"Dis_avg":9.945,"Res_time":41.2,"Elevation":4618,"Slope_100":1.04,"Wshd_area":376.9,"Pour_long":85.397917,"Pour_lat":29.122917,"source_id":"hydrolakes:15386","label":""},"geometry":{"type":"Polygon","coordinates":[[[85.40977566189275,29.141290351020302],[85.41216478135902,29.14137932671474],[85.41425916883719,29.14074869791699],[85.41473564995715,29.13989474826434],[85.41490353054513,29.137805514865818],[85.41454091390028,29.135805596246087],[85.41463670518715,29.134613308377084],[85.41380472819054,29.13234775119389],[85.41369513617661,29.130984022352834],[85.41431589762414,29.129871419271183],[85.41642642551034,29.12348354763492],[85.41641743977908,29.120293307834572],[85.41853132459903,29.117769639757455],[85.42015367296062,29.116294962565632],[85.42006537543438,29.11519599066878],[85.42213497585755,29.114203355577615],[85.42276618109844,29.113659532335475],[85.42429521348782,29.111503024631475],[85.4221168687613,29.11196160210534],[85.42179846869618,29.11090399848132],[85.41894880506777,29.109090440538637],[85.41470642089888,29.109748535156598],[85.41407274034322,29.109012993706926],[85.4131567043732,29.10908664279549],[85.41207299126557,29.108760308160072],[85.40932312011756,29.10632283528679],[85.40846693250921,29.104243299696577],[85.40578667534771,29.10114780002209],[85.40564005533906,29.09932298448382],[85.40630123562335,29.09729810926683],[85.40590121799079,29.095969509548922],[85.40361111111162,29.09500000000037],[85.39800625271323,29.095758938259962],[85.3960682508685,29.09697279188407],[85.39398234049531,29.100551961263363],[85.39199035644566,29.102268134223493],[85.3901626586919,29.106364135742524],[85.38654873318194,29.10974690755245],[85.38547875298428,29.11256062825555],[85.38538167317756,29.11376892089885],[85.38598507351384,29.11680670844231],[85.38564832899345,29.118037109375337],[85.38570621066674,29.118757731120297],[85.38484934488986,29.121242268880565],[85.3849802653001,29.12453837076862],[85.38412075466636,29.12527886284761],[85.38369920518699,29.126034410265163],[85.38376793755464,29.126889851888336],[85.38320478651298,29.128760308160167],[85.38264923095738,29.130149197048922],[85.38156538221614,29.131533135308473],[85.38211663140237,29.134554985894454],[85.38470811631981,29.13705620659755],[85.38629096137191,29.139397786458744],[85.38762166341184,29.140341322157553],[85.39008616129598,29.141170993381536],[85.39435828314936,29.141606784397084],[85.39568410237672,29.14209364149343],[85.40320031060145,29.143308648003938],[85.40570478651307,29.142926974826764],[85.40672387017179,29.1422044542104],[85.40977566189275,29.141290351020302]]]}},{"type":"Feature","id":"hydrolakes:15408","properties":{"Hylak_id":15408,"Lake_name":"","Country":"China","Continent":"Asia","Poly_src":"SWBD","Lake_type":1,"Grand_id":0,"Lake_area":26.09,"Shore_len":26.76,"Shore_dev":1.48,"Vol_total":566.77,"Vol_res":0.0,"Vol_src":3,"Depth_avg":21.7,"Dis_avg":3.022,"Res_time":2170.7,"Elevation":4646,"Slope_100":5.73,"Wshd_area":287.5,"Pour_long":85.867708,"Pour_lat":28.715595,"source_id":"hydrolakes:15408","label":""},"geometry":{"type":"Polygon","coordinates":[[[85.86551771375906,28.74305067274338],[85.86924140082505,28.741080322265987],[85.87420925564282,28.741550699870118],[85.87981011284796,28.740719536675726],[85.88268541124177,28.74013848198814],[85.88374471028703,28.739578043620213],[85.88854478624177,28.738670247396158],[85.89178961859864,28.738798963759052],[85.89396681043888,28.737646891276313],[85.89618910047801,28.737117513021133],[85.89818915473143,28.736244710286826],[85.90080003526532,28.735660129123687],[85.90309421115495,28.73575100368953],[85.90512776692748,28.73503824869823],[85.90902248806464,28.732911376953496],[85.91025553385475,28.732617730035088],[85.91180026584254,28.731800265842367],[85.91363633897612,28.731449652778167],[85.91518656412813,28.729776611328475],[85.91591668023057,28.72747043185791],[85.91624471028706,28.725411376953502],[85.91659661187106,28.72474636501778],[85.9178480360249,28.723586832682713],[85.91833021375919,28.721061333550722],[85.9178040907122,28.719560275607932],[85.91707838270446,28.719589029948224],[85.9154113769535,28.718199734158304],[85.91450948079472,28.71702514648473],[85.91327819824278,28.716443956163516],[85.91292195638067,28.715689154731194],[85.9115590413416,28.714426405165398],[85.91124613444055,28.713438042535074],[85.91038892957937,28.712643771701664],[85.91046190049974,28.710803087022953],[85.90998718261761,28.709448649088813],[85.90868292914541,28.707846001519442],[85.90390747070359,28.70554673936664],[85.90257514105963,28.70452514648474],[85.90126057942763,28.702489420573215],[85.89916130913684,28.701427137587075],[85.89810099283909,28.700282796224315],[85.89246412489206,28.700349121094064],[85.88948411729655,28.697132839627216],[85.88750000000044,28.69638888888926],[85.88498107910209,28.69660834418437],[85.88431084526957,28.697851291233007],[85.88625528971392,28.698466932509007],[85.88652248806477,28.698805881076794],[85.88569973415844,28.700977511936117],[85.88374471028703,28.703466932509116],[85.88306369357684,28.705092909071595],[85.8808003743494,28.706161024305857],[85.88042195638064,28.707390679253763],[85.88208862304748,28.708466932509054],[85.88263359917585,28.709341091580143],[85.88197516547353,28.70995117187539],[85.88036770290836,28.710709771050688],[85.88042805989625,28.71223239474864],[85.87882317437112,28.712989908854524],[85.87783399793881,28.715085720486513],[85.87504964192755,28.71639987521729],[85.8724366590717,28.71805324978334],[85.8713656277132,28.716897379557622],[85.86874471028716,28.71542195638051],[85.86681084526953,28.713744710286733],[85.86387749566035,28.71313462999177],[85.86167541503943,28.714039171007244],[85.8611132812506,28.71401679144998],[85.85545403374607,28.706756456163532],[85.85514417860287,28.705133599175724],[85.85422926161084,28.704588623047187],[85.85181823730505,28.705433620877045],[85.84858086480085,28.70537136501764],[85.84730360243094,28.705819091797252],[85.84653306749186,28.705411376953407],[85.83937805175833,28.70389444987012],[85.83833604600733,28.705019124349292],[85.83764417860283,28.706563313802405],[85.8383847384988,28.707249484592353],[85.83734503852065,28.708760443793892],[85.83734530978774,28.71151000976596],[85.84097751193616,28.711800265842385],[85.84124471028684,28.712292209201735],[85.83970743815149,28.713284912109714],[85.83931084526967,28.71469387478328],[85.84096693250922,28.715371365017802],[85.83957804362035,28.717078043620063],[85.83931084526967,28.71875528971401],[85.83731045193201,28.71986165364615],[85.83681084526955,28.7204462348094],[85.83882310655423,28.721745605469152],[85.84125528971413,28.722078043620172],[85.84152248806481,28.72239067925375],[85.83924933539544,28.723858642578477],[85.83936286078603,28.726723632812934],[85.84096693250922,28.72892252604214],[85.84013359917606,28.73013359917576],[85.83955858018714,28.732430148654885],[85.83958991156732,28.734610595703487],[85.84094746907601,28.734556749132423],[85.84337721082954,28.735193413628792],[85.84290113661075,28.736551784939593],[85.8429551866326,28.737915581597576],[85.84135871039535,28.738220486111516],[85.84327073839023,28.739855821397896],[85.8460281032992,28.739033067491675],[85.8472981770837,28.739705132378845],[85.8477263726133,28.74239352756109],[85.85230244954465,28.743122422960425],[85.85692043728352,28.74264892578168],[85.86164652506551,28.74386054144992],[85.86551771375906,28.74305067274338]]]}},{"type":"Feature","id":"hydrolakes:15415","properties":{"Hylak_id":15415,"Lake_name":"","Country":"China","Continent":"Asia","Poly_src":"SWBD","Lake_type":1,"Grand_id":0,"Lake_area":10.2,"Shore_len":14.21,"Shore_dev":1.26,"Vol_total":41.08,"Vol_res":0.0,"Vol_src":3,"Depth_avg":4.0,"Dis_avg":1.913,"Res_time":248.5,"Elevation":4152,"Slope_100":1.62,"Wshd_area":189.9,"Pour_long":87.540668,"Pour_lat":28.553304,"source_id":"hydrolakes:15415","label":""},"geometry":{"type":"Polygon","coordinates":[[[87.54436876085123,28.60081488715315],[87.54874131944518,28.600735270182724],[87.55030598958382,28.599884982639253],[87.55204888237915,28.599346923828364],[87.55236897786529,28.598757866753772],[87.55263102213593,28.596519911024586],[87.55427897135468,28.594257134332054],[87.55457546658033,28.592353244357923],[87.55538845486166,28.59085747612886],[87.55568657769163,28.589575466580186],[87.55681423611179,28.58820122612883],[87.55681423611179,28.587354871962134],[87.5561423068583,28.584790310330163],[87.55376329210122,28.58244710286499],[87.55375868055609,28.578467203776427],[87.55341172960141,28.577172444661926],[87.55457546658033,28.574386528863158],[87.5543082682297,28.572596978082004],[87.5534800889763,28.571856960720822],[87.55433159722293,28.570157741970775],[87.55426703559101,28.569076470269408],[87.55466661241377,28.568341200087218],[87.55459201388948,28.565689425998585],[87.55403564453178,28.563186577691226],[87.5534825303825,28.562168782552362],[87.55315022786516,28.56074042426252],[87.5507638888896,28.55887912326415],[87.54984266493108,28.55743096245692],[87.54763102213593,28.55653564453155],[87.54663519965345,28.554969889323218],[87.54499810112895,28.554464246962254],[87.5427777777785,28.551388888889164],[87.54121690538261,28.55231377495693],[87.53972927517418,28.55265991210979],[87.53846435546933,28.55346435546909],[87.53625786675411,28.555424533420535],[87.53498426649378,28.55581773546038],[87.53455322265688,28.557213677300638],[87.53322265625053,28.558402777778213],[87.53179768880261,28.560686577691456],[87.53124213324708,28.561797688802358],[87.53016465928886,28.565677761502172],[87.53001464843811,28.568193630642725],[87.5310367838548,28.56965684678846],[87.53063178168475,28.57116956922772],[87.53079427083384,28.573899332682572],[87.52903564453197,28.575583902995163],[87.53047932942758,28.5801718478736],[87.53200005425407,28.582025282118423],[87.53145399305629,28.583030192057663],[87.53235324435832,28.587368977864855],[87.53396972656321,28.58901258680595],[87.53552924262209,28.58972832573818],[87.53763102213617,28.591813422309485],[87.53972900390676,28.59214029947958],[87.54040879991379,28.593391248915395],[87.53945963541724,28.594524061415257],[87.53849066840343,28.594968804253767],[87.53840359158056,28.59642700195343],[87.5410945638028,28.595706380208753],[87.54153781467068,28.597361111111468],[87.5410739474832,28.599092068142625],[87.54159098307349,28.59967068142396],[87.54325764974021,28.599571261936205],[87.54436876085123,28.60081488715315]]]}},{"type":"Feature","id":"hydrolakes:15419","properties":{"Hylak_id":15419,"Lake_name":"","Country":"China","Continent":"Asia","Poly_src":"SWBD","Lake_type":1,"Grand_id":0,"Lake_area":49.37,"Shore_len":36.93,"Shore_dev":1.48,"Vol_total":658.0,"Vol_res":0.0,"Vol_src":3,"Depth_avg":13.3,"Dis_avg":14.443,"Res_time":527.3,"Elevation":4422,"Slope_100":3.27,"Wshd_area":1067.3,"Pour_long":88.247917,"Pour_lat":28.402083,"source_id":"hydrolakes:15419","label":""},"geometry":{"type":"Polygon","coordinates":[[[88.1698866102438,28.444609781901363],[88.17125461154575,28.444589029948247],[88.17243598090346,28.443776177300606],[88.17450846354245,28.44344604492221],[88.17589436849016,28.442492268880528],[88.1788620334209,28.441785481771092],[88.1818191189243,28.440122884114885],[88.1823985460075,28.44014594184057],[88.1852324761291,28.43898193359405],[88.1871815321187,28.436878390842367],[88.18796332465354,28.43763359917574],[88.18964084201468,28.436479356554173],[88.19075466579926,28.43475423177125],[88.19153320312569,28.434033067491725],[88.19206108941029,28.43291408962699],[88.19435004340346,28.432549506293753],[88.19679117838632,28.43067735460096],[88.19834364149358,28.430738932292],[88.19915635850782,28.42901638454896],[88.20079508463618,28.42901828342059],[88.20256103515703,28.42711222330763],[88.20579481336881,28.42528428819486],[88.20718370225768,28.4242191569013],[88.20875868055617,28.42347601996562],[88.21681098090346,28.42319973415829],[88.21783284505267,28.422658962674006],[88.21918212890716,28.423587239583583],[88.22273871527835,28.424073350694698],[88.22605170355968,28.424019097222526],[88.22776557074718,28.422169325087168],[88.22965250651106,28.42266370985277],[88.23042127821242,28.42263319227459],[88.23213080512215,28.423486870660156],[88.23316026475771,28.42344604492223],[88.2362453884557,28.424866807726005],[88.23742187500062,28.424868977864833],[88.23847357855982,28.425425482856213],[88.24096679687591,28.423189154731176],[88.24189561632005,28.422750786675635],[88.24479220920216,28.419624701606324],[88.24601969401107,28.41872436523471],[88.24702989366386,28.41876437717059],[88.24851589626815,28.419903835720845],[88.24928358290009,28.421531032986366],[88.25140326605964,28.421800265842307],[88.25187554253529,28.41981811523482],[88.25462483724027,28.418738199870063],[88.25536051432368,28.417944200304078],[88.25667724609468,28.41709391276072],[88.25812527126794,28.415119628906552],[88.26007921007027,28.41519707573815],[88.2616327582474,28.41393283420166],[88.26120334201454,28.41312160915828],[88.26125651041724,28.41178263346393],[88.26337972005268,28.411110432942962],[88.26375705295231,28.409525689019404],[88.26559000651099,28.407827555338827],[88.26598144531306,28.406183675130478],[88.26656928168467,28.405699734158247],[88.2677126736117,28.4081226942277],[88.26860026041743,28.40846693250893],[88.270415581598,28.407074788411762],[88.27168809678898,28.407747938368345],[88.27402696397627,28.40577148437535],[88.27513726128552,28.406535508897832],[88.27608778211862,28.40620239257845],[88.27812554253546,28.404003092448363],[88.2793063693585,28.404312472873528],[88.28114990234434,28.403700764974246],[88.28156277126794,28.402826063368366],[88.28151177300407,28.401539984809347],[88.28248182508753,28.3999555121531],[88.2839396158862,28.398604871962164],[88.28485568576446,28.39735582139798],[88.28600857204935,28.396778293186117],[88.28754286024372,28.393730061849283],[88.28799153645912,28.391379801432606],[88.28907307942768,28.389808213975982],[88.28865668402852,28.387416720920385],[88.28816107855982,28.386480170356208],[88.28493787977487,28.384206814236506],[88.28375542534798,28.381800265842287],[88.28124457465339,28.378477511936012],[88.28056233724033,28.37617133246573],[88.27846679687565,28.373755289713756],[88.27806613498325,28.372906087239926],[88.27656792534799,28.37193861219646],[88.27284749349019,28.3712251790368],[88.27202501085134,28.37125786675381],[88.27088324652868,28.372490098741594],[88.2691181098096,28.37202745225727],[88.26836263020903,28.372427164713827],[88.26666341145898,28.371831597222467],[88.26614284939302,28.370728488498514],[88.26472222222282,28.370277777778085],[88.2609667968756,28.370411376953484],[88.25799153645892,28.37099839952282],[88.25681098090337,28.371810845269295],[88.25353895399388,28.37331420898471],[88.25310302734437,28.37423773871552],[88.25096679687579,28.37457804362026],[88.24881998697992,28.37551500108532],[88.24587483724054,28.377541503906514],[88.24235568576466,28.379022488064493],[88.24143229166742,28.37965806749179],[88.23568386501819,28.37889946831632],[88.23392225477488,28.378437906901354],[88.23236680772635,28.378499484592282],[88.22936170789995,28.37727634006103],[88.22327935112907,28.377336968316285],[88.2165532769103,28.378245035807538],[88.21388888888947,28.37823852539094],[88.21008056640699,28.378164605035067],[88.20892442491396,28.37723863389789],[88.20543158637224,28.377376980252166],[88.20482693142418,28.37705715603323],[88.20374538845567,28.377077636719036],[88.20292724609453,28.377510579427337],[88.20124457465334,28.377911376953477],[88.199300130209,28.379022488064493],[88.19757025824731,28.3804305013025],[88.1962749565979,28.380379096137403],[88.19401177300426,28.381511908637606],[88.19248182508744,28.38316311306454],[88.19147867838598,28.38348076714442],[88.19154378255263,28.385124104818033],[88.19108208550426,28.385996365017775],[88.19323621961865,28.38726264105935],[88.19282660590335,28.388431396484634],[88.19346679687561,28.39153306749165],[88.19408881293487,28.393131374783252],[88.191779785157,28.39601698133714],[88.1918169487854,28.396953938802483],[88.19012179904587,28.399847412109636],[88.19011420355963,28.401736518012456],[88.19062988281308,28.403704562717394],[88.18815945095542,28.408007269965708],[88.18821044921941,28.40929077148462],[88.18772433810824,28.4102094184031],[88.18727566189307,28.41395724826424],[88.18680013020895,28.41485582139802],[88.18653320312563,28.41653306749157],[88.18594319661531,28.41771674262185],[88.18484483507018,28.41873453776077],[88.18532145182354,28.419635281033266],[88.18418511284784,28.421117078993404],[88.18207790798681,28.4223558213979],[88.18181098090349,28.42347751193614],[88.1804698350702,28.42374471028677],[88.17708279079932,28.42235337999159],[88.17465711805613,28.423252088758943],[88.17354085286519,28.426281467014178],[88.17204047309099,28.42823798285616],[88.17024603949716,28.42912624783014],[88.16287000868124,28.430490993924025],[88.1628789605042,28.43344902886315],[88.16153320312571,28.435503200955054],[88.16239447699712,28.437130940755537],[88.16466606987905,28.438597819010795],[88.16521918402833,28.43976996527806],[88.16708251953196,28.44149631076425],[88.16743896484445,28.442993028429157],[88.1698866102438,28.444609781901363]]]}},{"type":"Feature","id":"hydrolakes:15422","properties":{"Hylak_id":15422,"Lake_name":"","Country":"China","Continent":"Asia","Poly_src":"SWBD","Lake_type":1,"Grand_id":0,"Lake_area":12.29,"Shore_len":19.84,"Shore_dev":1.6,"Vol_total":171.63,"Vol_res":0.0,"Vol_src":3,"Depth_avg":14.0,"Dis_avg":1.923,"Res_time":1033.0,"Elevation":4568,"Slope_100":4.58,"Wshd_area":180.4,"Pour_long":89.620461,"Pour_lat":28.262644,"source_id":"hydrolakes:15422","label":""},"geometry":{"type":"Polygon","coordinates":[[[89.638464626737,28.25156955295165],[89.6405414496536,28.25156005859418],[89.6426421440982,28.251240505642613],[89.6438037109383,28.251657443576676],[89.646148003473,28.250166693793744],[89.64837836371595,28.247306857639217],[89.6499419487854,28.246312527126975],[89.65042426215359,28.245424533420476],[89.65068684895897,28.24318657769129],[89.65124240451456,28.24216430664086],[89.65091525607727,28.240668674045423],[89.64934136284802,28.238750000000266],[89.6510503472229,28.23464124891518],[89.65083550347293,28.231035698785092],[89.65128797743131,28.225916069878792],[89.65114203559102,28.223465847439684],[89.65182671441062,28.221038140191297],[89.6509798177093,28.212631022135724],[89.6499723307299,28.21034179687524],[89.65179796007016,28.20855319552976],[89.65153537326461,28.208186577691265],[89.65039333767442,28.207662353516014],[89.64970974392435,28.205449083116605],[89.64694444444518,28.205466308594055],[89.64606499566071,28.203550347222517],[89.64487413194519,28.202718505859707],[89.64317599826472,28.202194146050772],[89.64147352430643,28.201004638672202],[89.63970106336888,28.200673828125332],[89.6375282118064,28.19933051215304],[89.63019802517442,28.198787841797184],[89.62944444444514,28.198055555555925],[89.62843098958405,28.198191189236354],[89.62694932725782,28.19968831380237],[89.62786241319532,28.200995144314618],[89.626257595487,28.202950575087186],[89.62667100694512,28.205098741319716],[89.62880588107726,28.20934163411482],[89.62871419270914,28.214764946831906],[89.62911132812587,28.21624674479193],[89.62957573784792,28.22070231119818],[89.63142523871602,28.225255533854522],[89.63179796007017,28.22764675564264],[89.63236870659807,28.229019911024636],[89.63274359809105,28.231025933160026],[89.63452745225771,28.23464775933195],[89.63506022135488,28.23637193467914],[89.63813096788283,28.239115532769404],[89.63608018663285,28.240797932943053],[89.63295138888975,28.241764187283252],[89.63216145833411,28.24321750217041],[89.63135470920207,28.24694973415825],[89.63031955295213,28.248108317057643],[89.62705132378562,28.24941392686668],[89.62153537326463,28.253480088975948],[89.61999782986209,28.254185926649598],[89.61813802083418,28.255627034505608],[89.61575195312577,28.256722276475955],[89.6151871744799,28.257761637370038],[89.6165201822925,28.260146755642666],[89.61774142795213,28.26052381727459],[89.62040201822987,28.262887234158256],[89.62235351562583,28.2620754665802],[89.62556098090346,28.261699761285],[89.6266655815981,28.25981431749159],[89.6288498263898,28.25854248046909],[89.63098144531324,28.256156955295467],[89.63332411024379,28.25423489040827],[89.6367502170146,28.252976209852704],[89.638464626737,28.25156955295165]]]}},{"type":"Feature","id":"hydrolakes:15424","properties":{"Hylak_id":15424,"Lake_name":"","Country":"China","Continent":"Asia","Poly_src":"SWBD","Lake_type":1,"Grand_id":0,"Lake_area":62.15,"Shore_len":41.09,"Shore_dev":1.47,"Vol_total":273.39,"Vol_res":0.0,"Vol_src":3,"Depth_avg":4.4,"Dis_avg":12.307,"Res_time":257.1,"Elevation":4472,"Slope_100":1.19,"Wshd_area":1789.3,"Pour_long":89.381297,"Pour_lat":28.185244,"source_id":"hydrolakes:15424","label":""},"geometry":{"type":"Polygon","coordinates":[[[89.38315077040005,28.186822509765875],[89.38438042534801,28.186225992838843],[89.38962131076471,28.18619533962709],[89.39285563151117,28.18553290473119],[89.39347493489663,28.182641601562807],[89.39374728732713,28.179580620660033],[89.39430799696248,28.17845865885448],[89.39546034071259,28.177899712456963],[89.39699218750076,28.17630506727454],[89.39881727430634,28.175108642578493],[89.40011854383755,28.17375420464441],[89.4015304904521,28.173197157118352],[89.4026361762161,28.172249891493323],[89.40122748480968,28.170393337673886],[89.40013617621617,28.169863823785022],[89.39986382378561,28.169351535373664],[89.40235188802154,28.16787448459229],[89.40171495225769,28.16663764105931],[89.39988633897656,28.166191948785013],[89.39958604600764,28.163870985243307],[89.40064208984461,28.162313096788523],[89.39902506510492,28.161252712673843],[89.39875271267442,28.159580620659995],[89.39789089626822,28.158444824219032],[89.39715874566042,28.156935763889123],[89.39372802734448,28.153176269531514],[89.3912624782995,28.152376166449983],[89.38914496527866,28.1506670464413],[89.3886439344626,28.149633924696445],[89.38685763888975,28.148309733073233],[89.38485839843821,28.14791937934058],[89.38372531467081,28.147335747613113],[89.38291395399375,28.14569715711832],[89.38256971571263,28.143934054904776],[89.38069688585136,28.142134738498555],[89.37902506510483,28.141808268229397],[89.37753363715365,28.140676812066204],[89.37590711805638,28.140709906684265],[89.37440999349025,28.13869032118083],[89.37520453559108,28.13636908637187],[89.37458604600772,28.134553493923875],[89.37673312717095,28.13249064127632],[89.37774088541755,28.130792778863167],[89.37819173177155,28.13264160156274],[89.37884440104239,28.132958306206945],[89.3805704752611,28.133518473307618],[89.38189154730975,28.13306613498304],[89.38652533637242,28.135141737196477],[89.387404785157,28.135142550998637],[89.39176866319514,28.136587456597624],[89.39404595269178,28.138131239149573],[89.39573242187572,28.136769883897898],[89.39708767361196,28.134305962456892],[89.39653049045239,28.13208062066002],[89.39572021484457,28.130444064670485],[89.39485839843837,28.12930826822941],[89.39458604600793,28.128191731771096],[89.39319173177154,28.12569715711834],[89.39287760416755,28.12440904405406],[89.39150472005292,28.123742811415184],[89.39039659288261,28.1226251898874],[89.38918701171963,28.12264987521729],[89.38875271267455,28.121883816189552],[89.3899015299487,28.12036987304714],[89.3870874023446,28.11825968424506],[89.38569173177166,28.117919379340606],[89.38405327691038,28.116596950955113],[89.38375271267444,28.11589341905409],[89.38641981336878,28.115047200521133],[89.38680284288267,28.1134532335073],[89.38290825737914,28.110702718099276],[89.38003499349031,28.107757568359602],[89.3785796440979,28.107363823785022],[89.37646809895921,28.108795166015852],[89.37571153428905,28.10958265516524],[89.3745806206606,28.10985839843778],[89.37316460503547,28.112636176215574],[89.37184353298682,28.111261121962173],[89.36791395399376,28.109586046007223],[89.36595567491395,28.10789713541709],[89.36485839843829,28.107919514974242],[89.36344536675426,28.105630425347556],[89.36146294487918,28.103725857205177],[89.3595808919278,28.10374715169297],[89.35874186197992,28.104179280599226],[89.35736382378542,28.103469509548916],[89.35596950954954,28.103197157118473],[89.35514160156333,28.10263617621564],[89.35179199218823,28.102005208333594],[89.34926703559103,28.102652316623505],[89.34744059244866,28.10261501736136],[89.34619086371606,28.102935248481174],[89.344239908855,28.102895507812832],[89.34303629557371,28.102275390625266],[89.34205295138958,28.10294189453157],[89.3407375759557,28.10494832356801],[89.33930284288266,28.105413953993377],[89.33766791449739,28.106521945529778],[89.3362139214417,28.106993815104488],[89.33395833333401,28.105375705295444],[89.33063449435849,28.104281277126972],[89.3284855143238,28.104325086805886],[89.32793538411545,28.1037523057729],[89.32687798394181,28.10340928819471],[89.32480387369861,28.10376302083364],[89.32304307725786,28.10372707790833],[89.3226416015633,28.102080620660047],[89.32180284288262,28.100974934896158],[89.32144694010486,28.098789740668792],[89.32083333333435,28.09777777777805],[89.31952365451463,28.09851738823818],[89.31901394314326,28.09904771592909],[89.31903211805638,28.099934624566345],[89.31739718967088,28.101146511502066],[89.31597466362928,28.10041381835964],[89.31483615451458,28.10040771484404],[89.3141224500875,28.09966498480935],[89.31259874132019,28.100450032552317],[89.31208604600772,28.101557617187723],[89.31263536241386,28.10294786241343],[89.31193603515698,28.104305555555868],[89.31268066406341,28.105750868055793],[89.3134806315112,28.106519504123526],[89.31264160156314,28.108224283854497],[89.31335340711877,28.10960625542566],[89.31151340060842,28.11069851345519],[89.31060926649371,28.112562391493384],[89.3113734266501,28.113296847873585],[89.31013047960136,28.11486382378513],[89.31014187283057,28.115419243706924],[89.30791937934094,28.118026123047116],[89.30903184678903,28.11986070421034],[89.30762586805633,28.123524034288494],[89.30764214409788,28.124323866102657],[89.30706949869875,28.125435248481153],[89.30709174262233,28.126522216797184],[89.30650282118143,28.127390950521146],[89.30653591579932,28.129014621311],[89.30570285373346,28.13264716254372],[89.30491997612933,28.134166666667],[89.30596137152844,28.136253119575088],[89.30625271267445,28.136247151693],[89.3066284179697,28.137404785156434],[89.30861653645911,28.138049994574885],[89.31137803819536,28.140790201823165],[89.31057535807366,28.141974419488236],[89.31159505208416,28.14299235026067],[89.31223036024375,28.146895887587107],[89.31067057291745,28.14938056098117],[89.31070339626814,28.15099785698817],[89.30902018229239,28.15096354166701],[89.3078974066849,28.151541883680864],[89.30694471571269,28.153505588107976],[89.30878716362912,28.156707763672102],[89.30841118706672,28.157806396484602],[89.30875271267462,28.15846950954898],[89.30902506510495,28.16041937934068],[89.31018066406324,28.162455512153144],[89.31078667534797,28.164323459201682],[89.3118079969625,28.164302707248567],[89.31269178602503,28.16460517035631],[89.31447428385485,28.16581353081625],[89.31486111111184,28.165410970052392],[89.31718777126804,28.166737331814545],[89.31996826171945,28.166167805989915],[89.32053493923678,28.16733574761321],[89.32386555989672,28.16793416341187],[89.32486355251831,28.16791381835975],[89.3283170572924,28.16879570855059],[89.3306968858517,28.168747151693026],[89.3332134331605,28.169608425564434],[89.33485026041751,28.16957505967912],[89.33739203559117,28.17051323784756],[89.3395996093758,28.172009548611413],[89.34216552734472,28.172963189019526],[89.34631401909792,28.172878553602743],[89.34708197699723,28.17207912868946],[89.34881808810832,28.172657335069687],[89.35456515842083,28.172630750868393],[89.35573296441038,28.17293009440135],[89.35764133029608,28.17291381835969],[89.3601429579,28.173537462022807],[89.36291395399394,28.17458604600722],[89.36544786241387,28.175142415364974],[89.36830837673699,28.176887478298852],[89.3695806206606,28.179030490451623],[89.37014729817793,28.17957505967911],[89.3712472873271,28.18208604600727],[89.37265977647655,28.18405029296906],[89.37379367404588,28.184600287543674],[89.37627577040024,28.18710259331624],[89.37900906033076,28.187097167969057],[89.3798692491327,28.18665405273464],[89.38219102647639,28.187821723090565],[89.38315077040005,28.186822509765875]]]}},{"type":"Feature","id":"hydrolakes:15473","properties":{"Hylak_id":15473,"Lake_name":"","Country":"India","Continent":"Asia","Poly_src":"SWBD","Lake_type":1,"Grand_id":0,"Lake_area":11.05,"Shore_len":15.73,"Shore_dev":1.33,"Vol_total":12.85,"Vol_res":0.0,"Vol_src":3,"Depth_avg":1.2,"Dis_avg":0.515,"Res_time":288.8,"Elevation":44,"Slope_100":0.54,"Wshd_area":32.9,"Pour_long":85.551448,"Pour_lat":25.779303,"source_id":"hydrolakes:15473","label":""},"geometry":{"type":"Polygon","coordinates":[[[85.54651743571009,25.777350802951446],[85.54715932210325,25.776200358073083],[85.5491864013677,25.776363118489712],[85.54957299126568,25.778482530382178],[85.54998392740924,25.779219021267465],[85.55152811686253,25.779573025173875],[85.55495747884157,25.77863444010427],[85.55543423122873,25.77756618923621],[85.55762854682115,25.775406358506984],[85.56068410237685,25.772906358507043],[85.56451280381998,25.770610622829906],[85.56581888834677,25.770715603298754],[85.56791205512206,25.771883409288364],[85.56873965793221,25.773204752604272],[85.57148756239195,25.773461914062636],[85.5729063585074,25.77235080295145],[85.57376030816022,25.7720936414932],[85.57525254991361,25.770818142361236],[85.57632371690579,25.76841742621542],[85.57619805230092,25.766853841145917],[85.57892869737464,25.762712131076626],[85.58098253038247,25.762093641493152],[85.58157531738317,25.761147189670282],[85.58143222385019,25.759366319444496],[85.57991706000479,25.757914767795285],[85.5774959309901,25.75729437934035],[85.57618801540855,25.75739963107651],[85.57549201117672,25.75895941840281],[85.57475606282588,25.75985080295152],[85.5739784071186,25.75894802517371],[85.57404541015666,25.758113606770962],[85.57302001953173,25.757230088975803],[85.57003482394805,25.757274576823022],[85.5645018174917,25.75311225043407],[85.56392418755462,25.75181776258688],[85.56207299126578,25.75126030815983],[85.56121965196434,25.75065538194457],[85.56127997504376,25.749904513888964],[85.55916666666707,25.748611111111188],[85.55762854682115,25.748739691840342],[85.55625701904353,25.74931722005232],[85.5544283718537,25.7493291558161],[85.55318362765883,25.75077392578129],[85.54977183024147,25.752073025173672],[85.54820478651294,25.750961914062543],[85.54725606282597,25.750704752604236],[85.54606486002672,25.751369357638964],[85.54542700873537,25.752286512586863],[85.54668148464663,25.754055989583435],[85.54474880642431,25.75652370876759],[85.5423744371206,25.757628580729204],[85.53884582519584,25.756260308159767],[85.53650600857259,25.756900770399398],[85.53271881103552,25.759828830295362],[85.5322205268019,25.76148383246533],[85.53067860921271,25.764247504340346],[85.53051978217286,25.767729220920273],[85.53113742404571,25.77056070963556],[85.53014923095742,25.773727213541918],[85.5316540527349,25.77554660373289],[85.53397138807549,25.776072862413287],[85.53485076904332,25.777093641493195],[85.53583180745483,25.77770806206604],[85.53982550727034,25.778703613281323],[85.54105058458157,25.779663085937557],[85.54287234836204,25.780476074218882],[85.5439302232536,25.78039089626742],[85.54582190619624,25.77890950520839],[85.54651743571009,25.777350802951446]]]}},{"type":"Feature","id":"hydrolakes:176196","properties":{"Hylak_id":176196,"Lake_name":"","Country":"China","Continent":"Asia","Poly_src":"SWBD","Lake_type":1,"Grand_id":0,"Lake_area":7.34,"Shore_len":12.16,"Shore_dev":1.27,"Vol_total":59.7,"Vol_res":0.0,"Vol_src":3,"Depth_avg":8.1,"Dis_avg":10.544,"Res_time":65.5,"Elevation":5162,"Slope_100":2.91,"Wshd_area":956.2,"Pour_long":85.24378,"Pour_lat":29.873218,"source_id":"hydrolakes:176196","label":""},"geometry":{"type":"Polygon","coordinates":[[[85.23789181179518,29.90752964443675],[85.23931357489727,29.906797214084577],[85.24012571546808,29.906813786825126],[85.24118265787803,29.9064520178905],[85.24152499728774,29.906808336046424],[85.24387257893932,29.907406794230553],[85.24716525607687,29.90733959621906],[85.24985833062107,29.90624721951002],[85.25314629448837,29.90544567532055],[85.25385506524026,29.905080557929523],[85.2559180535215,29.902933358086898],[85.2563396708174,29.900773637560064],[85.2570805528432,29.89902499728788],[85.25830952962275,29.897178573608926],[85.26298826429627,29.892904646132138],[85.26252209133605,29.8910856543651],[85.26319808960011,29.888749771118682],[85.26208087497326,29.88316485087131],[85.26119518703916,29.882313885159363],[85.2590305582687,29.881247219509987],[85.25331534491681,29.88011657714884],[85.25181357489731,29.880147230360706],[85.25101864284971,29.87973771837062],[85.25035486857138,29.87808263990655],[85.24763610839898,29.874308336046397],[85.24727835761217,29.87284081353124],[85.2450000000004,29.87111111111153],[85.24373140123203,29.871541570028114],[85.24137737698072,29.871533677843274],[85.24097500271301,29.873224343194295],[85.2419027709966,29.875025329590244],[85.24434707641649,29.877409990099125],[85.24429617987772,29.87990381876665],[85.24373589409777,29.880991448296868],[85.24263610839881,29.881524997287727],[85.24048848470102,29.883920644124714],[85.2401416693798,29.885697224935313],[85.23823440551797,29.888059938219328],[85.23791944715748,29.889030558268644],[85.23660354614293,29.890764762031154],[85.23624888102268,29.892943335639643],[85.23563991970536,29.894125434028297],[85.23289866129608,29.89575272454198],[85.2309750027132,29.89794656541659],[85.23169420030433,29.899342668321765],[85.23116806030328,29.901911519368866],[85.23014166937975,29.902957458496473],[85.23074671427457,29.904725129869746],[85.23789181179518,29.90752964443675]]]}},{"type":"Feature","id":"hydrolakes:176288","properties":{"Hylak_id":176288,"Lake_name":"","Country":"China","Continent":"Asia","Poly_src":"SWBD","Lake_type":1,"Grand_id":0,"Lake_area":1.8,"Shore_len":5.68,"Shore_dev":1.19,"Vol_total":14.22,"Vol_res":0.0,"Vol_src":3,"Depth_avg":7.9,"Dis_avg":1.433,"Res_time":114.8,"Elevation":5149,"Slope_100":4.59,"Wshd_area":175.6,"Pour_long":85.802803,"Pour_lat":29.648748,"source_id":"hydrolakes:176288","label":""},"geometry":{"type":"Polygon","coordinates":[[[85.80912733289995,29.648158772786815],[85.80876281738318,29.64651492648693],[85.80833333333379,29.645833333333883],[85.80708333333405,29.64654988606827],[85.80625149197095,29.64595116509372],[85.8057033962678,29.646265055338972],[85.80459418402819,29.64615200466619],[85.80359551323824,29.647354295519108],[85.8020705159509,29.647626037598002],[85.80143988715338,29.64997083875903],[85.80154269748323,29.65097958034977],[85.80099114312122,29.65244740804087],[85.80310940212718,29.65462249755899],[85.80345940484005,29.655429517958453],[85.80497036404131,29.657338731554375],[85.80672275119423,29.658794352213988],[85.80758483886763,29.66078216552779],[85.81059427897185,29.663206278483585],[85.8128748236768,29.664497477213956],[85.81426947699691,29.662818569607566],[85.81457051595112,29.66179270426477],[85.81528672960116,29.660797458225318],[85.81666503906308,29.660392998589828],[85.81745761447525,29.65943881564715],[85.8166882324224,29.658095431857987],[85.81684597439289,29.65654798719669],[85.81568162706202,29.655151740180486],[85.81477830674964,29.653238796658343],[85.81274502224454,29.651455756293842],[85.8115068223745,29.64944834391315],[85.81040615505697,29.648534037272498],[85.80912733289995,29.648158772786815]]]}},{"type":"Feature","id":"hydrolakes:176291","properties":{"Hylak_id":176291,"Lake_name":"","Country":"China","Continent":"Asia","Poly_src":"SWBD","Lake_type":1,"Grand_id":0,"Lake_area":9.55,"Shore_len":21.33,"Shore_dev":1.95,"Vol_total":109.59,"Vol_res":0.0,"Vol_src":3,"Depth_avg":11.5,"Dis_avg":2.252,"Res_time":563.3,"Elevation":5063,"Slope_100":3.98,"Wshd_area":338.6,"Pour_long":85.749002,"Pour_lat":29.611154,"source_id":"hydrolakes:176291","label":""},"geometry":{"type":"Polygon","coordinates":[[[85.72780192057331,29.684352315267347],[85.73165873209689,29.6839503987635],[85.73613118489641,29.68412767198396],[85.73732367621568,29.683022732205302],[85.73763359917587,29.67624471028688],[85.73833719889359,29.673678860135112],[85.73980984158032,29.67127363416938],[85.7403795708554,29.668289489746655],[85.7419656711159,29.66512939453179],[85.74318915473128,29.66180026584243],[85.74375528971404,29.660977511936323],[85.74415608724001,29.659294976128933],[85.74483764648477,29.658006896973063],[85.74383633083835,29.65339389377209],[85.74300991482255,29.651749945746985],[85.7425536431212,29.649129570855393],[85.74671698676275,29.64718661838151],[85.74825656467061,29.645178900825215],[85.74813605414556,29.642138502333466],[85.74980523003524,29.641255289713968],[85.74997470431896,29.642764553494317],[85.74911444770004,29.64401468912814],[85.75034769694071,29.64406358506983],[85.75171908908476,29.643178032769526],[85.75206780327744,29.640162896050697],[85.75236884223142,29.639303826226524],[85.75178948296491,29.638461812337653],[85.75181125217051,29.63791212293893],[85.75125528971392,29.636800265842396],[85.75043660481816,29.636413913303443],[85.7500739203565,29.634136827257294],[85.74955715603357,29.63316029866587],[85.74955681694922,29.630164421929692],[85.75014417860302,29.629310845269515],[85.75083123101183,29.62671352810372],[85.74944634331638,29.624339769151902],[85.75061157226628,29.622646416558553],[85.75074259440157,29.61934000651081],[85.74918029785198,29.61748775906068],[85.74995673285633,29.614835713704792],[85.74951721191445,29.61358181423651],[85.75013095431899,29.61242197672567],[85.75017381456206,29.611340569390563],[85.74957804362026,29.610144178602866],[85.74944444444498,29.609166666667193],[85.74860453287818,29.609432576497795],[85.74707946777403,29.614895290798984],[85.74643710666282,29.615490451389235],[85.74654385036945,29.618184034559988],[85.74575324164533,29.619333055284642],[85.74543206108984,29.62177792019355],[85.74435323079473,29.622841898600655],[85.74372266981385,29.624033474392718],[85.74376593695791,29.626790771484764],[85.74337571885906,29.627528245714416],[85.74290147569485,29.62933814154769],[85.74293260362458,29.63012410481815],[85.74234137641105,29.63161207411065],[85.74040927463159,29.633131476508595],[85.7387344021273,29.635169643826487],[85.73763359917587,29.635689154731267],[85.73625528971394,29.637366400825044],[85.73484876844668,29.638274671766908],[85.73262274848139,29.641258884006504],[85.73265380859425,29.643709377713094],[85.73208862304745,29.64708862304724],[85.73109829372873,29.64943627251563],[85.72598002115927,29.654525078667916],[85.7259460449223,29.655382520887997],[85.72628648546043,29.65602586534328],[85.72596835666269,29.65769205729208],[85.72422607421919,29.662218221029093],[85.72475884331635,29.66527777777827],[85.72397250705336,29.66979373508076],[85.72494133843355,29.671436564128044],[85.72653306749174,29.672911376953493],[85.72691799587716,29.675327521430575],[85.7281891547313,29.677860751682317],[85.72785929362038,29.679308132595906],[85.72637830946235,29.68123942057332],[85.72577711317314,29.682513224284264],[85.72353047688853,29.683964029948413],[85.72241034613756,29.685424736871198],[85.7223228624137,29.687631869846427],[85.72363789876351,29.687683987088064],[85.72438334147193,29.687332187229288],[85.72537509494407,29.68626180013058],[85.72654364691886,29.685710313585446],[85.72780192057331,29.684352315267347]]]}},{"type":"Feature","id":"hydrolakes:176306","properties":{"Hylak_id":176306,"Lake_name":"","Country":"China","Continent":"Asia","Poly_src":"SWBD","Lake_type":1,"Grand_id":0,"Lake_area":1.08,"Shore_len":6.35,"Shore_dev":1.73,"Vol_total":7.14,"Vol_res":0.0,"Vol_src":3,"Depth_avg":6.6,"Dis_avg":1.242,"Res_time":66.6,"Elevation":4791,"Slope_100":4.5,"Wshd_area":481.6,"Pour_long":87.04937,"Pour_lat":29.577401,"source_id":"hydrolakes:176306","label":""},"geometry":{"type":"Polygon","coordinates":[[[87.0491772460943,29.589156087239928],[87.04847751193654,29.586203342014414],[87.04960869683208,29.584559495714416],[87.05013359917581,29.582355821397982],[87.05115261501788,29.58102701822952],[87.05164238823852,29.582065022786878],[87.05240275065154,29.579663323296813],[87.05238240559953,29.577519768609363],[87.05000000000047,29.574722222222704],[87.04958713107686,29.57510470920181],[87.04819064670198,29.578506401910147],[87.04744371202304,29.579198438856736],[87.04599867079048,29.579655931261243],[87.04164564344666,29.579527452257366],[87.03983873155448,29.58026963975732],[87.03986829969688,29.58240346272828],[87.04320298936693,29.584155103895966],[87.04402248806474,29.58519480387423],[87.04339057074702,29.586388888889246],[87.0440239800352,29.58792677137626],[87.04467556423668,29.58758199056024],[87.04626627604227,29.58764502631334],[87.04624308268296,29.58823150634811],[87.04533867730089,29.589069417318058],[87.04708997938422,29.589000006782044],[87.04707492404572,29.58937761094876],[87.04513359917598,29.590133599175715],[87.04486640082536,29.59130591498524],[87.04553046332535,29.592560865614587],[87.04784681532175,29.59300309923003],[87.04818915473146,29.592633599175713],[87.0498664008253,29.592366400825085],[87.05013359917581,29.591471862793526],[87.0491772460943,29.589156087239928]]]}},{"type":"Feature","id":"hydrolakes:176314","properties":{"Hylak_id":176314,"Lake_name":"","Country":"China","Continent":"Asia","Poly_src":"SWBD","Lake_type":1,"Grand_id":0,"Lake_area":1.03,"Shore_len":5.29,"Shore_dev":1.47,"Vol_total":10.94,"Vol_res":0.0,"Vol_src":3,"Depth_avg":10.6,"Dis_avg":0.05,"Res_time":2533.5,"Elevation":4729,"Slope_100":7.94,"Wshd_area":20.5,"Pour_long":87.033741,"Pour_lat":29.547145,"source_id":"hydrolakes:176314","label":""},"geometry":{"type":"Polygon","coordinates":[[[87.034038085938,29.547649230957404],[87.03416666666726,29.545555555555893],[87.03373969184082,29.545684102376697],[87.03346082899373,29.546911519368848],[87.03262858072964,29.54762854682116],[87.03084879557355,29.55008494059291],[87.03012858072987,29.550406324598953],[87.02934448242235,29.551316426595406],[87.02712226020026,29.552159729004302],[87.02567626953191,29.553838127984363],[87.02325575086866,29.554756639269044],[87.02191718207513,29.557772047255185],[87.02256659613766,29.56133226182766],[87.02310655382018,29.56254221598357],[87.0243158637158,29.562906324598885],[87.02480943467947,29.564012451172232],[87.02596327039993,29.564105190701355],[87.0269691297749,29.56293762207065],[87.02833102756125,29.562527567546],[87.0292952473963,29.560799492730382],[87.02903808593817,29.559572991265554],[87.02848253038258,29.55857727050818],[87.02939398871575,29.556960754394936],[87.03262342664988,29.55579060872435],[87.03365885416736,29.552801784939618],[87.03370171441031,29.548565334744353],[87.034038085938,29.547649230957404]]]}},{"type":"Feature","id":"hydrolakes:176315","properties":{"Hylak_id":176315,"Lake_name":"","Country":"China","Continent":"Asia","Poly_src":"SWBD","Lake_type":1,"Grand_id":0,"Lake_area":2.02,"Shore_len":11.84,"Shore_dev":2.35,"Vol_total":2.56,"Vol_res":0.0,"Vol_src":3,"Depth_avg":1.3,"Dis_avg":8.737,"Res_time":3.4,"Elevation":4749,"Slope_100":0.51,"Wshd_area":1774.6,"Pour_long":86.272842,"Pour_lat":29.545177,"source_id":"hydrolakes:176315","label":""},"geometry":{"type":"Polygon","coordinates":[[[86.26528198242238,29.568531155056803],[86.26628404405432,29.56817162407816],[86.26782294379393,29.568263380263033],[86.2684364149311,29.567715216743125],[86.27011610243119,29.565383368598532],[86.27006564670188,29.56349327935169],[86.27104546441018,29.562617831760406],[86.27101318359428,29.56014628092487],[86.26988878038253,29.559630194770364],[86.26978732638935,29.557929212782483],[86.27096435546935,29.55756574842701],[86.27069498697966,29.556205478244806],[86.26853149414109,29.555626017253132],[86.26688652886327,29.55651997884155],[86.26542453342057,29.55620052761543],[86.26574625651091,29.554887830946598],[86.26707790798673,29.55298146565798],[86.26745225694503,29.55137237548871],[86.26832845052132,29.55058949788446],[86.26739637586849,29.54925516764365],[86.26897745768298,29.548529527452672],[86.27080308702307,29.546976521810336],[86.27314765082514,29.54583465576212],[86.2750127495666,29.54677320692315],[86.27691636827302,29.546886664496867],[86.27850694444498,29.544834221734277],[86.27410563151102,29.544897867838927],[86.27305555555603,29.544166666667138],[86.27191379123337,29.544379781087628],[86.26896904839458,29.54602556016755],[86.2684667968756,29.54712002224437],[86.26603366427997,29.548236762153067],[86.26414591471399,29.552249111599792],[86.26216105143277,29.55286197238553],[86.26012030707506,29.555392930772996],[86.25814846462714,29.555510457357116],[86.25636054145008,29.554868910048185],[86.25570231119838,29.55668938530863],[86.25613050672786,29.558253309462145],[86.25928453233547,29.560351765950884],[86.25934312608553,29.559369337294243],[86.25848008897628,29.557294209798556],[86.25966729058223,29.556813354492533],[86.26035820855088,29.557591484918078],[86.26088053385479,29.56102518717489],[86.26014594184062,29.56184736463797],[86.25876071506121,29.56176479763502],[86.25862670898493,29.56401214599657],[86.25929239908902,29.5640518188481],[86.26067342122445,29.56298156738319],[86.26071180555618,29.563624267578575],[86.2595912000873,29.565228610568965],[86.25995713975749,29.566665310330222],[86.26143798828184,29.567699720594987],[86.26284586588582,29.566934712728255],[86.26429768880269,29.567601114909223],[86.26402615017423,29.568511589898492],[86.26181342230961,29.569918924967737],[86.26220092773497,29.57107679579036],[86.26473782009595,29.570293409559838],[86.26528198242238,29.568531155056803]]]}},{"type":"Feature","id":"hydrolakes:176328","properties":{"Hylak_id":176328,"Lake_name":"","Country":"China","Continent":"Asia","Poly_src":"SWBD","Lake_type":1,"Grand_id":0,"Lake_area":6.03,"Shore_len":22.35,"Shore_dev":2.57,"Vol_total":25.71,"Vol_res":0.0,"Vol_src":3,"Depth_avg":4.3,"Dis_avg":1.337,"Res_time":222.6,"Elevation":4759,"Slope_100":1.46,"Wshd_area":183.0,"Pour_long":86.244965,"Pour_lat":29.492348,"source_id":"hydrolakes:176328","label":""},"geometry":{"type":"Polygon","coordinates":[[[86.24527994791742,29.486991305881475],[86.24678195529577,29.48480858696871],[86.24391750759628,29.482154608832957],[86.24123942057349,29.480566134983064],[86.237994791667,29.47807800293009],[86.23381252712727,29.47376251220743],[86.23264417860298,29.468416307237817],[86.23346693250909,29.466749640571095],[86.23286905924522,29.465619676378424],[86.23232204861159,29.465112915039413],[86.23051405164978,29.46512624104861],[86.23006564670197,29.4627777099613],[86.22765394422822,29.46231726752427],[86.226255289714,29.46124471028685],[86.22478474934945,29.460977511936107],[86.22256564670187,29.463252088759077],[86.22083699544311,29.463183593750387],[86.21900146484421,29.46177598741366],[86.21902072482686,29.46065619574705],[86.2176493326827,29.46071055094444],[86.21511800130281,29.459138387044675],[86.21515055338602,29.458317464193044],[86.21708455403711,29.457856750488645],[86.21791137695351,29.45723314073399],[86.21610053168456,29.454871690538596],[86.21538289388081,29.453351203071122],[86.21544175889812,29.451867777506948],[86.21478759765682,29.44963334825343],[86.21279947916713,29.447921956380583],[86.21008300781307,29.449300265842396],[86.20929009331655,29.448444586860205],[86.20931559244838,29.447803073459568],[86.21059407552144,29.44697750515462],[86.21302110460118,29.446514146593245],[86.2144436306429,29.444978841146167],[86.21379448784785,29.444377441406687],[86.21161119249172,29.44571428087056],[86.21070922851618,29.445678507487457],[86.20781765408049,29.447075534397243],[86.20638129340324,29.445525275336706],[86.2067868381082,29.44174987793008],[86.20388888888942,29.43972222222277],[86.20242255316896,29.439922620985783],[86.20044501410644,29.442727695041754],[86.19893120659776,29.443705240885834],[86.19784857855961,29.445546807183575],[86.19862440321242,29.447435709635783],[86.19616848415853,29.44821326361813],[86.19487928602484,29.448895467122895],[86.19613783094678,29.45095096164323],[86.19721123589466,29.451800265842394],[86.1996256510422,29.449948866102773],[86.20149590386347,29.44906619601818],[86.20366034613761,29.448755289713972],[86.20675075954921,29.45002468533022],[86.20785169813428,29.4512128702803],[86.20830552842938,29.45500549316455],[86.2073452419711,29.456820339627143],[86.20737345377665,29.457532687717446],[86.21021104600754,29.457920498318572],[86.21183241102477,29.45848880344016],[86.21178276909762,29.459742126465244],[86.2157864040804,29.461272142198766],[86.21763766818651,29.46314229329471],[86.2189131673183,29.465679151747395],[86.21822062174527,29.466987982856267],[86.21969740125928,29.467684936523824],[86.22206976996586,29.470075344509894],[86.21974107530451,29.471619330512567],[86.21815890842055,29.4709775119361],[86.21594224717927,29.472855428060313],[86.21593492296063,29.47510728624161],[86.2177269151482,29.47717342800604],[86.222606336806,29.47706810845324],[86.22410210503523,29.477460055881465],[86.22541137695356,29.47854855007631],[86.22403306749197,29.480033671061676],[86.2248909505214,29.481280348036364],[86.22653306749174,29.481800265842423],[86.22791137695367,29.482921956380608],[86.2285967339414,29.483189154731406],[86.23041137695373,29.48207804362022],[86.23136054145027,29.48181084526948],[86.23242377387197,29.484978841146187],[86.2329725477436,29.485411376953493],[86.23480265299543,29.48444298638276],[86.23563951280437,29.486216159397088],[86.23602810329919,29.486522488064622],[86.23722222222267,29.48523373074039],[86.23816297743105,29.48624905056471],[86.23987698025235,29.486822035048192],[86.23988199869848,29.488305630154514],[86.24125528971405,29.48957804362027],[86.24155748155442,29.49147525363537],[86.2436872016064,29.49198255750906],[86.24455050998307,29.49291429307766],[86.24553697374188,29.49318915473134],[86.2459669325093,29.49174964057113],[86.24497572157185,29.489876403808978],[86.24576700846404,29.48838104248091],[86.24527994791742,29.486991305881475]]]}},{"type":"Feature","id":"hydrolakes:176372","properties":{"Hylak_id":176372,"Lake_name":"","Country":"China","Continent":"Asia","Poly_src":"SWBD","Lake_type":1,"Grand_id":0,"Lake_area":1.02,"Shore_len":7.95,"Shore_dev":2.22,"Vol_total":7.14,"Vol_res":0.0,"Vol_src":3,"Depth_avg":7.0,"Dis_avg":449.801,"Res_time":0.2,"Elevation":3933,"Slope_100":4.85,"Wshd_area":51158.2,"Pour_long":87.925324,"Pour_lat":29.352752,"source_id":"hydrolakes:176372","label":""},"geometry":{"type":"Polygon","coordinates":[[[87.92364583333404,29.351448364258147],[87.92278157552141,29.350515611437004],[87.9223665364591,29.34869411892396],[87.92292561849035,29.347637532552426],[87.92042995876812,29.344855075412738],[87.91185004340338,29.34488688151083],[87.91032307942766,29.344259643555176],[87.90944444444517,29.343311292860562],[87.90903266059104,29.343755696615062],[87.90762261284777,29.34374382866804],[87.90764675564293,29.343133544922296],[87.90541558159794,29.343221978081942],[87.9052777777784,29.342500000000427],[87.90318901909785,29.342633599175826],[87.90235080295196,29.343210517036084],[87.90180094401097,29.343188747830254],[87.90057128906307,29.343839450412702],[87.90014431423685,29.345070054796395],[87.90156467013952,29.345987277561278],[87.90235080295196,29.34595614963149],[87.90321994357714,29.34655429416273],[87.9045879448791,29.3465334743928],[87.90519232855974,29.34621358235711],[87.90625461154582,29.346255696614946],[87.90680013020904,29.345966932509157],[87.9091848415805,29.34569973415836],[87.90957790798677,29.34653306749169],[87.91070909288271,29.347687649197383],[87.91070231119863,29.34881089952296],[87.91134629991376,29.35002794053861],[87.91890299479235,29.350898030599296],[87.91967556423685,29.351306898329312],[87.9215188259555,29.351233859592412],[87.92441758897644,29.353239542643564],[87.92571072048673,29.35318827311238],[87.92568250868118,29.352478841146194],[87.92364583333404,29.351448364258147]],[[87.91765028211859,29.346980997721687],[87.91888888888951,29.345833333333758],[87.91902832031309,29.34627360026076],[87.92163899739643,29.347505764431844],[87.92149224175421,29.34846693250904],[87.92097764757011,29.34791137695362],[87.92042209201463,29.347811482747716],[87.92129150390684,29.34907531738321],[87.92002848307368,29.349578043620113],[87.91947943793463,29.347844238281596],[87.91765028211859,29.346980997721687]]]}},{"type":"Feature","id":"hydrolakes:176421","properties":{"Hylak_id":176421,"Lake_name":"","Country":"China","Continent":"Asia","Poly_src":"SWBD","Lake_type":1,"Grand_id":0,"Lake_area":8.03,"Shore_len":13.7,"Shore_dev":1.36,"Vol_total":142.61,"Vol_res":0.0,"Vol_src":3,"Depth_avg":17.8,"Dis_avg":0.109,"Res_time":15143.1,"Elevation":4291,"Slope_100":7.08,"Wshd_area":48.5,"Pour_long":87.413264,"Pour_lat":29.207092,"source_id":"hydrolakes:176421","label":""},"geometry":{"type":"Polygon","coordinates":[[[87.3951646592887,29.21457804362018],[87.3956995985248,29.213444892035966],[87.3977796766498,29.213527357313808],[87.39877387152836,29.21317891438855],[87.39956841362914,29.21321038140229],[87.40063666449709,29.21264512803856],[87.40190239800398,29.212366400825033],[87.40414360894152,29.21295376247872],[87.40535780164998,29.21359612358981],[87.40992784288278,29.214220716688885],[87.41207790798683,29.212355821397978],[87.41339898003537,29.2117323811853],[87.41421006944518,29.21001390245266],[87.41624457465338,29.208901774089043],[87.41426079644168,29.207735460069784],[87.41341200086862,29.20642089843784],[87.41261203342094,29.205679660373676],[87.41264675564298,29.204802856445838],[87.41347764757,29.204033067491707],[87.41377468533051,29.20340318467919],[87.41377604166718,29.20156195746563],[87.41338595920189,29.20082465277818],[87.41292182074721,29.19791097005242],[87.41236246744842,29.197933146159244],[87.4115313042542,29.196519436306914],[87.40952745225746,29.19707804362025],[87.40773844401093,29.19625528971386],[87.39968858507007,29.19707804362025],[87.39847764757002,29.196244710286805],[87.39508653428874,29.195113457574223],[87.3936892361117,29.19513095431904],[87.39254855685829,29.194527520074246],[87.39075303819499,29.194997965495133],[87.39042209201455,29.195699734158325],[87.38897189670206,29.19707804362025],[87.38780192057351,29.19645894368523],[87.38425672743114,29.192902086046445],[87.38347059461859,29.192933281792875],[87.38333333333401,29.192500000000337],[87.37846733941046,29.19263319227474],[87.37668240017422,29.195009629991773],[87.37333848741389,29.195647989909332],[87.37230767144155,29.195102471246003],[87.37096788194526,29.195133192274625],[87.36920057508746,29.195752699110585],[87.36837727864645,29.19664130316886],[87.36965250651093,29.20045633951861],[87.36900607638961,29.203341200087152],[87.36905436197975,29.20455776638488],[87.36808186849021,29.20622714572528],[87.36847791883747,29.20735690646734],[87.36841335720555,29.208983493381425],[87.36890272352485,29.20943678114196],[87.37741699218799,29.210966932509052],[87.3788582356778,29.209493340386757],[87.38196072048669,29.207941012912727],[87.38382297092085,29.20995096842489],[87.38319986979229,29.212037624783306],[87.38505560980963,29.21239196777384],[87.38814100477481,29.21239752875465],[87.38874810112918,29.21207621256542],[87.39018663194514,29.212453070747017],[87.39255398220536,29.21426845974429],[87.3951646592887,29.21457804362018]]]}},{"type":"Feature","id":"hydrolakes:176441","properties":{"Hylak_id":176441,"Lake_name":"","Country":"China","Continent":"Asia","Poly_src":"SWBD","Lake_type":1,"Grand_id":0,"Lake_area":2.67,"Shore_len":8.14,"Shore_dev":1.4,"Vol_total":12.93,"Vol_res":0.0,"Vol_src":3,"Depth_avg":4.8,"Dis_avg":3.788,"Res_time":39.5,"Elevation":4541,"Slope_100":2.24,"Wshd_area":124.0,"Pour_long":85.082791,"Pour_lat":29.103627,"source_id":"hydrolakes:176441","label":""},"geometry":{"type":"Polygon","coordinates":[[[85.10006321377273,29.108358900282497],[85.10113620334238,29.10614725748735],[85.10291388617662,29.105691663954474],[85.10838083903047,29.105205485026488],[85.10963070339659,29.10435824924076],[85.11143707275431,29.103917914496833],[85.11180999755913,29.103193969727045],[85.11014744228822,29.100882297092483],[85.11286174350369,29.098274468316447],[85.11110018412313,29.097671508789404],[85.10712029351174,29.098823242187905],[85.10460158454083,29.09820922851594],[85.10263610839888,29.095975002712976],[85.10236389160212,29.095136108398833],[85.10166666666714,29.09416666666698],[85.10011636522114,29.094304538303277],[85.09831105550171,29.095234510634157],[85.09567671034102,29.095748833550658],[85.09375278049095,29.097363891601958],[85.08981895446817,29.098362019857177],[85.08795761956173,29.09926506890224],[85.08597500271321,29.100975002713028],[85.08014166937983,29.104845513238217],[85.08119500054306,29.105412733290336],[85.08345018174947,29.105083143446507],[85.08569722493525,29.1059694417321],[85.08732690599277,29.10707411024339],[85.0905267588301,29.106499633789383],[85.09564663357253,29.106857503255583],[85.09666249593153,29.108406914605496],[85.09844232347308,29.10930277506543],[85.10006321377273,29.108358900282497]]]}},{"type":"Feature","id":"hydrolakes:176443","properties":{"Hylak_id":176443,"Lake_name":"","Country":"China","Continent":"Asia","Poly_src":"SWBD","Lake_type":1,"Grand_id":0,"Lake_area":1.67,"Shore_len":5.36,"Shore_dev":1.17,"Vol_total":6.03,"Vol_res":0.0,"Vol_src":3,"Depth_avg":3.6,"Dis_avg":3.135,"Res_time":22.3,"Elevation":4605,"Slope_100":1.88,"Wshd_area":102.3,"Pour_long":85.193186,"Pour_lat":29.088689,"source_id":"hydrolakes:176443","label":""},"geometry":{"type":"Polygon","coordinates":[[[85.1900278049049,29.090226643880612],[85.19361231486045,29.089831407335396],[85.19401492648689,29.08845940483974],[85.19478157891217,29.087394137912668],[85.19569595336964,29.085285780165293],[85.1993950907393,29.082822808160074],[85.19927520751986,29.081646728516034],[85.1986343722877,29.08052781846834],[85.19798534817204,29.07998874240485],[85.19677003648599,29.078278062608888],[85.19555555555604,29.07722222222253],[85.19334737141963,29.077355007595884],[85.19095937093152,29.07818162706201],[85.18594931708475,29.08252610948381],[85.18256417168544,29.082058376736597],[85.18079243977905,29.08272413465744],[85.18010538737013,29.083837958442246],[85.18025288899781,29.08528503418006],[85.18109688652925,29.088303765191313],[85.18225687662795,29.088806830512453],[85.18353257921046,29.088327501085416],[85.18674574110298,29.089863552517727],[85.18827131483323,29.090201822917038],[85.1900278049049,29.090226643880612]]]}},{"type":"Feature","id":"hydrolakes:176507","properties":{"Hylak_id":176507,"Lake_name":"","Country":"China","Continent":"Asia","Poly_src":"SWBD","Lake_type":1,"Grand_id":0,"Lake_area":2.72,"Shore_len":7.04,"Shore_dev":1.21,"Vol_total":44.78,"Vol_res":0.0,"Vol_src":3,"Depth_avg":16.5,"Dis_avg":0.229,"Res_time":2263.2,"Elevation":5319,"Slope_100":9.49,"Wshd_area":33.9,"Pour_long":86.518072,"Pour_lat":28.842797,"source_id":"hydrolakes:176507","label":""},"geometry":{"type":"Polygon","coordinates":[[[86.53068657769148,28.822091200087186],[86.52929768880261,28.822075466580316],[86.52792453342062,28.82264675564278],[86.52562662760477,28.823004828559306],[86.52247626410639,28.824581027561067],[86.51836642795189,28.824966769748585],[86.51742648654562,28.827804497613215],[86.5140574815544,28.832073296441422],[86.51371107313417,28.834662407769486],[86.51181342230956,28.836358100043753],[86.51209554036524,28.83744588216183],[86.51341484917583,28.83862481011323],[86.5178615993928,28.844849039713893],[86.52161716037392,28.839682210286867],[86.52353881835995,28.83923502604199],[86.52421956380272,28.837751600477816],[86.5247337510857,28.837176242404894],[86.52737345377659,28.834952799479538],[86.53029703776099,28.83156073676247],[86.5325372992628,28.82955905490485],[86.53309733072962,28.827998453776388],[86.53254909939301,28.82595160590307],[86.53265950520876,28.82409762912357],[86.5322639973964,28.823235948351055],[86.53068657769148,28.822091200087186]]]}},{"type":"Feature","id":"hydrolakes:176509","properties":{"Hylak_id":176509,"Lake_name":"","Country":"China","Continent":"Asia","Poly_src":"SWBD","Lake_type":1,"Grand_id":0,"Lake_area":1.18,"Shore_len":5.83,"Shore_dev":1.51,"Vol_total":13.34,"Vol_res":0.0,"Vol_src":3,"Depth_avg":11.3,"Dis_avg":0.139,"Res_time":1110.4,"Elevation":5296,"Slope_100":8.12,"Wshd_area":27.8,"Pour_long":87.561458,"Pour_lat":28.838843,"source_id":"hydrolakes:176509","label":""},"geometry":{"type":"Polygon","coordinates":[[[87.56425754123319,28.841026068793838],[87.56439588758741,28.839668511285026],[87.5632489691846,28.838219129774814],[87.56501546224018,28.83790432400218],[87.56474799262219,28.835277777778174],[87.5650477430562,28.832336290147907],[87.56418755425403,28.831300862630542],[87.56171820746584,28.830229899088863],[87.55935112847277,28.82657484266531],[87.55837863498334,28.823261176215624],[87.55666666666724,28.821111111111577],[87.55520887586857,28.821297607422196],[87.55443440755278,28.824594726562907],[87.55490342881996,28.82774468316012],[87.55558132595559,28.828307698568153],[87.55605984158058,28.83099256727462],[87.5568931749138,28.83199584960977],[87.55873725043466,28.833527696397994],[87.55848497178886,28.834040662977714],[87.55751654730966,28.834637993706906],[87.55823323567762,28.840333387587123],[87.55958333333399,28.840710856120154],[87.5615831163201,28.840151774088838],[87.56380967881995,28.841514892578402],[87.56425754123319,28.841026068793838]]]}},{"type":"Feature","id":"hydrolakes:176579","properties":{"Hylak_id":176579,"Lake_name":"","Country":"China","Continent":"Asia","Poly_src":"SWBD","Lake_type":1,"Grand_id":0,"Lake_area":2.18,"Shore_len":7.99,"Shore_dev":1.52,"Vol_total":28.36,"Vol_res":0.0,"Vol_src":3,"Depth_avg":13.0,"Dis_avg":0.305,"Res_time":1076.3,"Elevation":4643,"Slope_100":7.75,"Wshd_area":14.3,"Pour_long":85.955197,"Pour_lat":28.688113,"source_id":"hydrolakes:176579","label":""},"geometry":{"type":"Polygon","coordinates":[[[85.95874220106379,28.68735324435795],[85.96090623643715,28.68694932725731],[85.96241577148481,28.687349582248544],[85.96410122341621,28.685732286241603],[85.96542446560369,28.685424533420417],[85.96596442328632,28.685057915581865],[85.96540459526949,28.684027777778056],[85.96610487196233,28.681749674479533],[85.96554206000485,28.680713975694857],[85.9611111111115,28.67972222222255],[85.95463460286504,28.67993259006107],[85.9528837076827,28.681289469401406],[85.95071506076437,28.681160210503833],[85.94787136501776,28.681871066623614],[85.94590454101609,28.683544243706933],[85.94209113227038,28.68486897786505],[85.9404505072705,28.685175103081917],[85.94014668782592,28.686879611545464],[85.94338094075562,28.686686876085446],[85.94411017523942,28.687502983941272],[85.9474308268235,28.68860758463569],[85.9481866455082,28.689664306640964],[85.94709113227037,28.692091200087077],[85.94537068684934,28.693243950738292],[85.94481486002655,28.695044080946502],[85.94398681640672,28.695424126519413],[85.9440387641065,28.696295301649684],[85.9460185411246,28.69755438910613],[85.94808071560368,28.696814507378804],[85.95030782063844,28.695258924696475],[85.95151997884153,28.692353244357946],[85.95283304850324,28.690229220920457],[85.95593092176688,28.68825900607675],[85.95874220106379,28.68735324435795]]]}},{"type":"Feature","id":"hydrolakes:176598","properties":{"Hylak_id":176598,"Lake_name":"","Country":"China","Continent":"Asia","Poly_src":"SWBD","Lake_type":1,"Grand_id":0,"Lake_area":1.06,"Shore_len":4.91,"Shore_dev":1.35,"Vol_total":22.54,"Vol_res":0.0,"Vol_src":3,"Depth_avg":21.3,"Dis_avg":1.271,"Res_time":205.3,"Elevation":5127,"Slope_100":17.86,"Wshd_area":40.0,"Pour_long":85.516938,"Pour_lat":28.629458,"source_id":"hydrolakes:176598","label":""},"geometry":{"type":"Polygon","coordinates":[[[85.50380608452747,28.61686957465315],[85.50361111111158,28.61666666666696],[85.50237297905869,28.617068413628942],[85.50170030381986,28.618419867621867],[85.50041944715753,28.618835584852775],[85.5012793307838,28.620443250868334],[85.5034694417322,28.62180826822953],[85.50815697564059,28.62371948242219],[85.51029168023041,28.62577039930585],[85.51178493923658,28.628733045790284],[85.51353814019149,28.629796278212098],[85.51611416286931,28.630541720920405],[85.51735741509378,28.629347195095818],[85.51738667806029,28.627913953993357],[85.51520833333376,28.62582112630247],[85.51482550727053,28.625077989366673],[85.51488488091405,28.62216796875032],[85.5145861138243,28.621247287326696],[85.51076388888924,28.618872612847497],[85.50723832872234,28.61742838541693],[85.50380608452747,28.61686957465315]]]}},{"type":"Feature","id":"hydrolakes:176615","properties":{"Hylak_id":176615,"Lake_name":"","Country":"China","Continent":"Asia","Poly_src":"SWBD","Lake_type":1,"Grand_id":0,"Lake_area":5.02,"Shore_len":12.04,"Shore_dev":1.52,"Vol_total":150.63,"Vol_res":0.0,"Vol_src":3,"Depth_avg":30.0,"Dis_avg":0.745,"Res_time":2340.1,"Elevation":5352,"Slope_100":15.49,"Wshd_area":23.2,"Pour_long":85.629907,"Pour_lat":28.527707,"source_id":"hydrolakes:176615","label":""},"geometry":{"type":"Polygon","coordinates":[[[85.6065714518233,28.540640597873562],[85.60899753146742,28.53963161892392],[85.61103461371579,28.539251302083642],[85.61281480577298,28.53927029079898],[85.61634643554731,28.537524142795576],[85.61792873806468,28.53622585720518],[85.61870442708374,28.53627210829029],[85.62098002115943,28.53570231119818],[85.62264668782592,28.5351467556427],[85.62411370171486,28.534349500868416],[85.62501241048233,28.53293646918445],[85.62625779893722,28.532646755642816],[85.62931335449258,28.530702311198354],[85.62960571289108,28.530375027127093],[85.62952582465317,28.52903537326415],[85.63066351996588,28.528683946397905],[85.630964423286,28.5270994737416],[85.62711832682339,28.524949951172232],[85.62574361165423,28.52341132269993],[85.62457628038231,28.52348090277809],[85.62361111111153,28.52277777777806],[85.62116828070788,28.522986246745234],[85.61736891004813,28.524591200087116],[85.61168762207075,28.526267768012474],[85.60776807997007,28.526150037977857],[85.60403557671498,28.524853244357985],[85.60165310329921,28.524482014974296],[85.5995888943147,28.523741455078437],[85.59840325249615,28.523812120225955],[85.59792446560374,28.524885525174],[85.5987347412115,28.524837239583746],[85.60098002115933,28.526242133246967],[85.6013309054909,28.52812215169297],[85.60315619574703,28.52975301106801],[85.60363037109437,28.530785997179123],[85.60252400716189,28.532213677300774],[85.60061347113759,28.53263102213566],[85.59924852159338,28.5318893771705],[85.59678656684082,28.53142985026068],[85.59682590060805,28.53077012803857],[85.5954079861117,28.529868299696545],[85.59545403374608,28.52909545898484],[85.5940804714632,28.528757866753892],[85.59261115180158,28.52989651150216],[85.59040886773067,28.530408799913516],[85.58959282769149,28.531197102864894],[85.58903523763064,28.532647569444805],[85.58807122124603,28.532654486762453],[85.58821011013498,28.53637383355067],[85.59046583387646,28.537808430989912],[85.59209113227035,28.53818657769125],[85.59377136230523,28.539565294054285],[85.5966189914285,28.53986192491351],[85.59834716796917,28.540482042101132],[85.59981553819483,28.540394558377045],[85.60217237684498,28.541310492621847],[85.6065714518233,28.540640597873562]]]}},{"type":"Feature","id":"hydrolakes:176618","properties":{"Hylak_id":176618,"Lake_name":"","Country":"China","Continent":"Asia","Poly_src":"SWBD","Lake_type":1,"Grand_id":0,"Lake_area":4.35,"Shore_len":13.83,"Shore_dev":1.87,"Vol_total":131.42,"Vol_res":0.0,"Vol_src":3,"Depth_avg":30.2,"Dis_avg":1.687,"Res_time":901.7,"Elevation":5278,"Slope_100":16.42,"Wshd_area":48.5,"Pour_long":85.652083,"Pour_lat":28.518093,"source_id":"hydrolakes:176618","label":""},"geometry":{"type":"Polygon","coordinates":[[[85.65117228190144,28.520166151259048],[85.65318990071671,28.518735622830206],[85.65485080295178,28.51919013129367],[85.65296563042591,28.51683851454021],[85.65260152181042,28.51381334092906],[85.65298889160198,28.51275851779542],[85.6523149956601,28.51029622395862],[85.65241597493548,28.50903957790831],[85.65083468967055,28.5055722384987],[85.64955688476601,28.5039405653215],[85.64966159396738,28.502636990017663],[85.6489462619362,28.501033799913557],[85.64775004069048,28.499645453559367],[85.6460980224615,28.498459201389096],[85.64405944824261,28.494649251302405],[85.64282233344221,28.493959011502056],[85.64082865397171,28.493358832465617],[85.63948900010888,28.491350368923918],[85.6374970160594,28.48930704752638],[85.63015916612471,28.483308105469064],[85.63020541720965,28.481671956380467],[85.62886413574256,28.480115152995154],[85.62653408474449,28.47907538520002],[85.62475206163242,28.476310356988108],[85.623767564562,28.47587103949678],[85.62176032172346,28.473541259765966],[85.61833333333374,28.473055555555845],[85.61694498697966,28.4738559299048],[85.61609619140683,28.47505316840312],[85.61500671386756,28.477640109592357],[85.61686584472699,28.47897501627631],[85.62090616862025,28.482506510417068],[85.62248168945354,28.48502197265651],[85.62569688585114,28.4868756781687],[85.62776380750927,28.491563313802374],[85.62991617838583,28.493089463976105],[85.63573337131123,28.49641628689284],[85.63664530436239,28.498819444444734],[85.63855102539111,28.500627712673918],[85.64207302517411,28.505704752604515],[85.64371242947084,28.507619222005587],[85.64570475260456,28.51096191406282],[85.64611280653247,28.51231716579889],[85.64842393663235,28.516931694878906],[85.65014919704907,28.519017469618404],[85.65064276801257,28.52012356228329],[85.65117228190144,28.520166151259048]]]}},{"type":"Feature","id":"hydrolakes:176623","properties":{"Hylak_id":176623,"Lake_name":"","Country":"China","Continent":"Asia","Poly_src":"SWBD","Lake_type":1,"Grand_id":0,"Lake_area":1.43,"Shore_len":4.7,"Shore_dev":1.11,"Vol_total":12.19,"Vol_res":0.0,"Vol_src":3,"Depth_avg":8.6,"Dis_avg":1.777,"Res_time":79.4,"Elevation":4177,"Slope_100":5.49,"Wshd_area":104.7,"Pour_long":87.45231,"Pour_lat":28.491541,"source_id":"hydrolakes:176623","label":""},"geometry":{"type":"Polygon","coordinates":[[[87.45276204427142,28.49168226454026],[87.4525000000005,28.49138888888922],[87.45112928602498,28.491572265625337],[87.44953857421928,28.49268337673658],[87.44666666666723,28.493570285373607],[87.44570502387211,28.494946967231158],[87.44691514757,28.497174207899604],[87.4473689778651,28.499297688802358],[87.44767333984424,28.502865261501995],[87.44848008897634,28.504019911024557],[87.44881429036508,28.50651991102461],[87.45293050130294,28.50619072808189],[87.45436984592061,28.50507514105942],[87.45743462456653,28.503472629123564],[87.45928249783049,28.501652018229436],[87.4580579969624,28.499398735894374],[87.45764675564283,28.497631022135863],[87.45708333333386,28.49650282118091],[87.4546137152783,28.493336724175776],[87.45276204427142,28.49168226454026]]]}},{"type":"Feature","id":"hydrolakes:176633","properties":{"Hylak_id":176633,"Lake_name":"","Country":"China","Continent":"Asia","Poly_src":"SWBD","Lake_type":1,"Grand_id":0,"Lake_area":2.53,"Shore_len":9.78,"Shore_dev":1.73,"Vol_total":13.55,"Vol_res":0.0,"Vol_src":3,"Depth_avg":5.3,"Dis_avg":0.825,"Res_time":190.0,"Elevation":4712,"Slope_100":2.58,"Wshd_area":176.2,"Pour_long":89.058617,"Pour_lat":28.416986,"source_id":"hydrolakes:176633","label":""},"geometry":{"type":"Polygon","coordinates":[[[89.07318657769179,28.384868977864926],[89.0721462673618,28.384891899956926],[89.06908908420206,28.386167263455206],[89.06709635416746,28.38755927191869],[89.06521674262223,28.388139784071427],[89.06432291666749,28.388938259548866],[89.06264675564302,28.39320231119825],[89.06121039496594,28.39489067925382],[89.06129150390711,28.39625149197076],[89.05973849826466,28.396541341146076],[89.05856526692787,28.3983862304691],[89.05736897786522,28.399313422309376],[89.05631835937567,28.399637858073277],[89.05490831163274,28.402116563585366],[89.0538897026916,28.406172688802428],[89.05435058593832,28.407457139757298],[89.05400363498347,28.410420600043665],[89.05153564453195,28.413250189887435],[89.0518880208341,28.415799560547157],[89.05248263888956,28.417095133463874],[89.05468098958409,28.417883843316304],[89.05754394531334,28.418264567057577],[89.05901068793486,28.416953938802408],[89.05912841796953,28.414979519314556],[89.05771999783059,28.41238769531276],[89.05818657769191,28.407908799913628],[89.05931342230969,28.40653564453163],[89.05969699435826,28.405293375651354],[89.0631193033862,28.403002658420405],[89.06346923828193,28.40149956597253],[89.06640706380273,28.4008161078562],[89.06820231119872,28.398757866753897],[89.0702888997402,28.395796576606244],[89.06980414496604,28.39352783203151],[89.07070231119872,28.39236897786492],[89.0715668402787,28.390657416449926],[89.07148980034799,28.389364556206942],[89.07225287543469,28.388510470920437],[89.07396104600775,28.38772650824683],[89.07498426649369,28.386071370443062],[89.07318657769179,28.384868977864926]]]}},{"type":"Feature","id":"hydrolakes:176637","properties":{"Hylak_id":176637,"Lake_name":"","Country":"China","Continent":"Asia","Poly_src":"SWBD","Lake_type":1,"Grand_id":0,"Lake_area":3.65,"Shore_len":11.84,"Shore_dev":1.75,"Vol_total":127.44,"Vol_res":0.0,"Vol_src":3,"Depth_avg":34.9,"Dis_avg":1.108,"Res_time":1331.2,"Elevation":5346,"Slope_100":20.73,"Wshd_area":47.8,"Pour_long":86.318518,"Pour_lat":28.393785,"source_id":"hydrolakes:176637","label":""},"geometry":{"type":"Polygon","coordinates":[[[86.29735582139813,28.3529219563805],[86.29620347764802,28.35291707356805],[86.29348470052162,28.354276258680898],[86.2930304633253,28.356447347005542],[86.29403306749174,28.358744710286715],[86.2943444824225,28.36264241536486],[86.29591078016534,28.365200330946436],[86.29870212131124,28.37160210503498],[86.29972303602477,28.37540690104197],[86.30519924587736,28.38413465711841],[86.30695068359432,28.385757514106217],[86.31077473958379,28.390891927083715],[86.31692003038239,28.39791137695346],[86.32041137695359,28.396013726128842],[86.31974460178014,28.393124321831863],[86.31724595811693,28.390297715929194],[86.316310492622,28.38789523654549],[86.31353569878519,28.384292941623585],[86.30734239366365,28.37824856228343],[86.3072961425787,28.375303955078437],[86.30766113281311,28.37426269531278],[86.30720825195385,28.370478515625337],[86.3059880913633,28.36734524197078],[86.30452731662388,28.36522230360282],[86.30377143012203,28.36126288519995],[86.30159613715352,28.35880208333367],[86.30011895073847,28.354194200304164],[86.29847751193626,28.353189154731183],[86.29735582139813,28.3529219563805]]]}},{"type":"Feature","id":"hydrolakes:176641","properties":{"Hylak_id":176641,"Lake_name":"","Country":"China","Continent":"Asia","Poly_src":"SWBD","Lake_type":1,"Grand_id":0,"Lake_area":2.48,"Shore_len":8.08,"Shore_dev":1.45,"Vol_total":51.01,"Vol_res":0.0,"Vol_src":3,"Depth_avg":20.6,"Dis_avg":0.734,"Res_time":804.3,"Elevation":5212,"Slope_100":12.72,"Wshd_area":20.2,"Pour_long":85.892024,"Pour_lat":28.358622,"source_id":"hydrolakes:176641","label":""},"geometry":{"type":"Polygon","coordinates":[[[85.86161560058645,28.36533270941868],[85.8732220458989,28.36514227973123],[85.87754747178872,28.364282769097542],[85.87878628201008,28.3634429253475],[85.87875732421918,28.360752902561046],[85.88108167860298,28.359308268229427],[85.88291388617677,28.360419379340556],[85.88390367296046,28.36074069552984],[85.88504659016968,28.3603493923614],[85.88597181532168,28.36097656250041],[85.88654635959256,28.36068060980938],[85.88817057291709,28.360713840061067],[85.89098124186245,28.35975179036484],[85.89331983778266,28.35786404079886],[85.89374721951015,28.357251654731158],[85.89252658420179,28.355238850911917],[85.89172553168464,28.35604370117221],[85.89069722493531,28.355691731771174],[85.88819166395461,28.35541937934073],[85.88305555555593,28.353333333333637],[85.87976888020893,28.353835991753726],[85.8762472195101,28.35513617621558],[85.87491475423235,28.356147189670423],[85.8740197753911,28.35568617079025],[85.87216491699269,28.355724012587075],[85.87091803656728,28.35656914605073],[85.86742160373319,28.35653510199677],[85.86477064344672,28.35768202039958],[85.86316853841191,28.359324951172198],[85.86139214409769,28.35990139431459],[85.86014166937974,28.361925998264155],[85.86161560058645,28.36533270941868]]]}},{"type":"Feature","id":"hydrolakes:176646","properties":{"Hylak_id":176646,"Lake_name":"","Country":"China","Continent":"Asia","Poly_src":"SWBD","Lake_type":1,"Grand_id":0,"Lake_area":2.12,"Shore_len":6.4,"Shore_dev":1.24,"Vol_total":29.46,"Vol_res":0.0,"Vol_src":3,"Depth_avg":13.9,"Dis_avg":0.343,"Res_time":994.0,"Elevation":5167,"Slope_100":8.45,"Wshd_area":9.4,"Pour_long":85.86174,"Pour_lat":28.330449,"source_id":"hydrolakes:176646","label":""},"geometry":{"type":"Polygon","coordinates":[[[85.8779309082035,28.336404893663655],[85.88040886773058,28.334828830295407],[85.88014668782597,28.334019911024598],[85.8781746419275,28.331376953125243],[85.87598748101186,28.329422743055943],[85.87592298719659,28.328341200087152],[85.87646782769144,28.326307101779776],[85.87401997884155,28.325424533420403],[85.87290886773047,28.32459120008724],[85.87207899305594,28.3234476725263],[85.87152119954487,28.3234809027781],[85.8705973307296,28.322835557726023],[85.86485331217494,28.320980088975944],[85.86222222222267,28.31888888888915],[85.86175448947523,28.319306776258998],[85.86221048990944,28.322304280599212],[85.86181335449265,28.326535644531702],[85.86098002115943,28.330160183377018],[85.86202270507857,28.33231608072947],[85.86502081977034,28.333945312500248],[85.8666908094624,28.33433390299507],[85.86838155110723,28.335252549913434],[85.8705851236985,28.33604329427112],[85.87308390299523,28.33514675564271],[85.8747048611117,28.335428602431023],[85.87566148546057,28.3369327799482],[85.8779309082035,28.336404893663655]]]}},{"type":"Feature","id":"hydrolakes:176648","properties":{"Hylak_id":176648,"Lake_name":"","Country":"China","Continent":"Asia","Poly_src":"SWBD","Lake_type":1,"Grand_id":0,"Lake_area":1.57,"Shore_len":6.37,"Shore_dev":1.43,"Vol_total":5.23,"Vol_res":0.0,"Vol_src":3,"Depth_avg":3.3,"Dis_avg":0.689,"Res_time":87.8,"Elevation":4426,"Slope_100":1.74,"Wshd_area":103.3,"Pour_long":89.438193,"Pour_lat":28.328666,"source_id":"hydrolakes:176648","label":""},"geometry":{"type":"Polygon","coordinates":[[[89.43871934678913,28.328671603732914],[89.43625189887229,28.326300862630603],[89.43596896701462,28.32340847439275],[89.43282579210137,28.32216864691867],[89.43088161892433,28.3229573567711],[89.42782036675413,28.32289482964444],[89.42365668402846,28.321725396050795],[89.42333333333403,28.321388888889317],[89.42091227213643,28.32210761176242],[89.41858832465351,28.32208943684924],[89.4171039496535,28.323095567491578],[89.41636854383756,28.325161946614912],[89.41766303168475,28.325135498047132],[89.41872884114662,28.32624498155417],[89.42156277126804,28.327447916666983],[89.4234057617195,28.326817220052533],[89.42544650607732,28.328191731771142],[89.42652506510484,28.327636176215663],[89.42796278211875,28.32736382378505],[89.4296638997402,28.328240152995136],[89.43041395399376,28.330141601562843],[89.43200900607707,28.331324191623537],[89.43470079210158,28.334444851345836],[89.43609293619875,28.334896647135736],[89.43771755642445,28.334563937717405],[89.43942030165005,28.333686659071418],[89.43895209418469,28.33277777777812],[89.43964762369859,28.331427273220868],[89.43871934678913,28.328671603732914]]]}},{"type":"Feature","id":"hydrolakes:176653","properties":{"Hylak_id":176653,"Lake_name":"","Country":"China","Continent":"Asia","Poly_src":"SWBD","Lake_type":1,"Grand_id":0,"Lake_area":2.65,"Shore_len":8.83,"Shore_dev":1.53,"Vol_total":54.44,"Vol_res":0.0,"Vol_src":3,"Depth_avg":20.5,"Dis_avg":2.028,"Res_time":310.7,"Elevation":5067,"Slope_100":12.41,"Wshd_area":53.9,"Pour_long":85.840871,"Pour_lat":28.302331,"source_id":"hydrolakes:176653","label":""},"geometry":{"type":"Polygon","coordinates":[[[85.84130140516532,28.327725423177355],[85.8424133300785,28.327335611979493],[85.84346415201861,28.32737725151935],[85.84493177625927,28.32618286132839],[85.84593919542141,28.32404812283022],[85.8470529513894,28.32301622178852],[85.84740247938413,28.31936848958361],[85.84659037272178,28.3177218967017],[85.84594577365493,28.31478556315136],[85.84498942057331,28.313899468316265],[85.84373182508745,28.31101440429717],[85.84376274956651,28.310233289930864],[85.84513359917577,28.307890760633995],[85.84402248806498,28.307366400824947],[85.84364854600733,28.305407850477764],[85.84403510199706,28.304305013021178],[85.84273729112459,28.301330973307756],[85.84208502875492,28.300726589627004],[85.8397222222228,28.300277777778092],[85.83928894043021,28.3004149034291],[85.83933173285635,28.301493598090588],[85.83868292914553,28.302719726562827],[85.8381738281256,28.306444769965537],[85.83720981174099,28.307845730251984],[85.83453111436671,28.308497721354456],[85.83249796549535,28.308417154948188],[85.83108757866802,28.308911404080106],[85.83014417860295,28.309779595269333],[85.83569973415837,28.31068915473122],[85.8367065429693,28.311042073568046],[85.83763339572533,28.31531182183204],[85.83592712402384,28.31830647786495],[85.8359642876523,28.320199788411742],[85.83533772786518,28.321383870442958],[85.8326574028867,28.32223239474854],[85.83236640082504,28.323738606771144],[85.83565592447962,28.327364230686214],[85.84130140516532,28.327725423177355]]]}},{"type":"Feature","id":"hydrolakes:176664","properties":{"Hylak_id":176664,"Lake_name":"","Country":"China","Continent":"Asia","Poly_src":"SWBD","Lake_type":1,"Grand_id":0,"Lake_area":1.05,"Shore_len":5.16,"Shore_dev":1.42,"Vol_total":1.15,"Vol_res":0.0,"Vol_src":3,"Depth_avg":1.1,"Dis_avg":0.256,"Res_time":51.9,"Elevation":4422,"Slope_100":0.54,"Wshd_area":35.4,"Pour_long":89.339583,"Pour_lat":28.259767,"source_id":"hydrolakes:176664","label":""},"geometry":{"type":"Polygon","coordinates":[[[89.3446888563376,28.26110188802113],[89.35007242838611,28.26026285807319],[89.35123101128539,28.2589663357208],[89.35068657769165,28.258480088976],[89.35008789062579,28.257011854384018],[89.34814670138974,28.257127549913605],[89.34488444010503,28.254352484809374],[89.34305555555636,28.253888888889207],[89.34091769748352,28.253983154297202],[89.33633544921963,28.256517469618245],[89.33472195095561,28.256892903646076],[89.33333089192786,28.25613701714434],[89.33017605251814,28.25843451605931],[89.32986897786526,28.26054036458362],[89.33339599609445,28.26047010633721],[89.33459120008763,28.259868977864926],[89.3360603841154,28.258730468750457],[89.33661376953205,28.258763427734664],[89.33780843099026,28.26010064019124],[89.33986626519169,28.26137708875899],[89.34204020182364,28.260912543403094],[89.34330322265703,28.26159898546041],[89.3446888563376,28.26110188802113]]]}},{"type":"Feature","id":"hydrolakes:176668","properties":{"Hylak_id":176668,"Lake_name":"","Country":"Bhutan","Continent":"Asia","Poly_src":"SWBD","Lake_type":1,"Grand_id":0,"Lake_area":1.38,"Shore_len":4.99,"Shore_dev":1.2,"Vol_total":34.29,"Vol_res":0.0,"Vol_src":3,"Depth_avg":24.8,"Dis_avg":0.383,"Res_time":1036.2,"Elevation":4921,"Slope_100":19.49,"Wshd_area":28.4,"Pour_long":89.889322,"Pour_lat":28.238673,"source_id":"hydrolakes:176668","label":""},"geometry":{"type":"Polygon","coordinates":[[[89.88735568576476,28.2209775119361],[89.88525933159815,28.220978190104404],[89.88353461371617,28.223986273871958],[89.88321668836898,28.232002766927337],[89.88403320312591,28.23318915473135],[89.88437228732715,28.23567220052115],[89.8859228515633,28.237786051432522],[89.88861490885489,28.239850260416972],[89.88925781250083,28.23987575954891],[89.89038953993128,28.23934176974859],[89.89090332031327,28.238370496962148],[89.89207790798696,28.234124484592257],[89.89172634548697,28.23106621636316],[89.89060438368153,28.227679714627072],[89.89124457465368,28.22523559570351],[89.89052734375082,28.22272393120693],[89.88958875868133,28.22207804362006],[89.88800130208426,28.221575385199912],[89.88735568576476,28.2209775119361]]]}},{"type":"Feature","id":"hydrolakes:176677","properties":{"Hylak_id":176677,"Lake_name":"","Country":"China","Continent":"Asia","Poly_src":"SWBD","Lake_type":1,"Grand_id":0,"Lake_area":1.25,"Shore_len":5.55,"Shore_dev":1.4,"Vol_total":18.45,"Vol_res":0.0,"Vol_src":3,"Depth_avg":14.7,"Dis_avg":2.961,"Res_time":72.1,"Elevation":5094,"Slope_100":10.89,"Wshd_area":120.6,"Pour_long":86.580208,"Pour_lat":28.205743,"source_id":"hydrolakes:176677","label":""},"geometry":{"type":"Polygon","coordinates":[[[86.58151991102471,28.187368977864878],[86.57923163520013,28.187378200955095],[86.57867038302999,28.18894219292565],[86.57879923502657,28.19110324435792],[86.57827636718804,28.193055555555816],[86.57878811306472,28.19496649848122],[86.5783757866759,28.204396430121847],[86.58069946289112,28.208103705512485],[86.58290879991375,28.208235405816254],[86.58153564453187,28.20616034613738],[86.58292453342074,28.205702311198195],[86.58327406141547,28.204570312500266],[86.58403564453175,28.203480088975994],[86.5843043348529,28.202040066189568],[86.58509982638952,28.20132934570347],[86.58556722005261,28.200026584201623],[86.5854832628043,28.196105685764167],[86.58468370225734,28.19418334960966],[86.58451009114634,28.191270751953482],[86.58497016059079,28.189117296007282],[86.58376302083383,28.188274061415257],[86.58188327365508,28.187693549262463],[86.58151991102471,28.187368977864878]]]}},{"type":"Feature","id":"hydrolakes:176692","properties":{"Hylak_id":176692,"Lake_name":"","Country":"China","Continent":"Asia","Poly_src":"SWBD","Lake_type":1,"Grand_id":0,"Lake_area":1.72,"Shore_len":7.67,"Shore_dev":1.65,"Vol_total":29.81,"Vol_res":0.0,"Vol_src":3,"Depth_avg":17.3,"Dis_avg":1.293,"Res_time":266.8,"Elevation":4954,"Slope_100":11.82,"Wshd_area":35.4,"Pour_long":87.664251,"Pour_lat":28.114583,"source_id":"hydrolakes:176692","label":""},"geometry":{"type":"Polygon","coordinates":[[[87.66349853515686,28.118191731771105],[87.6660023329,28.11481377495693],[87.66596761067768,28.113103705512458],[87.66384765625071,28.11047756618956],[87.66027777777845,28.110000000000298],[87.65753173828176,28.110967203776283],[87.65053276909794,28.1112935384117],[87.64880181206655,28.110701090495127],[87.6470860460077,28.11208604600722],[87.64061577691024,28.113213840061064],[87.6389173719624,28.114088812934313],[87.63790337456663,28.11374172634578],[87.63643147786519,28.113771837022853],[87.63467556423666,28.114372829861452],[87.6337364366326,28.113736165364855],[87.63268717447971,28.113757459852764],[87.6332017686641,28.11626966688391],[87.63832655165004,28.116329210069694],[87.63908691406323,28.115937635633998],[87.64604926215361,28.116222873264178],[87.64771511501806,28.11536485460107],[87.64904595269155,28.116266954210516],[87.65311333550409,28.117601453993302],[87.65686821831662,28.118191731771105],[87.66078314887227,28.116851671007225],[87.66235839843802,28.117919379340606],[87.66349853515686,28.118191731771105]]]}},{"type":"Feature","id":"hydrolakes:176706","properties":{"Hylak_id":176706,"Lake_name":"","Country":"India","Continent":"Asia","Poly_src":"SWBD","Lake_type":1,"Grand_id":0,"Lake_area":1.03,"Shore_len":5.03,"Shore_dev":1.4,"Vol_total":11.47,"Vol_res":0.0,"Vol_src":3,"Depth_avg":11.1,"Dis_avg":0.312,"Res_time":425.3,"Elevation":5148,"Slope_100":8.38,"Wshd_area":26.9,"Pour_long":88.710278,"Pour_lat":28.034364,"source_id":"hydrolakes:176706","label":""},"geometry":{"type":"Polygon","coordinates":[[[88.714889865452,28.021470404731247],[88.71472140842076,28.01937120225716],[88.71416205512242,28.01903808593778],[88.71234619140705,28.019704861111336],[88.71056396484443,28.019561631944782],[88.71027777777874,28.018611111111454],[88.70931396484457,28.019317355685985],[88.70569308810843,28.019271918403035],[88.70542697482722,28.01996609158016],[88.7072121853306,28.02367431640647],[88.70703504774366,28.025879041883968],[88.70827039930617,28.029473605686007],[88.709624565973,28.030321858724335],[88.7095537651918,28.031202799479388],[88.70821560329944,28.033089870877006],[88.70876681857709,28.0345905219188],[88.71030164930625,28.03540635850726],[88.71185980902851,28.034536946614878],[88.7125702582473,28.03217759874161],[88.71305474175409,28.031309407552328],[88.71246988932387,28.029716932508904],[88.71376030816054,28.027649197048902],[88.71403320312567,28.026153971354518],[88.7150119357645,28.02439968533014],[88.714482693143,28.02295871310787],[88.714889865452,28.021470404731247]]]}},{"type":"Feature","id":"hydrolakes:176711","properties":{"Hylak_id":176711,"Lake_name":"","Country":"India","Continent":"Asia","Poly_src":"SWBD","Lake_type":1,"Grand_id":0,"Lake_area":1.44,"Shore_len":7.04,"Shore_dev":1.65,"Vol_total":22.87,"Vol_res":0.0,"Vol_src":3,"Depth_avg":15.8,"Dis_avg":0.288,"Res_time":919.0,"Elevation":5303,"Slope_100":11.32,"Wshd_area":27.1,"Pour_long":88.80369,"Pour_lat":27.995205,"source_id":"hydrolakes:176711","label":""},"geometry":{"type":"Polygon","coordinates":[[[88.81512858072995,27.99540635850724],[88.8170936414939,27.9943158637156],[88.81947970920208,27.99227267795169],[88.8227115885424,27.98850463867211],[88.82498318142439,27.984877522786746],[88.82455078125071,27.983699951172184],[88.82277777777858,27.98305555555578],[88.82123969184096,27.98318413628516],[88.81951063368138,27.985479193793708],[88.81844916449717,27.987593722873555],[88.81579427083403,27.988256293403026],[88.81542697482706,27.98715779622421],[88.8171324327264,27.98459025065131],[88.81634250217098,27.98423787434939],[88.81462022569514,27.98492011176245],[88.81376030816068,27.988204752604474],[88.81308892144165,27.989799262153042],[88.81080186632033,27.99134155273464],[88.8087643771708,27.991955023871867],[88.80666910807372,27.994386935764226],[88.80494493272647,27.99490600585966],[88.80398464626819,27.994553358290204],[88.80331732855984,27.994606933594014],[88.80214409722294,27.995968695746797],[88.80312988281315,27.9973590766063],[88.80431586371594,27.99762858072944],[88.80602240668469,27.999090033637458],[88.81114881727495,27.99776719835097],[88.81512858072995,27.99540635850724]]]}},{"type":"Feature","id":"hydrolakes:176716","properties":{"Hylak_id":176716,"Lake_name":"","Country":"China","Continent":"Asia","Poly_src":"SWBD","Lake_type":1,"Grand_id":0,"Lake_area":1.7,"Shore_len":6.01,"Shore_dev":1.3,"Vol_total":10.53,"Vol_res":0.0,"Vol_src":3,"Depth_avg":6.2,"Dis_avg":0.171,"Res_time":712.8,"Elevation":4576,"Slope_100":3.52,"Wshd_area":19.3,"Pour_long":89.390443,"Pour_lat":27.963795,"source_id":"hydrolakes:176716","label":""},"geometry":{"type":"Polygon","coordinates":[[[89.40763102213629,27.957683376736384],[89.40513102213612,27.954868977864862],[89.40479763454948,27.954142523871838],[89.40314317491385,27.955131022135674],[89.40180474175429,27.95363335503498],[89.40030598958413,27.95317057291703],[89.39882541232726,27.95236585829025],[89.39722222222309,27.951944444444734],[89.3962421332472,27.952075466580197],[89.3954245334208,27.952646755642775],[89.39255859375078,27.95337470160615],[89.39264946831679,27.9549018012155],[89.39472601996613,27.95477810329885],[89.39211371527853,27.95711195204018],[89.39098388671943,27.956498074001956],[89.38909640842098,27.958610704210344],[89.3886767578133,27.96085937500027],[89.38903564453193,27.96151991102454],[89.38957600911544,27.964414740668644],[89.3912765842021,27.965740966797114],[89.39318657769184,27.966813422309315],[89.39456081814319,27.967075466580184],[89.397216254341,27.96469590928848],[89.39790879991398,27.96318657769126],[89.4010045030389,27.96093166775205],[89.40264675564305,27.960424533420394],[89.40457546658052,27.959019911024598],[89.40653564453197,27.95875786675373],[89.40763102213629,27.957683376736384]]]}},{"type":"Feature","id":"hydrolakes:176718","properties":{"Hylak_id":176718,"Lake_name":"","Country":"China","Continent":"Asia","Poly_src":"SWBD","Lake_type":1,"Grand_id":0,"Lake_area":2.73,"Shore_len":11.28,"Shore_dev":1.93,"Vol_total":26.52,"Vol_res":0.0,"Vol_src":3,"Depth_avg":9.7,"Dis_avg":0.152,"Res_time":2019.6,"Elevation":4572,"Slope_100":5.09,"Wshd_area":16.7,"Pour_long":89.377821,"Pour_lat":27.944133,"source_id":"hydrolakes:176718","label":""},"geometry":{"type":"Polygon","coordinates":[[[89.39407579210149,27.948409288194682],[89.39765462239666,27.94678900824681],[89.39760253906331,27.94547024197078],[89.39793321397639,27.94484524197071],[89.39849690755278,27.94486762152809],[89.39935248480981,27.943944091797164],[89.39896728515697,27.942102593316235],[89.39597710503551,27.940133192274516],[89.39527262369882,27.940161132812875],[89.39486653645906,27.939300265842235],[89.39427978515693,27.93903306749155],[89.3937554253481,27.940144178602736],[89.39262288411527,27.94067857530416],[89.3920882161467,27.941255696614917],[89.39059027777847,27.941885036892756],[89.38930013020922,27.94291137695342],[89.38847764757031,27.94460923936657],[89.3901334635425,27.94552110460097],[89.38419759114674,27.945448404948138],[89.38375542534794,27.943978407118323],[89.38597493489652,27.94404446072076],[89.38662624783052,27.94219048394126],[89.39134385850775,27.93836751302115],[89.39238850911528,27.936749403212104],[89.39319064670207,27.936006401910106],[89.39360975477518,27.93468275282146],[89.39457953559094,27.93378417968779],[89.3949042426222,27.9327579752607],[89.39485378689324,27.93147894965307],[89.39222222222298,27.928055555555886],[89.39152235243131,27.92818915473117],[89.39069905599047,27.928755696614814],[89.39006510416738,27.928730604383986],[89.38875542534794,27.93014417860269],[89.38735568576476,27.93096693250891],[89.38481960720571,27.933166503906477],[89.38373535156319,27.93546413845513],[89.38376600477505,27.93623955620683],[89.38159776475783,27.93951538085969],[89.3809776475702,27.94108940972245],[89.38209581163278,27.94427978515654],[89.38202745225766,27.944578043620027],[89.37970513237923,27.943349202474394],[89.37717230902848,27.942745903863056],[89.37680745442788,27.942352023654735],[89.37623426649384,27.94265543619821],[89.37628987630279,27.94406032986143],[89.37989556206685,27.947942843967382],[89.38286241319537,27.947847222222606],[89.3834212239592,27.948450249566292],[89.38374457465346,27.950144178602613],[89.38511203342085,27.95141113281278],[89.3869533962681,27.95180026584228],[89.39080023871594,27.95079223632837],[89.39407579210149,27.948409288194682]]]}},{"type":"Feature","id":"hydrolakes:176729","properties":{"Hylak_id":176729,"Lake_name":"","Country":"Nepal","Continent":"Asia","Poly_src":"SWBD","Lake_type":1,"Grand_id":0,"Lake_area":1.29,"Shore_len":6.68,"Shore_dev":1.66,"Vol_total":25.33,"Vol_res":0.0,"Vol_src":3,"Depth_avg":19.6,"Dis_avg":3.124,"Res_time":93.8,"Elevation":4550,"Slope_100":15.13,"Wshd_area":78.8,"Pour_long":86.467708,"Pour_lat":27.868315,"source_id":"hydrolakes:176729","label":""},"geometry":{"type":"Polygon","coordinates":[[[86.4635420735683,27.870474446614935],[86.46679985894144,27.870443929036696],[86.46987901475751,27.868814561632234],[86.47332261827302,27.867517361111368],[86.47561306423665,27.865837402344027],[86.47816691080772,27.863250596788475],[86.47890814887216,27.862102593316195],[86.48225735134594,27.859201795790227],[86.48331556532173,27.857563205295378],[86.4867366536464,27.854142523871815],[86.48776353624174,27.852140842014137],[86.4875000000007,27.851388888889176],[86.48428005642427,27.85217244466179],[86.48099243164131,27.854105088975928],[86.47679389105963,27.857460530599326],[86.47137736002662,27.86346218533015],[86.46705919053875,27.866303032769338],[86.46545817057341,27.86790486653672],[86.46319973415842,27.86897067599847],[86.4635420735683,27.870474446614935]]]}},{"type":"Feature","id":"hydrolakes:176751","properties":{"Hylak_id":176751,"Lake_name":"","Country":"Nepal","Continent":"Asia","Poly_src":"SWBD","Lake_type":2,"Grand_id":4802,"Lake_area":1.31,"Shore_len":10.04,"Shore_dev":2.47,"Vol_total":85.3,"Vol_res":85.3,"Vol_src":2,"Depth_avg":65.0,"Dis_avg":4.897,"Res_time":201.6,"Elevation":1533,"Slope_100":17.3,"Wshd_area":123.0,"Pour_long":85.157579,"Pour_lat":27.59091,"source_id":"hydrolakes:176751","label":""},"geometry":{"type":"Polygon","coordinates":[[[85.15882943047473,27.604954155816245],[85.15931854248095,27.60340928819471],[85.16096920437337,27.601879882812682],[85.16366092258062,27.59998480902817],[85.16486677381772,27.59542073567735],[85.16484590318521,27.59489420572936],[85.16326129489511,27.592947048611336],[85.16281677246133,27.591080729166947],[85.16027777777822,27.590000000000202],[85.15753161960214,27.590155164930877],[85.15549479166708,27.590868869357962],[85.15514417860288,27.592448187934224],[85.15757597181585,27.593027343750236],[85.16017206827831,27.59582926432313],[85.16012278238969,27.59707302517387],[85.16072991265224,27.59795518663219],[85.15950946384055,27.599086100260706],[85.15743197970954,27.60029025607679],[85.15707948472811,27.602136501736368],[85.15561896430177,27.60489664713566],[85.15333938598678,27.604806315104383],[85.1520886230474,27.606574435764117],[85.15328599717924,27.608314615885604],[85.15279876709025,27.60923529730934],[85.14957804362012,27.60957790798642],[85.1484565565325,27.61043809678847],[85.14848488701756,27.611152615017716],[85.15042195638063,27.61152235243088],[85.15132666693825,27.61214491102453],[85.15052554660417,27.615202365451637],[85.14631074693506,27.620584309896117],[85.14619674682655,27.621244574653076],[85.1490686543786,27.619268391927392],[85.14966359456417,27.618007812500196],[85.15143376668328,27.616367730034995],[85.15347751193616,27.61597764756965],[85.1544389004182,27.615468750000275],[85.15268269856824,27.613841688368325],[85.1534921434195,27.610834689670526],[85.15573615180159,27.60938585069465],[85.1557164679636,27.60694444444465],[85.15837944878518,27.60590766059056],[85.15882943047473,27.604954155816245]]]}},{"type":"Feature","id":"hydrolakes:176830","properties":{"Hylak_id":176830,"Lake_name":"","Country":"India","Continent":"Asia","Poly_src":"SWBD","Lake_type":2,"Grand_id":4804,"Lake_area":7.91,"Shore_len":21.15,"Shore_dev":2.12,"Vol_total":222.2,"Vol_res":222.2,"Vol_src":2,"Depth_avg":28.1,"Dis_avg":288.279,"Res_time":8.9,"Elevation":110,"Slope_100":0.99,"Wshd_area":8777.9,"Pour_long":88.591837,"Pour_lat":26.75737,"source_id":"hydrolakes:176830","label":""},"geometry":{"type":"Polygon","coordinates":[[[88.56952555338609,26.77673475477451],[88.56960367838604,26.77476372612864],[88.5708596462681,26.775203993055698],[88.57275254991379,26.77512885199667],[88.57361328125063,26.773795844184235],[88.57405219184096,26.77195339626752],[88.57757921007004,26.769702148437602],[88.57694742838623,26.768508300781377],[88.5779701063376,26.76818440755227],[88.58060356987937,26.766372341580052],[88.5795564778652,26.76540201822951],[88.5795898437508,26.76455674913217],[88.58081190321246,26.763980034722465],[88.58354600694514,26.76332899305578],[88.58430013020916,26.763826226128742],[88.58268798828203,26.765320095486175],[88.58135959201451,26.765740831163384],[88.58247368706662,26.767616373698104],[88.58397759331672,26.765993381076612],[88.58542209201471,26.765144314236295],[88.58742811414999,26.763511555989737],[88.58795111762231,26.764076063368236],[88.58941758897635,26.764017740885606],[88.59217502170213,26.757203504774623],[88.59147922092086,26.756192491319666],[88.58792182074728,26.75381347656281],[88.58474907769175,26.752316080729315],[88.5832061089418,26.752377115885565],[88.5809334309904,26.750939127604454],[88.57573621961888,26.7488720703127],[88.57472222222282,26.747777777777856],[88.57264431423681,26.748592936198122],[88.5706928168409,26.747908799913432],[88.56967447916759,26.748609483507153],[88.56875542534789,26.74989664713553],[88.56947645399384,26.750565049913348],[88.57013346354245,26.74985568576409],[88.57110026041727,26.74931098090292],[88.57294243706662,26.750723470052208],[88.57508517795208,26.751401909722347],[88.57541124132024,26.755144314236304],[88.57575737847299,26.755464680989746],[88.57563856336878,26.75652235243075],[88.57454698350773,26.755944824218886],[88.57339599609435,26.75403320312512],[88.57170491536556,26.754625651041863],[88.57014431423676,26.75569986979184],[88.56834228515692,26.756550021701514],[88.56736599392428,26.756511501736327],[88.56678087022647,26.757143012152937],[88.56507812500075,26.757075466580034],[88.5638888888895,26.756446126302308],[88.56319254557371,26.756814507378635],[88.5629074435771,26.75650689019119],[88.56012478298675,26.75864067925363],[88.55730007595554,26.75931342230922],[88.55622178819533,26.759884168837118],[88.55503173828197,26.76364284939251],[88.55354193793482,26.765096842448088],[88.55317816840346,26.766622992621706],[88.55000244140706,26.77028455946197],[88.54847764757017,26.772972547743223],[88.55018744574721,26.774557020399413],[88.54850965711876,26.77578748914948],[88.5480661349834,26.7776494683161],[88.54680013020914,26.77930013020847],[88.54614881727503,26.780592719184142],[88.54388970269179,26.781130913628658],[88.5411846245666,26.783255208333458],[88.54009575737933,26.78494167751751],[88.54023573133742,26.78568901909756],[88.54471842447975,26.78451443142376],[88.54720214843809,26.78200385199665],[88.54823594835159,26.781515842014016],[88.5492542860249,26.780416937934206],[88.5515332031257,26.78014431423634],[88.55323133680616,26.779012586805663],[88.5543663194452,26.779019911024477],[88.55601860894166,26.778145616319648],[88.55689561632016,26.776372884114892],[88.56339165581676,26.775091145833528],[88.56525146484455,26.77443929036474],[88.56690863715357,26.77578803168427],[88.56655192057354,26.778386501736293],[88.56823676215345,26.780457085503713],[88.56899359809091,26.782060546875186],[88.56826144748345,26.78556043836818],[88.5665332031258,26.78780734592027],[88.56796440972283,26.78704996744807],[88.5691688368064,26.785184733073038],[88.56997043185845,26.781819390191288],[88.5695578342021,26.780642089843923],[88.56961507161526,26.77919976128493],[88.57031358507038,26.77787977430569],[88.56952555338609,26.77673475477451]]]}},{"type":"Feature","id":"hydrolakes:176857","properties":{"Hylak_id":176857,"Lake_name":"","Country":"India","Continent":"Asia","Poly_src":"SWBD","Lake_type":1,"Grand_id":0,"Lake_area":1.16,"Shore_len":11.8,"Shore_dev":3.09,"Vol_total":1.86,"Vol_res":0.0,"Vol_src":3,"Depth_avg":1.6,"Dis_avg":0.223,"Res_time":96.4,"Elevation":62,"Slope_100":0.81,"Wshd_area":12.9,"Pour_long":85.060855,"Pour_lat":26.499138,"source_id":"hydrolakes:176857","label":""},"geometry":{"type":"Polygon","coordinates":[[[85.05891668107824,26.522695041232907],[85.0610330878369,26.521771375868184],[85.06763359493715,26.52013346354181],[85.06922226799907,26.519830186632134],[85.07087788052081,26.519848361545314],[85.07345353868322,26.518357747395953],[85.07563192579522,26.516006673177287],[85.07596692403217,26.513118218316094],[85.07532534281461,26.51128770616333],[85.07397727966344,26.509529622396087],[85.0690819083323,26.50808512369821],[85.06624470604834,26.506255425347376],[85.06279580434199,26.503097059461993],[85.06219045003292,26.502443576389055],[85.06175251430977,26.501060384114794],[85.06183405558329,26.49900309244805],[85.06083333333379,26.498055555555652],[85.05977534400125,26.49852566189253],[85.06044357299857,26.50043212890637],[85.06043206108984,26.501777343750177],[85.06205957624678,26.505506727430657],[85.06380179511217,26.50777859158012],[85.06535483466308,26.509217664930702],[85.06902248382602,26.510422092014153],[85.07168491363558,26.510999891493213],[85.07431084950815,26.512911241319557],[85.07457803938178,26.513406846788314],[85.07304013994036,26.515760091145978],[85.06983631981791,26.51751898871538],[85.06331581539632,26.518963487413373],[85.05915694342758,26.52090087890639],[85.05735581715936,26.52124457465294],[85.05515620337644,26.5222292751738],[85.05257874806756,26.520364040798768],[85.05014418284156,26.516522352430854],[85.04958142598508,26.516000976562793],[85.04903307173038,26.517017957899384],[85.05056614769876,26.519017198350866],[85.05120939890577,26.52038031684043],[85.05278266906782,26.52224202473974],[85.0554849667023,26.52383056640639],[85.05891668107824,26.522695041232907]]]}},{"type":"Feature","id":"hydrolakes:176900","properties":{"Hylak_id":176900,"Lake_name":"","Country":"India","Continent":"Asia","Poly_src":"SWBD","Lake_type":1,"Grand_id":0,"Lake_area":2.0,"Shore_len":11.63,"Shore_dev":2.32,"Vol_total":2.04,"Vol_res":0.0,"Vol_src":3,"Depth_avg":1.0,"Dis_avg":0.735,"Res_time":32.1,"Elevation":58,"Slope_100":0.39,"Wshd_area":47.3,"Pour_long":85.010616,"Pour_lat":26.249907,"source_id":"hydrolakes:176900","label":""},"geometry":{"type":"Polygon","coordinates":[[[85.01115105152161,26.28630669487876],[85.01192270649841,26.28386935763899],[85.01323463969811,26.282966579861295],[85.01508928087054,26.282524956597342],[85.01561853726736,26.280505099826485],[85.01492091708747,26.279186740451564],[85.01604314804109,26.27841444227448],[85.01818069246133,26.278499077691038],[85.01849700927772,26.277291937934137],[85.01841709242979,26.275275878906314],[85.01875775443222,26.274303927951507],[85.0179667017199,26.273154296875077],[85.01755250295042,26.27141547309043],[85.01397072474202,26.26866156684042],[85.01403346379635,26.26707872178838],[85.01366840998372,26.26638888888897],[85.01426193343326,26.26526719835084],[85.01432421578335,26.2636957465279],[85.01292196167873,26.262396647135517],[85.01339275784017,26.26183539496543],[85.01413162655336,26.261486545139064],[85.01364277839707,26.26045084635433],[85.01208862834551,26.260080566406373],[85.01235581609973,26.25791124131962],[85.01293365054693,26.257071668836943],[85.01231719758806,26.254718967014014],[85.01238656626839,26.252969021267518],[85.01181085056766,26.250966796875105],[85.01083333333384,26.249722222222374],[85.01002158429918,26.24997911241337],[85.00903854370148,26.25278401692725],[85.00899124198554,26.253977322048797],[85.00930026054408,26.254310980902858],[85.01089473459496,26.254690755208458],[85.0116401428653,26.256505262586927],[85.01042196167879,26.260618218316097],[85.01207468032868,26.26228162977452],[85.0120264339451,26.264213324652985],[85.01268753528626,26.265462782118163],[85.0123310083818,26.266959364149386],[85.00955133491141,26.27016438802093],[85.00792196167873,26.273971896701482],[85.00834696610832,26.276720377604363],[85.01054496553246,26.278066134982794],[85.01234279738566,26.278635253906543],[85.01102885087363,26.279255371093882],[85.00900939941442,26.280716959635583],[85.00520617922194,26.28144287109393],[85.00403307292237,26.28314778645847],[85.00435983273758,26.285589192708414],[85.00679947190855,26.286653917100978],[85.00921903875172,26.28542209201413],[85.0097342205051,26.28618164062516],[85.00792196167873,26.287860785590567],[85.00869691371958,26.28834282769111],[85.0100961271927,26.28768256293415],[85.01115105152161,26.28630669487876]]]}},{"type":"Feature","id":"hydrolakes:176911","properties":{"Hylak_id":176911,"Lake_name":"","Country":"India","Continent":"Asia","Poly_src":"SWBD","Lake_type":1,"Grand_id":0,"Lake_area":1.35,"Shore_len":12.51,"Shore_dev":3.03,"Vol_total":0.87,"Vol_res":0.0,"Vol_src":3,"Depth_avg":0.6,"Dis_avg":2.077,"Res_time":4.8,"Elevation":54,"Slope_100":0.26,"Wshd_area":133.1,"Pour_long":85.186137,"Pour_lat":26.148725,"source_id":"hydrolakes:176911","label":""},"geometry":{"type":"Polygon","coordinates":[[[85.17548382229324,26.156542968750102],[85.17701187133844,26.153930935330095],[85.17632668389257,26.15329616970496],[85.17688485039645,26.15153320312521],[85.17740839640334,26.151823459201523],[85.17911897447408,26.153669704861215],[85.18036911010779,26.15425971137165],[85.18185904608879,26.155402289496806],[85.18301993476058,26.15544840494806],[85.18475540161165,26.153241373697995],[85.18674730089026,26.151395670573038],[85.18708901299402,26.150421006944555],[85.18704640706426,26.149346245659785],[85.18803927951444,26.14790337456617],[85.18758053249826,26.145977647569566],[85.18680026584252,26.146522352430623],[85.18541137695365,26.148466796875084],[85.18505511813731,26.14959228515653],[85.18430026584247,26.15068901909723],[85.18389109293668,26.152406955295305],[85.18290832519585,26.153928765191097],[85.17966415405317,26.152563476562648],[85.18292195638054,26.149033203125157],[85.18401189168327,26.147345106336957],[85.18622740003838,26.14529242621535],[85.18628341674838,26.143879123264014],[85.18585635715112,26.14183783637168],[85.18644719441784,26.14015218098973],[85.18545571221279,26.140112847222326],[85.18464363945901,26.140865342882023],[85.18389682345969,26.14202175564253],[85.18213924831866,26.142911241319553],[85.18097963121244,26.142409125434256],[85.1809118821891,26.140699869791774],[85.183107927111,26.14180013020848],[85.18328141954242,26.140770399305836],[85.18083333333374,26.13916666666688],[85.179911905925,26.139342719184185],[85.17948501586949,26.141134711371762],[85.17798088921478,26.14252848307308],[85.17848851521865,26.14348768446189],[85.17691675821976,26.144944118923775],[85.17625528971388,26.146194118923688],[85.17694722493536,26.14635253906266],[85.17880608452742,26.14511149088554],[85.18006257798993,26.143755425347365],[85.18079973008946,26.144303385416833],[85.17999989827536,26.147138671875098],[85.17787075466629,26.14870035807303],[85.175625135634,26.151124131944584],[85.17415607028573,26.152072753906452],[85.17361111111148,26.153227539062584],[85.17125528971388,26.153134223090433],[85.17160164727159,26.15393934461821],[85.17291137695344,26.1545575629342],[85.17242986043345,26.155114203559208],[85.17042195638061,26.15606174045149],[85.17075868394693,26.15735568576406],[85.17192855835015,26.157058648003556],[85.17280612521739,26.15569986979176],[85.17372543334994,26.15632378472236],[85.1728089735247,26.15717285156262],[85.17321036444804,26.15793158637166],[85.1731456671825,26.159563802083426],[85.1748813883467,26.16001871744811],[85.17680026584236,26.15877956814245],[85.17653306749185,26.15791124131954],[85.17548382229324,26.156542968750102]]]}},{"type":"Feature","id":"hydrolakes:176914","properties":{"Hylak_id":176914,"Lake_name":"","Country":"India","Continent":"Asia","Poly_src":"SWBD","Lake_type":1,"Grand_id":0,"Lake_area":1.35,"Shore_len":5.45,"Shore_dev":1.32,"Vol_total":2.66,"Vol_res":0.0,"Vol_src":3,"Depth_avg":2.0,"Dis_avg":2.265,"Res_time":13.6,"Elevation":25,"Slope_100":0.99,"Wshd_area":59.9,"Pour_long":89.931057,"Pour_lat":26.139564,"source_id":"hydrolakes:176914","label":""},"geometry":{"type":"Polygon","coordinates":[[[89.92296223958402,26.15207248263897],[89.92440158420231,26.149808756510538],[89.9258100043412,26.14989284939253],[89.92800292968843,26.14898084852439],[89.92896809895922,26.14790093315986],[89.92987630208415,26.1444883897571],[89.93104383680634,26.14163547092022],[89.93294813368135,26.1405268012154],[89.93285101996617,26.138897026909888],[89.93166666666752,26.136388888888973],[89.92806911892438,26.137908799913305],[89.92653537326458,26.137075466579972],[89.92407443576474,26.136434190538353],[89.92340060763979,26.137494032118298],[89.92150065104244,26.14307400173618],[89.9193451605912,26.145000000000095],[89.9211501736118,26.14614800347232],[89.9220757378481,26.147441948785],[89.9214870876744,26.148525119357714],[89.91993977864655,26.149235026041765],[89.9195909288203,26.150604654948154],[89.92044596354253,26.15182861328134],[89.92296223958402,26.15207248263897]]]}},{"type":"Feature","id":"hydrolakes:176919","properties":{"Hylak_id":176919,"Lake_name":"","Country":"India","Continent":"Asia","Poly_src":"SWBD","Lake_type":1,"Grand_id":0,"Lake_area":1.21,"Shore_len":11.5,"Shore_dev":2.95,"Vol_total":1.3,"Vol_res":0.0,"Vol_src":3,"Depth_avg":1.1,"Dis_avg":0.57,"Res_time":26.3,"Elevation":54,"Slope_100":0.5,"Wshd_area":34.5,"Pour_long":85.46145,"Pour_lat":26.122608,"source_id":"hydrolakes:176919","label":""},"geometry":{"type":"Polygon","coordinates":[[[85.46380744086423,26.090187445746665],[85.46237345377654,26.08920057508709],[85.45944444444501,26.088055555555627],[85.45732187906964,26.08819118923634],[85.45269843207501,26.08943196614598],[85.45165757921046,26.089923231336968],[85.44881964789539,26.09200466579881],[85.44764417860313,26.093537597656336],[85.44819030761761,26.09398247612853],[85.45330807156085,26.090744086371615],[85.45557952880898,26.090148925781477],[85.45711954752653,26.090087890625114],[85.45950303819478,26.09065565321191],[85.46172136094873,26.09195990668411],[85.46316755506763,26.094321831597313],[85.46329145643489,26.09744737413206],[85.46143656412812,26.101429036458455],[85.46097751193616,26.104310980902937],[85.46046027289532,26.10528835720487],[85.46042232937322,26.10930935329884],[85.45987118191232,26.111412760416954],[85.45981842041067,26.11274332682308],[85.46024234347914,26.114769422743166],[85.45972534179731,26.116742621527862],[85.46014455159542,26.11874647352454],[85.46046925862674,26.123863932291783],[85.46188083224871,26.12483534071191],[85.46293399386985,26.123461914062716],[85.46224836561464,26.1208452690974],[85.46309129503078,26.11962022569452],[85.46248379177564,26.118472222222465],[85.46305067274352,26.11740098741342],[85.46125528971396,26.11655354817725],[85.46207539876337,26.11464409722231],[85.4621095106341,26.113784179687627],[85.46160369873081,26.112828233507116],[85.46209855821434,26.110939670138976],[85.46205122205993,26.107801106771092],[85.46252149793878,26.105826822916754],[85.46422597249392,26.103732367621717],[85.4645780436204,26.10152235243072],[85.4653663126632,26.099603407118195],[85.465538194445,26.09387803819459],[85.4649105156796,26.09189561631956],[85.46380744086423,26.090187445746665]]]}},{"type":"Feature","id":"hydrolakes:176930","properties":{"Hylak_id":176930,"Lake_name":"","Country":"India","Continent":"Asia","Poly_src":"SWBD","Lake_type":1,"Grand_id":0,"Lake_area":1.34,"Shore_len":5.52,"Shore_dev":1.34,"Vol_total":1.15,"Vol_res":0.0,"Vol_src":3,"Depth_avg":0.9,"Dis_avg":0.185,"Res_time":72.2,"Elevation":52,"Slope_100":0.37,"Wshd_area":11.4,"Pour_long":85.254931,"Pour_lat":26.042267,"source_id":"hydrolakes:176930","label":""},"geometry":{"type":"Polygon","coordinates":[[[85.25090635511663,26.04785319010432],[85.25213658650756,26.046158040364674],[85.25409698486374,26.044178331163266],[85.25612820095529,26.040984700520994],[85.25684619479767,26.039420301649443],[85.25545088026308,26.03406277126743],[85.2550000000004,26.033333333333474],[85.25328097873302,26.03436876085084],[85.25153411865273,26.03426459418415],[85.25125781589117,26.034912380642425],[85.25210942586301,26.035673285590406],[85.25198621961852,26.03774034288216],[85.24983991834887,26.038773600260697],[85.24925086127439,26.03873833550358],[85.24790964762417,26.03723741319459],[85.2455772569449,26.037376302083487],[85.2444787258579,26.038605957031336],[85.2428490024148,26.045551215277897],[85.24153559366897,26.046940104166822],[85.24225302802228,26.047353244357737],[85.24578908284559,26.046597764757053],[85.25090635511663,26.04785319010432]]]}},{"type":"Feature","id":"hydrolakes:176936","properties":{"Hylak_id":176936,"Lake_name":"","Country":"India","Continent":"Asia","Poly_src":"SWBD","Lake_type":1,"Grand_id":0,"Lake_area":1.29,"Shore_len":9.34,"Shore_dev":2.32,"Vol_total":2.03,"Vol_res":0.0,"Vol_src":3,"Depth_avg":1.6,"Dis_avg":3.533,"Res_time":6.6,"Elevation":24,"Slope_100":0.77,"Wshd_area":98.4,"Pour_long":89.916982,"Pour_lat":25.995314,"source_id":"hydrolakes:176936","label":""},"geometry":{"type":"Polygon","coordinates":[[[89.94013346354257,26.02031656901056],[89.9398057725702,26.01736653645844],[89.93733723958417,26.01793212890641],[89.93243706597309,26.018241102430693],[89.93099772135491,26.01718505859384],[89.93058756510504,26.015889756944546],[89.92943739149393,26.014648437500114],[89.92609483507033,26.013342013888973],[89.9251123046883,26.012060818142515],[89.92516384548696,26.010754665798856],[89.9238639322923,26.009351671006982],[89.92281195746608,26.00885498046887],[89.92236653645921,26.00791124131956],[89.9210894097231,26.00634250217024],[89.92069986979237,26.00430013020849],[89.9193109809035,26.002031792534922],[89.92037434895911,26.0007845052084],[89.92043782552173,25.999194064670235],[89.91824544270906,25.998319498698038],[89.91754231770926,25.99581732855927],[89.91707139757017,25.99481960720493],[89.91638888888968,25.99416666666673],[89.91377549913284,25.9943595377606],[89.91372558593832,25.995613064236238],[89.91488661024403,25.99851671006951],[89.9148247612855,26.00008544921883],[89.91791124132033,26.006255425347376],[89.92016330295223,26.00953613281257],[89.92347764757028,26.013189019097297],[89.92445149739672,26.01469753689247],[89.92681315104255,26.017424045138966],[89.92901746961894,26.016962890625223],[89.92900119357711,26.019005533854283],[89.931060112848,26.02009494357651],[89.93540147569519,26.020769856771096],[89.94013346354257,26.02031656901056]]]}},{"type":"Feature","id":"hydrolakes:176940","properties":{"Hylak_id":176940,"Lake_name":"","Country":"India","Continent":"Asia","Poly_src":"SWBD","Lake_type":1,"Grand_id":0,"Lake_area":1.01,"Shore_len":4.11,"Shore_dev":1.15,"Vol_total":1.13,"Vol_res":0.0,"Vol_src":3,"Depth_avg":1.1,"Dis_avg":0.032,"Res_time":407.4,"Elevation":50,"Slope_100":0.56,"Wshd_area":1.9,"Pour_long":85.272867,"Pour_lat":25.981153,"source_id":"hydrolakes:176940","label":""},"geometry":{"type":"Polygon","coordinates":[[[85.27470518324145,25.975100640191044],[85.27416666666716,25.974166666666804],[85.27045555962496,25.97549316406264],[85.26896184285533,25.977226833767418],[85.26667107476163,25.978333604600778],[85.26431588066976,25.980972222222476],[85.26502912733338,25.981771647135474],[85.26619527181037,25.982291937934235],[85.26666436089465,25.983132595486268],[85.26582856920066,25.984812011718816],[85.26751442803317,25.985673285590337],[85.26904405381993,25.985796169704997],[85.27069756401949,25.985058322482757],[85.27230811225076,25.98318901909738],[85.27466627332939,25.98291856553834],[85.27675479465114,25.981873101128542],[85.27708864000158,25.980042860243145],[85.27790634155309,25.978577202691042],[85.27711844550271,25.977179904514003],[85.27470518324145,25.975100640191044]]]}},{"type":"Feature","id":"hydrolakes:176945","properties":{"Hylak_id":176945,"Lake_name":"","Country":"India","Continent":"Asia","Poly_src":"SWBD","Lake_type":1,"Grand_id":0,"Lake_area":1.49,"Shore_len":4.77,"Shore_dev":1.1,"Vol_total":2.37,"Vol_res":0.0,"Vol_src":3,"Depth_avg":1.6,"Dis_avg":0.102,"Res_time":269.2,"Elevation":52,"Slope_100":0.74,"Wshd_area":6.2,"Pour_long":85.255734,"Pour_lat":25.949447,"source_id":"hydrolakes:176945","label":""},"geometry":{"type":"Polygon","coordinates":[[[85.25621778700145,25.949289008246637],[85.25583333333384,25.94888888888903],[85.2525167846685,25.949038899739662],[85.25042083740271,25.950629069010574],[85.24843565199154,25.951113009982862],[85.2464891560877,25.95211588541673],[85.24469833374059,25.954531792534794],[85.24400804307777,25.95486653645844],[85.24403601752442,25.95623670789945],[85.24316533406625,25.958851182725823],[85.2432045830626,25.960774739583485],[85.24536422729545,25.961525065104354],[85.25452982584676,25.958889702691124],[85.25800016615176,25.95675835503488],[85.25905264960437,25.95566297743062],[85.25902075873535,25.951878255208385],[85.25788611518055,25.950382758246633],[85.25621778700145,25.949289008246637]]]}},{"type":"Feature","id":"hydrolakes:176946","properties":{"Hylak_id":176946,"Lake_name":"","Country":"India","Continent":"Asia","Poly_src":"SWBD","Lake_type":1,"Grand_id":0,"Lake_area":2.15,"Shore_len":7.19,"Shore_dev":1.38,"Vol_total":1.83,"Vol_res":0.0,"Vol_src":3,"Depth_avg":0.9,"Dis_avg":6.475,"Res_time":3.3,"Elevation":42,"Slope_100":0.31,"Wshd_area":332.2,"Pour_long":86.272966,"Pour_lat":25.944091,"source_id":"hydrolakes:176946","label":""},"geometry":{"type":"Polygon","coordinates":[[[86.27467909071243,25.954181857638957],[86.27390028211852,25.952748752170294],[86.27431410047797,25.950420464409774],[86.27434176974896,25.947448730468864],[86.27647325303883,25.947051052517565],[86.27912190755256,25.94529405381951],[86.280131022136,25.942587619357766],[86.27722222222292,25.940000000000055],[86.27263888888967,25.943145887586866],[86.27113688151093,25.941981879340346],[86.27033338758736,25.94241834852437],[86.26937988281304,25.94449598524318],[86.26862019856833,25.945583496093832],[86.26728013780422,25.945964355468845],[86.26597751193623,25.945256618923736],[86.26425170898494,25.945718858507007],[86.26307156033045,25.947574598524454],[86.26193237304727,25.948592122395894],[86.25929253472265,25.949693467882014],[86.25628702799526,25.953057183159842],[86.25598008897623,25.95394178602436],[86.25697523329052,25.95429768880217],[86.26004774305613,25.95364122178836],[86.26175265842073,25.954097764757023],[86.26346435546924,25.955424533420285],[86.26431342230956,25.95568657769104],[86.26533555772613,25.956400553385492],[86.2693990071619,25.95771565755217],[86.27056504991378,25.957297363281327],[86.27336832682352,25.955648871528012],[86.27467909071243,25.954181857638957]]]}},{"type":"Feature","id":"hydrolakes:176948","properties":{"Hylak_id":176948,"Lake_name":"","Country":"India","Continent":"Asia","Poly_src":"SWBD","Lake_type":1,"Grand_id":0,"Lake_area":1.2,"Shore_len":5.04,"Shore_dev":1.3,"Vol_total":0.89,"Vol_res":0.0,"Vol_src":3,"Depth_avg":0.7,"Dis_avg":3.058,"Res_time":3.4,"Elevation":42,"Slope_100":0.33,"Wshd_area":159.3,"Pour_long":86.297304,"Pour_lat":25.928251,"source_id":"hydrolakes:176948","label":""},"geometry":{"type":"Polygon","coordinates":[[[86.29929660373313,25.9338368055557],[86.29928846571238,25.932625325520974],[86.29998331705792,25.931312120225755],[86.29867974175409,25.93010443793412],[86.29877495659775,25.92770453559035],[86.29735582139813,25.927366536458464],[86.29527777777827,25.926111111111197],[86.29276977539104,25.927144911024413],[86.29195244683217,25.92841064453131],[86.28740166558214,25.931197645399322],[86.286255289714,25.9330699327258],[86.2901211208773,25.93451361762169],[86.29222073025215,25.933777669270967],[86.29264702691017,25.934583333333478],[86.2921474880647,25.935527072482785],[86.29344577365492,25.936730143229227],[86.29375569661528,25.937912868923718],[86.29368259006122,25.93975531684032],[86.29505316840334,25.941234537760522],[86.29867458767404,25.93971055772579],[86.29908691406308,25.93893147786474],[86.29869547526096,25.935552029079986],[86.29929660373313,25.9338368055557]]]}},{"type":"Feature","id":"hydrolakes:176951","properties":{"Hylak_id":176951,"Lake_name":"","Country":"India","Continent":"Asia","Poly_src":"SWBD","Lake_type":1,"Grand_id":0,"Lake_area":1.87,"Shore_len":6.45,"Shore_dev":1.33,"Vol_total":2.4,"Vol_res":0.0,"Vol_src":3,"Depth_avg":1.3,"Dis_avg":0.071,"Res_time":390.8,"Elevation":51,"Slope_100":0.53,"Wshd_area":4.2,"Pour_long":85.336458,"Pour_lat":25.907139,"source_id":"hydrolakes:176951","label":""},"geometry":{"type":"Polygon","coordinates":[[[85.34887257893917,25.906629774305713],[85.34777777777816,25.903055555555625],[85.34285285102038,25.904518771701476],[85.34093695746583,25.90561604817725],[85.33950836181674,25.904797905816054],[85.33859117296043,25.90489149305563],[85.33502139621362,25.90665581597233],[85.33317426893495,25.90811767578134],[85.32959601508281,25.908518880208476],[85.3280739000113,25.909090711805618],[85.32765174018056,25.91097086588553],[85.33114610460132,25.9130639648439],[85.33514780680389,25.91413140190997],[85.33604882134387,25.914647352430677],[85.33885389539972,25.915269368489646],[85.3422059122725,25.917238498264],[85.34285352918874,25.918731825086923],[85.34398613823839,25.919430338541815],[85.34575937906942,25.918414713541722],[85.3453883531364,25.911666666666918],[85.34601786295627,25.908367784288316],[85.34806606716614,25.907600640191163],[85.34887257893917,25.906629774305713]]]}},{"type":"Feature","id":"hydrolakes:176957","properties":{"Hylak_id":176957,"Lake_name":"","Country":"India","Continent":"Asia","Poly_src":"SWBD","Lake_type":1,"Grand_id":0,"Lake_area":1.98,"Shore_len":8.72,"Shore_dev":1.75,"Vol_total":3.57,"Vol_res":0.0,"Vol_src":3,"Depth_avg":1.8,"Dis_avg":0.866,"Res_time":47.7,"Elevation":48,"Slope_100":0.78,"Wshd_area":52.7,"Pour_long":85.463741,"Pour_lat":25.883516,"source_id":"hydrolakes:176957","label":""},"geometry":{"type":"Polygon","coordinates":[[[85.45973409016966,25.88386067708342],[85.46327938503731,25.883834906684285],[85.46512854682123,25.883290201823],[85.46447658962722,25.88090793185779],[85.46218088785844,25.878930121527844],[85.46102386474644,25.877587348090344],[85.45984968397408,25.8765755208334],[85.45846188015457,25.87626030815977],[85.45708079020233,25.875281032986265],[85.45411926269566,25.873959689670244],[85.45348256429071,25.872713487413364],[85.45433742947085,25.871507703993245],[85.45436296251125,25.86734130859395],[85.45681589762421,25.863760308159783],[85.45777845594654,25.86173692491326],[85.45760864257846,25.859623480902883],[85.45583333333371,25.858055555555666],[85.45457299126576,25.858184136284763],[85.45325310601169,25.858832736545196],[85.45037146674326,25.858809407552314],[85.44819986979223,25.860668945312625],[85.44528327094241,25.861050618489685],[85.44487145317959,25.863032497829977],[85.44579949273054,25.864295247395887],[85.44783860948405,25.863482530382043],[85.44818410237679,25.86448757595491],[85.44762729220975,25.86652208116334],[85.44768941243547,25.86979519314258],[85.44926866319497,25.87181179470491],[85.45098256429094,25.872073025173734],[85.45168467203825,25.872464735243113],[85.45207299126571,25.874593641493107],[85.45301228841197,25.87701524522589],[85.45491126166485,25.879855957031396],[85.45744605170393,25.880817871093825],[85.45863657633498,25.88166205512158],[85.45914601643938,25.88335394965287],[85.45973409016966,25.88386067708342]]]}},{"type":"Feature","id":"hydrolakes:176958","properties":{"Hylak_id":176958,"Lake_name":"","Country":"India","Continent":"Asia","Poly_src":"SWBD","Lake_type":1,"Grand_id":0,"Lake_area":1.33,"Shore_len":4.8,"Shore_dev":1.17,"Vol_total":2.32,"Vol_res":0.0,"Vol_src":3,"Depth_avg":1.7,"Dis_avg":0.994,"Res_time":27.0,"Elevation":47,"Slope_100":0.86,"Wshd_area":60.6,"Pour_long":85.475323,"Pour_lat":25.875257,"source_id":"hydrolakes:176958","label":""},"geometry":{"type":"Polygon","coordinates":[[[85.47024254692957,25.876072591146],[85.47165137396985,25.87532687717021],[85.47286075168228,25.87596679687516],[85.4761660766606,25.875357801649386],[85.47692626953176,25.873189019097367],[85.47574740939717,25.870871039496592],[85.47539187961206,25.869514160156314],[85.47542460123742,25.868688422309106],[85.47432535807326,25.86661105685772],[85.4743420749246,25.864633789062566],[85.47271036783894,25.863013509114694],[85.47329888237903,25.86190131293415],[85.4708333333337,25.86055555555572],[85.46969712999174,25.86077256944452],[85.46903571234844,25.862022569444548],[85.46906097412159,25.863614908854288],[85.46581522623734,25.86662217881957],[85.46454281277187,25.868700358073113],[85.46455735948388,25.871210937500052],[85.47024254692957,25.876072591146]]]}},{"type":"Feature","id":"hydrolakes:176960","properties":{"Hylak_id":176960,"Lake_name":"","Country":"India","Continent":"Asia","Poly_src":"SWBD","Lake_type":1,"Grand_id":0,"Lake_area":1.8,"Shore_len":6.16,"Shore_dev":1.3,"Vol_total":1.7,"Vol_res":0.0,"Vol_src":3,"Depth_avg":0.9,"Dis_avg":0.09,"Res_time":219.0,"Elevation":41,"Slope_100":0.38,"Wshd_area":5.0,"Pour_long":86.305768,"Pour_lat":25.865292,"source_id":"hydrolakes:176960","label":""},"geometry":{"type":"Polygon","coordinates":[[[86.30959743923665,25.869302842882064],[86.30864583333374,25.868388400607728],[86.30920627170201,25.86730061848965],[86.30790527343811,25.866669379340465],[86.30791205512207,25.865608452691106],[86.30555555555605,25.863333333333458],[86.3012197536898,25.864377170138937],[86.30069715711846,25.865381673177126],[86.30290635850741,25.867942979600798],[86.30234686957516,25.86848036024321],[86.30103271484438,25.868479546441165],[86.2983285861551,25.86964952256949],[86.2961089409726,25.87281846788204],[86.29486382378519,25.875974934895908],[86.2929026963983,25.878204481336866],[86.29292588975761,25.879338921441104],[86.29537448459251,25.88052680121541],[86.2977726236985,25.880995008680657],[86.30014350043461,25.880946723090403],[86.30319173177145,25.878191731770983],[86.30395060221429,25.87782335069471],[86.30493828667585,25.875787760416813],[86.30624728732698,25.875136176215335],[86.3078032769103,25.874756673177217],[86.3101361762159,25.87232042100709],[86.30875271267416,25.870942382812586],[86.30959743923665,25.869302842882064]]]}},{"type":"Feature","id":"hydrolakes:176961","properties":{"Hylak_id":176961,"Lake_name":"","Country":"India","Continent":"Asia","Poly_src":"SWBD","Lake_type":1,"Grand_id":0,"Lake_area":1.21,"Shore_len":5.68,"Shore_dev":1.46,"Vol_total":1.11,"Vol_res":0.0,"Vol_src":3,"Depth_avg":0.9,"Dis_avg":0.717,"Res_time":17.9,"Elevation":52,"Slope_100":0.42,"Wshd_area":43.8,"Pour_long":85.216797,"Pour_lat":25.863776,"source_id":"hydrolakes:176961","label":""},"geometry":{"type":"Polygon","coordinates":[[[85.21705634223127,25.863496365017454],[85.21611111111156,25.86222222222233],[85.21482418484192,25.86238308376744],[85.21262552897173,25.86398925781259],[85.21077689276859,25.86438910590283],[85.20956797281951,25.865123426649518],[85.20820980495915,25.866432562934165],[85.20845686170827,25.86793212890649],[85.20938802083373,25.86920681423618],[85.2086371866867,25.870483940972406],[85.20947999742333,25.87243652343767],[85.20831687079573,25.874028862847297],[85.20842476738864,25.876215006510506],[85.20955969916497,25.877998860677167],[85.2099594285757,25.87984646267381],[85.21130984836202,25.88176757812505],[85.21323857625373,25.882901204427185],[85.21408457438201,25.882349446614683],[85.21522949218792,25.8807820638022],[85.21432091607039,25.87953830295146],[85.21456797281934,25.878456759982782],[85.21561560736797,25.877022569444534],[85.2157259792757,25.87613552517371],[85.21434224446654,25.875294867621676],[85.21421532524988,25.874274631076446],[85.21469945271843,25.87257921006949],[85.21393095228444,25.870798882378608],[85.21433959960979,25.868450792100816],[85.21636861165416,25.865904947916817],[85.21705634223127,25.863496365017454]]]}},{"type":"Feature","id":"hydrolakes:176963","properties":{"Hylak_id":176963,"Lake_name":"","Country":"India","Continent":"Asia","Poly_src":"SWBD","Lake_type":1,"Grand_id":0,"Lake_area":3.44,"Shore_len":11.98,"Shore_dev":1.82,"Vol_total":2.38,"Vol_res":0.0,"Vol_src":3,"Depth_avg":0.7,"Dis_avg":118.896,"Res_time":0.2,"Elevation":43,"Slope_100":0.21,"Wshd_area":6296.8,"Pour_long":86.311345,"Pour_lat":25.837736,"source_id":"hydrolakes:176963","label":""},"geometry":{"type":"Polygon","coordinates":[[[86.30845879448844,25.83739718967024],[86.30886949327316,25.836550835503715],[86.31040812174535,25.836519368489746],[86.31105780707509,25.838191731770962],[86.31200710720555,25.837645128038275],[86.31236477322102,25.83624918619796],[86.31192762586863,25.835400390625125],[86.31319213867238,25.83294569227445],[86.31347452799537,25.831498752170205],[86.31458062066014,25.82935167100709],[86.31345147026951,25.827996419270903],[86.31216118706647,25.82757758246538],[86.31153049045201,25.825735134548722],[86.31382853190166,25.82417209201401],[86.31323079427148,25.823011610243157],[86.31375379774346,25.820970865885556],[86.31291395399364,25.819863823784715],[86.31125271267405,25.81629611545145],[86.31193440755271,25.815891384548706],[86.31316460503518,25.816525065104372],[86.31458062066014,25.816187879774418],[86.31304402669315,25.814711100260524],[86.31152316623314,25.814217664930823],[86.31083333333385,25.81305555555565],[86.30883043077307,25.81399902343759],[86.30514160156298,25.814326985677155],[86.3055301920578,25.815093315972263],[86.30836507161501,25.81572455512162],[86.3100176323789,25.816807996961927],[86.31134697808216,25.819469401041886],[86.30987603081644,25.821291503906366],[86.31152506510477,25.822875976562614],[86.31116075303873,25.824792751736197],[86.31006320529565,25.825168457031396],[86.30683051215334,25.825146755642606],[86.30570855034784,25.82460259331623],[86.30541395399354,25.82403049045149],[86.3050520833338,25.821808268229177],[86.30235839843806,25.822080620659904],[86.30127983941014,25.822636176215383],[86.29983235677139,25.82235894097232],[86.2986520724831,25.821750759548706],[86.29728515625061,25.822194552951544],[86.29557698567771,25.82388943142371],[86.29390014648493,25.82443332248272],[86.29267537434976,25.828138563368213],[86.29125271267424,25.83060872395839],[86.2917051866325,25.8312174479168],[86.29378417968803,25.83181911892376],[86.29485080295194,25.83179714626749],[86.29541937934079,25.832636176215374],[86.29569173177134,25.83403049045154],[86.29653049045203,25.83513617621543],[86.29695719401104,25.836450737847372],[86.29933770073842,25.83782172309043],[86.30106540256128,25.837230360243154],[86.30514390733572,25.840982259114583],[86.30624728732698,25.840413953993107],[86.3080948893234,25.840053168402846],[86.30845879448844,25.83739718967024]]]}},{"type":"Feature","id":"hydrolakes:176964","properties":{"Hylak_id":176964,"Lake_name":"","Country":"India","Continent":"Asia","Poly_src":"SWBD","Lake_type":1,"Grand_id":0,"Lake_area":2.97,"Shore_len":31.16,"Shore_dev":5.1,"Vol_total":2.35,"Vol_res":0.0,"Vol_src":3,"Depth_avg":0.8,"Dis_avg":119.001,"Res_time":0.2,"Elevation":44,"Slope_100":0.26,"Wshd_area":6336.0,"Pour_long":86.373958,"Pour_lat":25.83145,"source_id":"hydrolakes:176964","label":""},"geometry":{"type":"Polygon","coordinates":[[[86.37902248806466,25.86096679687512],[86.37957804362026,25.856522352430773],[86.38119995117239,25.851897786458494],[86.38291137695359,25.847911241319594],[86.38542195638081,25.843755425347354],[86.38568915473161,25.842911241319655],[86.38685207790849,25.841482476128533],[86.38823825412373,25.840828179253663],[86.38821695963583,25.837487792968886],[86.38784735785657,25.83465386284746],[86.38667724609434,25.832350531684085],[86.38277370876801,25.829794921875077],[86.38031155056478,25.829015299479295],[86.37819023980086,25.82902208116326],[86.37226304796053,25.83136203342025],[86.36689141167597,25.835955132378558],[86.36514417860303,25.836810980902953],[86.36390326605948,25.83707790798627],[86.3620886230475,25.83596679687514],[86.36089396158906,25.835682237413323],[86.3587565104171,25.832964409722308],[86.35788370768279,25.830065104166806],[86.35726643880287,25.826832411024384],[86.35737684461867,25.824047851562568],[86.35653306749174,25.82180013020843],[86.35555555555601,25.8205555555557],[86.3547302246098,25.821743977864628],[86.35367377387217,25.82224256727443],[86.3537566460509,25.824332953559065],[86.35461642795184,25.824298773871647],[86.35587877061687,25.824966634114674],[86.35681993272618,25.831302625868148],[86.35682807074699,25.833069390191156],[86.3581891547314,25.83542209201397],[86.36069363064291,25.837970920139014],[86.36305026584262,25.8390831163195],[86.36463311089454,25.839020182291904],[86.36875528971399,25.83625542534736],[86.37291137695377,25.832911241319493],[86.37557725694501,25.83111762152788],[86.3785850694452,25.8306382921009],[86.38058485243118,25.83071750217033],[86.38375528971397,25.831800130208592],[86.38464070638071,25.832409667968875],[86.38583550347278,25.8342597113716],[86.38635375976605,25.8364352756077],[86.38512003580786,25.84049804687504],[86.38435058593797,25.841952311198042],[86.38269232855947,25.844114854600946],[86.37990668402819,25.850647243923675],[86.37958862304743,25.85264431423616],[86.3783790418841,25.855630696614696],[86.37651299370714,25.85654378255225],[86.37547051323833,25.856502278645962],[86.37258504231812,25.859053276909776],[86.37113199869833,25.85899549696194],[86.36982042100738,25.859898003472267],[86.36802897135476,25.859826931423754],[86.36598754882857,25.858261718750157],[86.36453545464474,25.85926079644122],[86.36403306749196,25.859938422309085],[86.3670285373268,25.862245822482862],[86.36986640082523,25.862633463541783],[86.37164184570355,25.863518337673725],[86.37325629340324,25.865260687934096],[86.37270358615513,25.86683729383691],[86.37075222439279,25.868645562066092],[86.37142252604224,25.869855685764037],[86.37330837673659,25.868558213975803],[86.37561197916727,25.864120008680686],[86.3759669325093,25.861522352430597],[86.37688747829912,25.859281412760538],[86.3778746202263,25.859320475260517],[86.37587361653692,25.87157416449662],[86.37349392361153,25.87607123480916],[86.37243069118983,25.87942952473975],[86.37180921766543,25.885269639757098],[86.36948866102472,25.88983344184038],[86.36958889431475,25.89236409505213],[86.36919677734426,25.894993760850753],[86.37013359917592,25.89658365885424],[86.36940009223139,25.89796983506949],[86.37013997395911,25.900080837673727],[86.37041137695354,25.903477647569503],[86.37112915039143,25.903744574652933],[86.37154242621591,25.902869194878576],[86.37141954210114,25.899768880208512],[86.37094672309075,25.898419867621726],[86.37101711697119,25.89664415147581],[86.37193020290846,25.89491861979178],[86.37152248806478,25.893755425347308],[86.37125528971416,25.890618218316092],[86.37187445746571,25.888851725260565],[86.37315999349016,25.886422254774402],[86.37404337565152,25.883170572916754],[86.37409057617236,25.879249945746665],[86.37726996527823,25.87219590928828],[86.37872599283895,25.86529486762163],[86.37902248806466,25.86096679687512]]]}},{"type":"Feature","id":"hydrolakes:176965","properties":{"Hylak_id":176965,"Lake_name":"","Country":"India","Continent":"Asia","Poly_src":"SWBD","Lake_type":1,"Grand_id":0,"Lake_area":1.08,"Shore_len":5.6,"Shore_dev":1.52,"Vol_total":1.32,"Vol_res":0.0,"Vol_src":3,"Depth_avg":1.2,"Dis_avg":0.086,"Res_time":177.2,"Elevation":50,"Slope_100":0.6,"Wshd_area":5.2,"Pour_long":85.347611,"Pour_lat":25.822863,"source_id":"hydrolakes:176965","label":""},"geometry":{"type":"Polygon","coordinates":[[[85.34431589762437,25.826260308159817],[85.34581329345758,25.824522298177328],[85.34876475016318,25.825406358507053],[85.34931735568625,25.82459147135421],[85.34922061496366,25.823387315538298],[85.3496402994798,25.82224446614589],[85.34908891465977,25.821008843316065],[85.34786865234423,25.82056070963546],[85.34357957628094,25.82122612847246],[85.34281897650868,25.818541937934185],[85.34058705647817,25.81921386718767],[85.33870978461403,25.820684136284797],[85.3384034220382,25.820023057725848],[85.33856533474426,25.818008083767552],[85.33689331054728,25.816698676215424],[85.33388888888942,25.816111111111297],[85.3323836941193,25.81638563368068],[85.33228803846606,25.817575954861297],[85.3337603420685,25.81929524739604],[85.33424597846192,25.820908203125157],[85.336225179037,25.8213579644098],[85.33627363416923,25.8219609917536],[85.33514923095737,25.82354682074663],[85.33740129258939,25.826452907986265],[85.33847700331006,25.826539442274452],[85.34056081136117,25.826084798177135],[85.34310465494826,25.8270190429688],[85.34431589762437,25.826260308159817]]]}},{"type":"Feature","id":"hydrolakes:176967","properties":{"Hylak_id":176967,"Lake_name":"","Country":"India","Continent":"Asia","Poly_src":"SWBD","Lake_type":1,"Grand_id":0,"Lake_area":1.16,"Shore_len":5.06,"Shore_dev":1.33,"Vol_total":1.94,"Vol_res":0.0,"Vol_src":3,"Depth_avg":1.7,"Dis_avg":0.208,"Res_time":108.1,"Elevation":47,"Slope_100":0.87,"Wshd_area":12.9,"Pour_long":85.489676,"Pour_lat":25.811097,"source_id":"hydrolakes:176967","label":""},"geometry":{"type":"Polygon","coordinates":[[[85.4984850735139,25.820984971788278],[85.49979997423003,25.82061740451394],[85.5011925930454,25.820759277343882],[85.50179270426486,25.819570583767472],[85.50292951795842,25.818207194010654],[85.50318159315373,25.816792805989735],[85.50429270426469,25.81524875217019],[85.50308169894782,25.812198079427162],[85.50201137966616,25.8115850151911],[85.4998482598204,25.811262749566083],[85.49843977186453,25.810733506944587],[85.49552096896736,25.81072618272583],[85.48798706054743,25.80969645182296],[85.48777777777815,25.80944444444458],[85.48681840684714,25.809726019965467],[85.48744035508946,25.81087782118061],[85.48921440972259,25.81272732204866],[85.49130981445347,25.81319200303824],[85.49320729573611,25.81401502821194],[85.49501166449687,25.815211046006993],[85.49376285129176,25.817192654079975],[85.49435119628959,25.818627658420212],[85.49591040717291,25.81992296006962],[85.49700208875907,25.82123725043408],[85.4984850735139,25.820984971788278]]]}},{"type":"Feature","id":"hydrolakes:176968","properties":{"Hylak_id":176968,"Lake_name":"","Country":"India","Continent":"Asia","Poly_src":"SWBD","Lake_type":1,"Grand_id":0,"Lake_area":1.43,"Shore_len":9.82,"Shore_dev":2.32,"Vol_total":1.12,"Vol_res":0.0,"Vol_src":3,"Depth_avg":0.8,"Dis_avg":1.731,"Res_time":7.5,"Elevation":44,"Slope_100":0.32,"Wshd_area":107.0,"Pour_long":85.567708,"Pour_lat":25.811148,"source_id":"hydrolakes:176968","label":""},"geometry":{"type":"Polygon","coordinates":[[[85.56781233045854,25.8144593641494],[85.56825035942973,25.813755425347267],[85.57135864257856,25.81540011935772],[85.57316853841184,25.814765625000064],[85.57157518174972,25.813289388020962],[85.56946801079681,25.81028672960082],[85.56488976372646,25.809010687934176],[85.56191718207509,25.809714898003563],[85.5611384073897,25.80887424045153],[85.56069973415839,25.807148708767443],[85.56293375651092,25.804597981770883],[85.5629041883684,25.803851996527897],[85.56199683295398,25.80347764756948],[85.56042121039542,25.804311252170237],[85.55994133843365,25.804292263454954],[85.5595362006298,25.80174886067715],[85.55786058214028,25.80066704644105],[85.55565009223142,25.79828125000006],[85.55416666666736,25.797500000000127],[85.5529113769536,25.79763346354173],[85.55029218885682,25.798900824653003],[85.54898006863118,25.799906955295228],[85.54903350830119,25.801255967882014],[85.55174021403059,25.80180013020845],[85.55375996907588,25.800251464843825],[85.55375701904347,25.798989529079904],[85.55517666286931,25.799045681423706],[85.55708862304743,25.80180013020845],[85.55819101969445,25.804791937934056],[85.55868428548229,25.80840115017378],[85.5571896701394,25.810350206163378],[85.55529517279786,25.809347873264016],[85.55458862304727,25.810164659288432],[85.55709594726608,25.81154541015627],[85.55833662245061,25.81088894314246],[85.55930026584258,25.811422526041895],[85.55833546956416,25.812824707031382],[85.5587906222878,25.814123263888973],[85.56077826605946,25.81459662543415],[85.56229807535846,25.816236979166774],[85.56357028537377,25.816639811198],[85.56569315592486,25.81848090277782],[85.56795291476817,25.817333713107757],[85.5687586127392,25.815693359375075],[85.56781233045854,25.8144593641494]]]}},{"type":"Feature","id":"hydrolakes:176975","properties":{"Hylak_id":176975,"Lake_name":"","Country":"India","Continent":"Asia","Poly_src":"SWBD","Lake_type":1,"Grand_id":0,"Lake_area":1.59,"Shore_len":5.54,"Shore_dev":1.24,"Vol_total":2.51,"Vol_res":0.0,"Vol_src":3,"Depth_avg":1.6,"Dis_avg":0.535,"Res_time":54.2,"Elevation":47,"Slope_100":0.72,"Wshd_area":33.1,"Pour_long":85.278125,"Pour_lat":25.755294,"source_id":"hydrolakes:176975","label":""},"geometry":{"type":"Polygon","coordinates":[[[85.2922931586375,25.757832031250075],[85.29545861138286,25.75568929036467],[85.29535186767623,25.754642198350894],[85.29455515543663,25.753251139323027],[85.29345937093132,25.752929416232746],[85.2928537665477,25.75153320312512],[85.29141845703163,25.750647786458444],[85.29049604627863,25.749537217881993],[85.2888951958555,25.748400065104306],[85.28763888888943,25.748872070312586],[85.2865406290694,25.748459472656293],[85.28332190619614,25.748098415798722],[85.28305555555607,25.747777777777912],[85.2809750874842,25.74884928385427],[85.27985358344216,25.748735080295205],[85.27651492648687,25.74984836154522],[85.27544291178435,25.750462239583385],[85.2751517401806,25.752096082899413],[85.2747498914934,25.75279785156266],[85.27489145914745,25.754186469184162],[85.27577470567525,25.75572862413202],[85.27698961046053,25.755604926215426],[85.27856413099556,25.75673800998277],[85.28068274603987,25.75711561414937],[85.28233540852915,25.755807562934194],[85.28381668090861,25.755165201823104],[85.28467778523816,25.75693522135424],[85.28727711995481,25.757511664496633],[85.29026689317533,25.75667561848968],[85.2922931586375,25.757832031250075]]]}},{"type":"Feature","id":"hydrolakes:176977","properties":{"Hylak_id":176977,"Lake_name":"","Country":"India","Continent":"Asia","Poly_src":"SWBD","Lake_type":1,"Grand_id":0,"Lake_area":5.71,"Shore_len":18.84,"Shore_dev":2.22,"Vol_total":6.61,"Vol_res":0.0,"Vol_src":3,"Depth_avg":1.2,"Dis_avg":0.955,"Res_time":80.1,"Elevation":47,"Slope_100":0.32,"Wshd_area":59.0,"Pour_long":85.391025,"Pour_lat":25.720601,"source_id":"hydrolakes:176977","label":""},"geometry":{"type":"Polygon","coordinates":[[[85.39209086100311,25.73658420138895],[85.39357879638709,25.735974934895864],[85.39458055284342,25.737194552951507],[85.39252092149565,25.739908854166742],[85.39292439778689,25.74266981336814],[85.39759958903034,25.742657877604245],[85.40077016194704,25.745489637586843],[85.40180514865489,25.74513536241335],[85.40297576904345,25.74543538411467],[85.40417209201416,25.745410970052205],[85.40290520562104,25.74286756727446],[85.39995174831876,25.739938422309137],[85.40097083197742,25.737910970052212],[85.40208333333385,25.738665093316115],[85.40331770155211,25.73782850477437],[85.40283165825775,25.735931803385483],[85.40318929036505,25.73419108072926],[85.40125318739206,25.731639539930654],[85.4021720038524,25.729374457465383],[85.4007044474289,25.727964409722347],[85.40263610839878,25.725413953993154],[85.40404151068844,25.72514160156254],[85.40461554633288,25.72632486979171],[85.40517968071879,25.726802842882137],[85.40723320855074,25.72609998914936],[85.40766265869206,25.72477647569451],[85.4076308525938,25.721550564236168],[85.4079895019537,25.7197995334202],[85.40975843641547,25.71863986545145],[85.41069166395437,25.717181260850737],[85.40972222222257,25.71583333333342],[85.40577219645229,25.718612467448054],[85.40527496337933,25.721159396701466],[85.39900682237464,25.722649739583403],[85.39595659044107,25.727358398437616],[85.39291388617659,25.723197157118193],[85.39174967447951,25.7208314344619],[85.39066897922129,25.720141601562716],[85.39065453423461,25.72417697482649],[85.39012844509597,25.725713975694475],[85.38897399902379,25.72569064670148],[85.38904483371357,25.72221950954878],[85.38786499023468,25.72125271267373],[85.38565300835558,25.721819661458426],[85.38235833062112,25.72402506510423],[85.38152499728778,25.724858398437675],[85.37985833062106,25.72819173177089],[85.37929731580988,25.729874403211852],[85.37930267334036,25.73069688585076],[85.3795918443472,25.731258409288387],[85.38017015245276,25.73124647352438],[85.38201358371361,25.730296766493154],[85.38291388617677,25.730597601996635],[85.38049062093143,25.733484157986254],[85.37787153455997,25.737420789930695],[85.3728941514762,25.743618977864685],[85.37292307535841,25.74503689236127],[85.37431393093584,25.747088758680718],[85.37428066677569,25.748720160590324],[85.37523796929287,25.7501323784723],[85.37569166395451,25.751530490451444],[85.37623274061468,25.752050509982723],[85.3802875094949,25.752349446614687],[85.38089172363317,25.749871148003592],[85.38031412760478,25.74818359375007],[85.38099114312115,25.746205512152812],[85.38097534179735,25.743736165364624],[85.3830545722119,25.74272732204878],[85.38475548638291,25.740169542100887],[85.38682376437771,25.738182508680666],[85.39069722493531,25.737641601562643],[85.39209086100311,25.73658420138895]]]}},{"type":"Feature","id":"hydrolakes:176978","properties":{"Hylak_id":176978,"Lake_name":"","Country":"India","Continent":"Asia","Poly_src":"SWBD","Lake_type":1,"Grand_id":0,"Lake_area":1.51,"Shore_len":6.34,"Shore_dev":1.45,"Vol_total":2.38,"Vol_res":0.0,"Vol_src":3,"Depth_avg":1.6,"Dis_avg":0.061,"Res_time":452.2,"Elevation":46,"Slope_100":0.73,"Wshd_area":3.9,"Pour_long":85.450703,"Pour_lat":25.717832,"source_id":"hydrolakes:176978","label":""},"geometry":{"type":"Polygon","coordinates":[[[85.45318410237701,25.71429524739608],[85.45379248725101,25.713437228732744],[85.45332010904997,25.711357964409842],[85.45173797607475,25.710881618923736],[85.45123426649349,25.70920871310767],[85.45007876926041,25.707578938802214],[85.45049187554292,25.705684950086834],[85.44951460096627,25.703933376736302],[85.44916666666705,25.702777777777897],[85.448123101129,25.70309190538211],[85.44707299126554,25.704573025173772],[85.44666297064924,25.70682101779522],[85.44469407823408,25.709562988281334],[85.43459367540191,25.713655598958496],[85.43487338595969,25.715582953559135],[85.43665927463155,25.716238606770958],[85.43929853651315,25.715127224392575],[85.44022043863976,25.71520128038219],[85.44112294515014,25.713760308159863],[85.44196553548238,25.714073079427124],[85.44398874918653,25.717582194010447],[85.4456841023769,25.71820475260421],[85.44876034206851,25.718461914062743],[85.45051730685805,25.71920193142364],[85.4529270087354,25.7165380859376],[85.45318410237701,25.71429524739608]]]}},{"type":"Feature","id":"hydrolakes:176979","properties":{"Hylak_id":176979,"Lake_name":"","Country":"India","Continent":"Asia","Poly_src":"SWBD","Lake_type":1,"Grand_id":0,"Lake_area":1.04,"Shore_len":4.74,"Shore_dev":1.31,"Vol_total":0.81,"Vol_res":0.0,"Vol_src":3,"Depth_avg":0.8,"Dis_avg":1.05,"Res_time":8.9,"Elevation":46,"Slope_100":0.36,"Wshd_area":65.0,"Pour_long":85.398958,"Pour_lat":25.706857,"source_id":"hydrolakes:176979","label":""},"geometry":{"type":"Polygon","coordinates":[[[85.39916839599647,25.718707953559147],[85.40004696316237,25.717326660156345],[85.4018698798289,25.71781494140629],[85.40305345323407,25.716757269965512],[85.40237487793007,25.715508626302153],[85.4023058742954,25.714351128472288],[85.40431335449256,25.712091200086945],[85.40483768039331,25.710948893229272],[85.40584628635025,25.710047471788243],[85.40143578423437,25.706297200520964],[85.40032714843784,25.705954861111366],[85.39972222222269,25.705277777777837],[85.39874220106373,25.705408799913243],[85.39574913872661,25.707516004774334],[85.39520670572966,25.709027777777862],[85.39578999837278,25.71065348307303],[85.39348002115935,25.712717285156486],[85.39374220106373,25.71320231119796],[85.39459113227036,25.71346435546883],[85.39553724500905,25.714125162760467],[85.39672461615709,25.713480088975814],[85.39743960910425,25.71438747829876],[85.3959800211594,25.71723578559039],[85.3975966050894,25.719297688802214],[85.39916839599647,25.718707953559147]]]}},{"type":"Feature","id":"hydrolakes:176982","properties":{"Hylak_id":176982,"Lake_name":"","Country":"India","Continent":"Asia","Poly_src":"SWBD","Lake_type":1,"Grand_id":0,"Lake_area":1.86,"Shore_len":5.98,"Shore_dev":1.24,"Vol_total":2.31,"Vol_res":0.0,"Vol_src":3,"Depth_avg":1.2,"Dis_avg":0.077,"Res_time":346.7,"Elevation":44,"Slope_100":0.51,"Wshd_area":5.2,"Pour_long":85.852208,"Pour_lat":25.69744,"source_id":"hydrolakes:176982","label":""},"geometry":{"type":"Polygon","coordinates":[[[85.85847500271325,25.697641601562623],[85.8593499755865,25.697342122395924],[85.86068644205795,25.697369520399377],[85.86125800238761,25.697074924045182],[85.86250834147188,25.697077365451435],[85.8629214816628,25.695382758246637],[85.86350850423224,25.69424343533001],[85.86516879611582,25.693474934896074],[85.86641567654118,25.69411729600705],[85.8681916639544,25.69246853298614],[85.86658047146312,25.690091417100746],[85.86611667209252,25.688189019097365],[85.86472222222261,25.687222222222317],[85.86401231553873,25.687652723524423],[85.85986911349863,25.68763047960084],[85.8583677842887,25.688403862847338],[85.8556021457253,25.687837456597208],[85.8535670979822,25.68866292317722],[85.84903055826868,25.692363823784774],[85.847636108399,25.692636176215387],[85.84562757704066,25.69345079210086],[85.84514166937976,25.694756401909842],[85.84708611382422,25.695136176215442],[85.84773654513958,25.695471191406284],[85.84924628363757,25.698014594184087],[85.85220160590319,25.699180230034756],[85.85529364691882,25.699580620659788],[85.85735833062131,25.69791395399318],[85.85847500271325,25.697641601562623]]]}},{"type":"Feature","id":"hydrolakes:176985","properties":{"Hylak_id":176985,"Lake_name":"","Country":"India","Continent":"Asia","Poly_src":"SWBD","Lake_type":1,"Grand_id":0,"Lake_area":1.17,"Shore_len":4.81,"Shore_dev":1.25,"Vol_total":1.31,"Vol_res":0.0,"Vol_src":3,"Depth_avg":1.1,"Dis_avg":1.393,"Res_time":10.9,"Elevation":45,"Slope_100":0.53,"Wshd_area":87.0,"Pour_long":85.427083,"Pour_lat":25.6823,"source_id":"hydrolakes:176985","label":""},"geometry":{"type":"Polygon","coordinates":[[[85.43346934000687,25.689949544270917],[85.43422431098156,25.68904052734382],[85.43584394666914,25.689848361545216],[85.43752095540407,25.688572862413253],[85.43676798502656,25.685676540798738],[85.43365190294105,25.683994683159824],[85.4328098551436,25.68298095703136],[85.43136661105717,25.68257731119803],[85.43017964681025,25.683023274739696],[85.42888888888945,25.680833333333396],[85.42558207194077,25.681625705295232],[85.42380896674302,25.68386610243067],[85.42376505533895,25.68542561848966],[85.42326833089231,25.686292860243157],[85.42398922390464,25.687955186632053],[85.42564853244414,25.688674858941],[85.42722903781504,25.69291422526055],[85.4293184068473,25.693181694878547],[85.43019771999832,25.693685167100796],[85.43132005479634,25.693799641927114],[85.43182695176927,25.692914496527806],[85.43070729573617,25.691499837239633],[85.43099873860729,25.690874837239676],[85.43346934000687,25.689949544270917]]]}},{"type":"Feature","id":"hydrolakes:177020","properties":{"Hylak_id":177020,"Lake_name":"","Country":"India","Continent":"Asia","Poly_src":"SWBD","Lake_type":1,"Grand_id":0,"Lake_area":1.12,"Shore_len":9.19,"Shore_dev":2.45,"Vol_total":1.04,"Vol_res":0.0,"Vol_src":3,"Depth_avg":0.9,"Dis_avg":1.339,"Res_time":9.0,"Elevation":33,"Slope_100":0.43,"Wshd_area":79.1,"Pour_long":86.764457,"Pour_lat":25.490978,"source_id":"hydrolakes:177020","label":""},"geometry":{"type":"Polygon","coordinates":[[[86.76645168728362,25.49082302517371],[86.76490681966209,25.489961208767454],[86.76188666449701,25.490787760416822],[86.75761827257008,25.490298394097294],[86.75570977105082,25.489357096354183],[86.7554871961812,25.486586914062514],[86.75646918402856,25.481648220486306],[86.75815497504402,25.478956705729274],[86.75993028428877,25.477566460503567],[86.76195624457517,25.477729220920196],[86.76311008029586,25.476558702256966],[86.76932142469684,25.475171169704993],[86.77285956488777,25.4752124023438],[86.77330932617241,25.474406195746553],[86.77012858072976,25.473482530382],[86.768333333334,25.472500000000082],[86.76704440646768,25.472735188802176],[86.76476508246577,25.47400689019105],[86.76318413628525,25.474295247395844],[86.7620364040805,25.475109049479386],[86.75969319661505,25.475536295573022],[86.75834865993971,25.47613633897572],[86.75760796441034,25.47677463107641],[86.75511881510471,25.47922661675352],[86.75424221462731,25.482822265625202],[86.75433553059946,25.48398464626746],[86.75359198676279,25.486009385850707],[86.75343722873322,25.48793565538199],[86.75373969184102,25.489593641493116],[86.75450181749176,25.491167805989733],[86.7568893771707,25.4930376519099],[86.76058946397632,25.494573025173622],[86.76539862738775,25.494301757812536],[86.76622965494857,25.493585883246567],[86.76645168728362,25.49082302517371]]]}},{"type":"Feature","id":"hydrolakes:177038","properties":{"Hylak_id":177038,"Lake_name":"","Country":"India","Continent":"Asia","Poly_src":"SWBD","Lake_type":1,"Grand_id":0,"Lake_area":1.12,"Shore_len":8.63,"Shore_dev":2.3,"Vol_total":1.39,"Vol_res":0.0,"Vol_src":3,"Depth_avg":1.2,"Dis_avg":0.24,"Res_time":67.1,"Elevation":25,"Slope_100":0.61,"Wshd_area":9.9,"Pour_long":87.738542,"Pour_lat":25.346995,"source_id":"hydrolakes:177038","label":""},"geometry":{"type":"Polygon","coordinates":[[[87.76666937934101,25.330521918402894],[87.76638888888954,25.329722222222415],[87.76556586371584,25.329982638888964],[87.75276719835125,25.337628038194453],[87.75211968316046,25.339000651041772],[87.74872775607702,25.340795355902856],[87.74229383680614,25.34331868489585],[87.74125542534779,25.344033203125093],[87.73483534071232,25.34632541232645],[87.73320231119862,25.347577582465306],[87.73154215494878,25.34797309027789],[87.73150173611174,25.348988715277812],[87.73198269314292,25.349507921007046],[87.73403211805618,25.349588758680625],[87.73587076822992,25.348833550347308],[87.73829345703206,25.348256835937548],[87.74609347873326,25.34509928385421],[87.75181098090343,25.34236653645837],[87.75390190972274,25.340599500868166],[87.75697509765683,25.33911783854171],[87.75903808593813,25.33720648871531],[87.75899088541729,25.336011827257153],[87.76235568576448,25.333466796875086],[87.76557671441037,25.33194661458333],[87.76666937934101,25.330521918402894]]]}},{"type":"Feature","id":"hydrolakes:177039","properties":{"Hylak_id":177039,"Lake_name":"","Country":"India","Continent":"Asia","Poly_src":"SWBD","Lake_type":1,"Grand_id":0,"Lake_area":1.3,"Shore_len":9.95,"Shore_dev":2.46,"Vol_total":1.46,"Vol_res":0.0,"Vol_src":3,"Depth_avg":1.1,"Dis_avg":0.753,"Res_time":22.5,"Elevation":26,"Slope_100":0.52,"Wshd_area":34.1,"Pour_long":87.545999,"Pour_lat":25.343648,"source_id":"hydrolakes:177039","label":""},"geometry":{"type":"Polygon","coordinates":[[[87.54368381076466,25.35274685329864],[87.54521484375056,25.35224989149316],[87.5473798285596,25.350091145833517],[87.55069173177134,25.35015842013894],[87.55176188151103,25.349044596354247],[87.55281060112901,25.34853624131955],[87.5550724283861,25.34636284722228],[87.55124538845547,25.34502061631946],[87.55040283203198,25.346263563368097],[87.55042507595539,25.34735243055559],[87.54985297309094,25.347647026909783],[87.54795464409773,25.34760850694454],[87.54627902560833,25.348744032118134],[87.54459526909778,25.349290907118245],[87.54381401909791,25.350865885416738],[87.54238009982726,25.352358398437616],[87.54171929253539,25.352046983506966],[87.54252495659779,25.34917480468755],[87.54399820963607,25.347641601562543],[87.54580295138948,25.347288953993086],[87.54636827257013,25.34563802083335],[87.54582492404569,25.34458333333339],[87.54633165147624,25.343599717881943],[87.54583333333403,25.34277777777794],[87.54462537977508,25.34363444010421],[87.53943142361169,25.34918457031273],[87.53894124349029,25.350694444444514],[87.53670925564302,25.353705512152885],[87.53332790798669,25.356244574652806],[87.53265814887203,25.35762478298608],[87.53019178602494,25.358666449652787],[87.5287936740458,25.360122070312514],[87.5268082682299,25.361252712673775],[87.52541937934097,25.361703559027887],[87.5263452148443,25.363374023437586],[87.52723144531319,25.36383029513894],[87.53135687934093,25.361064995659888],[87.5377788628478,25.357423502604263],[87.53958062066027,25.355969509548686],[87.54041937934096,25.35569715711813],[87.54368381076466,25.35274685329864]]]}},{"type":"Feature","id":"hydrolakes:177041","properties":{"Hylak_id":177041,"Lake_name":"","Country":"India","Continent":"Asia","Poly_src":"SWBD","Lake_type":1,"Grand_id":0,"Lake_area":2.29,"Shore_len":20.59,"Shore_dev":3.83,"Vol_total":4.25,"Vol_res":0.0,"Vol_src":3,"Depth_avg":1.9,"Dis_avg":2.907,"Res_time":16.9,"Elevation":31,"Slope_100":0.76,"Wshd_area":169.5,"Pour_long":86.919427,"Pour_lat":25.337086,"source_id":"hydrolakes:177041","label":""},"geometry":{"type":"Polygon","coordinates":[[[86.87763617621573,25.395691731770853],[86.88065972222267,25.395269639757146],[86.88241183810811,25.394558919270878],[86.88464884440151,25.394604492187625],[86.89121731228346,25.391998155382055],[86.89346720377654,25.390633680555652],[86.89620863172809,25.38955240885423],[86.9002194552956,25.386875000000146],[86.90491021050394,25.3833978949653],[86.91121785481835,25.377099609375023],[86.91242160373326,25.37631076388891],[86.9157594129781,25.371219618055648],[86.91766886393276,25.36894476996531],[86.91902506510468,25.36596950954862],[86.9204729546446,25.364175889757007],[86.92199232313413,25.3592697482639],[86.92125461154586,25.354945203993168],[86.92129489474894,25.34307834201394],[86.92052124023496,25.338140733506975],[86.92013170030435,25.337337782118198],[86.91944444444499,25.3366666666667],[86.91709092882013,25.337303059895987],[86.91666883680608,25.34267469618061],[86.91708618164125,25.34430338541671],[86.91706610785644,25.345290798611074],[86.91828803168471,25.352717556423613],[86.91982082790844,25.35524522569466],[86.91989081488765,25.358680013020944],[86.91803887261341,25.362344292534942],[86.91729709201456,25.36572374131947],[86.91319715711853,25.37097493489597],[86.90945393880293,25.375315212673684],[86.90742852105097,25.378404405382014],[86.90250094943644,25.38296766493056],[86.89420735677135,25.38897298177085],[86.89319173177131,25.38930284288216],[86.88745591905445,25.39233344184038],[86.88620632595553,25.392653537326396],[86.88009331597272,25.393400607638966],[86.87736382378517,25.39430826822928],[86.87126817491372,25.39485297309045],[86.86954277886343,25.39529513888897],[86.86553955078182,25.394840494791765],[86.86375271267417,25.395189344618245],[86.86413994683215,25.395912000868123],[86.86580539279578,25.396481662326437],[86.86984469943633,25.39656412760428],[86.8768082682297,25.39597493489589],[86.87763617621573,25.395691731770853]]]}},{"type":"Feature","id":"hydrolakes:177042","properties":{"Hylak_id":177042,"Lake_name":"","Country":"India","Continent":"Asia","Poly_src":"SWBD","Lake_type":1,"Grand_id":0,"Lake_area":1.22,"Shore_len":5.36,"Shore_dev":1.37,"Vol_total":1.31,"Vol_res":0.0,"Vol_src":3,"Depth_avg":1.1,"Dis_avg":0.336,"Res_time":45.0,"Elevation":38,"Slope_100":0.5,"Wshd_area":22.9,"Pour_long":86.368736,"Pour_lat":25.331265,"source_id":"hydrolakes:177042","label":""},"geometry":{"type":"Polygon","coordinates":[[[86.37846435546925,25.336535373263928],[86.37815185546918,25.335523003472304],[86.37679768880264,25.334313151041727],[86.37627346462727,25.33317111545142],[86.3744127061637,25.331320529513903],[86.36929768880253,25.328757595486195],[86.36742309570377,25.327448459201435],[86.3645384385855,25.32699869791668],[86.3638888888895,25.326388888888914],[86.36233506944518,25.32659667968761],[86.36018066406297,25.327585720486127],[86.3625869411897,25.330518663194596],[86.36254462348154,25.33380371093756],[86.36598266601612,25.33612955729177],[86.36724121093795,25.335445421007023],[86.37001559787382,25.33651204427099],[86.37042412651965,25.33740180121538],[86.37208997938416,25.337369791666845],[86.37357109917593,25.33633517795147],[86.37570149739645,25.336208224826407],[86.37647908528709,25.33707845052095],[86.37740980360292,25.33736599392364],[86.37863945855105,25.338742404513937],[86.37901529947959,25.337027994791754],[86.37846435546925,25.336535373263928]]]}},{"type":"Feature","id":"hydrolakes:177046","properties":{"Hylak_id":177046,"Lake_name":"","Country":"India","Continent":"Asia","Poly_src":"SWBD","Lake_type":1,"Grand_id":0,"Lake_area":1.23,"Shore_len":6.33,"Shore_dev":1.61,"Vol_total":0.93,"Vol_res":0.0,"Vol_src":3,"Depth_avg":0.8,"Dis_avg":0.188,"Res_time":57.4,"Elevation":26,"Slope_100":0.33,"Wshd_area":7.8,"Pour_long":87.769817,"Pour_lat":25.297396,"source_id":"hydrolakes:177046","label":""},"geometry":{"type":"Polygon","coordinates":[[[87.7704006618929,25.30345648871537],[87.77102267795198,25.302880316840344],[87.77234619140683,25.30293240017363],[87.7745076497402,25.301788736979177],[87.77521592882005,25.30000868055572],[87.7765812174485,25.30073079427092],[87.77812798394166,25.300669487847244],[87.77856662326468,25.297460394965356],[87.78215223524359,25.29535264756953],[87.78207465277853,25.293393012152876],[87.77932617187554,25.29177734375014],[87.77842230902826,25.29181315104171],[87.77558837890695,25.293514539930584],[87.77297580295215,25.292967664930586],[87.77166666666733,25.291111111111263],[87.77013346354221,25.291244574652865],[87.7681998697924,25.292139214409758],[87.76877739800403,25.293230794270926],[87.76986653645889,25.293744574652806],[87.77123209635471,25.295218641493136],[87.7706239149312,25.296367730034717],[87.76896185980962,25.295680338541786],[87.76676784939309,25.296270616319532],[87.76681613498323,25.297486979166763],[87.76903320312562,25.298189019097265],[87.76985568576464,25.298785264756987],[87.76926812066034,25.299329969618157],[87.76932183159795,25.300689561631998],[87.76787000868109,25.30243272569453],[87.76797227647631,25.30501627604167],[87.76833197699705,25.305689019097258],[87.7704006618929,25.30345648871537]]]}},{"type":"Feature","id":"hydrolakes:177048","properties":{"Hylak_id":177048,"Lake_name":"","Country":"India","Continent":"Asia","Poly_src":"SWBD","Lake_type":1,"Grand_id":0,"Lake_area":2.53,"Shore_len":13.41,"Shore_dev":2.38,"Vol_total":7.78,"Vol_res":0.0,"Vol_src":3,"Depth_avg":3.1,"Dis_avg":1.691,"Res_time":53.3,"Elevation":30,"Slope_100":1.34,"Wshd_area":104.0,"Pour_long":86.708215,"Pour_lat":25.289852,"source_id":"hydrolakes:177048","label":""},"geometry":{"type":"Polygon","coordinates":[[[86.67797485351628,25.324553493923645],[86.67917331271752,25.323689236111136],[86.68377631293481,25.322406141493218],[86.68708862304754,25.322088758680593],[86.68791137695365,25.321522352430577],[86.6902204047314,25.32067545572926],[86.6926548936637,25.31938747829861],[86.69594780816016,25.316106770833414],[86.70010796441017,25.313420138889057],[86.70573825412379,25.307181532118193],[86.70875569661513,25.302921549479265],[86.70870062934091,25.30153266059034],[86.71181084526972,25.29347764756949],[86.71214477539138,25.291727973090303],[86.71327596028692,25.289136284722304],[86.71207153320364,25.286763780382046],[86.71111111111168,25.285833333333358],[86.70876478407183,25.285945095486113],[86.70823662651969,25.28651529947922],[86.7079016113288,25.294547526041697],[86.70513359917595,25.29763346354173],[86.7026654730908,25.30163357204873],[86.70236640082516,25.303199869791626],[86.7002558051222,25.306414388020926],[86.6998664008251,25.307644314236143],[86.69667290581646,25.312020399305652],[86.69296576605956,25.315042317708446],[86.69066867404564,25.315769856770885],[86.68764417860302,25.317922092014044],[86.68615505642413,25.31820638020838],[86.68343248155446,25.3193348524307],[86.68020955403694,25.320102539062646],[86.67396402994842,25.322696940104265],[86.67077582465345,25.32267415364589],[86.67042195638072,25.323643120659824],[86.67269110785645,25.324597981770864],[86.67797485351628,25.324553493923645]]]}},{"type":"Feature","id":"hydrolakes:177049","properties":{"Hylak_id":177049,"Lake_name":"","Country":"India","Continent":"Asia","Poly_src":"SWBD","Lake_type":1,"Grand_id":0,"Lake_area":1.18,"Shore_len":10.33,"Shore_dev":2.69,"Vol_total":2.2,"Vol_res":0.0,"Vol_src":3,"Depth_avg":1.9,"Dis_avg":0.403,"Res_time":63.0,"Elevation":38,"Slope_100":0.97,"Wshd_area":29.7,"Pour_long":86.157448,"Pour_lat":25.287913,"source_id":"hydrolakes:177049","label":""},"geometry":{"type":"Polygon","coordinates":[[[86.15486897786508,25.285409071180652],[86.14539550781319,25.281782226562598],[86.14235324435805,25.28125759548618],[86.13879442003099,25.279888780381953],[86.13763332790842,25.27986979166667],[86.1289394802522,25.277753906250098],[86.12814581977057,25.27732259114589],[86.12602837456637,25.277382812500093],[86.11664550781296,25.27586480034728],[86.1150000000004,25.27500000000009],[86.11236891004813,25.275164930555718],[86.11318664550834,25.27597981770839],[86.11762715657608,25.277581380208403],[86.1206141493061,25.277931315104297],[86.12184265136779,25.278789062500152],[86.12388570149784,25.278667534722217],[86.12592088487474,25.280686848958396],[86.12709113227038,25.280424262152792],[86.12758755154124,25.279868706597426],[86.12922675238764,25.280165473090335],[86.13191616482248,25.280996093750048],[86.13389553493982,25.282071940104174],[86.1359956190326,25.28239908854175],[86.13874376085113,25.283480902777853],[86.14200439453202,25.2832866753472],[86.14348008897628,25.283742404514044],[86.14446614583375,25.28443088107639],[86.14606160481816,25.285003255208437],[86.1489987521706,25.28511555989604],[86.15641235351603,25.288167860243107],[86.15956461588581,25.288647460937568],[86.15961995442757,25.28771918402782],[86.15486897786508,25.285409071180652]]]}},{"type":"Feature","id":"hydrolakes:177060","properties":{"Hylak_id":177060,"Lake_name":"","Country":"India","Continent":"Asia","Poly_src":"SWBD","Lake_type":1,"Grand_id":0,"Lake_area":1.39,"Shore_len":5.12,"Shore_dev":1.22,"Vol_total":0.69,"Vol_res":0.0,"Vol_src":3,"Depth_avg":0.5,"Dis_avg":13.915,"Res_time":0.6,"Elevation":33,"Slope_100":0.17,"Wshd_area":683.0,"Pour_long":87.235427,"Pour_lat":25.226799,"source_id":"hydrolakes:177060","label":""},"geometry":{"type":"Polygon","coordinates":[[[87.23735582139813,25.228466796875125],[87.2426333279086,25.228168945312632],[87.24504882812562,25.225930989583446],[87.24553249783042,25.224550781250116],[87.2434775119363,25.22318901909722],[87.2420780436205,25.222922092013903],[87.24022922092081,25.221359592013926],[87.23491210937556,25.219342447916688],[87.2344444444451,25.218888888888955],[87.23379150390696,25.219095594618125],[87.23028849283907,25.22287651909727],[87.22930026584254,25.22318901909722],[87.22882473415854,25.223702256944478],[87.22740342881997,25.224408637152806],[87.2245886230474,25.22823947482658],[87.22544609917583,25.228487413194443],[87.2278424750441,25.22845865885421],[87.23083333333392,25.2287700737848],[87.23392510308219,25.228448350694464],[87.23584648980102,25.228782552083374],[87.23735582139813,25.228466796875125]]]}},{"type":"Feature","id":"hydrolakes:177074","properties":{"Hylak_id":177074,"Lake_name":"","Country":"Bangladesh","Continent":"Asia","Poly_src":"SWBD","Lake_type":1,"Grand_id":0,"Lake_area":2.92,"Shore_len":14.75,"Shore_dev":2.43,"Vol_total":6.11,"Vol_res":0.0,"Vol_src":3,"Depth_avg":2.1,"Dis_avg":9.674,"Res_time":7.3,"Elevation":19,"Slope_100":0.81,"Wshd_area":316.5,"Pour_long":88.515625,"Pour_lat":25.151038,"source_id":"hydrolakes:177074","label":""},"geometry":{"type":"Polygon","coordinates":[[[88.5203933376742,25.15443305121528],[88.51654079861186,25.15341525607647],[88.51505588107716,25.15353461371535],[88.51515706380275,25.152273220486165],[88.51770806206656,25.151195203993154],[88.51822048611172,25.150047200520817],[88.51805175781311,25.147946506076494],[88.51722222222304,25.145833333333428],[88.51606960720551,25.146043836805745],[88.51570475260479,25.147649197048622],[88.513592393664,25.15001573350696],[88.51320475260485,25.151175672743136],[88.514252115886,25.15265245225703],[88.51393853081674,25.15346191406269],[88.51237141927157,25.15235080295139],[88.51131347656309,25.15209364149314],[88.51181722005293,25.153465711805552],[88.51173312717077,25.15451443142365],[88.51318413628536,25.15668185763883],[88.51199544270895,25.158586154514012],[88.50962510850775,25.159644097222213],[88.50783881293461,25.163582899305652],[88.50516601562566,25.164597439236104],[88.50709526909787,25.166796875000102],[88.50706298828203,25.167196723090342],[88.50569146050412,25.16837890625004],[88.50503716362925,25.16984483506951],[88.50515597873346,25.171322157118084],[88.50623969184107,25.172450629340346],[88.50506646050411,25.174104817708326],[88.50262695312574,25.175406901041754],[88.50266357421941,25.17586425781252],[88.5045987955736,25.176303710937532],[88.50603135850764,25.177425672743084],[88.50527587890701,25.182137586805595],[88.50600748697985,25.183448893229183],[88.50598741319516,25.184634874131973],[88.50801025390717,25.185778537326485],[88.50786295572993,25.18761176215287],[88.50991970486172,25.189673394097213],[88.51109320746599,25.194109700520983],[88.51185980902841,25.1951904296875],[88.51268364800427,25.195124240451435],[88.5131998697924,25.19340983072925],[88.5140174696188,25.192495117187548],[88.51290635850756,25.191538085937566],[88.51264919704926,25.19092285156256],[88.51477891710147,25.189972330729233],[88.51421251085134,25.187902560763916],[88.51251844618116,25.1864431423611],[88.51195068359448,25.183943684895837],[88.50970106336877,25.181316731770835],[88.50931586371593,25.180311414930486],[88.51044352213609,25.17934027777784],[88.50987141927152,25.177123480902765],[88.51098253038276,25.175704752604304],[88.51129503038271,25.17500434027778],[88.51118299696259,25.173611111111143],[88.51237141927157,25.17209364149312],[88.51277343750075,25.17119303385425],[88.51014919704937,25.168761935763882],[88.51200385199729,25.16659613715285],[88.51418267144174,25.165869683159713],[88.51461073133743,25.16444769965284],[88.51562228732706,25.162634548611095],[88.51602186415005,25.16001193576392],[88.51845458984434,25.158926323784783],[88.52073025173678,25.15628526475706],[88.52038547092076,25.155667317708378],[88.5203933376742,25.15443305121528]]]}},{"type":"Feature","id":"hydrolakes:177087","properties":{"Hylak_id":177087,"Lake_name":"","Country":"India","Continent":"Asia","Poly_src":"GRanD","Lake_type":2,"Grand_id":4825,"Lake_area":1.45,"Shore_len":8.64,"Shore_dev":2.03,"Vol_total":58.6,"Vol_res":58.6,"Vol_src":2,"Depth_avg":40.6,"Dis_avg":2.744,"Res_time":247.2,"Elevation":69,"Slope_100":5.27,"Wshd_area":184.2,"Pour_long":86.52096,"Pour_lat":25.133163,"source_id":"hydrolakes:177087","label":""},"geometry":{"type":"Polygon","coordinates":[[[86.5091734797137,25.131567848569887],[86.50985475254816,25.13081844845175],[86.51043902696239,25.13061522256845],[86.51229346314523,25.131910787573304],[86.51297935050076,25.132774497576406],[86.51572289992242,25.13340957846094],[86.51765354581192,25.134705143465794],[86.5203970952337,25.135746676116582],[86.52240395082936,25.13686441847375],[86.52413137083539,25.138261596419852],[86.52456322583703,25.138363209361273],[86.52573177466473,25.13762651553526],[86.52583338760644,25.13635635376579],[86.52466483877839,25.135060788761052],[86.52357249965706,25.135949901999822],[86.52240395082936,25.134933772584475],[86.51988903052586,25.13155514227799],[86.51844104610893,25.130716835510043],[86.51767894904731,25.12990393197782],[86.5171962875753,25.128938609033014],[86.51600233551187,25.129980141683916],[86.51544346433343,25.13008175462545],[86.51508781903794,25.13061522256845],[86.51219185020375,25.129040221974606],[86.5106168496099,25.12850675403149],[86.50965152666527,25.128532157266875],[86.50939749431126,25.128786189620598],[86.50967692990076,25.130005544919356],[86.50850083562591,25.130894825795963],[86.50429524739639,25.12931586371542],[86.50267442491372,25.127975260416633],[86.50119181315159,25.12763834635416],[86.50083333333379,25.127222222222258],[86.50018432617253,25.12778157552094],[86.49987141927147,25.128482530381973],[86.49854912651955,25.12907280815989],[86.49806491428006,25.130842013889037],[86.50029866536505,25.132754991319473],[86.50204237196249,25.13353298611105],[86.5042796495232,25.135460611979227],[86.50558390299517,25.13754286024323],[86.50727186414991,25.138739691840442],[86.50903808593807,25.13848253038202],[86.5121983506952,25.13598578559055],[86.51150824652831,25.134439019097158],[86.50985080295192,25.132649197048863],[86.5091734797137,25.131567848569887]]]}},{"type":"Feature","id":"hydrolakes:177088","properties":{"Hylak_id":177088,"Lake_name":"","Country":"India","Continent":"Asia","Poly_src":"SWBD","Lake_type":1,"Grand_id":0,"Lake_area":1.32,"Shore_len":7.9,"Shore_dev":1.94,"Vol_total":17.77,"Vol_res":0.0,"Vol_src":3,"Depth_avg":13.5,"Dis_avg":0.858,"Res_time":239.7,"Elevation":84,"Slope_100":9.63,"Wshd_area":60.2,"Pour_long":86.219897,"Pour_lat":25.131942,"source_id":"hydrolakes:177088","label":""},"geometry":{"type":"Polygon","coordinates":[[[86.24793389214472,25.133952365451478],[86.24901746961854,25.13318413628474],[86.2504063585074,25.13286838107655],[86.247080756294,25.13207031249999],[86.24278238932368,25.133461914062593],[86.23760294596417,25.13189832899309],[86.23447333441902,25.130307074652933],[86.2329048665369,25.131182183159808],[86.23185099283904,25.130273980034872],[86.23130167643285,25.12904296875007],[86.22666205512212,25.128982747395924],[86.22468207465323,25.13000922309027],[86.22416761610305,25.12908691406261],[86.22459743923656,25.127916666666692],[86.22444444444494,25.127499999999998],[86.22331461588584,25.127840169270883],[86.22254665798658,25.129863823784774],[86.21939561632007,25.13043891059033],[86.21848253038235,25.133486870659738],[86.21897908528706,25.13455132378482],[86.22010443793448,25.134964735243102],[86.22282511393274,25.134542643229224],[86.22430759006136,25.134571940104195],[86.22758151584276,25.134832356770858],[86.23022786458381,25.135556640625055],[86.23271579318617,25.135756293402835],[86.23459784613772,25.135042317708496],[86.23701497395876,25.13353352864584],[86.23857326931471,25.133408203124986],[86.23977878146746,25.133946397569446],[86.24070475260459,25.1351285807292],[86.2411983235682,25.13623480902777],[86.24265516493114,25.13635199652782],[86.24348253038261,25.135982530382023],[86.2454858398442,25.13432562934031],[86.24793389214472,25.133952365451478]]]}},{"type":"Feature","id":"hydrolakes:177091","properties":{"Hylak_id":177091,"Lake_name":"","Country":"Bangladesh","Continent":"Asia","Poly_src":"SWBD","Lake_type":1,"Grand_id":0,"Lake_area":3.69,"Shore_len":13.07,"Shore_dev":1.92,"Vol_total":8.0,"Vol_res":0.0,"Vol_src":3,"Depth_avg":2.2,"Dis_avg":10.153,"Res_time":9.1,"Elevation":17,"Slope_100":0.78,"Wshd_area":332.6,"Pour_long":88.491432,"Pour_lat":25.124648,"source_id":"hydrolakes:177091","label":""},"geometry":{"type":"Polygon","coordinates":[[[88.50328531901118,25.14811252170142],[88.50631401909783,25.147643229166704],[88.50823893229227,25.14962076822917],[88.51066460503546,25.149265950520885],[88.51209716796933,25.14817925347228],[88.51206380208407,25.146541341145905],[88.51238118489647,25.146236436631966],[88.51373372395915,25.146264105902844],[88.51458062066047,25.145772569444546],[88.51344645182371,25.14427842881946],[88.51261745876803,25.14256944444446],[88.51097466362921,25.14099066840288],[88.51069200303891,25.140120442708394],[88.5100179036466,25.139472656250064],[88.50874837239661,25.14033311631954],[88.50761501736196,25.140691731770858],[88.50708604600754,25.139558376736204],[88.50874728732725,25.137018771701378],[88.50673204210159,25.135421006944455],[88.50569715711873,25.134025065104197],[88.50445692274377,25.133105468750045],[88.5020393880215,25.13263346354165],[88.50153049045201,25.13205349392365],[88.50238715277851,25.131230468750175],[88.50431776258756,25.130603841145955],[88.50430257161526,25.12984917534726],[88.50180582682367,25.12902398003473],[88.5000702582472,25.12946885850704],[88.49858886718823,25.12834526909728],[88.49817518446247,25.128776041666754],[88.49820827908053,25.130406358507003],[88.49723578559099,25.131525065104256],[88.4963471137159,25.128375108506987],[88.49587429470552,25.127456597222363],[88.49345160590343,25.125452473958433],[88.49349148220557,25.123496636284756],[88.49305555555617,25.122777777777856],[88.49204508463617,25.123377821180554],[88.49023084852502,25.126093750000052],[88.49070475260498,25.12794270833342],[88.49135036892437,25.12856336805561],[88.49085964626818,25.129516059027765],[88.48663140191047,25.12992947048616],[88.483436143664,25.129592556423802],[88.48240017361178,25.130671115451378],[88.48333333333397,25.132972005208444],[88.48506076388952,25.134858398437586],[88.48669731987906,25.133616536458362],[88.4902313910597,25.1351453993056],[88.49129177517432,25.135142686632094],[88.49251600477493,25.13641710069453],[88.48956515842082,25.13938693576398],[88.48959391276117,25.140792643229247],[88.49098605685839,25.142080620659726],[88.49198730468822,25.140016276041706],[88.49608479817772,25.138795572916877],[88.49721516927144,25.139377712673763],[88.49902506510495,25.144308268229224],[88.501258409289,25.148199869791767],[88.50130181206663,25.150136176215312],[88.50328531901118,25.14811252170142]]]}},{"type":"Feature","id":"hydrolakes:177094","properties":{"Hylak_id":177094,"Lake_name":"","Country":"India","Continent":"Asia","Poly_src":"SWBD","Lake_type":1,"Grand_id":0,"Lake_area":1.28,"Shore_len":5.92,"Shore_dev":1.48,"Vol_total":1.34,"Vol_res":0.0,"Vol_src":3,"Depth_avg":1.1,"Dis_avg":0.603,"Res_time":25.8,"Elevation":24,"Slope_100":0.48,"Wshd_area":25.8,"Pour_long":87.751173,"Pour_lat":25.117284,"source_id":"hydrolakes:177094","label":""},"geometry":{"type":"Polygon","coordinates":[[[87.7518956163201,25.11785047743058],[87.75329942491385,25.114871419270912],[87.75468831380283,25.116239691840292],[87.75585476345555,25.115588650173606],[87.75473768446233,25.112936197916667],[87.755264756945,25.11150173611111],[87.75342285156319,25.10978135850695],[87.75349609375075,25.1088699001736],[87.7525046115457,25.108427191840292],[87.75140326605964,25.10845106336808],[87.74997748480985,25.10765570746537],[87.7495657009556,25.106732855902806],[87.74888888888961,25.10611111111126],[87.74799994574721,25.106273328993097],[87.74764919704933,25.10718858506948],[87.74852701822988,25.10876193576405],[87.74846055772639,25.109590386284765],[87.74691080729235,25.11040635850702],[87.74405409071238,25.107960069444516],[87.74311713324744,25.109455837673693],[87.74257242838604,25.1098508029516],[87.74151502821246,25.108623589409774],[87.73985975477484,25.10932074652783],[87.73875895182351,25.108706597222294],[87.73820475260476,25.109650065104233],[87.7397599283862,25.110989583333378],[87.74034667968817,25.1123046875],[87.74346327040018,25.116093207465326],[87.74771809895907,25.117454969618052],[87.7502525499138,25.117381184895862],[87.75105875651116,25.118317057291677],[87.7518956163201,25.11785047743058]]]}},{"type":"Feature","id":"hydrolakes:177109","properties":{"Hylak_id":177109,"Lake_name":"","Country":"India","Continent":"Asia","Poly_src":"SWBD","Lake_type":1,"Grand_id":0,"Lake_area":1.8,"Shore_len":8.4,"Shore_dev":1.77,"Vol_total":19.91,"Vol_res":0.0,"Vol_src":3,"Depth_avg":11.1,"Dis_avg":1.296,"Res_time":177.8,"Elevation":121,"Slope_100":6.87,"Wshd_area":89.8,"Pour_long":86.29375,"Pour_lat":25.035485,"source_id":"hydrolakes:177109","label":""},"geometry":{"type":"Polygon","coordinates":[[[86.29606336805614,25.044001736111113],[86.29793945312548,25.043035481770858],[86.29959879557333,25.044041883680563],[86.3014691840284,25.044003363715262],[86.30306749132001,25.04477864583339],[86.30392564561691,25.047358398437552],[86.3066748046881,25.044634331597308],[86.30846340603352,25.043766818576444],[86.30847507053011,25.04319173177089],[86.30791937934072,25.042113172743086],[86.30954942491366,25.039735785590267],[86.30748019748319,25.038480902777906],[86.3040302191846,25.038143446180584],[86.30192125108567,25.036398654513903],[86.29967325846422,25.034059244791706],[86.29846950954925,25.03347493489599],[86.29777777777821,25.032500000000084],[86.29678032769158,25.032639431423604],[86.29569715711852,25.03319715711814],[86.2929979112418,25.03357421875006],[86.2916305881082,25.03574815538201],[86.29290798611152,25.03743164062513],[86.28989379882876,25.039220920138916],[86.28930826822977,25.040931532118123],[86.28986002604222,25.04125379774308],[86.2920316569016,25.040697157118245],[86.29402506510473,25.041073133680584],[86.29375271267406,25.043197157118072],[86.29276204427134,25.044830729166733],[86.29236382378514,25.049308268229254],[86.29098822699723,25.050328233507003],[86.29096394856845,25.05151746961809],[86.29220431857681,25.05235839843749],[86.29334201388951,25.051925455729247],[86.29401882595533,25.05127495659724],[86.29406385633723,25.0490690104167],[86.29291937934073,25.047560763888953],[86.29362345377655,25.045524088541697],[86.29513617621603,25.04430284288196],[86.29606336805614,25.044001736111113]]]}},{"type":"Feature","id":"hydrolakes:1378872","properties":{"Hylak_id":1378872,"Lake_name":"","Country":"China","Continent":"Asia","Poly_src":"SWBD","Lake_type":1,"Grand_id":0,"Lake_area":0.27,"Shore_len":2.63,"Shore_dev":1.43,"Vol_total":0.49,"Vol_res":0.0,"Vol_src":3,"Depth_avg":1.8,"Dis_avg":2.956,"Res_time":1.9,"Elevation":5165,"Slope_100":0.59,"Wshd_area":365.1,"Pour_long":85.187779,"Pour_lat":29.990738,"source_id":"hydrolakes:1378872","label":""},"geometry":{"type":"Polygon","coordinates":[[[85.18474960327194,29.99210116267244],[85.18680699666373,29.991234711938887],[85.18753931681357,29.991643302176215],[85.18833496093788,29.990521153344446],[85.18681588067,29.98957300345154],[85.18552746242977,29.989280295107676],[85.18289057413773,29.988103668425197],[85.1822222222226,29.986944444444816],[85.1815174526642,29.987073003451485],[85.1784825473365,29.98932321442544],[85.17890487670945,29.99067994038313],[85.18062571207719,29.99004800054803],[85.18259250217051,29.990640160508065],[85.1833023410378,29.99289185686291],[85.18401879204686,29.992949423757295],[85.18474960327194,29.99210116267244]]]}},{"type":"Feature","id":"hydrolakes:1378995","properties":{"Hylak_id":1378995,"Lake_name":"","Country":"China","Continent":"Asia","Poly_src":"SWBD","Lake_type":1,"Grand_id":0,"Lake_area":0.21,"Shore_len":2.03,"Shore_dev":1.24,"Vol_total":0.64,"Vol_res":0.0,"Vol_src":3,"Depth_avg":3.0,"Dis_avg":1.311,"Res_time":5.6,"Elevation":5426,"Slope_100":1.71,"Wshd_area":93.2,"Pour_long":85.518211,"Pour_lat":29.929703,"source_id":"hydrolakes:1378995","label":""},"geometry":{"type":"Polygon","coordinates":[[[85.52261973063207,29.927341185676198],[85.52222222222264,29.925555555555945],[85.52113304985932,29.926059400770896],[85.51883507622648,29.926006020440468],[85.51784386528897,29.927199287414965],[85.51733696831633,29.929485261705622],[85.5174014960399,29.930118285285516],[85.51972886827292,29.930464960734525],[85.52016971164318,29.931967205471892],[85.5211753336593,29.93139124128595],[85.52151492648699,29.92873715294769],[85.52261973063207,29.927341185676198]]]}},{"type":"Feature","id":"hydrolakes:1379017","properties":{"Hylak_id":1379017,"Lake_name":"","Country":"China","Continent":"Asia","Poly_src":"SWBD","Lake_type":1,"Grand_id":0,"Lake_area":0.45,"Shore_len":2.67,"Shore_dev":1.12,"Vol_total":1.7,"Vol_res":0.0,"Vol_src":3,"Depth_avg":3.8,"Dis_avg":1.327,"Res_time":14.8,"Elevation":5431,"Slope_100":2.25,"Wshd_area":89.0,"Pour_long":85.513241,"Pour_lat":29.917647,"source_id":"hydrolakes:1379017","label":""},"geometry":{"type":"Polygon","coordinates":[[[85.51356753879162,29.914359037611632],[85.5125869750982,29.91399059719555],[85.51167022705135,29.91408404032444],[85.50853668212937,29.91345520867293],[85.5075000000005,29.912500000000534],[85.50515174018057,29.913337088691264],[85.50545776367244,29.91621454027006],[85.50685577392613,29.917897533841085],[85.50876285129175,29.918181593153577],[85.51054585774796,29.918941845364486],[85.5129459974504,29.9191864861387],[85.51482320149779,29.916394772000217],[85.51356753879162,29.914359037611632]]]}},{"type":"Feature","id":"hydrolakes:1379020","properties":{"Hylak_id":1379020,"Lake_name":"","Country":"China","Continent":"Asia","Poly_src":"SWBD","Lake_type":1,"Grand_id":0,"Lake_area":0.19,"Shore_len":1.79,"Shore_dev":1.17,"Vol_total":0.35,"Vol_res":0.0,"Vol_src":3,"Depth_avg":1.9,"Dis_avg":0.854,"Res_time":4.7,"Elevation":5163,"Slope_100":0.7,"Wshd_area":60.5,"Pour_long":85.236619,"Pour_lat":29.916159,"source_id":"hydrolakes:1379020","label":""},"geometry":{"type":"Polygon","coordinates":[[[85.24044189453173,29.917069201999652],[85.24041354709237,29.915680558946804],[85.23916666666702,29.915000000000475],[85.23761635674413,29.915137863159714],[85.23649858262837,29.91571368747327],[85.2345028856069,29.91570459153951],[85.23347500271313,29.91757624308309],[85.23462412516324,29.919024997287693],[85.24044189453173,29.917069201999652]]]}},{"type":"Feature","id":"hydrolakes:1379045","properties":{"Hylak_id":1379045,"Lake_name":"","Country":"China","Continent":"Asia","Poly_src":"SWBD","Lake_type":1,"Grand_id":0,"Lake_area":0.22,"Shore_len":2.13,"Shore_dev":1.28,"Vol_total":0.7,"Vol_res":0.0,"Vol_src":3,"Depth_avg":3.2,"Dis_avg":1.056,"Res_time":7.7,"Elevation":5440,"Slope_100":1.94,"Wshd_area":65.3,"Pour_long":85.498941,"Pour_lat":29.902346,"source_id":"hydrolakes:1379045","label":""},"geometry":{"type":"Polygon","coordinates":[[[85.5064578925244,29.903999913533937],[85.50583794487892,29.902311672634937],[85.50416666666717,29.900833333333765],[85.50124013265014,29.901349648370115],[85.4982364230691,29.901108296712664],[85.49737145317977,29.901690512763537],[85.49824917263498,29.90326367696173],[85.49969421386766,29.90390848795613],[85.50363545735712,29.903591808743272],[85.50505394829685,29.904112718370754],[85.5064578925244,29.903999913533937]]]}},{"type":"Feature","id":"hydrolakes:1379048","properties":{"Hylak_id":1379048,"Lake_name":"","Country":"China","Continent":"Asia","Poly_src":"SWBD","Lake_type":1,"Grand_id":0,"Lake_area":0.3,"Shore_len":2.83,"Shore_dev":1.45,"Vol_total":1.63,"Vol_res":0.0,"Vol_src":3,"Depth_avg":5.4,"Dis_avg":0.033,"Res_time":572.1,"Elevation":5260,"Slope_100":5.3,"Wshd_area":12.5,"Pour_long":89.638994,"Pour_lat":29.901517,"source_id":"hydrolakes:1379048","label":""},"geometry":{"type":"Polygon","coordinates":[[[89.6409874131952,29.89765424940373],[89.64135796441053,29.89594149271693],[89.64191514757016,29.894993904961893],[89.6413888888896,29.894166666667104],[89.64012369791737,29.894290195041606],[89.6395930989591,29.89460185580822],[89.63821831597289,29.894430821737103],[89.63775716145909,29.896043896145727],[89.63848578559106,29.895953284369966],[89.63873480902862,29.896400646633992],[89.6375341796882,29.898442425198482],[89.6365125868063,29.898734639486122],[89.63598741319527,29.90006709628676],[89.63758409288272,29.901345375909216],[89.63886121961883,29.903898086548224],[89.63986328125071,29.903166368273048],[89.64046495225767,29.900386098226363],[89.64033582899373,29.899349916246592],[89.6409874131952,29.89765424940373]]]}},{"type":"Feature","id":"hydrolakes:1379103","properties":{"Hylak_id":1379103,"Lake_name":"","Country":"China","Continent":"Asia","Poly_src":"SWBD","Lake_type":1,"Grand_id":0,"Lake_area":0.11,"Shore_len":1.5,"Shore_dev":1.3,"Vol_total":0.76,"Vol_res":0.0,"Vol_src":3,"Depth_avg":7.2,"Dis_avg":0.005,"Res_time":1759.6,"Elevation":5475,"Slope_100":13.34,"Wshd_area":1.7,"Pour_long":89.543531,"Pour_lat":29.874672,"source_id":"hydrolakes:1379103","label":""},"geometry":{"type":"Polygon","coordinates":[[[89.54456542968825,29.874878989326078],[89.54416666666754,29.874166666667122],[89.54323838975779,29.87442517598504],[89.54304036458416,29.87576442294693],[89.5440527343759,29.87791666666709],[89.54356255425415,29.879163750543],[89.54468885633747,29.879843232896974],[89.54562500000088,29.87935903761172],[89.54575358072992,29.87709994845966],[89.54543457031326,29.87595434400805],[89.54456542968825,29.874878989326078]]]}},{"type":"Feature","id":"hydrolakes:1379108","properties":{"Hylak_id":1379108,"Lake_name":"","Country":"China","Continent":"Asia","Poly_src":"SWBD","Lake_type":1,"Grand_id":0,"Lake_area":0.39,"Shore_len":2.76,"Shore_dev":1.24,"Vol_total":1.97,"Vol_res":0.0,"Vol_src":3,"Depth_avg":5.0,"Dis_avg":0.029,"Res_time":787.5,"Elevation":5342,"Slope_100":4.2,"Wshd_area":10.8,"Pour_long":89.597735,"Pour_lat":29.872917,"source_id":"hydrolakes:1379108","label":""},"geometry":{"type":"Polygon","coordinates":[[[89.59513020833407,29.876547029283813],[89.59708116319513,29.876232477824317],[89.59783420138967,29.876326149834995],[89.5985205078133,29.87538714091022],[89.59842339409806,29.87460949367994],[89.59948621961877,29.87328093634767],[89.5996375868063,29.872064234416143],[89.59910753038275,29.870210096571554],[89.5983365885424,29.869757037693034],[89.59648328993137,29.86998754713312],[89.59512369791753,29.869598693848104],[89.59403320312583,29.86855935838537],[89.59388888888958,29.868055555555998],[89.59345540364666,29.868179482354435],[89.59313530816053,29.870753631592265],[89.59380479600782,29.87067035251232],[89.59383463541741,29.872904078166187],[89.59331597222308,29.87518725925071],[89.59376030816048,29.87574175516812],[89.59513020833407,29.876547029283813]]]}},{"type":"Feature","id":"hydrolakes:1379146","properties":{"Hylak_id":1379146,"Lake_name":"","Country":"China","Continent":"Asia","Poly_src":"SWBD","Lake_type":1,"Grand_id":0,"Lake_area":0.19,"Shore_len":2.12,"Shore_dev":1.37,"Vol_total":0.53,"Vol_res":0.0,"Vol_src":3,"Depth_avg":2.8,"Dis_avg":0.225,"Res_time":27.4,"Elevation":5500,"Slope_100":1.56,"Wshd_area":15.6,"Pour_long":85.842014,"Pour_lat":29.854376,"source_id":"hydrolakes:1379146","label":""},"geometry":{"type":"Polygon","coordinates":[[[85.84538608127212,29.85180901421478],[85.84679999457518,29.851819610596237],[85.84873894585547,29.849632076687783],[85.84604139539971,29.849105478923036],[85.8458333333337,29.84888888888935],[85.84383334689721,29.849429728190557],[85.84318576388944,29.85068674723351],[85.84319736056909,29.851252653334313],[85.84125278049083,29.853507300483216],[85.84161621093796,29.854576636420745],[85.84291395399356,29.854603118896932],[85.8431916639546,29.853747219509955],[85.84408942328616,29.853158628676056],[85.84538608127212,29.85180901421478]]]}},{"type":"Feature","id":"hydrolakes:1379153","properties":{"Hylak_id":1379153,"Lake_name":"","Country":"China","Continent":"Asia","Poly_src":"SWBD","Lake_type":1,"Grand_id":0,"Lake_area":0.27,"Shore_len":2.12,"Shore_dev":1.16,"Vol_total":1.38,"Vol_res":0.0,"Vol_src":3,"Depth_avg":5.2,"Dis_avg":0.028,"Res_time":571.3,"Elevation":5298,"Slope_100":5.17,"Wshd_area":11.0,"Pour_long":89.532504,"Pour_lat":29.851679,"source_id":"hydrolakes:1379153","label":""},"geometry":{"type":"Polygon","coordinates":[[[89.53457546658063,29.84625781589142],[89.53444444444523,29.845833333333758],[89.53237033420226,29.84696551852801],[89.53209120008756,29.848757815891304],[89.53173719618127,29.84940911187107],[89.53182644314307,29.850906338162417],[89.53142523871594,29.8531635030115],[89.53355957031323,29.853290701972526],[89.53598931206665,29.85111968994181],[89.53602566189312,29.84771521674304],[89.53457546658063,29.84625781589142]]]}},{"type":"Feature","id":"hydrolakes:1379179","properties":{"Hylak_id":1379179,"Lake_name":"","Country":"China","Continent":"Asia","Poly_src":"SWBD","Lake_type":1,"Grand_id":0,"Lake_area":0.1,"Shore_len":1.39,"Shore_dev":1.25,"Vol_total":0.66,"Vol_res":0.0,"Vol_src":3,"Depth_avg":6.8,"Dis_avg":0.001,"Res_time":7692.1,"Elevation":5296,"Slope_100":12.18,"Wshd_area":0.6,"Pour_long":89.715814,"Pour_lat":29.843033,"source_id":"hydrolakes:1379179","label":""},"geometry":{"type":"Polygon","coordinates":[[[89.72039876302165,29.843922220866318],[89.71924370659792,29.842823147244303],[89.71794216579951,29.843015543620197],[89.71647406684122,29.842414754232266],[89.71611111111184,29.841944444444835],[89.71491319444516,29.842147945828458],[89.71473795572984,29.843333333333703],[89.71744249132013,29.84484322441989],[89.71955837673693,29.844571007623017],[89.72039876302165,29.843922220866318]]]}},{"type":"Feature","id":"hydrolakes:1379189","properties":{"Hylak_id":1379189,"Lake_name":"","Country":"China","Continent":"Asia","Poly_src":"SWBD","Lake_type":1,"Grand_id":0,"Lake_area":0.18,"Shore_len":1.62,"Shore_dev":1.07,"Vol_total":0.51,"Vol_res":0.0,"Vol_src":3,"Depth_avg":2.8,"Dis_avg":0.008,"Res_time":738.4,"Elevation":4985,"Slope_100":1.61,"Wshd_area":2.6,"Pour_long":86.97806,"Pour_lat":29.838197,"source_id":"hydrolakes:1379189","label":""},"geometry":{"type":"Polygon","coordinates":[[[86.9801285807298,29.83542699178099],[86.98000000000053,29.83527777777823],[86.97781792534806,29.835460171170098],[86.97681586371579,29.837256062825986],[86.9774395073789,29.838362087674113],[86.9800073242194,29.840561082628426],[86.98139919704914,29.838783857557928],[86.98188802083388,29.83745261298327],[86.98089680989654,29.835769822862858],[86.9801285807298,29.83542699178099]]]}},{"type":"Feature","id":"hydrolakes:1379226","properties":{"Hylak_id":1379226,"Lake_name":"","Country":"China","Continent":"Asia","Poly_src":"SWBD","Lake_type":1,"Grand_id":0,"Lake_area":0.26,"Shore_len":2.09,"Shore_dev":1.17,"Vol_total":0.96,"Vol_res":0.0,"Vol_src":3,"Depth_avg":3.8,"Dis_avg":0.022,"Res_time":503.5,"Elevation":4954,"Slope_100":2.64,"Wshd_area":7.4,"Pour_long":87.018249,"Pour_lat":29.822767,"source_id":"hydrolakes:1379226","label":""},"geometry":{"type":"Polygon","coordinates":[[[87.01983113606832,29.823879411485905],[87.01916666666727,29.820833333333724],[87.01865681966206,29.821020541721282],[87.01712822808207,29.820897708469374],[87.01681586371592,29.82126032511445],[87.01416775173664,29.822454087999517],[87.01181586371575,29.824688381619353],[87.01317681206638,29.825860934787784],[87.01659939236157,29.82524037679076],[87.01983113606832,29.823879411485905]]]}},{"type":"Feature","id":"hydrolakes:1379249","properties":{"Hylak_id":1379249,"Lake_name":"","Country":"China","Continent":"Asia","Poly_src":"SWBD","Lake_type":1,"Grand_id":0,"Lake_area":0.16,"Shore_len":1.86,"Shore_dev":1.3,"Vol_total":1.27,"Vol_res":0.0,"Vol_src":3,"Depth_avg":7.7,"Dis_avg":0.316,"Res_time":46.4,"Elevation":4848,"Slope_100":13.6,"Wshd_area":92.0,"Pour_long":88.471293,"Pour_lat":29.814723,"source_id":"hydrolakes:1379249","label":""},"geometry":{"type":"Polygon","coordinates":[[[88.46725613064314,29.81786856757327],[88.46822157118123,29.81732981363973],[88.4689567057298,29.817388882107593],[88.4714141167542,29.81584960937556],[88.4726703559034,29.81383687337285],[88.47250000000076,29.81305555555599],[88.4683642578131,29.814648471408873],[88.46570475260484,29.816939832899777],[88.46637912326452,29.81818411933091],[88.46725613064314,29.81786856757327]]]}},{"type":"Feature","id":"hydrolakes:1379274","properties":{"Hylak_id":1379274,"Lake_name":"","Country":"China","Continent":"Asia","Poly_src":"SWBD","Lake_type":1,"Grand_id":0,"Lake_area":0.36,"Shore_len":2.95,"Shore_dev":1.39,"Vol_total":1.74,"Vol_res":0.0,"Vol_src":3,"Depth_avg":4.8,"Dis_avg":0.055,"Res_time":365.5,"Elevation":4966,"Slope_100":4.0,"Wshd_area":18.6,"Pour_long":86.99462,"Pour_lat":29.802239,"source_id":"hydrolakes:1379274","label":""},"geometry":{"type":"Polygon","coordinates":[[[87.00519246419327,29.803776974148775],[87.00408935546943,29.80259869045733],[87.00032375759605,29.800757548014758],[86.99916666666729,29.799722222222613],[86.99742526584271,29.799899851481484],[86.99544759114644,29.80100321451863],[86.99321614583414,29.801675092909477],[86.99311971028698,29.802875077989768],[86.99483276367255,29.803504163954358],[86.99586724175413,29.802926991780964],[86.99758721245723,29.803220994737785],[86.9994184027783,29.80451933119076],[87.00013888888935,29.80368304782496],[87.00114501953192,29.804850785997644],[87.00512830946235,29.804575941298197],[87.00519246419327,29.803776974148775]]]}},{"type":"Feature","id":"hydrolakes:1379339","properties":{"Hylak_id":1379339,"Lake_name":"","Country":"China","Continent":"Asia","Poly_src":"SWBD","Lake_type":1,"Grand_id":0,"Lake_area":0.14,"Shore_len":1.66,"Shore_dev":1.26,"Vol_total":0.61,"Vol_res":0.0,"Vol_src":3,"Depth_avg":4.4,"Dis_avg":0.052,"Res_time":134.7,"Elevation":4891,"Slope_100":4.35,"Wshd_area":8.2,"Pour_long":86.233617,"Pour_lat":29.775152,"source_id":"hydrolakes:1379339","label":""},"geometry":{"type":"Polygon","coordinates":[[[86.23040134006135,29.77320980495915],[86.23027777777821,29.77277777777823],[86.22984578450576,29.77290130615279],[86.22911688910636,29.774872741699653],[86.22820977105079,29.775599127875864],[86.22929673936682,29.777308180067678],[86.23011271158907,29.777409684923327],[86.23177476671054,29.776080390082825],[86.2340105523009,29.775138278537725],[86.23408501519168,29.77453965928862],[86.23131306966206,29.773939904107408],[86.23040134006135,29.77320980495915]]]}},{"type":"Feature","id":"hydrolakes:1379359","properties":{"Hylak_id":1379359,"Lake_name":"","Country":"China","Continent":"Asia","Poly_src":"SWBD","Lake_type":1,"Grand_id":0,"Lake_area":0.61,"Shore_len":4.0,"Shore_dev":1.44,"Vol_total":3.35,"Vol_res":0.0,"Vol_src":3,"Depth_avg":5.5,"Dis_avg":0.041,"Res_time":946.6,"Elevation":4976,"Slope_100":4.37,"Wshd_area":14.7,"Pour_long":86.927052,"Pour_lat":29.760508,"source_id":"hydrolakes:1379359","label":""},"geometry":{"type":"Polygon","coordinates":[[[86.92896484375069,29.75967966715541],[86.92777777777832,29.757777777778244],[86.9257280815977,29.75895955403695],[86.92533040364651,29.761998901367633],[86.9232736545145,29.762685241699614],[86.92172580295193,29.764661678738605],[86.91987141927143,29.76876032511433],[86.91880737304751,29.770118984646672],[86.91870062934095,29.771448126899315],[86.919212646485,29.772042388916475],[86.92026435004402,29.772126888699404],[86.92311537000916,29.771044972738082],[86.92482082790866,29.768983272976755],[86.92523125542596,29.76717647976386],[86.92840942382867,29.76170893351275],[86.92896484375069,29.75967966715541]]]}},{"type":"Feature","id":"hydrolakes:1379364","properties":{"Hylak_id":1379364,"Lake_name":"","Country":"China","Continent":"Asia","Poly_src":"SWBD","Lake_type":1,"Grand_id":0,"Lake_area":0.29,"Shore_len":2.12,"Shore_dev":1.11,"Vol_total":2.08,"Vol_res":0.0,"Vol_src":3,"Depth_avg":7.1,"Dis_avg":0.006,"Res_time":4010.5,"Elevation":5600,"Slope_100":9.65,"Wshd_area":1.9,"Pour_long":88.236799,"Pour_lat":29.754688,"source_id":"hydrolakes:1379364","label":""},"geometry":{"type":"Polygon","coordinates":[[[88.24123969184092,29.752371436225474],[88.24111111111188,29.7522222222226],[88.23768690321236,29.75250842624297],[88.2357047526051,29.75339291042809],[88.23603325737912,29.754927029080193],[88.2391126844625,29.756095614963556],[88.24087022569518,29.757341749403793],[88.24189832899384,29.75742436726921],[88.24345187717097,29.756085849338604],[88.2436116536465,29.75409829033788],[88.24123969184092,29.752371436225474]]]}},{"type":"Feature","id":"hydrolakes:1379368","properties":{"Hylak_id":1379368,"Lake_name":"","Country":"China","Continent":"Asia","Poly_src":"SWBD","Lake_type":1,"Grand_id":0,"Lake_area":0.29,"Shore_len":2.03,"Shore_dev":1.07,"Vol_total":0.9,"Vol_res":0.0,"Vol_src":3,"Depth_avg":3.1,"Dis_avg":0.039,"Res_time":267.2,"Elevation":5334,"Slope_100":1.74,"Wshd_area":2.2,"Pour_long":85.765817,"Pour_lat":29.751184,"source_id":"hydrolakes:1379368","label":""},"geometry":{"type":"Polygon","coordinates":[[[85.76539123535213,29.745719875759903],[85.76527777777818,29.745555555555995],[85.76409667968795,29.745689866808107],[85.76329616970526,29.74624255710222],[85.76281155056478,29.748215755886918],[85.7634062364371,29.750533294678178],[85.76438652886338,29.751989017063295],[85.76570502387193,29.75239771525122],[85.76724195692321,29.752003309462168],[85.7678912353523,29.75045740763386],[85.7676553005648,29.746922929552227],[85.76539123535213,29.745719875759903]]]}},{"type":"Feature","id":"hydrolakes:1379413","properties":{"Hylak_id":1379413,"Lake_name":"","Country":"China","Continent":"Asia","Poly_src":"SWBD","Lake_type":1,"Grand_id":0,"Lake_area":0.13,"Shore_len":1.57,"Shore_dev":1.21,"Vol_total":0.42,"Vol_res":0.0,"Vol_src":3,"Depth_avg":3.1,"Dis_avg":0.012,"Res_time":404.6,"Elevation":5375,"Slope_100":2.22,"Wshd_area":0.7,"Pour_long":85.208106,"Pour_lat":29.730002,"source_id":"hydrolakes:1379413","label":""},"geometry":{"type":"Polygon","coordinates":[[[85.21331649780325,29.727083333333724],[85.21305555555602,29.726388888889403],[85.21207048204252,29.72651492648697],[85.20929270426484,29.728181593153636],[85.20870334201447,29.729137081570457],[85.20765174018061,29.73001063029011],[85.20885182698612,29.730959370931373],[85.21119805230092,29.730171407064347],[85.21289645724863,29.72820117526618],[85.21331649780325,29.727083333333724]]]}},{"type":"Feature","id":"hydrolakes:1379425","properties":{"Hylak_id":1379425,"Lake_name":"","Country":"China","Continent":"Asia","Poly_src":"SWBD","Lake_type":1,"Grand_id":0,"Lake_area":0.14,"Shore_len":1.57,"Shore_dev":1.18,"Vol_total":0.75,"Vol_res":0.0,"Vol_src":3,"Depth_avg":5.3,"Dis_avg":0.019,"Res_time":456.3,"Elevation":5422,"Slope_100":6.55,"Wshd_area":5.8,"Pour_long":88.235391,"Pour_lat":29.720123,"source_id":"hydrolakes:1379425","label":""},"geometry":{"type":"Polygon","coordinates":[[[88.2359841579867,29.71977089775976],[88.23527777777855,29.718888888889353],[88.23450927734433,29.719108615451944],[88.23395941840334,29.720539449056446],[88.233535427518,29.72394677056252],[88.2349609375006,29.724353790283658],[88.23651231553902,29.72234575059713],[88.23762342664992,29.721455976698678],[88.23700168185837,29.720199703640787],[88.2359841579867,29.71977089775976]]]}},{"type":"Feature","id":"hydrolakes:1379451","properties":{"Hylak_id":1379451,"Lake_name":"","Country":"China","Continent":"Asia","Poly_src":"SWBD","Lake_type":1,"Grand_id":0,"Lake_area":0.25,"Shore_len":1.88,"Shore_dev":1.07,"Vol_total":0.91,"Vol_res":0.0,"Vol_src":3,"Depth_avg":3.7,"Dis_avg":0.137,"Res_time":76.6,"Elevation":4903,"Slope_100":2.58,"Wshd_area":48.7,"Pour_long":87.015827,"Pour_lat":29.70326,"source_id":"hydrolakes:1379451","label":""},"geometry":{"type":"Polygon","coordinates":[[[87.01776217990516,29.701960076226555],[87.01750000000055,29.70166666666705],[87.01619235568637,29.701841566298185],[87.01348008897645,29.705029975043942],[87.01433024088595,29.706017727322433],[87.01634874132014,29.70702219645227],[87.01824774848171,29.706435750325966],[87.01928819444498,29.705506184896194],[87.01957546658042,29.704575534397065],[87.02040879991398,29.703382500542943],[87.0193443467889,29.702448628743866],[87.01776217990516,29.701960076226555]]]}},{"type":"Feature","id":"hydrolakes:1379480","properties":{"Hylak_id":1379480,"Lake_name":"","Country":"China","Continent":"Asia","Poly_src":"SWBD","Lake_type":1,"Grand_id":0,"Lake_area":0.19,"Shore_len":2.1,"Shore_dev":1.37,"Vol_total":0.28,"Vol_res":0.0,"Vol_src":3,"Depth_avg":1.5,"Dis_avg":0.065,"Res_time":50.6,"Elevation":4850,"Slope_100":0.45,"Wshd_area":13.6,"Pour_long":86.274755,"Pour_lat":29.683199,"source_id":"hydrolakes:1379480","label":""},"geometry":{"type":"Polygon","coordinates":[[[86.27513224283916,29.683473544651065],[86.27527777777846,29.682777777778142],[86.273234727648,29.683899366591163],[86.27265462239643,29.686113654243],[86.27505316840319,29.690118984646745],[86.27735283745722,29.690210130479954],[86.27739583333374,29.68912228054512],[86.27544080946228,29.6867199367951],[86.27544216579912,29.684357774522937],[86.27513224283916,29.683473544651065]]]}},{"type":"Feature","id":"hydrolakes:1379503","properties":{"Hylak_id":1379503,"Lake_name":"","Country":"China","Continent":"Asia","Poly_src":"SWBD","Lake_type":1,"Grand_id":0,"Lake_area":0.13,"Shore_len":1.58,"Shore_dev":1.24,"Vol_total":0.85,"Vol_res":0.0,"Vol_src":3,"Depth_avg":6.5,"Dis_avg":0.003,"Res_time":3269.3,"Elevation":5512,"Slope_100":10.27,"Wshd_area":0.7,"Pour_long":86.381071,"Pour_lat":29.672277,"source_id":"hydrolakes:1379503","label":""},"geometry":{"type":"Polygon","coordinates":[[[86.38012858072983,29.66903811984639],[86.38000000000056,29.66888888888934],[86.37876030816028,29.66905107286283],[86.37908786349868,29.670803900825092],[86.37965779622459,29.671294962565526],[86.37944186740503,29.67398291693837],[86.38032470703195,29.674053853353314],[86.3811509874136,29.673685167101155],[86.38297526041714,29.671479797363645],[86.38012858072983,29.66903811984639]]]}},{"type":"Feature","id":"hydrolakes:1379514","properties":{"Hylak_id":1379514,"Lake_name":"","Country":"China","Continent":"Asia","Poly_src":"SWBD","Lake_type":1,"Grand_id":0,"Lake_area":0.63,"Shore_len":4.58,"Shore_dev":1.63,"Vol_total":1.41,"Vol_res":0.0,"Vol_src":3,"Depth_avg":2.2,"Dis_avg":0.028,"Res_time":581.6,"Elevation":4846,"Slope_100":0.68,"Wshd_area":5.4,"Pour_long":86.265984,"Pour_lat":29.664583,"source_id":"hydrolakes:1379514","label":""},"geometry":{"type":"Polygon","coordinates":[[[86.2696043565544,29.66901004367446],[86.27064792209245,29.666858859592367],[86.27193413628538,29.667730712891057],[86.27235839843792,29.66748216417136],[86.27151394314274,29.666236368815476],[86.27153116862024,29.665386115180468],[86.27266981336851,29.66429219563838],[86.27263400607694,29.662541741265613],[86.27026692708381,29.66335194905639],[86.26930826822974,29.661972045898892],[86.27146606445376,29.65912845187762],[86.2697222222227,29.65805555555596],[86.26957994249182,29.659891662598113],[86.2687242296011,29.66071377224432],[86.26762505425398,29.660691324870243],[86.26705729166713,29.65952100965768],[86.26649793836884,29.659030558268682],[86.26525309244835,29.659671834310302],[86.26569878472282,29.66097398546043],[86.2637928602436,29.66222361246787],[86.26544203016539,29.665425008138584],[86.26540323893289,29.667322489421053],[86.26588297526092,29.66919443766318],[86.26699069552996,29.670654229058698],[86.2696043565544,29.66901004367446]]]}},{"type":"Feature","id":"hydrolakes:1379558","properties":{"Hylak_id":1379558,"Lake_name":"","Country":"China","Continent":"Asia","Poly_src":"SWBD","Lake_type":1,"Grand_id":0,"Lake_area":0.11,"Shore_len":1.36,"Shore_dev":1.17,"Vol_total":0.44,"Vol_res":0.0,"Vol_src":3,"Depth_avg":4.0,"Dis_avg":0.055,"Res_time":91.8,"Elevation":5282,"Slope_100":4.04,"Wshd_area":18.1,"Pour_long":87.927022,"Pour_lat":29.642132,"source_id":"hydrolakes:1379558","label":""},"geometry":{"type":"Polygon","coordinates":[[[87.92623725043478,29.640707295736036],[87.92484836154586,29.64068159315366],[87.92210910373353,29.64141337076859],[87.922048068577,29.64201256646095],[87.92277533637241,29.642888115777453],[87.92364366319521,29.642976616753913],[87.92760742187568,29.64253211127442],[87.92772732204935,29.641353624132364],[87.92623725043478,29.640707295736036]]]}},{"type":"Feature","id":"hydrolakes:1379572","properties":{"Hylak_id":1379572,"Lake_name":"","Country":"China","Continent":"Asia","Poly_src":"SWBD","Lake_type":1,"Grand_id":0,"Lake_area":0.11,"Shore_len":1.51,"Shore_dev":1.29,"Vol_total":0.61,"Vol_res":0.0,"Vol_src":3,"Depth_avg":5.6,"Dis_avg":0.019,"Res_time":370.6,"Elevation":5410,"Slope_100":7.87,"Wshd_area":6.0,"Pour_long":88.007092,"Pour_lat":29.633467,"source_id":"hydrolakes:1379572","label":""},"geometry":{"type":"Polygon","coordinates":[[[88.0075832790805,29.633367953830657],[88.0082459852436,29.63062666151302],[88.00836452908044,29.628849555121974],[88.00750000000073,29.62805555555599],[88.00667588975756,29.628691677517793],[88.0058840603304,29.630792914496965],[88.0060272894973,29.631761745877156],[88.00543457031324,29.632744445801166],[88.00569878472282,29.63325537787597],[88.00651367187572,29.633134969075968],[88.0069745551221,29.633732130263127],[88.0075832790805,29.633367953830657]]]}},{"type":"Feature","id":"hydrolakes:1379632","properties":{"Hylak_id":1379632,"Lake_name":"","Country":"China","Continent":"Asia","Poly_src":"SWBD","Lake_type":1,"Grand_id":0,"Lake_area":0.71,"Shore_len":3.39,"Shore_dev":1.13,"Vol_total":4.07,"Vol_res":0.0,"Vol_src":3,"Depth_avg":5.7,"Dis_avg":0.222,"Res_time":211.9,"Elevation":4506,"Slope_100":4.59,"Wshd_area":66.4,"Pour_long":88.231252,"Pour_lat":29.585421,"source_id":"hydrolakes:1379632","label":""},"geometry":{"type":"Polygon","coordinates":[[[88.23497612847291,29.583582322862753],[88.23138888888963,29.58277777777829],[88.2309825303825,29.58320478651308],[88.23007242838617,29.583461880154516],[88.22942518446251,29.582710808648528],[88.22818413628528,29.584017435709995],[88.22753526475765,29.58529557969871],[88.22826578776113,29.58632585313626],[88.2270730251742,29.587072991265643],[88.2262858072923,29.588877020942277],[88.22741482204918,29.58984961615704],[88.23014919704946,29.59012854682112],[88.23276258680642,29.59122921413899],[88.23470486111177,29.590145636664943],[88.23696506076448,29.58946509467279],[88.237350802952,29.58818410237666],[88.23805392795214,29.58757829454248],[88.23741048177158,29.5864251369905],[88.23497612847291,29.583582322862753]]]}},{"type":"Feature","id":"hydrolakes:1379638","properties":{"Hylak_id":1379638,"Lake_name":"","Country":"China","Continent":"Asia","Poly_src":"SWBD","Lake_type":1,"Grand_id":0,"Lake_area":0.2,"Shore_len":1.97,"Shore_dev":1.23,"Vol_total":0.63,"Vol_res":0.0,"Vol_src":3,"Depth_avg":3.1,"Dis_avg":0.096,"Res_time":75.5,"Elevation":5040,"Slope_100":1.85,"Wshd_area":5.0,"Pour_long":85.312902,"Pour_lat":29.581096,"source_id":"hydrolakes:1379638","label":""},"geometry":{"type":"Polygon","coordinates":[[[85.3095833333337,29.58219946967273],[85.31078755696683,29.581757236057342],[85.31218438042578,29.58186947292802],[85.31345689561675,29.581301642524295],[85.31348880344024,29.580904914008727],[85.31120408799961,29.579885423448786],[85.3100952148443,29.5783214992951],[85.31000000000046,29.576944444444905],[85.30893022325341,29.57713958740277],[85.30641805013062,29.5793039279518],[85.30725209554072,29.58117309570349],[85.3095833333337,29.58219946967273]]]}},{"type":"Feature","id":"hydrolakes:1379641","properties":{"Hylak_id":1379641,"Lake_name":"","Country":"China","Continent":"Asia","Poly_src":"SWBD","Lake_type":1,"Grand_id":0,"Lake_area":0.8,"Shore_len":4.65,"Shore_dev":1.47,"Vol_total":3.28,"Vol_res":0.0,"Vol_src":3,"Depth_avg":4.1,"Dis_avg":7.993,"Res_time":4.8,"Elevation":4749,"Slope_100":2.25,"Wshd_area":1588.7,"Pour_long":86.261458,"Pour_lat":29.577671,"source_id":"hydrolakes:1379641","label":""},"geometry":{"type":"Polygon","coordinates":[[[86.25752888997437,29.58345909966414],[86.2595251464848,29.582345275879334],[86.26059638129385,29.582431335449655],[86.26604817708375,29.581784328884964],[86.26727959526966,29.580355021159278],[86.26822441948843,29.57850504557331],[86.26796129014798,29.57792700873523],[86.26575453016534,29.578856336805984],[86.26514919704914,29.578206583659266],[86.26691948784776,29.57613942464235],[86.26678860134587,29.574511040582024],[86.26583333333377,29.573611111111404],[86.26492852105076,29.573776143392365],[86.26416666666711,29.575483635796786],[86.2627011447488,29.575365871853705],[86.26164930555603,29.5759526909726],[86.25996704101624,29.577905273437864],[86.25737141927141,29.578760342068563],[86.25552544487903,29.579041646322025],[86.25228217230944,29.580684814453548],[86.25238403320361,29.58195271809933],[86.25427612304748,29.583043585883672],[86.25578857421925,29.582488165961763],[86.25752888997437,29.58345909966414]]]}},{"type":"Feature","id":"hydrolakes:1379724","properties":{"Hylak_id":1379724,"Lake_name":"","Country":"China","Continent":"Asia","Poly_src":"SWBD","Lake_type":1,"Grand_id":0,"Lake_area":0.77,"Shore_len":4.92,"Shore_dev":1.58,"Vol_total":2.61,"Vol_res":0.0,"Vol_src":3,"Depth_avg":3.4,"Dis_avg":0.143,"Res_time":211.6,"Elevation":5029,"Slope_100":1.52,"Wshd_area":8.2,"Pour_long":85.645526,"Pour_lat":29.529408,"source_id":"hydrolakes:1379724","label":""},"geometry":{"type":"Polygon","coordinates":[[[85.6469925265846,29.530397237142267],[85.6484403483077,29.52264346652612],[85.64610636393286,29.519798787435377],[85.64388888888959,29.519166666667104],[85.64306498209675,29.519676005045937],[85.64157226562543,29.51903557671477],[85.6379565429691,29.5222473483621],[85.63736891004828,29.523553161621578],[85.63799438476605,29.52470411512627],[85.63941609700561,29.52403557671488],[85.64064927842912,29.525415785048153],[85.6426413981124,29.525983751085448],[85.64438652886321,29.524868910048156],[85.64565395779124,29.525557691786446],[85.6450483534075,29.5266721937395],[85.6411319308815,29.527721354167113],[85.6405489095057,29.528373921712614],[85.64107537163682,29.529841240777273],[85.64358276367238,29.52875779893708],[85.64530524359844,29.529375881619274],[85.64625705295191,29.530441080729474],[85.6469925265846,29.530397237142267]]]}},{"type":"Feature","id":"hydrolakes:1379744","properties":{"Hylak_id":1379744,"Lake_name":"","Country":"China","Continent":"Asia","Poly_src":"SWBD","Lake_type":1,"Grand_id":0,"Lake_area":0.77,"Shore_len":4.38,"Shore_dev":1.4,"Vol_total":3.19,"Vol_res":0.0,"Vol_src":3,"Depth_avg":4.1,"Dis_avg":1.43,"Res_time":25.8,"Elevation":4749,"Slope_100":2.26,"Wshd_area":205.6,"Pour_long":86.28835,"Pour_lat":29.519611,"source_id":"hydrolakes:1379744","label":""},"geometry":{"type":"Polygon","coordinates":[[[86.28232883029574,29.52392791748099],[86.28531480577317,29.5207053290477],[86.28768419053893,29.52263359917572],[86.28979356553873,29.52210744222043],[86.29124471028689,29.52142255995045],[86.29079413520026,29.520654195150087],[86.28767428928006,29.517763536241716],[86.28691053602478,29.516145053440084],[86.28435221354215,29.514588623047246],[86.28373155382008,29.515091518826353],[86.28376586914106,29.515955742730398],[86.28286241319489,29.516433749729117],[86.28027777777828,29.51416666666705],[86.27795491536517,29.515359632704474],[86.27736640082526,29.51647186279331],[86.27775675455774,29.517372945150157],[86.27844455295207,29.51734568278033],[86.27994913737024,29.518739793565885],[86.27847751193627,29.520103386773428],[86.27874471028696,29.520699734158484],[86.28041137695368,29.522644178602775],[86.28232883029574,29.52392791748099]]]}},{"type":"Feature","id":"hydrolakes:1379779","properties":{"Hylak_id":1379779,"Lake_name":"","Country":"China","Continent":"Asia","Poly_src":"SWBD","Lake_type":1,"Grand_id":0,"Lake_area":0.13,"Shore_len":1.48,"Shore_dev":1.15,"Vol_total":0.98,"Vol_res":0.0,"Vol_src":3,"Depth_avg":7.4,"Dis_avg":0.002,"Res_time":5698.0,"Elevation":5391,"Slope_100":13.28,"Wshd_area":0.6,"Pour_long":88.951246,"Pour_lat":29.499359,"source_id":"hydrolakes:1379779","label":""},"geometry":{"type":"Polygon","coordinates":[[[88.95262505425416,29.499788275825154],[88.95222222222299,29.498611111111472],[88.95009412977521,29.49877129448828],[88.94708767361192,29.49950415717268],[88.94705240885486,29.50123358832502],[88.94914062500084,29.50208055284338],[88.95262505425416,29.499788275825154]]]}},{"type":"Feature","id":"hydrolakes:1379877","properties":{"Hylak_id":1379877,"Lake_name":"","Country":"China","Continent":"Asia","Poly_src":"SWBD","Lake_type":1,"Grand_id":0,"Lake_area":0.17,"Shore_len":1.63,"Shore_dev":1.13,"Vol_total":0.44,"Vol_res":0.0,"Vol_src":3,"Depth_avg":2.7,"Dis_avg":0.006,"Res_time":855.1,"Elevation":4581,"Slope_100":1.47,"Wshd_area":2.1,"Pour_long":86.668438,"Pour_lat":29.434882,"source_id":"hydrolakes:1379877","label":""},"geometry":{"type":"Polygon","coordinates":[[[86.66960123697964,29.432065463596302],[86.66944444444505,29.43138888888933],[86.66822184244859,29.43153832329682],[86.66711330837717,29.432393900553734],[86.66682345920196,29.43376786973778],[86.66574761284784,29.435218980577588],[86.66717041015676,29.436273803711288],[86.6691847059468,29.43657148573169],[86.6703987630213,29.43584537082296],[86.66960123697964,29.432065463596302]]]}},{"type":"Feature","id":"hydrolakes:1379885","properties":{"Hylak_id":1379885,"Lake_name":"","Country":"China","Continent":"Asia","Poly_src":"SWBD","Lake_type":1,"Grand_id":0,"Lake_area":0.11,"Shore_len":1.42,"Shore_dev":1.22,"Vol_total":0.33,"Vol_res":0.0,"Vol_src":3,"Depth_avg":3.1,"Dis_avg":0.1,"Res_time":38.2,"Elevation":4899,"Slope_100":2.26,"Wshd_area":6.5,"Pour_long":85.871577,"Pour_lat":29.42771,"source_id":"hydrolakes:1379885","label":""},"geometry":{"type":"Polygon","coordinates":[[[85.87235080295187,29.42681589762418],[85.87222222222272,29.426666666667018],[85.87027316623323,29.427022196452356],[85.86737691243542,29.42869201660193],[85.86726223415843,29.430119798448686],[85.86841742621567,29.43021260579468],[85.8724592420794,29.428165588379272],[85.87235080295187,29.42681589762418]]]}},{"type":"Feature","id":"hydrolakes:1379901","properties":{"Hylak_id":1379901,"Lake_name":"","Country":"China","Continent":"Asia","Poly_src":"SWBD","Lake_type":1,"Grand_id":0,"Lake_area":0.31,"Shore_len":2.45,"Shore_dev":1.24,"Vol_total":1.35,"Vol_res":0.0,"Vol_src":3,"Depth_avg":4.4,"Dis_avg":0.102,"Res_time":153.5,"Elevation":4779,"Slope_100":3.45,"Wshd_area":15.0,"Pour_long":86.218427,"Pour_lat":29.417919,"source_id":"hydrolakes:1379901","label":""},"geometry":{"type":"Polygon","coordinates":[[[86.21665934244845,29.411821289062857],[86.21611111111156,29.411111111111666],[86.21518283420181,29.41136962890664],[86.21511705186686,29.41181437174521],[86.215815836589,29.413413492839084],[86.21500691731814,29.41475470648919],[86.21576470269156,29.416606309679196],[86.21737901475751,29.41845431857672],[86.2177657063807,29.419843207465703],[86.21915486653694,29.419507717556826],[86.22095431857701,29.415458780924894],[86.21963582356824,29.414441121419657],[86.21873684353352,29.412938096788594],[86.21665934244845,29.411821289062857]]]}},{"type":"Feature","id":"hydrolakes:1379939","properties":{"Hylak_id":1379939,"Lake_name":"","Country":"China","Continent":"Asia","Poly_src":"SWBD","Lake_type":1,"Grand_id":0,"Lake_area":0.39,"Shore_len":2.32,"Shore_dev":1.05,"Vol_total":1.59,"Vol_res":0.0,"Vol_src":3,"Depth_avg":4.1,"Dis_avg":0.009,"Res_time":2045.5,"Elevation":4865,"Slope_100":2.8,"Wshd_area":1.5,"Pour_long":86.228268,"Pour_lat":29.393175,"source_id":"hydrolakes:1379939","label":""},"geometry":{"type":"Polygon","coordinates":[[[86.23290879991367,29.389868910048108],[86.23119778103376,29.389857109917898],[86.22799519856824,29.391893920898838],[86.22736897786513,29.39363945855075],[86.22773437500064,29.394191555447435],[86.23003729926262,29.396081136068062],[86.232164849176,29.396966078016874],[86.23309285481815,29.396136949327683],[86.23513102213599,29.392386203342426],[86.23396104600744,29.390351833767795],[86.23290879991367,29.389868910048108]]]}},{"type":"Feature","id":"hydrolakes:1379981","properties":{"Hylak_id":1379981,"Lake_name":"","Country":"China","Continent":"Asia","Poly_src":"SWBD","Lake_type":1,"Grand_id":0,"Lake_area":0.16,"Shore_len":2.39,"Shore_dev":1.66,"Vol_total":0.23,"Vol_res":0.0,"Vol_src":3,"Depth_avg":1.4,"Dis_avg":592.864,"Res_time":0.1,"Elevation":3821,"Slope_100":0.38,"Wshd_area":97661.9,"Pour_long":88.992236,"Pour_lat":29.367095,"source_id":"hydrolakes:1379981","label":""},"geometry":{"type":"Polygon","coordinates":[[[88.98712592230993,29.369141506619258],[88.98874294704939,29.368460489909296],[88.98981445312575,29.368546617296317],[88.99096191406312,29.367906358507298],[88.99288330078207,29.367327813042834],[88.9969506835946,29.36478908962721],[88.9963888888895,29.36388888888922],[88.99502061632012,29.364742906358913],[88.99348904079926,29.365203993055957],[88.99161756727506,29.3662482367626],[88.98938937717094,29.366587795681824],[88.98813639322981,29.36706753200997],[88.98700981987912,29.36769599066878],[88.98712592230993,29.369141506619258]]]}},{"type":"Feature","id":"hydrolakes:1379995","properties":{"Hylak_id":1379995,"Lake_name":"","Country":"China","Continent":"Asia","Poly_src":"SWBD","Lake_type":1,"Grand_id":0,"Lake_area":0.19,"Shore_len":2.82,"Shore_dev":1.83,"Vol_total":0.39,"Vol_res":0.0,"Vol_src":3,"Depth_avg":2.1,"Dis_avg":517.367,"Res_time":0.1,"Elevation":3895,"Slope_100":0.85,"Wshd_area":73933.4,"Pour_long":88.255024,"Pour_lat":29.357819,"source_id":"hydrolakes:1379995","label":""},"geometry":{"type":"Polygon","coordinates":[[[88.2496025933167,29.359965888129693],[88.25156385633744,29.359014350043765],[88.2539553493931,29.359063178168924],[88.25610731336866,29.35813205295176],[88.25555555555621,29.357222222222674],[88.25347005208403,29.357358262804212],[88.25174723307362,29.357711046007296],[88.24946668836861,29.358636135525614],[88.24609049479238,29.360784640842382],[88.2445914713548,29.363029920790325],[88.24591688368122,29.363747219510003],[88.2474617513027,29.361663208008167],[88.2496025933167,29.359965888129693]]]}},{"type":"Feature","id":"hydrolakes:1379997","properties":{"Hylak_id":1379997,"Lake_name":"","Country":"China","Continent":"Asia","Poly_src":"SWBD","Lake_type":1,"Grand_id":0,"Lake_area":0.21,"Shore_len":3.24,"Shore_dev":1.98,"Vol_total":0.3,"Vol_res":0.0,"Vol_src":3,"Depth_avg":1.4,"Dis_avg":594.595,"Res_time":0.1,"Elevation":3822,"Slope_100":0.36,"Wshd_area":97596.5,"Pour_long":88.973958,"Pour_lat":29.357001,"source_id":"hydrolakes:1379997","label":""},"geometry":{"type":"Polygon","coordinates":[[[88.96901991102499,29.352924465603678],[88.96888888888958,29.352777777778158],[88.96821506076469,29.352985839844166],[88.96814588758747,29.354148084852852],[88.9698480902785,29.355337117513443],[88.97265462239653,29.35637329101604],[88.97359944661537,29.35785895453597],[88.97525146484446,29.358617214627145],[88.97650444878548,29.359736802843315],[88.97570231119869,29.361972791884114],[88.97716037326472,29.3626310899528],[88.977728407119,29.361676025390977],[88.97707139757011,29.359301554362332],[88.97763102213617,29.358801337348496],[88.97728922526119,29.35799974229633],[88.97604899088611,29.357430555555936],[88.97126302083399,29.354107326931853],[88.96985839843813,29.353673638238206],[88.96901991102499,29.352924465603678]]]}},{"type":"Feature","id":"hydrolakes:1379999","properties":{"Hylak_id":1379999,"Lake_name":"","Country":"China","Continent":"Asia","Poly_src":"SWBD","Lake_type":1,"Grand_id":0,"Lake_area":0.21,"Shore_len":2.78,"Shore_dev":1.7,"Vol_total":0.49,"Vol_res":0.0,"Vol_src":3,"Depth_avg":2.3,"Dis_avg":598.824,"Res_time":0.1,"Elevation":3772,"Slope_100":1.02,"Wshd_area":107016.1,"Pour_long":89.576314,"Pour_lat":29.356254,"source_id":"hydrolakes:1379999","label":""},"geometry":{"type":"Polygon","coordinates":[[[89.57281412760506,29.358053521050692],[89.57553873697992,29.35743448893271],[89.57762858072988,29.356229722765136],[89.57719238281317,29.355303751627957],[89.572265082466,29.35651746961838],[89.56955132378545,29.356190863715653],[89.56810926649376,29.355547553168833],[89.56638888888966,29.354166666667084],[89.56571451822987,29.35474745008713],[89.56565158420227,29.35553310818176],[89.56702039930644,29.357121853298963],[89.56815104166736,29.357030978733007],[89.5693744574661,29.357989230686144],[89.57281412760506,29.358053521050692]]]}},{"type":"Feature","id":"hydrolakes:1380009","properties":{"Hylak_id":1380009,"Lake_name":"","Country":"China","Continent":"Asia","Poly_src":"SWBD","Lake_type":1,"Grand_id":0,"Lake_area":0.23,"Shore_len":2.55,"Shore_dev":1.51,"Vol_total":0.96,"Vol_res":0.0,"Vol_src":3,"Depth_avg":4.2,"Dis_avg":517.586,"Res_time":0.1,"Elevation":3888,"Slope_100":3.5,"Wshd_area":74000.4,"Pour_long":88.287719,"Pour_lat":29.350341,"source_id":"hydrolakes:1380009","label":""},"geometry":{"type":"Polygon","coordinates":[[[88.27939507378562,29.351049940321616],[88.28168158637214,29.350349460178336],[88.28240478515704,29.350439385308505],[88.28541124132016,29.349763590495172],[88.2876025390633,29.350909559462195],[88.28845675998326,29.349456176758167],[88.28728271484437,29.34933261447526],[88.28495252821239,29.347962849935243],[88.28311469184092,29.34764309353335],[88.28277777777845,29.347222222222626],[88.28155219184123,29.347435506185263],[88.28049479166731,29.34875623914968],[88.27830430772644,29.349075046115786],[88.27765435112912,29.350766262478714],[88.27939507378562,29.351049940321616]]]}},{"type":"Feature","id":"hydrolakes:1380015","properties":{"Hylak_id":1380015,"Lake_name":"","Country":"China","Continent":"Asia","Poly_src":"SWBD","Lake_type":1,"Grand_id":0,"Lake_area":0.24,"Shore_len":2.09,"Shore_dev":1.2,"Vol_total":0.35,"Vol_res":0.0,"Vol_src":3,"Depth_avg":1.5,"Dis_avg":595.226,"Res_time":0.1,"Elevation":3823,"Slope_100":0.38,"Wshd_area":97591.4,"Pour_long":88.964657,"Pour_lat":29.347131,"source_id":"hydrolakes:1380015","label":""},"geometry":{"type":"Polygon","coordinates":[[[88.96402425130293,29.342406684028163],[88.96361111111179,29.341944444444835],[88.96296495225766,29.342521701389217],[88.96287977430632,29.343954196506445],[88.96344563802148,29.3455319552956],[88.96264675564316,29.347002360026522],[88.96299831814315,29.347866278754793],[88.96558403862923,29.348742201063715],[88.96846435546968,29.347565782335437],[88.96796847873338,29.3461130778],[88.96402425130293,29.342406684028163]]]}},{"type":"Feature","id":"hydrolakes:1380018","properties":{"Hylak_id":1380018,"Lake_name":"","Country":"China","Continent":"Asia","Poly_src":"SWBD","Lake_type":1,"Grand_id":0,"Lake_area":0.22,"Shore_len":3.3,"Shore_dev":2.0,"Vol_total":0.72,"Vol_res":0.0,"Vol_src":3,"Depth_avg":3.3,"Dis_avg":449.649,"Res_time":0.1,"Elevation":3940,"Slope_100":2.18,"Wshd_area":51103.5,"Pour_long":87.87096,"Pour_lat":29.345603,"source_id":"hydrolakes:1380018","label":""},"geometry":{"type":"Polygon","coordinates":[[[87.87090087890692,29.34866421169744],[87.87114447699713,29.34563462999165],[87.87018419053874,29.344280531141862],[87.87044433593809,29.341043362088215],[87.86976671007,29.339961480035072],[87.86888888888944,29.33916666666704],[87.86863308376803,29.339387071398107],[87.86850775824706,29.342388102213988],[87.86773193359437,29.34305664062549],[87.86700683593807,29.34503078884586],[87.86737141927148,29.34568413628506],[87.86769639757017,29.347465006510845],[87.8687418619798,29.34820624457501],[87.86949028862921,29.34814615885449],[87.87090087890692,29.34866421169744]],[[87.8689496527785,29.343729519314763],[87.86944444444504,29.343333333333703],[87.86998833550405,29.34651238335556],[87.86860595703195,29.345699869792043],[87.86820990668468,29.34498826768703],[87.8689496527785,29.343729519314763]]]}},{"type":"Feature","id":"hydrolakes:1380019","properties":{"Hylak_id":1380019,"Lake_name":"","Country":"China","Continent":"Asia","Poly_src":"SWBD","Lake_type":1,"Grand_id":0,"Lake_area":0.36,"Shore_len":4.45,"Shore_dev":2.09,"Vol_total":0.54,"Vol_res":0.0,"Vol_src":3,"Depth_avg":1.5,"Dis_avg":608.378,"Res_time":0.1,"Elevation":3804,"Slope_100":0.35,"Wshd_area":105550.5,"Pour_long":89.204378,"Pour_lat":29.345474,"source_id":"hydrolakes:1380019","label":""},"geometry":{"type":"Polygon","coordinates":[[[89.20457302517445,29.34542697482675],[89.20444444444547,29.345000000000425],[89.20353922526124,29.34527255588148],[89.20302842882012,29.34666334364198],[89.20284369574733,29.348964843750366],[89.20437852647649,29.350757378472622],[89.20424506293489,29.35241929796041],[89.20467637803887,29.354396904839803],[89.20453396267425,29.356170315213035],[89.20620469835143,29.35778137207069],[89.20688178168484,29.35929924858982],[89.20830919053901,29.361144341363172],[89.21033582899378,29.362820638021162],[89.21083089192774,29.361472303602852],[89.2084969075529,29.359461534288585],[89.20687798394164,29.356246066623612],[89.20618272569527,29.353059217665475],[89.2063929579001,29.350443386502093],[89.20516303168466,29.347522786458796],[89.20457302517445,29.34542697482675]]]}},{"type":"Feature","id":"hydrolakes:1380028","properties":{"Hylak_id":1380028,"Lake_name":"","Country":"China","Continent":"Asia","Poly_src":"SWBD","Lake_type":1,"Grand_id":0,"Lake_area":0.17,"Shore_len":2.56,"Shore_dev":1.76,"Vol_total":0.73,"Vol_res":0.0,"Vol_src":3,"Depth_avg":4.3,"Dis_avg":608.056,"Res_time":0.1,"Elevation":3806,"Slope_100":4.06,"Wshd_area":105396.5,"Pour_long":89.200178,"Pour_lat":29.341845,"source_id":"hydrolakes:1380028","label":""},"geometry":{"type":"Polygon","coordinates":[[[89.20074300130295,29.341129692925733],[89.19931342230984,29.340131089952592],[89.19616455078193,29.33986226399776],[89.19385226779593,29.33903259277389],[89.19109971788265,29.338664415147946],[89.19055555555627,29.33805555555591],[89.18986897786527,29.338669026693083],[89.1901858181431,29.340455254449182],[89.19430609809098,29.34020968967053],[89.19552191840364,29.341059027778215],[89.1984800889764,29.341519978841575],[89.20068088107723,29.342171698676623],[89.20074300130295,29.341129692925733]]]}},{"type":"Feature","id":"hydrolakes:1380035","properties":{"Hylak_id":1380035,"Lake_name":"","Country":"China","Continent":"Asia","Poly_src":"SWBD","Lake_type":1,"Grand_id":0,"Lake_area":0.19,"Shore_len":1.83,"Shore_dev":1.19,"Vol_total":0.74,"Vol_res":0.0,"Vol_src":3,"Depth_avg":4.0,"Dis_avg":0.003,"Res_time":2856.5,"Elevation":4349,"Slope_100":3.3,"Wshd_area":1.5,"Pour_long":87.133528,"Pour_lat":29.338877,"source_id":"hydrolakes:1380035","label":""},"geometry":{"type":"Polygon","coordinates":[[[87.1320803493931,29.335762532552508],[87.13194444444497,29.335000000000434],[87.13138142903694,29.33546766493089],[87.13082248263947,29.337372300890138],[87.12939602322126,29.33855726454044],[87.12925333658916,29.339956122504702],[87.130429551867,29.340681627061997],[87.13077731662378,29.34148342556466],[87.1336701117628,29.340228814019497],[87.13378906250051,29.337949693468204],[87.13314358181475,29.33664564344656],[87.1320803493931,29.335762532552508]]]}},{"type":"Feature","id":"hydrolakes:1380037","properties":{"Hylak_id":1380037,"Lake_name":"","Country":"China","Continent":"Asia","Poly_src":"SWBD","Lake_type":1,"Grand_id":0,"Lake_area":0.21,"Shore_len":3.19,"Shore_dev":1.95,"Vol_total":0.43,"Vol_res":0.0,"Vol_src":3,"Depth_avg":2.0,"Dis_avg":608.853,"Res_time":0.1,"Elevation":3807,"Slope_100":0.77,"Wshd_area":105391.0,"Pour_long":89.175657,"Pour_lat":29.337682,"source_id":"hydrolakes:1380037","label":""},"geometry":{"type":"Polygon","coordinates":[[[89.17313313802163,29.33806667751776],[89.1759722222231,29.337838541666997],[89.17762858072984,29.337971666124588],[89.17731363932376,29.336871066623587],[89.17456217447983,29.336451755100256],[89.1738888888899,29.33583333333371],[89.17326063368137,29.33602254231812],[89.17031141493129,29.338139784071586],[89.16923366970565,29.339659830729545],[89.16898735894176,29.34272555881114],[89.16966227213612,29.344237942166217],[89.17150390625085,29.3447420247399],[89.17158420138958,29.34374098036062],[89.17016248915013,29.34251607259165],[89.17008002387229,29.341490071614942],[89.17048665364649,29.340139295790266],[89.17313313802163,29.33806667751776]]]}},{"type":"Feature","id":"hydrolakes:1380038","properties":{"Hylak_id":1380038,"Lake_name":"","Country":"China","Continent":"Asia","Poly_src":"SWBD","Lake_type":1,"Grand_id":0,"Lake_area":0.54,"Shore_len":4.1,"Shore_dev":1.58,"Vol_total":3.67,"Vol_res":0.0,"Vol_src":3,"Depth_avg":6.9,"Dis_avg":0.939,"Res_time":45.3,"Elevation":4475,"Slope_100":7.3,"Wshd_area":41.2,"Pour_long":85.34973,"Pour_lat":29.337163,"source_id":"hydrolakes:1380038","label":""},"geometry":{"type":"Polygon","coordinates":[[[85.34453477647611,29.34265007866793],[85.34532050238766,29.34260321723127],[85.34749877929727,29.343186645508183],[85.34868001302124,29.342111952040398],[85.35098002115927,29.34153557671476],[85.35124220106371,29.340686645508242],[85.3520446438265,29.33953782823386],[85.35209204779778,29.33874274359846],[85.35102230495914,29.338062405056746],[85.35094740125902,29.336805555555884],[85.35263031005911,29.336033189562045],[85.35277777777833,29.33555555555597],[85.35058529324039,29.3357840304908],[85.34929775661925,29.337353312174912],[85.34891564263296,29.338185831706085],[85.34624220106372,29.338464423285984],[85.34469095865921,29.339666544596753],[85.34044464111378,29.341164211697446],[85.33931877983991,29.34338134765659],[85.34116251627654,29.344090101454356],[85.34202277289529,29.345964423285977],[85.34453477647611,29.34265007866793]]]}},{"type":"Feature","id":"hydrolakes:1380040","properties":{"Hylak_id":1380040,"Lake_name":"","Country":"China","Continent":"Asia","Poly_src":"SWBD","Lake_type":1,"Grand_id":0,"Lake_area":0.17,"Shore_len":2.19,"Shore_dev":1.52,"Vol_total":0.36,"Vol_res":0.0,"Vol_src":3,"Depth_avg":2.2,"Dis_avg":538.11,"Res_time":0.1,"Elevation":3853,"Slope_100":1.0,"Wshd_area":82281.4,"Pour_long":88.637721,"Pour_lat":29.336162,"source_id":"hydrolakes:1380040","label":""},"geometry":{"type":"Polygon","coordinates":[[[88.63808837890684,29.33638210720534],[88.63777777777858,29.33555555555597],[88.63608995225758,29.336034138997775],[88.63514078776103,29.33567749023473],[88.63376491970564,29.336062147352777],[88.63220133463619,29.336856486003],[88.63109700520903,29.3381856960724],[88.63070719401117,29.341319444444878],[88.6316305881083,29.341225382487494],[88.63244384765721,29.339349907769474],[88.63404432508753,29.338020494249463],[88.63659912109455,29.337454020182633],[88.63808837890684,29.33638210720534]]]}},{"type":"Feature","id":"hydrolakes:1380047","properties":{"Hylak_id":1380047,"Lake_name":"","Country":"China","Continent":"Asia","Poly_src":"SWBD","Lake_type":1,"Grand_id":0,"Lake_area":0.18,"Shore_len":2.46,"Shore_dev":1.64,"Vol_total":0.21,"Vol_res":0.0,"Vol_src":3,"Depth_avg":1.2,"Dis_avg":527.041,"Res_time":0.1,"Elevation":3837,"Slope_100":0.26,"Wshd_area":83139.5,"Pour_long":88.838446,"Pour_lat":29.332312,"source_id":"hydrolakes:1380047","label":""},"geometry":{"type":"Polygon","coordinates":[[[88.84023328993135,29.331628146701746],[88.84128445095547,29.33072258843356],[88.84083333333405,29.330000000000325],[88.8386157226571,29.33129503038242],[88.83758734809118,29.331265326606342],[88.83709364149371,29.332371419271226],[88.83548285590342,29.334318779839805],[88.83514919704925,29.33542697482676],[88.83376030816038,29.33738694932765],[88.8348141818584,29.33846191406292],[88.83799072265691,29.3340687391497],[88.83954128689294,29.332732747396165],[88.84023328993135,29.331628146701746]]]}},{"type":"Feature","id":"hydrolakes:1380048","properties":{"Hylak_id":1380048,"Lake_name":"","Country":"China","Continent":"Asia","Poly_src":"SWBD","Lake_type":1,"Grand_id":0,"Lake_area":0.21,"Shore_len":2.84,"Shore_dev":1.75,"Vol_total":0.27,"Vol_res":0.0,"Vol_src":3,"Depth_avg":1.3,"Dis_avg":0.034,"Res_time":92.4,"Elevation":3827,"Slope_100":0.31,"Wshd_area":10.3,"Pour_long":88.929676,"Pour_lat":29.331815,"source_id":"hydrolakes:1380048","label":""},"geometry":{"type":"Polygon","coordinates":[[[88.92933810763975,29.33032809787369],[88.92841010199737,29.329810316298165],[88.9272176106777,29.32990614149338],[88.92651746961877,29.329593641493375],[88.92352159288271,29.327398546007373],[88.92188530816037,29.327410481771153],[88.92083333333397,29.326388888889255],[88.9204337565111,29.32673326280417],[88.92036566840352,29.32758043077297],[88.9237415907125,29.330150756836304],[88.92428195529612,29.330107286241685],[88.92609347873332,29.33123806423646],[88.92849338107709,29.331603800456094],[88.93055094401103,29.333739691840663],[88.93120524088624,29.332928670247725],[88.92933810763975,29.33032809787369]]]}},{"type":"Feature","id":"hydrolakes:1380070","properties":{"Hylak_id":1380070,"Lake_name":"","Country":"China","Continent":"Asia","Poly_src":"SWBD","Lake_type":1,"Grand_id":0,"Lake_area":0.39,"Shore_len":4.84,"Shore_dev":2.2,"Vol_total":1.67,"Vol_res":0.0,"Vol_src":3,"Depth_avg":4.3,"Dis_avg":610.629,"Res_time":0.1,"Elevation":3810,"Slope_100":3.12,"Wshd_area":105303.4,"Pour_long":89.115625,"Pour_lat":29.321037,"source_id":"hydrolakes:1380070","label":""},"geometry":{"type":"Polygon","coordinates":[[[89.11956163194515,29.320918375651445],[89.11960394965354,29.32020874023476],[89.11925374349022,29.319445665147896],[89.11348225911536,29.319640706380653],[89.10952582465342,29.318748575846712],[89.10638888888968,29.31722222222254],[89.10253634982723,29.317356635200042],[89.10000406901105,29.318732571072474],[89.09767198350767,29.31916788737027],[89.09756618923711,29.32094306098122],[89.09861002604248,29.3210052490237],[89.09959120008745,29.320702243381504],[89.10127956814313,29.319265950521185],[89.1038419596361,29.31941867404555],[89.10476725260486,29.318915812174907],[89.10771565755294,29.319466145833758],[89.1124742296015,29.321023423936992],[89.11438612196264,29.32090949164541],[89.11598415798687,29.321337483724335],[89.11956163194515,29.320918375651445]]]}},{"type":"Feature","id":"hydrolakes:1380273","properties":{"Hylak_id":1380273,"Lake_name":"","Country":"China","Continent":"Asia","Poly_src":"SWBD","Lake_type":1,"Grand_id":0,"Lake_area":0.18,"Shore_len":2.45,"Shore_dev":1.65,"Vol_total":0.95,"Vol_res":0.0,"Vol_src":3,"Depth_avg":5.3,"Dis_avg":0.115,"Res_time":95.1,"Elevation":4293,"Slope_100":6.16,"Wshd_area":51.3,"Pour_long":87.422917,"Pour_lat":29.205934,"source_id":"hydrolakes:1380273","label":""},"geometry":{"type":"Polygon","coordinates":[[[87.42540635850776,29.204017469618407],[87.42638888888968,29.202777777778124],[87.42512858072968,29.202906358507278],[87.42392659505276,29.204459974501276],[87.42212999131999,29.20500088161924],[87.42166910807344,29.206033393012547],[87.4187616644972,29.207646891276454],[87.41828504774361,29.20850104437966],[87.41940999349026,29.210684136285067],[87.4229394531256,29.207081027561117],[87.42540635850776,29.204017469618407]]]}},{"type":"Feature","id":"hydrolakes:1380286","properties":{"Hylak_id":1380286,"Lake_name":"","Country":"China","Continent":"Asia","Poly_src":"SWBD","Lake_type":1,"Grand_id":0,"Lake_area":0.81,"Shore_len":5.51,"Shore_dev":1.72,"Vol_total":4.4,"Vol_res":0.0,"Vol_src":3,"Depth_avg":5.4,"Dis_avg":0.035,"Res_time":1455.6,"Elevation":4294,"Slope_100":3.94,"Wshd_area":14.4,"Pour_long":87.427998,"Pour_lat":29.201345,"source_id":"hydrolakes:1380286","label":""},"geometry":{"type":"Polygon","coordinates":[[[87.43570475260475,29.198482530382307],[87.43755859375057,29.19725423177124],[87.44233398437558,29.197329847548133],[87.44294379340334,29.197670152452588],[87.44348036024365,29.197627088759077],[87.44434787326446,29.198242051866657],[87.44724989149393,29.198901367187887],[87.4478597005214,29.19819363064272],[87.44603976779564,29.195709635417018],[87.44263888888952,29.194567260742588],[87.44166666666723,29.195109659831132],[87.43994764539985,29.194150594075836],[87.43805555555628,29.192500000000337],[87.43598117404576,29.19256150987451],[87.43522569444508,29.193438517253014],[87.4337396918408,29.194295247396212],[87.43144178602495,29.196694607205245],[87.43238091362912,29.198199191623644],[87.43193983290007,29.19846191406299],[87.43022379557362,29.19783169216612],[87.42860080295196,29.197962103949976],[87.42768473307348,29.19942477756109],[87.4268283420144,29.201681925456057],[87.42809651692761,29.20277472602038],[87.42868245442759,29.202094658745978],[87.43208577474007,29.20080322265659],[87.43290635850752,29.199850802951744],[87.43414686414991,29.19907368977914],[87.43570475260475,29.198482530382307]]]}},{"type":"Feature","id":"hydrolakes:1380303","properties":{"Hylak_id":1380303,"Lake_name":"","Country":"China","Continent":"Asia","Poly_src":"SWBD","Lake_type":1,"Grand_id":0,"Lake_area":0.26,"Shore_len":2.16,"Shore_dev":1.2,"Vol_total":0.62,"Vol_res":0.0,"Vol_src":3,"Depth_avg":2.4,"Dis_avg":0.029,"Res_time":247.0,"Elevation":4296,"Slope_100":1.05,"Wshd_area":11.8,"Pour_long":87.44544,"Pour_lat":29.192553,"source_id":"hydrolakes:1380303","label":""},"geometry":{"type":"Polygon","coordinates":[[[87.44670383029569,29.190688137478674],[87.44611111111163,29.19000000000034],[87.44459364149373,29.190154758029962],[87.44485080295198,29.19237141927124],[87.44542697482694,29.193184136285083],[87.44579752604221,29.19441446940141],[87.44853000217086,29.196754421658454],[87.45039767795208,29.196904432509086],[87.4499726019971,29.19360446506107],[87.44929524739638,29.192649197048922],[87.44890489366372,29.191352471245978],[87.44820475260468,29.190961914062882],[87.44670383029569,29.190688137478674]]]}},{"type":"Feature","id":"hydrolakes:1380310","properties":{"Hylak_id":1380310,"Lake_name":"","Country":"China","Continent":"Asia","Poly_src":"SWBD","Lake_type":1,"Grand_id":0,"Lake_area":0.14,"Shore_len":1.47,"Shore_dev":1.13,"Vol_total":0.19,"Vol_res":0.0,"Vol_src":3,"Depth_avg":1.4,"Dis_avg":1.982,"Res_time":1.1,"Elevation":3852,"Slope_100":0.45,"Wshd_area":579.5,"Pour_long":88.851042,"Pour_lat":29.188335,"source_id":"hydrolakes:1380310","label":""},"geometry":{"type":"Polygon","coordinates":[[[88.85485080295211,29.18748494466189],[88.85416666666742,29.186388888889212],[88.85154215494862,29.18660705566441],[88.84992323133741,29.18647698296479],[88.8492106119798,29.186874593099333],[88.84938042534787,29.188986341688747],[88.85218831380291,29.18929524739616],[88.85385986328185,29.188362630208644],[88.85485080295211,29.18748494466189]]]}},{"type":"Feature","id":"hydrolakes:1380501","properties":{"Hylak_id":1380501,"Lake_name":"","Country":"China","Continent":"Asia","Poly_src":"SWBD","Lake_type":1,"Grand_id":0,"Lake_area":0.21,"Shore_len":2.42,"Shore_dev":1.5,"Vol_total":0.6,"Vol_res":0.0,"Vol_src":3,"Depth_avg":2.9,"Dis_avg":0.012,"Res_time":578.0,"Elevation":4044,"Slope_100":1.67,"Wshd_area":3.4,"Pour_long":87.828557,"Pour_lat":29.055124,"source_id":"hydrolakes:1380501","label":""},"geometry":{"type":"Polygon","coordinates":[[[87.82949761284794,29.05221483018704],[87.82987196180625,29.05176418728331],[87.83119710286513,29.05189927842929],[87.83173394097298,29.050470377604483],[87.83068169487916,29.049596150716525],[87.83055555555643,29.049166666667077],[87.82773871527854,29.050141262478803],[87.82838514539986,29.051269870334522],[87.82792941623319,29.05181837293867],[87.82627278645907,29.052840372721676],[87.82709798177137,29.05524583604631],[87.82882893880276,29.056237182617565],[87.83093587239642,29.0555448404952],[87.82921983506998,29.05448642306908],[87.82962049696238,29.053420342339848],[87.82949761284794,29.05221483018704]]]}},{"type":"Feature","id":"hydrolakes:1380692","properties":{"Hylak_id":1380692,"Lake_name":"","Country":"China","Continent":"Asia","Poly_src":"SWBD","Lake_type":1,"Grand_id":0,"Lake_area":0.3,"Shore_len":4.11,"Shore_dev":2.12,"Vol_total":0.54,"Vol_res":0.0,"Vol_src":3,"Depth_avg":1.8,"Dis_avg":0.066,"Res_time":94.6,"Elevation":4416,"Slope_100":0.55,"Wshd_area":8.6,"Pour_long":86.380149,"Pour_lat":28.916332,"source_id":"hydrolakes:1380692","label":""},"geometry":{"type":"Polygon","coordinates":[[[86.37959364149367,28.92403808593781],[86.38022298177128,28.92172634548649],[86.38194417317766,28.918961452908377],[86.38055555555599,28.915833333333637],[86.37985080295209,28.91596191406279],[86.3793158637157,28.91648315429717],[86.38015502929733,28.918475748698313],[86.37837687174527,28.920552300347595],[86.37880710178013,28.92132358127202],[86.37834648980095,28.923435397678247],[86.37743231879386,28.923739691840638],[86.37697984483549,28.921260308160072],[86.37653808593797,28.923204752604533],[86.37605970594677,28.92406216091615],[86.3768173556864,28.92513068305169],[86.37709689670186,28.926526285807654],[86.37675944010465,28.927759331597542],[86.37685587565159,28.92895907931893],[86.37896063910654,28.929295247396283],[86.37940131293465,28.927831556532567],[86.37848253038243,28.92545688205331],[86.37959364149367,28.92403808593781]]]}},{"type":"Feature","id":"hydrolakes:1380743","properties":{"Hylak_id":1380743,"Lake_name":"","Country":"China","Continent":"Asia","Poly_src":"SWBD","Lake_type":1,"Grand_id":0,"Lake_area":0.9,"Shore_len":4.45,"Shore_dev":1.32,"Vol_total":4.73,"Vol_res":0.0,"Vol_src":3,"Depth_avg":5.3,"Dis_avg":0.504,"Res_time":108.7,"Elevation":5098,"Slope_100":3.6,"Wshd_area":79.9,"Pour_long":86.507292,"Pour_lat":28.884542,"source_id":"hydrolakes:1380743","label":""},"geometry":{"type":"Polygon","coordinates":[[[86.51707994249199,28.89201524522599],[86.51819620768282,28.891235487196468],[86.51863783094677,28.891729668511573],[86.52141710069492,28.889868706597554],[86.52036146375929,28.88792595757417],[86.51858493381127,28.88548624674513],[86.51546807183217,28.885121120877045],[86.51436957465341,28.883393893771995],[86.51291002061674,28.88348090277816],[86.51209120008741,28.88290886773035],[86.51083333333395,28.882500000000448],[86.50859714084248,28.882661607530736],[86.50613945855088,28.883742201063683],[86.50440646701452,28.883120388455154],[86.50375786675403,28.8835155571835],[86.50653564453177,28.88513108995255],[86.5109643554693,28.888757798937093],[86.512753770617,28.88989583333364],[86.51374213324704,28.891257798936977],[86.51507039388082,28.892444593641812],[86.51707994249199,28.89201524522599]]]}},{"type":"Feature","id":"hydrolakes:1380777","properties":{"Hylak_id":1380777,"Lake_name":"","Country":"China","Continent":"Asia","Poly_src":"SWBD","Lake_type":1,"Grand_id":0,"Lake_area":0.79,"Shore_len":4.35,"Shore_dev":1.38,"Vol_total":4.4,"Vol_res":0.0,"Vol_src":3,"Depth_avg":5.6,"Dis_avg":0.28,"Res_time":182.0,"Elevation":5254,"Slope_100":4.28,"Wshd_area":41.9,"Pour_long":86.517708,"Pour_lat":28.864561,"source_id":"hydrolakes:1380777","label":""},"geometry":{"type":"Polygon","coordinates":[[[86.52348008897621,28.850131022135713],[86.5230555555562,28.849444444444828],[86.52188327365496,28.84980645073813],[86.51978230794327,28.851683620877168],[86.51922593858569,28.853485243055843],[86.51775512695349,28.856071302626162],[86.51545220269139,28.859125298394417],[86.5156865776915,28.861813354492483],[86.51727511935826,28.866137288411835],[86.51786526150238,28.866797756619235],[86.51859714084264,28.86582431369402],[86.51929768880268,28.864297756619294],[86.521771647136,28.8615126546228],[86.52223497178869,28.855594821506486],[86.52401991102482,28.852790391710414],[86.52348008897621,28.850131022135713]]]}},{"type":"Feature","id":"hydrolakes:1380818","properties":{"Hylak_id":1380818,"Lake_name":"","Country":"China","Continent":"Asia","Poly_src":"SWBD","Lake_type":1,"Grand_id":0,"Lake_area":0.21,"Shore_len":2.31,"Shore_dev":1.43,"Vol_total":1.39,"Vol_res":0.0,"Vol_src":3,"Depth_avg":6.6,"Dis_avg":0.03,"Res_time":535.9,"Elevation":5486,"Slope_100":9.21,"Wshd_area":6.4,"Pour_long":87.506433,"Pour_lat":28.842691,"source_id":"hydrolakes:1380818","label":""},"geometry":{"type":"Polygon","coordinates":[[[87.51295328776109,28.837962646484755],[87.51250000000056,28.837222222222636],[87.51048475477506,28.837874213324994],[87.50764431423664,28.840421956380567],[87.50547309027843,28.84201443142399],[87.50458875868111,28.843299696180907],[87.50589382595558,28.844022488064695],[87.50712375217068,28.843508436415277],[87.50848632812563,28.84177544487892],[87.51162868923677,28.840292426215626],[87.51290798611183,28.839107259114996],[87.51295328776109,28.837962646484755]]]}},{"type":"Feature","id":"hydrolakes:1380819","properties":{"Hylak_id":1380819,"Lake_name":"","Country":"China","Continent":"Asia","Poly_src":"SWBD","Lake_type":1,"Grand_id":0,"Lake_area":0.31,"Shore_len":2.54,"Shore_dev":1.29,"Vol_total":1.44,"Vol_res":0.0,"Vol_src":3,"Depth_avg":4.6,"Dis_avg":0.007,"Res_time":2380.4,"Elevation":5465,"Slope_100":3.87,"Wshd_area":1.1,"Pour_long":86.575956,"Pour_lat":28.842098,"source_id":"hydrolakes:1380819","label":""},"geometry":{"type":"Polygon","coordinates":[[[86.57262858072971,28.841795247396135],[86.57423109266551,28.841538085937884],[86.57566297743102,28.842553304036755],[86.57854777018292,28.842321506076757],[86.57957302517423,28.83988254123301],[86.57805555555609,28.83805555555591],[86.57610921224023,28.83927313910624],[86.57208333333386,28.838949652778126],[86.57083794487897,28.839049750434356],[86.57005181206637,28.840304768880515],[86.57018229166727,28.841929253472642],[86.57113498263942,28.842628580729524],[86.57262858072971,28.841795247396135]]]}},{"type":"Feature","id":"hydrolakes:1380866","properties":{"Hylak_id":1380866,"Lake_name":"","Country":"China","Continent":"Asia","Poly_src":"SWBD","Lake_type":1,"Grand_id":0,"Lake_area":0.17,"Shore_len":2.37,"Shore_dev":1.6,"Vol_total":0.28,"Vol_res":0.0,"Vol_src":3,"Depth_avg":1.6,"Dis_avg":0.279,"Res_time":11.6,"Elevation":4380,"Slope_100":0.51,"Wshd_area":31.2,"Pour_long":86.36049,"Pour_lat":28.818065,"source_id":"hydrolakes:1380866","label":""},"geometry":{"type":"Polygon","coordinates":[[[86.3595850965716,28.812690565321475],[86.3591666666673,28.8122222222226],[86.3584800889762,28.812835693359773],[86.35881740993977,28.813664822048963],[86.36016506618972,28.814283311632266],[86.36019802517421,28.816271023220963],[86.3584800889762,28.817806125217373],[86.36056898329042,28.81952772352463],[86.3616624620231,28.81991997612886],[86.36290879991367,28.817442084418758],[86.36264675564297,28.81679768880241],[86.36156860351616,28.8163028971357],[86.36098008897619,28.815219862196557],[86.36210096571227,28.813467475043694],[86.3595850965716,28.812690565321475]]]}},{"type":"Feature","id":"hydrolakes:1380867","properties":{"Hylak_id":1380867,"Lake_name":"","Country":"China","Continent":"Asia","Poly_src":"SWBD","Lake_type":1,"Grand_id":0,"Lake_area":0.29,"Shore_len":2.47,"Shore_dev":1.29,"Vol_total":1.05,"Vol_res":0.0,"Vol_src":3,"Depth_avg":3.6,"Dis_avg":0.094,"Res_time":129.3,"Elevation":5326,"Slope_100":2.28,"Wshd_area":13.4,"Pour_long":86.530608,"Pour_lat":28.817448,"source_id":"hydrolakes:1380867","label":""},"geometry":{"type":"Polygon","coordinates":[[[86.52779256184948,28.818554144965617],[86.53009019639802,28.81851074218787],[86.5307156032992,28.81817084418452],[86.53135687934093,28.818209092882228],[86.53203233507008,28.81696587456628],[86.5321211751309,28.815475667318026],[86.53035169813427,28.813495279948256],[86.52963473849888,28.814297688802583],[86.52882622612907,28.813587646484677],[86.53023844401116,28.812689480252118],[86.52929768880261,28.81209120008714],[86.52916666666704,28.811666666667122],[86.52771050347275,28.811818440755587],[86.52735636393294,28.812965359158284],[86.5265917968755,28.813648410373617],[86.5264341905388,28.816292860243436],[86.52779256184948,28.818554144965617]]]}},{"type":"Feature","id":"hydrolakes:1380898","properties":{"Hylak_id":1380898,"Lake_name":"","Country":"China","Continent":"Asia","Poly_src":"SWBD","Lake_type":1,"Grand_id":0,"Lake_area":0.15,"Shore_len":1.61,"Shore_dev":1.17,"Vol_total":1.02,"Vol_res":0.0,"Vol_src":3,"Depth_avg":6.8,"Dis_avg":0.054,"Res_time":218.1,"Elevation":5528,"Slope_100":10.83,"Wshd_area":9.8,"Pour_long":87.626283,"Pour_lat":28.803307,"source_id":"hydrolakes:1380898","label":""},"geometry":{"type":"Polygon","coordinates":[[[87.62623209635473,28.802379014757264],[87.6261111111117,28.801944444444814],[87.62225260416727,28.802683648003836],[87.62154568142415,28.803855523003904],[87.62224663628558,28.804486626519463],[87.6276066080735,28.805495605469105],[87.62776394314301,28.80443128797782],[87.62623209635473,28.802379014757264]]]}},{"type":"Feature","id":"hydrolakes:1380905","properties":{"Hylak_id":1380905,"Lake_name":"","Country":"China","Continent":"Asia","Poly_src":"SWBD","Lake_type":1,"Grand_id":0,"Lake_area":0.84,"Shore_len":5.19,"Shore_dev":1.6,"Vol_total":1.93,"Vol_res":0.0,"Vol_src":3,"Depth_avg":2.3,"Dis_avg":0.15,"Res_time":148.9,"Elevation":4627,"Slope_100":0.66,"Wshd_area":6.4,"Pour_long":85.763542,"Pour_lat":28.801468,"source_id":"hydrolakes:1380905","label":""},"geometry":{"type":"Polygon","coordinates":[[[85.776398790148,28.80529174804724],[85.77282172309083,28.80134901258714],[85.77083333333383,28.800000000000352],[85.76888373480944,28.800571695963924],[85.76708550347263,28.80209120008709],[85.76588507758288,28.80167046441005],[85.76540486653693,28.800652940538555],[85.76461880154113,28.7999245876739],[85.76228637695357,28.800742051866678],[85.76172451443182,28.801348470052574],[85.76186143663239,28.80318915473123],[85.76291212293876,28.80263319227464],[85.76430989583389,28.80263319227464],[85.76581807454477,28.803252631293788],[85.76743204752648,28.80436333550381],[85.76903198242246,28.80429985894125],[85.7700876193581,28.804669867621897],[85.7710173204216,28.806639811198295],[85.77093580457944,28.808696424696564],[85.77127617730093,28.80933973524344],[85.77126708984412,28.8109859212243],[85.77067850748739,28.8120981174049],[85.77070841471414,28.812851969401322],[85.77329115125912,28.813189154731276],[85.77548550076,28.810820855035104],[85.77599589029984,28.809208713108035],[85.77592956543026,28.80753445095519],[85.776398790148,28.80529174804724]]]}},{"type":"Feature","id":"hydrolakes:1380908","properties":{"Hylak_id":1380908,"Lake_name":"","Country":"China","Continent":"Asia","Poly_src":"SWBD","Lake_type":1,"Grand_id":0,"Lake_area":0.35,"Shore_len":3.17,"Shore_dev":1.51,"Vol_total":0.5,"Vol_res":0.0,"Vol_src":3,"Depth_avg":1.4,"Dis_avg":0.233,"Res_time":24.9,"Elevation":4367,"Slope_100":0.32,"Wshd_area":27.8,"Pour_long":86.404473,"Pour_lat":28.799498,"source_id":"hydrolakes:1380908","label":""},"geometry":{"type":"Polygon","coordinates":[[[86.4051542154952,28.80126532660637],[86.4054013400613,28.800722113715665],[86.40373467339458,28.800431993272923],[86.4034875488287,28.80018391927115],[86.40488661024352,28.799594455295505],[86.40472222222286,28.79916666666702],[86.4030361599398,28.799460042318003],[86.40106608072972,28.801035698785086],[86.39844875759599,28.801199679904983],[86.39854885525233,28.80200534396738],[86.39932088216193,28.802623562283372],[86.39986857096397,28.803525119357914],[86.40055324978357,28.806689860026324],[86.40191229926262,28.80900200737881],[86.40300116645028,28.809290228949976],[86.40282036675404,28.806725667318005],[86.40376532660633,28.80543199327292],[86.40407063802138,28.80367784288228],[86.40397189670199,28.802883978950092],[86.4051542154952,28.80126532660637]]]}},{"type":"Feature","id":"hydrolakes:1380994","properties":{"Hylak_id":1380994,"Lake_name":"","Country":"China","Continent":"Asia","Poly_src":"SWBD","Lake_type":1,"Grand_id":0,"Lake_area":0.29,"Shore_len":2.27,"Shore_dev":1.19,"Vol_total":2.65,"Vol_res":0.0,"Vol_src":3,"Depth_avg":9.1,"Dis_avg":0.006,"Res_time":5117.8,"Elevation":5680,"Slope_100":15.74,"Wshd_area":0.9,"Pour_long":87.453372,"Pour_lat":28.748508,"source_id":"hydrolakes:1380994","label":""},"geometry":{"type":"Polygon","coordinates":[[[87.45457790798667,28.74653306749167],[87.45444444444496,28.746388888889214],[87.45321750217079,28.746777343750352],[87.45212782118114,28.749395480686132],[87.4553122287333,28.75362887912354],[87.45809163411525,28.75411282009577],[87.45874294704925,28.75350925021729],[87.4587646484382,28.75296413845524],[87.45562662760483,28.74762084960986],[87.45457790798667,28.74653306749167]]]}},{"type":"Feature","id":"hydrolakes:1381008","properties":{"Hylak_id":1381008,"Lake_name":"","Country":"China","Continent":"Asia","Poly_src":"SWBD","Lake_type":1,"Grand_id":0,"Lake_area":0.36,"Shore_len":2.56,"Shore_dev":1.21,"Vol_total":2.26,"Vol_res":0.0,"Vol_src":3,"Depth_avg":6.3,"Dis_avg":0.067,"Res_time":390.9,"Elevation":5501,"Slope_100":7.01,"Wshd_area":10.5,"Pour_long":87.38125,"Pour_lat":28.742812,"source_id":"hydrolakes:1381008","label":""},"geometry":{"type":"Polygon","coordinates":[[[87.38235080295198,28.739038085937807],[87.38222222222288,28.73888888888922],[87.38036105685813,28.73907877604205],[87.37983371310827,28.740830078125498],[87.37907389322976,28.742191975911737],[87.38144287109441,28.74411295572952],[87.38194986979238,28.74549316406285],[87.38144151475746,28.747350802951757],[87.38297200520884,28.746747368706963],[87.38623969184079,28.743203667535],[87.3856415473096,28.74186550564275],[87.38395887586876,28.739522298177405],[87.38235080295198,28.739038085937807]]]}},{"type":"Feature","id":"hydrolakes:1381014","properties":{"Hylak_id":1381014,"Lake_name":"","Country":"China","Continent":"Asia","Poly_src":"SWBD","Lake_type":1,"Grand_id":0,"Lake_area":0.21,"Shore_len":2.29,"Shore_dev":1.41,"Vol_total":1.55,"Vol_res":0.0,"Vol_src":3,"Depth_avg":7.4,"Dis_avg":0.052,"Res_time":344.7,"Elevation":5415,"Slope_100":11.68,"Wshd_area":8.3,"Pour_long":87.479977,"Pour_lat":28.73685,"source_id":"hydrolakes:1381014","label":""},"geometry":{"type":"Polygon","coordinates":[[[87.48070475260471,28.739038085937807],[87.48179985894154,28.736960042318117],[87.4824077690979,28.7347390407989],[87.48222222222296,28.73388888888917],[87.4808127170146,28.734146050347647],[87.48021213107711,28.736140814887506],[87.47711642795207,28.736911485460382],[87.47516248914991,28.73859510633713],[87.47508490668474,28.739561631944696],[87.47727023654579,28.738963487413514],[87.4802859157993,28.73978881835984],[87.48070475260471,28.739038085937807]]]}},{"type":"Feature","id":"hydrolakes:1381029","properties":{"Hylak_id":1381029,"Lake_name":"","Country":"China","Continent":"Asia","Poly_src":"SWBD","Lake_type":1,"Grand_id":0,"Lake_area":0.19,"Shore_len":1.86,"Shore_dev":1.19,"Vol_total":1.56,"Vol_res":0.0,"Vol_src":3,"Depth_avg":8.1,"Dis_avg":0.067,"Res_time":269.1,"Elevation":5384,"Slope_100":14.13,"Wshd_area":10.5,"Pour_long":87.47759,"Pour_lat":28.727248,"source_id":"hydrolakes:1381029","label":""},"geometry":{"type":"Polygon","coordinates":[[[87.47846761067768,28.72617133246564],[87.4777777777785,28.725277777778103],[87.47627007378537,28.72569756401947],[87.47609592013953,28.726875542535026],[87.47672390408059,28.727916666667],[87.47602728949704,28.72907158745693],[87.47585666232698,28.73022596571218],[87.47684787326449,28.731509874132257],[87.47863742404587,28.731192491319746],[87.48026448567782,28.726826985677462],[87.47846761067768,28.72617133246564]]]}},{"type":"Feature","id":"hydrolakes:1381051","properties":{"Hylak_id":1381051,"Lake_name":"","Country":"China","Continent":"Asia","Poly_src":"SWBD","Lake_type":1,"Grand_id":0,"Lake_area":0.28,"Shore_len":3.47,"Shore_dev":1.86,"Vol_total":0.66,"Vol_res":0.0,"Vol_src":3,"Depth_avg":2.4,"Dis_avg":35.449,"Res_time":0.2,"Elevation":4355,"Slope_100":1.03,"Wshd_area":3444.6,"Pour_long":86.421415,"Pour_lat":28.71185,"source_id":"hydrolakes:1381051","label":""},"geometry":{"type":"Polygon","coordinates":[[[86.42547376844698,28.71563001844646],[86.42380791558202,28.713310139974283],[86.42147176106846,28.711502821180886],[86.420555555556,28.709722222222524],[86.4193158637159,28.71009548611147],[86.41990939670183,28.71217651367232],[86.4198334418407,28.713121880425717],[86.42192803276959,28.714606933594098],[86.42254692925388,28.714557291667006],[86.42373467339479,28.71508721245698],[86.42386420355973,28.716698540581945],[86.4215478515631,28.71836181640657],[86.42145751953183,28.71948621961843],[86.42188191731827,28.720246988932615],[86.42131985134608,28.72177775065137],[86.42203776041731,28.721835394965638],[86.42392089843804,28.719688449436205],[86.4247888183599,28.718132866753763],[86.42547376844698,28.71563001844646]]]}},{"type":"Feature","id":"hydrolakes:1381088","properties":{"Hylak_id":1381088,"Lake_name":"","Country":"China","Continent":"Asia","Poly_src":"SWBD","Lake_type":1,"Grand_id":0,"Lake_area":0.25,"Shore_len":2.14,"Shore_dev":1.2,"Vol_total":0.78,"Vol_res":0.0,"Vol_src":3,"Depth_avg":3.1,"Dis_avg":0.102,"Res_time":88.2,"Elevation":5159,"Slope_100":1.75,"Wshd_area":13.2,"Pour_long":87.536051,"Pour_lat":28.691254,"source_id":"hydrolakes:1381088","label":""},"geometry":{"type":"Polygon","coordinates":[[[87.53657524956651,28.691562906901368],[87.53611111111184,28.690833333333615],[87.53488742404602,28.69098632812546],[87.53360568576454,28.693096652561053],[87.5323437500005,28.693457438151313],[87.53043212890685,28.694988199870068],[87.53076443142419,28.695585259331892],[87.53351209852491,28.697623562283297],[87.53526095920193,28.697306857639262],[87.53571289062563,28.696537814670535],[87.53555772569518,28.695289713542024],[87.53659450954916,28.693870307075088],[87.53657524956651,28.691562906901368]]]}},{"type":"Feature","id":"hydrolakes:1381114","properties":{"Hylak_id":1381114,"Lake_name":"","Country":"China","Continent":"Asia","Poly_src":"SWBD","Lake_type":1,"Grand_id":0,"Lake_area":0.19,"Shore_len":1.95,"Shore_dev":1.27,"Vol_total":1.8,"Vol_res":0.0,"Vol_src":3,"Depth_avg":9.6,"Dis_avg":0.376,"Res_time":55.4,"Elevation":5447,"Slope_100":20.34,"Wshd_area":10.4,"Pour_long":85.407835,"Pour_lat":28.676649,"source_id":"hydrolakes:1381114","label":""},"geometry":{"type":"Polygon","coordinates":[[[85.4114319186744,28.676692979601],[85.41179134792822,28.67622734917569],[85.41231730143284,28.676305067274654],[85.41296932644366,28.675911865234696],[85.41287258572095,28.675257297092287],[85.41333333333387,28.67250000000041],[85.4125120374897,28.672639567057615],[85.41057942708392,28.674072401258968],[85.40981845431918,28.673959960937793],[85.4093234252934,28.67460123697947],[85.40741119384813,28.675894368489878],[85.4071012030713,28.67743462456633],[85.40894809299078,28.677948947482946],[85.40943074544327,28.67787760416701],[85.40984324137406,28.67734320746564],[85.4114319186744,28.676692979601]]]}},{"type":"Feature","id":"hydrolakes:1381161","properties":{"Hylak_id":1381161,"Lake_name":"","Country":"China","Continent":"Asia","Poly_src":"SWBD","Lake_type":1,"Grand_id":0,"Lake_area":0.21,"Shore_len":2.18,"Shore_dev":1.34,"Vol_total":1.71,"Vol_res":0.0,"Vol_src":3,"Depth_avg":8.1,"Dis_avg":0.253,"Res_time":78.2,"Elevation":5135,"Slope_100":13.99,"Wshd_area":7.0,"Pour_long":85.479255,"Pour_lat":28.640609,"source_id":"hydrolakes:1381161","label":""},"geometry":{"type":"Polygon","coordinates":[[[85.47079267713792,28.643947075738254],[85.47221130371128,28.643401828342405],[85.4736082967126,28.643575575087254],[85.47840101454051,28.642440728081965],[85.47943118625261,28.64068820529542],[85.47916666666703,28.640000000000384],[85.47734575059735,28.64012356228335],[85.47404313829253,28.641265326606174],[85.47099317762638,28.641533610026386],[85.47043202718169,28.64248819987006],[85.47079267713792,28.643947075738254]]]}},{"type":"Feature","id":"hydrolakes:1381232","properties":{"Hylak_id":1381232,"Lake_name":"","Country":"China","Continent":"Asia","Poly_src":"SWBD","Lake_type":1,"Grand_id":0,"Lake_area":0.24,"Shore_len":1.94,"Shore_dev":1.13,"Vol_total":1.62,"Vol_res":0.0,"Vol_src":3,"Depth_avg":6.8,"Dis_avg":0.438,"Res_time":42.8,"Elevation":5436,"Slope_100":9.36,"Wshd_area":13.6,"Pour_long":85.597241,"Pour_lat":28.580493,"source_id":"hydrolakes:1381232","label":""},"geometry":{"type":"Polygon","coordinates":[[[85.59652364095109,28.578027886285042],[85.5955555555559,28.576944444444905],[85.59401997884157,28.577075466580197],[85.59375779893719,28.57764675564266],[85.59274542914545,28.578111300998728],[85.59229356553863,28.579798448351028],[85.59429775661943,28.58125786675373],[85.59542446560368,28.581519911024714],[85.59580064561669,28.582339545356206],[85.59679775661948,28.581797688802453],[85.59867804633308,28.581360270182586],[85.59921739366371,28.58036770290829],[85.5979208034945,28.57891655816013],[85.59652364095109,28.578027886285042]]]}},{"type":"Feature","id":"hydrolakes:1381252","properties":{"Hylak_id":1381252,"Lake_name":"","Country":"China","Continent":"Asia","Poly_src":"SWBD","Lake_type":1,"Grand_id":0,"Lake_area":0.16,"Shore_len":1.6,"Shore_dev":1.14,"Vol_total":1.36,"Vol_res":0.0,"Vol_src":3,"Depth_avg":8.7,"Dis_avg":0.495,"Res_time":31.8,"Elevation":4428,"Slope_100":17.51,"Wshd_area":13.4,"Pour_long":85.464437,"Pour_lat":28.565522,"source_id":"hydrolakes:1381252","label":""},"geometry":{"type":"Polygon","coordinates":[[[85.46345435248531,28.563490125868384],[85.46333333333382,28.563333333333674],[85.46240502251567,28.563591851128763],[85.46230044894799,28.566243896484707],[85.46441111246793,28.568732096354495],[85.46608476426934,28.568420817057756],[85.46672400580564,28.56736111111144],[85.46587636311898,28.56567640516522],[85.46345435248531,28.563490125868384]]]}},{"type":"Feature","id":"hydrolakes:1381280","properties":{"Hylak_id":1381280,"Lake_name":"","Country":"China","Continent":"Asia","Poly_src":"SWBD","Lake_type":1,"Grand_id":0,"Lake_area":0.3,"Shore_len":2.25,"Shore_dev":1.16,"Vol_total":1.58,"Vol_res":0.0,"Vol_src":3,"Depth_avg":5.3,"Dis_avg":0.026,"Res_time":702.6,"Elevation":5443,"Slope_100":5.19,"Wshd_area":0.8,"Pour_long":85.615417,"Pour_lat":28.545427,"source_id":"hydrolakes:1381280","label":""},"geometry":{"type":"Polygon","coordinates":[[[85.61734829372875,28.545707329644472],[85.61694444444487,28.544722222222504],[85.61568162706214,28.544848225911778],[85.6132163492843,28.54645195855062],[85.61296603732677,28.54890760633708],[85.61429707845105,28.54972873263921],[85.61457051595085,28.551262885200003],[85.61579691569068,28.55262600368951],[85.61778089735282,28.551609971788537],[85.61798414442313,28.549615885416927],[85.61757141113344,28.54927300347265],[85.61784627278684,28.546576741536796],[85.61734829372875,28.545707329644472]]]}},{"type":"Feature","id":"hydrolakes:1381303","properties":{"Hylak_id":1381303,"Lake_name":"","Country":"China","Continent":"Asia","Poly_src":"SWBD","Lake_type":1,"Grand_id":0,"Lake_area":0.25,"Shore_len":3.16,"Shore_dev":1.77,"Vol_total":1.3,"Vol_res":0.0,"Vol_src":3,"Depth_avg":5.1,"Dis_avg":0.855,"Res_time":17.6,"Elevation":5299,"Slope_100":5.11,"Wshd_area":27.0,"Pour_long":85.639842,"Pour_lat":28.527036,"source_id":"hydrolakes:1381303","label":""},"geometry":{"type":"Polygon","coordinates":[[[85.6419338650179,28.526677246094096],[85.64042195638075,28.525689154731253],[85.63951741536499,28.525402832031716],[85.63797247992665,28.525464002821536],[85.63707288954049,28.524844970703384],[85.6361705864806,28.524852430555825],[85.63527777777819,28.523888888889246],[85.63288757324267,28.523988037109632],[85.63375569661514,28.525134006076655],[85.63373860677137,28.525565728081915],[85.6345886230472,28.525966932508936],[85.63568915473132,28.527416992187796],[85.63460693359417,28.52841973198815],[85.63600775824705,28.52874471028673],[85.63763047960111,28.526993272569882],[85.63870429144998,28.5262552897139],[85.6394641113286,28.52918185763923],[85.64005961100298,28.52985582139786],[85.64041137695352,28.52874471028673],[85.64212626139386,28.528471544054128],[85.64291137695358,28.527583007812837],[85.6419338650179,28.526677246094096]]]}},{"type":"Feature","id":"hydrolakes:1381363","properties":{"Hylak_id":1381363,"Lake_name":"","Country":"China","Continent":"Asia","Poly_src":"SWBD","Lake_type":1,"Grand_id":0,"Lake_area":0.4,"Shore_len":2.97,"Shore_dev":1.32,"Vol_total":3.39,"Vol_res":0.0,"Vol_src":3,"Depth_avg":8.5,"Dis_avg":2.257,"Res_time":17.4,"Elevation":4445,"Slope_100":12.46,"Wshd_area":62.6,"Pour_long":85.514659,"Pour_lat":28.468532,"source_id":"hydrolakes:1381363","label":""},"geometry":{"type":"Polygon","coordinates":[[[85.51694702148507,28.469907226562896],[85.51907813178212,28.469432779948363],[85.52129879421716,28.46965915256112],[85.52424652099654,28.468450656467326],[85.52511555989656,28.46772881401938],[85.52528116862027,28.46610405816],[85.52361111111179,28.465000000000316],[85.52179270426467,28.465126003689704],[85.51987396240276,28.46598510742217],[85.51845937093134,28.466237114800606],[85.51365041097051,28.46797756618963],[85.51265174018067,28.469365234375346],[85.5137436930342,28.4698411729604],[85.51569773356158,28.46900811089455],[85.51694702148507,28.469907226562896]]]}},{"type":"Feature","id":"hydrolakes:1381422","properties":{"Hylak_id":1381422,"Lake_name":"","Country":"China","Continent":"Asia","Poly_src":"SWBD","Lake_type":1,"Grand_id":0,"Lake_area":0.38,"Shore_len":2.39,"Shore_dev":1.1,"Vol_total":2.95,"Vol_res":0.0,"Vol_src":3,"Depth_avg":7.8,"Dis_avg":1.359,"Res_time":25.1,"Elevation":5481,"Slope_100":10.74,"Wshd_area":61.0,"Pour_long":86.383986,"Pour_lat":28.396908,"source_id":"hydrolakes:1381422","label":""},"geometry":{"type":"Polygon","coordinates":[[[86.38254991319496,28.393212483724426],[86.38111111111158,28.391388888889196],[86.3793374294711,28.392128906250264],[86.37770914713599,28.39358357747443],[86.37709120008725,28.39530612521736],[86.37982598198852,28.398723008897946],[86.38090847439281,28.398787570529805],[86.38484456380263,28.397500406901315],[86.38489054362037,28.396728244357973],[86.38354248046937,28.395523817274636],[86.38254991319496,28.393212483724426]]]}},{"type":"Feature","id":"hydrolakes:1381427","properties":{"Hylak_id":1381427,"Lake_name":"","Country":"China","Continent":"Asia","Poly_src":"SWBD","Lake_type":1,"Grand_id":0,"Lake_area":0.18,"Shore_len":2.36,"Shore_dev":1.57,"Vol_total":1.58,"Vol_res":0.0,"Vol_src":3,"Depth_avg":8.8,"Dis_avg":0.406,"Res_time":45.1,"Elevation":5502,"Slope_100":17.44,"Wshd_area":19.5,"Pour_long":86.415291,"Pour_lat":28.39372,"source_id":"hydrolakes:1381427","label":""},"geometry":{"type":"Polygon","coordinates":[[[86.41516791449709,28.388250461154826],[86.41472222222262,28.386666666666997],[86.41377170138941,28.386952853732964],[86.41349812825581,28.39035753038229],[86.41406182183204,28.3934480794274],[86.4153074815543,28.39623969184055],[86.41675971137215,28.39584784613743],[86.41685031467068,28.39472073025206],[86.41568413628534,28.392093641493375],[86.41509277343795,28.389185112847656],[86.41516791449709,28.388250461154826]]]}},{"type":"Feature","id":"hydrolakes:1381434","properties":{"Hylak_id":1381434,"Lake_name":"","Country":"China","Continent":"Asia","Poly_src":"SWBD","Lake_type":1,"Grand_id":0,"Lake_area":0.13,"Shore_len":1.79,"Shore_dev":1.43,"Vol_total":0.99,"Vol_res":0.0,"Vol_src":3,"Depth_avg":7.9,"Dis_avg":0.422,"Res_time":27.1,"Elevation":5551,"Slope_100":15.52,"Wshd_area":19.5,"Pour_long":86.385527,"Pour_lat":28.383858,"source_id":"hydrolakes:1381434","label":""},"geometry":{"type":"Polygon","coordinates":[[[86.38544094509604,28.377976752387553],[86.38527777777836,28.37750000000034],[86.38434841579902,28.37805175781284],[86.38319715711856,28.382237006293792],[86.38367228190168,28.383428005642713],[86.38590969509607,28.384580620660017],[86.38615790473142,28.383546685113117],[86.38542602539104,28.382126057943026],[86.38544094509604,28.377976752387553]]]}},{"type":"Feature","id":"hydrolakes:1381451","properties":{"Hylak_id":1381451,"Lake_name":"","Country":"China","Continent":"Asia","Poly_src":"SWBD","Lake_type":1,"Grand_id":0,"Lake_area":0.27,"Shore_len":2.69,"Shore_dev":1.45,"Vol_total":1.49,"Vol_res":0.0,"Vol_src":3,"Depth_avg":5.5,"Dis_avg":0.125,"Res_time":138.3,"Elevation":5242,"Slope_100":5.66,"Wshd_area":3.6,"Pour_long":85.892681,"Pour_lat":28.37221,"source_id":"hydrolakes:1381451","label":""},"geometry":{"type":"Polygon","coordinates":[[[85.89293545193198,28.373436821831945],[85.89373460557766,28.370695800781505],[85.89290127224444,28.368765326606194],[85.89277777777824,28.36750000000046],[85.89236626519136,28.367829589844064],[85.89208808051285,28.36880235460103],[85.88993943956223,28.368535156250346],[85.8907206895621,28.36986436631969],[85.89048848470094,28.370123562283368],[85.8884035237636,28.369322102864942],[85.88671027289547,28.369043104383934],[85.88602817111592,28.36989488389787],[85.88660461425854,28.371394585503765],[85.88728129069068,28.371936442057574],[85.8889451768668,28.37184705946214],[85.89203857421933,28.373964029948297],[85.89293545193198,28.373436821831945]]]}},{"type":"Feature","id":"hydrolakes:1381470","properties":{"Hylak_id":1381470,"Lake_name":"","Country":"China","Continent":"Asia","Poly_src":"SWBD","Lake_type":1,"Grand_id":0,"Lake_area":0.26,"Shore_len":2.43,"Shore_dev":1.33,"Vol_total":2.01,"Vol_res":0.0,"Vol_src":3,"Depth_avg":7.6,"Dis_avg":0.56,"Res_time":41.6,"Elevation":5348,"Slope_100":11.38,"Wshd_area":21.7,"Pour_long":86.225323,"Pour_lat":28.350889,"source_id":"hydrolakes:1381470","label":""},"geometry":{"type":"Polygon","coordinates":[[[86.22624471028695,28.344866400825083],[86.22611111111166,28.344722222222515],[86.22441121419314,28.34495456271742],[86.22377115885479,28.34616400824683],[86.22319973415841,28.35069973415824],[86.22264417860293,28.352819959852695],[86.22340833875921,28.353741997613156],[86.2242784288199,28.353776448568],[86.22500651041713,28.352718370225944],[86.22580159505264,28.350334065755476],[86.22679863823839,28.34934258355065],[86.22684095594667,28.34827487521727],[86.22645548502646,28.347175292969098],[86.22734361436687,28.345884602864828],[86.22624471028695,28.344866400825083]]]}},{"type":"Feature","id":"hydrolakes:1381473","properties":{"Hylak_id":1381473,"Lake_name":"","Country":"China","Continent":"Asia","Poly_src":"SWBD","Lake_type":1,"Grand_id":0,"Lake_area":0.25,"Shore_len":2.27,"Shore_dev":1.29,"Vol_total":1.96,"Vol_res":0.0,"Vol_src":3,"Depth_avg":7.9,"Dis_avg":0.226,"Res_time":100.3,"Elevation":5524,"Slope_100":12.59,"Wshd_area":11.1,"Pour_long":86.496411,"Pour_lat":28.349197,"source_id":"hydrolakes:1381473","label":""},"geometry":{"type":"Polygon","coordinates":[[[86.49846693250913,28.35029947916695],[86.49426472981821,28.34640597873289],[86.49277777777826,28.345833333333644],[86.49125067816897,28.34653550889783],[86.48984402126791,28.345957709418656],[86.48910603841205,28.346754150391064],[86.49257717556486,28.34976060655407],[86.49458265516563,28.35039550781272],[86.49761650933215,28.350689154731242],[86.49846693250913,28.35029947916695]]]}},{"type":"Feature","id":"hydrolakes:1381488","properties":{"Hylak_id":1381488,"Lake_name":"","Country":"China","Continent":"Asia","Poly_src":"SWBD","Lake_type":1,"Grand_id":0,"Lake_area":0.48,"Shore_len":3.19,"Shore_dev":1.29,"Vol_total":4.69,"Vol_res":0.0,"Vol_src":3,"Depth_avg":9.7,"Dis_avg":0.361,"Res_time":150.3,"Elevation":5422,"Slope_100":15.46,"Wshd_area":13.4,"Pour_long":86.188542,"Pour_lat":28.338956,"source_id":"hydrolakes:1381488","label":""},"geometry":{"type":"Polygon","coordinates":[[[86.19568657769145,28.33014675564266],[86.19485324435823,28.330131022135674],[86.19153564453188,28.33320231119825],[86.18782565646751,28.336095920139257],[86.18701985677131,28.338341878255676],[86.18821397569485,28.34039293077285],[86.18941392686668,28.340464545356213],[86.19113566080784,28.33892618815139],[86.19207546658049,28.337631022135668],[86.19557671441015,28.334177381727727],[86.19735324435817,28.331633978949924],[86.19705905490497,28.330570475260686],[86.19568657769145,28.33014675564266]]]}},{"type":"Feature","id":"hydrolakes:1381503","properties":{"Hylak_id":1381503,"Lake_name":"","Country":"China","Continent":"Asia","Poly_src":"SWBD","Lake_type":1,"Grand_id":0,"Lake_area":0.18,"Shore_len":1.74,"Shore_dev":1.15,"Vol_total":1.42,"Vol_res":0.0,"Vol_src":3,"Depth_avg":7.8,"Dis_avg":0.1,"Res_time":164.2,"Elevation":5549,"Slope_100":13.56,"Wshd_area":3.6,"Pour_long":86.157151,"Pour_lat":28.321965,"source_id":"hydrolakes:1381503","label":""},"geometry":{"type":"Polygon","coordinates":[[[86.16045410156312,28.318831244574994],[86.16027777777833,28.31861111111141],[86.15956800672802,28.318734673394545],[86.15661146375913,28.320315890842323],[86.15610148112029,28.32118340386313],[86.15589450412375,28.322846679687757],[86.15661376953187,28.323269449870224],[86.15911648220532,28.32255384657151],[86.16095689561689,28.320956895616632],[86.16234578450576,28.320113254123555],[86.16207424587725,28.319514024523016],[86.16045410156312,28.318831244574994]]]}},{"type":"Feature","id":"hydrolakes:1381504","properties":{"Hylak_id":1381504,"Lake_name":"","Country":"China","Continent":"Asia","Poly_src":"SWBD","Lake_type":1,"Grand_id":0,"Lake_area":0.28,"Shore_len":2.09,"Shore_dev":1.12,"Vol_total":1.58,"Vol_res":0.0,"Vol_src":3,"Depth_avg":5.7,"Dis_avg":0.181,"Res_time":101.2,"Elevation":4188,"Slope_100":6.11,"Wshd_area":6.8,"Pour_long":87.811458,"Pour_lat":28.321416,"source_id":"hydrolakes:1381504","label":""},"geometry":{"type":"Polygon","coordinates":[[[87.81475314670206,28.31919121636315],[87.81344618055613,28.318145887587264],[87.81040039062566,28.318282877604418],[87.80944444444498,28.31777777777802],[87.80766357421936,28.317920328776324],[87.80654324001807,28.31932128906277],[87.80686659071245,28.320048421224215],[87.80827853732706,28.32138943142388],[87.80908989800406,28.321866455078464],[87.81121148003547,28.32213039822085],[87.81290120442765,28.321234673394486],[87.81454291449722,28.320879448785035],[87.81475314670206,28.31919121636315]]]}},{"type":"Feature","id":"hydrolakes:1381505","properties":{"Hylak_id":1381505,"Lake_name":"","Country":"China","Continent":"Asia","Poly_src":"SWBD","Lake_type":1,"Grand_id":0,"Lake_area":0.51,"Shore_len":4.58,"Shore_dev":1.82,"Vol_total":1.05,"Vol_res":0.0,"Vol_src":3,"Depth_avg":2.1,"Dis_avg":0.081,"Res_time":149.9,"Elevation":4732,"Slope_100":0.62,"Wshd_area":14.4,"Pour_long":89.14138,"Pour_lat":28.321256,"source_id":"hydrolakes:1381505","label":""},"geometry":{"type":"Polygon","coordinates":[[[89.14774603949724,28.318957519531523],[89.14944986979236,28.31705050998289],[89.15169786241404,28.317031792535147],[89.1523366970494,28.31428670247425],[89.15083333333399,28.312222222222488],[89.14982259114663,28.31241088867216],[89.14986979166747,28.31320068359406],[89.1494192165805,28.31402967664968],[89.14600640191037,28.317078993055873],[89.14431504991398,28.31790879991354],[89.1414925130216,28.31540161132841],[89.14074679904587,28.312986789279762],[89.13926757812578,28.314642333984636],[89.13934000651125,28.315854492187782],[89.14130723741403,28.31922227647601],[89.14067030165018,28.32039442274339],[89.1413815646709,28.321839057074953],[89.14260091145906,28.32176635742212],[89.14395317925408,28.319640435113172],[89.14709120008746,28.319313422309335],[89.14774603949724,28.318957519531523]]]}},{"type":"Feature","id":"hydrolakes:1381513","properties":{"Hylak_id":1381513,"Lake_name":"","Country":"China","Continent":"Asia","Poly_src":"SWBD","Lake_type":1,"Grand_id":0,"Lake_area":0.14,"Shore_len":1.67,"Shore_dev":1.27,"Vol_total":0.88,"Vol_res":0.0,"Vol_src":3,"Depth_avg":6.4,"Dis_avg":0.079,"Res_time":128.9,"Elevation":5229,"Slope_100":9.79,"Wshd_area":2.3,"Pour_long":85.949051,"Pour_lat":28.313812,"source_id":"hydrolakes:1381513","label":""},"geometry":{"type":"Polygon","coordinates":[[[85.95185641818637,28.312050509982896],[85.95111111111163,28.310833333333676],[85.94812778049089,28.31293362087706],[85.94620334201443,28.314853379991575],[85.94708862304742,28.315133599175738],[85.94828199598572,28.315954725477695],[85.94993164062555,28.3141743977867],[85.95179558648056,28.313584255642695],[85.95185641818637,28.312050509982896]]]}},{"type":"Feature","id":"hydrolakes:1381520","properties":{"Hylak_id":1381520,"Lake_name":"","Country":"China","Continent":"Asia","Poly_src":"SWBD","Lake_type":1,"Grand_id":0,"Lake_area":0.36,"Shore_len":3.5,"Shore_dev":1.64,"Vol_total":3.25,"Vol_res":0.0,"Vol_src":3,"Depth_avg":8.9,"Dis_avg":0.293,"Res_time":128.3,"Elevation":5307,"Slope_100":14.36,"Wshd_area":10.4,"Pour_long":86.156229,"Pour_lat":28.305339,"source_id":"hydrolakes:1381520","label":""},"geometry":{"type":"Polygon","coordinates":[[[86.16699693467928,28.29869642469663],[86.16611111111172,28.296666666667022],[86.1648664008253,28.297644178602752],[86.16393296983563,28.297939724392677],[86.16126586914118,28.300154758029862],[86.16013359917588,28.30068915473123],[86.15681084526949,28.30319973415834],[86.15517713758737,28.303970675998528],[86.15431084526955,28.305607910156596],[86.15491767035644,28.307078043620038],[86.156980523004,28.306237657335316],[86.16058254665859,28.303639458550663],[86.16512301974888,28.29928968641525],[86.16699693467928,28.29869642469663]]]}},{"type":"Feature","id":"hydrolakes:1381532","properties":{"Hylak_id":1381532,"Lake_name":"","Country":"China","Continent":"Asia","Poly_src":"SWBD","Lake_type":1,"Grand_id":0,"Lake_area":0.17,"Shore_len":2.07,"Shore_dev":1.43,"Vol_total":1.3,"Vol_res":0.0,"Vol_src":3,"Depth_avg":7.8,"Dis_avg":0.066,"Res_time":228.8,"Elevation":5346,"Slope_100":13.82,"Wshd_area":2.3,"Pour_long":86.150358,"Pour_lat":28.297025,"source_id":"hydrolakes:1381532","label":""},"geometry":{"type":"Polygon","coordinates":[[[86.15434041341194,28.293223334418713],[86.15388888888947,28.292500000000246],[86.15126532660645,28.292642279731183],[86.14792697482699,28.298546685113138],[86.14849365234431,28.29901746961832],[86.1501756456168,28.29862426757836],[86.15141411675404,28.295848659939566],[86.15434041341194,28.293223334418713]]]}},{"type":"Feature","id":"hydrolakes:1381534","properties":{"Hylak_id":1381534,"Lake_name":"","Country":"China","Continent":"Asia","Poly_src":"SWBD","Lake_type":1,"Grand_id":0,"Lake_area":0.18,"Shore_len":2.13,"Shore_dev":1.43,"Vol_total":1.29,"Vol_res":0.0,"Vol_src":3,"Depth_avg":7.2,"Dis_avg":0.202,"Res_time":73.8,"Elevation":5244,"Slope_100":11.55,"Wshd_area":6.8,"Pour_long":86.131411,"Pour_lat":28.296595,"source_id":"hydrolakes:1381534","label":""},"geometry":{"type":"Polygon","coordinates":[[[86.13288682725738,28.29072862413227],[86.13250000000056,28.289722222222565],[86.13114169650652,28.28989217122421],[86.13032246907602,28.291285807292127],[86.13101047092073,28.293531629774748],[86.13040127224434,28.294568006727673],[86.12978359646314,28.29639634874161],[86.13052544487903,28.297322862413523],[86.13259433322537,28.297580159505458],[86.13287353515682,28.295335828993302],[86.13222235785645,28.29305555555584],[86.13288682725738,28.29072862413227]]]}},{"type":"Feature","id":"hydrolakes:1381538","properties":{"Hylak_id":1381538,"Lake_name":"","Country":"China","Continent":"Asia","Poly_src":"SWBD","Lake_type":1,"Grand_id":0,"Lake_area":0.29,"Shore_len":2.21,"Shore_dev":1.17,"Vol_total":1.77,"Vol_res":0.0,"Vol_src":3,"Depth_avg":6.2,"Dis_avg":0.395,"Res_time":51.8,"Elevation":5023,"Slope_100":7.19,"Wshd_area":10.2,"Pour_long":85.833475,"Pour_lat":28.293002,"source_id":"hydrolakes:1381538","label":""},"geometry":{"type":"Polygon","coordinates":[[[85.8323457166889,28.28987643771734],[85.8322222222227,28.289722222222565],[85.8312346055776,28.289845784505474],[85.83036953396322,28.290925971137426],[85.82916815863769,28.291269531250236],[85.8276542833122,28.29334201388923],[85.82792941623308,28.295051133897914],[85.82954447428438,28.297068006727727],[85.8316406928173,28.296623535156584],[85.83236022949262,28.294223225911765],[85.83373460557777,28.293122694227804],[85.83348761664547,28.29262356228338],[85.83268486870713,28.292285291883957],[85.8323457166889,28.28987643771734]]]}},{"type":"Feature","id":"hydrolakes:1381548","properties":{"Hylak_id":1381548,"Lake_name":"","Country":"China","Continent":"Asia","Poly_src":"SWBD","Lake_type":1,"Grand_id":0,"Lake_area":0.14,"Shore_len":1.94,"Shore_dev":1.45,"Vol_total":0.31,"Vol_res":0.0,"Vol_src":3,"Depth_avg":2.2,"Dis_avg":0.035,"Res_time":103.3,"Elevation":4420,"Slope_100":1.05,"Wshd_area":5.1,"Pour_long":89.331332,"Pour_lat":28.28428,"source_id":"hydrolakes:1381548","label":""},"geometry":{"type":"Polygon","coordinates":[[[89.33179009331667,28.278487548828537],[89.33166666666733,28.27833333333365],[89.33076199001829,28.27859198676242],[89.33164062500072,28.280627034505528],[89.33089653862925,28.281892632378742],[89.33106065538277,28.283210584852668],[89.33015435112912,28.284988199870156],[89.33168375651115,28.285304633246824],[89.33210177951491,28.284593370225934],[89.33203504774377,28.284057345920473],[89.33401231553893,28.280877007378933],[89.3332465277785,28.279372151693053],[89.33179009331667,28.278487548828537]]]}},{"type":"Feature","id":"hydrolakes:1381551","properties":{"Hylak_id":1381551,"Lake_name":"","Country":"China","Continent":"Asia","Poly_src":"SWBD","Lake_type":1,"Grand_id":0,"Lake_area":0.47,"Shore_len":4.76,"Shore_dev":1.97,"Vol_total":1.49,"Vol_res":0.0,"Vol_src":3,"Depth_avg":3.2,"Dis_avg":2.979,"Res_time":5.8,"Elevation":4372,"Slope_100":1.56,"Wshd_area":129.3,"Pour_long":88.113199,"Pour_lat":28.28364,"source_id":"hydrolakes:1381551","label":""},"geometry":{"type":"Polygon","coordinates":[[[88.10405164930614,28.288626844618307],[88.10375786675422,28.287270507812764],[88.10571126302159,28.287386881510713],[88.10749267578194,28.28674777560792],[88.10666341145884,28.285221625434303],[88.10762261284782,28.284364556206867],[88.10874213324718,28.285146755642643],[88.11003092447999,28.28540879991351],[88.1120754665805,28.284297688802383],[88.11399332682373,28.28370551215312],[88.11570773654574,28.28125081380233],[88.11527777777843,28.28055555555585],[88.11457546658045,28.280686577691313],[88.1141457790805,28.281167534722556],[88.11263102213599,28.28151991102459],[88.11154079861177,28.282281494140932],[88.10883599175412,28.283461778429114],[88.10763997395907,28.282626274956954],[88.1056572808165,28.283789198134116],[88.10361707899364,28.28378268771735],[88.10241699218813,28.28512613932321],[88.10209120008739,28.287997639974265],[88.10291178385489,28.28950792100727],[88.10350558810842,28.291567111545476],[88.10497829861185,28.291479356554078],[88.10571668836877,28.290652804904823],[88.10568277994855,28.290084228515866],[88.10405164930614,28.288626844618307]]]}},{"type":"Feature","id":"hydrolakes:1381562","properties":{"Hylak_id":1381562,"Lake_name":"","Country":"China","Continent":"Asia","Poly_src":"SWBD","Lake_type":1,"Grand_id":0,"Lake_area":0.37,"Shore_len":2.97,"Shore_dev":1.38,"Vol_total":0.93,"Vol_res":0.0,"Vol_src":3,"Depth_avg":2.5,"Dis_avg":13.816,"Res_time":0.8,"Elevation":4420,"Slope_100":1.04,"Wshd_area":2038.2,"Pour_long":89.356095,"Pour_lat":28.276171,"source_id":"hydrolakes:1381562","label":""},"geometry":{"type":"Polygon","coordinates":[[[89.36004286024388,28.27581841362877],[89.36194769965357,28.27460679796036],[89.35973117404586,28.27397054036487],[89.35484836154586,28.274792209201678],[89.35222222222308,28.272500000000264],[89.35020914713613,28.27312160915824],[89.34914822048682,28.27449083116346],[89.35298122829943,28.27789564344647],[89.35683159722305,28.277292209201676],[89.36004286024388,28.27581841362877]]]}},{"type":"Feature","id":"hydrolakes:1381574","properties":{"Hylak_id":1381574,"Lake_name":"","Country":"China","Continent":"Asia","Poly_src":"SWBD","Lake_type":1,"Grand_id":0,"Lake_area":0.2,"Shore_len":2.54,"Shore_dev":1.59,"Vol_total":1.15,"Vol_res":0.0,"Vol_src":3,"Depth_avg":5.7,"Dis_avg":0.044,"Res_time":302.4,"Elevation":5167,"Slope_100":6.75,"Wshd_area":1.9,"Pour_long":87.247441,"Pour_lat":28.269613,"source_id":"hydrolakes:1381574","label":""},"geometry":{"type":"Polygon","coordinates":[[[87.24927368164111,28.271623806423918],[87.24851833767406,28.268981662326667],[87.24777777777837,28.268333333333658],[87.24658460829062,28.2685409884985],[87.24433254665882,28.270123969184283],[87.24351738823833,28.27224473741353],[87.24471042209251,28.273734673394415],[87.24556830512233,28.273440890842267],[87.24529975043475,28.271281873915257],[87.24609822591219,28.27118245442739],[87.24762858072967,28.272112087673918],[87.24792833116368,28.274845784505487],[87.24841851128542,28.274415554470863],[87.24927368164111,28.271623806423918]]]}},{"type":"Feature","id":"hydrolakes:1381581","properties":{"Hylak_id":1381581,"Lake_name":"","Country":"China","Continent":"Asia","Poly_src":"SWBD","Lake_type":1,"Grand_id":0,"Lake_area":0.18,"Shore_len":1.63,"Shore_dev":1.08,"Vol_total":0.24,"Vol_res":0.0,"Vol_src":3,"Depth_avg":1.3,"Dis_avg":0.272,"Res_time":10.1,"Elevation":4423,"Slope_100":0.34,"Wshd_area":37.6,"Pour_long":89.342629,"Pour_lat":28.265917,"source_id":"hydrolakes:1381581","label":""},"geometry":{"type":"Polygon","coordinates":[[[89.34280626085143,28.26539659288221],[89.34250000000088,28.26500000000027],[89.34100179036528,28.265142957899627],[89.33960123697983,28.266795383029944],[89.34002170138967,28.268292100694737],[89.34238389757019,28.269220648871908],[89.34504014757016,28.268032633463804],[89.34567654079933,28.266977810330104],[89.34543457031322,28.266509874132225],[89.3442876519104,28.266267903646167],[89.34280626085143,28.26539659288221]]]}},{"type":"Feature","id":"hydrolakes:1381586","properties":{"Hylak_id":1381586,"Lake_name":"","Country":"China","Continent":"Asia","Poly_src":"SWBD","Lake_type":1,"Grand_id":0,"Lake_area":0.19,"Shore_len":2.83,"Shore_dev":1.83,"Vol_total":0.87,"Vol_res":0.0,"Vol_src":3,"Depth_avg":4.5,"Dis_avg":0.306,"Res_time":32.9,"Elevation":5107,"Slope_100":4.31,"Wshd_area":8.3,"Pour_long":85.915502,"Pour_lat":28.257677,"source_id":"hydrolakes:1381586","label":""},"geometry":{"type":"Polygon","coordinates":[[[85.91748202853779,28.25586602105068],[85.91722222222279,28.25472222222254],[85.91646525065164,28.25485392252631],[85.91559841579902,28.25691107855937],[85.91350789388065,28.259267985026383],[85.91297600640229,28.260651719835494],[85.91451171875048,28.26109076605934],[85.9146609836161,28.26229112413222],[85.91265428331207,28.26323947482672],[85.91306260850735,28.2645680067277],[85.9150232611766,28.264183078342455],[85.91622606065596,28.262136773003817],[85.91639879014798,28.26074842664974],[85.91555982801708,28.258565809462084],[85.9159568277999,28.257623562283413],[85.91748202853779,28.25586602105068]]]}},{"type":"Feature","id":"hydrolakes:1381589","properties":{"Hylak_id":1381589,"Lake_name":"","Country":"China","Continent":"Asia","Poly_src":"SWBD","Lake_type":1,"Grand_id":0,"Lake_area":0.11,"Shore_len":1.31,"Shore_dev":1.13,"Vol_total":0.74,"Vol_res":0.0,"Vol_src":3,"Depth_avg":6.9,"Dis_avg":0.309,"Res_time":27.8,"Elevation":5189,"Slope_100":12.45,"Wshd_area":10.0,"Pour_long":86.10248,"Pour_lat":28.254631,"source_id":"hydrolakes:1381589","label":""},"geometry":{"type":"Polygon","coordinates":[[[86.10509629991384,28.252725423177367],[86.10472222222262,28.251111111111356],[86.10322401258736,28.251254069010656],[86.10183586968361,28.25289184570346],[86.10126790364626,28.25483995225727],[86.10218471951009,28.255398763021162],[86.10367207845104,28.254646402995206],[86.10509629991384,28.252725423177367]]]}},{"type":"Feature","id":"hydrolakes:1381595","properties":{"Hylak_id":1381595,"Lake_name":"","Country":"China","Continent":"Asia","Poly_src":"SWBD","Lake_type":1,"Grand_id":0,"Lake_area":0.11,"Shore_len":1.57,"Shore_dev":1.35,"Vol_total":0.9,"Vol_res":0.0,"Vol_src":3,"Depth_avg":8.4,"Dis_avg":0.063,"Res_time":165.9,"Elevation":5331,"Slope_100":18.65,"Wshd_area":2.1,"Pour_long":86.151926,"Pour_lat":28.250331,"source_id":"hydrolakes:1381595","label":""},"geometry":{"type":"Polygon","coordinates":[[[86.15246636284763,28.249635687934358],[86.15374728732678,28.24921997070345],[86.15213568793456,28.248366970486416],[86.15194444444501,28.247777777778083],[86.14977661132866,28.247919243706917],[86.14764417860289,28.2491851128475],[86.14762478298667,28.25013576931451],[86.14926757812549,28.250169270833567],[86.15013875325576,28.249578721788453],[86.15195855034762,28.250682373047198],[86.15246636284763,28.249635687934358]]]}},{"type":"Feature","id":"hydrolakes:1381601","properties":{"Hylak_id":1381601,"Lake_name":"","Country":"China","Continent":"Asia","Poly_src":"SWBD","Lake_type":1,"Grand_id":0,"Lake_area":0.83,"Shore_len":5.39,"Shore_dev":1.67,"Vol_total":5.92,"Vol_res":0.0,"Vol_src":3,"Depth_avg":7.1,"Dis_avg":0.787,"Res_time":87.1,"Elevation":4693,"Slope_100":6.91,"Wshd_area":70.7,"Pour_long":89.69701,"Pour_lat":28.246769,"source_id":"hydrolakes:1381601","label":""},"geometry":{"type":"Polygon","coordinates":[[[89.69707573784808,28.22903564453162],[89.69694444444531,28.228888888889173],[89.69629014757021,28.229090847439466],[89.6956363932299,28.23190185546906],[89.69352701822987,28.236552463107955],[89.69320203993124,28.240702311198163],[89.69285644531334,28.24232123480931],[89.69292751736185,28.24351847330763],[89.69125759548689,28.24752834743947],[89.69267523871605,28.249297688802415],[89.69531358507027,28.248936767578357],[89.69818684895904,28.24685167100722],[89.69786404079952,28.24507554796031],[89.69598578559106,28.241619601779803],[89.69594292534799,28.237006022135688],[89.69709092882016,28.23598008897602],[89.69780544704952,28.234856906467314],[89.6995697699661,28.233280436198243],[89.69965223524383,28.230235731337245],[89.69776746961878,28.22965359158013],[89.69707573784808,28.22903564453162]]]}},{"type":"Feature","id":"hydrolakes:1381607","properties":{"Hylak_id":1381607,"Lake_name":"","Country":"China","Continent":"Asia","Poly_src":"SWBD","Lake_type":1,"Grand_id":0,"Lake_area":0.18,"Shore_len":1.84,"Shore_dev":1.24,"Vol_total":1.25,"Vol_res":0.0,"Vol_src":3,"Depth_avg":7.1,"Dis_avg":0.189,"Res_time":76.5,"Elevation":5361,"Slope_100":11.15,"Wshd_area":7.2,"Pour_long":86.320092,"Pour_lat":28.24447,"source_id":"hydrolakes:1381607","label":""},"geometry":{"type":"Polygon","coordinates":[[[86.32207546658049,28.24320231119816],[86.31932888454924,28.243219536675667],[86.31923068576435,28.244868028429096],[86.32139363606825,28.248583306206854],[86.32203192816917,28.249297688802415],[86.32382595486177,28.248284640842314],[86.32338107638935,28.246372341580184],[86.32220160590333,28.24531860351584],[86.32207546658049,28.24320231119816]]]}},{"type":"Feature","id":"hydrolakes:1381614","properties":{"Hylak_id":1381614,"Lake_name":"","Country":"China","Continent":"Asia","Poly_src":"SWBD","Lake_type":1,"Grand_id":0,"Lake_area":0.16,"Shore_len":1.99,"Shore_dev":1.4,"Vol_total":1.37,"Vol_res":0.0,"Vol_src":3,"Depth_avg":8.6,"Dis_avg":0.061,"Res_time":260.0,"Elevation":5338,"Slope_100":17.2,"Wshd_area":2.1,"Pour_long":86.196601,"Pour_lat":28.24275,"source_id":"hydrolakes:1381614","label":""},"geometry":{"type":"Polygon","coordinates":[[[86.19959160698835,28.239874267578443],[86.19944444444502,28.239444444444814],[86.19769341362911,28.239688856337068],[86.19320339626785,28.2440028211808],[86.19317464192761,28.245413953993307],[86.19475979275228,28.245033230252034],[86.19714680989631,28.24358859592047],[86.19775444878525,28.241716037326682],[86.1995784505213,28.2405201551652],[86.19959160698835,28.239874267578443]]]}},{"type":"Feature","id":"hydrolakes:1381621","properties":{"Hylak_id":1381621,"Lake_name":"","Country":"China","Continent":"Asia","Poly_src":"SWBD","Lake_type":1,"Grand_id":0,"Lake_area":0.16,"Shore_len":1.98,"Shore_dev":1.4,"Vol_total":1.21,"Vol_res":0.0,"Vol_src":3,"Depth_avg":7.6,"Dis_avg":0.188,"Res_time":74.5,"Elevation":5327,"Slope_100":13.09,"Wshd_area":7.2,"Pour_long":86.368396,"Pour_lat":28.239164,"source_id":"hydrolakes:1381621","label":""},"geometry":{"type":"Polygon","coordinates":[[[86.37012600368968,28.238946533203375],[86.36944444444492,28.238333333333628],[86.3668542480475,28.238378092448215],[86.3625832790803,28.239401312934262],[86.3614545355909,28.24021362304711],[86.36186292860287,28.241674262153083],[86.36309380425405,28.240969238281707],[86.36688557942773,28.240544026692987],[86.36923977322112,28.239659423828357],[86.37012600368968,28.238946533203375]]]}},{"type":"Feature","id":"hydrolakes:1381626","properties":{"Hylak_id":1381626,"Lake_name":"","Country":"China","Continent":"Asia","Poly_src":"SWBD","Lake_type":1,"Grand_id":0,"Lake_area":0.65,"Shore_len":4.23,"Shore_dev":1.48,"Vol_total":6.29,"Vol_res":0.0,"Vol_src":3,"Depth_avg":9.7,"Dis_avg":0.69,"Res_time":105.5,"Elevation":5410,"Slope_100":14.28,"Wshd_area":22.9,"Pour_long":87.586157,"Pour_lat":28.235032,"source_id":"hydrolakes:1381626","label":""},"geometry":{"type":"Polygon","coordinates":[[[87.59430013020909,28.22264417860282],[87.59416666666732,28.222500000000252],[87.59345648871601,28.222724880642602],[87.59181504991386,28.22424574110272],[87.59282741970566,28.227704399956906],[87.59180013020892,28.228189154731126],[87.58932318793472,28.230042588975948],[87.58759195963597,28.231911214192962],[87.58459011501787,28.234271782769383],[87.58452446831649,28.23593288845518],[87.58615614149369,28.236796332465644],[87.58675509982692,28.236820068359634],[87.59028754340335,28.23527153862875],[87.59486653645894,28.22986640082496],[87.59576633029587,28.22720404730927],[87.59485568576463,28.225144178602704],[87.5945887586812,28.222911376953448],[87.59430013020909,28.22264417860282]]]}},{"type":"Feature","id":"hydrolakes:1381633","properties":{"Hylak_id":1381633,"Lake_name":"","Country":"China","Continent":"Asia","Poly_src":"SWBD","Lake_type":1,"Grand_id":0,"Lake_area":0.19,"Shore_len":1.96,"Shore_dev":1.27,"Vol_total":1.55,"Vol_res":0.0,"Vol_src":3,"Depth_avg":8.3,"Dis_avg":0.116,"Res_time":154.8,"Elevation":5247,"Slope_100":14.93,"Wshd_area":3.8,"Pour_long":87.576531,"Pour_lat":28.229723,"source_id":"hydrolakes:1381633","label":""},"geometry":{"type":"Polygon","coordinates":[[[87.58153320312567,28.22596693250898],[87.5811111111118,28.225277777778103],[87.57908637152843,28.22545423719646],[87.57487575954912,28.229355604383954],[87.57482286241378,28.23068915473118],[87.57808159722282,28.22993516710096],[87.58022026909777,28.2277737087677],[87.58180013020899,28.226614854600996],[87.58153320312567,28.22596693250898]]]}},{"type":"Feature","id":"hydrolakes:1381652","properties":{"Hylak_id":1381652,"Lake_name":"","Country":"China","Continent":"Asia","Poly_src":"SWBD","Lake_type":1,"Grand_id":0,"Lake_area":0.48,"Shore_len":3.75,"Shore_dev":1.53,"Vol_total":4.99,"Vol_res":0.0,"Vol_src":3,"Depth_avg":10.4,"Dis_avg":0.161,"Res_time":358.4,"Elevation":4909,"Slope_100":18.1,"Wshd_area":14.2,"Pour_long":89.737063,"Pour_lat":28.216006,"source_id":"hydrolakes:1381652","label":""},"geometry":{"type":"Polygon","coordinates":[[[89.73885199652847,28.215508897569748],[89.74198513454934,28.215531548394495],[89.74348253038266,28.214593641493366],[89.74621744791762,28.21211941189273],[89.74837836371597,28.212131618923934],[89.75032823350767,28.20881700303846],[89.74916666666735,28.207777777778063],[89.74608235677175,28.208676622179098],[89.74358561197988,28.210814480252054],[89.73965549045226,28.212284071180875],[89.73837782118125,28.21420518663234],[89.73655490451472,28.21577596028675],[89.73642903645901,28.21734198676245],[89.73721842447986,28.21740546332495],[89.73885199652847,28.215508897569748]]]}},{"type":"Feature","id":"hydrolakes:1381655","properties":{"Hylak_id":1381655,"Lake_name":"","Country":"China","Continent":"Asia","Poly_src":"SWBD","Lake_type":1,"Grand_id":0,"Lake_area":0.64,"Shore_len":3.86,"Shore_dev":1.36,"Vol_total":7.56,"Vol_res":0.0,"Vol_src":3,"Depth_avg":11.8,"Dis_avg":2.443,"Res_time":35.8,"Elevation":4781,"Slope_100":21.44,"Wshd_area":79.5,"Pour_long":87.460417,"Pour_lat":28.215354,"source_id":"hydrolakes:1381655","label":""},"geometry":{"type":"Polygon","coordinates":[[[87.4619642469624,28.21751573350724],[87.46514784071246,28.217417670356213],[87.465705566407,28.21677029079899],[87.47084716796934,28.216245795356144],[87.47265625000068,28.214828965929144],[87.47370171441031,28.21491305881102],[87.47467692057347,28.21422146267389],[87.47456814236165,28.21286499023455],[87.47346191406308,28.212371419271165],[87.4722222222228,28.211388888889132],[87.4698773871533,28.212462836371856],[87.46712076822968,28.21233059353324],[87.46450412326453,28.213288574219064],[87.46295410156301,28.21316392686657],[87.46140733506996,28.213815375434365],[87.45831136067767,28.214518771701762],[87.45792697482699,28.215521647135745],[87.45850558810832,28.216558566623632],[87.4595014105908,28.216478542752043],[87.4619642469624,28.21751573350724]]]}},{"type":"Feature","id":"hydrolakes:1381660","properties":{"Hylak_id":1381660,"Lake_name":"","Country":"China","Continent":"Asia","Poly_src":"SWBD","Lake_type":1,"Grand_id":0,"Lake_area":0.79,"Shore_len":4.87,"Shore_dev":1.55,"Vol_total":4.55,"Vol_res":0.0,"Vol_src":3,"Depth_avg":5.8,"Dis_avg":0.394,"Res_time":133.7,"Elevation":4852,"Slope_100":4.55,"Wshd_area":15.9,"Pour_long":87.110718,"Pour_lat":28.21171,"source_id":"hydrolakes:1381660","label":""},"geometry":{"type":"Polygon","coordinates":[[[87.11121175130262,28.211358913845743],[87.11015869140675,28.21051554362009],[87.10944661458404,28.20882541232669],[87.10530856662382,28.20746921115483],[87.10237670898488,28.2069590928823],[87.09935045030443,28.204942220052374],[87.0971173773878,28.204083794488156],[87.09625000000057,28.203975965712118],[87.09411987304748,28.204240858290177],[87.09305555555608,28.203333333333603],[87.0921816677523,28.203827446831895],[87.09177802191897,28.204877251519463],[87.09224229600744,28.20754462348117],[87.09353922526111,28.208307020399616],[87.09474405924533,28.208157145182554],[87.09632514105965,28.209312201606224],[87.10196818033904,28.20957478841177],[87.1043908691413,28.211512451172155],[87.10718166775229,28.21084513346392],[87.10876532660637,28.211512451172155],[87.11015462239652,28.212623562283284],[87.11151245117253,28.21222086588574],[87.11121175130262,28.211358913845743]]]}},{"type":"Feature","id":"hydrolakes:1381667","properties":{"Hylak_id":1381667,"Lake_name":"","Country":"China","Continent":"Asia","Poly_src":"SWBD","Lake_type":1,"Grand_id":0,"Lake_area":0.55,"Shore_len":3.86,"Shore_dev":1.47,"Vol_total":5.55,"Vol_res":0.0,"Vol_src":3,"Depth_avg":10.1,"Dis_avg":0.662,"Res_time":97.1,"Elevation":4980,"Slope_100":16.27,"Wshd_area":26.3,"Pour_long":87.047551,"Pour_lat":28.209462,"source_id":"hydrolakes:1381667","label":""},"geometry":{"type":"Polygon","coordinates":[[[87.05683959961004,28.204277750651443],[87.05784003363766,28.20221571180582],[87.05750000000069,28.20055555555581],[87.05677652994842,28.200696750217332],[87.05348320855086,28.202335205078498],[87.0526416015631,28.203752712673918],[87.0520643446186,28.204025065104418],[87.0510164388026,28.202934299045467],[87.04863349066909,28.20580091688396],[87.04641153971409,28.20634263780414],[87.04567518446237,28.207109103732932],[87.04574069553001,28.21152506510441],[87.04954684787373,28.209564208984716],[87.05298380533918,28.207053087022814],[87.05431206597291,28.20567070855077],[87.05683959961004,28.204277750651443]]]}},{"type":"Feature","id":"hydrolakes:1381671","properties":{"Hylak_id":1381671,"Lake_name":"","Country":"China","Continent":"Asia","Poly_src":"SWBD","Lake_type":1,"Grand_id":0,"Lake_area":0.22,"Shore_len":2.06,"Shore_dev":1.23,"Vol_total":1.57,"Vol_res":0.0,"Vol_src":3,"Depth_avg":7.1,"Dis_avg":0.431,"Res_time":42.3,"Elevation":5539,"Slope_100":10.45,"Wshd_area":19.1,"Pour_long":86.628114,"Pour_lat":28.207496,"source_id":"hydrolakes:1381671","label":""},"geometry":{"type":"Polygon","coordinates":[[[86.63264417860302,28.204578043620245],[86.63194444444497,28.203611111111286],[86.62598239474875,28.2083551703563],[86.62594509548671,28.20929456922778],[86.62794203016557,28.209642333984675],[86.62998738606836,28.20899481879377],[86.63318915473138,28.206028103298934],[86.63264417860302,28.204578043620245]]]}},{"type":"Feature","id":"hydrolakes:1381687","properties":{"Hylak_id":1381687,"Lake_name":"","Country":"China","Continent":"Asia","Poly_src":"SWBD","Lake_type":1,"Grand_id":0,"Lake_area":0.15,"Shore_len":1.88,"Shore_dev":1.37,"Vol_total":1.09,"Vol_res":0.0,"Vol_src":3,"Depth_avg":7.2,"Dis_avg":0.157,"Res_time":80.5,"Elevation":5339,"Slope_100":12.14,"Wshd_area":5.7,"Pour_long":86.350977,"Pour_lat":28.192851,"source_id":"hydrolakes:1381687","label":""},"geometry":{"type":"Polygon","coordinates":[[[86.3538008626308,28.190610215929212],[86.35361111111155,28.189722222222485],[86.35210557725742,28.19044080946213],[86.3511111111116,28.1899004448789],[86.34865492079035,28.19368204752635],[86.34876437717071,28.195519476996765],[86.34938652886336,28.19596435546913],[86.3538008626308,28.190610215929212]]]}},{"type":"Feature","id":"hydrolakes:1381689","properties":{"Hylak_id":1381689,"Lake_name":"","Country":"China","Continent":"Asia","Poly_src":"SWBD","Lake_type":1,"Grand_id":0,"Lake_area":0.44,"Shore_len":3.31,"Shore_dev":1.4,"Vol_total":5.38,"Vol_res":0.0,"Vol_src":3,"Depth_avg":12.2,"Dis_avg":0.428,"Res_time":145.6,"Elevation":5352,"Slope_100":25.58,"Wshd_area":13.4,"Pour_long":87.646242,"Pour_lat":28.192265,"source_id":"hydrolakes:1381689","label":""},"geometry":{"type":"Polygon","coordinates":[[[87.64041531033041,28.19734741210965],[87.6427625868061,28.195288764106238],[87.6450032552089,28.193885498047166],[87.64693874783046,28.19222791883709],[87.64583333333388,28.190833333333615],[87.64233452691042,28.19157131618948],[87.64042697482711,28.1932047526044],[87.63968451605962,28.193536105686064],[87.63805718316036,28.1935167100699],[87.63754231770889,28.195226779514144],[87.63582356770905,28.19599378797784],[87.63452880859433,28.195987820095752],[87.63467827691028,28.197848171658222],[87.63524386935825,28.199017469618468],[87.63623969184096,28.198461914062875],[87.63850694444506,28.198048366970795],[87.64041531033041,28.19734741210965]]]}},{"type":"Feature","id":"hydrolakes:1381693","properties":{"Hylak_id":1381693,"Lake_name":"","Country":"China","Continent":"Asia","Poly_src":"SWBD","Lake_type":1,"Grand_id":0,"Lake_area":0.21,"Shore_len":2.43,"Shore_dev":1.48,"Vol_total":1.84,"Vol_res":0.0,"Vol_src":3,"Depth_avg":8.5,"Dis_avg":0.186,"Res_time":114.2,"Elevation":5245,"Slope_100":15.35,"Wshd_area":6.6,"Pour_long":86.312074,"Pour_lat":28.190607,"source_id":"hydrolakes:1381693","label":""},"geometry":{"type":"Polygon","coordinates":[[[86.31242689344674,28.190004340278108],[86.31194444444498,28.189444444444746],[86.31153808593791,28.189794514974267],[86.31191704644147,28.191955023871856],[86.31410563151093,28.195857611762392],[86.31551839192758,28.197223714192944],[86.31801242404555,28.197906358507282],[86.31844184027841,28.1973322211374],[86.31564398871575,28.194272054036787],[86.31492106119839,28.191870930989865],[86.31242689344674,28.190004340278108]]]}},{"type":"Feature","id":"hydrolakes:1381695","properties":{"Hylak_id":1381695,"Lake_name":"","Country":"China","Continent":"Asia","Poly_src":"SWBD","Lake_type":1,"Grand_id":0,"Lake_area":0.23,"Shore_len":2.08,"Shore_dev":1.21,"Vol_total":1.64,"Vol_res":0.0,"Vol_src":3,"Depth_avg":7.0,"Dis_avg":0.049,"Res_time":388.2,"Elevation":4895,"Slope_100":9.87,"Wshd_area":4.9,"Pour_long":89.600461,"Pour_lat":28.18878,"source_id":"hydrolakes:1381695","label":""},"geometry":{"type":"Polygon","coordinates":[[[89.59874728732706,28.1854193793406],[89.59666666666749,28.18305555555588],[89.59573784722306,28.183357069227725],[89.59519314236178,28.18494750976589],[89.5964637586813,28.187566731771142],[89.59806803385504,28.18923611111137],[89.59981499566044,28.19013617621556],[89.60123209635503,28.189498019748555],[89.60069173177152,28.187919108073288],[89.6007128906258,28.186876491970793],[89.59874728732706,28.1854193793406]]]}},{"type":"Feature","id":"hydrolakes:1381696","properties":{"Hylak_id":1381696,"Lake_name":"","Country":"China","Continent":"Asia","Poly_src":"SWBD","Lake_type":1,"Grand_id":0,"Lake_area":0.18,"Shore_len":2.02,"Shore_dev":1.36,"Vol_total":1.36,"Vol_res":0.0,"Vol_src":3,"Depth_avg":7.7,"Dis_avg":0.016,"Res_time":982.8,"Elevation":4886,"Slope_100":13.26,"Wshd_area":1.5,"Pour_long":89.660329,"Pour_lat":28.188186,"source_id":"hydrolakes:1381696","label":""},"geometry":{"type":"Polygon","coordinates":[[[89.66263617621598,28.182919379340547],[89.66250000000088,28.18277777777803],[89.66069715711888,28.184030490451732],[89.65930826823,28.18436916775204],[89.66012749566045,28.18701673719653],[89.65875271267441,28.188828260634068],[89.65959472656317,28.189454074436128],[89.66167426215367,28.187805582682586],[89.66264160156334,28.18653049045173],[89.66300944010504,28.185022650824976],[89.66420464409805,28.183874376085384],[89.66263617621598,28.182919379340547]]]}},{"type":"Feature","id":"hydrolakes:1381701","properties":{"Hylak_id":1381701,"Lake_name":"","Country":"China","Continent":"Asia","Poly_src":"SWBD","Lake_type":1,"Grand_id":0,"Lake_area":0.41,"Shore_len":3.48,"Shore_dev":1.54,"Vol_total":3.37,"Vol_res":0.0,"Vol_src":3,"Depth_avg":8.3,"Dis_avg":0.241,"Res_time":162.0,"Elevation":5025,"Slope_100":11.95,"Wshd_area":9.8,"Pour_long":86.526042,"Pour_lat":28.185862,"source_id":"hydrolakes:1381701","label":""},"geometry":{"type":"Polygon","coordinates":[[[86.53788682725758,28.18550794813393],[86.53805555555618,28.183888888889214],[86.53402940538246,28.184870605469087],[86.52996921115499,28.184313422309344],[86.52736111111159,28.184870605469087],[86.52385348849884,28.184291042751966],[86.52299669053878,28.18434217664958],[86.5223689778652,28.185219862196504],[86.52298868815154,28.186360270182547],[86.52669609917598,28.18722290039102],[86.53163831922785,28.18763102213569],[86.53370212131142,28.186890597873514],[86.53654079861167,28.186448160807572],[86.53788682725758,28.18550794813393]]]}},{"type":"Feature","id":"hydrolakes:1381707","properties":{"Hylak_id":1381707,"Lake_name":"","Country":"China","Continent":"Asia","Poly_src":"SWBD","Lake_type":1,"Grand_id":0,"Lake_area":0.47,"Shore_len":2.78,"Shore_dev":1.14,"Vol_total":3.83,"Vol_res":0.0,"Vol_src":3,"Depth_avg":8.1,"Dis_avg":0.065,"Res_time":682.5,"Elevation":4355,"Slope_100":10.86,"Wshd_area":1.7,"Pour_long":85.922936,"Pour_lat":28.18127,"source_id":"hydrolakes:1381707","label":""},"geometry":{"type":"Polygon","coordinates":[[[85.92621717664986,28.17928276909754],[85.92527777777815,28.17777777777809],[85.92268914116801,28.178583984375337],[85.92040635850753,28.179850802951705],[85.91860649956635,28.181593695746756],[85.91712727864638,28.184244927300654],[85.9180418565544,28.185306532118318],[85.92093905978771,28.184778103298868],[85.92475185818199,28.183426513672202],[85.92731587727911,28.182178141276268],[85.92621717664986,28.17928276909754]]]}},{"type":"Feature","id":"hydrolakes:1381710","properties":{"Hylak_id":1381710,"Lake_name":"","Country":"China","Continent":"Asia","Poly_src":"SWBD","Lake_type":1,"Grand_id":0,"Lake_area":0.63,"Shore_len":3.28,"Shore_dev":1.17,"Vol_total":4.08,"Vol_res":0.0,"Vol_src":3,"Depth_avg":6.5,"Dis_avg":0.312,"Res_time":151.5,"Elevation":4694,"Slope_100":6.31,"Wshd_area":31.8,"Pour_long":89.528272,"Pour_lat":28.180225,"source_id":"hydrolakes:1381710","label":""},"geometry":{"type":"Polygon","coordinates":[[[89.53878879123334,28.183734673394383],[89.54029920789998,28.181848415798868],[89.53956787109462,28.180154215495122],[89.5392925347229,28.178570963541972],[89.53861111111183,28.177500000000236],[89.53762342665016,28.177623562283372],[89.53643039279581,28.178324924045455],[89.53560709635491,28.17784084743954],[89.53180745442779,28.178315565321498],[89.53060302734451,28.17816582573812],[89.52766303168477,28.179479031033225],[89.52737657335143,28.18012315538226],[89.52854844835139,28.18158854166694],[89.53103515625077,28.18309882269989],[89.53285671658068,28.182872314453448],[89.53443739149378,28.18347995334227],[89.53878879123334,28.183734673394383]]]}},{"type":"Feature","id":"hydrolakes:1381713","properties":{"Hylak_id":1381713,"Lake_name":"","Country":"China","Continent":"Asia","Poly_src":"SWBD","Lake_type":1,"Grand_id":0,"Lake_area":0.8,"Shore_len":4.82,"Shore_dev":1.52,"Vol_total":9.2,"Vol_res":0.0,"Vol_src":3,"Depth_avg":11.5,"Dis_avg":0.678,"Res_time":157.0,"Elevation":5011,"Slope_100":19.02,"Wshd_area":21.2,"Pour_long":87.54938,"Pour_lat":28.179752,"source_id":"hydrolakes:1381713","label":""},"geometry":{"type":"Polygon","coordinates":[[[87.55558973524359,28.18053100585962],[87.56301486545198,28.179513075087186],[87.56640489366379,28.179448106554275],[87.56937120225768,28.17998589409757],[87.57127251519171,28.17777899848113],[87.57119601779567,28.176827799479554],[87.56868896484445,28.17644571940133],[87.56611111111181,28.17555555555589],[87.56246093750065,28.175914442274575],[87.55935682508738,28.175665011936076],[87.55512858072967,28.17679524739617],[87.55370171441024,28.177591281467244],[87.55040635850764,28.17846191406278],[87.54876030816041,28.17996459960966],[87.55098958333389,28.18047105577284],[87.55291666666716,28.180316162109648],[87.55558973524359,28.18053100585962]]]}},{"type":"Feature","id":"hydrolakes:1381716","properties":{"Hylak_id":1381716,"Lake_name":"","Country":"China","Continent":"Asia","Poly_src":"SWBD","Lake_type":1,"Grand_id":0,"Lake_area":0.12,"Shore_len":1.58,"Shore_dev":1.29,"Vol_total":0.1,"Vol_res":0.0,"Vol_src":3,"Depth_avg":0.8,"Dis_avg":0.539,"Res_time":2.1,"Elevation":4476,"Slope_100":0.15,"Wshd_area":59.4,"Pour_long":89.418376,"Pour_lat":28.175927,"source_id":"hydrolakes:1381716","label":""},"geometry":{"type":"Polygon","coordinates":[[[89.42008517795227,28.17548638237878],[89.41972222222307,28.173888888889167],[89.41629882812566,28.175947943793688],[89.41487657335136,28.177639567057554],[89.4158553059903,28.179012451172127],[89.41711480034803,28.178327907986386],[89.41814832899382,28.177037217882287],[89.42008517795227,28.17548638237878]]]}},{"type":"Feature","id":"hydrolakes:1381718","properties":{"Hylak_id":1381718,"Lake_name":"","Country":"Bhutan","Continent":"Asia","Poly_src":"SWBD","Lake_type":1,"Grand_id":0,"Lake_area":0.17,"Shore_len":1.82,"Shore_dev":1.25,"Vol_total":1.34,"Vol_res":0.0,"Vol_src":3,"Depth_avg":8.0,"Dis_avg":0.266,"Res_time":58.3,"Elevation":4514,"Slope_100":14.59,"Wshd_area":20.6,"Pour_long":89.847878,"Pour_lat":28.172695,"source_id":"hydrolakes:1381718","label":""},"geometry":{"type":"Polygon","coordinates":[[[89.85136393229266,28.16996934678849],[89.85083333333421,28.169166666666968],[89.8500488281257,28.16936794704901],[89.84821994357708,28.170997721354468],[89.847300889758,28.171341552734702],[89.8451643880216,28.173696967231137],[89.84545084635494,28.174497612847574],[89.84655653211894,28.174745415581924],[89.84839680989671,28.174056939019408],[89.85059570312592,28.171663547092464],[89.85136393229266,28.16996934678849]]]}},{"type":"Feature","id":"hydrolakes:1381724","properties":{"Hylak_id":1381724,"Lake_name":"","Country":"China","Continent":"Asia","Poly_src":"SWBD","Lake_type":1,"Grand_id":0,"Lake_area":0.12,"Shore_len":1.57,"Shore_dev":1.27,"Vol_total":0.81,"Vol_res":0.0,"Vol_src":3,"Depth_avg":6.6,"Dis_avg":0.156,"Res_time":60.0,"Elevation":5375,"Slope_100":10.84,"Wshd_area":4.7,"Pour_long":87.625656,"Pour_lat":28.167042,"source_id":"hydrolakes:1381724","label":""},"geometry":{"type":"Polygon","coordinates":[[[87.62494873046944,28.168004150390914],[87.62631239149363,28.16687133789094],[87.62583333333407,28.166111111111434],[87.62295301649351,28.167053629557586],[87.62178087022625,28.166210123698193],[87.621185709636,28.166270751953448],[87.62026421441027,28.16814737955758],[87.62309109158048,28.169362114800606],[87.62415174696235,28.16896348741352],[87.62494873046944,28.168004150390914]]]}},{"type":"Feature","id":"hydrolakes:1381728","properties":{"Hylak_id":1381728,"Lake_name":"","Country":"China","Continent":"Asia","Poly_src":"SWBD","Lake_type":1,"Grand_id":0,"Lake_area":0.16,"Shore_len":2.09,"Shore_dev":1.46,"Vol_total":1.32,"Vol_res":0.0,"Vol_src":3,"Depth_avg":8.1,"Dis_avg":0.081,"Res_time":188.0,"Elevation":5171,"Slope_100":15.12,"Wshd_area":2.5,"Pour_long":87.576584,"Pour_lat":28.161661,"source_id":"hydrolakes:1381728","label":""},"geometry":{"type":"Polygon","coordinates":[[[87.57714491102485,28.16164347330755],[87.575833333334,28.159722222222513],[87.57487141927135,28.15989773220514],[87.57599880642414,28.162746717665357],[87.57900607638953,28.166237114800595],[87.58090684678876,28.16638983832496],[87.58146321614652,28.16487413194477],[87.57963406033059,28.16372829861143],[87.57714491102485,28.16164347330755]]]}},{"type":"Feature","id":"hydrolakes:1381743","properties":{"Hylak_id":1381743,"Lake_name":"","Country":"China","Continent":"Asia","Poly_src":"SWBD","Lake_type":1,"Grand_id":0,"Lake_area":0.83,"Shore_len":4.94,"Shore_dev":1.53,"Vol_total":4.32,"Vol_res":0.0,"Vol_src":3,"Depth_avg":5.2,"Dis_avg":0.917,"Res_time":54.6,"Elevation":5141,"Slope_100":3.65,"Wshd_area":33.7,"Pour_long":87.160278,"Pour_lat":28.151781,"source_id":"hydrolakes:1381743","label":""},"geometry":{"type":"Polygon","coordinates":[[[87.15292195638068,28.159033067491634],[87.15329318576443,28.157088623047173],[87.15507798936682,28.157908799913457],[87.15673231336854,28.15797431098116],[87.15782362196234,28.156963297526488],[87.16019341362897,28.15369479709227],[87.1620886230474,28.15069973415831],[87.16236490885501,28.14925238715307],[87.16438666449704,28.144959581163448],[87.16305555555618,28.143611111111454],[87.16163709852492,28.14388197157143],[87.15922946506151,28.148020562066165],[87.15636745876805,28.1487023925784],[87.1551566569018,28.149273817274548],[87.15518405490508,28.152804633246944],[87.15466281467081,28.15390896267388],[87.15381903754388,28.154819742838924],[87.15201877170188,28.15614013671899],[87.15097751193633,28.15810791015656],[87.15130520290853,28.158901909722545],[87.152583007813,28.159578043620172],[87.15292195638068,28.159033067491634]]]}},{"type":"Feature","id":"hydrolakes:1381744","properties":{"Hylak_id":1381744,"Lake_name":"","Country":"China","Continent":"Asia","Poly_src":"SWBD","Lake_type":1,"Grand_id":0,"Lake_area":0.17,"Shore_len":1.75,"Shore_dev":1.2,"Vol_total":1.7,"Vol_res":0.0,"Vol_src":3,"Depth_avg":9.9,"Dis_avg":0.109,"Res_time":180.5,"Elevation":4897,"Slope_100":22.62,"Wshd_area":11.0,"Pour_long":89.562292,"Pour_lat":28.151587,"source_id":"hydrolakes:1381744","label":""},"geometry":{"type":"Polygon","coordinates":[[[89.56626030816062,28.147350802951678],[89.56555555555644,28.146388888889078],[89.5637885199659,28.14749389648466],[89.56262858072984,28.14957302517388],[89.56187554253546,28.152333306206913],[89.5636691623273,28.152477349175683],[89.5648155381952,28.151385226779837],[89.56512858072989,28.150684136285008],[89.56651746961876,28.149004991319828],[89.56626030816062,28.147350802951678]]]}},{"type":"Feature","id":"hydrolakes:1381745","properties":{"Hylak_id":1381745,"Lake_name":"","Country":"China","Continent":"Asia","Poly_src":"SWBD","Lake_type":1,"Grand_id":0,"Lake_area":0.14,"Shore_len":1.9,"Shore_dev":1.44,"Vol_total":0.93,"Vol_res":0.0,"Vol_src":3,"Depth_avg":6.7,"Dis_avg":0.139,"Res_time":77.5,"Elevation":5220,"Slope_100":10.81,"Wshd_area":5.5,"Pour_long":86.532778,"Pour_lat":28.149752,"source_id":"hydrolakes:1381745","label":""},"geometry":{"type":"Polygon","coordinates":[[[86.53818657769159,28.151638319227686],[86.53783053928004,28.149968532986406],[86.53481621636348,28.149498833550695],[86.53416666666726,28.148888888889132],[86.53328070746596,28.149054226345868],[86.5315356445318,28.150613471137376],[86.53268595377648,28.151519911024593],[86.53439520941885,28.15042453342045],[86.53545572916715,28.151011420356213],[86.5353594292539,28.15262722439263],[86.53697224934956,28.1527233886722],[86.53818657769159,28.151638319227686]]]}},{"type":"Feature","id":"hydrolakes:1381750","properties":{"Hylak_id":1381750,"Lake_name":"","Country":"China","Continent":"Asia","Poly_src":"SWBD","Lake_type":1,"Grand_id":0,"Lake_area":0.33,"Shore_len":2.2,"Shore_dev":1.09,"Vol_total":2.19,"Vol_res":0.0,"Vol_src":3,"Depth_avg":6.7,"Dis_avg":0.128,"Res_time":197.7,"Elevation":5106,"Slope_100":8.17,"Wshd_area":4.0,"Pour_long":87.465909,"Pour_lat":28.14816,"source_id":"hydrolakes:1381750","label":""},"geometry":{"type":"Polygon","coordinates":[[[87.47015163845549,28.14457044813406],[87.46972222222291,28.143888888889308],[87.46845947265695,28.14429267035632],[87.46668375651109,28.14595581054715],[87.46515163845544,28.148084445529776],[87.46594129774365,28.149339057074883],[87.46742078993105,28.150403781467446],[87.47042860243113,28.150004204644404],[87.47290391710135,28.14847751193605],[87.47095947265689,28.145985107422234],[87.47015163845549,28.14457044813406]]]}},{"type":"Feature","id":"hydrolakes:1381755","properties":{"Hylak_id":1381755,"Lake_name":"","Country":"China","Continent":"Asia","Poly_src":"SWBD","Lake_type":1,"Grand_id":0,"Lake_area":0.15,"Shore_len":1.5,"Shore_dev":1.11,"Vol_total":0.84,"Vol_res":0.0,"Vol_src":3,"Depth_avg":5.8,"Dis_avg":0.068,"Res_time":143.2,"Elevation":5472,"Slope_100":7.67,"Wshd_area":2.5,"Pour_long":87.106172,"Pour_lat":28.143108,"source_id":"hydrolakes:1381755","label":""},"geometry":{"type":"Polygon","coordinates":[[[87.10545247395896,28.140797526042036],[87.10444444444511,28.14027777777801],[87.10325425889806,28.14046942816867],[87.10354288737034,28.142422688802355],[87.10473103841207,28.14389268663217],[87.10620781792585,28.144565429687816],[87.10777967664984,28.143947482639135],[87.10817654079909,28.14206366644993],[87.10545247395896,28.140797526042036]]]}},{"type":"Feature","id":"hydrolakes:1381756","properties":{"Hylak_id":1381756,"Lake_name":"","Country":"China","Continent":"Asia","Poly_src":"SWBD","Lake_type":1,"Grand_id":0,"Lake_area":0.21,"Shore_len":1.8,"Shore_dev":1.1,"Vol_total":1.33,"Vol_res":0.0,"Vol_src":3,"Depth_avg":6.3,"Dis_avg":0.089,"Res_time":172.6,"Elevation":5470,"Slope_100":8.1,"Wshd_area":3.2,"Pour_long":87.113953,"Pour_lat":28.142786,"source_id":"hydrolakes:1381756","label":""},"geometry":{"type":"Polygon","coordinates":[[[87.1151491970491,28.142350802951682],[87.11361111111171,28.140555555555864],[87.10987955729229,28.140693359375348],[87.10905748155432,28.14185275607673],[87.10888454861168,28.144005126953402],[87.1123060438374,28.14428005642384],[87.11540635850758,28.14357571072071],[87.1151491970491,28.142350802951682]]]}},{"type":"Feature","id":"hydrolakes:1381760","properties":{"Hylak_id":1381760,"Lake_name":"","Country":"China","Continent":"Asia","Poly_src":"SWBD","Lake_type":1,"Grand_id":0,"Lake_area":0.61,"Shore_len":4.23,"Shore_dev":1.53,"Vol_total":6.76,"Vol_res":0.0,"Vol_src":3,"Depth_avg":11.1,"Dis_avg":0.729,"Res_time":107.4,"Elevation":4984,"Slope_100":19.02,"Wshd_area":27.8,"Pour_long":86.520617,"Pour_lat":28.14207,"source_id":"hydrolakes:1381760","label":""},"geometry":{"type":"Polygon","coordinates":[[[86.53485324435826,28.1312578667538],[86.53472222222285,28.13111111111141],[86.53371921115513,28.131298285590503],[86.53209052191903,28.132045762804182],[86.52388793945357,28.137152370877118],[86.52110500759602,28.139638943142643],[86.52014675564288,28.141402452257182],[86.52061442057357,28.142631022135845],[86.5229840766064,28.142210422092262],[86.52579481336869,28.1397588433162],[86.52905544704907,28.137450900607973],[86.53622233072969,28.13351915147598],[86.53630343967075,28.132159695095822],[86.5357431369365,28.131532524956867],[86.53485324435826,28.1312578667538]]]}},{"type":"Feature","id":"hydrolakes:1381763","properties":{"Hylak_id":1381763,"Lake_name":"","Country":"China","Continent":"Asia","Poly_src":"SWBD","Lake_type":1,"Grand_id":0,"Lake_area":0.46,"Shore_len":2.94,"Shore_dev":1.23,"Vol_total":4.25,"Vol_res":0.0,"Vol_src":3,"Depth_avg":9.3,"Dis_avg":0.037,"Res_time":1329.0,"Elevation":5292,"Slope_100":14.53,"Wshd_area":3.8,"Pour_long":89.534525,"Pour_lat":28.139249,"source_id":"hydrolakes:1381763","label":""},"geometry":{"type":"Polygon","coordinates":[[[89.53797390408067,28.134157850477777],[89.5375840928827,28.133071560330166],[89.53666666666737,28.132222222222538],[89.53536485460137,28.133249240451676],[89.53403347439308,28.133169894748562],[89.53210991753554,28.135526665581835],[89.53181342230971,28.139313422309385],[89.53094970703194,28.141275363498664],[89.53159912109442,28.142470296224246],[89.53278320312586,28.14290879991347],[89.53464626736195,28.141465115017695],[89.53603515625082,28.13843885633713],[89.53760498046961,28.136525743273012],[89.53797390408067,28.134157850477777]]]}},{"type":"Feature","id":"hydrolakes:1381778","properties":{"Hylak_id":1381778,"Lake_name":"","Country":"Nepal","Continent":"Asia","Poly_src":"SWBD","Lake_type":1,"Grand_id":0,"Lake_area":0.17,"Shore_len":1.66,"Shore_dev":1.13,"Vol_total":1.28,"Vol_res":0.0,"Vol_src":3,"Depth_avg":7.4,"Dis_avg":0.024,"Res_time":619.5,"Elevation":4787,"Slope_100":12.13,"Wshd_area":0.6,"Pour_long":85.471105,"Pour_lat":28.125899,"source_id":"hydrolakes:1381778","label":""},"geometry":{"type":"Polygon","coordinates":[[[85.46817657470757,28.12210123697946],[85.46805555555596,28.12194444444475],[85.46721598307334,28.122087131076626],[85.4665456475156,28.123792182074965],[85.46678768581864,28.12571234809053],[85.4685383436418,28.12596123589435],[85.4708000013569,28.12706542968789],[85.47150990804079,28.12627685546903],[85.4711893717452,28.124378119574942],[85.46971279568197,28.122961290147828],[85.46817657470757,28.12210123697946]]]}},{"type":"Feature","id":"hydrolakes:1381793","properties":{"Hylak_id":1381793,"Lake_name":"","Country":"Bhutan","Continent":"Asia","Poly_src":"SWBD","Lake_type":1,"Grand_id":0,"Lake_area":0.38,"Shore_len":3.81,"Shore_dev":1.74,"Vol_total":3.82,"Vol_res":0.0,"Vol_src":3,"Depth_avg":10.1,"Dis_avg":0.952,"Res_time":46.5,"Elevation":4347,"Slope_100":18.14,"Wshd_area":68.5,"Pour_long":89.904025,"Pour_lat":28.107921,"source_id":"hydrolakes:1381793","label":""},"geometry":{"type":"Polygon","coordinates":[[[89.90457573784795,28.107368977864837],[89.90444444444523,28.107222222222504],[89.90375759548687,28.107835693359675],[89.90578884548711,28.111304117838813],[89.90856282552153,28.113468017578384],[89.90959092882014,28.115131022135643],[89.91019151475774,28.116880560981144],[89.90948676215356,28.120180935330097],[89.90997341579936,28.121242133246767],[89.91094563802176,28.12067708333359],[89.91178168402854,28.11913831922766],[89.91289605034802,28.115899522569748],[89.9129535590285,28.114938964843986],[89.91188964843826,28.113266465929087],[89.91013129340377,28.112091200087036],[89.9071712239591,28.109461941189522],[89.90570692274389,28.108790011936037],[89.90457573784795,28.107368977864837]]]}},{"type":"Feature","id":"hydrolakes:1381808","properties":{"Hylak_id":1381808,"Lake_name":"","Country":"China","Continent":"Asia","Poly_src":"SWBD","Lake_type":1,"Grand_id":0,"Lake_area":0.41,"Shore_len":2.97,"Shore_dev":1.31,"Vol_total":3.67,"Vol_res":0.0,"Vol_src":3,"Depth_avg":8.9,"Dis_avg":0.305,"Res_time":139.3,"Elevation":5178,"Slope_100":13.75,"Wshd_area":8.1,"Pour_long":87.643654,"Pour_lat":28.096049,"source_id":"hydrolakes:1381808","label":""},"geometry":{"type":"Polygon","coordinates":[[[87.64270480685815,28.09627088758708],[87.64431179470546,28.096258680555877],[87.64624213324703,28.09564127604193],[87.64462782118113,28.094427625868377],[87.64414740668474,28.093380669488113],[87.64181342230955,28.092353244357923],[87.63735975477505,28.091397433811096],[87.63611111111169,28.090000000000316],[87.63462375217074,28.090155029297193],[87.63444580078192,28.093142632378658],[87.63669786241394,28.094666612413448],[87.63962836371599,28.095724148220768],[87.64270480685815,28.09627088758708]]]}},{"type":"Feature","id":"hydrolakes:1381817","properties":{"Hylak_id":1381817,"Lake_name":"","Country":"China","Continent":"Asia","Poly_src":"SWBD","Lake_type":1,"Grand_id":0,"Lake_area":0.18,"Shore_len":2.07,"Shore_dev":1.4,"Vol_total":1.38,"Vol_res":0.0,"Vol_src":3,"Depth_avg":7.8,"Dis_avg":0.082,"Res_time":194.7,"Elevation":4904,"Slope_100":13.68,"Wshd_area":8.7,"Pour_long":89.480047,"Pour_lat":28.088692,"source_id":"hydrolakes:1381817","label":""},"geometry":{"type":"Polygon","coordinates":[[[89.4843777126743,28.084379611545444],[89.48361111111194,28.083333333333655],[89.48271267361184,28.084107530382198],[89.4813240559904,28.086324191623532],[89.47941921658071,28.08751736111134],[89.47846028645938,28.08874159071206],[89.4784176974834,28.09040106879371],[89.4792111545147,28.09046481662358],[89.481624077692,28.088784857856183],[89.48428195529596,28.085571695963836],[89.4843777126743,28.084379611545444]]]}},{"type":"Feature","id":"hydrolakes:1381844","properties":{"Hylak_id":1381844,"Lake_name":"","Country":"China","Continent":"Asia","Poly_src":"SWBD","Lake_type":1,"Grand_id":0,"Lake_area":0.45,"Shore_len":2.96,"Shore_dev":1.25,"Vol_total":3.25,"Vol_res":0.0,"Vol_src":3,"Depth_avg":7.3,"Dis_avg":1.692,"Res_time":22.2,"Elevation":5589,"Slope_100":8.83,"Wshd_area":56.1,"Pour_long":87.051926,"Pour_lat":28.071814,"source_id":"hydrolakes:1381844","label":""},"geometry":{"type":"Polygon","coordinates":[[[87.05115844726612,28.07306640625029],[87.05245429145032,28.07259060329892],[87.05367038303018,28.07268825954884],[87.05443942599891,28.07202568901954],[87.05245537651979,28.070316297743375],[87.05149224175409,28.06877848307323],[87.048823242188,28.06746853298631],[87.04681586371584,28.06568413628503],[87.04527777777844,28.06527777777802],[87.04403130425408,28.06565307617211],[87.04326673719669,28.06714491102457],[87.0440930175788,28.06899658203156],[87.0465380859381,28.070406358507228],[87.04874131944507,28.072372911241644],[87.05003404405437,28.07226915147595],[87.05115844726612,28.07306640625029]]]}},{"type":"Feature","id":"hydrolakes:1381845","properties":{"Hylak_id":1381845,"Lake_name":"","Country":"China","Continent":"Asia","Poly_src":"SWBD","Lake_type":1,"Grand_id":0,"Lake_area":0.18,"Shore_len":2.18,"Shore_dev":1.45,"Vol_total":1.31,"Vol_res":0.0,"Vol_src":3,"Depth_avg":7.3,"Dis_avg":0.446,"Res_time":33.9,"Elevation":4879,"Slope_100":11.73,"Wshd_area":13.8,"Pour_long":87.134308,"Pour_lat":28.071825,"source_id":"hydrolakes:1381845","label":""},"geometry":{"type":"Polygon","coordinates":[[[87.1363810221361,28.0658375379777],[87.13583333333389,28.06444444444469],[87.13466891818632,28.06534315321204],[87.13353366428021,28.0668744574657],[87.13299519856832,28.069675835503915],[87.13354261610311,28.072898763021158],[87.13551052517408,28.07260375976597],[87.13500474717938,28.070869276258918],[87.13543457031312,28.070156792535045],[87.1356765407993,28.066787651910033],[87.1363810221361,28.0658375379777]]]}},{"type":"Feature","id":"hydrolakes:1381863","properties":{"Hylak_id":1381863,"Lake_name":"","Country":"China","Continent":"Asia","Poly_src":"SWBD","Lake_type":1,"Grand_id":0,"Lake_area":0.13,"Shore_len":1.67,"Shore_dev":1.33,"Vol_total":0.98,"Vol_res":0.0,"Vol_src":3,"Depth_avg":7.8,"Dis_avg":0.301,"Res_time":37.6,"Elevation":5066,"Slope_100":14.88,"Wshd_area":7.8,"Pour_long":87.626042,"Pour_lat":28.05224,"source_id":"hydrolakes:1381863","label":""},"geometry":{"type":"Polygon","coordinates":[[[87.62744601779582,28.052793240017593],[87.62890082465344,28.0517618815108],[87.63039930555607,28.051882324219036],[87.63045518663262,28.051187065972442],[87.62944444444503,28.05027777777815],[87.62621120876804,28.05106838650204],[87.62376519097285,28.052309434679046],[87.62369845920199,28.053140326606183],[87.6246861436639,28.053840603298852],[87.62744601779582,28.052793240017593]]]}},{"type":"Feature","id":"hydrolakes:1381879","properties":{"Hylak_id":1381879,"Lake_name":"","Country":"China","Continent":"Asia","Poly_src":"SWBD","Lake_type":1,"Grand_id":0,"Lake_area":0.49,"Shore_len":3.26,"Shore_dev":1.32,"Vol_total":3.9,"Vol_res":0.0,"Vol_src":3,"Depth_avg":8.0,"Dis_avg":0.093,"Res_time":485.5,"Elevation":5241,"Slope_100":10.4,"Wshd_area":3.0,"Pour_long":86.514016,"Pour_lat":28.040438,"source_id":"hydrolakes:1381879","label":""},"geometry":{"type":"Polygon","coordinates":[[[86.51497626410651,28.039463161892684],[86.5144444444449,28.03861111111138],[86.51393093533028,28.03876573350726],[86.51070475260497,28.040915391710314],[86.5110521104607,28.04213202582497],[86.51235432942752,28.043794759114803],[86.51264811197967,28.047626681857878],[86.51385592990499,28.049721679687764],[86.51559244791747,28.050952826606135],[86.51651217990513,28.051026746962123],[86.51664930555609,28.049320339627172],[86.5162186686203,28.048147650824944],[86.51651746961863,28.044573025173918],[86.51702243381135,28.043197699653035],[86.51599785698829,28.041752658420364],[86.51497626410651,28.039463161892684]]]}},{"type":"Feature","id":"hydrolakes:1381892","properties":{"Hylak_id":1381892,"Lake_name":"","Country":"India","Continent":"Asia","Poly_src":"SWBD","Lake_type":1,"Grand_id":0,"Lake_area":0.1,"Shore_len":1.43,"Shore_dev":1.26,"Vol_total":0.52,"Vol_res":0.0,"Vol_src":3,"Depth_avg":5.1,"Dis_avg":0.064,"Res_time":94.3,"Elevation":5156,"Slope_100":6.54,"Wshd_area":3.2,"Pour_long":88.461756,"Pour_lat":28.03189,"source_id":"hydrolakes:1381892","label":""},"geometry":{"type":"Polygon","coordinates":[[[88.46207546658059,28.030424533420387],[88.4619444444453,28.030277777778053],[88.46132948133749,28.030827365451614],[88.4595233832473,28.03333468967037],[88.46015055338609,28.035082600911835],[88.46011474609435,28.035684678819678],[88.46079264322998,28.035725097656496],[88.46290879991392,28.031830647786876],[88.46263454861179,28.030923800998494],[88.46207546658059,28.030424533420387]]]}},{"type":"Feature","id":"hydrolakes:1381896","properties":{"Hylak_id":1381896,"Lake_name":"","Country":"China","Continent":"Asia","Poly_src":"SWBD","Lake_type":1,"Grand_id":0,"Lake_area":0.43,"Shore_len":3.95,"Shore_dev":1.69,"Vol_total":3.94,"Vol_res":0.0,"Vol_src":3,"Depth_avg":9.0,"Dis_avg":0.354,"Res_time":128.7,"Elevation":5195,"Slope_100":13.88,"Wshd_area":15.0,"Pour_long":88.355006,"Pour_lat":28.029554,"source_id":"hydrolakes:1381896","label":""},"geometry":{"type":"Polygon","coordinates":[[[88.35568413628533,28.014315863715524],[88.35510525173663,28.01430230034748],[88.35517062717071,28.015118815104415],[88.35451144748339,28.01604885525211],[88.35464789496592,28.017746310764153],[88.35396321614655,28.020031467014178],[88.3540456814244,28.021054958767706],[88.353258192275,28.024761555989983],[88.35293348524363,28.028804931640877],[88.35462348090363,28.030128580729468],[88.35589572482701,28.029721408420357],[88.35644422743115,28.026185167100948],[88.35570475260482,28.024171278212066],[88.35603379991386,28.020775282118336],[88.35674750434094,28.01949639214439],[88.35777913411522,28.015158148871876],[88.35626139323,28.01481323242217],[88.35568413628533,28.014315863715524]]]}},{"type":"Feature","id":"hydrolakes:1381900","properties":{"Hylak_id":1381900,"Lake_name":"","Country":"China","Continent":"Asia","Poly_src":"SWBD","Lake_type":1,"Grand_id":0,"Lake_area":0.49,"Shore_len":2.77,"Shore_dev":1.11,"Vol_total":3.31,"Vol_res":0.0,"Vol_src":3,"Depth_avg":6.7,"Dis_avg":0.097,"Res_time":394.8,"Elevation":4791,"Slope_100":7.15,"Wshd_area":10.4,"Pour_long":89.427105,"Pour_lat":28.026859,"source_id":"hydrolakes:1381900","label":""},"geometry":{"type":"Polygon","coordinates":[[[89.43050916883755,28.023577202691342],[89.43083333333414,28.0208333333336],[89.42957546658067,28.020964355469175],[89.42790879991395,28.021519911024598],[89.4243926323793,28.02393405490494],[89.42320231119868,28.02612467447949],[89.42414822048693,28.027818060981133],[89.42747531467086,28.029201931423927],[89.43148057725767,28.026870117187798],[89.43197862413268,28.02595377604206],[89.43050916883755,28.023577202691342]]]}},{"type":"Feature","id":"hydrolakes:1381906","properties":{"Hylak_id":1381906,"Lake_name":"","Country":"India","Continent":"Asia","Poly_src":"SWBD","Lake_type":1,"Grand_id":0,"Lake_area":0.75,"Shore_len":5.35,"Shore_dev":1.74,"Vol_total":3.09,"Vol_res":0.0,"Vol_src":3,"Depth_avg":4.1,"Dis_avg":0.198,"Res_time":180.6,"Elevation":5094,"Slope_100":2.27,"Wshd_area":18.2,"Pour_long":88.75473,"Pour_lat":28.022649,"source_id":"hydrolakes:1381906","label":""},"geometry":{"type":"Polygon","coordinates":[[[88.75914605034802,28.0036317274309],[88.75888888888954,28.003333333333615],[88.75762858072977,28.003461914062825],[88.75428331163278,28.004660237630503],[88.75294026692774,28.005817328559317],[88.75280598958409,28.00748847113738],[88.75454698350768,28.01027804904544],[88.75485080295203,28.012926974826655],[88.75547010633761,28.014613308377022],[88.75546034071243,28.016931016710316],[88.75473768446244,28.018834906684333],[88.75349148220562,28.020592447916897],[88.75340196397639,28.02170844184053],[88.75478190104235,28.024573025173936],[88.75567626953188,28.02394707573808],[88.75600992838605,28.021756863064525],[88.75760850694513,28.01815619574677],[88.75771701388959,28.016805555555834],[88.75746446397659,28.013662245008902],[88.75862358941049,28.007679036458683],[88.75961941189297,28.004039713541943],[88.75914605034802,28.0036317274309]]]}},{"type":"Feature","id":"hydrolakes:1381907","properties":{"Hylak_id":1381907,"Lake_name":"","Country":"China","Continent":"Asia","Poly_src":"SWBD","Lake_type":1,"Grand_id":0,"Lake_area":0.42,"Shore_len":3.1,"Shore_dev":1.35,"Vol_total":3.8,"Vol_res":0.0,"Vol_src":3,"Depth_avg":9.0,"Dis_avg":0.303,"Res_time":145.0,"Elevation":5268,"Slope_100":13.92,"Wshd_area":11.6,"Pour_long":88.286265,"Pour_lat":28.021664,"source_id":"hydrolakes:1381907","label":""},"geometry":{"type":"Polygon","coordinates":[[[88.29096435546955,28.01125786675385],[88.29083333333398,28.011111111111404],[88.28913764105994,28.011427680121926],[88.28770941840338,28.013472086588934],[88.2854744466153,28.01769666883706],[88.28450249566032,28.02061265733539],[88.28583930121584,28.022908799913637],[88.28743272569523,28.02230902777802],[88.28931342230959,28.019591200087063],[88.28958007812565,28.016467285156523],[88.29014675564298,28.0154245334204],[88.29141303168478,28.011658664279764],[88.29096435546955,28.01125786675385]]]}},{"type":"Feature","id":"hydrolakes:1381912","properties":{"Hylak_id":1381912,"Lake_name":"","Country":"China","Continent":"Asia","Poly_src":"SWBD","Lake_type":1,"Grand_id":0,"Lake_area":0.24,"Shore_len":2.37,"Shore_dev":1.36,"Vol_total":1.76,"Vol_res":0.0,"Vol_src":3,"Depth_avg":7.2,"Dis_avg":0.175,"Res_time":116.3,"Elevation":4672,"Slope_100":10.48,"Wshd_area":4.9,"Pour_long":87.263647,"Pour_lat":28.017156,"source_id":"hydrolakes:1381912","label":""},"geometry":{"type":"Polygon","coordinates":[[[87.26479831271786,28.01704847547768],[87.26391357421932,28.01609375000021],[87.26055555555627,28.0138888888892],[87.25930026584257,28.014022488064484],[87.25773139105968,28.015299207899545],[87.25486640082539,28.015846218533227],[87.25523993598154,28.017194688585448],[87.25712117513092,28.017854003906564],[87.26109483506997,28.016812744140907],[87.26422919379411,28.017911376953407],[87.26479831271786,28.01704847547768]]]}},{"type":"Feature","id":"hydrolakes:1381921","properties":{"Hylak_id":1381921,"Lake_name":"","Country":"China","Continent":"Asia","Poly_src":"SWBD","Lake_type":1,"Grand_id":0,"Lake_area":0.25,"Shore_len":2.21,"Shore_dev":1.26,"Vol_total":2.19,"Vol_res":0.0,"Vol_src":3,"Depth_avg":8.9,"Dis_avg":0.327,"Res_time":77.7,"Elevation":5256,"Slope_100":16.12,"Wshd_area":12.1,"Pour_long":88.256908,"Pour_lat":28.013971,"source_id":"hydrolakes:1381921","label":""},"geometry":{"type":"Polygon","coordinates":[[[88.25982449001793,28.008468288845734],[88.2586111111118,28.006944444444684],[88.25810221354243,28.007093777126954],[88.25679280599019,28.008181559245088],[88.25654052734438,28.010151774088854],[88.25603651258763,28.011032036675658],[88.25548177083391,28.013523898654796],[88.25601779513948,28.015350477430786],[88.2573036024313,28.015481635199876],[88.25765163845546,28.014873996311053],[88.25796685112908,28.01380018446207],[88.2595345052091,28.01131239149322],[88.25982449001793,28.008468288845734]]]}},{"type":"Feature","id":"hydrolakes:1381924","properties":{"Hylak_id":1381924,"Lake_name":"","Country":"India","Continent":"Asia","Poly_src":"SWBD","Lake_type":1,"Grand_id":0,"Lake_area":0.71,"Shore_len":4.15,"Shore_dev":1.39,"Vol_total":7.71,"Vol_res":0.0,"Vol_src":3,"Depth_avg":10.8,"Dis_avg":0.148,"Res_time":602.8,"Elevation":5209,"Slope_100":17.26,"Wshd_area":11.9,"Pour_long":88.704881,"Pour_lat":28.013098,"source_id":"hydrolakes:1381924","label":""},"geometry":{"type":"Polygon","coordinates":[[[88.69329481336871,28.002544623481185],[88.69277777777859,28.00194444444469],[88.69226535373343,28.002098659939463],[88.69269449869859,28.004864366319794],[88.69255588107717,28.006588134765877],[88.69530381944509,28.0079155815975],[88.69679416232714,28.00919962565132],[88.69723307291747,28.011131184896215],[88.69890380859454,28.01243977864607],[88.70498074001802,28.01394802517393],[88.70596191406327,28.012564425998562],[88.70566297743125,28.011669921875296],[88.70436252170214,28.009593777126952],[88.70271213107713,28.008857421875234],[88.7010164388027,28.006888970269472],[88.69921603732712,28.006346978081922],[88.69774658203198,28.004641384548904],[88.69570014105972,28.004268120659958],[88.69329481336871,28.002544623481185]]]}},{"type":"Feature","id":"hydrolakes:1381930","properties":{"Hylak_id":1381930,"Lake_name":"","Country":"China","Continent":"Asia","Poly_src":"SWBD","Lake_type":1,"Grand_id":0,"Lake_area":0.27,"Shore_len":3.15,"Shore_dev":1.7,"Vol_total":2.45,"Vol_res":0.0,"Vol_src":3,"Depth_avg":9.0,"Dis_avg":0.399,"Res_time":71.0,"Elevation":5104,"Slope_100":15.78,"Wshd_area":15.7,"Pour_long":88.321644,"Pour_lat":28.009882,"source_id":"hydrolakes:1381930","label":""},"geometry":{"type":"Polygon","coordinates":[[[88.31929009331668,27.99876532660619],[88.3191666666674,27.99861111111136],[88.31786159939315,27.99982218424509],[88.3186829969626,28.000946587456838],[88.31901231553883,28.003209771050592],[88.31987657335134,28.005123562283302],[88.32037082248331,28.009076334635665],[88.32106011284787,28.011486816406546],[88.32171956380267,28.01156887478328],[88.32228434244871,28.01111680772601],[88.32271348741386,28.010000000000275],[88.32223849826454,28.008763970269456],[88.32249430338601,28.006707899305866],[88.32134412977513,28.00371622721383],[88.32093071831656,28.00180528428848],[88.3201234266499,28.000431993272798],[88.31986192491382,27.999223225911862],[88.31929009331668,27.99876532660619]]]}},{"type":"Feature","id":"hydrolakes:1381932","properties":{"Hylak_id":1381932,"Lake_name":"","Country":"China","Continent":"Asia","Poly_src":"SWBD","Lake_type":1,"Grand_id":0,"Lake_area":0.17,"Shore_len":2.09,"Shore_dev":1.42,"Vol_total":1.28,"Vol_res":0.0,"Vol_src":3,"Depth_avg":7.4,"Dis_avg":0.379,"Res_time":39.1,"Elevation":5269,"Slope_100":12.21,"Wshd_area":13.6,"Pour_long":88.2398,"Pour_lat":28.008893,"source_id":"hydrolakes:1381932","label":""},"geometry":{"type":"Polygon","coordinates":[[[88.2428952365459,28.003372531467335],[88.24250000000058,28.00166666666695],[88.24170328776103,28.001888563368368],[88.24072943793459,28.00320231119815],[88.23946234809114,28.005847574870018],[88.23960557725763,28.006816406250323],[88.23904568142439,28.00774441189259],[88.23937825520909,28.00953247070339],[88.24007839626813,28.00963595920183],[88.24067654079926,28.007898763021103],[88.24194308810826,28.007546115451646],[88.242515190973,28.00659776475726],[88.24220703125064,28.00451334635443],[88.2428952365459,28.003372531467335]]]}},{"type":"Feature","id":"hydrolakes:1381933","properties":{"Hylak_id":1381933,"Lake_name":"","Country":"Bhutan","Continent":"Asia","Poly_src":"SWBD","Lake_type":1,"Grand_id":0,"Lake_area":0.16,"Shore_len":1.82,"Shore_dev":1.3,"Vol_total":1.4,"Vol_res":0.0,"Vol_src":3,"Depth_avg":8.9,"Dis_avg":0.051,"Res_time":316.7,"Elevation":5015,"Slope_100":18.7,"Wshd_area":4.2,"Pour_long":89.881327,"Pour_lat":28.008236,"source_id":"hydrolakes:1381933","label":""},"geometry":{"type":"Polygon","coordinates":[[[89.88207302517446,28.0082047526044],[89.8819444444452,28.008055555555813],[89.88014919704949,28.008238661024563],[89.88089626736183,28.009754231771126],[89.88411458333417,28.011839328342262],[89.88527289496619,28.01318413628502],[89.8867041015634,28.01257907443619],[89.88578070746615,28.010509847005494],[89.88363986545221,28.008676622179223],[89.88207302517446,28.0082047526044]]]}},{"type":"Feature","id":"hydrolakes:1381937","properties":{"Hylak_id":1381937,"Lake_name":"","Country":"India","Continent":"Asia","Poly_src":"SWBD","Lake_type":1,"Grand_id":0,"Lake_area":0.18,"Shore_len":1.98,"Shore_dev":1.33,"Vol_total":1.16,"Vol_res":0.0,"Vol_src":3,"Depth_avg":6.6,"Dis_avg":0.174,"Res_time":77.4,"Elevation":4998,"Slope_100":9.61,"Wshd_area":11.2,"Pour_long":88.572839,"Pour_lat":28.006359,"source_id":"hydrolakes:1381937","label":""},"geometry":{"type":"Polygon","coordinates":[[[88.5750455729173,28.005498318142656],[88.57444444444525,28.00416666666689],[88.57342800564305,28.004343532986354],[88.57080566406313,28.00670722113739],[88.56888617621593,28.007516004774573],[88.5686490885422,28.00942274305578],[88.5694327799485,28.01040134006098],[88.56997639974031,28.01009860568604],[88.57103678385482,28.008774278429144],[88.57267116970553,28.008085666232887],[88.57351996527859,28.007405870225966],[88.5750455729173,28.005498318142656]]]}},{"type":"Feature","id":"hydrolakes:1381940","properties":{"Hylak_id":1381940,"Lake_name":"","Country":"India","Continent":"Asia","Poly_src":"SWBD","Lake_type":1,"Grand_id":0,"Lake_area":0.34,"Shore_len":2.76,"Shore_dev":1.35,"Vol_total":2.82,"Vol_res":0.0,"Vol_src":3,"Depth_avg":8.4,"Dis_avg":0.204,"Res_time":160.0,"Elevation":5023,"Slope_100":12.97,"Wshd_area":11.7,"Pour_long":88.490839,"Pour_lat":28.005006,"source_id":"hydrolakes:1381940","label":""},"geometry":{"type":"Polygon","coordinates":[[[88.49124728732693,28.002919379340653],[88.4893128797749,28.002973090278147],[88.48928629557372,28.004279785156484],[88.49205512152855,28.00707112630232],[88.49488444010501,28.008768581814536],[88.49898708767444,28.010136176215497],[88.4998583984381,28.00939792209232],[88.49829318576457,28.007253689236506],[88.49658610026103,28.006425509982876],[88.49285210503541,28.00369805230065],[88.49124728732693,28.002919379340653]]]}},{"type":"Feature","id":"hydrolakes:1381944","properties":{"Hylak_id":1381944,"Lake_name":"","Country":"China","Continent":"Asia","Poly_src":"SWBD","Lake_type":1,"Grand_id":0,"Lake_area":0.3,"Shore_len":2.73,"Shore_dev":1.41,"Vol_total":2.68,"Vol_res":0.0,"Vol_src":3,"Depth_avg":9.0,"Dis_avg":0.31,"Res_time":100.0,"Elevation":4450,"Slope_100":15.29,"Wshd_area":8.9,"Pour_long":87.146778,"Pour_lat":28.002986,"source_id":"hydrolakes:1381944","label":""},"geometry":{"type":"Polygon","coordinates":[[[87.14764675564294,28.00320231119815],[87.14777777777834,28.00166666666695],[87.14681586371591,28.001846245659976],[87.14444620768285,28.00368259006109],[87.13881605360314,28.00509467230927],[87.137646755643,28.006139458550592],[87.13804945204043,28.00845526801237],[87.13847791883728,28.008480902778103],[87.14397772895023,28.006428493923863],[87.14649156358553,28.0049650065107],[87.14764675564294,28.00320231119815]]]}},{"type":"Feature","id":"hydrolakes:1381954","properties":{"Hylak_id":1381954,"Lake_name":"","Country":"China","Continent":"Asia","Poly_src":"SWBD","Lake_type":1,"Grand_id":0,"Lake_area":0.12,"Shore_len":1.54,"Shore_dev":1.26,"Vol_total":1.04,"Vol_res":0.0,"Vol_src":3,"Depth_avg":8.7,"Dis_avg":0.055,"Res_time":218.3,"Elevation":4720,"Slope_100":19.3,"Wshd_area":1.3,"Pour_long":87.519863,"Pour_lat":27.995604,"source_id":"hydrolakes:1381954","label":""},"geometry":{"type":"Polygon","coordinates":[[[87.52061631944491,27.99570068359401],[87.52027777777829,27.99527777777803],[87.51904324001805,27.995432264540227],[87.51929009331684,27.996543104384045],[87.52148437500068,27.99803955078147],[87.5245445421013,27.99873467339438],[87.52522162543471,27.997664388021235],[87.52281439887224,27.996020643446457],[87.52061631944491,27.99570068359401]]]}},{"type":"Feature","id":"hydrolakes:1381961","properties":{"Hylak_id":1381961,"Lake_name":"","Country":"China","Continent":"Asia","Poly_src":"SWBD","Lake_type":1,"Grand_id":0,"Lake_area":0.1,"Shore_len":1.37,"Shore_dev":1.22,"Vol_total":0.76,"Vol_res":0.0,"Vol_src":3,"Depth_avg":7.5,"Dis_avg":0.27,"Res_time":32.5,"Elevation":5656,"Slope_100":14.85,"Wshd_area":6.4,"Pour_long":87.867631,"Pour_lat":27.988525,"source_id":"hydrolakes:1381961","label":""},"geometry":{"type":"Polygon","coordinates":[[[87.87068929036525,27.987216661241632],[87.8708333333339,27.98638888888911],[87.86928195529589,27.98658298068608],[87.86633355034803,27.988093668620024],[87.86570990668474,27.989154866536808],[87.86609429253525,27.989845784505462],[87.8682150607645,27.989437120226114],[87.87003309461875,27.988332790798893],[87.87068929036525,27.987216661241632]]]}},{"type":"Feature","id":"hydrolakes:1381970","properties":{"Hylak_id":1381970,"Lake_name":"","Country":"Bhutan","Continent":"Asia","Poly_src":"SWBD","Lake_type":1,"Grand_id":0,"Lake_area":0.29,"Shore_len":2.61,"Shore_dev":1.37,"Vol_total":1.83,"Vol_res":0.0,"Vol_src":3,"Depth_avg":6.3,"Dis_avg":0.014,"Res_time":1510.4,"Elevation":5143,"Slope_100":7.5,"Wshd_area":1.1,"Pour_long":89.896875,"Pour_lat":27.98185,"source_id":"hydrolakes:1381970","label":""},"geometry":{"type":"Polygon","coordinates":[[[89.90027560763963,27.983068983290252],[89.89775010850764,27.980792778863133],[89.89555555555631,27.97972222222245],[89.89384602864675,27.97985907660626],[89.89348741319532,27.980709771050726],[89.89183430989652,27.981714002821434],[89.89168240017466,27.982936604818065],[89.89274739583419,27.984267306857873],[89.89426974826466,27.984456515842226],[89.89435004340356,27.98381008572079],[89.89379882812574,27.98237643771745],[89.897615017362,27.984568006727784],[89.90012315538269,27.98429402669302],[89.90027560763963,27.983068983290252]]]}},{"type":"Feature","id":"hydrolakes:1381981","properties":{"Hylak_id":1381981,"Lake_name":"","Country":"Nepal","Continent":"Asia","Poly_src":"SWBD","Lake_type":1,"Grand_id":0,"Lake_area":0.5,"Shore_len":3.15,"Shore_dev":1.25,"Vol_total":5.01,"Vol_res":0.0,"Vol_src":3,"Depth_avg":10.0,"Dis_avg":0.48,"Res_time":120.9,"Elevation":4834,"Slope_100":16.28,"Wshd_area":14.0,"Pour_long":86.68467,"Pour_lat":27.976311,"source_id":"hydrolakes:1381981","label":""},"geometry":{"type":"Polygon","coordinates":[[[86.6867062717019,27.975066053602745],[86.68707302517413,27.97348551432316],[86.68611111111164,27.971944444444716],[86.6839248318148,27.973071560330084],[86.68122273763095,27.974059109158247],[86.67719346788243,27.97336249457487],[86.67485772026976,27.974540066189547],[86.67459364149374,27.97580362955756],[86.67738525390689,27.97704928927982],[86.67985080295205,27.977649197048834],[86.68373372395882,27.977973768446418],[86.68515611436686,27.977859429253726],[86.6867062717019,27.975066053602745]]]}},{"type":"Feature","id":"hydrolakes:1381984","properties":{"Hylak_id":1381984,"Lake_name":"","Country":"India","Continent":"Asia","Poly_src":"SWBD","Lake_type":1,"Grand_id":0,"Lake_area":0.54,"Shore_len":3.08,"Shore_dev":1.18,"Vol_total":5.74,"Vol_res":0.0,"Vol_src":3,"Depth_avg":10.6,"Dis_avg":0.074,"Res_time":897.0,"Elevation":4960,"Slope_100":17.93,"Wshd_area":4.9,"Pour_long":88.614667,"Pour_lat":27.970629,"source_id":"hydrolakes:1381984","label":""},"geometry":{"type":"Polygon","coordinates":[[[88.61485324435841,27.970424533420385],[88.61223714192806,27.970433485243348],[88.61159884982715,27.97160820855072],[88.61369791666726,27.97556437174501],[88.61618326822997,27.979280598958724],[88.61939100477497,27.9800180392798],[88.62124213324711,27.978364122179073],[88.62097005208403,27.97731472439267],[88.61996256510497,27.97641465928848],[88.61931586371594,27.975224338108035],[88.61892089843832,27.973526882595763],[88.61485324435841,27.970424533420385]]]}},{"type":"Feature","id":"hydrolakes:1381987","properties":{"Hylak_id":1381987,"Lake_name":"","Country":"China","Continent":"Asia","Poly_src":"SWBD","Lake_type":1,"Grand_id":0,"Lake_area":0.49,"Shore_len":3.54,"Shore_dev":1.43,"Vol_total":1.87,"Vol_res":0.0,"Vol_src":3,"Depth_avg":3.9,"Dis_avg":0.217,"Res_time":99.8,"Elevation":4568,"Slope_100":2.28,"Wshd_area":25.0,"Pour_long":89.374084,"Pour_lat":27.968626,"source_id":"hydrolakes:1381987","label":""},"geometry":{"type":"Polygon","coordinates":[[[89.37985568576454,27.96653306749164],[89.37897189670213,27.96516425238741],[89.37818983290015,27.96513319227455],[89.37697808159788,27.96596693250899],[89.37648980034805,27.96568060980934],[89.37657307942783,27.96358086480069],[89.37638888888966,27.963055555555854],[89.37600450303898,27.963411593967294],[89.37491048177162,27.96643771701406],[89.37424533420227,27.96746799045178],[89.37320149739662,27.96843519422771],[89.37316786024405,27.969283311632182],[89.37541124132014,27.97014417860271],[89.37764431423676,27.970411376953393],[89.37934163411558,27.971845974392636],[89.38264187283073,27.973760172526227],[89.38354871961877,27.971984456380483],[89.37985568576454,27.96653306749164]]]}},{"type":"Feature","id":"hydrolakes:1381988","properties":{"Hylak_id":1381988,"Lake_name":"","Country":"Bhutan","Continent":"Asia","Poly_src":"SWBD","Lake_type":1,"Grand_id":0,"Lake_area":0.4,"Shore_len":3.51,"Shore_dev":1.57,"Vol_total":3.95,"Vol_res":0.0,"Vol_src":3,"Depth_avg":9.8,"Dis_avg":0.049,"Res_time":932.7,"Elevation":5076,"Slope_100":16.97,"Wshd_area":4.0,"Pour_long":89.93393,"Pour_lat":27.968435,"source_id":"hydrolakes:1381988","label":""},"geometry":{"type":"Polygon","coordinates":[[[89.93020562066056,27.977350802951776],[89.93127549913277,27.974763726128742],[89.93123806423694,27.97429755316864],[89.93230143229255,27.972594265408247],[89.93320475260492,27.971815863715563],[89.93392035590375,27.97021213107672],[89.93458279079948,27.96964152018262],[89.93486165364658,27.96841403537354],[89.93572102864675,27.96767347547774],[89.93536566840362,27.966704644097547],[89.93555555555645,27.965833333333592],[89.93434895833423,27.96591986762178],[89.93261338975782,27.96727891710094],[89.93155870225775,27.968503146701607],[89.92938368055633,27.970377061632178],[89.92843044704944,27.97189941406282],[89.92756673177149,27.972745090060982],[89.92679036458424,27.975141330295514],[89.92694932725766,27.975406358507314],[89.92851562500084,27.974831136068076],[89.92955620659814,27.974829779731124],[89.93038085937587,27.975289849175624],[89.92984917534807,27.97624226888047],[89.92984917534807,27.977092556423884],[89.93020562066056,27.977350802951776]]]}},{"type":"Feature","id":"hydrolakes:1381989","properties":{"Hylak_id":1381989,"Lake_name":"","Country":"China","Continent":"Asia","Poly_src":"SWBD","Lake_type":1,"Grand_id":0,"Lake_area":0.21,"Shore_len":2.09,"Shore_dev":1.29,"Vol_total":1.62,"Vol_res":0.0,"Vol_src":3,"Depth_avg":7.8,"Dis_avg":0.361,"Res_time":52.1,"Elevation":5597,"Slope_100":13.03,"Wshd_area":8.3,"Pour_long":87.88764,"Pour_lat":27.967534,"source_id":"hydrolakes:1381989","label":""},"geometry":{"type":"Polygon","coordinates":[[[87.88790120442769,27.96751180013058],[87.88763427734438,27.96703206380232],[87.88610080295194,27.96722276475731],[87.88527777777847,27.965833333333592],[87.88477403428874,27.96597737630242],[87.88432101779568,27.966543104383902],[87.88265435112925,27.967654215495088],[87.88076117621597,27.968354085286762],[87.88015435112908,27.969932861328402],[87.88066107855963,27.970956895616553],[87.8824506293409,27.970649278429107],[87.88455268012228,27.96941365559917],[87.88710828993118,27.96886081271731],[87.88790120442769,27.96751180013058]]]}},{"type":"Feature","id":"hydrolakes:1381993","properties":{"Hylak_id":1381993,"Lake_name":"","Country":"Bhutan","Continent":"Asia","Poly_src":"SWBD","Lake_type":1,"Grand_id":0,"Lake_area":0.34,"Shore_len":2.78,"Shore_dev":1.33,"Vol_total":1.56,"Vol_res":0.0,"Vol_src":3,"Depth_avg":4.5,"Dis_avg":0.107,"Res_time":169.1,"Elevation":4576,"Slope_100":3.55,"Wshd_area":11.8,"Pour_long":89.410985,"Pour_lat":27.963678,"source_id":"hydrolakes:1381993","label":""},"geometry":{"type":"Polygon","coordinates":[[[89.41414659288273,27.96540879991346],[89.41477430555642,27.963376057943094],[89.41730224609461,27.96352661132852],[89.41837809244873,27.962775200738122],[89.41722222222302,27.96000000000032],[89.41651991102515,27.96013102213567],[89.41376871744876,27.96155368381102],[89.41144531250086,27.961415201823172],[89.40991129557364,27.960226372613192],[89.40895236545225,27.96074747721383],[89.40848008897643,27.96248345269123],[89.41064344618144,27.965120307074983],[89.41414659288273,27.96540879991346]]]}},{"type":"Feature","id":"hydrolakes:1381999","properties":{"Hylak_id":1381999,"Lake_name":"","Country":"China","Continent":"Asia","Poly_src":"SWBD","Lake_type":1,"Grand_id":0,"Lake_area":0.53,"Shore_len":4.53,"Shore_dev":1.76,"Vol_total":5.31,"Vol_res":0.0,"Vol_src":3,"Depth_avg":10.1,"Dis_avg":1.025,"Res_time":59.9,"Elevation":5106,"Slope_100":16.39,"Wshd_area":23.7,"Pour_long":87.927237,"Pour_lat":27.959013,"source_id":"hydrolakes:1381999","label":""},"geometry":{"type":"Polygon","coordinates":[[[87.93374728732715,27.942919379340537],[87.93361111111182,27.94250000000028],[87.93170545789997,27.943840874566206],[87.93096950954924,27.946247287326628],[87.93041965060826,27.949874403211993],[87.92791395399377,27.952080620660013],[87.9270369466152,27.954387613932568],[87.92708631727493,27.95680813259571],[87.92625623914995,27.958032769097485],[87.92620849609438,27.96036933051238],[87.92983127170214,27.95795003255239],[87.93069200303887,27.956279025607955],[87.93097656250058,27.954821234809287],[87.93232042100755,27.95150851779539],[87.93263617621596,27.947636176215497],[87.9329196506082,27.947363823784883],[87.93288275824727,27.945563693576673],[87.93430284288257,27.94487481011322],[87.93374728732715,27.942919379340537]]]}},{"type":"Feature","id":"hydrolakes:1382003","properties":{"Hylak_id":1382003,"Lake_name":"","Country":"China","Continent":"Asia","Poly_src":"SWBD","Lake_type":1,"Grand_id":0,"Lake_area":0.59,"Shore_len":3.66,"Shore_dev":1.35,"Vol_total":6.86,"Vol_res":0.0,"Vol_src":3,"Depth_avg":11.6,"Dis_avg":1.677,"Res_time":47.3,"Elevation":5165,"Slope_100":21.28,"Wshd_area":37.7,"Pour_long":87.911458,"Pour_lat":27.955583,"source_id":"hydrolakes:1382003","label":""},"geometry":{"type":"Polygon","coordinates":[[[87.90565538194517,27.944622395833733],[87.90500000000054,27.943888888889205],[87.90431342230971,27.944100884331874],[87.9046384006084,27.949531656901286],[87.90566731770895,27.952207709418758],[87.90799316406321,27.954969075521035],[87.910168457032,27.956654730903097],[87.91247775607695,27.957273356120083],[87.91348524305607,27.955973307292027],[87.91125786675423,27.952075466580197],[87.90979166666739,27.950061984592253],[87.90881212022646,27.947927788628704],[87.90793185763943,27.94714124891516],[87.90755452474025,27.94631930881104],[87.90565538194517,27.944622395833733]]]}},{"type":"Feature","id":"hydrolakes:1382006","properties":{"Hylak_id":1382006,"Lake_name":"","Country":"India","Continent":"Asia","Poly_src":"SWBD","Lake_type":1,"Grand_id":0,"Lake_area":0.14,"Shore_len":1.68,"Shore_dev":1.24,"Vol_total":0.88,"Vol_res":0.0,"Vol_src":3,"Depth_avg":6.0,"Dis_avg":0.457,"Res_time":22.2,"Elevation":4987,"Slope_100":8.46,"Wshd_area":19.0,"Pour_long":88.356514,"Pour_lat":27.953967,"source_id":"hydrolakes:1382006","label":""},"geometry":{"type":"Polygon","coordinates":[[[88.35679009331682,27.953765326606117],[88.35666666666737,27.9536111111114],[88.3554321289069,27.953825954861372],[88.3557297092022,27.956096055773003],[88.35765435112904,27.95651245117216],[88.35894124349034,27.957541775173922],[88.36053385416744,27.957739800347383],[88.3616986762159,27.956807183160038],[88.35929009331659,27.9551542154951],[88.35858995225755,27.954279920790214],[88.35679009331682,27.953765326606117]]]}},{"type":"Feature","id":"hydrolakes:1382016","properties":{"Hylak_id":1382016,"Lake_name":"","Country":"India","Continent":"Asia","Poly_src":"SWBD","Lake_type":1,"Grand_id":0,"Lake_area":0.18,"Shore_len":2.15,"Shore_dev":1.44,"Vol_total":1.56,"Vol_res":0.0,"Vol_src":3,"Depth_avg":8.7,"Dis_avg":0.257,"Res_time":70.1,"Elevation":5049,"Slope_100":16.88,"Wshd_area":9.7,"Pour_long":88.309076,"Pour_lat":27.944951,"source_id":"hydrolakes:1382016","label":""},"geometry":{"type":"Polygon","coordinates":[[[88.3092928059902,27.944040662977727],[88.3087372504346,27.944014892578366],[88.30792941623321,27.944596218533206],[88.30640109592105,27.944935167100994],[88.30593668619855,27.94659600151931],[88.30603461371618,27.947556287977704],[88.30376274956672,27.94895751953152],[88.3040405273444,27.94996690538227],[88.30577338324719,27.95095933702288],[88.30654052734434,27.95015177408885],[88.3068248155389,27.948244628906536],[88.30926215277844,27.946219889323174],[88.31011773003547,27.94472601996563],[88.3092928059902,27.944040662977727]]]}},{"type":"Feature","id":"hydrolakes:1382019","properties":{"Hylak_id":1382019,"Lake_name":"","Country":"Bhutan","Continent":"Asia","Poly_src":"SWBD","Lake_type":1,"Grand_id":0,"Lake_area":0.13,"Shore_len":1.49,"Shore_dev":1.17,"Vol_total":0.82,"Vol_res":0.0,"Vol_src":3,"Depth_avg":6.4,"Dis_avg":0.009,"Res_time":1060.0,"Elevation":5030,"Slope_100":9.88,"Wshd_area":0.8,"Pour_long":89.905714,"Pour_lat":27.942613,"source_id":"hydrolakes:1382019","label":""},"geometry":{"type":"Polygon","coordinates":[[[89.90752495659808,27.940738796658252],[89.90694444444534,27.93833333333356],[89.90518880208418,27.93879001193602],[89.90417534722303,27.9405140516497],[89.90463053385508,27.941288519965553],[89.90442274305627,27.942959120008993],[89.90504340277857,27.943734673394317],[89.9059874131953,27.943487548828443],[89.90752495659808,27.940738796658252]]]}},{"type":"Feature","id":"hydrolakes:1382023","properties":{"Hylak_id":1382023,"Lake_name":"","Country":"China","Continent":"Asia","Poly_src":"SWBD","Lake_type":1,"Grand_id":0,"Lake_area":0.11,"Shore_len":1.54,"Shore_dev":1.31,"Vol_total":0.71,"Vol_res":0.0,"Vol_src":3,"Depth_avg":6.4,"Dis_avg":0.294,"Res_time":28.1,"Elevation":5493,"Slope_100":10.51,"Wshd_area":6.6,"Pour_long":87.896486,"Pour_lat":27.94145,"source_id":"hydrolakes:1382023","label":""},"geometry":{"type":"Polygon","coordinates":[[[87.89817708333408,27.94319444444477],[87.89831434461871,27.942090657552342],[87.8970678710943,27.94182088216172],[87.89666666666727,27.94111111111141],[87.89623453776102,27.94123467339432],[87.89547281901116,27.942489013672116],[87.89416666666722,27.942326524522798],[87.89303358289993,27.942467447916954],[87.89265435112901,27.943711886936057],[87.89474338107692,27.944163953993268],[87.89824327257003,27.943726671007255],[87.89817708333408,27.94319444444477]]]}},{"type":"Feature","id":"hydrolakes:1382028","properties":{"Hylak_id":1382028,"Lake_name":"","Country":"India","Continent":"Asia","Poly_src":"SWBD","Lake_type":1,"Grand_id":0,"Lake_area":0.54,"Shore_len":3.9,"Shore_dev":1.5,"Vol_total":3.73,"Vol_res":0.0,"Vol_src":3,"Depth_avg":6.9,"Dis_avg":0.281,"Res_time":153.6,"Elevation":5034,"Slope_100":7.48,"Wshd_area":11.0,"Pour_long":88.334081,"Pour_lat":27.940335,"source_id":"hydrolakes:1382028","label":""},"geometry":{"type":"Polygon","coordinates":[[[88.33489501953187,27.94096733940995],[88.33472222222292,27.938888888889096],[88.33330349392423,27.93907457139784],[88.33149522569522,27.94387424045169],[88.32918267144163,27.945866563585355],[88.32863416883748,27.94736016167559],[88.3293196614589,27.949864637587098],[88.32876030816044,27.95086724175377],[88.32913519965342,27.952249891493352],[88.33046440972288,27.95292304144988],[88.33107666015701,27.954295247396203],[88.33209364149377,27.954038085937725],[88.33301296658061,27.949822184245022],[88.3337616644971,27.948479953342314],[88.33360026041737,27.946470947265937],[88.33489501953187,27.94096733940995]]]}},{"type":"Feature","id":"hydrolakes:1382029","properties":{"Hylak_id":1382029,"Lake_name":"","Country":"Bhutan","Continent":"Asia","Poly_src":"SWBD","Lake_type":1,"Grand_id":0,"Lake_area":0.66,"Shore_len":3.85,"Shore_dev":1.34,"Vol_total":4.71,"Vol_res":0.0,"Vol_src":3,"Depth_avg":7.2,"Dis_avg":0.057,"Res_time":956.5,"Elevation":5002,"Slope_100":7.58,"Wshd_area":4.7,"Pour_long":89.93095,"Pour_lat":27.94023,"source_id":"hydrolakes:1382029","label":""},"geometry":{"type":"Polygon","coordinates":[[[89.9262527126744,27.934580620659972],[89.92583333333414,27.93388888888927],[89.92458658854247,27.93429348415816],[89.92459147135503,27.93624443901939],[89.92379014757017,27.937427164713768],[89.92653049045225,27.940691731771096],[89.92651475694527,27.94147447374155],[89.92969509548698,27.944784749349367],[89.93094943576472,27.945393202040293],[89.93269259982736,27.94680053710971],[89.93524305555633,27.944221869574903],[89.93405544704939,27.9410013834638],[89.93208604600767,27.93930284288217],[89.9299555121537,27.938230523003767],[89.92745171441044,27.937529025608058],[89.9262527126744,27.934580620659972]]]}},{"type":"Feature","id":"hydrolakes:1382040","properties":{"Hylak_id":1382040,"Lake_name":"","Country":"China","Continent":"Asia","Poly_src":"SWBD","Lake_type":1,"Grand_id":0,"Lake_area":0.12,"Shore_len":1.85,"Shore_dev":1.51,"Vol_total":0.93,"Vol_res":0.0,"Vol_src":3,"Depth_avg":7.7,"Dis_avg":0.176,"Res_time":61.1,"Elevation":4373,"Slope_100":15.06,"Wshd_area":4.4,"Pour_long":87.294792,"Pour_lat":27.93168,"source_id":"hydrolakes:1382040","label":""},"geometry":{"type":"Polygon","coordinates":[[[87.29557508680608,27.933128255208544],[87.29615180121596,27.93172512478327],[87.29455702039985,27.930351426866594],[87.29372721354224,27.930671522352725],[87.29263590494861,27.931504855686],[87.29171386718804,27.930954047309342],[87.29138888888946,27.929722222222495],[87.28988389757012,27.92985934787356],[87.2901161024314,27.93043958875893],[87.29089328342064,27.9309966362851],[87.29129286024357,27.932990451389117],[87.29348415798682,27.93294650607669],[87.29413194444493,27.932535264757234],[87.29557508680608,27.933128255208544]]]}},{"type":"Feature","id":"hydrolakes:1382042","properties":{"Hylak_id":1382042,"Lake_name":"","Country":"China","Continent":"Asia","Poly_src":"SWBD","Lake_type":1,"Grand_id":0,"Lake_area":0.28,"Shore_len":2.44,"Shore_dev":1.31,"Vol_total":1.83,"Vol_res":0.0,"Vol_src":3,"Depth_avg":6.6,"Dis_avg":0.346,"Res_time":61.3,"Elevation":5025,"Slope_100":8.42,"Wshd_area":9.5,"Pour_long":86.4324,"Pour_lat":27.931013,"source_id":"hydrolakes:1382042","label":""},"geometry":{"type":"Polygon","coordinates":[[[86.43623467339461,27.925709771050606],[86.4361111111117,27.92555555555583],[86.43380221896757,27.925691460503742],[86.43381632487029,27.92692192925375],[86.43307169596397,27.929526095920494],[86.43080579969683,27.929920383029923],[86.42959865993987,27.931572808160013],[86.43087361653704,27.932193332248517],[86.43351467556488,27.932521837022875],[86.43452826605954,27.93171020507839],[86.43495130750932,27.93070624457488],[86.43645100911505,27.929505479601005],[86.43706800672788,27.927344699436105],[86.43669121636344,27.926075439453427],[86.43623467339461,27.925709771050606]]]}},{"type":"Feature","id":"hydrolakes:1382043","properties":{"Hylak_id":1382043,"Lake_name":"","Country":"Bhutan","Continent":"Asia","Poly_src":"SWBD","Lake_type":1,"Grand_id":0,"Lake_area":0.19,"Shore_len":2.5,"Shore_dev":1.62,"Vol_total":1.09,"Vol_res":0.0,"Vol_src":3,"Depth_avg":5.7,"Dis_avg":0.011,"Res_time":1142.3,"Elevation":4946,"Slope_100":6.85,"Wshd_area":0.9,"Pour_long":89.901497,"Pour_lat":27.930702,"source_id":"hydrolakes:1382043","label":""},"geometry":{"type":"Polygon","coordinates":[[[89.9031765407995,27.93079359266534],[89.90129611545211,27.928202311198163],[89.90009385850766,27.92847276475726],[89.89935709635506,27.929297688802478],[89.89876030816043,27.92834201388922],[89.89959635416739,27.926804063585394],[89.89861111111185,27.92555555555583],[89.89710449218825,27.925757107205243],[89.89703342013979,27.926949598524516],[89.89735351562592,27.927646755642627],[89.89826714409793,27.9282278103301],[89.89815646701464,27.930079888238254],[89.89869520399395,27.93068291558194],[89.89980197482708,27.930656602647844],[89.9016883680564,27.932623562283254],[89.90223687066054,27.932656385633948],[89.9031765407995,27.93079359266534]]]}},{"type":"Feature","id":"hydrolakes:1382045","properties":{"Hylak_id":1382045,"Lake_name":"","Country":"China","Continent":"Asia","Poly_src":"SWBD","Lake_type":1,"Grand_id":0,"Lake_area":0.62,"Shore_len":4.43,"Shore_dev":1.58,"Vol_total":6.78,"Vol_res":0.0,"Vol_src":3,"Depth_avg":10.9,"Dis_avg":1.062,"Res_time":73.9,"Elevation":4913,"Slope_100":18.18,"Wshd_area":22.0,"Pour_long":87.761372,"Pour_lat":27.930019,"source_id":"hydrolakes:1382045","label":""},"geometry":{"type":"Polygon","coordinates":[[[87.77846191406331,27.92292697482668],[87.77777777777834,27.92166666666691],[87.77623969184089,27.92207302517403],[87.77223361545214,27.924331597222533],[87.7678426106778,27.925985921224253],[87.76463270399364,27.92750461154543],[87.76015353732697,27.928983018663473],[87.76009385850756,27.929726833767745],[87.7606429036465,27.930956895616532],[87.76156548394164,27.93103108723983],[87.77042697482705,27.92848253038221],[87.77407416449728,27.92708279079892],[87.77831814236185,27.924419216580077],[87.77906412760473,27.923776312934308],[87.77846191406331,27.92292697482668]]]}},{"type":"Feature","id":"hydrolakes:1382061","properties":{"Hylak_id":1382061,"Lake_name":"","Country":"Bhutan","Continent":"Asia","Poly_src":"SWBD","Lake_type":1,"Grand_id":0,"Lake_area":0.11,"Shore_len":1.38,"Shore_dev":1.17,"Vol_total":1.04,"Vol_res":0.0,"Vol_src":3,"Depth_avg":9.3,"Dis_avg":0.034,"Res_time":352.6,"Elevation":4260,"Slope_100":22.71,"Wshd_area":3.0,"Pour_long":89.80801,"Pour_lat":27.920574,"source_id":"hydrolakes:1382061","label":""},"geometry":{"type":"Polygon","coordinates":[[[89.811790364584,27.91848754882841],[89.81166666666735,27.91805555555584],[89.81040147569536,27.918179117838974],[89.80889919704947,27.918899332682543],[89.80845214843822,27.919959988064534],[89.80739963107726,27.92080322265656],[89.80731228298708,27.921504448784958],[89.80842013888991,27.9216422526045],[89.8111116536466,27.92087280273472],[89.81219292534792,27.919172770182513],[89.811790364584,27.91848754882841]]]}},{"type":"Feature","id":"hydrolakes:1382063","properties":{"Hylak_id":1382063,"Lake_name":"","Country":"India","Continent":"Asia","Poly_src":"SWBD","Lake_type":1,"Grand_id":0,"Lake_area":0.42,"Shore_len":3.68,"Shore_dev":1.59,"Vol_total":2.96,"Vol_res":0.0,"Vol_src":3,"Depth_avg":7.0,"Dis_avg":0.366,"Res_time":93.6,"Elevation":5441,"Slope_100":8.13,"Wshd_area":11.2,"Pour_long":88.169792,"Pour_lat":27.919048,"source_id":"hydrolakes:1382063","label":""},"geometry":{"type":"Polygon","coordinates":[[[88.16133246527835,27.92018039279543],[88.16265299479244,27.920016276041963],[88.16380995008751,27.920461018880474],[88.16577636718841,27.920513237847615],[88.16700141059118,27.920042317708578],[88.16811713324711,27.920181070963793],[88.17137261284785,27.919250352647794],[88.17206787109438,27.91806735568605],[88.17077826605987,27.91753757052976],[88.16883517795196,27.91922363281293],[88.16659478081658,27.917736002604386],[88.1641775173618,27.91718695746556],[88.1625257703999,27.917392442491632],[88.16194444444506,27.91666666666697],[88.16072021484439,27.91701673719649],[88.16043212890685,27.91737643771728],[88.15793728298684,27.91765001085099],[88.157121582032,27.918303222656505],[88.15682101779589,27.920720757378717],[88.15798773871592,27.92151245117219],[88.16003390842076,27.920943874783234],[88.16133246527835,27.92018039279543]]]}},{"type":"Feature","id":"hydrolakes:1382077","properties":{"Hylak_id":1382077,"Lake_name":"","Country":"China","Continent":"Asia","Poly_src":"SWBD","Lake_type":1,"Grand_id":0,"Lake_area":0.21,"Shore_len":1.93,"Shore_dev":1.17,"Vol_total":2.17,"Vol_res":0.0,"Vol_src":3,"Depth_avg":10.1,"Dis_avg":0.161,"Res_time":156.1,"Elevation":4490,"Slope_100":21.75,"Wshd_area":4.0,"Pour_long":87.192171,"Pour_lat":27.906001,"source_id":"hydrolakes:1382077","label":""},"geometry":{"type":"Polygon","coordinates":[[[87.1922839355475,27.907478705512403],[87.19262858072977,27.905961914062743],[87.19313774956646,27.90504937066015],[87.19201673719681,27.904593641493364],[87.19149780273506,27.905195990668688],[87.18851494683224,27.904655219184292],[87.18833333333396,27.90444444444472],[87.1865363227003,27.905984022352698],[87.18623996310822,27.905960286458594],[87.18598253038243,27.90741048177108],[87.18772176106842,27.908186577691254],[87.190521647136,27.908461914062798],[87.1922839355475,27.907478705512403]]]}},{"type":"Feature","id":"hydrolakes:1382089","properties":{"Hylak_id":1382089,"Lake_name":"","Country":"Nepal","Continent":"Asia","Poly_src":"SWBD","Lake_type":1,"Grand_id":0,"Lake_area":0.62,"Shore_len":3.52,"Shore_dev":1.26,"Vol_total":4.8,"Vol_res":0.0,"Vol_src":3,"Depth_avg":7.7,"Dis_avg":1.932,"Res_time":28.7,"Elevation":5003,"Slope_100":9.01,"Wshd_area":48.9,"Pour_long":86.914583,"Pour_lat":27.899106,"source_id":"hydrolakes:1382089","label":""},"geometry":{"type":"Polygon","coordinates":[[[86.91981743706674,27.900787353515796],[86.927060411242,27.899730360243268],[86.92711873372451,27.899004584418662],[86.92640150282165,27.897719184028063],[86.92623969184092,27.895704752604445],[86.92346191406318,27.895684136285013],[86.9176285807298,27.896795247396142],[86.9159619140629,27.897350802951735],[86.91237155490512,27.899592013889105],[86.91232299804756,27.90019653320337],[86.91565755208381,27.901833224826703],[86.91981743706674,27.900787353515796]]]}},{"type":"Feature","id":"hydrolakes:1382107","properties":{"Hylak_id":1382107,"Lake_name":"","Country":"China","Continent":"Asia","Poly_src":"SWBD","Lake_type":1,"Grand_id":0,"Lake_area":0.53,"Shore_len":3.09,"Shore_dev":1.2,"Vol_total":5.22,"Vol_res":0.0,"Vol_src":3,"Depth_avg":9.9,"Dis_avg":0.138,"Res_time":437.9,"Elevation":5001,"Slope_100":15.92,"Wshd_area":14.4,"Pour_long":89.311367,"Pour_lat":27.883524,"source_id":"hydrolakes:1382107","label":""},"geometry":{"type":"Polygon","coordinates":[[[89.31262858072995,27.872649197048872],[89.31194444444532,27.87166666666684],[89.31096191406317,27.873184136284976],[89.31019042968853,27.874959716797093],[89.30952501085153,27.878011203342282],[89.30999701605975,27.88110961914083],[89.31117078993134,27.883739691840617],[89.31393283420226,27.88339057074677],[89.3143869357649,27.881391872830136],[89.31540635850769,27.87861572265666],[89.31508572048699,27.87634602864614],[89.31426703559112,27.874741482205252],[89.31262858072995,27.872649197048872]]]}},{"type":"Feature","id":"hydrolakes:1382112","properties":{"Hylak_id":1382112,"Lake_name":"","Country":"China","Continent":"Asia","Poly_src":"SWBD","Lake_type":1,"Grand_id":0,"Lake_area":0.24,"Shore_len":2.0,"Shore_dev":1.16,"Vol_total":1.56,"Vol_res":0.0,"Vol_src":3,"Depth_avg":6.5,"Dis_avg":0.046,"Res_time":393.0,"Elevation":5236,"Slope_100":8.53,"Wshd_area":4.7,"Pour_long":89.297276,"Pour_lat":27.880481,"source_id":"hydrolakes:1382112","label":""},"geometry":{"type":"Polygon","coordinates":[[[89.29900743272657,27.87763210720516],[89.29945719401115,27.876866861979522],[89.29916666666742,27.876111111111356],[89.29845675998342,27.87623467339438],[89.29792914496596,27.876893446180816],[89.29574164496597,27.876851535373532],[89.29386637369879,27.878044433594084],[89.29583631727502,27.882005343967364],[89.2972892252613,27.882345784505503],[89.29904188368124,27.880157199435985],[89.29939208984456,27.879326036241537],[89.29900743272657,27.87763210720516]]]}},{"type":"Feature","id":"hydrolakes:1382126","properties":{"Hylak_id":1382126,"Lake_name":"","Country":"Nepal","Continent":"Asia","Poly_src":"SWBD","Lake_type":1,"Grand_id":0,"Lake_area":0.31,"Shore_len":2.74,"Shore_dev":1.4,"Vol_total":3.01,"Vol_res":0.0,"Vol_src":3,"Depth_avg":9.8,"Dis_avg":1.03,"Res_time":33.8,"Elevation":4368,"Slope_100":18.39,"Wshd_area":26.6,"Pour_long":86.59221,"Pour_lat":27.873787,"source_id":"hydrolakes:1382126","label":""},"geometry":{"type":"Polygon","coordinates":[[[86.59141357421936,27.872895779080068],[86.59083333333399,27.872222222222433],[86.58732842339481,27.87251519097248],[86.58514919704908,27.87348253038232],[86.58120700412383,27.87384480794293],[86.58042697482699,27.874516737196416],[86.58123318142407,27.87562879774339],[86.58388332790855,27.876109347873523],[86.59062784830775,27.87484076605932],[86.59289496527828,27.87415825737878],[86.59294745551261,27.873505452474262],[86.59141357421936,27.872895779080068]]]}},{"type":"Feature","id":"hydrolakes:1382127","properties":{"Hylak_id":1382127,"Lake_name":"","Country":"Bhutan","Continent":"Asia","Poly_src":"SWBD","Lake_type":1,"Grand_id":0,"Lake_area":0.18,"Shore_len":2.38,"Shore_dev":1.59,"Vol_total":1.55,"Vol_res":0.0,"Vol_src":3,"Depth_avg":8.7,"Dis_avg":0.025,"Res_time":718.5,"Elevation":4509,"Slope_100":17.01,"Wshd_area":2.3,"Pour_long":89.844054,"Pour_lat":27.871764,"source_id":"hydrolakes:1382127","label":""},"geometry":{"type":"Polygon","coordinates":[[[89.844822048612,27.870657416449887],[89.84489746093828,27.86938571506107],[89.84166666666772,27.867777777778088],[89.84046657986181,27.867938232422205],[89.8399945746537,27.86996663411486],[89.83903537326478,27.87133965386323],[89.83999131944529,27.872053629557513],[89.84144205729245,27.870430094401343],[89.84374240451467,27.870292968750277],[89.84344563802165,27.87106987847261],[89.84236870659811,27.87203192816861],[89.84331271701461,27.872621120877113],[89.84457628038268,27.87269639756977],[89.84555067274391,27.87170057508706],[89.844822048612,27.870657416449887]]]}},{"type":"Feature","id":"hydrolakes:1382133","properties":{"Hylak_id":1382133,"Lake_name":"","Country":"Bhutan","Continent":"Asia","Poly_src":"SWBD","Lake_type":1,"Grand_id":0,"Lake_area":0.29,"Shore_len":2.61,"Shore_dev":1.36,"Vol_total":2.64,"Vol_res":0.0,"Vol_src":3,"Depth_avg":9.0,"Dis_avg":0.064,"Res_time":477.6,"Elevation":4524,"Slope_100":15.34,"Wshd_area":5.7,"Pour_long":89.923612,"Pour_lat":27.864201,"source_id":"hydrolakes:1382133","label":""},"geometry":{"type":"Polygon","coordinates":[[[89.92542697482719,27.86514919704888],[89.92589735243126,27.864094916449858],[89.9296435546882,27.86491210937527],[89.93140733507022,27.864907226562707],[89.93219346788266,27.86422973632841],[89.92948567708407,27.862108968099164],[89.92730251736185,27.862166205512438],[89.92612630208424,27.861641438802337],[89.92555555555657,27.86111111111137],[89.92448133680631,27.861434597439484],[89.92294487847323,27.86239664713571],[89.92215657552157,27.86380981445336],[89.92200683593842,27.865677083333594],[89.92429090711903,27.865860731337023],[89.92542697482719,27.86514919704888]]]}},{"type":"Feature","id":"hydrolakes:1382138","properties":{"Hylak_id":1382138,"Lake_name":"","Country":"China","Continent":"Asia","Poly_src":"SWBD","Lake_type":1,"Grand_id":0,"Lake_area":0.11,"Shore_len":1.54,"Shore_dev":1.3,"Vol_total":0.95,"Vol_res":0.0,"Vol_src":3,"Depth_avg":8.5,"Dis_avg":0.079,"Res_time":138.6,"Elevation":4781,"Slope_100":18.82,"Wshd_area":6.6,"Pour_long":88.861535,"Pour_lat":27.862196,"source_id":"hydrolakes:1382138","label":""},"geometry":{"type":"Polygon","coordinates":[[[88.86150987413271,27.861823459201673],[88.86138888888968,27.861666666667077],[88.86119059244862,27.861819797092323],[88.86116183810839,27.863373752170446],[88.86163058810831,27.86415066189278],[88.86219536675424,27.866178521050642],[88.86398871527865,27.86670152452291],[88.86475070529593,27.865714518229424],[88.86567654079926,27.865335557725984],[88.86381673177175,27.86404188368084],[88.86293457031314,27.86289876302112],[88.86234320746593,27.86265679253495],[88.86150987413271,27.861823459201673]]]}},{"type":"Feature","id":"hydrolakes:1382140","properties":{"Hylak_id":1382140,"Lake_name":"","Country":"Nepal","Continent":"Asia","Poly_src":"SWBD","Lake_type":1,"Grand_id":0,"Lake_area":0.6,"Shore_len":4.16,"Shore_dev":1.51,"Vol_total":6.87,"Vol_res":0.0,"Vol_src":3,"Depth_avg":11.4,"Dis_avg":0.934,"Res_time":85.2,"Elevation":4910,"Slope_100":20.23,"Wshd_area":19.7,"Pour_long":87.860794,"Pour_lat":27.861961,"source_id":"hydrolakes:1382140","label":""},"geometry":{"type":"Polygon","coordinates":[[[87.86160780164988,27.862287868923886],[87.86083333333391,27.86138888888911],[87.86045762803877,27.861712646484705],[87.8603762478304,27.86272555881095],[87.86096191406313,27.86403808593775],[87.86373969184103,27.86876030815995],[87.86591037326457,27.871384684245015],[87.86823784722282,27.875547688802328],[87.86997612847284,27.876517469618477],[87.87116346571247,27.876098497179157],[87.87179524739639,27.874966091580063],[87.87146647135489,27.87304253472263],[87.8702541775179,27.870939670139194],[87.86905870225752,27.869552408854474],[87.86718939887226,27.867941894531498],[87.86440565321254,27.863829210069696],[87.86160780164988,27.862287868923886]]]}},{"type":"Feature","id":"hydrolakes:1382150","properties":{"Hylak_id":1382150,"Lake_name":"","Country":"China","Continent":"Asia","Poly_src":"SWBD","Lake_type":1,"Grand_id":0,"Lake_area":0.58,"Shore_len":4.06,"Shore_dev":1.5,"Vol_total":3.76,"Vol_res":0.0,"Vol_src":3,"Depth_avg":6.5,"Dis_avg":0.048,"Res_time":907.5,"Elevation":4874,"Slope_100":6.29,"Wshd_area":4.2,"Pour_long":88.94375,"Pour_lat":27.852243,"source_id":"hydrolakes:1382150","label":""},"geometry":{"type":"Polygon","coordinates":[[[88.94812418619892,27.852263997396108],[88.9482495117195,27.850704752604486],[88.94665228949737,27.851506618923906],[88.94579725477513,27.851575385199908],[88.94416666666729,27.850277777778047],[88.9425916883689,27.850438368055848],[88.94098253038266,27.852383897569666],[88.94137234158075,27.85531250000031],[88.94182318793486,27.856322835286733],[88.94290527343816,27.857255181206824],[88.94318413628548,27.858482530382332],[88.94352593316057,27.85877699110273],[88.94323215060825,27.862432454427505],[88.94525607638951,27.86401746961826],[88.9458132595496,27.863353271484584],[88.94659695095561,27.860489501953396],[88.94596191406316,27.859593641493348],[88.94514919704943,27.856432020399552],[88.94540635850757,27.855961914062846],[88.94815375434092,27.854377848307593],[88.94861029730987,27.85313503689258],[88.94812418619892,27.852263997396108]]]}},{"type":"Feature","id":"hydrolakes:1382157","properties":{"Hylak_id":1382157,"Lake_name":"","Country":"Nepal","Continent":"Asia","Poly_src":"SWBD","Lake_type":1,"Grand_id":0,"Lake_area":0.27,"Shore_len":2.6,"Shore_dev":1.4,"Vol_total":2.51,"Vol_res":0.0,"Vol_src":3,"Depth_avg":9.2,"Dis_avg":4.557,"Res_time":6.4,"Elevation":4437,"Slope_100":16.61,"Wshd_area":89.4,"Pour_long":87.83125,"Pour_lat":27.848082,"source_id":"hydrolakes:1382157","label":""},"geometry":{"type":"Polygon","coordinates":[[[87.83348090277838,27.8440222167971],[87.83333333333405,27.84361111111133],[87.8305867513028,27.846975640191204],[87.82875786675413,27.848609890408284],[87.82901991102489,27.850702311198177],[87.82959201388945,27.851521131727736],[87.82955023871585,27.852221001519467],[87.83002007378548,27.853742133246783],[87.83042453342074,27.85348008897597],[87.8322083875874,27.85021240234397],[87.83448350694522,27.84743923611137],[87.83337212456655,27.845847710503733],[87.83348090277838,27.8440222167971]]]}},{"type":"Feature","id":"hydrolakes:1382165","properties":{"Hylak_id":1382165,"Lake_name":"","Country":"China","Continent":"Asia","Poly_src":"SWBD","Lake_type":1,"Grand_id":0,"Lake_area":0.22,"Shore_len":2.2,"Shore_dev":1.31,"Vol_total":0.8,"Vol_res":0.0,"Vol_src":3,"Depth_avg":3.6,"Dis_avg":0.057,"Res_time":162.9,"Elevation":4863,"Slope_100":2.5,"Wshd_area":4.9,"Pour_long":88.937177,"Pour_lat":27.842593,"source_id":"hydrolakes:1382165","label":""},"geometry":{"type":"Polygon","coordinates":[[[88.93735080295221,27.84126030816003],[88.93722222222283,27.841111111111275],[88.93627170138973,27.841397298177412],[88.93620958116401,27.842170952691276],[88.93742323133756,27.843861219618304],[88.93818901909799,27.844521077474212],[88.93995876736182,27.848446587456806],[88.94066867404592,27.84850368923628],[88.94128011067772,27.846293267144347],[88.94082248263965,27.84504733615489],[88.9417662217889,27.843716634114855],[88.93987141927147,27.84151746961828],[88.93735080295221,27.84126030816003]]]}},{"type":"Feature","id":"hydrolakes:1382173","properties":{"Hylak_id":1382173,"Lake_name":"","Country":"Nepal","Continent":"Asia","Poly_src":"SWBD","Lake_type":1,"Grand_id":0,"Lake_area":0.18,"Shore_len":1.73,"Shore_dev":1.16,"Vol_total":1.38,"Vol_res":0.0,"Vol_src":3,"Depth_avg":7.8,"Dis_avg":0.017,"Res_time":938.8,"Elevation":4243,"Slope_100":13.68,"Wshd_area":0.4,"Pour_long":87.340833,"Pour_lat":27.835782,"source_id":"hydrolakes:1382173","label":""},"geometry":{"type":"Polygon","coordinates":[[[87.34304009331646,27.83557386610272],[87.341944444445,27.833888888889135],[87.34036919487914,27.83401774088577],[87.33982014974009,27.835478786892622],[87.3401261393235,27.83820732964449],[87.34118923611175,27.840403781467273],[87.34199734158045,27.83982421875038],[87.3434372287332,27.837286648220754],[87.34350314670195,27.836641438802303],[87.34304009331646,27.83557386610272]]]}},{"type":"Feature","id":"hydrolakes:1382181","properties":{"Hylak_id":1382181,"Lake_name":"","Country":"Bhutan","Continent":"Asia","Poly_src":"SWBD","Lake_type":1,"Grand_id":0,"Lake_area":0.29,"Shore_len":2.42,"Shore_dev":1.27,"Vol_total":3.03,"Vol_res":0.0,"Vol_src":3,"Depth_avg":10.5,"Dis_avg":0.008,"Res_time":4376.7,"Elevation":4456,"Slope_100":21.35,"Wshd_area":0.8,"Pour_long":89.946682,"Pour_lat":27.83033,"source_id":"hydrolakes:1382181","label":""},"geometry":{"type":"Polygon","coordinates":[[[89.94760742187572,27.83094930013044],[89.94775499132027,27.8291087510853],[89.94709364149372,27.828739691840497],[89.94514051649384,27.828442111545428],[89.943267144098,27.826267496745004],[89.9425000000009,27.825833333333605],[89.9410232204869,27.826102701823174],[89.94021213107709,27.827698703342264],[89.9400520833342,27.829690755208617],[89.94247124566056,27.82949639214445],[89.94322699652867,27.830147840712016],[89.94311848958421,27.83149861653675],[89.94575195312586,27.83207302517394],[89.94760742187572,27.83094930013044]]]}},{"type":"Feature","id":"hydrolakes:1382196","properties":{"Hylak_id":1382196,"Lake_name":"","Country":"Nepal","Continent":"Asia","Poly_src":"SWBD","Lake_type":1,"Grand_id":0,"Lake_area":0.11,"Shore_len":2.0,"Shore_dev":1.68,"Vol_total":0.93,"Vol_res":0.0,"Vol_src":3,"Depth_avg":8.2,"Dis_avg":0.266,"Res_time":40.3,"Elevation":4903,"Slope_100":17.23,"Wshd_area":5.1,"Pour_long":87.748863,"Pour_lat":27.812402,"source_id":"hydrolakes:1382196","label":""},"geometry":{"type":"Polygon","coordinates":[[[87.7497827148444,27.813143581814472],[87.7494444444452,27.812222222222488],[87.74794542100761,27.812418348524716],[87.74782823350768,27.813878038194673],[87.74847764757004,27.816034478081804],[87.75049804687552,27.81777520073814],[87.75103922526114,27.819573025173895],[87.75203911675419,27.818526611328537],[87.75092692057348,27.816392550998557],[87.74971761067769,27.815350748698222],[87.74913438585145,27.81430555555579],[87.7497827148444,27.813143581814472]]]}},{"type":"Feature","id":"hydrolakes:1382203","properties":{"Hylak_id":1382203,"Lake_name":"","Country":"China","Continent":"Asia","Poly_src":"SWBD","Lake_type":1,"Grand_id":0,"Lake_area":0.22,"Shore_len":2.24,"Shore_dev":1.34,"Vol_total":1.76,"Vol_res":0.0,"Vol_src":3,"Depth_avg":7.9,"Dis_avg":0.095,"Res_time":214.0,"Elevation":5137,"Slope_100":12.98,"Wshd_area":9.1,"Pour_long":89.224274,"Pour_lat":27.80931,"source_id":"hydrolakes:1382203","label":""},"geometry":{"type":"Polygon","coordinates":[[[89.22841417100778,27.807916124132248],[89.22792697482708,27.80735080295176],[89.22707302517432,27.80709364149328],[89.22694444444511,27.806666666666956],[89.22568413628545,27.806795247396053],[89.22428195529596,27.80767049153667],[89.22351535373343,27.80760891384574],[89.22243462456669,27.808005777995106],[89.22209689670217,27.810961914062716],[89.22568413628545,27.809850802951587],[89.23042697482703,27.80959364149328],[89.23096191406324,27.809200575087118],[89.22984971788276,27.808242323133925],[89.22841417100778,27.807916124132248]]]}},{"type":"Feature","id":"hydrolakes:1382221","properties":{"Hylak_id":1382221,"Lake_name":"","Country":"Nepal","Continent":"Asia","Poly_src":"SWBD","Lake_type":1,"Grand_id":0,"Lake_area":0.6,"Shore_len":3.69,"Shore_dev":1.34,"Vol_total":6.27,"Vol_res":0.0,"Vol_src":3,"Depth_avg":10.4,"Dis_avg":1.089,"Res_time":66.7,"Elevation":4831,"Slope_100":16.61,"Wshd_area":25.6,"Pour_long":86.622457,"Pour_lat":27.776224,"source_id":"hydrolakes:1382221","label":""},"geometry":{"type":"Polygon","coordinates":[[[86.62199449327323,27.77805053710972],[86.62408053928016,27.775329861111402],[86.6240162489155,27.77425089518249],[86.6233333333339,27.773611111111336],[86.61776828342079,27.776738823784967],[86.61268920898482,27.77799411349855],[86.61068739149368,27.777874891493354],[86.61005737304737,27.778580050998528],[86.60959120008738,27.780219862196418],[86.61021091037372,27.781360270182574],[86.6125410970057,27.781902398003695],[86.61466701931488,27.781775716146058],[86.61871500651102,27.780910915798984],[86.62199449327323,27.77805053710972]]]}},{"type":"Feature","id":"hydrolakes:1382295","properties":{"Hylak_id":1382295,"Lake_name":"","Country":"Nepal","Continent":"Asia","Poly_src":"SWBD","Lake_type":1,"Grand_id":0,"Lake_area":0.25,"Shore_len":2.38,"Shore_dev":1.35,"Vol_total":1.8,"Vol_res":0.0,"Vol_src":3,"Depth_avg":7.3,"Dis_avg":0.665,"Res_time":31.4,"Elevation":4764,"Slope_100":10.62,"Wshd_area":14.8,"Pour_long":86.855208,"Pour_lat":27.687775,"source_id":"hydrolakes:1382295","label":""},"geometry":{"type":"Polygon","coordinates":[[[86.86317070855085,27.688739963107935],[86.86395562066036,27.68768147786477],[86.86288913303002,27.687038031684324],[86.86154568142416,27.686509874132184],[86.8563888888894,27.68527777777797],[86.85491278754398,27.685688747830113],[86.853212348091,27.686871473524548],[86.85450900607685,27.688153483073165],[86.85671373155446,27.687827690972426],[86.85876790364631,27.68817654079902],[86.86088772244,27.689009874132182],[86.86317070855085,27.688739963107935]]]}},{"type":"Feature","id":"hydrolakes:1382296","properties":{"Hylak_id":1382296,"Lake_name":"","Country":"Bhutan","Continent":"Asia","Poly_src":"SWBD","Lake_type":1,"Grand_id":0,"Lake_area":0.17,"Shore_len":1.75,"Shore_dev":1.21,"Vol_total":1.13,"Vol_res":0.0,"Vol_src":3,"Depth_avg":6.8,"Dis_avg":0.031,"Res_time":421.8,"Elevation":4798,"Slope_100":10.4,"Wshd_area":2.5,"Pour_long":89.407662,"Pour_lat":27.686406,"source_id":"hydrolakes:1382296","label":""},"geometry":{"type":"Polygon","coordinates":[[[89.41015435112917,27.685709906684224],[89.4102777777785,27.684166666667068],[89.40849772135505,27.684309082031575],[89.40706787109457,27.6859567599829],[89.4062049696189,27.68852593315995],[89.40613091362917,27.690123426649507],[89.40771131727519,27.689720052083544],[89.40954264323005,27.688253580729395],[89.41015435112917,27.685709906684224]]]}},{"type":"Feature","id":"hydrolakes:1382311","properties":{"Hylak_id":1382311,"Lake_name":"","Country":"India","Continent":"Asia","Poly_src":"SWBD","Lake_type":1,"Grand_id":0,"Lake_area":0.33,"Shore_len":2.51,"Shore_dev":1.24,"Vol_total":3.55,"Vol_res":0.0,"Vol_src":3,"Depth_avg":10.9,"Dis_avg":0.015,"Res_time":2742.2,"Elevation":4525,"Slope_100":22.21,"Wshd_area":0.6,"Pour_long":88.512003,"Pour_lat":27.67001,"source_id":"hydrolakes:1382311","label":""},"geometry":{"type":"Polygon","coordinates":[[[88.51596191406327,27.66764919704883],[88.515833333334,27.667500000000246],[88.51417127821253,27.667669542100953],[88.51156982421946,27.669489474826605],[88.51098253038276,27.670426974826682],[88.50906141493118,27.672082248264132],[88.5088389756952,27.674850802951596],[88.51145914713601,27.674536404080072],[88.51311550564304,27.673347167968984],[88.51421251085134,27.671595865885706],[88.5161987304694,27.670638292100932],[88.51623806423686,27.669575195312746],[88.51698106553897,27.668527289496808],[88.51596191406327,27.66764919704883]]]}},{"type":"Feature","id":"hydrolakes:1382318","properties":{"Hylak_id":1382318,"Lake_name":"","Country":"Nepal","Continent":"Asia","Poly_src":"SWBD","Lake_type":1,"Grand_id":0,"Lake_area":0.12,"Shore_len":1.44,"Shore_dev":1.19,"Vol_total":0.71,"Vol_res":0.0,"Vol_src":3,"Depth_avg":6.0,"Dis_avg":0.182,"Res_time":45.0,"Elevation":4460,"Slope_100":9.09,"Wshd_area":3.4,"Pour_long":87.703125,"Pour_lat":27.651134,"source_id":"hydrolakes:1382318","label":""},"geometry":{"type":"Polygon","coordinates":[[[87.70344943576441,27.649883897569737],[87.70333333333406,27.64972222222258],[87.70165228949719,27.649847819010745],[87.69960611979246,27.65057481553839],[87.70236409505276,27.652338324653044],[87.70507676866396,27.652088487413437],[87.7057891167542,27.6515779622398],[87.70527723524361,27.650250379774604],[87.70344943576441,27.649883897569737]]]}},{"type":"Feature","id":"hydrolakes:1382323","properties":{"Hylak_id":1382323,"Lake_name":"","Country":"Bhutan","Continent":"Asia","Poly_src":"SWBD","Lake_type":1,"Grand_id":0,"Lake_area":0.29,"Shore_len":3.42,"Shore_dev":1.79,"Vol_total":3.04,"Vol_res":0.0,"Vol_src":3,"Depth_avg":10.5,"Dis_avg":0.172,"Res_time":204.8,"Elevation":4220,"Slope_100":21.44,"Wshd_area":13.7,"Pour_long":89.467651,"Pour_lat":27.643148,"source_id":"hydrolakes:1382323","label":""},"geometry":{"type":"Polygon","coordinates":[[[89.46800211588612,27.643990614149573],[89.46884819878545,27.643077528212018],[89.46861111111195,27.641944444444846],[89.46571451823013,27.64284803602453],[89.46180013020904,27.643189019097463],[89.4609198676223,27.643497721354436],[89.45378607855974,27.643821343316176],[89.45292209201477,27.645118001302308],[89.45905083550429,27.645411241319664],[89.46636664496606,27.644563802083553],[89.46800211588612,27.643990614149573]]]}},{"type":"Feature","id":"hydrolakes:1382330","properties":{"Hylak_id":1382330,"Lake_name":"","Country":"Bhutan","Continent":"Asia","Poly_src":"SWBD","Lake_type":1,"Grand_id":0,"Lake_area":0.36,"Shore_len":2.54,"Shore_dev":1.2,"Vol_total":3.86,"Vol_res":0.0,"Vol_src":3,"Depth_avg":10.8,"Dis_avg":0.142,"Res_time":314.3,"Elevation":2130,"Slope_100":21.47,"Wshd_area":11.4,"Pour_long":89.742005,"Pour_lat":27.6366,"source_id":"hydrolakes:1382330","label":""},"geometry":{"type":"Polygon","coordinates":[[[89.73803873697995,27.642513563368254],[89.73942111545227,27.641407877604365],[89.74054361979256,27.642067871093957],[89.74190863715364,27.64173068576423],[89.74272786458425,27.64060899522599],[89.7432763671884,27.638194986979443],[89.74265407986195,27.636512315538425],[89.74166666666758,27.635277777778015],[89.74008083767444,27.63573106553855],[89.73747395833408,27.637563476562775],[89.73772732204935,27.639599609375352],[89.73719075520921,27.64087212456633],[89.7359874131954,27.642376844618298],[89.7369797092021,27.642901204427346],[89.73803873697995,27.642513563368254]]]}},{"type":"Feature","id":"hydrolakes:1382339","properties":{"Hylak_id":1382339,"Lake_name":"","Country":"Nepal","Continent":"Asia","Poly_src":"SWBD","Lake_type":1,"Grand_id":0,"Lake_area":0.14,"Shore_len":1.69,"Shore_dev":1.27,"Vol_total":1.31,"Vol_res":0.0,"Vol_src":3,"Depth_avg":9.2,"Dis_avg":0.261,"Res_time":58.2,"Elevation":4179,"Slope_100":20.61,"Wshd_area":4.9,"Pour_long":87.694669,"Pour_lat":27.63059,"source_id":"hydrolakes:1382339","label":""},"geometry":{"type":"Polygon","coordinates":[[[87.6988213433167,27.627851291232844],[87.69861111111186,27.626944444444746],[87.6972634548618,27.627073025173843],[87.69506374783055,27.62860270182324],[87.69353895399377,27.63065917968771],[87.69333468967073,27.632042371962086],[87.69399359809097,27.63213975694481],[87.69499511718806,27.631397298177376],[87.69608262803888,27.630952148437757],[87.6978491210943,27.629365234375257],[87.6988213433167,27.627851291232844]]]}},{"type":"Feature","id":"hydrolakes:1382357","properties":{"Hylak_id":1382357,"Lake_name":"","Country":"China","Continent":"Asia","Poly_src":"SWBD","Lake_type":1,"Grand_id":0,"Lake_area":0.29,"Shore_len":2.31,"Shore_dev":1.21,"Vol_total":3.2,"Vol_res":0.0,"Vol_src":3,"Depth_avg":11.0,"Dis_avg":0.105,"Res_time":353.2,"Elevation":4036,"Slope_100":23.47,"Wshd_area":5.5,"Pour_long":88.908817,"Pour_lat":27.61188,"source_id":"hydrolakes:1382357","label":""},"geometry":{"type":"Polygon","coordinates":[[[88.9020982530389,27.61409695095523],[88.90388888888953,27.61391465928847],[88.9051440429696,27.614042426215462],[88.90875678168481,27.613176812066172],[88.90957058376802,27.611671006944675],[88.90722222222286,27.610555555555834],[88.90540391710147,27.61068169487868],[88.90468315972288,27.611094292534972],[88.90297770182372,27.61061740451413],[88.90151855468832,27.610679253472426],[88.90002224392435,27.61162217881963],[88.89959608290002,27.612719997830084],[88.90079264322975,27.613713921441217],[88.9020982530389,27.61409695095523]]]}},{"type":"Feature","id":"hydrolakes:1382369","properties":{"Hylak_id":1382369,"Lake_name":"","Country":"Bhutan","Continent":"Asia","Poly_src":"SWBD","Lake_type":1,"Grand_id":0,"Lake_area":0.37,"Shore_len":3.34,"Shore_dev":1.54,"Vol_total":3.89,"Vol_res":0.0,"Vol_src":3,"Depth_avg":10.4,"Dis_avg":0.032,"Res_time":1406.7,"Elevation":4313,"Slope_100":19.55,"Wshd_area":2.3,"Pour_long":89.489232,"Pour_lat":27.584332,"source_id":"hydrolakes:1382369","label":""},"geometry":{"type":"Polygon","coordinates":[[[89.48568657769175,27.579035644531587],[89.48527777777844,27.577500000000384],[89.48457546658057,27.577631022135677],[89.48431342230981,27.578757866753733],[89.48375786675416,27.579780273437848],[89.48466010199724,27.581041666666863],[89.48620930989671,27.581752658420385],[89.48679768880288,27.582835828993325],[89.48436170790006,27.584780002170476],[89.48375786675416,27.58589138454886],[89.4850675455736,27.587813313802314],[89.48724012586877,27.58839518229189],[89.48764756944519,27.58764512803856],[89.48760091145914,27.586864420573136],[89.48848985460154,27.585869954427267],[89.49096435546943,27.58407389322946],[89.49059163411539,27.582812500000273],[89.48752170138971,27.581403537326707],[89.48568657769175,27.579035644531587]]]}},{"type":"Feature","id":"hydrolakes:1382378","properties":{"Hylak_id":1382378,"Lake_name":"","Country":"Bhutan","Continent":"Asia","Poly_src":"SWBD","Lake_type":1,"Grand_id":0,"Lake_area":0.22,"Shore_len":1.85,"Shore_dev":1.11,"Vol_total":2.7,"Vol_res":0.0,"Vol_src":3,"Depth_avg":12.2,"Dis_avg":0.02,"Res_time":1560.4,"Elevation":4239,"Slope_100":31.92,"Wshd_area":1.3,"Pour_long":89.380486,"Pour_lat":27.569346,"source_id":"hydrolakes:1382378","label":""},"geometry":{"type":"Polygon","coordinates":[[[89.37774305555638,27.567571343316217],[89.37722222222288,27.56694444444463],[89.37679280599036,27.56707058376759],[89.37570719401128,27.568113335503767],[89.37606797960154,27.570235731337164],[89.37825412326475,27.571515028212104],[89.38072753906323,27.571228298611345],[89.38256429036562,27.569097493489778],[89.38070719401111,27.56790391710092],[89.37774305555638,27.567571343316217]]]}},{"type":"Feature","id":"hydrolakes:1382400","properties":{"Hylak_id":1382400,"Lake_name":"","Country":"Nepal","Continent":"Asia","Poly_src":"SWBD","Lake_type":1,"Grand_id":0,"Lake_area":0.24,"Shore_len":2.01,"Shore_dev":1.17,"Vol_total":1.94,"Vol_res":0.0,"Vol_src":3,"Depth_avg":8.2,"Dis_avg":0.164,"Res_time":136.7,"Elevation":5020,"Slope_100":13.73,"Wshd_area":4.0,"Pour_long":88.048011,"Pour_lat":27.544501,"source_id":"hydrolakes:1382400","label":""},"geometry":{"type":"Polygon","coordinates":[[[88.05349853515685,27.54679009331619],[88.05422688802145,27.54611572265651],[88.05264404296963,27.544392632378674],[88.05237657335135,27.543456759982917],[88.05194444444516,27.543055555555895],[88.04755045572995,27.543181152343948],[88.04602267795195,27.54440456814251],[88.04762478298687,27.546405164930775],[88.04902777777863,27.546579589843986],[88.05041666666739,27.546406792534924],[88.05349853515685,27.54679009331619]]]}},{"type":"Feature","id":"hydrolakes:1382405","properties":{"Hylak_id":1382405,"Lake_name":"","Country":"Bhutan","Continent":"Asia","Poly_src":"SWBD","Lake_type":1,"Grand_id":0,"Lake_area":0.13,"Shore_len":1.64,"Shore_dev":1.27,"Vol_total":1.17,"Vol_res":0.0,"Vol_src":3,"Depth_avg":8.7,"Dis_avg":0.028,"Res_time":482.9,"Elevation":4440,"Slope_100":18.59,"Wshd_area":1.5,"Pour_long":89.164998,"Pour_lat":27.538189,"source_id":"hydrolakes:1382405","label":""},"geometry":{"type":"Polygon","coordinates":[[[89.165855034723,27.537577311198163],[89.16737982855989,27.536791720920405],[89.16900444878559,27.53682481553841],[89.1673583984383,27.534863823785088],[89.16722222222296,27.534166666666863],[89.16596164279599,27.53441270616338],[89.16404242621599,27.535671115451635],[89.16399169921948,27.538151312934247],[89.16483127170221,27.539025065104454],[89.16539062500101,27.538534613715456],[89.165855034723,27.537577311198163]]]}},{"type":"Feature","id":"hydrolakes:1382416","properties":{"Hylak_id":1382416,"Lake_name":"","Country":"India","Continent":"Asia","Poly_src":"SWBD","Lake_type":1,"Grand_id":0,"Lake_area":0.16,"Shore_len":2.06,"Shore_dev":1.45,"Vol_total":1.2,"Vol_res":0.0,"Vol_src":3,"Depth_avg":7.5,"Dis_avg":0.304,"Res_time":45.7,"Elevation":4860,"Slope_100":12.89,"Wshd_area":7.6,"Pour_long":88.088185,"Pour_lat":27.528126,"source_id":"hydrolakes:1382416","label":""},"geometry":{"type":"Polygon","coordinates":[[[88.08868218316047,27.529805230035038],[88.08888888888964,27.526944444444723],[88.08800292968812,27.527109917534915],[88.08625949435822,27.5286675347225],[88.08596191406315,27.529946560330075],[88.08518988715343,27.53136745876776],[88.085097927518,27.534853244357862],[88.0861555989589,27.53453884548634],[88.08700005425419,27.531975640191206],[88.08868218316047,27.529805230035038]]]}},{"type":"Feature","id":"hydrolakes:1382452","properties":{"Hylak_id":1382452,"Lake_name":"","Country":"Bhutan","Continent":"Asia","Poly_src":"SWBD","Lake_type":1,"Grand_id":0,"Lake_area":0.27,"Shore_len":2.19,"Shore_dev":1.19,"Vol_total":2.88,"Vol_res":0.0,"Vol_src":3,"Depth_avg":10.8,"Dis_avg":0.145,"Res_time":229.9,"Elevation":4064,"Slope_100":23.3,"Wshd_area":7.2,"Pour_long":89.151455,"Pour_lat":27.490443,"source_id":"hydrolakes:1382452","label":""},"geometry":{"type":"Polygon","coordinates":[[[89.15291069878532,27.490760091146058],[89.15194444444523,27.489166666666904],[89.15037760416749,27.489337022569657],[89.14883327908052,27.490085991753745],[89.14736518012222,27.491496582031516],[89.14651909722289,27.493742404514194],[89.14650254991398,27.495681966146037],[89.1481537543412,27.496247287326582],[89.14931613498328,27.49551812066005],[89.14930257161524,27.49485839843777],[89.15098876953209,27.49260660807323],[89.15291069878532,27.490760091146058]]]}},{"type":"Feature","id":"hydrolakes:1382469","properties":{"Hylak_id":1382469,"Lake_name":"","Country":"China","Continent":"Asia","Poly_src":"SWBD","Lake_type":1,"Grand_id":0,"Lake_area":0.18,"Shore_len":1.78,"Shore_dev":1.2,"Vol_total":1.78,"Vol_res":0.0,"Vol_src":3,"Depth_avg":10.1,"Dis_avg":0.026,"Res_time":793.4,"Elevation":4531,"Slope_100":22.97,"Wshd_area":1.0,"Pour_long":88.827188,"Pour_lat":27.464387,"source_id":"hydrolakes:1382469","label":""},"geometry":{"type":"Polygon","coordinates":[[[88.83180284288278,27.462919379340462],[88.82585286458419,27.46294053819463],[88.82459147135484,27.465020616319634],[88.82682291666737,27.466128472222465],[88.83065131293483,27.464886067708562],[88.83176947699718,27.463811848958528],[88.83208794487928,27.463193630642593],[88.83180284288278,27.462919379340462]]]}},{"type":"Feature","id":"hydrolakes:1382575","properties":{"Hylak_id":1382575,"Lake_name":"","Country":"India","Continent":"Asia","Poly_src":"SWBD","Lake_type":1,"Grand_id":0,"Lake_area":0.28,"Shore_len":2.42,"Shore_dev":1.29,"Vol_total":2.0,"Vol_res":0.0,"Vol_src":3,"Depth_avg":7.1,"Dis_avg":0.128,"Res_time":180.5,"Elevation":3901,"Slope_100":9.64,"Wshd_area":3.8,"Pour_long":88.847713,"Pour_lat":27.327839,"source_id":"hydrolakes:1382575","label":""},"geometry":{"type":"Polygon","coordinates":[[[88.84907307942785,27.328048231336993],[88.84888888888963,27.325833333333605],[88.8479448784729,27.32600558810782],[88.84316216362919,27.33126600477459],[88.84320610894179,27.331813151041956],[88.84264919704935,27.33281168619817],[88.84464029947992,27.334295247396142],[88.8454286024313,27.333759223090453],[88.84539686415008,27.333363986545464],[88.84728895399377,27.332178819444664],[88.84763943142428,27.330636393229383],[88.84895616319506,27.32950195312526],[88.84907307942785,27.328048231336993]]]}},{"type":"Feature","id":"hydrolakes:1382921","properties":{"Hylak_id":1382921,"Lake_name":"","Country":"Nepal","Continent":"Asia","Poly_src":"SWBD","Lake_type":1,"Grand_id":0,"Lake_area":0.16,"Shore_len":1.91,"Shore_dev":1.33,"Vol_total":0.26,"Vol_res":0.0,"Vol_src":3,"Depth_avg":1.6,"Dis_avg":0.815,"Res_time":3.7,"Elevation":100,"Slope_100":0.52,"Wshd_area":33.9,"Pour_long":85.625386,"Pour_lat":26.931384,"source_id":"hydrolakes:1382921","label":""},"geometry":{"type":"Polygon","coordinates":[[[85.62588928222698,26.930353190104256],[85.62555555555599,26.92944444444464],[85.62237141927125,26.930266655816126],[85.62283304850297,26.9315519205731],[85.62401394314276,26.932569173177285],[85.6226491970491,26.934494086371785],[85.62297722710542,26.935684136285033],[85.62503960503517,26.935288085937657],[85.62556898329052,26.934339192708592],[85.62588928222698,26.930353190104256]]]}},{"type":"Feature","id":"hydrolakes:1382967","properties":{"Hylak_id":1382967,"Lake_name":"","Country":"Nepal","Continent":"Asia","Poly_src":"SWBD","Lake_type":1,"Grand_id":0,"Lake_area":0.38,"Shore_len":2.97,"Shore_dev":1.37,"Vol_total":0.95,"Vol_res":0.0,"Vol_src":3,"Depth_avg":2.5,"Dis_avg":46.111,"Res_time":0.2,"Elevation":107,"Slope_100":1.04,"Wshd_area":1603.8,"Pour_long":86.134493,"Pour_lat":26.886873,"source_id":"hydrolakes:1382967","label":""},"geometry":{"type":"Polygon","coordinates":[[[86.13493170844248,26.89256564670154],[86.13735249837293,26.8904047309029],[86.13806009928442,26.89046169704875],[86.13895243326868,26.89006347656266],[86.1398508029518,26.88829942491344],[86.13872450086848,26.886886664496785],[86.13758863661087,26.887692057291986],[86.13611111111146,26.88611111111129],[86.13424669053882,26.886266818576644],[86.1324983045796,26.889238823784922],[86.13292697482711,26.89040635850722],[86.1333044433598,26.89492187500025],[86.13396118164121,26.8956841362849],[86.13458258734863,26.895233561198097],[86.13493170844248,26.89256564670154]]]}},{"type":"Feature","id":"hydrolakes:1383014","properties":{"Hylak_id":1383014,"Lake_name":"","Country":"Nepal","Continent":"Asia","Poly_src":"SWBD","Lake_type":1,"Grand_id":0,"Lake_area":0.83,"Shore_len":6.98,"Shore_dev":2.17,"Vol_total":2.99,"Vol_res":0.0,"Vol_src":3,"Depth_avg":3.6,"Dis_avg":1650.175,"Res_time":0.1,"Elevation":108,"Slope_100":1.69,"Wshd_area":54436.2,"Pour_long":87.144412,"Pour_lat":26.823224,"source_id":"hydrolakes:1383014","label":""},"geometry":{"type":"Polygon","coordinates":[[[87.14457668728369,26.826070692274527],[87.1465102810335,26.82354492187534],[87.14701565212738,26.82241238064256],[87.14743259006133,26.819225531684197],[87.14666666666733,26.817500000000166],[87.1461060926656,26.817982855902926],[87.14541639539988,26.820273708767616],[87.14384426540852,26.821628146701528],[87.14219075520896,26.824787868923806],[87.141749538846,26.825167914496717],[87.1407040744362,26.825083821614726],[87.14017740885481,26.82626437717039],[87.13978298611158,26.833194444444587],[87.13990831163238,26.834754503038482],[87.14063354492248,26.836054416232912],[87.14186442057343,26.837114800347422],[87.14321628146752,26.839813639323097],[87.14507676866373,26.84141655815995],[87.14723049587735,26.84418294270847],[87.14839816623333,26.844573025173815],[87.14873969184083,26.842408040364717],[87.14710015191025,26.84138102213558],[87.14497938368112,26.839187282986302],[87.14229722764804,26.834128960503733],[87.14241848415861,26.83261908637172],[87.14385742187557,26.830781521267568],[87.1437972005213,26.827467719184313],[87.14457668728369,26.826070692274527]]]}},{"type":"Feature","id":"hydrolakes:1383204","properties":{"Hylak_id":1383204,"Lake_name":"","Country":"India","Continent":"Asia","Poly_src":"SWBD","Lake_type":1,"Grand_id":0,"Lake_area":0.24,"Shore_len":2.52,"Shore_dev":1.44,"Vol_total":0.52,"Vol_res":0.0,"Vol_src":3,"Depth_avg":2.1,"Dis_avg":1.381,"Res_time":4.4,"Elevation":101,"Slope_100":0.84,"Wshd_area":29.5,"Pour_long":88.498128,"Pour_lat":26.640489,"source_id":"hydrolakes:1383204","label":""},"geometry":{"type":"Polygon","coordinates":[[[88.49902235243115,26.639310980902962],[88.49888888888955,26.639166666666824],[88.4974842664937,26.63943495008698],[88.49625542534778,26.641037597656464],[88.4978200954867,26.643939615885586],[88.4995890299486,26.645379231771017],[88.50341634114659,26.647355685764012],[88.50353407118132,26.646306694878604],[88.500452473959,26.644007432725914],[88.50016547309099,26.639883355034897],[88.49902235243115,26.639310980902962]]]}},{"type":"Feature","id":"hydrolakes:1383242","properties":{"Hylak_id":1383242,"Lake_name":"","Country":"India","Continent":"Asia","Poly_src":"SWBD","Lake_type":1,"Grand_id":0,"Lake_area":0.24,"Shore_len":2.44,"Shore_dev":1.4,"Vol_total":0.57,"Vol_res":0.0,"Vol_src":3,"Depth_avg":2.3,"Dis_avg":0.014,"Res_time":469.4,"Elevation":65,"Slope_100":1.0,"Wshd_area":0.8,"Pour_long":85.007851,"Pour_lat":26.607018,"source_id":"hydrolakes:1383242","label":""},"geometry":{"type":"Polygon","coordinates":[[[85.00901996506639,26.605424533420376],[85.00888888888937,26.60527777777793],[85.00770100646588,26.60549940321198],[85.00729414489581,26.60701850043415],[85.0070634762451,26.610888671875273],[85.0073955636559,26.61513102213553],[85.00889377329116,26.6147688802086],[85.00953645812177,26.612369249132144],[85.00988828871039,26.609723307291915],[85.00956274350523,26.605909559461963],[85.00901996506639,26.605424533420376]]]}},{"type":"Feature","id":"hydrolakes:1383336","properties":{"Hylak_id":1383336,"Lake_name":"","Country":"Nepal","Continent":"Asia","Poly_src":"SWBD","Lake_type":1,"Grand_id":0,"Lake_area":0.72,"Shore_len":6.16,"Shore_dev":2.04,"Vol_total":0.92,"Vol_res":0.0,"Vol_src":3,"Depth_avg":1.3,"Dis_avg":0.267,"Res_time":40.0,"Elevation":80,"Slope_100":0.2,"Wshd_area":10.9,"Pour_long":86.953125,"Pour_lat":26.526967,"source_id":"hydrolakes:1383336","label":""},"geometry":{"type":"Polygon","coordinates":[[[86.95708062066046,26.529084472656393],[86.95430826822968,26.52559244791678],[86.95569173177131,26.524661458333526],[86.95204522026972,26.51955240885428],[86.95083333333412,26.51888888888908],[86.94624755859434,26.519024793836934],[86.94537217882021,26.519324544270944],[86.9440357801654,26.519297146267547],[86.94345825195359,26.51959472656273],[86.94348022460997,26.52066921657996],[86.94930826822986,26.520969509548763],[86.95069715711873,26.521247016059135],[86.95292494032185,26.523206922743157],[86.95290974934943,26.523949110243223],[86.94883829752666,26.522581108941154],[86.94351996527826,26.523033854166783],[86.94409545898498,26.524150933159888],[86.94549858941036,26.52460611979177],[86.94734252929737,26.52652533637172],[86.94880032009604,26.527113444010524],[86.95130276150229,26.5270871310766],[86.95311713324696,26.528937174479324],[86.95490193684947,26.528197157118257],[86.95624240451457,26.529592285156298],[86.95708062066046,26.529084472656393]]]}},{"type":"Feature","id":"hydrolakes:1383377","properties":{"Hylak_id":1383377,"Lake_name":"","Country":"India","Continent":"Asia","Poly_src":"SWBD","Lake_type":1,"Grand_id":0,"Lake_area":0.21,"Shore_len":2.76,"Shore_dev":1.69,"Vol_total":0.32,"Vol_res":0.0,"Vol_src":3,"Depth_avg":1.5,"Dis_avg":0.058,"Res_time":63.9,"Elevation":64,"Slope_100":0.42,"Wshd_area":3.5,"Pour_long":85.006977,"Pour_lat":26.483541,"source_id":"hydrolakes:1383377","label":""},"geometry":{"type":"Polygon","coordinates":[[[85.01320477379733,26.480426974826514],[85.01398704846747,26.47999050564249],[85.0170142968501,26.480233832465444],[85.01749655511696,26.47936930338551],[85.01472222222276,26.478611111111206],[85.01012855900689,26.47929524739601],[85.0065705831849,26.481411675347488],[85.00638452106085,26.483727213541954],[85.00734000894806,26.483803982205075],[85.00843977610316,26.482272406684217],[85.00975346883183,26.48153944227448],[85.01320477379733,26.480426974826514]]]}},{"type":"Feature","id":"hydrolakes:1383392","properties":{"Hylak_id":1383392,"Lake_name":"","Country":"India","Continent":"Asia","Poly_src":"SWBD","Lake_type":1,"Grand_id":0,"Lake_area":0.15,"Shore_len":2.0,"Shore_dev":1.45,"Vol_total":0.16,"Vol_res":0.0,"Vol_src":3,"Depth_avg":1.1,"Dis_avg":0.021,"Res_time":90.7,"Elevation":63,"Slope_100":0.24,"Wshd_area":1.2,"Pour_long":85.347242,"Pour_lat":26.469638,"source_id":"hydrolakes:1383392","label":""},"geometry":{"type":"Polygon","coordinates":[[[85.34626034206872,26.47070475260432],[85.3468055555561,26.47040066189254],[85.34750481499611,26.470790744357828],[85.34815656873968,26.47022922092043],[85.34865064832945,26.468423936632178],[85.34803632948177,26.46771077473977],[85.34715294732041,26.468736165364874],[85.34544077555375,26.467522243923725],[85.34388888888924,26.46694444444455],[85.34320478651307,26.467150336371844],[85.34346188015456,26.468204752604265],[85.34475626627659,26.46976969401061],[85.34326178656721,26.470705566406366],[85.34379662407821,26.471326497396092],[85.34626034206872,26.47070475260432]]]}},{"type":"Feature","id":"hydrolakes:1383408","properties":{"Hylak_id":1383408,"Lake_name":"","Country":"India","Continent":"Asia","Poly_src":"SWBD","Lake_type":1,"Grand_id":0,"Lake_area":0.65,"Shore_len":3.87,"Shore_dev":1.36,"Vol_total":1.05,"Vol_res":0.0,"Vol_src":3,"Depth_avg":1.6,"Dis_avg":0.154,"Res_time":78.6,"Elevation":61,"Slope_100":0.34,"Wshd_area":8.6,"Pour_long":85.338073,"Pour_lat":26.456826,"source_id":"hydrolakes:1383408","label":""},"geometry":{"type":"Polygon","coordinates":[[[85.32709194607253,26.462928602430736],[85.32930318196657,26.460954861111247],[85.33029222276508,26.461506618923863],[85.33132690429721,26.461589626736384],[85.33304128011116,26.460939127604377],[85.33412072075777,26.45968614366336],[85.33580827501117,26.45836452908003],[85.33667148166279,26.45884629991332],[85.338646884495,26.456606174045305],[85.33722222222275,26.456082899305727],[85.33570319281728,26.456640625000148],[85.33440222846195,26.456060112847354],[85.33399119059283,26.454695095486215],[85.33194444444496,26.452777777777953],[85.33080067952511,26.45312201605924],[85.32977888319266,26.454002549913298],[85.32830159505244,26.455888943142554],[85.32820627848355,26.45820285373287],[85.3259866672098,26.460886230468873],[85.32658938937766,26.46288818359386],[85.32709194607253,26.462928602430736]]]}},{"type":"Feature","id":"hydrolakes:1383412","properties":{"Hylak_id":1383412,"Lake_name":"","Country":"India","Continent":"Asia","Poly_src":"SWBD","Lake_type":1,"Grand_id":0,"Lake_area":0.37,"Shore_len":2.83,"Shore_dev":1.32,"Vol_total":0.73,"Vol_res":0.0,"Vol_src":3,"Depth_avg":2.0,"Dis_avg":0.035,"Res_time":241.3,"Elevation":61,"Slope_100":0.63,"Wshd_area":2.1,"Pour_long":85.007966,"Pour_lat":26.454949,"source_id":"hydrolakes:1383412","label":""},"geometry":{"type":"Polygon","coordinates":[[[85.0143108505676,26.45653320312516],[85.0150093883941,26.454739312066238],[85.01707803832193,26.453403320312702],[85.01594048817987,26.45237630208345],[85.01279271125838,26.45225151909733],[85.00921926021624,26.45299913194458],[85.00722222222254,26.451944444444564],[85.00598487893768,26.452180718316242],[85.00595706674818,26.45288248697932],[85.007980490526,26.45575249565985],[85.01032610522424,26.455659450955068],[85.0131335756517,26.457075466580022],[85.01400558153824,26.457109917534865],[85.0143108505676,26.45653320312516]]]}},{"type":"Feature","id":"hydrolakes:1383428","properties":{"Hylak_id":1383428,"Lake_name":"","Country":"India","Continent":"Asia","Poly_src":"SWBD","Lake_type":1,"Grand_id":0,"Lake_area":0.21,"Shore_len":2.63,"Shore_dev":1.63,"Vol_total":0.3,"Vol_res":0.0,"Vol_src":3,"Depth_avg":1.5,"Dis_avg":0.144,"Res_time":24.2,"Elevation":61,"Slope_100":0.39,"Wshd_area":8.6,"Pour_long":85.027083,"Pour_lat":26.430708,"source_id":"hydrolakes:1383428","label":""},"geometry":{"type":"Polygon","coordinates":[[[85.02873967064795,26.43098253038204],[85.0279138395527,26.430397135416968],[85.0269444444449,26.428611111111366],[85.02596323013341,26.429660644531452],[85.02405757480238,26.429507649739776],[85.02385504828612,26.431239691840403],[85.02521289401619,26.430482042101005],[85.02570076200738,26.43157552083352],[85.02700332005855,26.43215657552105],[85.02867769029439,26.43410020616335],[85.03037204742469,26.43555989583342],[85.031239670648,26.435213487413364],[85.03014921824177,26.433539225260517],[85.03151744842563,26.432991265191163],[85.0305915196742,26.4316853841147],[85.02873967064795,26.43098253038204]]]}},{"type":"Feature","id":"hydrolakes:1383435","properties":{"Hylak_id":1383435,"Lake_name":"","Country":"India","Continent":"Asia","Poly_src":"SWBD","Lake_type":1,"Grand_id":0,"Lake_area":0.21,"Shore_len":2.01,"Shore_dev":1.23,"Vol_total":0.31,"Vol_res":0.0,"Vol_src":3,"Depth_avg":1.5,"Dis_avg":5.937,"Res_time":0.6,"Elevation":67,"Slope_100":0.39,"Wshd_area":151.1,"Pour_long":87.774669,"Pour_lat":26.422385,"source_id":"hydrolakes:1383435","label":""},"geometry":{"type":"Polygon","coordinates":[[[87.77735324435832,26.42125786675365],[87.77722222222275,26.42111111111126],[87.77432535807344,26.421611056857728],[87.77425103081652,26.4228578016494],[87.7756865776916,26.424035644531557],[87.77723280164986,26.424513075086963],[87.77817925347284,26.4253586154515],[87.77846435546934,26.425980088975905],[87.77999945746586,26.426915418836927],[87.78096435546928,26.426053059895935],[87.78069200303878,26.424518229166722],[87.77807481553884,26.42158908420157],[87.77735324435832,26.42125786675365]]]}},{"type":"Feature","id":"hydrolakes:1383460","properties":{"Hylak_id":1383460,"Lake_name":"","Country":"India","Continent":"Asia","Poly_src":"SWBD","Lake_type":1,"Grand_id":0,"Lake_area":0.14,"Shore_len":1.96,"Shore_dev":1.46,"Vol_total":0.28,"Vol_res":0.0,"Vol_src":3,"Depth_avg":2.0,"Dis_avg":0.194,"Res_time":16.8,"Elevation":60,"Slope_100":0.82,"Wshd_area":11.5,"Pour_long":85.182362,"Pour_lat":26.395483,"source_id":"hydrolakes:1383460","label":""},"geometry":{"type":"Polygon","coordinates":[[[85.18321724785739,26.395450575087068],[85.18305555555605,26.395000000000152],[85.18170601738865,26.395180392795282],[85.18070493910102,26.396613769531427],[85.18178882175073,26.398608398437602],[85.18187388102251,26.400035264757094],[85.18098003811343,26.401680230034913],[85.18276070488878,26.40234809027794],[85.18343987358975,26.401098361545394],[85.18352342393695,26.39969645182299],[85.1831574334044,26.398676486545412],[85.18321724785739,26.395450575087068]]]}},{"type":"Feature","id":"hydrolakes:1383477","properties":{"Hylak_id":1383477,"Lake_name":"","Country":"India","Continent":"Asia","Poly_src":"SWBD","Lake_type":1,"Grand_id":0,"Lake_area":0.41,"Shore_len":3.97,"Shore_dev":1.75,"Vol_total":1.06,"Vol_res":0.0,"Vol_src":3,"Depth_avg":2.6,"Dis_avg":0.252,"Res_time":48.7,"Elevation":58,"Slope_100":1.05,"Wshd_area":15.0,"Pour_long":85.169956,"Pour_lat":26.382167,"source_id":"hydrolakes:1383477","label":""},"geometry":{"type":"Polygon","coordinates":[[[85.17099489000151,26.38296088324671],[85.17330803765225,26.38261583116332],[85.17571784125465,26.38257731119802],[85.17818915473123,26.384588758680707],[85.17980519612667,26.385411241319616],[85.17996086968367,26.384731716580006],[85.17898635864293,26.383403320312595],[85.17741121080246,26.381826714409897],[85.17416666666708,26.379722222222313],[85.17074534098339,26.38049099392373],[85.16820638020869,26.38213053385425],[85.16670800103134,26.384173177083483],[85.16486960517074,26.385619032118143],[85.16483413696324,26.386513943142518],[85.16648832533127,26.386947428385554],[85.1679325527619,26.386266004774484],[85.17099489000151,26.38296088324671]]]}},{"type":"Feature","id":"hydrolakes:1383533","properties":{"Hylak_id":1383533,"Lake_name":"","Country":"India","Continent":"Asia","Poly_src":"SWBD","Lake_type":1,"Grand_id":0,"Lake_area":0.41,"Shore_len":4.12,"Shore_dev":1.82,"Vol_total":0.89,"Vol_res":0.0,"Vol_src":3,"Depth_avg":2.2,"Dis_avg":0.072,"Res_time":143.2,"Elevation":58,"Slope_100":0.74,"Wshd_area":4.4,"Pour_long":85.151042,"Pour_lat":26.327985,"source_id":"hydrolakes:1383533","label":""},"geometry":{"type":"Polygon","coordinates":[[[85.14680026584239,26.32181098090308],[85.14666666666722,26.319722222222367],[85.1445886315243,26.319875488281525],[85.14488242255351,26.323836263021008],[85.14593596564453,26.325944824218936],[85.14851377699148,26.327373046875095],[85.14925760904993,26.328175726996676],[85.15620334201435,26.332633463541754],[85.15735582139797,26.332126736111206],[85.15622672186993,26.33074707031261],[85.15315795898482,26.328153754340406],[85.15204679701117,26.327629394531357],[85.14782574123853,26.324160698784908],[85.14680026584239,26.32181098090308]]]}},{"type":"Feature","id":"hydrolakes:1383542","properties":{"Hylak_id":1383542,"Lake_name":"","Country":"India","Continent":"Asia","Poly_src":"SWBD","Lake_type":1,"Grand_id":0,"Lake_area":0.36,"Shore_len":5.24,"Shore_dev":2.45,"Vol_total":0.78,"Vol_res":0.0,"Vol_src":3,"Depth_avg":2.1,"Dis_avg":0.065,"Res_time":139.2,"Elevation":59,"Slope_100":0.74,"Wshd_area":4.0,"Pour_long":85.162257,"Pour_lat":26.322463,"source_id":"hydrolakes:1383542","label":""},"geometry":{"type":"Polygon","coordinates":[[[85.1588582356776,26.31524495442727],[85.15638888888941,26.313611111111243],[85.15486195882227,26.313791503906373],[85.15003280639684,26.313503689236256],[85.14641233656187,26.314054361979345],[85.14536373562328,26.31462402343766],[85.14477761162692,26.315901150173772],[85.14510497199217,26.316242133246703],[85.14679773966503,26.314853244357835],[85.1521938578291,26.314591200086966],[85.15708263821136,26.31613335503488],[85.15932476467611,26.318642849392518],[85.16080164591517,26.319375813802253],[85.1613780381947,26.320020887586907],[85.16207551744299,26.323757866753567],[85.1624388122562,26.324426269531443],[85.16329379611585,26.323961859809174],[85.16287562052457,26.320420735677374],[85.16125781589125,26.31790879991331],[85.1588582356776,26.31524495442727]]]}},{"type":"Feature","id":"hydrolakes:1383562","properties":{"Hylak_id":1383562,"Lake_name":"","Country":"India","Continent":"Asia","Poly_src":"SWBD","Lake_type":1,"Grand_id":0,"Lake_area":0.66,"Shore_len":3.91,"Shore_dev":1.36,"Vol_total":1.28,"Vol_res":0.0,"Vol_src":3,"Depth_avg":1.9,"Dis_avg":1.859,"Res_time":8.0,"Elevation":52,"Slope_100":0.5,"Wshd_area":103.5,"Pour_long":85.597917,"Pour_lat":26.297917,"source_id":"hydrolakes:1383562","label":""},"geometry":{"type":"Polygon","coordinates":[[[85.6005792236333,26.30551459418433],[85.60310384114626,26.303271755642527],[85.60263041178439,26.302352701823054],[85.6020673963763,26.30236436631975],[85.60028659396738,26.30115722656268],[85.60176344129815,26.298978407118284],[85.59924214681041,26.297755262586975],[85.59833333333376,26.29555555555561],[85.59686475965782,26.29571506076411],[85.59595926920616,26.298494466145996],[85.59426099989207,26.29960801866332],[85.59153401692748,26.299552408854254],[85.59376885308205,26.30240858289943],[85.59376112196219,26.304433322482794],[85.59675381130694,26.305277506510492],[85.59832180447091,26.304214680989674],[85.6005792236333,26.30551459418433]]]}},{"type":"Feature","id":"hydrolakes:1383578","properties":{"Hylak_id":1383578,"Lake_name":"","Country":"India","Continent":"Asia","Poly_src":"SWBD","Lake_type":1,"Grand_id":0,"Lake_area":0.22,"Shore_len":1.86,"Shore_dev":1.12,"Vol_total":0.37,"Vol_res":0.0,"Vol_src":3,"Depth_avg":1.7,"Dis_avg":0.096,"Res_time":44.9,"Elevation":59,"Slope_100":0.54,"Wshd_area":6.2,"Pour_long":85.044676,"Pour_lat":26.281261,"source_id":"hydrolakes:1383578","label":""},"geometry":{"type":"Polygon","coordinates":[[[85.04965796576647,26.279247504340447],[85.04916666666713,26.278611111111275],[85.04715978410542,26.27874430338568],[85.04488348219166,26.27966118706621],[85.04409334394705,26.280270996093805],[85.04351780361662,26.28224500868066],[85.04475337134494,26.282730577257098],[85.04975779215528,26.28162516276052],[85.05067656199185,26.28038601345503],[85.0504345491201,26.279565429687636],[85.04965796576647,26.279247504340447]]]}},{"type":"Feature","id":"hydrolakes:1383594","properties":{"Hylak_id":1383594,"Lake_name":"","Country":"India","Continent":"Asia","Poly_src":"SWBD","Lake_type":1,"Grand_id":0,"Lake_area":0.43,"Shore_len":4.17,"Shore_dev":1.8,"Vol_total":0.69,"Vol_res":0.0,"Vol_src":3,"Depth_avg":1.6,"Dis_avg":0.235,"Res_time":34.2,"Elevation":58,"Slope_100":0.4,"Wshd_area":15.0,"Pour_long":85.087852,"Pour_lat":26.262906,"source_id":"hydrolakes:1383594","label":""},"geometry":{"type":"Polygon","coordinates":[[[85.08207551744295,26.263742133246637],[85.08274942186182,26.26320231119803],[85.08374218410955,26.264313422309215],[85.08441608852854,26.264575466580027],[85.0882664998378,26.263153483073097],[85.08818049112989,26.261710340711943],[85.08491908603281,26.25884955512163],[85.08333333333366,26.257777777777903],[85.08176616244896,26.258227810330027],[85.08179583231646,26.25988525390636],[85.08115811665903,26.259847276475853],[85.07930321587503,26.259035644531366],[85.07848003811353,26.260604654948054],[85.07968165927497,26.26232503255227],[85.08087752448222,26.262631022135565],[85.08290885077628,26.260964355468843],[85.08405214945509,26.260702311198088],[85.08401065402609,26.261398383246615],[85.08237653096569,26.262858615451478],[85.07954171074795,26.263190646701617],[85.07959393819209,26.26406684027802],[85.08167967054624,26.265024142795426],[85.08207551744295,26.263742133246637]]]}},{"type":"Feature","id":"hydrolakes:1383599","properties":{"Hylak_id":1383599,"Lake_name":"","Country":"India","Continent":"Asia","Poly_src":"SWBD","Lake_type":1,"Grand_id":0,"Lake_area":0.14,"Shore_len":1.65,"Shore_dev":1.23,"Vol_total":0.19,"Vol_res":0.0,"Vol_src":3,"Depth_avg":1.3,"Dis_avg":0.474,"Res_time":4.6,"Elevation":32,"Slope_100":0.34,"Wshd_area":11.9,"Pour_long":89.753939,"Pour_lat":26.253278,"source_id":"hydrolakes:1383599","label":""},"geometry":{"type":"Polygon","coordinates":[[[89.7567903645841,26.252654351128626],[89.75666666666757,26.25250000000011],[89.75406684027854,26.252635091145976],[89.75348741319516,26.25309922960082],[89.75423177083411,26.25426893446189],[89.75783094618129,26.25512342664939],[89.76000922309117,26.254762369791877],[89.76066677517434,26.253643663194623],[89.75942057291735,26.2529109700522],[89.7567903645841,26.252654351128626]]]}},{"type":"Feature","id":"hydrolakes:1383601","properties":{"Hylak_id":1383601,"Lake_name":"","Country":"India","Continent":"Asia","Poly_src":"SWBD","Lake_type":1,"Grand_id":0,"Lake_area":0.32,"Shore_len":3.59,"Shore_dev":1.78,"Vol_total":0.47,"Vol_res":0.0,"Vol_src":3,"Depth_avg":1.4,"Dis_avg":0.113,"Res_time":47.8,"Elevation":59,"Slope_100":0.34,"Wshd_area":7.3,"Pour_long":85.040662,"Pour_lat":26.25118,"source_id":"hydrolakes:1383601","label":""},"geometry":{"type":"Polygon","coordinates":[[[85.04779854244703,26.254418945312636],[85.04693170759458,26.252476399739805],[85.04542103237617,26.25303114149324],[85.04320781707816,26.25252848307315],[85.0438007990524,26.25146565755233],[85.04376177893789,26.249575737847238],[85.04324167887421,26.248643391927203],[85.04324579450855,26.24658311631964],[85.04277777777804,26.24583333333345],[85.04203435685952,26.246057128906443],[85.04210475497808,26.246933322482732],[85.04157912784194,26.249246961805795],[85.04042699601956,26.2501491970487],[85.03828470654003,26.25063585069455],[85.03764921824188,26.25118353949682],[85.03811167187212,26.25232096354182],[85.03880815506034,26.252376844618254],[85.03986234453026,26.25178873697945],[85.04267965104896,26.25380262586816],[85.0469542312627,26.255406358507116],[85.04779854244703,26.254418945312636]]]}},{"type":"Feature","id":"hydrolakes:1383615","properties":{"Hylak_id":1383615,"Lake_name":"","Country":"India","Continent":"Asia","Poly_src":"SWBD","Lake_type":1,"Grand_id":0,"Lake_area":0.12,"Shore_len":1.57,"Shore_dev":1.27,"Vol_total":0.16,"Vol_res":0.0,"Vol_src":3,"Depth_avg":1.4,"Dis_avg":0.258,"Res_time":7.4,"Elevation":55,"Slope_100":0.41,"Wshd_area":15.0,"Pour_long":85.499783,"Pour_lat":26.243307,"source_id":"hydrolakes:1383615","label":""},"geometry":{"type":"Polygon","coordinates":[[[85.50574917263509,26.24296305338555],[85.50464155409105,26.24252766927094],[85.50284667968788,26.24279296875011],[85.50111111111164,26.241944444444528],[85.49988087972054,26.242094726562698],[85.4993641493059,26.243866916232832],[85.50037041558204,26.24447374131961],[85.50144019232903,26.244631890191215],[85.50564242892847,26.243685438368175],[85.50574917263509,26.24296305338555]]]}},{"type":"Feature","id":"hydrolakes:1383616","properties":{"Hylak_id":1383616,"Lake_name":"","Country":"India","Continent":"Asia","Poly_src":"SWBD","Lake_type":1,"Grand_id":0,"Lake_area":0.11,"Shore_len":1.84,"Shore_dev":1.59,"Vol_total":0.11,"Vol_res":0.0,"Vol_src":3,"Depth_avg":1.0,"Dis_avg":0.007,"Res_time":179.3,"Elevation":55,"Slope_100":0.23,"Wshd_area":0.4,"Pour_long":85.572159,"Pour_lat":26.242631,"source_id":"hydrolakes:1383616","label":""},"geometry":{"type":"Polygon","coordinates":[[[85.573637220595,26.242782118055743],[85.57333333333378,26.241388888889162],[85.5720401000982,26.241835666232816],[85.56879872640019,26.2415749782989],[85.56665228949697,26.2426923285592],[85.56626034206863,26.24331434461817],[85.56691060384162,26.24373969184046],[85.56829050699906,26.242969835069516],[85.57056016710123,26.24264919704865],[85.57189483642628,26.2440174696182],[85.573637220595,26.242782118055743]]]}},{"type":"Feature","id":"hydrolakes:1383625","properties":{"Hylak_id":1383625,"Lake_name":"","Country":"India","Continent":"Asia","Poly_src":"SWBD","Lake_type":1,"Grand_id":0,"Lake_area":0.21,"Shore_len":3.31,"Shore_dev":2.03,"Vol_total":0.33,"Vol_res":0.0,"Vol_src":3,"Depth_avg":1.6,"Dis_avg":0.099,"Res_time":38.8,"Elevation":56,"Slope_100":0.46,"Wshd_area":6.0,"Pour_long":85.348948,"Pour_lat":26.236886,"source_id":"hydrolakes:1383625","label":""},"geometry":{"type":"Polygon","coordinates":[[[85.35426995171497,26.24122721354189],[85.35684214274136,26.23834852430565],[85.35647033691447,26.236256239149384],[85.3555555555559,26.235000000000184],[85.35457553439704,26.235131022135533],[85.35431335449289,26.235467936198006],[85.35553873697978,26.236562771267472],[85.35540513780438,26.238804796007116],[85.35474836561451,26.239391547309253],[85.35361626519159,26.239911024305684],[85.35252861870697,26.239846191406343],[85.35089236789332,26.2369186740454],[85.34971181233777,26.23616780598968],[85.34818840874601,26.236258680555693],[85.34764668782594,26.237303331163446],[85.35301835801903,26.241301812066183],[85.35426995171497,26.24122721354189]]]}},{"type":"Feature","id":"hydrolakes:1383649","properties":{"Hylak_id":1383649,"Lake_name":"","Country":"India","Continent":"Asia","Poly_src":"SWBD","Lake_type":1,"Grand_id":0,"Lake_area":0.22,"Shore_len":4.37,"Shore_dev":2.62,"Vol_total":0.31,"Vol_res":0.0,"Vol_src":3,"Depth_avg":1.4,"Dis_avg":0.169,"Res_time":20.9,"Elevation":55,"Slope_100":0.35,"Wshd_area":10.2,"Pour_long":85.349621,"Pour_lat":26.214105,"source_id":"hydrolakes:1383649","label":""},"geometry":{"type":"Polygon","coordinates":[[[85.35540632459896,26.21209364149314],[85.35361111111155,26.210833333333483],[85.35073716905418,26.210972764757116],[85.34940728081665,26.211373155382034],[85.34903811984645,26.21459364149314],[85.34848256429086,26.215589463975903],[85.34984022352478,26.21573296440988],[85.35023980034771,26.2118158637154],[85.35391740587062,26.21213487413206],[85.3563666449657,26.21366889105917],[85.35873965793229,26.215713433159863],[85.35842685275657,26.21671685112858],[85.35598256429074,26.217867296007057],[85.35633083767414,26.21870062934039],[85.35797532823403,26.218832736545266],[85.3589992268885,26.21837592230912],[85.35964301215347,26.215802137587048],[85.35832665337512,26.213968912760663],[85.35626034206871,26.212350802951505],[85.35540632459896,26.21209364149314]]]}},{"type":"Feature","id":"hydrolakes:1383657","properties":{"Hylak_id":1383657,"Lake_name":"","Country":"India","Continent":"Asia","Poly_src":"SWBD","Lake_type":1,"Grand_id":0,"Lake_area":0.35,"Shore_len":3.9,"Shore_dev":1.85,"Vol_total":0.72,"Vol_res":0.0,"Vol_src":3,"Depth_avg":2.0,"Dis_avg":0.041,"Res_time":202.6,"Elevation":55,"Slope_100":0.68,"Wshd_area":2.5,"Pour_long":85.323958,"Pour_lat":26.205611,"source_id":"hydrolakes:1383657","label":""},"geometry":{"type":"Polygon","coordinates":[[[85.32689890543662,26.211173502604254],[85.32644083658909,26.206392957899425],[85.32597751193617,26.205411241319553],[85.32333333333366,26.202500000000157],[85.3198664008251,26.20286892361122],[85.32015116373731,26.204109700520974],[85.32317728678436,26.207375759548768],[85.32480160183422,26.20670844184042],[85.32543490939707,26.207905273437632],[85.32479637993754,26.215262858073118],[85.32525970459022,26.216244574652876],[85.32592203776102,26.215842556423695],[85.32689890543662,26.211173502604254]]]}},{"type":"Feature","id":"hydrolakes:1383668","properties":{"Hylak_id":1383668,"Lake_name":"","Country":"India","Continent":"Asia","Poly_src":"SWBD","Lake_type":1,"Grand_id":0,"Lake_area":0.19,"Shore_len":1.99,"Shore_dev":1.29,"Vol_total":0.25,"Vol_res":0.0,"Vol_src":3,"Depth_avg":1.3,"Dis_avg":0.052,"Res_time":56.0,"Elevation":56,"Slope_100":0.33,"Wshd_area":3.3,"Pour_long":85.238161,"Pour_lat":26.195962,"source_id":"hydrolakes:1383668","label":""},"geometry":{"type":"Polygon","coordinates":[[[85.23852584838909,26.19516574435778],[85.23720932006893,26.194031575521024],[85.2359825473365,26.19207302517384],[85.23444444444499,26.19027777777785],[85.23344226413349,26.190460611979233],[85.2334838528107,26.190978190104317],[85.23283462524466,26.193145616319555],[85.23288586086744,26.19482774522595],[85.23353442721964,26.195189615885567],[85.23572394477048,26.195013834635574],[85.23844116210995,26.196219889323004],[85.23852584838909,26.19516574435778]]]}},{"type":"Feature","id":"hydrolakes:1383672","properties":{"Hylak_id":1383672,"Lake_name":"","Country":"India","Continent":"Asia","Poly_src":"SWBD","Lake_type":1,"Grand_id":0,"Lake_area":0.21,"Shore_len":2.28,"Shore_dev":1.41,"Vol_total":0.24,"Vol_res":0.0,"Vol_src":3,"Depth_avg":1.1,"Dis_avg":0.497,"Res_time":5.5,"Elevation":56,"Slope_100":0.23,"Wshd_area":32.2,"Pour_long":85.08247,"Pour_lat":26.190942,"source_id":"hydrolakes:1383672","label":""},"geometry":{"type":"Polygon","coordinates":[[[85.08805924309655,26.188544108073017],[85.08777777777817,26.18777777777791],[85.08690158420188,26.187937554253608],[85.08280136956148,26.189894205729274],[85.08101009792802,26.191437445746658],[85.08043279859788,26.193546820746633],[85.0817982143829,26.194514973958462],[85.08348304748586,26.192559407552267],[85.08575179206048,26.191547037760643],[85.08564954121971,26.190274522569666],[85.08805924309655,26.188544108073017]]]}},{"type":"Feature","id":"hydrolakes:1383673","properties":{"Hylak_id":1383673,"Lake_name":"","Country":"India","Continent":"Asia","Poly_src":"SWBD","Lake_type":1,"Grand_id":0,"Lake_area":0.22,"Shore_len":2.91,"Shore_dev":1.74,"Vol_total":0.29,"Vol_res":0.0,"Vol_src":3,"Depth_avg":1.3,"Dis_avg":0.614,"Res_time":5.5,"Elevation":35,"Slope_100":0.31,"Wshd_area":15.8,"Pour_long":89.547173,"Pour_lat":26.190548,"source_id":"hydrolakes:1383673","label":""},"geometry":{"type":"Polygon","coordinates":[[[89.54878689236187,26.190215657552244],[89.54690592447986,26.189813639323006],[89.54330756293479,26.189912380642454],[89.5403594292543,26.189022081163444],[89.53821207682364,26.1874633789065],[89.53750000000082,26.18666666666678],[89.53653564453197,26.186964518229388],[89.53714572482727,26.18855224609382],[89.53919460720567,26.190295138888985],[89.54183756510491,26.191557345920216],[89.54873670790016,26.191058485243218],[89.54878689236187,26.190215657552244]]]}},{"type":"Feature","id":"hydrolakes:1383674","properties":{"Hylak_id":1383674,"Lake_name":"","Country":"India","Continent":"Asia","Poly_src":"SWBD","Lake_type":1,"Grand_id":0,"Lake_area":0.22,"Shore_len":3.79,"Shore_dev":2.26,"Vol_total":0.29,"Vol_res":0.0,"Vol_src":3,"Depth_avg":1.3,"Dis_avg":0.108,"Res_time":30.7,"Elevation":55,"Slope_100":0.3,"Wshd_area":6.5,"Pour_long":85.369996,"Pour_lat":26.189631,"source_id":"hydrolakes:1383674","label":""},"geometry":{"type":"Polygon","coordinates":[[[85.3708337063265,26.189396158854322],[85.36944444444481,26.18750000000017],[85.36860951741579,26.18775146484387],[85.36985076904335,26.189976128472324],[85.36943976508303,26.194249131944616],[85.36764339870916,26.198218858507232],[85.36599287245065,26.200853949652924],[85.36431589762407,26.201602376302162],[85.36621968587275,26.20152886284734],[85.36776991102477,26.200635308159804],[85.36873965793234,26.198461914062648],[85.37095106336841,26.194985622830018],[85.37123965793222,26.1913937717016],[85.3708337063265,26.189396158854322]]]}},{"type":"Feature","id":"hydrolakes:1383678","properties":{"Hylak_id":1383678,"Lake_name":"","Country":"India","Continent":"Asia","Poly_src":"SWBD","Lake_type":1,"Grand_id":0,"Lake_area":0.54,"Shore_len":4.29,"Shore_dev":1.65,"Vol_total":0.93,"Vol_res":0.0,"Vol_src":3,"Depth_avg":1.7,"Dis_avg":0.217,"Res_time":49.4,"Elevation":53,"Slope_100":0.41,"Wshd_area":13.1,"Pour_long":85.39237,"Pour_lat":26.187167,"source_id":"hydrolakes:1383678","label":""},"geometry":{"type":"Polygon","coordinates":[[[85.39762854682118,26.195575086805718],[85.39737145317969,26.19401746961813],[85.39609205457964,26.192470703125082],[85.39651743571,26.191517469618134],[85.39790632459886,26.191099175347347],[85.3972411092127,26.19002522786468],[85.39414401584253,26.187193739149563],[85.38924506293444,26.186199001736327],[85.38781561957512,26.18631401909738],[85.3863718329539,26.18566975911466],[85.38555555555598,26.18472222222232],[85.38515584309931,26.185066460503663],[85.38506907145234,26.1861466471355],[85.3856077067062,26.18677191840294],[85.3870936754019,26.187628580729324],[85.39040632459898,26.190149197048697],[85.39202131483341,26.190443793402892],[85.39241505940794,26.19175157335087],[85.39350975884383,26.192081163194587],[85.39407562255917,26.194571940104254],[85.39457970513286,26.19515706380224],[85.39558939615938,26.194593641493327],[85.39619978163017,26.19499294704889],[85.3967561170794,26.196239691840447],[85.39762854682118,26.195575086805718]]]}},{"type":"Feature","id":"hydrolakes:1383683","properties":{"Hylak_id":1383683,"Lake_name":"","Country":"India","Continent":"Asia","Poly_src":"SWBD","Lake_type":1,"Grand_id":0,"Lake_area":0.51,"Shore_len":5.51,"Shore_dev":2.18,"Vol_total":0.78,"Vol_res":0.0,"Vol_src":3,"Depth_avg":1.5,"Dis_avg":0.605,"Res_time":14.9,"Elevation":56,"Slope_100":0.33,"Wshd_area":39.1,"Pour_long":85.09658,"Pour_lat":26.183659,"source_id":"hydrolakes:1383683","label":""},"geometry":{"type":"Polygon","coordinates":[[[85.09235057406994,26.184597167968832],[85.09423838297567,26.183012424045273],[85.09657701280435,26.184217393663346],[85.09819166395454,26.182913953993193],[85.09983520507848,26.182380642361352],[85.10040765550445,26.181830512152942],[85.10044751485236,26.17987765842031],[85.09901698642346,26.17929714626763],[85.09597500271303,26.1792857530383],[85.09700652228514,26.180604383680645],[85.09296835157659,26.181525065104324],[85.09181887308807,26.181012098524377],[85.09402010599803,26.18065375434037],[85.09403688218913,26.17983181423631],[85.09277777777822,26.178611111111195],[85.08755543179029,26.179402126736193],[85.08597500271321,26.18092041015649],[85.08625188191786,26.18125840928832],[85.08763565063515,26.181230197482876],[85.08764329698397,26.181604817708433],[85.08541944715762,26.182146809895926],[85.08583993699852,26.182911241319573],[85.08705563015462,26.182935926649463],[85.09038676791772,26.179863823784956],[85.091204859416,26.180581325955018],[85.09026963975731,26.183313530816065],[85.09148611280688,26.184579535590558],[85.09235057406994,26.184597167968832]]]}},{"type":"Feature","id":"hydrolakes:1383684","properties":{"Hylak_id":1383684,"Lake_name":"","Country":"India","Continent":"Asia","Poly_src":"SWBD","Lake_type":1,"Grand_id":0,"Lake_area":0.28,"Shore_len":2.29,"Shore_dev":1.23,"Vol_total":0.46,"Vol_res":0.0,"Vol_src":3,"Depth_avg":1.7,"Dis_avg":0.037,"Res_time":143.4,"Elevation":55,"Slope_100":0.48,"Wshd_area":2.3,"Pour_long":85.197631,"Pour_lat":26.18367,"source_id":"hydrolakes:1383684","label":""},"geometry":{"type":"Polygon","coordinates":[[[85.1972359381785,26.178319498698045],[85.1963888888892,26.177222222222326],[85.195441911486,26.177383083767438],[85.19329908582932,26.17882486979181],[85.19274166531079,26.180242784288396],[85.1940098910867,26.181267903645903],[85.1957952033153,26.181644694010515],[85.1974297078454,26.182313639323013],[85.1971892462841,26.183940700954963],[85.19837558322519,26.184116210937646],[85.19935012817439,26.182801649305702],[85.19922346327093,26.181944444444525],[85.19950078328503,26.180067816840392],[85.1972359381785,26.178319498698045]]]}},{"type":"Feature","id":"hydrolakes:1383694","properties":{"Hylak_id":1383694,"Lake_name":"","Country":"India","Continent":"Asia","Poly_src":"SWBD","Lake_type":1,"Grand_id":0,"Lake_area":0.14,"Shore_len":2.64,"Shore_dev":1.95,"Vol_total":0.17,"Vol_res":0.0,"Vol_src":3,"Depth_avg":1.2,"Dis_avg":0.031,"Res_time":64.6,"Elevation":55,"Slope_100":0.29,"Wshd_area":1.9,"Pour_long":85.218499,"Pour_lat":26.175774,"source_id":"hydrolakes:1383694","label":""},"geometry":{"type":"Polygon","coordinates":[[[85.22077104356606,26.173828125000284],[85.22165105183961,26.173123372396105],[85.22253012763161,26.173232693142495],[85.22339686075895,26.174315049913275],[85.22600223117456,26.174567871093984],[85.22706797281955,26.17356743706614],[85.22460242377423,26.172862413194594],[85.22355368720201,26.172992892795264],[85.22333333333381,26.17222222222233],[85.22225023057769,26.172468261718848],[85.2206818644209,26.172273220486204],[85.21981418185817,26.173356662326455],[85.21815029568188,26.174367404514044],[85.21821277194613,26.174869520399454],[85.21762352837499,26.176234537760706],[85.21759382459902,26.17706787109387],[85.21900138007305,26.17603976779526],[85.22077104356606,26.173828125000284]]]}},{"type":"Feature","id":"hydrolakes:1383696","properties":{"Hylak_id":1383696,"Lake_name":"","Country":"India","Continent":"Asia","Poly_src":"SWBD","Lake_type":1,"Grand_id":0,"Lake_area":0.35,"Shore_len":2.73,"Shore_dev":1.3,"Vol_total":0.65,"Vol_res":0.0,"Vol_src":3,"Depth_avg":1.9,"Dis_avg":0.086,"Res_time":87.2,"Elevation":47,"Slope_100":0.56,"Wshd_area":2.5,"Pour_long":87.693308,"Pour_lat":26.172728,"source_id":"hydrolakes:1383696","label":""},"geometry":{"type":"Polygon","coordinates":[[[87.69292453342086,26.16790879991339],[87.69194444444503,26.166111111111206],[87.69124213324704,26.16624213324667],[87.69087890625059,26.167418891059185],[87.68959120008753,26.169080403645978],[87.69057915581658,26.171613769531405],[87.68914116753547,26.173469509548852],[87.69034912109441,26.175948893229304],[87.69186008029578,26.17489339192724],[87.69452175564311,26.174396701388957],[87.69494873046932,26.1736111111112],[87.69417914496603,26.172195095486245],[87.69292453342086,26.16790879991339]]]}},{"type":"Feature","id":"hydrolakes:1383699","properties":{"Hylak_id":1383699,"Lake_name":"","Country":"Bangladesh","Continent":"Asia","Poly_src":"SWBD","Lake_type":1,"Grand_id":0,"Lake_area":0.45,"Shore_len":3.0,"Shore_dev":1.26,"Vol_total":0.75,"Vol_res":0.0,"Vol_src":3,"Depth_avg":1.7,"Dis_avg":0.691,"Res_time":12.5,"Elevation":52,"Slope_100":0.41,"Wshd_area":18.5,"Pour_long":89.051068,"Pour_lat":26.169413,"source_id":"hydrolakes:1383699","label":""},"geometry":{"type":"Polygon","coordinates":[[[89.04906222873336,26.174722222222385],[89.04885470920209,26.173052029079997],[89.05196560329927,26.171408691406384],[89.05262342665014,26.170289442274452],[89.05211588541732,26.168806966146064],[89.0494444444451,26.1666666666668],[89.04818386501825,26.16688612196191],[89.04583170572982,26.16831488715303],[89.04599066840348,26.16959337022581],[89.04543212890695,26.171265462239717],[89.04459879557379,26.17240614149324],[89.04629421658052,26.174108615451644],[89.04732177734456,26.173980848524536],[89.04801486545216,26.176512315538446],[89.04896620008765,26.175495062934203],[89.04906222873336,26.174722222222385]]]}},{"type":"Feature","id":"hydrolakes:1383700","properties":{"Hylak_id":1383700,"Lake_name":"","Country":"India","Continent":"Asia","Poly_src":"SWBD","Lake_type":1,"Grand_id":0,"Lake_area":0.93,"Shore_len":4.84,"Shore_dev":1.41,"Vol_total":1.91,"Vol_res":0.0,"Vol_src":3,"Depth_avg":2.1,"Dis_avg":0.244,"Res_time":90.8,"Elevation":47,"Slope_100":0.5,"Wshd_area":11.8,"Pour_long":86.349726,"Pour_lat":26.166895,"source_id":"hydrolakes:1383700","label":""},"geometry":{"type":"Polygon","coordinates":[[[86.3656297471793,26.16775960286469],[86.36379421658057,26.167234700521078],[86.36208333333383,26.167447374132223],[86.35848876953185,26.167276746961875],[86.35726576063428,26.165749511718957],[86.35527777777838,26.164722222222338],[86.35316623263935,26.16532552083345],[86.35036078559085,26.164976399739658],[86.34867648654563,26.165457356771014],[86.347931993273,26.16620496961815],[86.34957153320374,26.166895887586975],[86.35138943142402,26.16916612413206],[86.35379163954059,26.171089680989724],[86.35491712782175,26.173760579427153],[86.3559099663633,26.175119900173684],[86.35889634874178,26.174232584635547],[86.35863742404564,26.172150336371658],[86.35932861328166,26.170974392361302],[86.36306884765679,26.170699869791747],[86.36509155273478,26.169922146267538],[86.3660479058164,26.169223632812646],[86.3656297471793,26.16775960286469]]]}},{"type":"Feature","id":"hydrolakes:1383702","properties":{"Hylak_id":1383702,"Lake_name":"","Country":"India","Continent":"Asia","Poly_src":"SWBD","Lake_type":1,"Grand_id":0,"Lake_area":0.25,"Shore_len":1.99,"Shore_dev":1.13,"Vol_total":0.43,"Vol_res":0.0,"Vol_src":3,"Depth_avg":1.7,"Dis_avg":42.371,"Res_time":0.1,"Elevation":47,"Slope_100":0.54,"Wshd_area":1127.5,"Pour_long":87.70625,"Pour_lat":26.165229,"source_id":"hydrolakes:1383702","label":""},"geometry":{"type":"Polygon","coordinates":[[[87.70817898220554,26.16265435112865],[87.70805555555609,26.162500000000136],[87.70691324869864,26.162698838975928],[87.70589057074704,26.164382595486245],[87.70320990668478,26.166422526041913],[87.70353162977494,26.167664930555702],[87.70625922309085,26.16800428602437],[87.70887478298675,26.16694146050355],[87.71012342665,26.164816894531327],[87.70984998915003,26.163925781250157],[87.70817898220554,26.16265435112865]]]}},{"type":"Feature","id":"hydrolakes:1383706","properties":{"Hylak_id":1383706,"Lake_name":"","Country":"India","Continent":"Asia","Poly_src":"SWBD","Lake_type":1,"Grand_id":0,"Lake_area":0.44,"Shore_len":3.25,"Shore_dev":1.38,"Vol_total":0.88,"Vol_res":0.0,"Vol_src":3,"Depth_avg":2.0,"Dis_avg":0.432,"Res_time":23.5,"Elevation":46,"Slope_100":0.58,"Wshd_area":20.8,"Pour_long":86.339783,"Pour_lat":26.162394,"source_id":"hydrolakes:1383706","label":""},"geometry":{"type":"Polygon","coordinates":[[[86.34599582248308,26.168317328559226],[86.34557142469663,26.16690809461818],[86.34483384874176,26.166496582031414],[86.3435755750873,26.166597493489746],[86.34264919704907,26.165799424913303],[86.34306437174553,26.16516465928845],[86.34444919162371,26.164747721354274],[86.34531155056482,26.163531358507214],[86.34395114474898,26.16256700303836],[86.34204142252668,26.162720269097406],[86.34000000000043,26.162222222222397],[86.33935953776091,26.1624150933161],[86.3386698404953,26.164485405816094],[86.33835110134595,26.168451334635506],[86.33924329969682,26.168522949218925],[86.34031168619856,26.167926974826457],[86.34181586371585,26.168739691840415],[86.34400309244842,26.170658094618148],[86.34594197591218,26.168987630208505],[86.34599582248308,26.168317328559226]]]}},{"type":"Feature","id":"hydrolakes:1383709","properties":{"Hylak_id":1383709,"Lake_name":"","Country":"India","Continent":"Asia","Poly_src":"SWBD","Lake_type":1,"Grand_id":0,"Lake_area":0.19,"Shore_len":2.1,"Shore_dev":1.36,"Vol_total":0.13,"Vol_res":0.0,"Vol_src":3,"Depth_avg":0.7,"Dis_avg":0.067,"Res_time":22.8,"Elevation":55,"Slope_100":0.09,"Wshd_area":4.2,"Pour_long":85.182744,"Pour_lat":26.161172,"source_id":"hydrolakes:1383709","label":""},"geometry":{"type":"Polygon","coordinates":[[[85.18760833740276,26.163826226128606],[85.18770606146973,26.16136094835076],[85.18638888888938,26.158888888889066],[85.18473163180931,26.159333496093893],[85.18097751193608,26.161070963541817],[85.18361111111165,26.16258978949668],[85.18508297390474,26.161810980902885],[85.18581068250921,26.16238444010429],[85.18641723632851,26.16430013020846],[85.18760833740276,26.163826226128606]]]}},{"type":"Feature","id":"hydrolakes:1383713","properties":{"Hylak_id":1383713,"Lake_name":"","Country":"India","Continent":"Asia","Poly_src":"SWBD","Lake_type":1,"Grand_id":0,"Lake_area":0.51,"Shore_len":3.93,"Shore_dev":1.56,"Vol_total":0.77,"Vol_res":0.0,"Vol_src":3,"Depth_avg":1.5,"Dis_avg":1.819,"Res_time":4.9,"Elevation":54,"Slope_100":0.33,"Wshd_area":116.7,"Pour_long":85.163599,"Pour_lat":26.159803,"source_id":"hydrolakes:1383713","label":""},"geometry":{"type":"Polygon","coordinates":[[[85.16183553059938,26.16134792751751],[85.16403600056998,26.161261935764003],[85.16489144219338,26.160655381944594],[85.16476172553206,26.159040798611215],[85.16429523044212,26.158204752604377],[85.16403810289216,26.156662326388982],[85.16552171495289,26.156260308159915],[85.16662495931024,26.156875813802117],[85.16786337958501,26.156776258680736],[85.16632546318965,26.154916992187623],[85.1669662984217,26.153768446180777],[85.16583333333375,26.152222222222292],[85.16402267456095,26.152406955295305],[85.1621040005158,26.153909505208446],[85.16111565483976,26.154350585937607],[85.1601763746479,26.154275173611325],[85.15822942098015,26.155094943576557],[85.15792699178093,26.15717285156262],[85.15938486735081,26.15929524739596],[85.16026816474101,26.157315809461977],[85.1611815049917,26.15738905164943],[85.16183553059938,26.16134792751751]]]}},{"type":"Feature","id":"hydrolakes:1383714","properties":{"Hylak_id":1383714,"Lake_name":"","Country":"India","Continent":"Asia","Poly_src":"SWBD","Lake_type":1,"Grand_id":0,"Lake_area":0.34,"Shore_len":3.51,"Shore_dev":1.71,"Vol_total":0.47,"Vol_res":0.0,"Vol_src":3,"Depth_avg":1.4,"Dis_avg":0.012,"Res_time":451.0,"Elevation":56,"Slope_100":0.31,"Wshd_area":0.8,"Pour_long":85.082598,"Pour_lat":26.156886,"source_id":"hydrolakes:1383714","label":""},"geometry":{"type":"Polygon","coordinates":[[[85.08155654907273,26.162358398437675],[85.08596778869668,26.15993977864599],[85.08598066541936,26.159308539496635],[85.08442528618752,26.159276801215412],[85.08219461229152,26.16096950954875],[85.08181697421645,26.160068088107778],[85.08513610839896,26.15763617621542],[85.08623304579027,26.157103949652935],[85.08741172790559,26.15516031901052],[85.08583333333371,26.153611111111275],[85.08354161580456,26.153783637152856],[85.08176907009602,26.156861436632084],[85.08097500271305,26.159308268229324],[85.07986389160197,26.160772569444532],[85.08155654907273,26.162358398437675]]]}},{"type":"Feature","id":"hydrolakes:1383723","properties":{"Hylak_id":1383723,"Lake_name":"","Country":"India","Continent":"Asia","Poly_src":"SWBD","Lake_type":1,"Grand_id":0,"Lake_area":0.3,"Shore_len":3.69,"Shore_dev":1.91,"Vol_total":0.38,"Vol_res":0.0,"Vol_src":3,"Depth_avg":1.3,"Dis_avg":0.059,"Res_time":73.6,"Elevation":49,"Slope_100":0.27,"Wshd_area":3.1,"Pour_long":85.980208,"Pour_lat":26.148293,"source_id":"hydrolakes:1383723","label":""},"geometry":{"type":"Polygon","coordinates":[[[85.99037855360302,26.149048665364717],[85.9868057590067,26.14596706814251],[85.985499538846,26.14695827908008],[85.98456976996573,26.14483235677102],[85.98459710015254,26.143492296007025],[85.98333333333392,26.14250000000021],[85.98257439507421,26.14274631076404],[85.9812413194449,26.145409071180723],[85.98126356336849,26.146496582031318],[85.98056111653705,26.147227647569594],[85.97903455946232,26.14772325303835],[85.97900844997872,26.149002007378613],[85.97970547146326,26.149727376302167],[85.98169257270024,26.147818196614708],[85.98253099229657,26.146539442274445],[85.98453057183212,26.147894965277942],[85.98547675238757,26.14821885850705],[85.98755628797801,26.148176269531405],[85.98964002821225,26.149858398437573],[85.99037855360302,26.149048665364717]]]}},{"type":"Feature","id":"hydrolakes:1383725","properties":{"Hylak_id":1383725,"Lake_name":"","Country":"India","Continent":"Asia","Poly_src":"SWBD","Lake_type":1,"Grand_id":0,"Lake_area":0.22,"Shore_len":1.88,"Shore_dev":1.12,"Vol_total":0.37,"Vol_res":0.0,"Vol_src":3,"Depth_avg":1.7,"Dis_avg":0.014,"Res_time":304.7,"Elevation":53,"Slope_100":0.51,"Wshd_area":0.8,"Pour_long":85.905565,"Pour_lat":26.147935,"source_id":"hydrolakes:1383725","label":""},"geometry":{"type":"Polygon","coordinates":[[[85.90707051595109,26.14663709852448],[85.90638888888935,26.14555555555569],[85.90488593207505,26.145654568142447],[85.9039335123702,26.146340060763976],[85.90315470377669,26.148135579427162],[85.90348503960541,26.149015028211977],[85.90378885905011,26.151723632812605],[85.90563483344238,26.152070583767625],[85.90680426703614,26.15122884114595],[85.90707051595109,26.14663709852448]]]}},{"type":"Feature","id":"hydrolakes:1383726","properties":{"Hylak_id":1383726,"Lake_name":"","Country":"Bangladesh","Continent":"Asia","Poly_src":"SWBD","Lake_type":1,"Grand_id":0,"Lake_area":0.23,"Shore_len":3.31,"Shore_dev":1.95,"Vol_total":0.23,"Vol_res":0.0,"Vol_src":3,"Depth_avg":1.0,"Dis_avg":0.154,"Res_time":17.3,"Elevation":35,"Slope_100":0.18,"Wshd_area":4.0,"Pour_long":89.590992,"Pour_lat":26.147998,"source_id":"hydrolakes:1383726","label":""},"geometry":{"type":"Polygon","coordinates":[[[89.59123697916755,26.141262749566067],[89.59111111111184,26.14083333333349],[89.58992458767437,26.141044921875164],[89.58970106336892,26.143235677083453],[89.59047634548682,26.146083441840517],[89.590450846355,26.148111979166742],[89.59000271267433,26.150123969184108],[89.59056694878547,26.153290744357776],[89.59186089409792,26.15484836154525],[89.59245605468817,26.154233669705036],[89.59200141059097,26.15302408854194],[89.59209798177164,26.15207736545159],[89.59154188368126,26.150087619357862],[89.59188259548688,26.14424452039941],[89.59123697916755,26.141262749566067]]]}},{"type":"Feature","id":"hydrolakes:1383728","properties":{"Hylak_id":1383728,"Lake_name":"","Country":"India","Continent":"Asia","Poly_src":"SWBD","Lake_type":1,"Grand_id":0,"Lake_area":0.32,"Shore_len":4.66,"Shore_dev":2.33,"Vol_total":0.58,"Vol_res":0.0,"Vol_src":3,"Depth_avg":1.8,"Dis_avg":0.022,"Res_time":303.4,"Elevation":29,"Slope_100":0.55,"Wshd_area":0.6,"Pour_long":89.753353,"Pour_lat":26.147201,"source_id":"hydrolakes:1383728","label":""},"geometry":{"type":"Polygon","coordinates":[[[89.75347981770909,26.13651991102438],[89.75138888888978,26.134166666666772],[89.74986870659814,26.134450412326544],[89.75018120659792,26.135280490451464],[89.7520648871535,26.13696343315985],[89.75248426649381,26.138765733507114],[89.7541037326398,26.140855034722392],[89.75329698350777,26.14233886718762],[89.75399522569546,26.143623860677167],[89.75404947916763,26.144534505208526],[89.75272135416753,26.14613199869808],[89.7523687065979,26.147646755642484],[89.75016601562584,26.151209852430668],[89.75011447482717,26.15207546657996],[89.75104220920213,26.15166178385425],[89.75421223958415,26.147418891059147],[89.75514648437581,26.14486897786469],[89.7557052951397,26.142360839844002],[89.75347981770909,26.13651991102438]]]}},{"type":"Feature","id":"hydrolakes:1383735","properties":{"Hylak_id":1383735,"Lake_name":"","Country":"India","Continent":"Asia","Poly_src":"SWBD","Lake_type":1,"Grand_id":0,"Lake_area":0.18,"Shore_len":1.69,"Shore_dev":1.12,"Vol_total":0.24,"Vol_res":0.0,"Vol_src":3,"Depth_avg":1.3,"Dis_avg":0.011,"Res_time":250.2,"Elevation":54,"Slope_100":0.32,"Wshd_area":0.6,"Pour_long":85.905457,"Pour_lat":26.142546,"source_id":"hydrolakes:1383735","label":""},"geometry":{"type":"Polygon","coordinates":[[[85.90540635850755,26.13820475260428],[85.90527777777845,26.138055555555695],[85.90395751953179,26.138228352864758],[85.90342569987018,26.141161566840367],[85.90413899739627,26.143739691840494],[85.90646674262194,26.143275010850914],[85.90707302517404,26.142188313802194],[85.90678358289978,26.138619520399402],[85.90540635850755,26.13820475260428]]]}},{"type":"Feature","id":"hydrolakes:1383743","properties":{"Hylak_id":1383743,"Lake_name":"","Country":"India","Continent":"Asia","Poly_src":"SWBD","Lake_type":1,"Grand_id":0,"Lake_area":0.49,"Shore_len":4.23,"Shore_dev":1.7,"Vol_total":0.92,"Vol_res":0.0,"Vol_src":3,"Depth_avg":1.9,"Dis_avg":0.04,"Res_time":266.7,"Elevation":55,"Slope_100":0.51,"Wshd_area":2.5,"Pour_long":85.232776,"Pour_lat":26.137147,"source_id":"hydrolakes:1383743","label":""},"geometry":{"type":"Polygon","coordinates":[[[85.23161154853034,26.138741048177224],[85.23369630601724,26.137515462239662],[85.23556986490922,26.13817220052107],[85.23787104288778,26.13568874782993],[85.23805555555595,26.13472222222248],[85.23647028605177,26.135263671875066],[85.23567964341953,26.13484510633691],[85.23472873263921,26.13488281250028],[85.23319973415846,26.136533203125225],[85.23097751193615,26.13792209201398],[85.2286773512102,26.138361002604313],[85.22719868977907,26.137227105034867],[85.22105514526413,26.140544433593845],[85.22198932223904,26.141410047743307],[85.22664187961192,26.1422984483508],[85.22920574612124,26.141761881510547],[85.23111989339236,26.14029405381956],[85.23161154853034,26.138741048177224]]]}},{"type":"Feature","id":"hydrolakes:1383746","properties":{"Hylak_id":1383746,"Lake_name":"","Country":"India","Continent":"Asia","Poly_src":"SWBD","Lake_type":1,"Grand_id":0,"Lake_area":0.12,"Shore_len":1.53,"Shore_dev":1.27,"Vol_total":0.17,"Vol_res":0.0,"Vol_src":3,"Depth_avg":1.5,"Dis_avg":0.03,"Res_time":67.4,"Elevation":51,"Slope_100":0.52,"Wshd_area":1.5,"Pour_long":86.033725,"Pour_lat":26.1355,"source_id":"hydrolakes:1383746","label":""},"geometry":{"type":"Polygon","coordinates":[[[86.03423658582943,26.13455213758698],[86.03333333333381,26.132500000000164],[86.0320275200744,26.132674696180686],[86.03202134874186,26.13631808810777],[86.03287760416714,26.13818386501748],[86.03401611328184,26.13825168185781],[86.03423658582943,26.13455213758698]]]}},{"type":"Feature","id":"hydrolakes:1383750","properties":{"Hylak_id":1383750,"Lake_name":"","Country":"India","Continent":"Asia","Poly_src":"SWBD","Lake_type":1,"Grand_id":0,"Lake_area":0.1,"Shore_len":1.43,"Shore_dev":1.29,"Vol_total":0.17,"Vol_res":0.0,"Vol_src":3,"Depth_avg":1.7,"Dis_avg":0.038,"Res_time":50.9,"Elevation":54,"Slope_100":0.69,"Wshd_area":2.3,"Pour_long":85.371806,"Pour_lat":26.133768,"source_id":"hydrolakes:1383750","label":""},"geometry":{"type":"Polygon","coordinates":[[[85.3743283759228,26.1312839084203],[85.37416666666718,26.130833333333555],[85.37373653835778,26.130966254340365],[85.36989373101181,26.133063964843984],[85.369789632162,26.134810112847333],[85.3706198798289,26.135261501736238],[85.37428656684074,26.1319851345487],[85.3743283759228,26.1312839084203]]]}},{"type":"Feature","id":"hydrolakes:1383761","properties":{"Hylak_id":1383761,"Lake_name":"","Country":"India","Continent":"Asia","Poly_src":"SWBD","Lake_type":1,"Grand_id":0,"Lake_area":0.32,"Shore_len":4.81,"Shore_dev":2.41,"Vol_total":0.38,"Vol_res":0.0,"Vol_src":3,"Depth_avg":1.2,"Dis_avg":2.327,"Res_time":1.9,"Elevation":54,"Slope_100":0.23,"Wshd_area":148.9,"Pour_long":85.201019,"Pour_lat":26.12458,"source_id":"hydrolakes:1383761","label":""},"geometry":{"type":"Polygon","coordinates":[[[85.19949257744719,26.129663899739683],[85.1981997341585,26.12905354817724],[85.19848568386561,26.128722873263996],[85.19983396742117,26.12877658420149],[85.20047158135361,26.12784993489595],[85.20198023478235,26.12485460069456],[85.20138888888943,26.12388888888904],[85.2001569281689,26.12440728081623],[85.19976767645977,26.127255588107857],[85.1982098219134,26.128032769097388],[85.19597751193618,26.129788140191238],[85.19630476209898,26.130224338107723],[85.19791137695358,26.12966118706612],[85.19763356526755,26.130452202691174],[85.1960451592343,26.131923828125252],[85.19539091322207,26.133516710069557],[85.19545540703706,26.135144042968875],[85.19382386949366,26.13591389973965],[85.19320141262523,26.136490614149466],[85.19387451171912,26.13985568576402],[85.19489903767936,26.13929280598967],[85.19728868272614,26.13653781467025],[85.19677020602796,26.135058322482735],[85.19677998860732,26.13268825954873],[85.19949257744719,26.129663899739683]]]}},{"type":"Feature","id":"hydrolakes:1383763","properties":{"Hylak_id":1383763,"Lake_name":"","Country":"India","Continent":"Asia","Poly_src":"SWBD","Lake_type":1,"Grand_id":0,"Lake_area":0.1,"Shore_len":1.45,"Shore_dev":1.26,"Vol_total":0.1,"Vol_res":0.0,"Vol_src":3,"Depth_avg":1.0,"Dis_avg":2.333,"Res_time":0.5,"Elevation":54,"Slope_100":0.23,"Wshd_area":149.3,"Pour_long":85.203915,"Pour_lat":26.120478,"source_id":"hydrolakes:1383763","label":""},"geometry":{"type":"Polygon","coordinates":[[[85.20681840684733,26.118181694878615],[85.20638888888936,26.117500000000064],[85.20568159315354,26.117626139323136],[85.20265174018044,26.121906738281382],[85.20388634575778,26.12234836154522],[85.20525119357677,26.121551920572927],[85.20707048204252,26.11885986328133],[85.20681840684733,26.118181694878615]]]}},{"type":"Feature","id":"hydrolakes:1383764","properties":{"Hylak_id":1383764,"Lake_name":"","Country":"India","Continent":"Asia","Poly_src":"SWBD","Lake_type":1,"Grand_id":0,"Lake_area":0.31,"Shore_len":4.03,"Shore_dev":2.03,"Vol_total":0.58,"Vol_res":0.0,"Vol_src":3,"Depth_avg":1.8,"Dis_avg":0.021,"Res_time":319.6,"Elevation":29,"Slope_100":0.57,"Wshd_area":0.6,"Pour_long":89.953125,"Pour_lat":26.118919,"source_id":"hydrolakes:1383764","label":""},"geometry":{"type":"Polygon","coordinates":[[[89.9553005642369,26.117085232204943],[89.9546261935771,26.114900173611375],[89.9516666666675,26.1133333333334],[89.94909559461894,26.113494466145994],[89.94687825520919,26.115223795573],[89.9448687065983,26.117672797309183],[89.94578776041737,26.118101128472347],[89.94875217013958,26.11580403645837],[89.95058376736182,26.115146755642456],[89.95181966145907,26.115627441406502],[89.95264594184124,26.116552191840356],[89.95374240451474,26.116486816406393],[89.95338216145905,26.118080512152858],[89.94931315104242,26.120078396267616],[89.9499842664938,26.12096435546897],[89.95212565104259,26.120523546007007],[89.95466579861187,26.118253851996712],[89.9553005642369,26.117085232204943]]]}},{"type":"Feature","id":"hydrolakes:1383767","properties":{"Hylak_id":1383767,"Lake_name":"","Country":"India","Continent":"Asia","Poly_src":"SWBD","Lake_type":1,"Grand_id":0,"Lake_area":0.4,"Shore_len":6.2,"Shore_dev":2.75,"Vol_total":0.84,"Vol_res":0.0,"Vol_src":3,"Depth_avg":2.1,"Dis_avg":0.014,"Res_time":697.6,"Elevation":28,"Slope_100":0.68,"Wshd_area":0.4,"Pour_long":89.911458,"Pour_lat":26.115423,"source_id":"hydrolakes:1383767","label":""},"geometry":{"type":"Polygon","coordinates":[[[89.90513346354265,26.120411241319516],[89.90628200954961,26.119669596354242],[89.90925781250087,26.116458062066044],[89.91208441840365,26.1159657118057],[89.91342827691062,26.116317816840365],[89.91386013454945,26.115501573350855],[89.91253363715362,26.114588758680668],[89.91030381944523,26.11496880425358],[89.9071912977439,26.116437717014037],[89.90527452257021,26.11835883246539],[89.90296006944521,26.120133463541833],[89.90153320312584,26.11970133463558],[89.90184299045222,26.118592664930702],[89.90541124132022,26.115689019097317],[89.90680013020926,26.114855685763985],[89.909577907987,26.114022352430823],[89.91263346354236,26.113604871961968],[89.91208875868136,26.113189019097376],[89.9102777777785,26.11277777777792],[89.9082736545148,26.113051757812684],[89.90581759982712,26.11408528645842],[89.90413791232714,26.114932454427162],[89.90078450520923,26.11803955078142],[89.90014431423697,26.119249674479306],[89.9007052951398,26.12054524739591],[89.90199978298682,26.12123019748276],[89.9036376953132,26.121295030382043],[89.90513346354265,26.120411241319516]]]}},{"type":"Feature","id":"hydrolakes:1383771","properties":{"Hylak_id":1383771,"Lake_name":"","Country":"India","Continent":"Asia","Poly_src":"SWBD","Lake_type":1,"Grand_id":0,"Lake_area":0.38,"Shore_len":3.87,"Shore_dev":1.78,"Vol_total":0.61,"Vol_res":0.0,"Vol_src":3,"Depth_avg":1.6,"Dis_avg":7.885,"Res_time":0.9,"Elevation":27,"Slope_100":0.4,"Wshd_area":209.1,"Pour_long":90.001173,"Pour_lat":26.113045,"source_id":"hydrolakes:1383771","label":""},"geometry":{"type":"Polygon","coordinates":[[[89.99748318142434,26.114659830729238],[89.99984103732731,26.114209526909804],[90.00429796007023,26.112138129340337],[90.00432074652855,26.111563585069575],[90.00098361545218,26.112261555989676],[89.99113823784802,26.11167127821193],[89.98977322048682,26.109697265625073],[89.98861111111216,26.108888888889],[89.98792697482719,26.10952284071203],[89.98883355034809,26.11144395616327],[89.99174479166737,26.113995496961934],[89.99333658854255,26.11464925130224],[89.99748318142434,26.114659830729238]]]}},{"type":"Feature","id":"hydrolakes:1383782","properties":{"Hylak_id":1383782,"Lake_name":"","Country":"India","Continent":"Asia","Poly_src":"SWBD","Lake_type":1,"Grand_id":0,"Lake_area":0.2,"Shore_len":3.12,"Shore_dev":1.99,"Vol_total":0.27,"Vol_res":0.0,"Vol_src":3,"Depth_avg":1.4,"Dis_avg":0.084,"Res_time":36.9,"Elevation":28,"Slope_100":0.35,"Wshd_area":2.3,"Pour_long":89.961191,"Pour_lat":26.107108,"source_id":"hydrolakes:1383782","label":""},"geometry":{"type":"Polygon","coordinates":[[[89.961558702258,26.107409125434174],[89.96270670573006,26.107266438802185],[89.96432074652864,26.108178982204947],[89.96624131944532,26.10984564887167],[89.96689561632019,26.109310167100887],[89.96521972656348,26.106926269531414],[89.96404296875079,26.106234537760486],[89.96333333333416,26.10583333333352],[89.960999891494,26.105970594618213],[89.95989854600765,26.10747884114602],[89.95959906684124,26.109885253906327],[89.96098741319531,26.11206787109387],[89.9615728081605,26.113456759982853],[89.96258626302159,26.112980685764057],[89.96163411458417,26.111360677083496],[89.96088541666757,26.109412163628576],[89.96126519097305,26.108765462239717],[89.961558702258,26.107409125434174]]]}},{"type":"Feature","id":"hydrolakes:1383783","properties":{"Hylak_id":1383783,"Lake_name":"","Country":"India","Continent":"Asia","Poly_src":"SWBD","Lake_type":1,"Grand_id":0,"Lake_area":0.32,"Shore_len":3.31,"Shore_dev":1.64,"Vol_total":0.46,"Vol_res":0.0,"Vol_src":3,"Depth_avg":1.4,"Dis_avg":0.037,"Res_time":145.3,"Elevation":52,"Slope_100":0.34,"Wshd_area":2.3,"Pour_long":85.273963,"Pour_lat":26.106372,"source_id":"hydrolakes:1383783","label":""},"geometry":{"type":"Polygon","coordinates":[[[85.27389414469434,26.109273546007046],[85.27500000000038,26.108656412760524],[85.27583333333376,26.109121365017472],[85.27762357923768,26.108245985243116],[85.27766667683966,26.105487467447972],[85.27570476955896,26.104258626302226],[85.2760317315001,26.1032454427085],[85.27698259141755,26.10316894531269],[85.27963099161832,26.103528103298686],[85.28122834947413,26.1030471462675],[85.28127995808956,26.102405056423777],[85.27957300821993,26.102093641493184],[85.27875000000057,26.101634385850844],[85.27760701497448,26.10227213541674],[85.27583333333376,26.101388888889005],[85.27397767808742,26.1029877387154],[85.27408009847045,26.104262152777892],[85.27292699178093,26.105734592014016],[85.27389414469434,26.109273546007046]]]}},{"type":"Feature","id":"hydrolakes:1383784","properties":{"Hylak_id":1383784,"Lake_name":"","Country":"India","Continent":"Asia","Poly_src":"SWBD","Lake_type":1,"Grand_id":0,"Lake_area":0.33,"Shore_len":4.5,"Shore_dev":2.2,"Vol_total":0.6,"Vol_res":0.0,"Vol_src":3,"Depth_avg":1.8,"Dis_avg":0.13,"Res_time":53.3,"Elevation":29,"Slope_100":0.53,"Wshd_area":3.5,"Pour_long":89.740798,"Pour_lat":26.105676,"source_id":"hydrolakes:1383784","label":""},"geometry":{"type":"Polygon","coordinates":[[[89.73791395399377,26.10097493489593],[89.73777777777866,26.10083333333347],[89.7368131510425,26.101760253906377],[89.73986382378564,26.105136176215353],[89.74164225260489,26.108356662326514],[89.7440554470495,26.109727376302374],[89.74596137152872,26.112239040798727],[89.74594672309115,26.117357855902867],[89.74652126736208,26.11736952039945],[89.74763617621596,26.114112141927194],[89.7473638237854,26.11235839843772],[89.74569715711874,26.109580620659813],[89.74319173177156,26.106252712673722],[89.74265787760493,26.105152994791922],[89.74064507378557,26.104507107205052],[89.74014160156338,26.103469509548688],[89.73932237413266,26.102682562934262],[89.73867296007023,26.10134331597243],[89.73791395399377,26.10097493489593]]]}},{"type":"Feature","id":"hydrolakes:1383790","properties":{"Hylak_id":1383790,"Lake_name":"","Country":"India","Continent":"Asia","Poly_src":"SWBD","Lake_type":1,"Grand_id":0,"Lake_area":0.13,"Shore_len":1.67,"Shore_dev":1.31,"Vol_total":0.15,"Vol_res":0.0,"Vol_src":3,"Depth_avg":1.2,"Dis_avg":0.019,"Res_time":92.4,"Elevation":48,"Slope_100":0.29,"Wshd_area":1.0,"Pour_long":86.426042,"Pour_lat":26.093435,"source_id":"hydrolakes:1383790","label":""},"geometry":{"type":"Polygon","coordinates":[[[86.42623250325585,26.094656032986393],[86.42673149956642,26.093537597656336],[86.4279241265196,26.094203016493225],[86.42922431098145,26.093082953559133],[86.42694444444498,26.091388888889014],[86.42320475260476,26.09412380642368],[86.4241777886291,26.095684136284888],[86.42542127821224,26.095355088975964],[86.42623250325585,26.094656032986393]]]}},{"type":"Feature","id":"hydrolakes:1383796","properties":{"Hylak_id":1383796,"Lake_name":"","Country":"India","Continent":"Asia","Poly_src":"SWBD","Lake_type":1,"Grand_id":0,"Lake_area":0.34,"Shore_len":4.4,"Shore_dev":2.13,"Vol_total":0.52,"Vol_res":0.0,"Vol_src":3,"Depth_avg":1.5,"Dis_avg":0.137,"Res_time":44.2,"Elevation":53,"Slope_100":0.38,"Wshd_area":8.3,"Pour_long":85.441927,"Pour_lat":26.090745,"source_id":"hydrolakes:1383796","label":""},"geometry":{"type":"Polygon","coordinates":[[[85.44235833062106,26.09114529079875],[85.4419881863069,26.09015082465288],[85.43819722493532,26.08984157986123],[85.4387472195101,26.089302842882034],[85.44013610839897,26.088964301215412],[85.43837951660197,26.087864583333555],[85.43519219292591,26.08792968750015],[85.43388888888933,26.08666666666676],[85.43208611382414,26.08682698567725],[85.43513559977282,26.08844997829874],[85.43514756944501,26.089035915798718],[85.43375278049098,26.090419379340346],[85.43185126410634,26.091169433593905],[85.43125278049092,26.09233127170154],[85.43225541856594,26.09304361979173],[85.43345886230526,26.091791178385506],[85.43562462700771,26.091835394965415],[85.43771708170635,26.090419379340346],[85.43817470974426,26.091035156250143],[85.43736389160193,26.09260904947928],[85.43835988362667,26.09374484592024],[85.43929416232686,26.093763834635524],[85.44021355523057,26.09156412760433],[85.44235833062106,26.09114529079875]]]}},{"type":"Feature","id":"hydrolakes:1383800","properties":{"Hylak_id":1383800,"Lake_name":"","Country":"India","Continent":"Asia","Poly_src":"SWBD","Lake_type":1,"Grand_id":0,"Lake_area":0.29,"Shore_len":2.23,"Shore_dev":1.17,"Vol_total":0.46,"Vol_res":0.0,"Vol_src":3,"Depth_avg":1.6,"Dis_avg":0.109,"Res_time":48.5,"Elevation":44,"Slope_100":0.42,"Wshd_area":3.3,"Pour_long":87.704329,"Pour_lat":26.088224,"source_id":"hydrolakes:1383800","label":""},"geometry":{"type":"Polygon","coordinates":[[[87.70237901475775,26.089323459201466],[87.7031863064243,26.089006076389012],[87.70422851562552,26.08916015625016],[87.70460720486176,26.08819715711826],[87.70425699869844,26.086995713975796],[87.70436659071237,26.086254340277947],[87.703020019532,26.08525634765641],[87.70108072916724,26.084847005208417],[87.7005555555561,26.084166666666817],[87.69933729383752,26.08510715060777],[87.69904568142414,26.08682345920147],[87.69821234809086,26.088205023871694],[87.69850640191027,26.089226888020903],[87.6991566297749,26.090069173177255],[87.70055202908054,26.091103786892518],[87.70113959418455,26.089668511284856],[87.70237901475775,26.089323459201466]]]}},{"type":"Feature","id":"hydrolakes:1383806","properties":{"Hylak_id":1383806,"Lake_name":"","Country":"India","Continent":"Asia","Poly_src":"SWBD","Lake_type":1,"Grand_id":0,"Lake_area":0.38,"Shore_len":4.28,"Shore_dev":1.97,"Vol_total":0.55,"Vol_res":0.0,"Vol_src":3,"Depth_avg":1.5,"Dis_avg":0.064,"Res_time":99.3,"Elevation":55,"Slope_100":0.33,"Wshd_area":4.0,"Pour_long":85.191078,"Pour_lat":26.083854,"source_id":"hydrolakes:1383806","label":""},"geometry":{"type":"Polygon","coordinates":[[[85.19286544799866,26.084267306857726],[85.19463248358869,26.082289496527892],[85.19626880221949,26.08238715277787],[85.19738844129824,26.081778700086943],[85.2001594034835,26.07867730034735],[85.20005087958486,26.076856553819596],[85.19917627970409,26.07390326605912],[85.19722222222276,26.071666666666886],[85.19645885891435,26.072176920572986],[85.19655244615382,26.073747287326455],[85.19820226033573,26.0756865776911],[85.19871797349765,26.07735677083349],[85.1973022291399,26.07908230251752],[85.19621488783133,26.07901746961818],[85.19258758544959,26.082346191406373],[85.18964214748871,26.08265299479183],[85.18931337144676,26.08391520182306],[85.19040032280861,26.08441406250006],[85.19286544799866,26.084267306857726]]]}},{"type":"Feature","id":"hydrolakes:1383809","properties":{"Hylak_id":1383809,"Lake_name":"","Country":"India","Continent":"Asia","Poly_src":"SWBD","Lake_type":1,"Grand_id":0,"Lake_area":0.6,"Shore_len":4.58,"Shore_dev":1.66,"Vol_total":1.05,"Vol_res":0.0,"Vol_src":3,"Depth_avg":1.7,"Dis_avg":0.104,"Res_time":116.3,"Elevation":56,"Slope_100":0.41,"Wshd_area":6.7,"Pour_long":85.081704,"Pour_lat":26.081603,"source_id":"hydrolakes:1383809","label":""},"geometry":{"type":"Polygon","coordinates":[[[85.08084241231319,26.08850558810775],[85.08326588100914,26.086457519531507],[85.08526678297301,26.08335910373279],[85.08619392395065,26.079087727864703],[85.08689270019562,26.077767198350784],[85.0863888888893,26.076944444444564],[85.08431085374656,26.077922092014035],[85.08283700731107,26.078203396267497],[85.08114939371774,26.080024685330102],[85.08000309414388,26.081990017361363],[85.07816995408848,26.082426486545273],[85.07736640930227,26.08306993272589],[85.07926933288604,26.083523220486256],[85.08150110880575,26.083434787326553],[85.0794693756107,26.086314561632094],[85.07772019280361,26.085701497395917],[85.07599814520978,26.085422092014028],[85.07542196485781,26.086438259548856],[85.07796880934006,26.08764024522577],[85.07874508327961,26.088477918836986],[85.08084241231319,26.08850558810775]]]}},{"type":"Feature","id":"hydrolakes:1383810","properties":{"Hylak_id":1383810,"Lake_name":"","Country":"India","Continent":"Asia","Poly_src":"SWBD","Lake_type":1,"Grand_id":0,"Lake_area":0.23,"Shore_len":2.36,"Shore_dev":1.37,"Vol_total":0.39,"Vol_res":0.0,"Vol_src":3,"Depth_avg":1.7,"Dis_avg":48.069,"Res_time":0.1,"Elevation":44,"Slope_100":0.51,"Wshd_area":1294.7,"Pour_long":87.716066,"Pour_lat":26.081538,"source_id":"hydrolakes:1383810","label":""},"geometry":{"type":"Polygon","coordinates":[[[87.71624213324719,26.079313422309212],[87.71611111111201,26.07916666666688],[87.71570610894173,26.079528537326496],[87.71570312500052,26.080699055989783],[87.71498887803887,26.083805609809133],[87.71764675564305,26.086797688802164],[87.71870659722288,26.088464355468943],[87.71949707031303,26.08783447265637],[87.71960720486186,26.085987413194516],[87.71885850694514,26.08491563585079],[87.7181583658861,26.08255099826397],[87.71821831597288,26.081542968750114],[87.71695610894159,26.07964111328141],[87.71624213324719,26.079313422309212]]]}},{"type":"Feature","id":"hydrolakes:1383811","properties":{"Hylak_id":1383811,"Lake_name":"","Country":"India","Continent":"Asia","Poly_src":"SWBD","Lake_type":1,"Grand_id":0,"Lake_area":0.38,"Shore_len":4.43,"Shore_dev":2.04,"Vol_total":0.84,"Vol_res":0.0,"Vol_src":3,"Depth_avg":2.2,"Dis_avg":0.12,"Res_time":81.0,"Elevation":27,"Slope_100":0.8,"Wshd_area":3.3,"Pour_long":89.756688,"Pour_lat":26.079943,"source_id":"hydrolakes:1383811","label":""},"geometry":{"type":"Polygon","coordinates":[[[89.75568901909793,26.077088758680702],[89.75555555555633,26.076944444444564],[89.75459309895916,26.077249077691192],[89.75453613281326,26.078688151041774],[89.75902235243126,26.082922092013973],[89.76115722656334,26.084487847222306],[89.76295627170208,26.086561957465392],[89.76452528211877,26.089181857639005],[89.76514431423692,26.090689019097397],[89.76551540798704,26.09263346354186],[89.76679633246624,26.09217095269122],[89.76682562934116,26.091442599826507],[89.76512044270902,26.086815321180666],[89.76318901909804,26.084588758680695],[89.76269042968823,26.083531901041738],[89.75681098090348,26.07791124131961],[89.75568901909793,26.077088758680702]]]}},{"type":"Feature","id":"hydrolakes:1383812","properties":{"Hylak_id":1383812,"Lake_name":"","Country":"India","Continent":"Asia","Poly_src":"SWBD","Lake_type":1,"Grand_id":0,"Lake_area":0.19,"Shore_len":1.95,"Shore_dev":1.25,"Vol_total":0.25,"Vol_res":0.0,"Vol_src":3,"Depth_avg":1.3,"Dis_avg":0.036,"Res_time":80.7,"Elevation":47,"Slope_100":0.32,"Wshd_area":1.9,"Pour_long":86.039408,"Pour_lat":26.078045,"source_id":"hydrolakes:1383812","label":""},"geometry":{"type":"Polygon","coordinates":[[[86.04131551106815,26.077139485677208],[86.04083333333386,26.07638888888897],[86.03989027235292,26.07699462890639],[86.03833333333381,26.076764594184112],[86.03694030761778,26.076847330729436],[86.0357168240023,26.07983642578131],[86.03655754937114,26.080970323350982],[86.03619493272629,26.08157172309035],[86.03628492567321,26.082180718316238],[86.03728000217058,26.082033691406366],[86.0385038248703,26.080448133680648],[86.04063435872439,26.078803710937564],[86.04131551106815,26.077139485677208]]]}},{"type":"Feature","id":"hydrolakes:1383816","properties":{"Hylak_id":1383816,"Lake_name":"","Country":"India","Continent":"Asia","Poly_src":"SWBD","Lake_type":1,"Grand_id":0,"Lake_area":0.22,"Shore_len":2.77,"Shore_dev":1.66,"Vol_total":0.35,"Vol_res":0.0,"Vol_src":3,"Depth_avg":1.6,"Dis_avg":0.024,"Res_time":170.9,"Elevation":57,"Slope_100":0.47,"Wshd_area":1.5,"Pour_long":85.090407,"Pour_lat":26.072169,"source_id":"hydrolakes:1383816","label":""},"geometry":{"type":"Polygon","coordinates":[[[85.09151744418722,26.070426974826603],[85.09088155110715,26.068314887152894],[85.09007668389268,26.0678659396703],[85.08861640930212,26.067983127170237],[85.08777777777817,26.06722222222237],[85.08572742038348,26.067367350260554],[85.08557818942654,26.069224717882037],[85.08661213345039,26.069801432291854],[85.09012855529829,26.06883897569452],[85.08987144470251,26.069315863715417],[85.08877164204966,26.06980658637167],[85.08931588914709,26.07179524739587],[85.08959759182432,26.074252658420335],[85.09195516798269,26.072561848958458],[85.0924686770972,26.071641710069514],[85.09151744418722,26.070426974826603]]]}},{"type":"Feature","id":"hydrolakes:1383817","properties":{"Hylak_id":1383817,"Lake_name":"","Country":"India","Continent":"Asia","Poly_src":"SWBD","Lake_type":1,"Grand_id":0,"Lake_area":0.19,"Shore_len":3.55,"Shore_dev":2.29,"Vol_total":0.18,"Vol_res":0.0,"Vol_src":3,"Depth_avg":1.0,"Dis_avg":0.072,"Res_time":29.3,"Elevation":53,"Slope_100":0.17,"Wshd_area":4.4,"Pour_long":85.297474,"Pour_lat":26.071934,"source_id":"hydrolakes:1383817","label":""},"geometry":{"type":"Polygon","coordinates":[[[85.2938037787547,26.073678656684194],[85.29696272108328,26.072276475694537],[85.29762193467917,26.072844238281448],[85.29772786458369,26.07416286892368],[85.29570478651306,26.076608615451676],[85.29660630967925,26.076958007812607],[85.29899298773904,26.0743221028647],[85.29911536322754,26.0727986653647],[85.29777777777821,26.07111111111118],[85.29665540907178,26.071257866753626],[85.29464860704269,26.072510579427274],[85.29216637505476,26.07307454427098],[85.29174112955769,26.07383653428826],[85.29370056152396,26.077906358507107],[85.29426266140456,26.077478027343886],[85.29435635036941,26.07631212022585],[85.29320478651312,26.07424831814251],[85.2938037787547,26.073678656684194]]]}},{"type":"Feature","id":"hydrolakes:1383820","properties":{"Hylak_id":1383820,"Lake_name":"","Country":"India","Continent":"Asia","Poly_src":"SWBD","Lake_type":1,"Grand_id":0,"Lake_area":0.31,"Shore_len":2.75,"Shore_dev":1.39,"Vol_total":0.44,"Vol_res":0.0,"Vol_src":3,"Depth_avg":1.4,"Dis_avg":0.77,"Res_time":6.6,"Elevation":26,"Slope_100":0.32,"Wshd_area":21.2,"Pour_long":89.907761,"Pour_lat":26.070501,"source_id":"hydrolakes:1383820","label":""},"geometry":{"type":"Polygon","coordinates":[[[89.9130723741327,26.076980523003556],[89.91126030816048,26.074478352864674],[89.9121473524313,26.07274007161476],[89.91212456597299,26.070599500868184],[89.91083333333415,26.069722222222424],[89.90830566406322,26.070181206597283],[89.90736002604274,26.07010525173621],[89.90709364149387,26.070760904947974],[89.90810004340352,26.071628146701585],[89.90879774305625,26.07274169921891],[89.90873643663281,26.07350450303835],[89.90765733507033,26.073417968750164],[89.90737141927156,26.07385498046881],[89.90877658420214,26.076754286024368],[89.90968858507028,26.077350802951457],[89.91069281684105,26.07679036458336],[89.91224283854251,26.077443033854195],[89.9130723741327,26.076980523003556]]]}},{"type":"Feature","id":"hydrolakes:1383822","properties":{"Hylak_id":1383822,"Lake_name":"","Country":"India","Continent":"Asia","Poly_src":"SWBD","Lake_type":1,"Grand_id":0,"Lake_area":0.36,"Shore_len":3.84,"Shore_dev":1.8,"Vol_total":0.57,"Vol_res":0.0,"Vol_src":3,"Depth_avg":1.6,"Dis_avg":0.217,"Res_time":30.6,"Elevation":55,"Slope_100":0.4,"Wshd_area":14.1,"Pour_long":85.060741,"Pour_lat":26.070299,"source_id":"hydrolakes:1383822","label":""},"geometry":{"type":"Polygon","coordinates":[[[85.04964378780835,26.06993028428832],[85.05429853227434,26.069822862413332],[85.0537552939524,26.0711941189237],[85.05423308054651,26.0718001302086],[85.05974170684863,26.071368815104222],[85.06151783413395,26.07080647786472],[85.06154363844178,26.07015543619815],[85.06080256568094,26.069763183593864],[85.05737687852678,26.069899088541774],[85.05631900787398,26.068260904948204],[85.05194444444481,26.067777777777962],[85.04876272413514,26.06793863932313],[85.04764418284151,26.07005235460082],[85.04805882347995,26.072350260416783],[85.0493063057798,26.07239963107662],[85.04964378780835,26.06993028428832]]]}},{"type":"Feature","id":"hydrolakes:1383823","properties":{"Hylak_id":1383823,"Lake_name":"","Country":"India","Continent":"Asia","Poly_src":"SWBD","Lake_type":1,"Grand_id":0,"Lake_area":0.26,"Shore_len":2.88,"Shore_dev":1.6,"Vol_total":0.43,"Vol_res":0.0,"Vol_src":3,"Depth_avg":1.7,"Dis_avg":0.59,"Res_time":8.4,"Elevation":55,"Slope_100":0.48,"Wshd_area":38.2,"Pour_long":85.039898,"Pour_lat":26.06997,"source_id":"hydrolakes:1383823","label":""},"geometry":{"type":"Polygon","coordinates":[[[85.04373463524752,26.06737657335077],[85.04348758697546,26.06665500217025],[85.04405028449202,26.065697699652958],[85.04388888888934,26.065277777777908],[85.04196755303326,26.066044108073015],[85.03981494479746,26.065776367187595],[85.0384192064077,26.066796061197977],[85.038508279589,26.067512207031314],[85.04049855974023,26.067264539930648],[85.04167066786061,26.06771511501745],[85.04116637759807,26.068572862413305],[85.0396833970816,26.06919786241326],[85.03829767015293,26.07030626085077],[85.03793203142004,26.071455891927087],[85.03924925274356,26.072510850694584],[85.04050554063616,26.072027994791824],[85.04095685746967,26.070956759982778],[85.0424333657163,26.070637478298693],[85.04428919898169,26.0683197699654],[85.04373463524752,26.06737657335077]]]}},{"type":"Feature","id":"hydrolakes:1383824","properties":{"Hylak_id":1383824,"Lake_name":"","Country":"India","Continent":"Asia","Poly_src":"SWBD","Lake_type":1,"Grand_id":0,"Lake_area":0.27,"Shore_len":2.18,"Shore_dev":1.19,"Vol_total":0.38,"Vol_res":0.0,"Vol_src":3,"Depth_avg":1.4,"Dis_avg":0.146,"Res_time":29.7,"Elevation":56,"Slope_100":0.33,"Wshd_area":9.4,"Pour_long":85.077645,"Pour_lat":26.069859,"source_id":"hydrolakes:1383824","label":""},"geometry":{"type":"Polygon","coordinates":[[[85.0793513658316,26.07046495225711],[85.07833333333383,26.06833333333344],[85.07707602606934,26.069340277777883],[85.07487647586458,26.072786458333496],[85.07512352837489,26.07376546223975],[85.07593370225726,26.074874403211936],[85.07628808763326,26.07651231553831],[85.07830879211474,26.07620876736121],[85.07945518493705,26.074258626302253],[85.07916735331264,26.07194444444451],[85.0793513658316,26.07046495225711]]]}},{"type":"Feature","id":"hydrolakes:1383828","properties":{"Hylak_id":1383828,"Lake_name":"","Country":"India","Continent":"Asia","Poly_src":"SWBD","Lake_type":1,"Grand_id":0,"Lake_area":0.13,"Shore_len":2.43,"Shore_dev":1.89,"Vol_total":0.2,"Vol_res":0.0,"Vol_src":3,"Depth_avg":1.5,"Dis_avg":0.305,"Res_time":7.7,"Elevation":53,"Slope_100":0.51,"Wshd_area":18.3,"Pour_long":85.549411,"Pour_lat":26.066767,"source_id":"hydrolakes:1383828","label":""},"geometry":{"type":"Polygon","coordinates":[[[85.55513610839898,26.068495279948024],[85.55480895996158,26.066461317274445],[85.55416666666736,26.0658333333335],[85.54792399088586,26.066030544704972],[85.5479121229389,26.06661214192718],[85.55075161404136,26.06709635416678],[85.55344638400652,26.067041286892447],[85.55391703287802,26.06795491536468],[85.55236389160194,26.070664605035006],[85.55344143337715,26.070728624132073],[85.55513610839898,26.068495279948024]]]}},{"type":"Feature","id":"hydrolakes:1383830","properties":{"Hylak_id":1383830,"Lake_name":"","Country":"India","Continent":"Asia","Poly_src":"SWBD","Lake_type":1,"Grand_id":0,"Lake_area":0.2,"Shore_len":2.68,"Shore_dev":1.69,"Vol_total":0.34,"Vol_res":0.0,"Vol_src":3,"Depth_avg":1.7,"Dis_avg":0.006,"Res_time":648.6,"Elevation":58,"Slope_100":0.54,"Wshd_area":0.4,"Pour_long":85.098895,"Pour_lat":26.06473,"source_id":"hydrolakes:1383830","label":""},"geometry":{"type":"Polygon","coordinates":[[[85.10106057061131,26.063634711371606],[85.10608712938136,26.059057345920223],[85.1058333333338,26.058333333333394],[85.10220107184568,26.05936116536469],[85.1018108537466,26.061810980902976],[85.10147186279352,26.062355685764032],[85.10025895012802,26.06171386718762],[85.09924159579862,26.062414008246776],[85.09779087490574,26.065330674913298],[85.09889287312876,26.066351725260574],[85.09990198771192,26.06565728081614],[85.10106057061131,26.063634711371606]]]}},{"type":"Feature","id":"hydrolakes:1383831","properties":{"Hylak_id":1383831,"Lake_name":"","Country":"India","Continent":"Asia","Poly_src":"SWBD","Lake_type":1,"Grand_id":0,"Lake_area":0.64,"Shore_len":3.76,"Shore_dev":1.33,"Vol_total":0.91,"Vol_res":0.0,"Vol_src":3,"Depth_avg":1.4,"Dis_avg":0.006,"Res_time":1753.6,"Elevation":54,"Slope_100":0.27,"Wshd_area":0.4,"Pour_long":85.067882,"Pour_lat":26.063566,"source_id":"hydrolakes:1383831","label":""},"geometry":{"type":"Polygon","coordinates":[[[85.07123967064791,26.061259223090417],[85.06849181705104,26.05790500217023],[85.06694416893885,26.05522081163207],[85.0652777777783,26.054722222222438],[85.06339366065168,26.054855685764153],[85.06352661980571,26.056510416666754],[85.06313819461445,26.058219943576546],[85.06244088914707,26.059782714843834],[85.06126032935282,26.061290147569594],[85.06164320627897,26.06207302517373],[85.06237144046406,26.061815863715424],[85.06281447940438,26.061301540798695],[85.06411237928643,26.060824924045278],[85.0649176322093,26.06151882595492],[85.06489298078793,26.063452148437648],[85.06403810713067,26.064657931857766],[85.06573545667896,26.065684136284915],[85.06797161526191,26.06480333116326],[85.07123967064791,26.061259223090417]]]}},{"type":"Feature","id":"hydrolakes:1383834","properties":{"Hylak_id":1383834,"Lake_name":"","Country":"India","Continent":"Asia","Poly_src":"SWBD","Lake_type":1,"Grand_id":0,"Lake_area":0.22,"Shore_len":3.42,"Shore_dev":2.05,"Vol_total":0.32,"Vol_res":0.0,"Vol_src":3,"Depth_avg":1.4,"Dis_avg":0.823,"Res_time":4.5,"Elevation":32,"Slope_100":0.38,"Wshd_area":22.2,"Pour_long":89.56158,"Pour_lat":26.061612,"source_id":"hydrolakes:1383834","label":""},"geometry":{"type":"Polygon","coordinates":[[[89.55652235243144,26.065689019097363],[89.55884819878554,26.06483208550361],[89.55985568576477,26.0637445746529],[89.56138400607722,26.06275797526058],[89.56291124132031,26.06093668619809],[89.56222222222311,26.060277777777856],[89.56007595486182,26.06252821180584],[89.55846679687579,26.062911241319455],[89.55604166666751,26.064423828125143],[89.5524197048619,26.064280327691165],[89.5501291232647,26.06262288411466],[89.54955593533049,26.062645399305666],[89.54961235894177,26.0640649414064],[89.55120958116402,26.06481879340305],[89.55272026909796,26.066048177083474],[89.5546392144106,26.065422092014046],[89.55583333333414,26.06605387369808],[89.55652235243144,26.065689019097363]]]}},{"type":"Feature","id":"hydrolakes:1383836","properties":{"Hylak_id":1383836,"Lake_name":"","Country":"India","Continent":"Asia","Poly_src":"SWBD","Lake_type":1,"Grand_id":0,"Lake_area":0.25,"Shore_len":2.3,"Shore_dev":1.3,"Vol_total":0.29,"Vol_res":0.0,"Vol_src":3,"Depth_avg":1.2,"Dis_avg":0.038,"Res_time":88.6,"Elevation":52,"Slope_100":0.23,"Wshd_area":2.3,"Pour_long":85.307397,"Pour_lat":26.060521,"source_id":"hydrolakes:1383836","label":""},"geometry":{"type":"Polygon","coordinates":[[[85.31235582139811,26.060144314236254],[85.31184180365705,26.059055175781396],[85.31095692952516,26.058586697048668],[85.30949313693623,26.059361436632003],[85.3066954210073,26.05866427951395],[85.30638888888922,26.058333333333394],[85.3051515706386,26.05856960720496],[85.30583591037373,26.060522189670223],[85.30458862304721,26.062148708767495],[85.30652947319925,26.062662217882007],[85.30763359917592,26.062077907986293],[85.31222842746348,26.061763237847288],[85.31272047254816,26.06083333333345],[85.31235582139811,26.060144314236254]]]}},{"type":"Feature","id":"hydrolakes:1383838","properties":{"Hylak_id":1383838,"Lake_name":"","Country":"India","Continent":"Asia","Poly_src":"SWBD","Lake_type":1,"Grand_id":0,"Lake_area":0.53,"Shore_len":4.55,"Shore_dev":1.77,"Vol_total":0.67,"Vol_res":0.0,"Vol_src":3,"Depth_avg":1.3,"Dis_avg":0.158,"Res_time":49.4,"Elevation":53,"Slope_100":0.23,"Wshd_area":9.8,"Pour_long":85.226035,"Pour_lat":26.057602,"source_id":"hydrolakes:1383838","label":""},"geometry":{"type":"Polygon","coordinates":[[[85.22985582139802,26.065244140625225],[85.22876366509377,26.063656955295244],[85.23177693684954,26.063776312934124],[85.23235582139807,26.063416341146024],[85.23168379041925,26.062146267361186],[85.2295342508956,26.06180392795153],[85.22800469292571,26.060994466145928],[85.22764417860282,26.059855685763978],[85.22641496446437,26.0583452690974],[85.22715559217698,26.057269151475907],[85.22694444444477,26.0566666666669],[85.22297787136534,26.05804253472229],[85.22095665825776,26.057334255642445],[85.22004026624933,26.05737060546892],[85.21931084526949,26.05822401258689],[85.22184622870606,26.05989800347237],[85.22397198147286,26.05981391059038],[85.22487684461845,26.06043646918414],[85.22484946356929,26.061127115885483],[85.22318915473136,26.0615223524307],[85.22292195638067,26.06200412326399],[85.22409081353135,26.062374131944523],[85.22563891940695,26.06404486762159],[85.22596693250927,26.065422092014046],[85.22680555555593,26.066822102864705],[85.22788331773597,26.06677924262175],[85.22985582139802,26.065244140625225]]]}},{"type":"Feature","id":"hydrolakes:1383846","properties":{"Hylak_id":1383846,"Lake_name":"","Country":"India","Continent":"Asia","Poly_src":"SWBD","Lake_type":1,"Grand_id":0,"Lake_area":0.25,"Shore_len":3.2,"Shore_dev":1.82,"Vol_total":0.24,"Vol_res":0.0,"Vol_src":3,"Depth_avg":1.0,"Dis_avg":0.24,"Res_time":11.5,"Elevation":56,"Slope_100":0.16,"Wshd_area":15.4,"Pour_long":85.064961,"Pour_lat":26.050508,"source_id":"hydrolakes:1383846","label":""},"geometry":{"type":"Polygon","coordinates":[[[85.06822013855026,26.04697021484384],[85.06906105041543,26.045606825086907],[85.07079733530725,26.046359863281396],[85.07134647793293,26.047626139322972],[85.07234826405897,26.047090928819557],[85.07197517395053,26.046238335503574],[85.07042951371972,26.045126139322974],[85.06789551628998,26.044087185330056],[85.0675000000004,26.04361111111126],[85.0667788441981,26.043739691840358],[85.06551998562327,26.045330132378638],[85.06517805735314,26.04871771918414],[85.06292951371984,26.049448242187623],[85.06363933563267,26.05064697265641],[85.06574988047339,26.0512372504341],[85.06668560875818,26.050777180989712],[85.06614504496298,26.048349066840444],[85.06676701439784,26.047600368923725],[85.06822013855026,26.04697021484384]]]}},{"type":"Feature","id":"hydrolakes:1383848","properties":{"Hylak_id":1383848,"Lake_name":"","Country":"India","Continent":"Asia","Poly_src":"SWBD","Lake_type":1,"Grand_id":0,"Lake_area":0.13,"Shore_len":2.06,"Shore_dev":1.63,"Vol_total":0.11,"Vol_res":0.0,"Vol_src":3,"Depth_avg":0.9,"Dis_avg":0.033,"Res_time":38.5,"Elevation":56,"Slope_100":0.15,"Wshd_area":2.1,"Pour_long":85.145503,"Pour_lat":26.049673,"source_id":"hydrolakes:1383848","label":""},"geometry":{"type":"Polygon","coordinates":[[[85.14650989108668,26.050156792534892],[85.14611111111168,26.049166666666792],[85.14518278333918,26.04942518446188],[85.14508237203029,26.05010470920155],[85.14607578701481,26.05144449869806],[85.14475902133557,26.052998046875075],[85.14541586981909,26.054669053819623],[85.14570249769469,26.057343207465408],[85.14620408799959,26.056921115451644],[85.14662053426144,26.054469672309153],[85.14775624593159,26.05258680555562],[85.14737899780323,26.051232096354283],[85.14650989108668,26.050156792534892]]]}},{"type":"Feature","id":"hydrolakes:1383849","properties":{"Hylak_id":1383849,"Lake_name":"","Country":"India","Continent":"Asia","Poly_src":"SWBD","Lake_type":1,"Grand_id":0,"Lake_area":0.31,"Shore_len":2.76,"Shore_dev":1.4,"Vol_total":0.44,"Vol_res":0.0,"Vol_src":3,"Depth_avg":1.4,"Dis_avg":1.071,"Res_time":4.8,"Elevation":55,"Slope_100":0.34,"Wshd_area":69.8,"Pour_long":85.028212,"Pour_lat":26.049293,"source_id":"hydrolakes:1383849","label":""},"geometry":{"type":"Polygon","coordinates":[[[85.03096441057033,26.044868977864724],[85.03083333333382,26.04472222222239],[85.03000552495354,26.04497775607649],[85.02861298243249,26.04801188151049],[85.02733767403532,26.049837782118118],[85.02625781165267,26.05200249565985],[85.02675828933747,26.054823404948024],[85.02783572091033,26.055408799913437],[85.02879950841316,26.054719509548704],[85.02866764068636,26.052507052951512],[85.0314823638073,26.049338378906327],[85.03186235427887,26.04612087673621],[85.03151257197095,26.045358615451562],[85.03096441057033,26.044868977864724]]]}},{"type":"Feature","id":"hydrolakes:1383851","properties":{"Hylak_id":1383851,"Lake_name":"","Country":"India","Continent":"Asia","Poly_src":"SWBD","Lake_type":1,"Grand_id":0,"Lake_area":0.36,"Shore_len":2.5,"Shore_dev":1.17,"Vol_total":0.65,"Vol_res":0.0,"Vol_src":3,"Depth_avg":1.8,"Dis_avg":0.031,"Res_time":241.1,"Elevation":56,"Slope_100":0.5,"Wshd_area":1.9,"Pour_long":85.16006,"Pour_lat":26.048444,"source_id":"hydrolakes:1383851","label":""},"geometry":{"type":"Polygon","coordinates":[[[85.15570771959142,26.05232259114598],[85.15737686157274,26.050987684461916],[85.15820980495909,26.051234537760536],[85.1593506198463,26.05206787109387],[85.16132415771523,26.051770019531375],[85.16234575059713,26.050371636284865],[85.16206027560816,26.048159179687616],[85.16043202718151,26.046790093316076],[85.15916666666709,26.046388888889],[85.15818849351712,26.04655924479175],[85.15570980495914,26.048765462239714],[85.15376693725636,26.049863823784847],[85.15364824083167,26.05081814236121],[85.15570771959142,26.05232259114598]]]}},{"type":"Feature","id":"hydrolakes:1383852","properties":{"Hylak_id":1383852,"Lake_name":"","Country":"India","Continent":"Asia","Poly_src":"SWBD","Lake_type":1,"Grand_id":0,"Lake_area":0.15,"Shore_len":2.33,"Shore_dev":1.68,"Vol_total":0.18,"Vol_res":0.0,"Vol_src":3,"Depth_avg":1.2,"Dis_avg":0.025,"Res_time":84.7,"Elevation":51,"Slope_100":0.28,"Wshd_area":1.5,"Pour_long":85.323958,"Pour_lat":26.04848,"source_id":"hydrolakes:1383852","label":""},"geometry":{"type":"Polygon","coordinates":[[[85.31882632785425,26.051303439670278],[85.3215347968212,26.051291775173695],[85.32253075493759,26.0501771375869],[85.3256528049049,26.04826741536465],[85.32527777777813,26.04722222222233],[85.32318664550843,26.04790879991333],[85.32289093017613,26.048553059895937],[85.32200239393512,26.0492976888022],[85.32084794786294,26.04800564236126],[85.31959113227032,26.048523491753656],[85.32043097602048,26.04927381727441],[85.3203357272684,26.04985324435779],[85.31893117268913,26.049090169271096],[85.31792446560394,26.0504975043404],[85.31882632785425,26.051303439670278]]]}},{"type":"Feature","id":"hydrolakes:1383854","properties":{"Hylak_id":1383854,"Lake_name":"","Country":"India","Continent":"Asia","Poly_src":"SWBD","Lake_type":1,"Grand_id":0,"Lake_area":0.17,"Shore_len":3.31,"Shore_dev":2.29,"Vol_total":0.2,"Vol_res":0.0,"Vol_src":3,"Depth_avg":1.2,"Dis_avg":0.16,"Res_time":14.8,"Elevation":51,"Slope_100":0.3,"Wshd_area":9.6,"Pour_long":85.682943,"Pour_lat":26.046647,"source_id":"hydrolakes:1383854","label":""},"geometry":{"type":"Polygon","coordinates":[[[85.68179524739645,26.037371419270983],[85.68166666666718,26.036666666666804],[85.68100077311243,26.036867133246744],[85.68106587727937,26.03977647569451],[85.67906317816892,26.042059733073074],[85.67895799424952,26.043368869357835],[85.67951049804725,26.044010145399454],[85.6820293511289,26.04554009331605],[85.683700561524,26.04901746961815],[85.68381490071653,26.0466924370661],[85.68173794216636,26.04379991319462],[85.68044521755684,26.04341064453132],[85.68031751844671,26.041821831597304],[85.68173848470093,26.041394042968875],[85.68216830783479,26.04022379557307],[85.68211330837715,26.03823757595501],[85.68179524739645,26.037371419270983]]]}},{"type":"Feature","id":"hydrolakes:1383855","properties":{"Hylak_id":1383855,"Lake_name":"","Country":"India","Continent":"Asia","Poly_src":"SWBD","Lake_type":1,"Grand_id":0,"Lake_area":0.72,"Shore_len":4.17,"Shore_dev":1.38,"Vol_total":1.52,"Vol_res":0.0,"Vol_src":3,"Depth_avg":2.1,"Dis_avg":1.145,"Res_time":15.4,"Elevation":54,"Slope_100":0.57,"Wshd_area":74.6,"Pour_long":85.021475,"Pour_lat":26.045519,"source_id":"hydrolakes:1383855","label":""},"geometry":{"type":"Polygon","coordinates":[[[85.01583333333383,26.059077419704977],[85.0187962606222,26.059038899739676],[85.02115947087657,26.058060980902894],[85.02200520833372,26.056504720052146],[85.02247823291384,26.054738498263987],[85.02205106099478,26.05193033854181],[85.02203916761664,26.048981119791733],[85.02235329945921,26.04763102213559],[85.02374218834808,26.04639024522595],[85.02312981075767,26.045395779080025],[85.02193927976856,26.045466579861227],[85.02111111111162,26.045000000000243],[85.02085096041395,26.045232476128604],[85.01888650682275,26.05027696397582],[85.01691107326133,26.052541775173722],[85.01653559049021,26.053757866753585],[85.0140355904901,26.057450900607705],[85.0144285848412,26.05899359809041],[85.01583333333383,26.059077419704977]]]}},{"type":"Feature","id":"hydrolakes:1383858","properties":{"Hylak_id":1383858,"Lake_name":"","Country":"India","Continent":"Asia","Poly_src":"SWBD","Lake_type":1,"Grand_id":0,"Lake_area":0.15,"Shore_len":2.25,"Shore_dev":1.62,"Vol_total":0.18,"Vol_res":0.0,"Vol_src":3,"Depth_avg":1.2,"Dis_avg":0.138,"Res_time":15.0,"Elevation":50,"Slope_100":0.27,"Wshd_area":8.3,"Pour_long":85.630208,"Pour_lat":26.044795,"source_id":"hydrolakes:1383858","label":""},"geometry":{"type":"Polygon","coordinates":[[[85.6310248480907,26.046189507378585],[85.63084723578618,26.04498779296887],[85.63154920789987,26.04404079861132],[85.63315185546924,26.043082411024386],[85.63351074218787,26.042205403645994],[85.63340515136764,26.04149034288207],[85.63250000000039,26.040277777777874],[85.63178765191026,26.040398763020903],[85.6315456814242,26.04099012586829],[85.63095431857681,26.04123209635435],[85.63071234809064,26.04170003255217],[85.63143703884595,26.042901475694578],[85.62959465874621,26.04418267144115],[85.62932345920177,26.04515679253484],[85.62892639160196,26.04546332465293],[85.62737901475731,26.04556667751757],[85.62856886122,26.04717176649325],[85.62966539171049,26.047009548611186],[85.6310248480907,26.046189507378585]]]}},{"type":"Feature","id":"hydrolakes:1383861","properties":{"Hylak_id":1383861,"Lake_name":"","Country":"India","Continent":"Asia","Poly_src":"SWBD","Lake_type":1,"Grand_id":0,"Lake_area":0.54,"Shore_len":3.9,"Shore_dev":1.5,"Vol_total":1.04,"Vol_res":0.0,"Vol_src":3,"Depth_avg":1.9,"Dis_avg":0.056,"Res_time":214.6,"Elevation":55,"Slope_100":0.52,"Wshd_area":3.7,"Pour_long":85.028301,"Pour_lat":26.042621,"source_id":"hydrolakes:1383861","label":""},"geometry":{"type":"Polygon","coordinates":[[[85.03720156351761,26.04289605034745],[85.03773429658725,26.041941189236184],[85.03573838975734,26.039610460069525],[85.03691399892216,26.0379524739584],[85.03611111111161,26.037222222222397],[85.0328417523707,26.037984212239735],[85.03231149461573,26.039172363281466],[85.0311434788178,26.040819769965424],[85.02730831570148,26.041834852430668],[85.02604762819135,26.041832953559094],[85.02570477379726,26.042792697482696],[85.02853239695276,26.043644205729265],[85.02960338168725,26.04288492838549],[85.03071434232965,26.04297417534741],[85.03271169662526,26.044323187934197],[85.03334164513535,26.045054253472415],[85.03274500317076,26.046678873698056],[85.03400888443036,26.047073025173688],[85.03676536560113,26.043873426649554],[85.03720156351761,26.04289605034745]]]}},{"type":"Feature","id":"hydrolakes:1383870","properties":{"Hylak_id":1383870,"Lake_name":"","Country":"India","Continent":"Asia","Poly_src":"SWBD","Lake_type":1,"Grand_id":0,"Lake_area":0.27,"Shore_len":2.2,"Shore_dev":1.18,"Vol_total":0.39,"Vol_res":0.0,"Vol_src":3,"Depth_avg":1.4,"Dis_avg":0.057,"Res_time":78.8,"Elevation":51,"Slope_100":0.34,"Wshd_area":3.5,"Pour_long":85.33279,"Pour_lat":26.036085,"source_id":"hydrolakes:1383870","label":""},"geometry":{"type":"Polygon","coordinates":[[[85.33262101915216,26.034601236979313],[85.33250000000055,26.034444444444603],[85.33128197564076,26.034783528646074],[85.33115926106808,26.035614149305616],[85.33187113444058,26.036574164496813],[85.33154564751561,26.038490125868123],[85.33088053385455,26.040012207031396],[85.33275258382201,26.041716037326466],[85.33401509602913,26.042212456597326],[85.33558793809715,26.040998535156405],[85.33574598524359,26.039928927951507],[85.33475599500923,26.03659695095496],[85.33349022759387,26.034956868489644],[85.33262101915216,26.034601236979313]]]}},{"type":"Feature","id":"hydrolakes:1383871","properties":{"Hylak_id":1383871,"Lake_name":"","Country":"India","Continent":"Asia","Poly_src":"SWBD","Lake_type":1,"Grand_id":0,"Lake_area":0.35,"Shore_len":3.34,"Shore_dev":1.58,"Vol_total":0.45,"Vol_res":0.0,"Vol_src":3,"Depth_avg":1.3,"Dis_avg":0.382,"Res_time":13.6,"Elevation":51,"Slope_100":0.25,"Wshd_area":23.1,"Pour_long":85.521838,"Pour_lat":26.036462,"source_id":"hydrolakes:1383871","label":""},"geometry":{"type":"Polygon","coordinates":[[[85.5183016628693,26.039848361545296],[85.51992085774793,26.037968750000175],[85.52376034206856,26.03709364149313],[85.5248507690435,26.036312934027876],[85.52388888888936,26.035000000000082],[85.52162865532813,26.03546793619813],[85.52010708279136,26.03490912543424],[85.51696641710123,26.037886284722447],[85.51586717393718,26.038184136284826],[85.51466427273272,26.036787923177314],[85.51296712239622,26.036328125000068],[85.51237145317981,26.03714979383693],[85.51348988850947,26.038113606771105],[85.51349249945787,26.039696994357712],[85.51506981743745,26.041055772569678],[85.51679382324266,26.040917426215344],[85.5183016628693,26.039848361545296]]]}},{"type":"Feature","id":"hydrolakes:1383874","properties":{"Hylak_id":1383874,"Lake_name":"","Country":"India","Continent":"Asia","Poly_src":"SWBD","Lake_type":1,"Grand_id":0,"Lake_area":0.11,"Shore_len":1.41,"Shore_dev":1.21,"Vol_total":0.13,"Vol_res":0.0,"Vol_src":3,"Depth_avg":1.2,"Dis_avg":0.019,"Res_time":76.7,"Elevation":51,"Slope_100":0.31,"Wshd_area":1.2,"Pour_long":85.535533,"Pour_lat":26.034512,"source_id":"hydrolakes:1383874","label":""},"geometry":{"type":"Polygon","coordinates":[[[85.53857123480952,26.033302951388976],[85.53805555555607,26.03250000000014],[85.53704057481605,26.032735188802178],[85.53605980767185,26.03259033203136],[85.53471544053878,26.032982313368166],[85.53408671061237,26.033796929253583],[85.5344436645513,26.036212293836968],[85.53509670681461,26.03650987413215],[85.53656663682773,26.03460557725714],[85.53802717420825,26.034007703993154],[85.53857123480952,26.033302951388976]]]}},{"type":"Feature","id":"hydrolakes:1383878","properties":{"Hylak_id":1383878,"Lake_name":"","Country":"India","Continent":"Asia","Poly_src":"SWBD","Lake_type":1,"Grand_id":0,"Lake_area":0.26,"Shore_len":2.58,"Shore_dev":1.43,"Vol_total":0.43,"Vol_res":0.0,"Vol_src":3,"Depth_avg":1.7,"Dis_avg":0.516,"Res_time":9.7,"Elevation":45,"Slope_100":0.5,"Wshd_area":26.4,"Pour_long":86.503026,"Pour_lat":26.032989,"source_id":"hydrolakes:1383878","label":""},"geometry":{"type":"Polygon","coordinates":[[[86.50345431857687,26.03265679253485],[86.50333333333384,26.03250000000014],[86.50214396158907,26.032645399305636],[86.50199503580797,26.033653428819605],[86.50537326388951,26.036203884548684],[86.50922892252663,26.03710422092024],[86.51131266276087,26.038442382812605],[86.51233493381142,26.037063802083424],[86.51013766818625,26.035103895399402],[86.50762098524365,26.03432345920146],[86.50654568142403,26.033454318576503],[86.50433648003519,26.0331844075522],[86.50345431857687,26.03265679253485]]]}},{"type":"Feature","id":"hydrolakes:1383881","properties":{"Hylak_id":1383881,"Lake_name":"","Country":"India","Continent":"Asia","Poly_src":"SWBD","Lake_type":1,"Grand_id":0,"Lake_area":0.83,"Shore_len":3.63,"Shore_dev":1.12,"Vol_total":1.83,"Vol_res":0.0,"Vol_src":3,"Depth_avg":2.2,"Dis_avg":0.441,"Res_time":48.1,"Elevation":54,"Slope_100":0.61,"Wshd_area":28.0,"Pour_long":85.126042,"Pour_lat":26.030676,"source_id":"hydrolakes:1383881","label":""},"geometry":{"type":"Polygon","coordinates":[[[85.13124218410957,26.0266175672744],[85.13029603746247,26.025262858073063],[85.125059611003,26.023433159722344],[85.1247222222226,26.023055555555686],[85.12374218410969,26.023186577691035],[85.12314151340115,26.023512912326453],[85.12260066562283,26.024691569010486],[85.12162608676522,26.025562337239705],[85.1204142591692,26.02512749565983],[85.1198689270023,26.025497504340365],[85.1205141533751,26.026685112847304],[85.11935268825988,26.028347710503567],[85.1198689270023,26.029297688802274],[85.12022466871514,26.03120361328132],[85.12292448255783,26.031519911024418],[85.12532234191946,26.03257541232648],[85.12832204182979,26.030945366753542],[85.12998062133823,26.02908908420153],[85.13095742119731,26.028640679253613],[85.13124218410957,26.0266175672744]]]}},{"type":"Feature","id":"hydrolakes:1383883","properties":{"Hylak_id":1383883,"Lake_name":"","Country":"India","Continent":"Asia","Poly_src":"SWBD","Lake_type":1,"Grand_id":0,"Lake_area":0.23,"Shore_len":2.03,"Shore_dev":1.2,"Vol_total":0.36,"Vol_res":0.0,"Vol_src":3,"Depth_avg":1.6,"Dis_avg":0.516,"Res_time":8.0,"Elevation":45,"Slope_100":0.45,"Wshd_area":26.4,"Pour_long":86.503525,"Pour_lat":26.029927,"source_id":"hydrolakes:1383883","label":""},"geometry":{"type":"Polygon","coordinates":[[[86.50851101345552,26.02815049913221],[86.50846164279562,26.027322048611268],[86.50666666666717,26.02638888888896],[86.50574896918465,26.02656005859393],[86.50421969943619,26.027628309461875],[86.50309095594667,26.0270149739585],[86.50108547634596,26.02713460286469],[86.50070231119838,26.0278268771703],[86.50218356662373,26.030038791232755],[86.50332695855087,26.030766059027883],[86.5070400661898,26.02929036458346],[86.50851101345552,26.02815049913221]]]}},{"type":"Feature","id":"hydrolakes:1383884","properties":{"Hylak_id":1383884,"Lake_name":"","Country":"India","Continent":"Asia","Poly_src":"SWBD","Lake_type":1,"Grand_id":0,"Lake_area":0.19,"Shore_len":2.42,"Shore_dev":1.58,"Vol_total":0.22,"Vol_res":0.0,"Vol_src":3,"Depth_avg":1.2,"Dis_avg":0.06,"Res_time":43.2,"Elevation":49,"Slope_100":0.28,"Wshd_area":3.1,"Pour_long":86.699013,"Pour_lat":26.029224,"source_id":"hydrolakes:1383884","label":""},"geometry":{"type":"Polygon","coordinates":[[[86.70148369683227,26.02992892795146],[86.70192342122459,26.029098307291804],[86.70082614474893,26.028517523871642],[86.69388888888938,26.026666666666756],[86.69097751193635,26.02683105468759],[86.69162231445375,26.028123101128642],[86.69269775390677,26.02849989149314],[86.69682956271748,26.029321017795212],[86.69885701497458,26.02924072265631],[86.70148369683227,26.02992892795146]]]}},{"type":"Feature","id":"hydrolakes:1383892","properties":{"Hylak_id":1383892,"Lake_name":"","Country":"India","Continent":"Asia","Poly_src":"SWBD","Lake_type":1,"Grand_id":0,"Lake_area":0.19,"Shore_len":2.28,"Shore_dev":1.48,"Vol_total":0.22,"Vol_res":0.0,"Vol_src":3,"Depth_avg":1.1,"Dis_avg":0.121,"Res_time":20.8,"Elevation":55,"Slope_100":0.25,"Wshd_area":7.5,"Pour_long":85.198825,"Pour_lat":26.021322,"source_id":"hydrolakes:1383892","label":""},"geometry":{"type":"Polygon","coordinates":[[[85.20431588067004,26.019315863715406],[85.20497012668221,26.01895073784732],[85.20588131374848,26.01690890842025],[85.20500000000061,26.016111111111286],[85.20340793185807,26.016401638455022],[85.20108912150124,26.019092881944516],[85.19987009684303,26.018994954427228],[85.19764921400349,26.02184461805564],[85.19817170884909,26.022350802951507],[85.19985078599751,26.02096191406264],[85.2026492140032,26.02014919704868],[85.20431588067004,26.019315863715406]]]}},{"type":"Feature","id":"hydrolakes:1383894","properties":{"Hylak_id":1383894,"Lake_name":"","Country":"India","Continent":"Asia","Poly_src":"SWBD","Lake_type":1,"Grand_id":0,"Lake_area":0.16,"Shore_len":2.47,"Shore_dev":1.73,"Vol_total":0.24,"Vol_res":0.0,"Vol_src":3,"Depth_avg":1.5,"Dis_avg":0.027,"Res_time":104.0,"Elevation":50,"Slope_100":0.46,"Wshd_area":1.5,"Pour_long":85.893995,"Pour_lat":26.019695,"source_id":"hydrolakes:1383894","label":""},"geometry":{"type":"Polygon","coordinates":[[[85.89511461046061,26.01936035156274],[85.8969553629563,26.019131401909817],[85.90010002983985,26.019845648871808],[85.89888888888947,26.0183333333336],[85.89436503092509,26.018462727864744],[85.89287597656295,26.01930447048619],[85.89191609700583,26.02093750000006],[85.89304429796044,26.022346462673738],[85.89510511610291,26.02313856336815],[85.89585198296493,26.02254041883691],[85.8945987277566,26.020824652777833],[85.89511461046061,26.01936035156274]]]}},{"type":"Feature","id":"hydrolakes:1383902","properties":{"Hylak_id":1383902,"Lake_name":"","Country":"India","Continent":"Asia","Poly_src":"SWBD","Lake_type":1,"Grand_id":0,"Lake_area":0.35,"Shore_len":3.41,"Shore_dev":1.62,"Vol_total":0.52,"Vol_res":0.0,"Vol_src":3,"Depth_avg":1.5,"Dis_avg":0.013,"Res_time":465.4,"Elevation":51,"Slope_100":0.35,"Wshd_area":0.8,"Pour_long":85.346092,"Pour_lat":26.009592,"source_id":"hydrolakes:1383902","label":""},"geometry":{"type":"Polygon","coordinates":[[[85.34623267279778,26.011048990885627],[85.34646521674296,26.008154839409826],[85.34514923095753,26.00589762369799],[85.34774878607902,26.00391791449664],[85.34942060682556,26.004850802951523],[85.34927130805175,26.00366292317733],[85.34848961724231,26.002989366319696],[85.34777777777816,26.001388888889153],[85.34677127414312,26.00169189453146],[85.34568410237665,26.002628580729436],[85.34542700873516,26.0034825303822],[85.34203860812772,26.00766872829871],[85.34126034206861,26.010512424045203],[85.34152323404982,26.010993109809135],[85.34250000000048,26.010300564236218],[85.34346398247652,26.01098415798623],[85.34623267279778,26.011048990885627]]]}},{"type":"Feature","id":"hydrolakes:1383903","properties":{"Hylak_id":1383903,"Lake_name":"","Country":"India","Continent":"Asia","Poly_src":"SWBD","Lake_type":1,"Grand_id":0,"Lake_area":0.14,"Shore_len":2.19,"Shore_dev":1.62,"Vol_total":0.2,"Vol_res":0.0,"Vol_src":3,"Depth_avg":1.4,"Dis_avg":0.191,"Res_time":12.1,"Elevation":50,"Slope_100":0.39,"Wshd_area":11.6,"Pour_long":85.437998,"Pour_lat":26.009729,"source_id":"hydrolakes:1383903","label":""},"geometry":{"type":"Polygon","coordinates":[[[85.43789879692969,26.009045681423743],[85.43777777777808,26.008888888889032],[85.43689225938635,26.009135470920228],[85.43664988199919,26.010775553385656],[85.43810306125272,26.013038194444505],[85.43894148084905,26.016232096354315],[85.44023434109215,26.01589843750014],[85.4411205715607,26.014702962239653],[85.43956546359647,26.012934570312666],[85.43928768581873,26.011299641927224],[85.43765675862687,26.0108452690975],[85.43789879692969,26.01039876302093],[85.43900990804076,26.010089246961968],[85.43867441813194,26.009363064236197],[85.43789879692969,26.009045681423743]]]}},{"type":"Feature","id":"hydrolakes:1383905","properties":{"Hylak_id":1383905,"Lake_name":"","Country":"India","Continent":"Asia","Poly_src":"SWBD","Lake_type":1,"Grand_id":0,"Lake_area":0.11,"Shore_len":1.46,"Shore_dev":1.26,"Vol_total":0.13,"Vol_res":0.0,"Vol_src":3,"Depth_avg":1.2,"Dis_avg":0.041,"Res_time":36.5,"Elevation":51,"Slope_100":0.34,"Wshd_area":2.5,"Pour_long":85.42135,"Pour_lat":26.008782,"source_id":"hydrolakes:1383905","label":""},"geometry":{"type":"Polygon","coordinates":[[[85.42099009196,26.00512098524314],[85.42027777777832,26.004166666666777],[85.41984324137422,26.004287651909806],[85.41916208903046,26.006551649305607],[85.42103176540866,26.0092876519098],[85.42289879692959,26.008952365451478],[85.42265675862689,26.007898763021046],[85.42132659912153,26.006329481336877],[85.42099009196,26.00512098524314]]]}},{"type":"Feature","id":"hydrolakes:1383911","properties":{"Hylak_id":1383911,"Lake_name":"","Country":"India","Continent":"Asia","Poly_src":"SWBD","Lake_type":1,"Grand_id":0,"Lake_area":0.36,"Shore_len":3.21,"Shore_dev":1.52,"Vol_total":0.64,"Vol_res":0.0,"Vol_src":3,"Depth_avg":1.8,"Dis_avg":0.066,"Res_time":111.5,"Elevation":53,"Slope_100":0.51,"Wshd_area":4.1,"Pour_long":85.28842,"Pour_lat":26.005668,"source_id":"hydrolakes:1383911","label":""},"geometry":{"type":"Polygon","coordinates":[[[85.28405426025432,26.010165473090353],[85.28698065863756,26.00700710720497],[85.28847751193632,26.00653320312523],[85.29013359917587,26.00517605251747],[85.28751346164324,26.00475884331604],[85.28722222222274,26.004444444444516],[85.28387429131436,26.005342881944557],[85.28279222276518,26.00591525607649],[85.28328143649685,26.00731119791675],[85.28259984334363,26.007942708333587],[85.28014417860288,26.0079928927953],[85.2807542758523,26.009733615451523],[85.27998755561032,26.01160020616328],[85.28108934190578,26.013189019097297],[85.28405426025432,26.010165473090353]]]}},{"type":"Feature","id":"hydrolakes:1383912","properties":{"Hylak_id":1383912,"Lake_name":"","Country":"India","Continent":"Asia","Poly_src":"SWBD","Lake_type":1,"Grand_id":0,"Lake_area":0.34,"Shore_len":2.55,"Shore_dev":1.24,"Vol_total":0.57,"Vol_res":0.0,"Vol_src":3,"Depth_avg":1.7,"Dis_avg":0.262,"Res_time":25.3,"Elevation":56,"Slope_100":0.47,"Wshd_area":16.6,"Pour_long":85.119777,"Pour_lat":26.004582,"source_id":"hydrolakes:1383912","label":""},"geometry":{"type":"Polygon","coordinates":[[[85.12514418707991,25.997355685763978],[85.1247222222226,25.996666666666783],[85.12272037082283,25.9976201714411],[85.11964529249451,25.998593750000225],[85.1190330759689,26.000340440538253],[85.11933242797892,26.005411241319678],[85.1240330759689,26.001255425347324],[85.12441267225529,26.00005642361117],[85.12539826287212,25.9990755208334],[85.12544145372226,25.997985839843864],[85.12514418707991,25.997355685763978]]]}},{"type":"Feature","id":"hydrolakes:1383914","properties":{"Hylak_id":1383914,"Lake_name":"","Country":"India","Continent":"Asia","Poly_src":"SWBD","Lake_type":1,"Grand_id":0,"Lake_area":0.14,"Shore_len":2.0,"Shore_dev":1.53,"Vol_total":0.19,"Vol_res":0.0,"Vol_src":3,"Depth_avg":1.4,"Dis_avg":0.464,"Res_time":4.8,"Elevation":51,"Slope_100":0.42,"Wshd_area":28.2,"Pour_long":85.448773,"Pour_lat":26.003089,"source_id":"hydrolakes:1383914","label":""},"geometry":{"type":"Polygon","coordinates":[[[85.45047231038461,26.00365993923623],[85.45179897732243,26.002900119357776],[85.4541574774853,26.00333631727443],[85.45484825982055,26.002782118055677],[85.45230923122864,26.001681043836925],[85.45166666666717,26.000555555555707],[85.44894653320347,26.002348361545273],[85.44807908799964,26.001303982205116],[85.44754669189496,26.001944986979254],[85.44796702067111,26.00421766493065],[85.45047231038461,26.00365993923623]]]}},{"type":"Feature","id":"hydrolakes:1383915","properties":{"Hylak_id":1383915,"Lake_name":"","Country":"India","Continent":"Asia","Poly_src":"SWBD","Lake_type":1,"Grand_id":0,"Lake_area":0.15,"Shore_len":2.02,"Shore_dev":1.45,"Vol_total":0.26,"Vol_res":0.0,"Vol_src":3,"Depth_avg":1.7,"Dis_avg":0.129,"Res_time":23.5,"Elevation":24,"Slope_100":0.59,"Wshd_area":3.7,"Pour_long":89.784904,"Pour_lat":26.002861,"source_id":"hydrolakes:1383915","label":""},"geometry":{"type":"Polygon","coordinates":[[[89.78577039930627,26.002722167968898],[89.7855555555563,26.001388888889153],[89.78415473090365,26.001564127604354],[89.78441351996617,26.003644748264037],[89.78265407986186,26.00432101779529],[89.78089138454948,26.004627549913266],[89.77987630208412,26.006017252604295],[89.78017903645906,26.007001953125155],[89.78131022135489,26.007142740885513],[89.7836425781257,26.00628038194452],[89.78563802083403,26.003785264757084],[89.78577039930627,26.002722167968898]]]}},{"type":"Feature","id":"hydrolakes:1383917","properties":{"Hylak_id":1383917,"Lake_name":"","Country":"India","Continent":"Asia","Poly_src":"SWBD","Lake_type":1,"Grand_id":0,"Lake_area":0.22,"Shore_len":2.76,"Shore_dev":1.68,"Vol_total":0.27,"Vol_res":0.0,"Vol_src":3,"Depth_avg":1.3,"Dis_avg":130.804,"Res_time":0.1,"Elevation":41,"Slope_100":0.29,"Wshd_area":3316.0,"Pour_long":87.750972,"Pour_lat":26.001742,"source_id":"hydrolakes:1383917","label":""},"geometry":{"type":"Polygon","coordinates":[[[87.75175211588612,26.001419813368216],[87.75194444444514,26.000555555555707],[87.7504039171015,26.00068169487855],[87.74904676649368,26.00301649305578],[87.74936225043456,26.006111111111238],[87.7490866427957,26.00881510416673],[87.75121310763944,26.010648328993227],[87.75233995225773,26.01076307508697],[87.75239474826441,26.010225423177246],[87.75115966796938,26.008664822048672],[87.75120469835144,26.0065009223091],[87.75182698567761,26.005414496527976],[87.750707194011,26.00399983723969],[87.75097276475765,26.002845594618123],[87.75182535807357,26.00213758680576],[87.75175211588612,26.001419813368216]]]}},{"type":"Feature","id":"hydrolakes:1383920","properties":{"Hylak_id":1383920,"Lake_name":"","Country":"India","Continent":"Asia","Poly_src":"SWBD","Lake_type":1,"Grand_id":0,"Lake_area":0.13,"Shore_len":1.66,"Shore_dev":1.32,"Vol_total":0.18,"Vol_res":0.0,"Vol_src":3,"Depth_avg":1.4,"Dis_avg":0.025,"Res_time":81.3,"Elevation":52,"Slope_100":0.41,"Wshd_area":1.5,"Pour_long":85.359071,"Pour_lat":25.998509,"source_id":"hydrolakes:1383920","label":""},"geometry":{"type":"Polygon","coordinates":[[[85.36015424940376,25.997932128906484],[85.36027777777821,25.997777777777856],[85.35873463948604,25.99790120442725],[85.35549041748095,25.998907877604267],[85.35462436252209,26.000914171007025],[85.35522762722485,26.002345648871653],[85.35675201416063,26.00185031467032],[85.35793809678876,25.99975830078131],[85.3595163642039,25.998960774739658],[85.36015424940376,25.997932128906484]]]}},{"type":"Feature","id":"hydrolakes:1383926","properties":{"Hylak_id":1383926,"Lake_name":"","Country":"India","Continent":"Asia","Poly_src":"SWBD","Lake_type":1,"Grand_id":0,"Lake_area":0.28,"Shore_len":3.04,"Shore_dev":1.61,"Vol_total":0.39,"Vol_res":0.0,"Vol_src":3,"Depth_avg":1.4,"Dis_avg":130.899,"Res_time":0.1,"Elevation":40,"Slope_100":0.32,"Wshd_area":3318.9,"Pour_long":87.755609,"Pour_lat":25.993857,"source_id":"hydrolakes:1383926","label":""},"geometry":{"type":"Polygon","coordinates":[[[87.75468071831654,25.99929524739599],[87.75679524739638,25.99540635850707],[87.75774658203187,25.994191623263987],[87.75722683376807,25.993260362413423],[87.75619357638942,25.992370062934185],[87.75631673177139,25.990837402343857],[87.7561111111117,25.990277777777806],[87.75435384114644,25.991448025173725],[87.75346869574713,25.99095404730923],[87.75293429904565,25.991574164496683],[87.75376356336864,25.995142144097372],[87.75265272352493,25.997644314236254],[87.75181586371588,25.998932020399536],[87.75269585503526,25.99929524739599],[87.75401367187561,25.997191026475832],[87.75429524739644,25.99903808593757],[87.75468071831654,25.99929524739599]]]}},{"type":"Feature","id":"hydrolakes:1383930","properties":{"Hylak_id":1383930,"Lake_name":"","Country":"India","Continent":"Asia","Poly_src":"SWBD","Lake_type":1,"Grand_id":0,"Lake_area":0.2,"Shore_len":1.77,"Shore_dev":1.1,"Vol_total":0.24,"Vol_res":0.0,"Vol_src":3,"Depth_avg":1.2,"Dis_avg":0.075,"Res_time":37.0,"Elevation":56,"Slope_100":0.25,"Wshd_area":4.8,"Pour_long":85.069518,"Pour_lat":25.990984,"source_id":"hydrolakes:1383930","label":""},"geometry":{"type":"Polygon","coordinates":[[[85.07375781165268,25.989297688802196],[85.07333333333361,25.988611111111197],[85.07094881269705,25.989022352430652],[85.06820225609715,25.99147650824665],[85.06887020958851,25.992236870659838],[85.07099566141807,25.992893337673877],[85.07241010030157,25.9936618381077],[85.074019966126,25.992223578559106],[85.07375781165268,25.989297688802196]]]}},{"type":"Feature","id":"hydrolakes:1383947","properties":{"Hylak_id":1383947,"Lake_name":"","Country":"India","Continent":"Asia","Poly_src":"SWBD","Lake_type":1,"Grand_id":0,"Lake_area":0.74,"Shore_len":4.05,"Shore_dev":1.33,"Vol_total":1.64,"Vol_res":0.0,"Vol_src":3,"Depth_avg":2.2,"Dis_avg":0.019,"Res_time":1001.1,"Elevation":54,"Slope_100":0.64,"Wshd_area":1.2,"Pour_long":85.160417,"Pour_lat":25.977286,"source_id":"hydrolakes:1383947","label":""},"geometry":{"type":"Polygon","coordinates":[[[85.16151745266421,25.97626030815985],[85.16111111111155,25.975277777777933],[85.1592860243062,25.975610622830004],[85.15645835028806,25.97668375651051],[85.15521119859534,25.977758246527912],[85.154794481066,25.97889295789946],[85.15472627427874,25.982511393229345],[85.15555194430914,25.985268012152915],[85.1563856845437,25.989838595920276],[85.15757648044195,25.98993408203137],[85.15886854383734,25.98786404079874],[85.15848680284324,25.983113335503617],[85.1611730787493,25.98191460503483],[85.16262856377529,25.979305826823065],[85.16237143622544,25.97735080295155],[85.16151745266421,25.97626030815985]]]}},{"type":"Feature","id":"hydrolakes:1383949","properties":{"Hylak_id":1383949,"Lake_name":"","Country":"India","Continent":"Asia","Poly_src":"SWBD","Lake_type":1,"Grand_id":0,"Lake_area":0.18,"Shore_len":2.23,"Shore_dev":1.47,"Vol_total":0.24,"Vol_res":0.0,"Vol_src":3,"Depth_avg":1.3,"Dis_avg":0.062,"Res_time":44.8,"Elevation":54,"Slope_100":0.33,"Wshd_area":3.9,"Pour_long":85.172338,"Pour_lat":25.973272,"source_id":"hydrolakes:1383949","label":""},"geometry":{"type":"Polygon","coordinates":[[[85.1738425021706,25.9725330946182],[85.17361111111148,25.971944444444603],[85.17259716457846,25.972226833767593],[85.170599941678,25.973707411024463],[85.16861601087828,25.974431423611293],[85.1677775404192,25.975562337239637],[85.1688764614533,25.976921929253592],[85.16862197876009,25.978644205729324],[85.16957351684601,25.979218207465408],[85.17023734198716,25.978705783420253],[85.1712832472063,25.977077365451464],[85.17071233113677,25.97663655598967],[85.1718481784402,25.97441758897577],[85.17318969726597,25.97361518012167],[85.1738425021706,25.9725330946182]]]}},{"type":"Feature","id":"hydrolakes:1383952","properties":{"Hylak_id":1383952,"Lake_name":"","Country":"India","Continent":"Asia","Poly_src":"SWBD","Lake_type":1,"Grand_id":0,"Lake_area":0.36,"Shore_len":2.77,"Shore_dev":1.3,"Vol_total":0.63,"Vol_res":0.0,"Vol_src":3,"Depth_avg":1.8,"Dis_avg":0.065,"Res_time":112.8,"Elevation":55,"Slope_100":0.49,"Wshd_area":4.1,"Pour_long":85.144783,"Pour_lat":25.969317,"source_id":"hydrolakes:1383952","label":""},"geometry":{"type":"Polygon","coordinates":[[[85.14472807990222,25.97108262803829],[85.14603001912468,25.969035644531402],[85.14709114922454,25.969297688802158],[85.14887066311343,25.970676812066074],[85.1500625610355,25.970747884114644],[85.15121719360383,25.96971625434037],[85.15154261271198,25.9678849283855],[85.15042448255787,25.965964355468827],[85.14861111111156,25.963888888889016],[85.1479006110302,25.964108344184126],[85.14514369540791,25.967034776475828],[85.14378829108381,25.96991319444453],[85.14369251675117,25.971519911024473],[85.14472807990222,25.97108262803829]]]}},{"type":"Feature","id":"hydrolakes:1383956","properties":{"Hylak_id":1383956,"Lake_name":"","Country":"India","Continent":"Asia","Poly_src":"SWBD","Lake_type":1,"Grand_id":0,"Lake_area":0.26,"Shore_len":2.48,"Shore_dev":1.37,"Vol_total":0.4,"Vol_res":0.0,"Vol_src":3,"Depth_avg":1.5,"Dis_avg":0.061,"Res_time":76.6,"Elevation":52,"Slope_100":0.42,"Wshd_area":3.7,"Pour_long":85.292792,"Pour_lat":25.96752,"source_id":"hydrolakes:1383956","label":""},"geometry":{"type":"Polygon","coordinates":[[[85.29348758273687,25.966956108941076],[85.2937957085507,25.965709906684083],[85.29459869384806,25.965956759982703],[85.29573950873515,25.966790093316035],[85.29678202311237,25.966300455729254],[85.29693640814935,25.96505913628482],[85.29603512234218,25.963933648003604],[85.29333468967053,25.964269476996606],[85.29250000000042,25.96305555555574],[85.29098758273699,25.964043240017418],[85.28933810763925,25.964738226996587],[85.28918958875903,25.965932345920237],[85.29054521348775,25.967625325521055],[85.29366872151763,25.96856906467019],[85.2940521579323,25.967916666666724],[85.29348758273687,25.966956108941076]]]}},{"type":"Feature","id":"hydrolakes:1383959","properties":{"Hylak_id":1383959,"Lake_name":"","Country":"India","Continent":"Asia","Poly_src":"SWBD","Lake_type":1,"Grand_id":0,"Lake_area":0.21,"Shore_len":1.86,"Shore_dev":1.15,"Vol_total":0.37,"Vol_res":0.0,"Vol_src":3,"Depth_avg":1.8,"Dis_avg":0.035,"Res_time":120.9,"Elevation":51,"Slope_100":0.58,"Wshd_area":2.1,"Pour_long":85.283207,"Pour_lat":25.966901,"source_id":"hydrolakes:1383959","label":""},"geometry":{"type":"Polygon","coordinates":[[[85.28290634155309,25.961538085937605],[85.28277777777811,25.96138888888902],[85.28129280938094,25.96224500868061],[85.28119920518719,25.9634101019966],[85.28361565483988,25.967894694010567],[85.28449122111039,25.967964952257034],[85.28595218234648,25.966915961371626],[85.2860791185172,25.965336371527883],[85.28530176798552,25.96409532335076],[85.28290634155309,25.961538085937605]]]}},{"type":"Feature","id":"hydrolakes:1383964","properties":{"Hylak_id":1383964,"Lake_name":"","Country":"India","Continent":"Asia","Poly_src":"SWBD","Lake_type":1,"Grand_id":0,"Lake_area":0.39,"Shore_len":2.45,"Shore_dev":1.11,"Vol_total":0.74,"Vol_res":0.0,"Vol_src":3,"Depth_avg":1.9,"Dis_avg":6.159,"Res_time":1.4,"Elevation":43,"Slope_100":0.59,"Wshd_area":315.1,"Pour_long":86.255208,"Pour_lat":25.961645,"source_id":"hydrolakes:1383964","label":""},"geometry":{"type":"Polygon","coordinates":[[[86.25496853298654,25.966010742187564],[86.25697021484439,25.966009928385517],[86.2586606174051,25.963605143229245],[86.26031317816899,25.962789713541895],[86.26009860568621,25.961064995659854],[86.25805392795212,25.96062255859391],[86.25777777777841,25.960277777777833],[86.25536336263076,25.960808648003535],[86.25387803819496,25.960623914930693],[86.25282782660639,25.96102756076391],[86.25211263020879,25.962724880642554],[86.2524762641064,25.9656480577259],[86.25496853298654,25.966010742187564]]]}},{"type":"Feature","id":"hydrolakes:1383967","properties":{"Hylak_id":1383967,"Lake_name":"","Country":"India","Continent":"Asia","Poly_src":"SWBD","Lake_type":1,"Grand_id":0,"Lake_area":0.34,"Shore_len":2.23,"Shore_dev":1.08,"Vol_total":0.64,"Vol_res":0.0,"Vol_src":3,"Depth_avg":1.9,"Dis_avg":0.234,"Res_time":31.7,"Elevation":55,"Slope_100":0.57,"Wshd_area":14.5,"Pour_long":85.172681,"Pour_lat":25.959239,"source_id":"hydrolakes:1383967","label":""},"geometry":{"type":"Polygon","coordinates":[[[85.17151745266438,25.954038085937725],[85.1713888888894,25.953888888889026],[85.17017612033465,25.954047580295196],[85.16944563123951,25.955356716579956],[85.16797346327087,25.959304470486188],[85.16915937635679,25.96068088107654],[85.17330663045283,25.960049099392506],[85.17452938503726,25.958487684461886],[85.1740174526642,25.957093641493202],[85.17362909952863,25.954964735243152],[85.17151745266438,25.954038085937725]]]}},{"type":"Feature","id":"hydrolakes:1383969","properties":{"Hylak_id":1383969,"Lake_name":"","Country":"India","Continent":"Asia","Poly_src":"SWBD","Lake_type":1,"Grand_id":0,"Lake_area":0.38,"Shore_len":3.02,"Shore_dev":1.39,"Vol_total":0.65,"Vol_res":0.0,"Vol_src":3,"Depth_avg":1.7,"Dis_avg":0.176,"Res_time":43.1,"Elevation":45,"Slope_100":0.48,"Wshd_area":10.6,"Pour_long":85.808124,"Pour_lat":25.957083,"source_id":"hydrolakes:1383969","label":""},"geometry":{"type":"Polygon","coordinates":[[[85.8143291558165,25.957737630208328],[85.81264417860302,25.954985622829952],[85.81402248806461,25.953528103298765],[85.81275838216197,25.951924370659867],[85.81110053168442,25.951399468316026],[85.81083333333373,25.95111111111123],[85.80848571777409,25.951882324218957],[85.80843390570806,25.953189561632087],[85.80953165690175,25.95420654296896],[85.80872829861158,25.954585774739712],[85.80770907931924,25.957182617187698],[85.80857740614204,25.95902235243068],[85.80931084526969,25.958755425347363],[85.81115797254847,25.95719428168411],[85.8124660915804,25.957811686198],[85.81303744845962,25.95902235243068],[85.81429680718372,25.958553602430754],[85.8143291558165,25.957737630208328]]]}},{"type":"Feature","id":"hydrolakes:1383973","properties":{"Hylak_id":1383973,"Lake_name":"","Country":"India","Continent":"Asia","Poly_src":"SWBD","Lake_type":1,"Grand_id":0,"Lake_area":0.4,"Shore_len":2.72,"Shore_dev":1.21,"Vol_total":0.59,"Vol_res":0.0,"Vol_src":3,"Depth_avg":1.4,"Dis_avg":0.147,"Res_time":46.1,"Elevation":56,"Slope_100":0.32,"Wshd_area":9.1,"Pour_long":85.160802,"Pour_lat":25.954554,"source_id":"hydrolakes:1383973","label":""},"geometry":{"type":"Polygon","coordinates":[[[85.16179523044207,25.945704752604286],[85.1616666666672,25.9455555555557],[85.15972117106173,25.94575412326401],[85.15832441541954,25.948257378472363],[85.15873967488648,25.950982530382078],[85.15939225938638,25.95253200954869],[85.15925370958149,25.95425645616325],[85.16096649169964,25.955325520833412],[85.16256732516865,25.95394639756961],[85.16270919799865,25.95218044704876],[85.16225355360302,25.951363932291827],[85.16329047309063,25.950039876302185],[85.1635884772412,25.946330837673713],[85.16179523044207,25.945704752604286]]]}},{"type":"Feature","id":"hydrolakes:1383974","properties":{"Hylak_id":1383974,"Lake_name":"","Country":"India","Continent":"Asia","Poly_src":"SWBD","Lake_type":1,"Grand_id":0,"Lake_area":0.5,"Shore_len":4.74,"Shore_dev":1.88,"Vol_total":0.98,"Vol_res":0.0,"Vol_src":3,"Depth_avg":1.9,"Dis_avg":4.856,"Res_time":2.3,"Elevation":24,"Slope_100":0.55,"Wshd_area":136.6,"Pour_long":89.850922,"Pour_lat":25.953101,"source_id":"hydrolakes:1383974","label":""},"geometry":{"type":"Polygon","coordinates":[[[89.84888346354245,25.951116536458528],[89.8486111111119,25.95083333333349],[89.84764160156323,25.951148003472497],[89.84958604600769,25.954858398437636],[89.85064019097291,25.95861626519104],[89.85481336805634,25.963454861111302],[89.8552197265634,25.96802815755217],[89.85699490017436,25.96863579644105],[89.85740234375072,25.967845052083476],[89.85734212239657,25.964890407986275],[89.85764322916742,25.964305555555654],[89.8570860460078,25.963191731770962],[89.85596950954948,25.96180826822922],[89.85557128906345,25.960582139757094],[89.85238226996597,25.957053222656327],[89.8517903645843,25.95221164279519],[89.84942220052159,25.951634385850923],[89.84888346354245,25.951116536458528]]]}},{"type":"Feature","id":"hydrolakes:1383992","properties":{"Hylak_id":1383992,"Lake_name":"","Country":"India","Continent":"Asia","Poly_src":"SWBD","Lake_type":1,"Grand_id":0,"Lake_area":0.26,"Shore_len":2.35,"Shore_dev":1.29,"Vol_total":0.46,"Vol_res":0.0,"Vol_src":3,"Depth_avg":1.7,"Dis_avg":0.211,"Res_time":25.0,"Elevation":51,"Slope_100":0.53,"Wshd_area":12.7,"Pour_long":85.368787,"Pour_lat":25.938583,"source_id":"hydrolakes:1383992","label":""},"geometry":{"type":"Polygon","coordinates":[[[85.37082960340763,25.937459581163353],[85.37123965793222,25.936478407118102],[85.3701285468212,25.93598253038209],[85.36777777777831,25.933888888889044],[85.36575666639584,25.93397705078138],[85.36437910291926,25.93474555121543],[85.36376034206847,25.935521647135488],[85.36436028374607,25.936596950955106],[85.36575625949473,25.937220052083433],[85.36697282579257,25.936541069878558],[85.3673507690433,25.938204752604292],[85.36828525119398,25.940165201822992],[85.36948577880923,25.940068630642372],[85.36985076904335,25.938461914062657],[85.37082960340763,25.937459581163353]]]}},{"type":"Feature","id":"hydrolakes:1383994","properties":{"Hylak_id":1383994,"Lake_name":"","Country":"India","Continent":"Asia","Poly_src":"SWBD","Lake_type":1,"Grand_id":0,"Lake_area":0.53,"Shore_len":3.25,"Shore_dev":1.26,"Vol_total":1.11,"Vol_res":0.0,"Vol_src":3,"Depth_avg":2.1,"Dis_avg":0.167,"Res_time":76.8,"Elevation":51,"Slope_100":0.64,"Wshd_area":10.0,"Pour_long":85.342683,"Pour_lat":25.938033,"source_id":"hydrolakes:1383994","label":""},"geometry":{"type":"Polygon","coordinates":[[[85.3459563530821,25.936855740017506],[85.34673207600946,25.9352118598091],[85.34707804362023,25.93369411892371],[85.34527777777811,25.931944444444582],[85.34358757866795,25.932655707465415],[85.34283399793873,25.93416883680561],[85.33952741834895,25.935411241319514],[85.33845743815147,25.934845106336866],[85.33755554199257,25.934880913628547],[85.33639729817747,25.9354937065973],[85.33737508138057,25.937341579861254],[85.33681084526944,25.939137098524384],[85.33963924831875,25.940689019097363],[85.3408492702913,25.9400488281251],[85.34180026584244,25.939022352430754],[85.3459563530821,25.936855740017506]]]}},{"type":"Feature","id":"hydrolakes:1383996","properties":{"Hylak_id":1383996,"Lake_name":"","Country":"Bangladesh","Continent":"Asia","Poly_src":"SWBD","Lake_type":1,"Grand_id":0,"Lake_area":0.57,"Shore_len":8.3,"Shore_dev":3.1,"Vol_total":1.12,"Vol_res":0.0,"Vol_src":3,"Depth_avg":2.0,"Dis_avg":2.18,"Res_time":5.9,"Elevation":28,"Slope_100":0.53,"Wshd_area":62.7,"Pour_long":89.708738,"Pour_lat":25.937304,"source_id":"hydrolakes:1383996","label":""},"geometry":{"type":"Polygon","coordinates":[[[89.71016113281337,25.937797580295296],[89.70611111111185,25.93583333333339],[89.70374728732725,25.935969509548727],[89.70021104600772,25.93722927517382],[89.69849066840362,25.941324598524375],[89.69850748697985,25.94505777994806],[89.69794704861204,25.946212565104304],[89.69712673611195,25.947066243489644],[89.69541937934099,25.947894694010472],[89.69643663194529,25.94902506510425],[89.6986577690979,25.947499186198],[89.70012315538281,25.94465440538204],[89.70007866753548,25.940105794271005],[89.70167751736199,25.937667100694682],[89.70631184895922,25.937572428385465],[89.70900065104234,25.938445095486202],[89.71041395399374,25.94019558376749],[89.70998860677156,25.9435847981772],[89.70846950954939,25.944580620659906],[89.7074560546883,25.94563557942729],[89.70208604600765,25.948734266493204],[89.70280110677157,25.949512261284838],[89.70728841145905,25.947637803819532],[89.7108588324661,25.94420762803827],[89.71204589843825,25.942249891493134],[89.71143337673698,25.939738498263978],[89.71016113281337,25.937797580295296]]]}},{"type":"Feature","id":"hydrolakes:1383997","properties":{"Hylak_id":1383997,"Lake_name":"","Country":"India","Continent":"Asia","Poly_src":"SWBD","Lake_type":1,"Grand_id":0,"Lake_area":0.2,"Shore_len":1.92,"Shore_dev":1.2,"Vol_total":0.21,"Vol_res":0.0,"Vol_src":3,"Depth_avg":1.0,"Dis_avg":0.065,"Res_time":36.8,"Elevation":44,"Slope_100":0.19,"Wshd_area":3.5,"Pour_long":86.36551,"Pour_lat":25.93653,"source_id":"hydrolakes:1383997","label":""},"geometry":{"type":"Polygon","coordinates":[[[86.36734578450563,25.936265462239646],[86.36722222222289,25.935277777777912],[86.36464070638078,25.935600585937607],[86.36410454644141,25.936995442708394],[86.36434312608571,25.93891357421893],[86.36265421549535,25.940266113281325],[86.36337266710115,25.940873480902894],[86.36504286024365,25.941081271701478],[86.36786526150235,25.93902398003479],[86.3679593912766,25.938268229166738],[86.36734578450563,25.936265462239646]]]}},{"type":"Feature","id":"hydrolakes:1384000","properties":{"Hylak_id":1384000,"Lake_name":"","Country":"India","Continent":"Asia","Poly_src":"SWBD","Lake_type":1,"Grand_id":0,"Lake_area":0.17,"Shore_len":1.66,"Shore_dev":1.15,"Vol_total":0.23,"Vol_res":0.0,"Vol_src":3,"Depth_avg":1.4,"Dis_avg":0.718,"Res_time":3.8,"Elevation":47,"Slope_100":0.39,"Wshd_area":43.4,"Pour_long":85.784645,"Pour_lat":25.935161,"source_id":"hydrolakes:1384000","label":""},"geometry":{"type":"Polygon","coordinates":[[[85.78565138075129,25.93374972873272],[85.78527777777839,25.932777777777915],[85.78337883843358,25.93360677083342],[85.78156494140666,25.936089952257078],[85.7814180501307,25.937271050347306],[85.78359402126807,25.9385693359377],[85.78417500813845,25.93810411241327],[85.78484571668889,25.936512315538323],[85.78595682779991,25.9351231553822],[85.78565138075129,25.93374972873272]]]}},{"type":"Feature","id":"hydrolakes:1384008","properties":{"Hylak_id":1384008,"Lake_name":"","Country":"India","Continent":"Asia","Poly_src":"SWBD","Lake_type":1,"Grand_id":0,"Lake_area":0.18,"Shore_len":1.88,"Shore_dev":1.26,"Vol_total":0.29,"Vol_res":0.0,"Vol_src":3,"Depth_avg":1.7,"Dis_avg":0.038,"Res_time":89.5,"Elevation":48,"Slope_100":0.54,"Wshd_area":2.3,"Pour_long":85.794337,"Pour_lat":25.927256,"source_id":"hydrolakes:1384008","label":""},"geometry":{"type":"Polygon","coordinates":[[[85.79913411458375,25.92397135416678],[85.79888888888945,25.92333333333346],[85.79769571940147,25.923540852864676],[85.7962346055777,25.924567871093814],[85.79521057128977,25.9258468967015],[85.79295884874182,25.9268828667536],[85.79284037272174,25.927835557725757],[85.79598870171486,25.928734537760477],[85.79755981445356,25.927511664496762],[85.79822530110732,25.925517578125152],[85.79913411458375,25.92397135416678]]]}},{"type":"Feature","id":"hydrolakes:1384009","properties":{"Hylak_id":1384009,"Lake_name":"","Country":"Bangladesh","Continent":"Asia","Poly_src":"SWBD","Lake_type":1,"Grand_id":0,"Lake_area":0.35,"Shore_len":4.83,"Shore_dev":2.31,"Vol_total":0.44,"Vol_res":0.0,"Vol_src":3,"Depth_avg":1.2,"Dis_avg":0.079,"Res_time":63.9,"Elevation":30,"Slope_100":0.24,"Wshd_area":2.3,"Pour_long":89.65624,"Pour_lat":25.926839,"source_id":"hydrolakes:1384009","label":""},"geometry":{"type":"Polygon","coordinates":[[[89.65280707465348,25.93509358723969],[89.65513129340349,25.933186577691174],[89.65598795572993,25.932793511284785],[89.65736870659799,25.93070231119799],[89.6583138020842,25.927497287326446],[89.65727105034807,25.92615180121544],[89.6555555555563,25.92527777777792],[89.6527148437508,25.925455729166856],[89.65236870659805,25.926410047743218],[89.65403537326466,25.926797688802196],[89.65617513020925,25.927960340711877],[89.65679796007032,25.928830837673672],[89.65570203993138,25.930980088975844],[89.65477539062584,25.932176378038264],[89.65236870659805,25.933757866753638],[89.65027072482707,25.93401068793412],[89.64894911024396,25.9305731879341],[89.64773111979252,25.930146755642454],[89.64736870659812,25.931097547743093],[89.64963704427169,25.935770670572992],[89.65280707465348,25.93509358723969]]]}},{"type":"Feature","id":"hydrolakes:1384010","properties":{"Hylak_id":1384010,"Lake_name":"","Country":"Bangladesh","Continent":"Asia","Poly_src":"SWBD","Lake_type":1,"Grand_id":0,"Lake_area":0.42,"Shore_len":4.35,"Shore_dev":1.89,"Vol_total":0.73,"Vol_res":0.0,"Vol_src":3,"Depth_avg":1.7,"Dis_avg":0.079,"Res_time":106.3,"Elevation":25,"Slope_100":0.45,"Wshd_area":2.3,"Pour_long":89.733693,"Pour_lat":25.926772,"source_id":"hydrolakes:1384010","label":""},"geometry":{"type":"Polygon","coordinates":[[[89.7379063585077,25.919295247395894],[89.74013997395906,25.918954806857755],[89.74318033854263,25.919618055555702],[89.74390516493145,25.919559733073186],[89.74497178819536,25.91832139756957],[89.74416666666741,25.917222222222335],[89.74332736545227,25.917405327691085],[89.73823187934096,25.917330729166792],[89.73516601562585,25.918553059896055],[89.7331494140634,25.920132378472317],[89.73129394531338,25.923350151909915],[89.73098253038273,25.92557942708339],[89.73182725694522,25.92709309895855],[89.73390353732725,25.92762858072922],[89.73429524739686,25.926880154079925],[89.73332790798702,25.925515950521003],[89.73292697482708,25.924494086371624],[89.73434678819541,25.922235514323006],[89.7379063585077,25.919295247395894]]]}},{"type":"Feature","id":"hydrolakes:1384015","properties":{"Hylak_id":1384015,"Lake_name":"","Country":"India","Continent":"Asia","Poly_src":"SWBD","Lake_type":1,"Grand_id":0,"Lake_area":0.39,"Shore_len":3.59,"Shore_dev":1.62,"Vol_total":0.39,"Vol_res":0.0,"Vol_src":3,"Depth_avg":1.0,"Dis_avg":6.626,"Res_time":0.7,"Elevation":43,"Slope_100":0.15,"Wshd_area":340.9,"Pour_long":86.272176,"Pour_lat":25.923445,"source_id":"hydrolakes:1384015","label":""},"geometry":{"type":"Polygon","coordinates":[[[86.27049357096416,25.921081271701553],[86.26959364149366,25.919468315972267],[86.2699428982209,25.918856065538364],[86.27122802734436,25.91805094401053],[86.27111111111157,25.917222222222335],[86.2700531684032,25.9173605685765],[86.26903808593806,25.917926974826514],[86.26687500000043,25.91832166883694],[86.26598253038236,25.92075168185778],[86.26643310546933,25.92164279513895],[86.26857923719678,25.921055501302135],[86.2698508029518,25.922679036458476],[86.26882703993095,25.926140950520903],[86.26820475260479,25.927256130642434],[86.26954888237896,25.927906358507073],[86.27161960177995,25.927019314236247],[86.27351888020905,25.924594455295335],[86.27279364691884,25.922185872395914],[86.27049357096416,25.921081271701553]]]}},{"type":"Feature","id":"hydrolakes:1384016","properties":{"Hylak_id":1384016,"Lake_name":"","Country":"India","Continent":"Asia","Poly_src":"SWBD","Lake_type":1,"Grand_id":0,"Lake_area":0.25,"Shore_len":2.19,"Shore_dev":1.23,"Vol_total":0.51,"Vol_res":0.0,"Vol_src":3,"Depth_avg":2.0,"Dis_avg":0.013,"Res_time":451.3,"Elevation":50,"Slope_100":0.73,"Wshd_area":0.8,"Pour_long":85.411567,"Pour_lat":25.92243,"source_id":"hydrolakes:1384016","label":""},"geometry":{"type":"Polygon","coordinates":[[[85.41506815592498,25.922422960069525],[85.41523634168874,25.921284993489735],[85.41446133083804,25.9212885199654],[85.41373213026299,25.920990125868116],[85.41331041124181,25.919959852430623],[85.41083333333376,25.918611111111204],[85.4099753824874,25.91875678168418],[85.40896057128947,25.919540201823054],[85.41012101915203,25.920976019965394],[85.40987898084904,25.921823459201505],[85.4087678697378,25.92319824218771],[85.40963548448406,25.923685438368125],[85.41154564751554,25.924009874132025],[85.412542656793,25.924749077691047],[85.41326182047578,25.92381727430569],[85.41506815592498,25.922422960069525]]]}},{"type":"Feature","id":"hydrolakes:1384018","properties":{"Hylak_id":1384018,"Lake_name":"","Country":"India","Continent":"Asia","Poly_src":"SWBD","Lake_type":1,"Grand_id":0,"Lake_area":0.21,"Shore_len":2.1,"Shore_dev":1.28,"Vol_total":0.26,"Vol_res":0.0,"Vol_src":3,"Depth_avg":1.2,"Dis_avg":0.045,"Res_time":68.0,"Elevation":54,"Slope_100":0.28,"Wshd_area":2.9,"Pour_long":85.034818,"Pour_lat":25.921913,"source_id":"hydrolakes:1384018","label":""},"geometry":{"type":"Polygon","coordinates":[[[85.03630216810478,25.921295301649366],[85.03535681618621,25.92076768663202],[85.03162054273861,25.920876736111268],[85.03138888888952,25.919444444444537],[85.02876419703199,25.91958685980927],[85.02840450075007,25.92023139105919],[85.02888273874964,25.921303168402915],[85.03182828479396,25.92373969184041],[85.03391184700894,25.92346245659735],[85.03622436099636,25.922263454861195],[85.03630216810478,25.921295301649366]]]}},{"type":"Feature","id":"hydrolakes:1384019","properties":{"Hylak_id":1384019,"Lake_name":"","Country":"India","Continent":"Asia","Poly_src":"SWBD","Lake_type":1,"Grand_id":0,"Lake_area":0.34,"Shore_len":2.44,"Shore_dev":1.18,"Vol_total":0.5,"Vol_res":0.0,"Vol_src":3,"Depth_avg":1.5,"Dis_avg":0.078,"Res_time":74.4,"Elevation":43,"Slope_100":0.35,"Wshd_area":4.2,"Pour_long":86.313244,"Pour_lat":25.9218,"source_id":"hydrolakes:1384019","label":""},"geometry":{"type":"Polygon","coordinates":[[[86.31389512803861,25.918106282552174],[86.31333333333379,25.917500000000075],[86.31126085069485,25.91793348524311],[86.31008965386326,25.917923990885527],[86.3101661512593,25.919855414496624],[86.30849717881995,25.923009711371776],[86.30931179470537,25.925192328559092],[86.31148613823848,25.924813910590444],[86.31246487087725,25.92329806857657],[86.31399020724882,25.92231309678823],[86.31434041341191,25.920479058159856],[86.31527601454042,25.91911919487859],[86.31389512803861,25.918106282552174]]]}},{"type":"Feature","id":"hydrolakes:1384023","properties":{"Hylak_id":1384023,"Lake_name":"","Country":"India","Continent":"Asia","Poly_src":"SWBD","Lake_type":1,"Grand_id":0,"Lake_area":0.14,"Shore_len":1.81,"Shore_dev":1.37,"Vol_total":0.07,"Vol_res":0.0,"Vol_src":3,"Depth_avg":0.5,"Dis_avg":28.833,"Res_time":0.1,"Elevation":48,"Slope_100":0.02,"Wshd_area":892.9,"Pour_long":87.086636,"Pour_lat":25.918608,"source_id":"hydrolakes:1384023","label":""},"geometry":{"type":"Polygon","coordinates":[[[87.08836737738767,25.91842827690988],[87.08861111111167,25.916944444444596],[87.0863962131084,25.917722167968805],[87.0854424370666,25.91758110894108],[87.0840456814243,25.91885877821187],[87.08460340711855,25.919289279513976],[87.08667005750931,25.919583062066067],[87.08831448025222,25.920575086805684],[87.09083102756125,25.920091417100878],[87.0906423611118,25.918814561632075],[87.08836737738767,25.91842827690988]]]}},{"type":"Feature","id":"hydrolakes:1384024","properties":{"Hylak_id":1384024,"Lake_name":"","Country":"Bangladesh","Continent":"Asia","Poly_src":"SWBD","Lake_type":1,"Grand_id":0,"Lake_area":0.19,"Shore_len":2.61,"Shore_dev":1.71,"Vol_total":0.26,"Vol_res":0.0,"Vol_src":3,"Depth_avg":1.4,"Dis_avg":0.334,"Res_time":8.9,"Elevation":28,"Slope_100":0.37,"Wshd_area":9.8,"Pour_long":89.697663,"Pour_lat":25.91897,"source_id":"hydrolakes:1384024","label":""},"geometry":{"type":"Polygon","coordinates":[[[89.69773600260493,25.92089355468761],[89.69827311197986,25.918691134982794],[89.697778862848,25.917247721354386],[89.69638888888966,25.915555555555613],[89.69543023003553,25.91586669921884],[89.6963709852439,25.91725477430566],[89.6970806206607,25.918949652777826],[89.69591471354244,25.920486382378613],[89.69201822916745,25.920406901041872],[89.69125271267444,25.921279839409806],[89.69211751302151,25.922110731336943],[89.69434624566054,25.92263617621535],[89.69633789062578,25.921954481336854],[89.69773600260493,25.92089355468761]]]}},{"type":"Feature","id":"hydrolakes:1384026","properties":{"Hylak_id":1384026,"Lake_name":"","Country":"India","Continent":"Asia","Poly_src":"SWBD","Lake_type":1,"Grand_id":0,"Lake_area":0.12,"Shore_len":1.86,"Shore_dev":1.5,"Vol_total":0.16,"Vol_res":0.0,"Vol_src":3,"Depth_avg":1.3,"Dis_avg":0.126,"Res_time":15.0,"Elevation":46,"Slope_100":0.39,"Wshd_area":7.7,"Pour_long":85.82519,"Pour_lat":25.916082,"source_id":"hydrolakes:1384026","label":""},"geometry":{"type":"Polygon","coordinates":[[[85.82594367133294,25.918891330295253],[85.8260587565108,25.917762044270887],[85.82434143066456,25.918407389322965],[85.82426527235287,25.91766059027799],[85.82548821343369,25.91611545138909],[85.82527777777841,25.915555555555613],[85.82322014702743,25.916970214843843],[85.8219072129998,25.917539605034847],[85.8207072618278,25.919055718316145],[85.8209838189025,25.91934380425363],[85.82491631401979,25.91974473741334],[85.82594367133294,25.918891330295253]]]}},{"type":"Feature","id":"hydrolakes:1384027","properties":{"Hylak_id":1384027,"Lake_name":"","Country":"India","Continent":"Asia","Poly_src":"SWBD","Lake_type":1,"Grand_id":0,"Lake_area":0.16,"Shore_len":1.95,"Shore_dev":1.36,"Vol_total":0.15,"Vol_res":0.0,"Vol_src":3,"Depth_avg":0.9,"Dis_avg":6.672,"Res_time":0.3,"Elevation":43,"Slope_100":0.17,"Wshd_area":343.6,"Pour_long":86.279626,"Pour_lat":25.916073,"source_id":"hydrolakes:1384027","label":""},"geometry":{"type":"Polygon","coordinates":[[[86.27609822591205,25.918353678385472],[86.27721828884586,25.917881673177135],[86.2793383789068,25.918145345052153],[86.28040134006153,25.916781684027967],[86.27972222222269,25.915277777777874],[86.27889444987034,25.915421820746644],[86.27602566189279,25.91684733072924],[86.27514675564277,25.91650960286472],[86.27450778537388,25.916589084201462],[86.27312337239624,25.91831759982648],[86.27322591145901,25.91914171006954],[86.27443576388941,25.919567871093818],[86.27609822591205,25.918353678385472]]]}},{"type":"Feature","id":"hydrolakes:1384030","properties":{"Hylak_id":1384030,"Lake_name":"","Country":"India","Continent":"Asia","Poly_src":"SWBD","Lake_type":1,"Grand_id":0,"Lake_area":0.34,"Shore_len":3.27,"Shore_dev":1.59,"Vol_total":0.62,"Vol_res":0.0,"Vol_src":3,"Depth_avg":1.9,"Dis_avg":0.105,"Res_time":68.5,"Elevation":51,"Slope_100":0.56,"Wshd_area":6.4,"Pour_long":85.440939,"Pour_lat":25.913814,"source_id":"hydrolakes:1384030","label":""},"geometry":{"type":"Polygon","coordinates":[[[85.44148173014378,25.909495171441108],[85.44153347439277,25.90818983289944],[85.44088066948837,25.90724093967026],[85.4413746473528,25.906307508680698],[85.44111111111158,25.905555555555793],[85.43761067708368,25.905969509548754],[85.43680026584235,25.90680013020841],[85.43610633002436,25.908861762152924],[85.43743937174514,25.910300292968884],[85.43803748236803,25.909033203125148],[85.44010365804075,25.909389105902846],[85.440155978733,25.910708550347465],[85.4387552897141,25.912744140625136],[85.43986640082528,25.913466796875127],[85.44094265408023,25.915133463541736],[85.44260843912804,25.914379882812625],[85.4426710001631,25.91280110677104],[85.44148173014378,25.909495171441108]]]}},{"type":"Feature","id":"hydrolakes:1384031","properties":{"Hylak_id":1384031,"Lake_name":"","Country":"India","Continent":"Asia","Poly_src":"SWBD","Lake_type":1,"Grand_id":0,"Lake_area":0.68,"Shore_len":6.46,"Shore_dev":2.21,"Vol_total":1.06,"Vol_res":0.0,"Vol_src":3,"Depth_avg":1.6,"Dis_avg":6.716,"Res_time":1.8,"Elevation":43,"Slope_100":0.31,"Wshd_area":346.3,"Pour_long":86.291842,"Pour_lat":25.912751,"source_id":"hydrolakes:1384031","label":""},"geometry":{"type":"Polygon","coordinates":[[[86.29122558593804,25.920423719618213],[86.29156941731816,25.920116644965333],[86.29212863498304,25.920149739583394],[86.29338785807334,25.922129720052283],[86.29435085720547,25.92207248263901],[86.29567206488758,25.919995117187625],[86.2934643554695,25.919313422309074],[86.2919215223531,25.91804741753498],[86.29090752495705,25.915528700086952],[86.29098497178865,25.914230414496615],[86.29235066731837,25.912275119357844],[86.29172227647632,25.911118977864646],[86.2917849392366,25.907988009982716],[86.29070597330792,25.906443413628608],[86.29165242513079,25.905597873263957],[86.29111111111172,25.904722222222347],[86.29056410047798,25.90489122178832],[86.28938191731817,25.906214192708433],[86.2881639268669,25.906988932291824],[86.28826877170195,25.90874755859386],[86.28883097330771,25.90957546658001],[86.28996934678861,25.908301323784883],[86.29096435546933,25.909215766059106],[86.28993164062558,25.910694444444516],[86.29096435546933,25.912530924479313],[86.28929768880249,25.91401991102441],[86.28893446180604,25.915196668836927],[86.28750189887216,25.917045084635504],[86.2862500000005,25.916364746093905],[86.28520439995708,25.91693305121538],[86.28459120008733,25.91863742404513],[86.28542453342055,25.919019911024463],[86.2870754665804,25.92042453342026],[86.28820746527833,25.920773925781305],[86.2895392523875,25.92306152343764],[86.29133816189284,25.92231336805571],[86.29122558593804,25.920423719618213]]]}},{"type":"Feature","id":"hydrolakes:1384034","properties":{"Hylak_id":1384034,"Lake_name":"","Country":"Bangladesh","Continent":"Asia","Poly_src":"SWBD","Lake_type":1,"Grand_id":0,"Lake_area":0.98,"Shore_len":8.18,"Shore_dev":2.33,"Vol_total":2.3,"Vol_res":0.0,"Vol_src":3,"Depth_avg":2.3,"Dis_avg":7.05,"Res_time":3.8,"Elevation":23,"Slope_100":0.65,"Wshd_area":201.2,"Pour_long":89.811583,"Pour_lat":25.908138,"source_id":"hydrolakes:1384034","label":""},"geometry":{"type":"Polygon","coordinates":[[[89.81265082465353,25.908759765625064],[89.81194444444532,25.907777777777994],[89.81079481336877,25.90815077039946],[89.8098638237854,25.91038682725707],[89.81013617621596,25.911530490451582],[89.81120279947987,25.912555338541722],[89.81277343750082,25.916323513455097],[89.81480197482733,25.920075954861204],[89.81702202691054,25.922650282118184],[89.81736165364669,25.924044867621546],[89.81843641493163,25.92507731119798],[89.81970431857724,25.9270114474827],[89.82217719184104,25.92877739800366],[89.82468261718822,25.930039876302146],[89.8252267795146,25.931162109375123],[89.82654296875091,25.931817762586945],[89.83420898437589,25.933651801215433],[89.83485839843826,25.932390950520926],[89.83435601128542,25.931818305121624],[89.83232204861201,25.931158311632032],[89.83041449652848,25.92971055772597],[89.82598632812585,25.927932400173802],[89.8248638237855,25.927080620659865],[89.8235774739594,25.926663140191124],[89.8214491102438,25.92508544921901],[89.81803710937606,25.92160210503482],[89.81648763020911,25.920586208767418],[89.81655761718827,25.917153049045282],[89.81564290364662,25.915267740885497],[89.81337185329949,25.912454698350814],[89.81265082465353,25.908759765625064]]]}},{"type":"Feature","id":"hydrolakes:1384040","properties":{"Hylak_id":1384040,"Lake_name":"","Country":"India","Continent":"Asia","Poly_src":"SWBD","Lake_type":1,"Grand_id":0,"Lake_area":0.25,"Shore_len":3.16,"Shore_dev":1.79,"Vol_total":0.49,"Vol_res":0.0,"Vol_src":3,"Depth_avg":2.0,"Dis_avg":0.105,"Res_time":53.7,"Elevation":44,"Slope_100":0.69,"Wshd_area":5.6,"Pour_long":86.582467,"Pour_lat":25.905243,"source_id":"hydrolakes:1384040","label":""},"geometry":{"type":"Polygon","coordinates":[[[86.58058498806497,25.906377495659797],[86.58305230034784,25.90593885633689],[86.58400661892409,25.90599582248285],[86.58846435546928,25.904297688802217],[86.59317626953191,25.903201497395912],[86.59383707682338,25.90225558810772],[86.59333333333393,25.901111111111163],[86.5923532443581,25.901242133246626],[86.5912190755214,25.901858452691215],[86.58790500217071,25.902696668836995],[86.58649739583376,25.90378743489589],[86.58127265082521,25.904637044271],[86.57986897786503,25.90589138454868],[86.58058498806497,25.906377495659797]]]}},{"type":"Feature","id":"hydrolakes:1384041","properties":{"Hylak_id":1384041,"Lake_name":"","Country":"India","Continent":"Asia","Poly_src":"SWBD","Lake_type":1,"Grand_id":0,"Lake_area":0.15,"Shore_len":1.7,"Shore_dev":1.22,"Vol_total":0.25,"Vol_res":0.0,"Vol_src":3,"Depth_avg":1.6,"Dis_avg":0.075,"Res_time":38.5,"Elevation":44,"Slope_100":0.54,"Wshd_area":4.4,"Pour_long":86.015855,"Pour_lat":25.904506,"source_id":"hydrolakes:1384041","label":""},"geometry":{"type":"Polygon","coordinates":[[[86.01526394314294,25.904931911892447],[86.01957512749618,25.9045212131079],[86.02123460557772,25.903821885850846],[86.02043206108982,25.903178982204963],[86.01956793891111,25.902932128906457],[86.0184086778433,25.902004937066067],[86.0164853244363,25.902244194878733],[86.01583333333394,25.901666666666756],[86.01489691840317,25.901934407552233],[86.01469272189729,25.903576388889007],[86.01526394314294,25.904931911892447]]]}},{"type":"Feature","id":"hydrolakes:1384042","properties":{"Hylak_id":1384042,"Lake_name":"","Country":"India","Continent":"Asia","Poly_src":"SWBD","Lake_type":1,"Grand_id":0,"Lake_area":0.16,"Shore_len":2.0,"Shore_dev":1.41,"Vol_total":0.18,"Vol_res":0.0,"Vol_src":3,"Depth_avg":1.1,"Dis_avg":108.311,"Res_time":0.1,"Elevation":44,"Slope_100":0.26,"Wshd_area":5697.5,"Pour_long":86.228587,"Pour_lat":25.903818,"source_id":"hydrolakes:1384042","label":""},"geometry":{"type":"Polygon","coordinates":[[[86.22989908854214,25.90469509548626],[86.22888888888934,25.903333333333478],[86.22802476671063,25.903580457899352],[86.22765421549519,25.906543240017413],[86.22626532660632,25.90819525824662],[86.22651245117243,25.90904324001741],[86.22765421549519,25.9092900933162],[86.22999267578172,25.91034613715283],[86.2304654947921,25.909541829427212],[86.22904310438417,25.907122124566058],[86.22989908854214,25.90469509548626]]]}},{"type":"Feature","id":"hydrolakes:1384043","properties":{"Hylak_id":1384043,"Lake_name":"","Country":"India","Continent":"Asia","Poly_src":"SWBD","Lake_type":1,"Grand_id":0,"Lake_area":0.26,"Shore_len":2.65,"Shore_dev":1.47,"Vol_total":0.31,"Vol_res":0.0,"Vol_src":3,"Depth_avg":1.2,"Dis_avg":9.827,"Res_time":0.4,"Elevation":43,"Slope_100":0.24,"Wshd_area":509.1,"Pour_long":86.297617,"Pour_lat":25.903578,"source_id":"hydrolakes:1384043","label":""},"geometry":{"type":"Polygon","coordinates":[[[86.29707302517403,25.902649197048788],[86.29694444444499,25.90250000000009],[86.2965006510421,25.90288248697925],[86.29580539279573,25.905422634548756],[86.29635335286508,25.911386447482755],[86.29771335178009,25.912350802951494],[86.29860758463587,25.911405978732773],[86.29764919704917,25.90968831380229],[86.29792575412387,25.908369411892465],[86.29889634874189,25.906444227430654],[86.30068413628533,25.904282769097335],[86.29901746961849,25.903760308159804],[86.2979269748268,25.90290635850704],[86.29707302517403,25.902649197048788]]]}},{"type":"Feature","id":"hydrolakes:1384049","properties":{"Hylak_id":1384049,"Lake_name":"","Country":"India","Continent":"Asia","Poly_src":"SWBD","Lake_type":1,"Grand_id":0,"Lake_area":0.32,"Shore_len":4.13,"Shore_dev":2.08,"Vol_total":0.61,"Vol_res":0.0,"Vol_src":3,"Depth_avg":1.9,"Dis_avg":0.043,"Res_time":164.2,"Elevation":49,"Slope_100":0.63,"Wshd_area":2.7,"Pour_long":85.784375,"Pour_lat":25.899333,"source_id":"hydrolakes:1384049","label":""},"geometry":{"type":"Polygon","coordinates":[[[85.78714077419744,25.899256998698036],[85.78831176757859,25.897443576389094],[85.7877748616541,25.89436008029537],[85.78450948079472,25.891191677517497],[85.78333333333393,25.890555555555693],[85.7826807996966,25.89116021050353],[85.78542195638073,25.893466796875146],[85.78635925293014,25.895299479166738],[85.7862439643016,25.898208550347363],[85.78405131022174,25.89874457465288],[85.77954379611595,25.8959847005209],[85.77903306749175,25.89769476996554],[85.7801064046231,25.89868923611118],[85.78388359917574,25.900472005208485],[85.7854665120447,25.90040907118066],[85.78714077419744,25.899256998698036]]]}},{"type":"Feature","id":"hydrolakes:1384058","properties":{"Hylak_id":1384058,"Lake_name":"","Country":"India","Continent":"Asia","Poly_src":"SWBD","Lake_type":1,"Grand_id":0,"Lake_area":0.69,"Shore_len":3.55,"Shore_dev":1.21,"Vol_total":1.7,"Vol_res":0.0,"Vol_src":3,"Depth_avg":2.5,"Dis_avg":0.256,"Res_time":77.1,"Elevation":50,"Slope_100":0.82,"Wshd_area":15.4,"Pour_long":85.328165,"Pour_lat":25.895041,"source_id":"hydrolakes:1384058","label":""},"geometry":{"type":"Polygon","coordinates":[[[85.3359595404736,25.89445529513904],[85.33521616617878,25.893157280816126],[85.33500000000043,25.89194444444456],[85.33429270426467,25.89207058376752],[85.33289645724881,25.89323486328135],[85.33191674126562,25.893135036892488],[85.3285894775396,25.89391194661465],[85.32714352077943,25.89505642361121],[85.32398959689709,25.896292046441147],[85.32405110677138,25.89689561631951],[85.3251261732317,25.897788628472483],[85.3257634480799,25.899668511284915],[85.32697207980732,25.900192599826482],[85.3299298095709,25.899891221788323],[85.33247673882431,25.899179144965387],[85.33373714870919,25.89818169487853],[85.33461463080562,25.897801106771055],[85.33734825982037,25.897111273871587],[85.33623714870913,25.895707194010527],[85.3359595404736,25.89445529513904]]]}},{"type":"Feature","id":"hydrolakes:1384059","properties":{"Hylak_id":1384059,"Lake_name":"","Country":"India","Continent":"Asia","Poly_src":"SWBD","Lake_type":1,"Grand_id":0,"Lake_area":0.26,"Shore_len":1.97,"Shore_dev":1.1,"Vol_total":0.39,"Vol_res":0.0,"Vol_src":3,"Depth_avg":1.5,"Dis_avg":9.984,"Res_time":0.5,"Elevation":43,"Slope_100":0.41,"Wshd_area":518.0,"Pour_long":86.293161,"Pour_lat":25.895353,"source_id":"hydrolakes:1384059","label":""},"geometry":{"type":"Polygon","coordinates":[[[86.29179768880277,25.894035644531357],[86.2916666666672,25.893888888889023],[86.28851304796052,25.895085991753547],[86.28764675564298,25.89668023003486],[86.28901448567757,25.897832302517486],[86.29376925998332,25.898464355468832],[86.29482883029556,25.897953830295194],[86.29540879991384,25.896886393229238],[86.29459947374198,25.8957549370661],[86.29179768880277,25.894035644531357]]]}},{"type":"Feature","id":"hydrolakes:1384061","properties":{"Hylak_id":1384061,"Lake_name":"","Country":"India","Continent":"Asia","Poly_src":"SWBD","Lake_type":1,"Grand_id":0,"Lake_area":0.19,"Shore_len":2.08,"Shore_dev":1.33,"Vol_total":0.32,"Vol_res":0.0,"Vol_src":3,"Depth_avg":1.7,"Dis_avg":0.363,"Res_time":10.2,"Elevation":48,"Slope_100":0.53,"Wshd_area":23.0,"Pour_long":85.662268,"Pour_lat":25.892643,"source_id":"hydrolakes:1384061","label":""},"geometry":{"type":"Polygon","coordinates":[[[85.66743218316026,25.893317599826446],[85.66641852484861,25.892051866319548],[85.66511786566883,25.891261935764135],[85.6633333333337,25.88972222222236],[85.6618516031906,25.889907497829995],[85.66175849066877,25.890655924479233],[85.66218743218371,25.89138563368067],[85.66193230523061,25.893436143663337],[85.66278869628957,25.893542751736163],[85.6643773735899,25.892932128906295],[85.6646283637159,25.893527018229292],[85.66450792100744,25.894495442708376],[85.66593783908479,25.89563910590283],[85.66727681477914,25.894566786024427],[85.66743218316026,25.893317599826446]]]}},{"type":"Feature","id":"hydrolakes:1384062","properties":{"Hylak_id":1384062,"Lake_name":"","Country":"India","Continent":"Asia","Poly_src":"SWBD","Lake_type":1,"Grand_id":0,"Lake_area":0.25,"Shore_len":2.52,"Shore_dev":1.42,"Vol_total":0.47,"Vol_res":0.0,"Vol_src":3,"Depth_avg":1.9,"Dis_avg":0.04,"Res_time":136.8,"Elevation":45,"Slope_100":0.64,"Wshd_area":2.1,"Pour_long":86.582292,"Pour_lat":25.892535,"source_id":"hydrolakes:1384062","label":""},"geometry":{"type":"Polygon","coordinates":[[[86.58985324435815,25.892393391927158],[86.58916666666715,25.890833333333433],[86.58798611111166,25.891352810329977],[86.58638102213598,25.890923122829918],[86.58426635742245,25.89104899088551],[86.57952053493989,25.89160942925355],[86.57875786675396,25.893165961371665],[86.58477213541715,25.893569878472363],[86.58907999674528,25.89315402560777],[86.58985324435815,25.892393391927158]]]}},{"type":"Feature","id":"hydrolakes:1384064","properties":{"Hylak_id":1384064,"Lake_name":"","Country":"India","Continent":"Asia","Poly_src":"SWBD","Lake_type":1,"Grand_id":0,"Lake_area":0.2,"Shore_len":1.95,"Shore_dev":1.23,"Vol_total":0.25,"Vol_res":0.0,"Vol_src":3,"Depth_avg":1.3,"Dis_avg":0.035,"Res_time":83.0,"Elevation":44,"Slope_100":0.29,"Wshd_area":1.9,"Pour_long":86.23832,"Pour_lat":25.889787,"source_id":"hydrolakes:1384064","label":""},"geometry":{"type":"Polygon","coordinates":[[[86.23901489257867,25.887929416232794],[86.23818155924522,25.887903917100743],[86.23599297417576,25.888963487413378],[86.23589925130261,25.889881998698172],[86.23665879991364,25.89373725043413],[86.23911282009595,25.892908257378622],[86.24092854817758,25.891788465711898],[86.2388475206169,25.89005967881957],[86.23993109809072,25.888690592447972],[86.23901489257867,25.887929416232794]]]}},{"type":"Feature","id":"hydrolakes:1384065","properties":{"Hylak_id":1384065,"Lake_name":"","Country":"India","Continent":"Asia","Poly_src":"SWBD","Lake_type":1,"Grand_id":0,"Lake_area":0.65,"Shore_len":3.2,"Shore_dev":1.12,"Vol_total":0.98,"Vol_res":0.0,"Vol_src":3,"Depth_avg":1.5,"Dis_avg":10.026,"Res_time":1.1,"Elevation":42,"Slope_100":0.3,"Wshd_area":520.5,"Pour_long":86.29385,"Pour_lat":25.889473,"source_id":"hydrolakes:1384065","label":""},"geometry":{"type":"Polygon","coordinates":[[[86.29823838975761,25.885390896267495],[86.29694444444499,25.883888888888976],[86.29495713975757,25.884855685764023],[86.29309054904576,25.885196397569644],[86.2913726128478,25.888110622830084],[86.29185628255249,25.890761990017552],[86.29292697482697,25.891239691840383],[86.29647989908898,25.894282226562552],[86.29811211480086,25.89355387369801],[86.29904581705784,25.892361653645935],[86.29824639214456,25.891233995225775],[86.29873969184086,25.890128580729368],[86.3002119954433,25.88840928819451],[86.30016669379404,25.886598578559074],[86.29823838975761,25.885390896267495]]]}},{"type":"Feature","id":"hydrolakes:1384068","properties":{"Hylak_id":1384068,"Lake_name":"","Country":"India","Continent":"Asia","Poly_src":"SWBD","Lake_type":1,"Grand_id":0,"Lake_area":0.42,"Shore_len":3.35,"Shore_dev":1.46,"Vol_total":0.53,"Vol_res":0.0,"Vol_src":3,"Depth_avg":1.3,"Dis_avg":10.049,"Res_time":0.6,"Elevation":43,"Slope_100":0.24,"Wshd_area":522.1,"Pour_long":86.286458,"Pour_lat":25.886406,"source_id":"hydrolakes:1384068","label":""},"geometry":{"type":"Polygon","coordinates":[[[86.28420166015673,25.889347873263944],[86.28432942708383,25.88775797526057],[86.28738945855093,25.888595377604247],[86.28970893012189,25.88546712239605],[86.28833333333387,25.884166666666715],[86.28756089952304,25.88439914279519],[86.28562540690149,25.886000162760524],[86.28491848415848,25.8859434678821],[86.28314873589466,25.886427680121642],[86.28158718533041,25.885556369357744],[86.28035549587725,25.88600884331612],[86.2789729817714,25.888761664496656],[86.27904310438413,25.88963487413207],[86.28123277452306,25.890896809895935],[86.28411132812545,25.891335449218957],[86.28530124240513,25.89089843750014],[86.28420166015673,25.889347873263944]]]}},{"type":"Feature","id":"hydrolakes:1384069","properties":{"Hylak_id":1384069,"Lake_name":"","Country":"India","Continent":"Asia","Poly_src":"SWBD","Lake_type":1,"Grand_id":0,"Lake_area":0.18,"Shore_len":2.03,"Shore_dev":1.35,"Vol_total":0.23,"Vol_res":0.0,"Vol_src":3,"Depth_avg":1.3,"Dis_avg":0.362,"Res_time":7.2,"Elevation":53,"Slope_100":0.3,"Wshd_area":21.8,"Pour_long":85.269792,"Pour_lat":25.884583,"source_id":"hydrolakes:1384069","label":""},"geometry":{"type":"Polygon","coordinates":[[[85.2650048319502,25.887051323784817],[85.26692058987129,25.885982530382023],[85.2686361694341,25.886635470920226],[85.27143173217809,25.88469401041675],[85.2723372565381,25.88341688368064],[85.27123967488643,25.882926974826432],[85.27083333333383,25.882222222222367],[85.27012856377536,25.882350802951635],[85.2686086697052,25.88354112413208],[85.26515569051162,25.885415310329904],[85.26459365844761,25.88642279730908],[85.2650048319502,25.887051323784817]]]}},{"type":"Feature","id":"hydrolakes:1384070","properties":{"Hylak_id":1384070,"Lake_name":"","Country":"India","Continent":"Asia","Poly_src":"SWBD","Lake_type":1,"Grand_id":0,"Lake_area":0.3,"Shore_len":2.11,"Shore_dev":1.08,"Vol_total":0.52,"Vol_res":0.0,"Vol_src":3,"Depth_avg":1.7,"Dis_avg":0.04,"Res_time":151.6,"Elevation":46,"Slope_100":0.51,"Wshd_area":2.5,"Pour_long":85.735931,"Pour_lat":25.884764,"source_id":"hydrolakes:1384070","label":""},"geometry":{"type":"Polygon","coordinates":[[[85.73873209635457,25.880434570312616],[85.73861111111154,25.880277777777906],[85.73742357042158,25.88060845269115],[85.73599012586845,25.881823459201485],[85.73404568142399,25.8825328233508],[85.73459194607256,25.885947536892502],[85.735411173503,25.886554904513957],[85.73749640570804,25.885965440538257],[85.74067654079903,25.883910047743143],[85.74037482367663,25.881956651475775],[85.73960123697975,25.880954318576528],[85.73873209635457,25.880434570312616]]]}},{"type":"Feature","id":"hydrolakes:1384071","properties":{"Hylak_id":1384071,"Lake_name":"","Country":"India","Continent":"Asia","Poly_src":"SWBD","Lake_type":1,"Grand_id":0,"Lake_area":0.4,"Shore_len":3.32,"Shore_dev":1.47,"Vol_total":0.4,"Vol_res":0.0,"Vol_src":3,"Depth_avg":1.0,"Dis_avg":0.07,"Res_time":65.7,"Elevation":44,"Slope_100":0.14,"Wshd_area":3.9,"Pour_long":86.355612,"Pour_lat":25.884893,"source_id":"hydrolakes:1384071","label":""},"geometry":{"type":"Polygon","coordinates":[[[86.35335110134594,25.88571533203151],[86.3542432996968,25.88564371744792],[86.35557101779563,25.886303982204993],[86.35640068901961,25.887628580729313],[86.35688340928863,25.886360677083587],[86.35637912326445,25.885456814236193],[86.35713256835987,25.883668077257084],[86.35714260525242,25.88065185546901],[86.35555555555601,25.87777777777785],[86.3551285807298,25.877906358507005],[86.3516314019102,25.88344102647585],[86.3507047526046,25.883854437934133],[86.3509619140629,25.884593641493154],[86.3520951334641,25.885963812934108],[86.3519963921446,25.88719319661476],[86.35305284288256,25.888419325087],[86.35350355360299,25.88761176215297],[86.35335110134594,25.88571533203151]]]}},{"type":"Feature","id":"hydrolakes:1384078","properties":{"Hylak_id":1384078,"Lake_name":"","Country":"India","Continent":"Asia","Poly_src":"SWBD","Lake_type":1,"Grand_id":0,"Lake_area":0.34,"Shore_len":2.75,"Shore_dev":1.33,"Vol_total":0.61,"Vol_res":0.0,"Vol_src":3,"Depth_avg":1.8,"Dis_avg":0.437,"Res_time":16.2,"Elevation":51,"Slope_100":0.53,"Wshd_area":26.5,"Pour_long":85.417703,"Pour_lat":25.880136,"source_id":"hydrolakes:1384078","label":""},"geometry":{"type":"Polygon","coordinates":[[[85.41014923095759,25.8820936414931],[85.41192569308845,25.88062418619802],[85.41487145317973,25.880961914062652],[85.41555555555595,25.881343587239712],[85.41634718153256,25.880901963975703],[85.41786254882851,25.88102376302089],[85.41873965793252,25.87978651258703],[85.41792700873532,25.879295247395987],[85.41623965793235,25.879038085937623],[85.41487145317973,25.878184136284858],[85.41277581108983,25.877864854600716],[85.41222222222262,25.87722222222243],[85.4106841023767,25.877350802951526],[85.40911003960542,25.878112792968864],[85.40770446777384,25.879907769097372],[85.40839514838376,25.881455349392468],[85.40965786404149,25.882350802951635],[85.41014923095759,25.8820936414931]]]}},{"type":"Feature","id":"hydrolakes:1384085","properties":{"Hylak_id":1384085,"Lake_name":"","Country":"India","Continent":"Asia","Poly_src":"SWBD","Lake_type":1,"Grand_id":0,"Lake_area":0.38,"Shore_len":2.59,"Shore_dev":1.18,"Vol_total":0.54,"Vol_res":0.0,"Vol_src":3,"Depth_avg":1.4,"Dis_avg":0.07,"Res_time":89.5,"Elevation":53,"Slope_100":0.31,"Wshd_area":4.2,"Pour_long":85.204368,"Pour_lat":25.876318,"source_id":"hydrolakes:1384085","label":""},"geometry":{"type":"Polygon","coordinates":[[[85.20409735785637,25.871627332899436],[85.20361111111146,25.87083333333345],[85.20156736585875,25.871223415798738],[85.20053844875798,25.87217692057311],[85.19922397189725,25.874722222222374],[85.20006864759705,25.87631863064246],[85.19911470201339,25.87864095052089],[85.20036075168224,25.879300130208605],[85.20361268785314,25.878994140625082],[85.20457411024341,25.87717719184036],[85.20464023166278,25.87550889756949],[85.20349529690253,25.873345269097285],[85.20409735785637,25.871627332899436]]]}},{"type":"Feature","id":"hydrolakes:1384086","properties":{"Hylak_id":1384086,"Lake_name":"","Country":"India","Continent":"Asia","Poly_src":"SWBD","Lake_type":1,"Grand_id":0,"Lake_area":0.24,"Shore_len":1.96,"Shore_dev":1.13,"Vol_total":0.38,"Vol_res":0.0,"Vol_src":3,"Depth_avg":1.6,"Dis_avg":0.399,"Res_time":11.0,"Elevation":52,"Slope_100":0.45,"Wshd_area":24.1,"Pour_long":85.415877,"Pour_lat":25.875503,"source_id":"hydrolakes:1384086","label":""},"geometry":{"type":"Polygon","coordinates":[[[85.41641635470961,25.87592719184039],[85.41710961235947,25.87328613281261],[85.41789879692976,25.87144314236133],[85.41722222222279,25.86972222222232],[85.41623213026293,25.86984320746535],[85.41570529513933,25.87016113281254],[85.41498246934725,25.870054253472347],[85.41386050754193,25.871507703993245],[85.41297892252658,25.871868489583505],[85.41265675862672,25.87266004774318],[85.41328386094875,25.87481065538219],[85.41417382134398,25.875497775607755],[85.41487304687553,25.875394422743113],[85.41572865804079,25.8760286458334],[85.41641635470961,25.87592719184039]]]}},{"type":"Feature","id":"hydrolakes:1384088","properties":{"Hylak_id":1384088,"Lake_name":"","Country":"India","Continent":"Asia","Poly_src":"SWBD","Lake_type":1,"Grand_id":0,"Lake_area":0.22,"Shore_len":2.83,"Shore_dev":1.69,"Vol_total":0.24,"Vol_res":0.0,"Vol_src":3,"Depth_avg":1.1,"Dis_avg":0.01,"Res_time":276.7,"Elevation":43,"Slope_100":0.21,"Wshd_area":0.6,"Pour_long":86.286323,"Pour_lat":25.874246,"source_id":"hydrolakes:1384088","label":""},"geometry":{"type":"Polygon","coordinates":[[[86.28814941406296,25.87790120442719],[86.28930080837733,25.87706027560779],[86.29026692708379,25.87743164062516],[86.29151977539112,25.87727566189244],[86.29240654839458,25.876754557291747],[86.2923342556428,25.876173231336907],[86.29107381184946,25.875642089843893],[86.29070977105079,25.874988335503588],[86.29177341037382,25.87413655598965],[86.29265421549525,25.87376546223976],[86.29317911783897,25.872988552517427],[86.29277777777821,25.871944444444523],[86.29080362955773,25.8733013237848],[86.29002007378523,25.874279785156375],[86.2883832465285,25.87474772135431],[86.28598103841205,25.873164876302155],[86.2852746582036,25.87358018663201],[86.28544352213584,25.874937879774393],[86.28745198567765,25.875935601128617],[86.28725952148483,25.877483181423656],[86.28814941406296,25.87790120442719]]]}},{"type":"Feature","id":"hydrolakes:1384091","properties":{"Hylak_id":1384091,"Lake_name":"","Country":"India","Continent":"Asia","Poly_src":"SWBD","Lake_type":1,"Grand_id":0,"Lake_area":0.22,"Shore_len":2.05,"Shore_dev":1.24,"Vol_total":0.34,"Vol_res":0.0,"Vol_src":3,"Depth_avg":1.6,"Dis_avg":0.085,"Res_time":46.1,"Elevation":43,"Slope_100":0.45,"Wshd_area":4.8,"Pour_long":86.233699,"Pour_lat":25.871046,"source_id":"hydrolakes:1384091","label":""},"geometry":{"type":"Polygon","coordinates":[[[86.23571994357684,25.86678005642375],[86.23527777777821,25.866111111111252],[86.23294216579916,25.867942165798752],[86.23103461371574,25.86861083984394],[86.23087049696227,25.86934271918409],[86.23166015625048,25.870555555555597],[86.2309977213547,25.87157307942715],[86.23164306640666,25.87261338975702],[86.23223836263082,25.872323404948077],[86.23278672960117,25.871529134114837],[86.23377549913238,25.871275499132082],[86.23473225911499,25.87053385416681],[86.23610419379395,25.870020616319493],[86.23675062391538,25.869027777777887],[86.23571994357684,25.86678005642375]]]}},{"type":"Feature","id":"hydrolakes:1384093","properties":{"Hylak_id":1384093,"Lake_name":"","Country":"India","Continent":"Asia","Poly_src":"SWBD","Lake_type":1,"Grand_id":0,"Lake_area":0.21,"Shore_len":1.73,"Shore_dev":1.06,"Vol_total":0.36,"Vol_res":0.0,"Vol_src":3,"Depth_avg":1.7,"Dis_avg":0.034,"Res_time":123.7,"Elevation":41,"Slope_100":0.57,"Wshd_area":1.9,"Pour_long":86.147977,"Pour_lat":25.868909,"source_id":"hydrolakes:1384093","label":""},"geometry":{"type":"Polygon","coordinates":[[[86.15069173177125,25.86708604600716],[86.1479395887593,25.86717719184037],[86.14598280164972,25.867811957465335],[86.1459530978737,25.86926866319459],[86.1467711046011,25.870119900173734],[86.1493763563372,25.871247287326526],[86.15176608615496,25.86998697916681],[86.1518138292106,25.86764729817719],[86.15069173177125,25.86708604600716]]]}},{"type":"Feature","id":"hydrolakes:1384094","properties":{"Hylak_id":1384094,"Lake_name":"","Country":"India","Continent":"Asia","Poly_src":"SWBD","Lake_type":1,"Grand_id":0,"Lake_area":0.28,"Shore_len":3.06,"Shore_dev":1.62,"Vol_total":0.46,"Vol_res":0.0,"Vol_src":3,"Depth_avg":1.6,"Dis_avg":0.016,"Res_time":334.8,"Elevation":52,"Slope_100":0.45,"Wshd_area":1.0,"Pour_long":85.430056,"Pour_lat":25.866886,"source_id":"hydrolakes:1384094","label":""},"geometry":{"type":"Polygon","coordinates":[[[85.42566131591838,25.868155381944575],[85.42782182481608,25.86691786024312],[85.4298611111115,25.86712592230913],[85.43222045898477,25.866885308159794],[85.432903815376,25.866587456597358],[85.43194769965328,25.865258789062636],[85.42996358235712,25.86487386067722],[85.42790818956206,25.865646158854418],[85.42516679551932,25.86595947265647],[85.42333333333369,25.864444444444644],[85.42201178656723,25.865277235243127],[85.42083709716832,25.864604492187652],[85.42005320231164,25.865548231336902],[85.42016828748945,25.86667751736121],[85.42237396240279,25.867070583767486],[85.42345937093143,25.867929416232755],[85.42459821913013,25.868263617621608],[85.42566131591838,25.868155381944575]]]}},{"type":"Feature","id":"hydrolakes:1384095","properties":{"Hylak_id":1384095,"Lake_name":"","Country":"India","Continent":"Asia","Poly_src":"SWBD","Lake_type":1,"Grand_id":0,"Lake_area":0.21,"Shore_len":1.8,"Shore_dev":1.11,"Vol_total":0.27,"Vol_res":0.0,"Vol_src":3,"Depth_avg":1.3,"Dis_avg":108.497,"Res_time":0.1,"Elevation":43,"Slope_100":0.31,"Wshd_area":5734.7,"Pour_long":86.276579,"Pour_lat":25.866835,"source_id":"hydrolakes:1384095","label":""},"geometry":{"type":"Polygon","coordinates":[[[86.27567911783905,25.862654351128583],[86.27555555555602,25.862500000000182],[86.27417914496584,25.86267225477451],[86.27383707682333,25.865421820746576],[86.27497111002646,25.866837836371587],[86.27733154296936,25.867131618923736],[86.28012356228345,25.865413140191038],[86.27967746310827,25.864890407986252],[86.27807793511352,25.863986002604292],[86.27740722656307,25.86314832899319],[86.27567911783905,25.862654351128583]]]}},{"type":"Feature","id":"hydrolakes:1384097","properties":{"Hylak_id":1384097,"Lake_name":"","Country":"India","Continent":"Asia","Poly_src":"SWBD","Lake_type":1,"Grand_id":0,"Lake_area":0.64,"Shore_len":3.89,"Shore_dev":1.38,"Vol_total":1.09,"Vol_res":0.0,"Vol_src":3,"Depth_avg":1.7,"Dis_avg":0.077,"Res_time":164.2,"Elevation":51,"Slope_100":0.39,"Wshd_area":4.6,"Pour_long":85.259904,"Pour_lat":25.863271,"source_id":"hydrolakes:1384097","label":""},"geometry":{"type":"Polygon","coordinates":[[[85.26506449381549,25.86436821831603],[85.26687671237573,25.862301974826437],[85.2674697875982,25.860973036024404],[85.27033974541592,25.859692382812568],[85.2709618971088,25.858461914062616],[85.27261408487988,25.858086480034842],[85.27265365600647,25.857593858507016],[85.27180355495915,25.856861436632073],[85.27153810289207,25.855406358507025],[85.27083333333383,25.855000000000132],[85.26957300822005,25.855128580729286],[85.26812633938295,25.85632514105913],[85.26418199327298,25.858358561197974],[85.26240605672251,25.860287543402876],[85.26134901258752,25.860759277343902],[85.25903810289219,25.863553059895935],[85.2596606953943,25.864055175781345],[85.26136966281507,25.8639176432294],[85.26222000122112,25.865823296441135],[85.2634618971087,25.86485080295148],[85.26506449381549,25.86436821831603]]]}},{"type":"Feature","id":"hydrolakes:1384101","properties":{"Hylak_id":1384101,"Lake_name":"","Country":"India","Continent":"Asia","Poly_src":"SWBD","Lake_type":1,"Grand_id":0,"Lake_area":0.28,"Shore_len":2.18,"Shore_dev":1.17,"Vol_total":0.5,"Vol_res":0.0,"Vol_src":3,"Depth_avg":1.8,"Dis_avg":0.736,"Res_time":7.9,"Elevation":52,"Slope_100":0.57,"Wshd_area":45.0,"Pour_long":85.223691,"Pour_lat":25.861762,"source_id":"hydrolakes:1384101","label":""},"geometry":{"type":"Polygon","coordinates":[[[85.22414599948519,25.860853949653006],[85.2238888888894,25.86055555555572],[85.22335245768267,25.86071695963551],[85.22181588066996,25.862679036458474],[85.22207300821975,25.864593641493116],[85.22282830132434,25.86615234375006],[85.22459365844787,25.86707302517368],[85.22627273559624,25.86846191406255],[85.22705824110284,25.868090006510556],[85.22720369127114,25.8662798394098],[85.22536193847696,25.86190158420152],[85.22414599948519,25.860853949653006]]]}},{"type":"Feature","id":"hydrolakes:1384102","properties":{"Hylak_id":1384102,"Lake_name":"","Country":"India","Continent":"Asia","Poly_src":"SWBD","Lake_type":1,"Grand_id":0,"Lake_area":0.26,"Shore_len":2.65,"Shore_dev":1.47,"Vol_total":0.37,"Vol_res":0.0,"Vol_src":3,"Depth_avg":1.4,"Dis_avg":0.082,"Res_time":52.2,"Elevation":44,"Slope_100":0.35,"Wshd_area":4.6,"Pour_long":86.194792,"Pour_lat":25.861588,"source_id":"hydrolakes:1384102","label":""},"geometry":{"type":"Polygon","coordinates":[[[86.19764919704909,25.86181586371532],[86.19880737304743,25.861499023437602],[86.19975423177124,25.861574978298734],[86.201553412544,25.8594864908855],[86.20150743272615,25.858914116753567],[86.2005555555561,25.858055555555666],[86.1975901963981,25.85983235677088],[86.19425415039126,25.86083685980907],[86.192577039931,25.86000217013907],[86.19158704969675,25.860554741753674],[86.19126030816022,25.86246609157996],[86.19221042209256,25.86328477647578],[86.19365885416721,25.863168402777887],[86.19623969184073,25.862073025173686],[86.19764919704909,25.86181586371532]]]}},{"type":"Feature","id":"hydrolakes:1384107","properties":{"Hylak_id":1384107,"Lake_name":"","Country":"India","Continent":"Asia","Poly_src":"SWBD","Lake_type":1,"Grand_id":0,"Lake_area":0.38,"Shore_len":3.85,"Shore_dev":1.76,"Vol_total":0.76,"Vol_res":0.0,"Vol_src":3,"Depth_avg":2.0,"Dis_avg":0.106,"Res_time":83.2,"Elevation":50,"Slope_100":0.63,"Wshd_area":6.4,"Pour_long":85.375676,"Pour_lat":25.85625,"source_id":"hydrolakes:1384107","label":""},"geometry":{"type":"Polygon","coordinates":[[[85.37678083631783,25.85604465060777],[85.377358330621,25.85458062065993],[85.37919274224208,25.852395290798654],[85.37861111111141,25.85111111111121],[85.37725077311245,25.851588812934096],[85.37538675944046,25.850974934895987],[85.37456400553435,25.851831325954947],[85.37457973904134,25.853786892361256],[85.3719598049592,25.853733181423763],[85.3712527804908,25.85504665798635],[85.37212958441881,25.85624728732654],[85.37377919515029,25.85539740668412],[85.37487521701422,25.855419921875182],[85.37485527886321,25.85639729817717],[85.37293487548891,25.85686550564253],[85.37373758951878,25.858423665364683],[85.37252651638505,25.861222601996587],[85.37362894694053,25.861525065104217],[85.37487718370261,25.860678982205002],[85.37678083631783,25.85604465060777]]]}},{"type":"Feature","id":"hydrolakes:1384110","properties":{"Hylak_id":1384110,"Lake_name":"","Country":"India","Continent":"Asia","Poly_src":"SWBD","Lake_type":1,"Grand_id":0,"Lake_area":0.23,"Shore_len":2.22,"Shore_dev":1.3,"Vol_total":0.45,"Vol_res":0.0,"Vol_src":3,"Depth_avg":1.9,"Dis_avg":0.045,"Res_time":116.3,"Elevation":53,"Slope_100":0.68,"Wshd_area":2.7,"Pour_long":85.322887,"Pour_lat":25.852059,"source_id":"hydrolakes:1384110","label":""},"geometry":{"type":"Polygon","coordinates":[[[85.32286658393059,25.85297471788209],[85.32479102240706,25.853063422309162],[85.32494103325791,25.851857638889044],[85.32305555555598,25.85111111111121],[85.31907335069491,25.851851942274436],[85.31801554362022,25.852896864149386],[85.31631903754379,25.85361165364594],[85.31613711886996,25.855074327257],[85.31751702202746,25.855604654947967],[85.31959869384809,25.85515435112859],[85.32116119384801,25.854408365885604],[85.32286658393059,25.85297471788209]]]}},{"type":"Feature","id":"hydrolakes:1384115","properties":{"Hylak_id":1384115,"Lake_name":"","Country":"India","Continent":"Asia","Poly_src":"SWBD","Lake_type":1,"Grand_id":0,"Lake_area":0.92,"Shore_len":7.85,"Shore_dev":2.31,"Vol_total":1.94,"Vol_res":0.0,"Vol_src":3,"Depth_avg":2.1,"Dis_avg":0.42,"Res_time":53.5,"Elevation":50,"Slope_100":0.54,"Wshd_area":25.5,"Pour_long":85.426397,"Pour_lat":25.845577,"source_id":"hydrolakes:1384115","label":""},"geometry":{"type":"Polygon","coordinates":[[[85.40862138536295,25.851583930121592],[85.4103524441195,25.848492838541915],[85.410906066895,25.84843641493069],[85.4121494886615,25.850452473958455],[85.41302792019371,25.85036295572928],[85.41467902289531,25.85120632595499],[85.41697011311891,25.8515687391494],[85.42070729573601,25.85098497178825],[85.4215866088872,25.850481499566058],[85.4238355848529,25.850552842882053],[85.42625596788264,25.847932400173875],[85.4279525417756,25.84720893012161],[85.43066758897606,25.847485894097304],[85.43078762478353,25.846308051215544],[85.42925984700565,25.845656738281434],[85.42818549262199,25.84567925347227],[85.42760362413236,25.846012641059076],[85.42636362711625,25.845302463107885],[85.42478122287378,25.846278483073036],[85.42337320963583,25.84856119791681],[85.42110768636132,25.848330349392484],[85.41793070475308,25.849292805989762],[85.41285600450362,25.848073459201544],[85.41210238986594,25.847447374132003],[85.41135277642184,25.845719129774352],[85.40817545572963,25.845908745659983],[85.4064892239046,25.845177408854283],[85.40611111111161,25.8447222222224],[85.40432878282388,25.84486816406269],[85.40265174018066,25.84582546657998],[85.40357557508725,25.846587999131998],[85.40559109158028,25.846382649739724],[85.40599327935155,25.847084689670282],[85.40521006266306,25.84817301432298],[85.40466237386107,25.85003933376754],[85.40265174018066,25.850911458333485],[85.4040698242191,25.85156602647578],[85.40546471489841,25.851423882378583],[85.40718580457957,25.8520705837675],[85.40862138536295,25.851583930121592]]]}},{"type":"Feature","id":"hydrolakes:1384116","properties":{"Hylak_id":1384116,"Lake_name":"","Country":"India","Continent":"Asia","Poly_src":"SWBD","Lake_type":1,"Grand_id":0,"Lake_area":0.52,"Shore_len":2.9,"Shore_dev":1.14,"Vol_total":0.71,"Vol_res":0.0,"Vol_src":3,"Depth_avg":1.4,"Dis_avg":118.68,"Res_time":0.1,"Elevation":43,"Slope_100":0.26,"Wshd_area":6278.5,"Pour_long":86.29941,"Pour_lat":25.84558,"source_id":"hydrolakes:1384116","label":""},"geometry":{"type":"Polygon","coordinates":[[[86.30148044162371,25.851866590712063],[86.30243245442756,25.851171332465356],[86.30411553276963,25.851652018229288],[86.30512356228371,25.850266113281407],[86.30433661566889,25.848927408854195],[86.30465589735303,25.846361219618245],[86.30416666666713,25.84527777777788],[86.3023495822489,25.845570746527926],[86.29970879448854,25.845242241753624],[86.29589586046058,25.846331108941058],[86.29599365234418,25.847116699218816],[86.29905748155426,25.851912434895894],[86.29980482313431,25.852510850694557],[86.30148044162371,25.851866590712063]]]}},{"type":"Feature","id":"hydrolakes:1384118","properties":{"Hylak_id":1384118,"Lake_name":"","Country":"India","Continent":"Asia","Poly_src":"SWBD","Lake_type":1,"Grand_id":0,"Lake_area":0.58,"Shore_len":3.97,"Shore_dev":1.47,"Vol_total":1.18,"Vol_res":0.0,"Vol_src":3,"Depth_avg":2.0,"Dis_avg":0.047,"Res_time":290.5,"Elevation":50,"Slope_100":0.57,"Wshd_area":2.9,"Pour_long":85.481141,"Pour_lat":25.843909,"source_id":"hydrolakes:1384118","label":""},"geometry":{"type":"Polygon","coordinates":[[[85.48867587619407,25.849468858507066],[85.48917497423008,25.848109809027903],[85.48807261149136,25.846830240885538],[85.48631252712715,25.84604492187509],[85.48459187825557,25.844571397569496],[85.48409545898477,25.844611273871635],[85.48070478651294,25.841795247395908],[85.47913401285842,25.841322428385524],[85.47833333333381,25.840555555555625],[85.47709367540199,25.841260308159804],[85.47570478651312,25.841678602430648],[85.47613427056262,25.842836100260456],[85.4782966105148,25.843656684027962],[85.4800709364153,25.844768066406345],[85.48068410237681,25.84586724175358],[85.48042700873532,25.84737141927104],[85.47931589762408,25.848790147569503],[85.4802536010746,25.84939670138897],[85.48233388265021,25.84933675130219],[85.48326880561035,25.84881510416676],[85.48765363905216,25.850128580729233],[85.48867587619407,25.849468858507066]]]}},{"type":"Feature","id":"hydrolakes:1384122","properties":{"Hylak_id":1384122,"Lake_name":"","Country":"India","Continent":"Asia","Poly_src":"SWBD","Lake_type":1,"Grand_id":0,"Lake_area":0.59,"Shore_len":3.95,"Shore_dev":1.45,"Vol_total":0.93,"Vol_res":0.0,"Vol_src":3,"Depth_avg":1.6,"Dis_avg":118.871,"Res_time":0.1,"Elevation":43,"Slope_100":0.34,"Wshd_area":6299.3,"Pour_long":86.317976,"Pour_lat":25.843431,"source_id":"hydrolakes:1384122","label":""},"geometry":{"type":"Polygon","coordinates":[[[86.31617363823841,25.847692328559162],[86.3168008083772,25.847131890191122],[86.31730645073827,25.845494520399427],[86.31984402126778,25.843065049913378],[86.31988416883735,25.84239040798616],[86.31878146701445,25.841620279948017],[86.31286770290848,25.84374213324668],[86.31251573350755,25.84293891059042],[86.31540879991366,25.841611056857687],[86.31506781684084,25.84040852864598],[86.3127777777782,25.83888888888913],[86.31054578993104,25.83976752387167],[86.30959120008725,25.843331976996694],[86.30987698025223,25.84500759548621],[86.31221272786513,25.847621799045214],[86.31617363823841,25.847692328559162]]]}},{"type":"Feature","id":"hydrolakes:1384124","properties":{"Hylak_id":1384124,"Lake_name":"","Country":"India","Continent":"Asia","Poly_src":"SWBD","Lake_type":1,"Grand_id":0,"Lake_area":0.3,"Shore_len":2.8,"Shore_dev":1.45,"Vol_total":0.16,"Vol_res":0.0,"Vol_src":3,"Depth_avg":0.5,"Dis_avg":118.861,"Res_time":0.1,"Elevation":44,"Slope_100":0.04,"Wshd_area":6290.8,"Pour_long":86.300719,"Pour_lat":25.839724,"source_id":"hydrolakes:1384124","label":""},"geometry":{"type":"Polygon","coordinates":[[[86.29411675347285,25.843543294270887],[86.29790106879398,25.843526746961913],[86.29794854058218,25.842936740451478],[86.29709364149363,25.84173095703136],[86.29747083875907,25.84060275607652],[86.29987738715334,25.840796169705015],[86.30149970160636,25.840072428385497],[86.301582302518,25.839043240017418],[86.30051378038235,25.83895751953139],[86.29941053602488,25.839573025173706],[86.29856743706642,25.839249945746587],[86.29777777777821,25.838333333333424],[86.2967952473964,25.838461914062577],[86.29583007812545,25.839000379774347],[86.2918158637159,25.84028971354178],[86.29219590928881,25.84131374782993],[86.29411675347285,25.843543294270887]]]}},{"type":"Feature","id":"hydrolakes:1384125","properties":{"Hylak_id":1384125,"Lake_name":"","Country":"India","Continent":"Asia","Poly_src":"SWBD","Lake_type":1,"Grand_id":0,"Lake_area":0.47,"Shore_len":3.27,"Shore_dev":1.34,"Vol_total":0.71,"Vol_res":0.0,"Vol_src":3,"Depth_avg":1.5,"Dis_avg":2.09,"Res_time":3.9,"Elevation":50,"Slope_100":0.32,"Wshd_area":137.1,"Pour_long":85.084907,"Pour_lat":25.839474,"source_id":"hydrolakes:1384125","label":""},"geometry":{"type":"Polygon","coordinates":[[[85.08785870022291,25.835679253472335],[85.08750000000043,25.835277777777833],[85.08603658888103,25.83643229166671],[85.08407201978957,25.837039116753658],[85.08218824598572,25.839915364583476],[85.07959114922454,25.841941189236195],[85.07996495564834,25.844927571614676],[85.0808912743467,25.84596435546888],[85.08325907389371,25.845659179687573],[85.08475248548768,25.84383897569461],[85.08574267069531,25.84201687282996],[85.08700675116688,25.837427842881993],[85.08790885077633,25.83679768880222],[85.08901996188735,25.83645453559035],[85.08785870022291,25.835679253472335]]]}},{"type":"Feature","id":"hydrolakes:1384126","properties":{"Hylak_id":1384126,"Lake_name":"","Country":"India","Continent":"Asia","Poly_src":"SWBD","Lake_type":1,"Grand_id":0,"Lake_area":0.14,"Shore_len":1.55,"Shore_dev":1.16,"Vol_total":0.14,"Vol_res":0.0,"Vol_src":3,"Depth_avg":1.0,"Dis_avg":0.108,"Res_time":14.6,"Elevation":50,"Slope_100":0.19,"Wshd_area":6.8,"Pour_long":85.118471,"Pour_lat":25.837897,"source_id":"hydrolakes:1384126","label":""},"geometry":{"type":"Polygon","coordinates":[[[85.1156841108538,25.834315863715403],[85.11555555555611,25.83416666666676],[85.11403811136927,25.83436523437507],[85.11442877027758,25.836400553385545],[85.11692517598505,25.838170572916795],[85.11900510999925,25.83833767361125],[85.1191199408641,25.836908637152874],[85.11653811136915,25.834573025173654],[85.1156841108538,25.834315863715403]]]}},{"type":"Feature","id":"hydrolakes:1384127","properties":{"Hylak_id":1384127,"Lake_name":"","Country":"India","Continent":"Asia","Poly_src":"SWBD","Lake_type":1,"Grand_id":0,"Lake_area":0.25,"Shore_len":2.2,"Shore_dev":1.23,"Vol_total":0.42,"Vol_res":0.0,"Vol_src":3,"Depth_avg":1.6,"Dis_avg":0.045,"Res_time":107.2,"Elevation":51,"Slope_100":0.48,"Wshd_area":2.7,"Pour_long":85.276879,"Pour_lat":25.837314,"source_id":"hydrolakes:1384127","label":""},"geometry":{"type":"Polygon","coordinates":[[[85.27837982177789,25.841977267795187],[85.27900989108662,25.84037434895845],[85.27848115709133,25.83860704210082],[85.27694444444484,25.83694444444467],[85.27630794949044,25.837435709635542],[85.2759123738611,25.83840223524311],[85.27326921251131,25.84009982638895],[85.27139633178746,25.840418023003565],[85.27184449937658,25.84202745225707],[85.27399971856045,25.841861707899454],[85.2766168721522,25.842468261718864],[85.27837982177789,25.841977267795187]]]}},{"type":"Feature","id":"hydrolakes:1384129","properties":{"Hylak_id":1384129,"Lake_name":"","Country":"India","Continent":"Asia","Poly_src":"SWBD","Lake_type":1,"Grand_id":0,"Lake_area":0.56,"Shore_len":3.47,"Shore_dev":1.31,"Vol_total":0.82,"Vol_res":0.0,"Vol_src":3,"Depth_avg":1.5,"Dis_avg":0.037,"Res_time":257.0,"Elevation":42,"Slope_100":0.3,"Wshd_area":2.1,"Pour_long":86.213542,"Pour_lat":25.836909,"source_id":"hydrolakes:1384129","label":""},"geometry":{"type":"Polygon","coordinates":[[[86.2152484809032,25.843452962239724],[86.21661729600743,25.841975640191038],[86.21735649956656,25.842366807725853],[86.21802788628526,25.84234022352439],[86.21933159722272,25.84093315972234],[86.21931342230971,25.83896701388909],[86.22071031358547,25.83623508029524],[86.22067667643284,25.835384928385565],[86.21839748806485,25.834257812500084],[86.21805555555602,25.833888888889078],[86.21733262803878,25.834558648003565],[86.21736680772614,25.835421549479292],[86.21648505316881,25.836571451823033],[86.21507269965332,25.837237955729393],[86.21204779730965,25.83542209201397],[86.21147013346416,25.836045464409835],[86.21154364691898,25.837901746961847],[86.21113511827303,25.838674045139157],[86.2152484809032,25.843452962239724]]]}},{"type":"Feature","id":"hydrolakes:1384132","properties":{"Hylak_id":1384132,"Lake_name":"","Country":"India","Continent":"Asia","Poly_src":"SWBD","Lake_type":1,"Grand_id":0,"Lake_area":0.16,"Shore_len":1.95,"Shore_dev":1.36,"Vol_total":0.22,"Vol_res":0.0,"Vol_src":3,"Depth_avg":1.4,"Dis_avg":0.051,"Res_time":50.9,"Elevation":43,"Slope_100":0.37,"Wshd_area":2.9,"Pour_long":86.253196,"Pour_lat":25.832511,"source_id":"hydrolakes:1384132","label":""},"geometry":{"type":"Polygon","coordinates":[[[86.25290635850735,25.83153808593761],[86.2527777777783,25.831388888889023],[86.25215861002664,25.831922200521092],[86.25348253038248,25.834295247395914],[86.25444973415841,25.83844021267373],[86.25631700303865,25.837500000000148],[86.25618340386347,25.835837402343827],[86.25677110460128,25.834236924913284],[86.2553382703997,25.833114691840365],[86.25408935546915,25.83255750868068],[86.25290635850735,25.83153808593761]]]}},{"type":"Feature","id":"hydrolakes:1384133","properties":{"Hylak_id":1384133,"Lake_name":"","Country":"India","Continent":"Asia","Poly_src":"SWBD","Lake_type":1,"Grand_id":0,"Lake_area":0.96,"Shore_len":4.76,"Shore_dev":1.37,"Vol_total":2.05,"Vol_res":0.0,"Vol_src":3,"Depth_avg":2.1,"Dis_avg":0.122,"Res_time":194.3,"Elevation":47,"Slope_100":0.55,"Wshd_area":7.5,"Pour_long":85.444015,"Pour_lat":25.832028,"source_id":"hydrolakes:1384133","label":""},"geometry":{"type":"Polygon","coordinates":[[[85.44993801540852,25.83805202907996],[85.45076941596187,25.83757568359391],[85.45255086263069,25.837757432725823],[85.4534593709314,25.836171061198],[85.45262234158037,25.835375976562545],[85.45070729573615,25.83557101779519],[85.45095937093163,25.8348483615452],[85.45295935736817,25.833313802083467],[85.45381354437984,25.83103325737858],[85.45457048204247,25.82971164279519],[85.45337039523696,25.828762749566124],[85.45164374457522,25.829721950954934],[85.44980438232466,25.82990939670151],[85.44832743326879,25.829475911458417],[85.44853607177771,25.827429199218898],[85.44805555555598,25.826666666666767],[85.44734825982033,25.826792805989726],[85.44706427680171,25.82744737413219],[85.44586008707734,25.828447808159808],[85.44472785102033,25.830283474392445],[85.44250725640245,25.83165310329872],[85.44186564127648,25.83512261284727],[85.44421925862673,25.837342122395967],[85.44584659152605,25.836730685764053],[85.44846150716194,25.83790147569465],[85.44993801540852,25.83805202907996]]]}},{"type":"Feature","id":"hydrolakes:1384137","properties":{"Hylak_id":1384137,"Lake_name":"","Country":"India","Continent":"Asia","Poly_src":"SWBD","Lake_type":1,"Grand_id":0,"Lake_area":0.18,"Shore_len":2.16,"Shore_dev":1.45,"Vol_total":0.11,"Vol_res":0.0,"Vol_src":3,"Depth_avg":0.6,"Dis_avg":0.031,"Res_time":42.3,"Elevation":44,"Slope_100":0.08,"Wshd_area":1.7,"Pour_long":86.325759,"Pour_lat":25.830519,"source_id":"hydrolakes:1384137","label":""},"geometry":{"type":"Polygon","coordinates":[[[86.322413601346,25.832666286892447],[86.32496405707508,25.83189860026056],[86.3265174696187,25.830560167100828],[86.32602118598152,25.829727105034863],[86.32272691514805,25.83093668619796],[86.3208369954433,25.83009358723973],[86.32027777777841,25.82944444444456],[86.31764919704915,25.83140082465303],[86.31804728190156,25.832473415798745],[86.32087741428,25.832246093750086],[86.322413601346,25.832666286892447]]]}},{"type":"Feature","id":"hydrolakes:1384144","properties":{"Hylak_id":1384144,"Lake_name":"","Country":"Bangladesh","Continent":"Asia","Poly_src":"SWBD","Lake_type":1,"Grand_id":0,"Lake_area":0.3,"Shore_len":3.9,"Shore_dev":1.99,"Vol_total":0.72,"Vol_res":0.0,"Vol_src":3,"Depth_avg":2.4,"Dis_avg":0.277,"Res_time":29.9,"Elevation":26,"Slope_100":0.95,"Wshd_area":8.3,"Pour_long":89.636458,"Pour_lat":25.822726,"source_id":"hydrolakes:1384144","label":""},"geometry":{"type":"Polygon","coordinates":[[[89.63819173177166,25.821808268229177],[89.63345377604253,25.82184678819459],[89.63097493489653,25.822919379340476],[89.6288964843759,25.823257649739787],[89.62387912326466,25.825341796875136],[89.62180826823004,25.827331271701496],[89.62301920572992,25.828191731771028],[89.62591851128542,25.825823838975737],[89.62914550781323,25.82460259331623],[89.63254231770901,25.82397786458347],[89.63862087673692,25.823437228732757],[89.63903971354245,25.822623426649443],[89.63819173177166,25.821808268229177]]]}},{"type":"Feature","id":"hydrolakes:1384145","properties":{"Hylak_id":1384145,"Lake_name":"","Country":"India","Continent":"Asia","Poly_src":"SWBD","Lake_type":1,"Grand_id":0,"Lake_area":0.52,"Shore_len":3.78,"Shore_dev":1.48,"Vol_total":0.59,"Vol_res":0.0,"Vol_src":3,"Depth_avg":1.1,"Dis_avg":0.098,"Res_time":70.3,"Elevation":43,"Slope_100":0.18,"Wshd_area":5.6,"Pour_long":86.294792,"Pour_lat":25.821578,"source_id":"hydrolakes:1384145","label":""},"geometry":{"type":"Polygon","coordinates":[[[86.28958862304734,25.82097764756952],[86.29013780381985,25.820686848958417],[86.29403306749174,25.82180013020843],[86.2951554361984,25.822572699652824],[86.29651421441014,25.821313476562636],[86.2943108452697,25.81985568576397],[86.29135281033035,25.8190313042536],[86.28960083007871,25.817408040364626],[86.28888888888929,25.816111111111297],[86.28674452039974,25.816248372395876],[86.28485582139803,25.817633463541767],[86.28264417860305,25.819805230034774],[86.28431084526954,25.822355685764023],[86.28509657118099,25.824020724826482],[86.2859556749138,25.824054633246647],[86.28666273329037,25.82191270616346],[86.28763359917593,25.821244574652837],[86.28958862304734,25.82097764756952]]]}},{"type":"Feature","id":"hydrolakes:1384148","properties":{"Hylak_id":1384148,"Lake_name":"","Country":"India","Continent":"Asia","Poly_src":"SWBD","Lake_type":1,"Grand_id":0,"Lake_area":0.86,"Shore_len":5.32,"Shore_dev":1.62,"Vol_total":1.81,"Vol_res":0.0,"Vol_src":3,"Depth_avg":2.1,"Dis_avg":0.362,"Res_time":58.0,"Elevation":51,"Slope_100":0.55,"Wshd_area":21.8,"Pour_long":85.308706,"Pour_lat":25.820503,"source_id":"hydrolakes:1384148","label":""},"geometry":{"type":"Polygon","coordinates":[[[85.30431589762424,25.82487141927089],[85.30492333306256,25.82453260633696],[85.30581888834683,25.824604492187575],[85.30686777750702,25.825189615885677],[85.30931406656936,25.82515082465295],[85.31178602430595,25.82332736545152],[85.31403971354223,25.822648654513955],[85.31391462538016,25.821091851128585],[85.31224368625254,25.820588921441015],[85.31099541558228,25.82128526475708],[85.3102922227651,25.821228841145967],[85.30894558376775,25.820477430555627],[85.308055555556,25.819444444444514],[85.30727403428881,25.81993218315978],[85.30605943467918,25.8198345269098],[85.30346048990941,25.821692437066076],[85.30250111897823,25.82115695529518],[85.30094200982029,25.819347330729386],[85.29851209852461,25.820370822482744],[85.29751780192095,25.82107584635429],[85.29557701958606,25.820311143663332],[85.29409088134804,25.821053059896087],[85.29348256429074,25.822598741319553],[85.2946682739261,25.82411268446191],[85.29997141520215,25.823444010416722],[85.30140496148039,25.825107964409824],[85.3020893351241,25.82664171006951],[85.30325558132637,25.826213378906516],[85.3037396579324,25.825128580729427],[85.30431589762424,25.82487141927089]]]}},{"type":"Feature","id":"hydrolakes:1384151","properties":{"Hylak_id":1384151,"Lake_name":"","Country":"India","Continent":"Asia","Poly_src":"SWBD","Lake_type":1,"Grand_id":0,"Lake_area":0.32,"Shore_len":2.47,"Shore_dev":1.22,"Vol_total":0.48,"Vol_res":0.0,"Vol_src":3,"Depth_avg":1.5,"Dis_avg":0.624,"Res_time":8.9,"Elevation":48,"Slope_100":0.35,"Wshd_area":38.1,"Pour_long":85.439958,"Pour_lat":25.819396,"source_id":"hydrolakes:1384151","label":""},"geometry":{"type":"Polygon","coordinates":[[[85.44429270426468,25.819040527343816],[85.44277777777819,25.817777777777906],[85.44040381537587,25.817903917100864],[85.43923733181475,25.8182299804688],[85.43766598171698,25.81806966145848],[85.43830566406302,25.819186740451585],[85.43823872884161,25.821545410156318],[85.44006829155865,25.823065321180763],[85.44237396240283,25.822373860677146],[85.44345937093141,25.821515028211934],[85.44684373643713,25.820096842448038],[85.44676835801903,25.81935736762165],[85.44429270426468,25.819040527343816]]]}},{"type":"Feature","id":"hydrolakes:1384153","properties":{"Hylak_id":1384153,"Lake_name":"","Country":"India","Continent":"Asia","Poly_src":"SWBD","Lake_type":1,"Grand_id":0,"Lake_area":0.12,"Shore_len":1.85,"Shore_dev":1.48,"Vol_total":0.13,"Vol_res":0.0,"Vol_src":3,"Depth_avg":1.0,"Dis_avg":0.996,"Res_time":1.5,"Elevation":39,"Slope_100":0.22,"Wshd_area":34.4,"Pour_long":87.579852,"Pour_lat":25.818871,"source_id":"hydrolakes:1384153","label":""},"geometry":{"type":"Polygon","coordinates":[[[87.58033582899367,25.81942192925368],[87.58081054687568,25.81857069227442],[87.57588948567769,25.81760986328146],[87.57555555555615,25.817222222222313],[87.57361002604222,25.817420789930623],[87.57264919704926,25.819142795138987],[87.58033582899367,25.81942192925368]]]}},{"type":"Feature","id":"hydrolakes:1384156","properties":{"Hylak_id":1384156,"Lake_name":"","Country":"India","Continent":"Asia","Poly_src":"SWBD","Lake_type":1,"Grand_id":0,"Lake_area":0.24,"Shore_len":2.6,"Shore_dev":1.5,"Vol_total":0.36,"Vol_res":0.0,"Vol_src":3,"Depth_avg":1.5,"Dis_avg":0.126,"Res_time":32.9,"Elevation":40,"Slope_100":0.4,"Wshd_area":7.3,"Pour_long":86.167601,"Pour_lat":25.815258,"source_id":"hydrolakes:1384156","label":""},"geometry":{"type":"Polygon","coordinates":[[[86.16680636935803,25.816570095486156],[86.16861857096404,25.816613498263905],[86.17040378146743,25.815130479600782],[86.16805555555618,25.813888888888982],[86.16644571940145,25.81402072482655],[86.16487399631137,25.815151638455006],[86.16377075195356,25.815630154079997],[86.16371012369831,25.816225314670362],[86.16466973198834,25.817558865017475],[86.16265177408894,25.820566134982755],[86.16380357530426,25.821476779514],[86.1658284505213,25.819181043836977],[86.16680636935803,25.816570095486156]]]}},{"type":"Feature","id":"hydrolakes:1384158","properties":{"Hylak_id":1384158,"Lake_name":"","Country":"India","Continent":"Asia","Poly_src":"SWBD","Lake_type":1,"Grand_id":0,"Lake_area":0.5,"Shore_len":3.62,"Shore_dev":1.45,"Vol_total":0.76,"Vol_res":0.0,"Vol_src":3,"Depth_avg":1.5,"Dis_avg":0.05,"Res_time":175.1,"Elevation":42,"Slope_100":0.33,"Wshd_area":2.9,"Pour_long":86.298776,"Pour_lat":25.814626,"source_id":"hydrolakes:1384158","label":""},"geometry":{"type":"Polygon","coordinates":[[[86.29900987413248,25.803490125868166],[86.29888888888945,25.803333333333512],[86.29803087022611,25.803479003906318],[86.29707560221397,25.80421657986119],[86.29682345920196,25.80599012586822],[86.296346571181,25.807203233507096],[86.29718614366362,25.808595106336952],[86.29764838324718,25.81025526258685],[86.2986720106341,25.812367078993304],[86.29805094401104,25.813884277343845],[86.29682345920196,25.814386664496624],[86.29718315972286,25.815531412760492],[86.29843709309955,25.81646104600702],[86.29910753038257,25.816560058593893],[86.3006020779086,25.81614393446199],[86.30104437934068,25.815018446180773],[86.30018473307342,25.812243923611163],[86.3019505479607,25.80557969835081],[86.29987901475761,25.803732096354224],[86.29900987413248,25.803490125868166]]]}},{"type":"Feature","id":"hydrolakes:1384159","properties":{"Hylak_id":1384159,"Lake_name":"","Country":"India","Continent":"Asia","Poly_src":"SWBD","Lake_type":1,"Grand_id":0,"Lake_area":0.24,"Shore_len":3.22,"Shore_dev":1.84,"Vol_total":0.28,"Vol_res":0.0,"Vol_src":3,"Depth_avg":1.1,"Dis_avg":0.252,"Res_time":12.6,"Elevation":37,"Slope_100":0.22,"Wshd_area":8.1,"Pour_long":87.80274,"Pour_lat":25.813157,"source_id":"hydrolakes:1384159","label":""},"geometry":{"type":"Polygon","coordinates":[[[87.80657307942795,25.82068359375012],[87.80785156250062,25.81867350260427],[87.80676025390682,25.81459852430561],[87.80437689887214,25.812469346788248],[87.80277777777849,25.811388888888928],[87.80099202474048,25.81190863715284],[87.80157796224046,25.812986924913446],[87.80553276909785,25.815804036458417],[87.80651991102502,25.817997504340326],[87.80592122395899,25.819099121093814],[87.80315375434083,25.819038357204988],[87.8032169596359,25.82010064019113],[87.80576795789983,25.820731336805693],[87.80657307942795,25.82068359375012]]]}},{"type":"Feature","id":"hydrolakes:1384160","properties":{"Hylak_id":1384160,"Lake_name":"","Country":"India","Continent":"Asia","Poly_src":"SWBD","Lake_type":1,"Grand_id":0,"Lake_area":0.52,"Shore_len":3.5,"Shore_dev":1.37,"Vol_total":0.99,"Vol_res":0.0,"Vol_src":3,"Depth_avg":1.9,"Dis_avg":0.044,"Res_time":260.3,"Elevation":49,"Slope_100":0.52,"Wshd_area":2.7,"Pour_long":85.449262,"Pour_lat":25.812303,"source_id":"hydrolakes:1384160","label":""},"geometry":{"type":"Polygon","coordinates":[[[85.46013359917578,25.81610026041676],[85.45970380995044,25.814992133246676],[85.45776794433635,25.815670572916815],[85.45637010362458,25.814768066406316],[85.45466298421258,25.812925618489714],[85.45283359103803,25.81257622612867],[85.45166666666717,25.81194444444452],[85.44884084065797,25.812103949652965],[85.4464061143666,25.813535427517593],[85.44681084526945,25.81430013020855],[85.44719980875709,25.816741807725748],[85.44869679768942,25.81726643880222],[85.45141581217484,25.815827907986204],[85.45591630723783,25.817911241319507],[85.4578927951394,25.81754720052095],[85.46013359917578,25.81610026041676]]]}},{"type":"Feature","id":"hydrolakes:1384161","properties":{"Hylak_id":1384161,"Lake_name":"","Country":"India","Continent":"Asia","Poly_src":"SWBD","Lake_type":1,"Grand_id":0,"Lake_area":0.26,"Shore_len":3.42,"Shore_dev":1.9,"Vol_total":0.26,"Vol_res":0.0,"Vol_src":3,"Depth_avg":1.0,"Dis_avg":1.375,"Res_time":2.2,"Elevation":42,"Slope_100":0.18,"Wshd_area":79.2,"Pour_long":86.216384,"Pour_lat":25.812152,"source_id":"hydrolakes:1384161","label":""},"geometry":{"type":"Polygon","coordinates":[[[86.21990356445355,25.814546440972265],[86.22395385742243,25.810068359375066],[86.22429524739624,25.80814507378477],[86.2226586914067,25.80741482204877],[86.22194444444517,25.806388888889103],[86.22036824544313,25.80659505208348],[86.21903808593817,25.807705349392506],[86.21973402235284,25.808305121528008],[86.22243611653693,25.80823404947921],[86.2223375108511,25.80946072048613],[86.21994900173672,25.81234809027785],[86.21855767144154,25.81276692708343],[86.21671440972267,25.811738552517454],[86.2159825303824,25.811949055989658],[86.21656439887215,25.81353325737865],[86.21854885525227,25.81465521918409],[86.21990356445355,25.814546440972265]]]}},{"type":"Feature","id":"hydrolakes:1384163","properties":{"Hylak_id":1384163,"Lake_name":"","Country":"India","Continent":"Asia","Poly_src":"SWBD","Lake_type":1,"Grand_id":0,"Lake_area":0.17,"Shore_len":1.62,"Shore_dev":1.11,"Vol_total":0.13,"Vol_res":0.0,"Vol_src":3,"Depth_avg":0.8,"Dis_avg":0.07,"Res_time":21.7,"Elevation":45,"Slope_100":0.11,"Wshd_area":3.3,"Pour_long":87.005391,"Pour_lat":25.811092,"source_id":"hydrolakes:1384163","label":""},"geometry":{"type":"Polygon","coordinates":[[[87.00330254448846,25.809197319878592],[87.00305555555622,25.80888888888893],[87.00216742621586,25.80904351128487],[87.00098754882879,25.809988335503533],[87.00137139214456,25.811109212239842],[87.0023457845059,25.811821017795182],[87.00454928928013,25.812582736545266],[87.00581163194494,25.812739800347344],[87.00729654947986,25.81155083550368],[87.00575358072979,25.80962402343772],[87.00330254448846,25.809197319878592]]]}},{"type":"Feature","id":"hydrolakes:1384164","properties":{"Hylak_id":1384164,"Lake_name":"","Country":"India","Continent":"Asia","Poly_src":"SWBD","Lake_type":1,"Grand_id":0,"Lake_area":0.2,"Shore_len":1.95,"Shore_dev":1.22,"Vol_total":0.23,"Vol_res":0.0,"Vol_src":3,"Depth_avg":1.1,"Dis_avg":0.032,"Res_time":83.3,"Elevation":42,"Slope_100":0.23,"Wshd_area":1.9,"Pour_long":86.110301,"Pour_lat":25.80986,"source_id":"hydrolakes:1384164","label":""},"geometry":{"type":"Polygon","coordinates":[[[86.11321539984885,25.807963324652917],[86.11305555555595,25.807777777777858],[86.11179524739629,25.80790635850701],[86.10878845214904,25.808496907552126],[86.10796698676262,25.80920464409735],[86.10848829481381,25.810138888889014],[86.10792697482685,25.81114501953141],[86.10856431749181,25.81194444444452],[86.1112396918407,25.810961914062602],[86.11363864474873,25.81052435980922],[86.11529547797363,25.808589680989712],[86.11321539984885,25.807963324652917]]]}},{"type":"Feature","id":"hydrolakes:1384169","properties":{"Hylak_id":1384169,"Lake_name":"","Country":"India","Continent":"Asia","Poly_src":"SWBD","Lake_type":1,"Grand_id":0,"Lake_area":0.26,"Shore_len":2.37,"Shore_dev":1.31,"Vol_total":0.44,"Vol_res":0.0,"Vol_src":3,"Depth_avg":1.7,"Dis_avg":3.133,"Res_time":1.6,"Elevation":46,"Slope_100":0.5,"Wshd_area":197.7,"Pour_long":85.588268,"Pour_lat":25.807019,"source_id":"hydrolakes:1384169","label":""},"geometry":{"type":"Polygon","coordinates":[[[85.5905725097661,25.805092773437593],[85.59000000000049,25.804166666666788],[85.58624348958381,25.807504611545255],[85.58403557671488,25.808908962673684],[85.58443562825556,25.810797797309135],[85.58775689019149,25.812075466579927],[85.58897481282594,25.81116617838552],[85.58888509114621,25.80760552300353],[85.5905725097661,25.805092773437593]]]}},{"type":"Feature","id":"hydrolakes:1384173","properties":{"Hylak_id":1384173,"Lake_name":"","Country":"India","Continent":"Asia","Poly_src":"SWBD","Lake_type":1,"Grand_id":0,"Lake_area":0.24,"Shore_len":2.42,"Shore_dev":1.4,"Vol_total":0.42,"Vol_res":0.0,"Vol_src":3,"Depth_avg":1.8,"Dis_avg":0.043,"Res_time":113.0,"Elevation":48,"Slope_100":0.56,"Wshd_area":2.7,"Pour_long":85.463542,"Pour_lat":25.802168,"source_id":"hydrolakes:1384173","label":""},"geometry":{"type":"Polygon","coordinates":[[[85.4687396579323,25.803291829427337],[85.46806589762423,25.802106391059226],[85.46763115776957,25.802071668836902],[85.46663282606391,25.80262858072922],[85.46469628228147,25.80193983289945],[85.46373243543894,25.80034396701393],[85.46305555555597,25.79972222222227],[85.46153811984641,25.799877115885522],[85.46275631374823,25.802427300347404],[85.46248741997653,25.805774197048663],[85.46312489827511,25.806513943142477],[85.4687396579323,25.803291829427337]]]}},{"type":"Feature","id":"hydrolakes:1384175","properties":{"Hylak_id":1384175,"Lake_name":"","Country":"India","Continent":"Asia","Poly_src":"SWBD","Lake_type":1,"Grand_id":0,"Lake_area":0.16,"Shore_len":2.06,"Shore_dev":1.44,"Vol_total":0.14,"Vol_res":0.0,"Vol_src":3,"Depth_avg":0.8,"Dis_avg":0.03,"Res_time":53.3,"Elevation":42,"Slope_100":0.14,"Wshd_area":1.7,"Pour_long":86.293221,"Pour_lat":25.801769,"source_id":"hydrolakes:1384175","label":""},"geometry":{"type":"Polygon","coordinates":[[[86.29636257595536,25.799296061197992],[86.29611111111171,25.798611111111256],[86.29511162651966,25.79905897352438],[86.29314276801261,25.799042968750143],[86.29219143337724,25.801175130208378],[86.29059258355096,25.801538357204947],[86.29014919704906,25.80214979383686],[86.29195977105081,25.803709852430643],[86.29401746961878,25.80447835286469],[86.29323540581652,25.80307644314246],[86.29636257595536,25.799296061197992]]]}},{"type":"Feature","id":"hydrolakes:1384176","properties":{"Hylak_id":1384176,"Lake_name":"","Country":"India","Continent":"Asia","Poly_src":"SWBD","Lake_type":1,"Grand_id":0,"Lake_area":0.17,"Shore_len":2.74,"Shore_dev":1.89,"Vol_total":0.24,"Vol_res":0.0,"Vol_src":3,"Depth_avg":1.4,"Dis_avg":0.702,"Res_time":4.0,"Elevation":51,"Slope_100":0.42,"Wshd_area":42.5,"Pour_long":85.350488,"Pour_lat":25.801156,"source_id":"hydrolakes:1384176","label":""},"geometry":{"type":"Polygon","coordinates":[[[85.34776272243971,25.80328260633695],[85.35091749403244,25.8018747287328],[85.351316053603,25.801160481770978],[85.34935048421261,25.79887912326393],[85.34833333333387,25.798333333333403],[85.34634738498312,25.79853597005217],[85.34531022813633,25.801209581163278],[85.3460444132491,25.803144531250098],[85.34776272243971,25.80328260633695]],[[85.34681589762403,25.799617784288273],[85.3488888888894,25.79944444444459],[85.34956746419306,25.800531684027817],[85.3488951958555,25.801736653645946],[85.347144605849,25.80207302517374],[85.34681589762403,25.799617784288273]]]}},{"type":"Feature","id":"hydrolakes:1384178","properties":{"Hylak_id":1384178,"Lake_name":"","Country":"India","Continent":"Asia","Poly_src":"SWBD","Lake_type":1,"Grand_id":0,"Lake_area":0.56,"Shore_len":5.41,"Shore_dev":2.05,"Vol_total":0.94,"Vol_res":0.0,"Vol_src":3,"Depth_avg":1.7,"Dis_avg":0.591,"Res_time":18.4,"Elevation":51,"Slope_100":0.4,"Wshd_area":35.7,"Pour_long":85.325362,"Pour_lat":25.800501,"source_id":"hydrolakes:1384178","label":""},"geometry":{"type":"Polygon","coordinates":[[[85.32405877007432,25.8023920355904],[85.32457299126565,25.801239691840408],[85.32583804660419,25.800858832465508],[85.32667751736147,25.799674750434065],[85.3260879855689,25.798069661458385],[85.32774878607904,25.796695692274398],[85.32900458441878,25.79739637586823],[85.32983388265023,25.797329915364685],[85.33086717393707,25.797906358507078],[85.3323507690435,25.797073025173802],[85.33453277587944,25.796740451388985],[85.33461456298863,25.795722384982753],[85.33320478651302,25.79512858072917],[85.33055555555609,25.794722222222333],[85.32739471435588,25.794861111111175],[85.3257851155604,25.795579155816085],[85.32309187147388,25.800274793836877],[85.32135460747651,25.801506618923725],[85.3198677232536,25.800960557725887],[85.31855394151535,25.801066080729242],[85.31737145317965,25.800406358507132],[85.31462490505675,25.799760199652894],[85.31448299831868,25.801526421441054],[85.31653811984643,25.801795247395887],[85.31877787272168,25.803112792968932],[85.32106804741807,25.80373969184035],[85.32308010525219,25.803235134548743],[85.32405877007432,25.8023920355904]]]}},{"type":"Feature","id":"hydrolakes:1384180","properties":{"Hylak_id":1384180,"Lake_name":"","Country":"Bangladesh","Continent":"Asia","Poly_src":"SWBD","Lake_type":1,"Grand_id":0,"Lake_area":0.49,"Shore_len":6.91,"Shore_dev":2.8,"Vol_total":0.93,"Vol_res":0.0,"Vol_src":3,"Depth_avg":1.9,"Dis_avg":0.903,"Res_time":11.9,"Elevation":32,"Slope_100":0.53,"Wshd_area":25.7,"Pour_long":89.342066,"Pour_lat":25.800245,"source_id":"hydrolakes:1384180","label":""},"geometry":{"type":"Polygon","coordinates":[[[89.33950032552161,25.805583224826535],[89.34073160807367,25.804254557291927],[89.34194335937582,25.800640462239755],[89.3435004340285,25.798727213541724],[89.34431098090363,25.79625542534734],[89.34457790798695,25.79311821831601],[89.34396077474031,25.791356879340412],[89.34277777777851,25.78972222222228],[89.3415332031256,25.790185546875136],[89.34290717230988,25.792182345920196],[89.34318901909808,25.79548421223967],[89.34181260850778,25.798835177951617],[89.34018934461892,25.800339355468793],[89.3397170681431,25.803304036458428],[89.33781982421948,25.805411241319575],[89.33541259765707,25.804780544705125],[89.3321085611986,25.802185058593864],[89.3317133246536,25.800936686197986],[89.33182156033052,25.798209364149386],[89.33147433810831,25.79755316840277],[89.33021240234461,25.79799533420146],[89.32986653645901,25.80006483289941],[89.33079616970565,25.803240831163237],[89.3338221571189,25.805460340712045],[89.33624457465356,25.806255425347388],[89.33772542317786,25.806522352430704],[89.33950032552161,25.805583224826535]]]}},{"type":"Feature","id":"hydrolakes:1384189","properties":{"Hylak_id":1384189,"Lake_name":"","Country":"India","Continent":"Asia","Poly_src":"SWBD","Lake_type":1,"Grand_id":0,"Lake_area":0.41,"Shore_len":3.29,"Shore_dev":1.46,"Vol_total":0.95,"Vol_res":0.0,"Vol_src":3,"Depth_avg":2.3,"Dis_avg":0.31,"Res_time":35.4,"Elevation":48,"Slope_100":0.86,"Wshd_area":19.3,"Pour_long":85.485417,"Pour_lat":25.794745,"source_id":"hydrolakes:1384189","label":""},"geometry":{"type":"Polygon","coordinates":[[[85.49362199571453,25.798052571614733],[85.49248809814497,25.79722439236133],[85.4904961819123,25.797472059461995],[85.48873463948604,25.796821017795196],[85.48683203803216,25.7944430881077],[85.48333333333369,25.792500000000132],[85.48265424940365,25.7930438910592],[85.48391225179091,25.79435248480928],[85.48463341607044,25.795539822048738],[85.48632802327512,25.79689670138896],[85.48682091607043,25.798178982205002],[85.48719323052336,25.800318467881993],[85.48971686469235,25.801458062066047],[85.49181067572744,25.80171847873288],[85.49312991672139,25.800661892361234],[85.49362199571453,25.798052571614733]]]}},{"type":"Feature","id":"hydrolakes:1384190","properties":{"Hylak_id":1384190,"Lake_name":"","Country":"India","Continent":"Asia","Poly_src":"SWBD","Lake_type":1,"Grand_id":0,"Lake_area":0.42,"Shore_len":2.92,"Shore_dev":1.27,"Vol_total":0.35,"Vol_res":0.0,"Vol_src":3,"Depth_avg":0.8,"Dis_avg":0.054,"Res_time":74.1,"Elevation":43,"Slope_100":0.1,"Wshd_area":3.1,"Pour_long":86.307292,"Pour_lat":25.794928,"source_id":"hydrolakes:1384190","label":""},"geometry":{"type":"Polygon","coordinates":[[[86.30904079861176,25.795201822916795],[86.30833333333379,25.793611111111204],[86.30763359917614,25.79374457465292],[86.30622897678,25.794887695312582],[86.30464708116364,25.794825032552183],[86.30375528971405,25.796058756510547],[86.30459147135463,25.79763888888897],[86.30424953884591,25.798285047743207],[86.30185112847272,25.799219021267504],[86.30249620225754,25.801059299045278],[86.30388251410648,25.801713595920262],[86.30544813368107,25.802077907986188],[86.30764227973145,25.79908664279526],[86.30908867730085,25.798742133246662],[86.31028645833396,25.798108181423686],[86.31068915473139,25.796729329427194],[86.30904079861176,25.795201822916795]]]}},{"type":"Feature","id":"hydrolakes:1384193","properties":{"Hylak_id":1384193,"Lake_name":"","Country":"Bangladesh","Continent":"Asia","Poly_src":"SWBD","Lake_type":1,"Grand_id":0,"Lake_area":0.18,"Shore_len":1.97,"Shore_dev":1.32,"Vol_total":0.29,"Vol_res":0.0,"Vol_src":3,"Depth_avg":1.6,"Dis_avg":0.271,"Res_time":12.4,"Elevation":36,"Slope_100":0.53,"Wshd_area":7.5,"Pour_long":89.023131,"Pour_lat":25.793833,"source_id":"hydrolakes:1384193","label":""},"geometry":{"type":"Polygon","coordinates":[[[89.02650499132022,25.795099555121624],[89.02773301866392,25.794215494791786],[89.0287760416673,25.791810709635627],[89.02805555555625,25.79083333333341],[89.02762613932373,25.79095947265637],[89.02528510199721,25.79305908203139],[89.02305555555614,25.792831759982732],[89.02185763888974,25.792953830295232],[89.02126274956669,25.793831108941106],[89.02209391276119,25.794521484375196],[89.02341552734441,25.794909396701428],[89.02650499132022,25.795099555121624]]]}},{"type":"Feature","id":"hydrolakes:1384195","properties":{"Hylak_id":1384195,"Lake_name":"","Country":"India","Continent":"Asia","Poly_src":"SWBD","Lake_type":1,"Grand_id":0,"Lake_area":0.21,"Shore_len":1.81,"Shore_dev":1.13,"Vol_total":0.35,"Vol_res":0.0,"Vol_src":3,"Depth_avg":1.7,"Dis_avg":1.243,"Res_time":3.2,"Elevation":45,"Slope_100":0.53,"Wshd_area":80.4,"Pour_long":85.556285,"Pour_lat":25.793146,"source_id":"hydrolakes:1384195","label":""},"geometry":{"type":"Polygon","coordinates":[[[85.55984903971392,25.79271131727438],[85.55833333333385,25.790000000000134],[85.55701609293664,25.790183919270874],[85.55375278049081,25.791934950086954],[85.55567223442966,25.795413411458583],[85.55625800238755,25.795425347222363],[85.55756005181246,25.794070095486177],[85.55984903971392,25.79271131727438]]]}},{"type":"Feature","id":"hydrolakes:1384196","properties":{"Hylak_id":1384196,"Lake_name":"","Country":"India","Continent":"Asia","Poly_src":"SWBD","Lake_type":1,"Grand_id":0,"Lake_area":0.19,"Shore_len":2.34,"Shore_dev":1.52,"Vol_total":0.18,"Vol_res":0.0,"Vol_src":3,"Depth_avg":0.9,"Dis_avg":0.037,"Res_time":55.0,"Elevation":44,"Slope_100":0.16,"Wshd_area":1.7,"Pour_long":87.016145,"Pour_lat":25.793339,"source_id":"hydrolakes:1384196","label":""},"geometry":{"type":"Polygon","coordinates":[[[87.01568413628519,25.790982530381996],[87.01555555555609,25.79083333333341],[87.01431586371581,25.791206597222356],[87.01564046224013,25.793526204427167],[87.01651095920187,25.79608886718762],[87.01571560329921,25.797514377170273],[87.01559488932338,25.799017469618093],[87.01663208007881,25.798616807725864],[87.01873969184084,25.794850802951487],[87.01973876953184,25.793575032552155],[87.01761325412377,25.792644585503467],[87.01568413628519,25.790982530381996]]]}},{"type":"Feature","id":"hydrolakes:1384201","properties":{"Hylak_id":1384201,"Lake_name":"","Country":"India","Continent":"Asia","Poly_src":"SWBD","Lake_type":1,"Grand_id":0,"Lake_area":0.26,"Shore_len":2.26,"Shore_dev":1.26,"Vol_total":0.35,"Vol_res":0.0,"Vol_src":3,"Depth_avg":1.4,"Dis_avg":1.495,"Res_time":2.7,"Elevation":41,"Slope_100":0.33,"Wshd_area":86.4,"Pour_long":86.202175,"Pour_lat":25.789864,"source_id":"hydrolakes:1384201","label":""},"geometry":{"type":"Polygon","coordinates":[[[86.20573554145028,25.7886640082466],[86.20566379123318,25.78808702256964],[86.20472222222264,25.78722222222234],[86.20236111111154,25.7883821614584],[86.20116712782163,25.787680121527842],[86.20063937717066,25.78893229166681],[86.1987731933599,25.79042697482646],[86.19848754882861,25.792297092014053],[86.1992898220492,25.793456759982803],[86.20067911783917,25.792345648871617],[86.2028313530821,25.79188015407999],[86.2039812554259,25.791204155816047],[86.20433119032162,25.789979926215437],[86.20573554145028,25.7886640082466]]]}},{"type":"Feature","id":"hydrolakes:1384203","properties":{"Hylak_id":1384203,"Lake_name":"","Country":"India","Continent":"Asia","Poly_src":"SWBD","Lake_type":1,"Grand_id":0,"Lake_area":0.4,"Shore_len":2.63,"Shore_dev":1.18,"Vol_total":0.67,"Vol_res":0.0,"Vol_src":3,"Depth_avg":1.7,"Dis_avg":0.3,"Res_time":26.0,"Elevation":48,"Slope_100":0.45,"Wshd_area":18.2,"Pour_long":85.224508,"Pour_lat":25.788671,"source_id":"hydrolakes:1384203","label":""},"geometry":{"type":"Polygon","coordinates":[[[85.22679773966507,25.78431342230914],[85.22666666666714,25.78416666666675],[85.22443805270763,25.784398871527856],[85.22356085883291,25.786575792100905],[85.22404073079474,25.789146864149473],[85.22495312160953,25.790581325954975],[85.22616906060153,25.79124213324667],[85.22738247341618,25.79089708116328],[85.22985329522066,25.78874213324667],[85.2323433091911,25.78835422092027],[85.23240051269562,25.787394476996667],[85.23181337144706,25.787075466580063],[85.22960450914212,25.78678005642371],[85.22679773966507,25.78431342230914]]]}},{"type":"Feature","id":"hydrolakes:1384204","properties":{"Hylak_id":1384204,"Lake_name":"","Country":"India","Continent":"Asia","Poly_src":"SWBD","Lake_type":1,"Grand_id":0,"Lake_area":0.12,"Shore_len":1.62,"Shore_dev":1.29,"Vol_total":0.16,"Vol_res":0.0,"Vol_src":3,"Depth_avg":1.3,"Dis_avg":0.033,"Res_time":57.2,"Elevation":45,"Slope_100":0.38,"Wshd_area":2.1,"Pour_long":85.580208,"Pour_lat":25.788376,"source_id":"hydrolakes:1384204","label":""},"geometry":{"type":"Polygon","coordinates":[[[85.57877204047361,25.789685601128554],[85.58001383463585,25.789240180121737],[85.58185214572524,25.78934977213555],[85.58363783094671,25.788934190538328],[85.58429775661926,25.787719726562614],[85.58243096245712,25.787659505208524],[85.58166666666716,25.78722222222234],[85.57866305881134,25.787410481770905],[85.57736891004834,25.789080403645926],[85.57877204047361,25.789685601128554]]]}},{"type":"Feature","id":"hydrolakes:1384205","properties":{"Hylak_id":1384205,"Lake_name":"","Country":"India","Continent":"Asia","Poly_src":"SWBD","Lake_type":1,"Grand_id":0,"Lake_area":0.96,"Shore_len":5.24,"Shore_dev":1.51,"Vol_total":1.81,"Vol_res":0.0,"Vol_src":3,"Depth_avg":1.9,"Dis_avg":0.228,"Res_time":91.9,"Elevation":45,"Slope_100":0.42,"Wshd_area":15.1,"Pour_long":85.788775,"Pour_lat":25.788372,"source_id":"hydrolakes:1384205","label":""},"geometry":{"type":"Polygon","coordinates":[[[85.79180026584248,25.786209038628556],[85.78965074327294,25.78408745659732],[85.78789652506549,25.78375244140642],[85.78719536675396,25.78153781467023],[85.78548224555158,25.781552734375055],[85.78444213867232,25.7771861436633],[85.78111111111173,25.77500000000009],[85.77941121419326,25.775232204861254],[85.77866034613771,25.776651475694507],[85.7793231879345,25.777904188368154],[85.77765916612475,25.780322265625045],[85.77760321723127,25.781733940972458],[85.77889261881552,25.783125542534833],[85.78093132866792,25.783840060763964],[85.78337551540841,25.7831998697917],[85.78415812174518,25.784509548611254],[85.78355658637213,25.786225857204954],[85.78589898003531,25.786192220052214],[85.78652248806469,25.786770019531446],[85.78569973415841,25.788694118923786],[85.7872494167757,25.789855685763996],[85.78967766655859,25.788977050781398],[85.79180026584248,25.786209038628556]]]}},{"type":"Feature","id":"hydrolakes:1384207","properties":{"Hylak_id":1384207,"Lake_name":"","Country":"India","Continent":"Asia","Poly_src":"SWBD","Lake_type":1,"Grand_id":0,"Lake_area":0.65,"Shore_len":4.76,"Shore_dev":1.66,"Vol_total":1.38,"Vol_res":0.0,"Vol_src":3,"Depth_avg":2.1,"Dis_avg":0.165,"Res_time":97.0,"Elevation":46,"Slope_100":0.6,"Wshd_area":10.4,"Pour_long":85.527053,"Pour_lat":25.785737,"source_id":"hydrolakes:1384207","label":""},"geometry":{"type":"Polygon","coordinates":[[[85.52513186984646,25.797121582031366],[85.52515482584676,25.796542697482778],[85.52447726779565,25.79526204427094],[85.52577226426905,25.791173502604238],[85.5285597737635,25.78932291666672],[85.52976203070801,25.790620659722265],[85.53291137695356,25.78884765625014],[85.52925815158471,25.78471327039938],[85.52722222222263,25.78361111111127],[85.52549279107023,25.78384738498272],[85.52437127007414,25.78678656684042],[85.52405147976401,25.791430935329913],[85.52350928412591,25.79314344618075],[85.52225921630901,25.79449273003496],[85.51986640082521,25.79583957248275],[85.52017103407155,25.796946885850844],[85.52513186984646,25.797121582031366]]]}},{"type":"Feature","id":"hydrolakes:1384208","properties":{"Hylak_id":1384208,"Lake_name":"","Country":"India","Continent":"Asia","Poly_src":"SWBD","Lake_type":1,"Grand_id":0,"Lake_area":0.14,"Shore_len":1.88,"Shore_dev":1.39,"Vol_total":0.14,"Vol_res":0.0,"Vol_src":3,"Depth_avg":1.0,"Dis_avg":0.104,"Res_time":15.5,"Elevation":38,"Slope_100":0.19,"Wshd_area":3.7,"Pour_long":87.609375,"Pour_lat":25.784678,"source_id":"hydrolakes:1384208","label":""},"geometry":{"type":"Polygon","coordinates":[[[87.61506890191032,25.786049804687707],[87.61566677517442,25.785032552083408],[87.61450141059095,25.78434760199667],[87.61046305338607,25.783842502170273],[87.61027777777849,25.78361111111127],[87.608734537761,25.783734537760495],[87.60737657335142,25.78439425998272],[87.6078881835943,25.7853930664063],[87.60980088975754,25.785753851996674],[87.61210340711875,25.785467393663396],[87.61360026041729,25.78604275173626],[87.61506890191032,25.786049804687707]]]}},{"type":"Feature","id":"hydrolakes:1384221","properties":{"Hylak_id":1384221,"Lake_name":"","Country":"India","Continent":"Asia","Poly_src":"SWBD","Lake_type":1,"Grand_id":0,"Lake_area":0.16,"Shore_len":1.79,"Shore_dev":1.27,"Vol_total":0.18,"Vol_res":0.0,"Vol_src":3,"Depth_avg":1.2,"Dis_avg":0.312,"Res_time":6.9,"Elevation":40,"Slope_100":0.27,"Wshd_area":18.0,"Pour_long":86.300235,"Pour_lat":25.773893,"source_id":"hydrolakes:1384221","label":""},"geometry":{"type":"Polygon","coordinates":[[[86.30024739583394,25.774551866319655],[86.30072021484432,25.773747558593925],[86.29972222222267,25.772500000000093],[86.29863932291744,25.774452311198104],[86.29700507270024,25.773985731336893],[86.29640543619843,25.774060329861186],[86.29570977105095,25.775709092881982],[86.29789103190171,25.778168131510654],[86.2994806586376,25.777233886718875],[86.30024739583394,25.774551866319655]]]}},{"type":"Feature","id":"hydrolakes:1384226","properties":{"Hylak_id":1384226,"Lake_name":"","Country":"India","Continent":"Asia","Poly_src":"SWBD","Lake_type":1,"Grand_id":0,"Lake_area":0.27,"Shore_len":2.5,"Shore_dev":1.37,"Vol_total":0.36,"Vol_res":0.0,"Vol_src":3,"Depth_avg":1.4,"Dis_avg":0.185,"Res_time":22.4,"Elevation":45,"Slope_100":0.31,"Wshd_area":12.2,"Pour_long":85.669744,"Pour_lat":25.771625,"source_id":"hydrolakes:1384226","label":""},"geometry":{"type":"Polygon","coordinates":[[[85.67021450466626,25.772276204427158],[85.67082621256549,25.77068495008689],[85.6697657606341,25.76936062283005],[85.66856133355071,25.768853081597456],[85.66810160319056,25.767245008680675],[85.66700981987884,25.766447482639023],[85.6651860215934,25.765926106770962],[85.66444444444488,25.7650000000001],[85.66376539442331,25.765194227430698],[85.66401238335561,25.76598768446189],[85.6652079264328,25.76694498697924],[85.66494025336414,25.769097222222342],[85.66560343424527,25.771416829427153],[85.66727478027389,25.77120903862857],[85.66904351128511,25.772623426649375],[85.67021450466626,25.772276204427158]]]}},{"type":"Feature","id":"hydrolakes:1384235","properties":{"Hylak_id":1384235,"Lake_name":"","Country":"India","Continent":"Asia","Poly_src":"SWBD","Lake_type":1,"Grand_id":0,"Lake_area":0.23,"Shore_len":2.28,"Shore_dev":1.34,"Vol_total":0.31,"Vol_res":0.0,"Vol_src":3,"Depth_avg":1.4,"Dis_avg":0.13,"Res_time":28.0,"Elevation":50,"Slope_100":0.33,"Wshd_area":7.9,"Pour_long":85.286256,"Pour_lat":25.765831,"source_id":"hydrolakes:1384235","label":""},"geometry":{"type":"Polygon","coordinates":[[[85.28206934611069,25.769983723958376],[85.28347222222254,25.769809299045278],[85.28475575765026,25.769968804253608],[85.28595686170826,25.76817898220503],[85.28842620849645,25.766203342014023],[85.28849056667792,25.76568576388894],[85.2880555555559,25.764722222222474],[85.28578264024588,25.764855957031386],[85.28380906846837,25.767320421007128],[85.28082492404565,25.767839898003558],[85.27987647162576,25.7685994466147],[85.28092870076546,25.76954535590295],[85.28206934611069,25.769983723958376]]]}},{"type":"Feature","id":"hydrolakes:1384236","properties":{"Hylak_id":1384236,"Lake_name":"","Country":"India","Continent":"Asia","Poly_src":"SWBD","Lake_type":1,"Grand_id":0,"Lake_area":0.47,"Shore_len":3.33,"Shore_dev":1.37,"Vol_total":0.83,"Vol_res":0.0,"Vol_src":3,"Depth_avg":1.8,"Dis_avg":0.733,"Res_time":13.1,"Elevation":45,"Slope_100":0.47,"Wshd_area":47.9,"Pour_long":85.682292,"Pour_lat":25.765096,"source_id":"hydrolakes:1384236","label":""},"geometry":{"type":"Polygon","coordinates":[[[85.68234571668876,25.7717900933161],[85.68474860297363,25.77148952907993],[85.68368828667587,25.76938503689246],[85.68376824273042,25.768742133246576],[85.6834568278,25.767932128906352],[85.6832098388677,25.76415500217024],[85.68377251519155,25.763197699652892],[85.68361111111165,25.762777777778012],[85.68277269151531,25.7629237196183],[85.68160461425822,25.764382324218786],[85.67868720160635,25.766995171441067],[85.678798149957,25.767887098524568],[85.67796861436676,25.769022894965417],[85.67748826768718,25.769290093316044],[85.67627577040003,25.76857747395843],[85.67598761664567,25.769678548177183],[85.67702833387636,25.770512152777826],[85.67738091362884,25.77134901258694],[85.67807725694502,25.77190646701399],[85.67903625488339,25.77178710937511],[85.6806944444449,25.772502983941024],[85.68234571668876,25.7717900933161]]]}},{"type":"Feature","id":"hydrolakes:1384242","properties":{"Hylak_id":1384242,"Lake_name":"","Country":"India","Continent":"Asia","Poly_src":"SWBD","Lake_type":1,"Grand_id":0,"Lake_area":0.24,"Shore_len":2.02,"Shore_dev":1.16,"Vol_total":0.3,"Vol_res":0.0,"Vol_src":3,"Depth_avg":1.3,"Dis_avg":0.906,"Res_time":3.9,"Elevation":49,"Slope_100":0.28,"Wshd_area":55.7,"Pour_long":85.252847,"Pour_lat":25.76263,"source_id":"hydrolakes:1384242","label":""},"geometry":{"type":"Polygon","coordinates":[[[85.25045164320244,25.757431640625043],[85.2502777777782,25.757222222222254],[85.2474959648984,25.757994249132082],[85.24681840684713,25.759177246093884],[85.24836869981618,25.760402832031446],[85.24950500488313,25.760736219618195],[85.25103159586638,25.762574055989774],[85.25343965318501,25.762819552951612],[85.25359480116151,25.76129747178834],[85.25216851128528,25.75826334635434],[85.25045164320244,25.757431640625043]]]}},{"type":"Feature","id":"hydrolakes:1384244","properties":{"Hylak_id":1384244,"Lake_name":"","Country":"India","Continent":"Asia","Poly_src":"SWBD","Lake_type":1,"Grand_id":0,"Lake_area":0.38,"Shore_len":2.78,"Shore_dev":1.27,"Vol_total":0.62,"Vol_res":0.0,"Vol_src":3,"Depth_avg":1.6,"Dis_avg":0.265,"Res_time":26.9,"Elevation":48,"Slope_100":0.41,"Wshd_area":16.2,"Pour_long":85.241876,"Pour_lat":25.758492,"source_id":"hydrolakes:1384244","label":""},"geometry":{"type":"Polygon","coordinates":[[[85.2441943868007,25.75525444878491],[85.2434392293298,25.754822048611175],[85.24191157023148,25.754977756076528],[85.24114446004268,25.753911946614664],[85.23998292711099,25.75123372395842],[85.23888888888939,25.75027777777791],[85.23743821885898,25.750536295573],[85.23695439656626,25.751824001736168],[85.2379423692496,25.754140896267472],[85.23901411268486,25.758126085069534],[85.2405661858457,25.759015028211934],[85.2419543457035,25.758655870225937],[85.24239608764697,25.75812391493065],[85.24448627048099,25.757217610677117],[85.2450326029466,25.756263563368123],[85.2441943868007,25.75525444878491]]]}},{"type":"Feature","id":"hydrolakes:1384247","properties":{"Hylak_id":1384247,"Lake_name":"","Country":"India","Continent":"Asia","Poly_src":"SWBD","Lake_type":1,"Grand_id":0,"Lake_area":0.21,"Shore_len":2.01,"Shore_dev":1.24,"Vol_total":0.36,"Vol_res":0.0,"Vol_src":3,"Depth_avg":1.7,"Dis_avg":0.093,"Res_time":44.9,"Elevation":43,"Slope_100":0.57,"Wshd_area":5.8,"Pour_long":86.047362,"Pour_lat":25.756131,"source_id":"hydrolakes:1384247","label":""},"geometry":{"type":"Polygon","coordinates":[[[86.04786655002232,25.757549913194566],[86.04889004177556,25.755381130642547],[86.04750000000041,25.753611111111184],[86.04671481662388,25.753859592013953],[86.04539693196654,25.756265733507178],[86.04461351182783,25.756234809027887],[86.04319973415846,25.757533637152903],[86.04495781792576,25.760689019097413],[86.04786655002232,25.757549913194566]]]}},{"type":"Feature","id":"hydrolakes:1384248","properties":{"Hylak_id":1384248,"Lake_name":"","Country":"India","Continent":"Asia","Poly_src":"SWBD","Lake_type":1,"Grand_id":0,"Lake_area":0.87,"Shore_len":3.7,"Shore_dev":1.12,"Vol_total":2.42,"Vol_res":0.0,"Vol_src":3,"Depth_avg":2.8,"Dis_avg":0.128,"Res_time":219.1,"Elevation":45,"Slope_100":0.97,"Wshd_area":7.9,"Pour_long":85.438276,"Pour_lat":25.755683,"source_id":"hydrolakes:1384248","label":""},"geometry":{"type":"Polygon","coordinates":[[[85.43925896538678,25.756481933593875],[85.43956797281936,25.755401204427187],[85.44089389377206,25.75382405598964],[85.44123463948603,25.75260009765634],[85.44067660861595,25.750143500434092],[85.44081709120047,25.74901394314253],[85.43888888888927,25.748055555555595],[85.4352183702261,25.750200737847365],[85.43320248074053,25.7502243381079],[85.4321668497725,25.75083306206602],[85.43177924262204,25.753496093750073],[85.43087341308649,25.75559461805574],[85.43106936984628,25.757169867621656],[85.43209869384805,25.758456759982835],[85.43263888888941,25.759738769531282],[85.43425852457716,25.759537489149466],[85.43595686170846,25.75817898220498],[85.43756537543442,25.75771918402785],[85.43925896538678,25.756481933593875]]]}},{"type":"Feature","id":"hydrolakes:1384250","properties":{"Hylak_id":1384250,"Lake_name":"","Country":"India","Continent":"Asia","Poly_src":"SWBD","Lake_type":1,"Grand_id":0,"Lake_area":0.38,"Shore_len":4.82,"Shore_dev":2.2,"Vol_total":0.48,"Vol_res":0.0,"Vol_src":3,"Depth_avg":1.3,"Dis_avg":0.369,"Res_time":15.2,"Elevation":37,"Slope_100":0.25,"Wshd_area":13.1,"Pour_long":87.625225,"Pour_lat":25.754056,"source_id":"hydrolakes:1384250","label":""},"geometry":{"type":"Polygon","coordinates":[[[87.63329210069514,25.757541232639028],[87.63202012803873,25.756065266927124],[87.62547064887207,25.754112684461916],[87.62527777777848,25.75388888888898],[87.62292697482695,25.754392903645908],[87.6233097330736,25.755518663194493],[87.62616699218825,25.756567925347213],[87.62743408203181,25.756466200086948],[87.63077202691034,25.756974826389012],[87.63257080078182,25.7581013997397],[87.63352186415011,25.760005696614712],[87.63506917317773,25.762188042534774],[87.63508680555606,25.767593587239617],[87.63588704427161,25.768040364583385],[87.63705132378533,25.765953776041727],[87.6371299913202,25.76303168402785],[87.63570475260485,25.760406358506998],[87.63426350911527,25.75837836371545],[87.63329210069514,25.757541232639028]]]}},{"type":"Feature","id":"hydrolakes:1384251","properties":{"Hylak_id":1384251,"Lake_name":"","Country":"India","Continent":"Asia","Poly_src":"SWBD","Lake_type":1,"Grand_id":0,"Lake_area":0.18,"Shore_len":1.76,"Shore_dev":1.18,"Vol_total":0.24,"Vol_res":0.0,"Vol_src":3,"Depth_avg":1.3,"Dis_avg":0.101,"Res_time":27.2,"Elevation":48,"Slope_100":0.36,"Wshd_area":6.2,"Pour_long":85.234646,"Pour_lat":25.753004,"source_id":"hydrolakes:1384251","label":""},"geometry":{"type":"Polygon","coordinates":[[[85.23345937093137,25.751262749566138],[85.23333333333375,25.751111111111356],[85.23209618462494,25.751540527343877],[85.22940085517087,25.75184299045162],[85.22925131903793,25.75331000434045],[85.23119900173651,25.753881564670223],[85.23222600301153,25.755117730034783],[85.23318159315374,25.754570583767418],[85.23466974894245,25.754240451389023],[85.23595937093148,25.752610948350764],[85.23544518364855,25.752075195312614],[85.23388658311666,25.751617838541904],[85.23345937093137,25.751262749566138]]]}},{"type":"Feature","id":"hydrolakes:1384254","properties":{"Hylak_id":1384254,"Lake_name":"","Country":"India","Continent":"Asia","Poly_src":"SWBD","Lake_type":1,"Grand_id":0,"Lake_area":0.36,"Shore_len":3.13,"Shore_dev":1.46,"Vol_total":0.44,"Vol_res":0.0,"Vol_src":3,"Depth_avg":1.2,"Dis_avg":0.481,"Res_time":10.5,"Elevation":39,"Slope_100":0.22,"Wshd_area":29.4,"Pour_long":86.161921,"Pour_lat":25.751103,"source_id":"hydrolakes:1384254","label":""},"geometry":{"type":"Polygon","coordinates":[[[86.16512858072957,25.748760308159774],[86.16500000000053,25.748611111111188],[86.16346638997442,25.74881184895844],[86.16098253038251,25.749650336371587],[86.16164035373305,25.752347819010538],[86.16422024197107,25.752740885416813],[86.1673265245231,25.753881564670223],[86.17288682725768,25.75509412977442],[86.17296535915852,25.754116210937696],[86.16855523003528,25.752758789062568],[86.16816311306474,25.75205620659733],[86.16824286566884,25.75106445312514],[86.16687296549537,25.749156629774404],[86.16512858072957,25.748760308159774]]]}},{"type":"Feature","id":"hydrolakes:1384256","properties":{"Hylak_id":1384256,"Lake_name":"","Country":"India","Continent":"Asia","Poly_src":"SWBD","Lake_type":1,"Grand_id":0,"Lake_area":0.41,"Shore_len":4.22,"Shore_dev":1.86,"Vol_total":0.86,"Vol_res":0.0,"Vol_src":3,"Depth_avg":2.1,"Dis_avg":14.63,"Res_time":0.7,"Elevation":25,"Slope_100":0.69,"Wshd_area":414.7,"Pour_long":89.890732,"Pour_lat":25.748724,"source_id":"hydrolakes:1384256","label":""},"geometry":{"type":"Polygon","coordinates":[[[89.89974066840347,25.745109320746735],[89.90076931423681,25.744520128038175],[89.9015722656257,25.744602050781282],[89.90418674045225,25.743638780382128],[89.90557345920234,25.743780110677164],[89.90650336371618,25.74300754123277],[89.9058333333341,25.741944444444528],[89.90429253472297,25.742070583767486],[89.8978054470494,25.74408718532993],[89.89683702257048,25.74398844401054],[89.89108669704939,25.746978624131998],[89.8893185763896,25.7490296766494],[89.88974880642445,25.750946723090294],[89.8903287760424,25.751005859375084],[89.89193956163268,25.750012207031318],[89.89426378038269,25.747961968316133],[89.89838541666757,25.745506998698033],[89.89974066840347,25.745109320746735]]]}},{"type":"Feature","id":"hydrolakes:1384261","properties":{"Hylak_id":1384261,"Lake_name":"","Country":"India","Continent":"Asia","Poly_src":"SWBD","Lake_type":1,"Grand_id":0,"Lake_area":0.87,"Shore_len":3.49,"Shore_dev":1.05,"Vol_total":1.49,"Vol_res":0.0,"Vol_src":3,"Depth_avg":1.7,"Dis_avg":0.082,"Res_time":210.9,"Elevation":48,"Slope_100":0.35,"Wshd_area":5.2,"Pour_long":85.478841,"Pour_lat":25.745078,"source_id":"hydrolakes:1384261","label":""},"geometry":{"type":"Polygon","coordinates":[[[85.48828538682761,25.74248670789939],[85.48666666666713,25.740555555555602],[85.4815164862743,25.740769585503585],[85.47910417344883,25.74346950954873],[85.47851508246566,25.74537706163204],[85.47936024983761,25.746587185329986],[85.4808848741323,25.74728678385435],[85.48292650010887,25.748642306857732],[85.48734612358982,25.74978786892376],[85.48929775661935,25.748186577691058],[85.49007198757647,25.747831217448038],[85.49096442328613,25.745626356336913],[85.48957838270451,25.743642035590312],[85.48828538682761,25.74248670789939]]]}},{"type":"Feature","id":"hydrolakes:1384266","properties":{"Hylak_id":1384266,"Lake_name":"","Country":"India","Continent":"Asia","Poly_src":"SWBD","Lake_type":1,"Grand_id":0,"Lake_area":0.7,"Shore_len":9.29,"Shore_dev":3.12,"Vol_total":1.7,"Vol_res":0.0,"Vol_src":3,"Depth_avg":2.4,"Dis_avg":12.294,"Res_time":1.6,"Elevation":22,"Slope_100":0.77,"Wshd_area":344.6,"Pour_long":89.958124,"Pour_lat":25.741795,"source_id":"hydrolakes:1384266","label":""},"geometry":{"type":"Polygon","coordinates":[[[89.97764485677163,25.753551161024404],[89.97153320312572,25.747911241319514],[89.96903320312583,25.745966796875052],[89.96195529513977,25.741517198350834],[89.95892306857729,25.740336371527974],[89.9586111111119,25.740000000000066],[89.95737358941045,25.740236273871744],[89.95732638888961,25.741435546875152],[89.95968912760492,25.74288221571186],[89.9629220920146,25.74374457465285],[89.96602701822991,25.74527235243056],[89.97020399305654,25.749097493489728],[89.97231011284805,25.750091417100748],[89.97403320312577,25.75207790798629],[89.97455674913266,25.75318793402795],[89.97566514757045,25.753168131510506],[89.97707248263958,25.755003526475832],[89.97704644097297,25.75732042100708],[89.9776464843759,25.758192816840392],[89.97695041232708,25.76017957899313],[89.97841362847305,25.764354926215333],[89.97849229600769,25.76633626302106],[89.97812717013971,25.771241861979263],[89.97927788628556,25.771287434895896],[89.97967122395931,25.770544162326644],[89.97953830295211,25.767192111545228],[89.98008626302163,25.765628255208583],[89.97957790798688,25.76319986979172],[89.97922905816063,25.75847086588567],[89.97871473524373,25.757002766927144],[89.97877549913278,25.75547390408002],[89.97764485677163,25.753551161024404]]]}},{"type":"Feature","id":"hydrolakes:1384268","properties":{"Hylak_id":1384268,"Lake_name":"","Country":"India","Continent":"Asia","Poly_src":"SWBD","Lake_type":1,"Grand_id":0,"Lake_area":0.31,"Shore_len":3.36,"Shore_dev":1.69,"Vol_total":0.51,"Vol_res":0.0,"Vol_src":3,"Depth_avg":1.6,"Dis_avg":0.194,"Res_time":30.3,"Elevation":39,"Slope_100":0.43,"Wshd_area":10.8,"Pour_long":86.55625,"Pour_lat":25.739813,"source_id":"hydrolakes:1384268","label":""},"geometry":{"type":"Polygon","coordinates":[[[86.56193047417588,25.73905164930568],[86.55666436089473,25.738412543402887],[86.5556604003911,25.73877278645847],[86.55325480143273,25.738787706163293],[86.55001898871575,25.73762071397573],[86.54916666666725,25.73666666666685],[86.5482023111984,25.73752848307305],[86.54943223741361,25.738541937934258],[86.55108276367235,25.73905164930568],[86.55303507487025,25.74011257595498],[86.55671454535633,25.741202256944632],[86.56009779188446,25.74156168619811],[86.5628955078131,25.741187337239637],[86.56295450846403,25.74019775390633],[86.56193047417588,25.73905164930568]]]}},{"type":"Feature","id":"hydrolakes:1384271","properties":{"Hylak_id":1384271,"Lake_name":"","Country":"India","Continent":"Asia","Poly_src":"SWBD","Lake_type":1,"Grand_id":0,"Lake_area":0.39,"Shore_len":3.52,"Shore_dev":1.59,"Vol_total":0.68,"Vol_res":0.0,"Vol_src":3,"Depth_avg":1.8,"Dis_avg":0.038,"Res_time":208.4,"Elevation":47,"Slope_100":0.48,"Wshd_area":2.3,"Pour_long":85.299639,"Pour_lat":25.737034,"source_id":"hydrolakes:1384271","label":""},"geometry":{"type":"Polygon","coordinates":[[[85.2965249972878,25.74152506510427],[85.30352498372451,25.74124620225706],[85.30488596598377,25.739829644097313],[85.30485666910846,25.73839301215287],[85.30260426839243,25.737843967014044],[85.30208095974444,25.736231282552126],[85.30138888888939,25.735555555555663],[85.30026343451652,25.735775282118084],[85.29899152967721,25.73739040798631],[85.29903625488322,25.739581434461968],[85.29835517035627,25.740136176215515],[85.29240108913888,25.739527452256993],[85.29180833604636,25.740652940538325],[85.29380055745492,25.7409771050348],[85.2956944444449,25.741952853732755],[85.2965249972878,25.74152506510427]]]}},{"type":"Feature","id":"hydrolakes:1384273","properties":{"Hylak_id":1384273,"Lake_name":"","Country":"India","Continent":"Asia","Poly_src":"SWBD","Lake_type":1,"Grand_id":0,"Lake_area":0.2,"Shore_len":1.88,"Shore_dev":1.2,"Vol_total":0.41,"Vol_res":0.0,"Vol_src":3,"Depth_avg":2.1,"Dis_avg":0.094,"Res_time":50.1,"Elevation":46,"Slope_100":0.85,"Wshd_area":6.2,"Pour_long":85.559189,"Pour_lat":25.73369,"source_id":"hydrolakes:1384273","label":""},"geometry":{"type":"Polygon","coordinates":[[[85.56092522515246,25.731563585069523],[85.56027777777831,25.73055555555561],[85.55894148084889,25.73068305121535],[85.55768178304083,25.73231499565992],[85.55553493923662,25.73276801215286],[85.55460120307146,25.73431613498269],[85.55542388916052,25.73528537326405],[85.5567486911354,25.735806206597317],[85.5576567586267,25.735434570312634],[85.55984324137427,25.73345431857649],[85.56123213026302,25.732623697916836],[85.56092522515246,25.731563585069523]]]}},{"type":"Feature","id":"hydrolakes:1384275","properties":{"Hylak_id":1384275,"Lake_name":"","Country":"India","Continent":"Asia","Poly_src":"SWBD","Lake_type":1,"Grand_id":0,"Lake_area":0.33,"Shore_len":2.31,"Shore_dev":1.14,"Vol_total":0.7,"Vol_res":0.0,"Vol_src":3,"Depth_avg":2.1,"Dis_avg":0.018,"Res_time":449.3,"Elevation":48,"Slope_100":0.75,"Wshd_area":1.2,"Pour_long":85.486982,"Pour_lat":25.732434,"source_id":"hydrolakes:1384275","label":""},"geometry":{"type":"Polygon","coordinates":[[[85.48886511908688,25.73085205078138],[85.48833333333374,25.730000000000132],[85.48542700873531,25.733299696180666],[85.48575890435166,25.734969889323054],[85.48740393744612,25.736136338975825],[85.49028757731156,25.73735080295154],[85.49191097683433,25.736750217013935],[85.49274241129615,25.735259874131998],[85.49135243733781,25.733165418836904],[85.48953569200353,25.73235487196189],[85.48886511908688,25.73085205078138]]]}},{"type":"Feature","id":"hydrolakes:1384278","properties":{"Hylak_id":1384278,"Lake_name":"","Country":"India","Continent":"Asia","Poly_src":"SWBD","Lake_type":1,"Grand_id":0,"Lake_area":0.8,"Shore_len":4.67,"Shore_dev":1.47,"Vol_total":2.02,"Vol_res":0.0,"Vol_src":3,"Depth_avg":2.5,"Dis_avg":0.236,"Res_time":99.0,"Elevation":46,"Slope_100":0.81,"Wshd_area":14.9,"Pour_long":85.451024,"Pour_lat":25.727184,"source_id":"hydrolakes:1384278","label":""},"geometry":{"type":"Polygon","coordinates":[[[85.44764923095744,25.723461914062568],[85.446666666667,25.72277777777788],[85.44408610026096,25.723566894531416],[85.44376034206852,25.7257047526042],[85.44320478651309,25.726403808593943],[85.44661071777398,25.727507595486315],[85.44790632459893,25.729132758246635],[85.44725863986594,25.730293782552224],[85.44492418077294,25.731065266927203],[85.44384385850742,25.732319064670264],[85.442906324599,25.732906358507023],[85.44237145317965,25.733682996961875],[85.44373836941236,25.73409450954864],[85.44476518419106,25.735733778211852],[85.44636450873514,25.73529622395847],[85.44871110704247,25.732572428385538],[85.45070478651297,25.731815863715326],[85.45290632459893,25.729850802951432],[85.45412034776513,25.729485405816035],[85.45399200439493,25.72788818359379],[85.45173845079262,25.72536349826396],[85.44927005344039,25.72480251736124],[85.44764923095744,25.723461914062568]]]}},{"type":"Feature","id":"hydrolakes:1384281","properties":{"Hylak_id":1384281,"Lake_name":"","Country":"Bangladesh","Continent":"Asia","Poly_src":"SWBD","Lake_type":1,"Grand_id":0,"Lake_area":0.16,"Shore_len":2.48,"Shore_dev":1.75,"Vol_total":0.24,"Vol_res":0.0,"Vol_src":3,"Depth_avg":1.5,"Dis_avg":0.056,"Res_time":50.4,"Elevation":39,"Slope_100":0.47,"Wshd_area":1.5,"Pour_long":88.86156,"Pour_lat":25.725859,"source_id":"hydrolakes:1384281","label":""},"geometry":{"type":"Polygon","coordinates":[[[88.8610970052091,25.726919759114708],[88.86232421875076,25.726075303819528],[88.86345024956688,25.72667127821194],[88.86460096571244,25.72510226779525],[88.87096679687562,25.7254701063369],[88.87060574001816,25.724639485677244],[88.86931098090344,25.724300130208462],[88.86637830946256,25.723899468316063],[88.86611111111182,25.723611111111154],[88.86429985894159,25.72380398220497],[88.86131239149364,25.72506103515633],[88.86042209201469,25.72635525173621],[88.8610970052091,25.726919759114708]]]}},{"type":"Feature","id":"hydrolakes:1384282","properties":{"Hylak_id":1384282,"Lake_name":"","Country":"India","Continent":"Asia","Poly_src":"SWBD","Lake_type":1,"Grand_id":0,"Lake_area":0.53,"Shore_len":3.01,"Shore_dev":1.17,"Vol_total":1.22,"Vol_res":0.0,"Vol_src":3,"Depth_avg":2.3,"Dis_avg":0.041,"Res_time":343.6,"Elevation":46,"Slope_100":0.77,"Wshd_area":2.7,"Pour_long":85.559083,"Pour_lat":25.725286,"source_id":"hydrolakes:1384282","label":""},"geometry":{"type":"Polygon","coordinates":[[[85.55916826036304,25.7257600911459],[85.56076141357482,25.724512532552126],[85.56290127224435,25.725098198784906],[85.56504618326863,25.72375461154519],[85.56331481933631,25.721689181857812],[85.56499925401533,25.719722222222344],[85.56333333333384,25.717777777777883],[85.56151743571007,25.717906358507037],[85.55911271837078,25.718495279948],[85.55725704617015,25.720093858507028],[85.55737280951661,25.72153428819456],[85.55646172417579,25.723839518229283],[85.55762966579908,25.725195041232723],[85.55916826036304,25.7257600911459]]]}},{"type":"Feature","id":"hydrolakes:1384283","properties":{"Hylak_id":1384283,"Lake_name":"","Country":"India","Continent":"Asia","Poly_src":"SWBD","Lake_type":1,"Grand_id":0,"Lake_area":0.23,"Shore_len":1.91,"Shore_dev":1.11,"Vol_total":0.41,"Vol_res":0.0,"Vol_src":3,"Depth_avg":1.7,"Dis_avg":0.42,"Res_time":11.2,"Elevation":35,"Slope_100":0.55,"Wshd_area":14.9,"Pour_long":87.649008,"Pour_lat":25.723303,"source_id":"hydrolakes:1384283","label":""},"geometry":{"type":"Polygon","coordinates":[[[87.64970160590349,25.72168728298618],[87.64944444444507,25.721388888888953],[87.64872775607716,25.721604817708453],[87.64793375651129,25.722288682725832],[87.64781494140698,25.723766276041715],[87.64819335937563,25.72461425781256],[87.6504980468755,25.727289496527874],[87.65255479600756,25.72745469835081],[87.65329806857693,25.72640679253476],[87.65290635850755,25.7257047526042],[87.65254665798665,25.72334364149316],[87.65153808593806,25.722628580729292],[87.65039442274366,25.72228407118081],[87.64970160590349,25.72168728298618]]]}},{"type":"Feature","id":"hydrolakes:1384286","properties":{"Hylak_id":1384286,"Lake_name":"","Country":"India","Continent":"Asia","Poly_src":"SWBD","Lake_type":1,"Grand_id":0,"Lake_area":0.47,"Shore_len":4.54,"Shore_dev":1.86,"Vol_total":0.84,"Vol_res":0.0,"Vol_src":3,"Depth_avg":1.8,"Dis_avg":0.417,"Res_time":23.3,"Elevation":52,"Slope_100":0.46,"Wshd_area":27.5,"Pour_long":85.032948,"Pour_lat":25.722836,"source_id":"hydrolakes:1384286","label":""},"geometry":{"type":"Polygon","coordinates":[[[85.0367915132316,25.722392306857785],[85.0425982538863,25.72209825303827],[85.04524673038111,25.721544053819514],[85.04748133341508,25.722327473958558],[85.05083533393048,25.722306043836852],[85.05210617913173,25.722751464843782],[85.05346692827044,25.72210910373269],[85.05239977942614,25.72087537977444],[85.04941382514147,25.720001085069555],[85.0443818961254,25.719398871527915],[85.04416666666697,25.71916666666681],[85.04235581715938,25.71930013020841],[85.03714534971488,25.72059380425361],[85.03542405234487,25.721138780382034],[85.03236640718296,25.722613118489733],[85.0327552668258,25.723466796875186],[85.0367915132316,25.722392306857785]]]}},{"type":"Feature","id":"hydrolakes:1384289","properties":{"Hylak_id":1384289,"Lake_name":"","Country":"India","Continent":"Asia","Poly_src":"SWBD","Lake_type":1,"Grand_id":0,"Lake_area":0.94,"Shore_len":8.99,"Shore_dev":2.61,"Vol_total":1.7,"Vol_res":0.0,"Vol_src":3,"Depth_avg":1.8,"Dis_avg":0.294,"Res_time":67.0,"Elevation":39,"Slope_100":0.38,"Wshd_area":16.4,"Pour_long":86.551087,"Pour_lat":25.720021,"source_id":"hydrolakes:1384289","label":""},"geometry":{"type":"Polygon","coordinates":[[[86.57174465603367,25.706813422309267],[86.57342624240499,25.706853298611236],[86.57431491428008,25.705694444444532],[86.573333333334,25.704444444444505],[86.57047634548667,25.704588758680643],[86.56720079210112,25.705368923611275],[86.56439561631993,25.70647840711814],[86.56312934027835,25.707296006944546],[86.56204739040857,25.70897162543423],[86.55928371853344,25.709302300347304],[86.55852891710134,25.710901692708376],[86.5558672417539,25.712256130642402],[86.55530219184084,25.713453504774407],[86.55318915473134,25.715411241319487],[86.55292195638066,25.7162554253473],[86.55190456814279,25.717582194010447],[86.55151475694504,25.718812934027824],[86.55066148546064,25.719603678385624],[86.5493108452697,25.722366536458537],[86.54839328342058,25.72356309678827],[86.54847791883742,25.72569905598965],[86.54805609809091,25.726496039496567],[86.5497227647574,25.7306011284723],[86.55168104383745,25.731800130208455],[86.55181247287379,25.73124864366332],[86.55106757270028,25.72943495008684],[86.5505560980908,25.725512966579913],[86.55413709852496,25.717357584635522],[86.55533664279557,25.715499945746615],[86.55871473524371,25.712406684027826],[86.56348456488769,25.70964002821205],[86.5652939181864,25.70920898437504],[86.56724514431482,25.70823160807305],[86.57069973415855,25.70736653645855],[86.57174465603367,25.706813422309267]]]}},{"type":"Feature","id":"hydrolakes:1384292","properties":{"Hylak_id":1384292,"Lake_name":"","Country":"Bangladesh","Continent":"Asia","Poly_src":"SWBD","Lake_type":1,"Grand_id":0,"Lake_area":0.31,"Shore_len":4.16,"Shore_dev":2.1,"Vol_total":0.5,"Vol_res":0.0,"Vol_src":3,"Depth_avg":1.6,"Dis_avg":0.511,"Res_time":11.2,"Elevation":29,"Slope_100":0.41,"Wshd_area":14.9,"Pour_long":89.43007,"Pour_lat":25.717014,"source_id":"hydrolakes:1384292","label":""},"geometry":{"type":"Polygon","coordinates":[[[89.43018229166734,25.717631022135492],[89.4317022026919,25.715240885416733],[89.43491292317782,25.715811631944632],[89.43710232204927,25.715343695746583],[89.4397417534729,25.713041720920273],[89.44025553385495,25.709200032552246],[89.44181884765703,25.70736246744798],[89.44138888888972,25.706666666666706],[89.44061903211872,25.706810438368166],[89.43951307508752,25.707411295573024],[89.43781928168482,25.709981553819546],[89.43848795572984,25.711212565104233],[89.43817789713626,25.71295844184027],[89.43655843099026,25.713701714409865],[89.43437147352518,25.71410997178839],[89.43060411241385,25.71376356336816],[89.42941433376808,25.717019042968786],[89.43018229166734,25.717631022135492]]]}},{"type":"Feature","id":"hydrolakes:1384293","properties":{"Hylak_id":1384293,"Lake_name":"","Country":"India","Continent":"Asia","Poly_src":"SWBD","Lake_type":1,"Grand_id":0,"Lake_area":0.17,"Shore_len":1.98,"Shore_dev":1.37,"Vol_total":0.2,"Vol_res":0.0,"Vol_src":3,"Depth_avg":1.2,"Dis_avg":0.973,"Res_time":2.4,"Elevation":48,"Slope_100":0.29,"Wshd_area":60.1,"Pour_long":85.39361,"Pour_lat":25.715631,"source_id":"hydrolakes:1384293","label":""},"geometry":{"type":"Polygon","coordinates":[[[85.39010114881773,25.719387207031502],[85.39042924669087,25.718977593316197],[85.3928571912981,25.719279513889035],[85.3931858656145,25.717021484375095],[85.3944955783424,25.71646945529517],[85.3954465060769,25.714851888020917],[85.39472222222258,25.714444444444553],[85.39311994764574,25.71457275390634],[85.39175771077544,25.716273871527903],[85.38876536051487,25.717910698784806],[85.38915825737882,25.719270019531336],[85.39010114881773,25.719387207031502]]]}},{"type":"Feature","id":"hydrolakes:1384302","properties":{"Hylak_id":1384302,"Lake_name":"","Country":"India","Continent":"Asia","Poly_src":"SWBD","Lake_type":1,"Grand_id":0,"Lake_area":0.23,"Shore_len":2.02,"Shore_dev":1.19,"Vol_total":0.4,"Vol_res":0.0,"Vol_src":3,"Depth_avg":1.8,"Dis_avg":0.024,"Res_time":195.2,"Elevation":47,"Slope_100":0.56,"Wshd_area":1.5,"Pour_long":85.410962,"Pour_lat":25.70991,"source_id":"hydrolakes:1384302","label":""},"geometry":{"type":"Polygon","coordinates":[[[85.41178768581852,25.706267903645937],[85.41166666666703,25.706111111111284],[85.41079755995065,25.706353081597342],[85.41043453640464,25.70682345920153],[85.40933929443389,25.707271592882023],[85.40923916286926,25.70794921875006],[85.41093404134165,25.71146457248284],[85.4123649088545,25.71262098524312],[85.41341057671491,25.71217664930566],[85.41384250217061,25.71107801649316],[85.4132123141822,25.710033365885522],[85.41345435248536,25.70928765190979],[85.41484324137429,25.708215603298697],[85.41422756618977,25.707409667968818],[85.41240559895874,25.70674479166678],[85.41178768581852,25.706267903645937]]]}},{"type":"Feature","id":"hydrolakes:1384303","properties":{"Hylak_id":1384303,"Lake_name":"","Country":"India","Continent":"Asia","Poly_src":"SWBD","Lake_type":1,"Grand_id":0,"Lake_area":0.41,"Shore_len":3.91,"Shore_dev":1.72,"Vol_total":0.54,"Vol_res":0.0,"Vol_src":3,"Depth_avg":1.3,"Dis_avg":1.421,"Res_time":4.4,"Elevation":36,"Slope_100":0.26,"Wshd_area":56.9,"Pour_long":87.425939,"Pour_lat":25.708805,"source_id":"hydrolakes:1384303","label":""},"geometry":{"type":"Polygon","coordinates":[[[87.42596191406307,25.707371419270885],[87.42514919704934,25.70670057508687],[87.42570610894177,25.705702039930657],[87.42560546875086,25.70444824218754],[87.42754611545206,25.702102322048802],[87.42666666666724,25.700555555555695],[87.42486979166733,25.702095269097356],[87.42291449652862,25.70151285807316],[87.4221004231776,25.70196723090288],[87.42265055338612,25.70346571180562],[87.42261203342082,25.703946397569553],[87.42098687066039,25.705346137152844],[87.42070475260476,25.70602159288211],[87.42263699001808,25.706883951822988],[87.42401557074703,25.706773003472335],[87.4245730251742,25.707320963541804],[87.42270100911509,25.70995442708346],[87.42326063368108,25.71199924045152],[87.42504313151107,25.71235080295162],[87.42634629991392,25.71083821614593],[87.42570475260482,25.709478352864778],[87.42679090711874,25.70854275173616],[87.42707302517414,25.70786729600701],[87.42596191406307,25.707371419270885]]]}},{"type":"Feature","id":"hydrolakes:1384308","properties":{"Hylak_id":1384308,"Lake_name":"","Country":"India","Continent":"Asia","Poly_src":"SWBD","Lake_type":1,"Grand_id":0,"Lake_area":0.39,"Shore_len":2.86,"Shore_dev":1.29,"Vol_total":0.83,"Vol_res":0.0,"Vol_src":3,"Depth_avg":2.1,"Dis_avg":0.185,"Res_time":51.7,"Elevation":46,"Slope_100":0.7,"Wshd_area":12.4,"Pour_long":85.575299,"Pour_lat":25.704921,"source_id":"hydrolakes:1384308","label":""},"geometry":{"type":"Polygon","coordinates":[[[85.57314615885451,25.7063186306425],[85.57459526909764,25.706272243923593],[85.57549452039967,25.705605468750036],[85.57597229003954,25.70279296875009],[85.57793457031295,25.702379014757014],[85.57935601128509,25.701174316406366],[85.57984320746584,25.700256618923845],[85.5780649820968,25.69926106770845],[85.57777777777835,25.698888888888973],[85.57715799967502,25.699061414930668],[85.57662312825556,25.700368381076487],[85.57496663411501,25.70067654079878],[85.57350477430595,25.699794650607885],[85.57271060519787,25.699912109375134],[85.57078175862682,25.70246744791683],[85.57133941650426,25.704874131944507],[85.57190416124189,25.705810275607746],[85.57314615885451,25.7063186306425]]]}},{"type":"Feature","id":"hydrolakes:1384312","properties":{"Hylak_id":1384312,"Lake_name":"","Country":"India","Continent":"Asia","Poly_src":"SWBD","Lake_type":1,"Grand_id":0,"Lake_area":0.82,"Shore_len":4.52,"Shore_dev":1.41,"Vol_total":2.17,"Vol_res":0.0,"Vol_src":3,"Depth_avg":2.6,"Dis_avg":0.136,"Res_time":184.4,"Elevation":45,"Slope_100":0.88,"Wshd_area":9.1,"Pour_long":85.567263,"Pour_lat":25.701825,"source_id":"hydrolakes:1384312","label":""},"geometry":{"type":"Polygon","coordinates":[[[85.56681589762422,25.69787651909735],[85.56722676595109,25.69570475260423],[85.56848256429072,25.69596191406265],[85.56947828504809,25.696517469618186],[85.57040469699479,25.695778808593843],[85.5711624823681,25.693993326823033],[85.57027777777813,25.692500000000052],[85.56907457139823,25.692719455295276],[85.56762854682142,25.693461914062595],[85.56626034206863,25.694593641493213],[85.56385070800837,25.694908854166727],[85.56043362087723,25.698122016059074],[85.56036827935151,25.698935546875077],[85.56123965793233,25.700149197048745],[85.56214080810582,25.70092556423623],[85.56042700873536,25.702997504340374],[85.56109629313198,25.704299587673688],[85.5629270087353,25.704850802951626],[85.56405463324717,25.705650227864624],[85.56663594563844,25.705064019097335],[85.56801052517415,25.702279459635463],[85.56794874403255,25.69932291666686],[85.56681589762422,25.69787651909735]]]}},{"type":"Feature","id":"hydrolakes:1384330","properties":{"Hylak_id":1384330,"Lake_name":"","Country":"India","Continent":"Asia","Poly_src":"SWBD","Lake_type":1,"Grand_id":0,"Lake_area":0.11,"Shore_len":1.59,"Shore_dev":1.38,"Vol_total":0.13,"Vol_res":0.0,"Vol_src":3,"Depth_avg":1.2,"Dis_avg":0.014,"Res_time":106.0,"Elevation":39,"Slope_100":0.33,"Wshd_area":0.8,"Pour_long":86.596299,"Pour_lat":25.688074,"source_id":"hydrolakes:1384330","label":""},"geometry":{"type":"Polygon","coordinates":[[[86.59634657118113,25.68475450303822],[86.59500000000043,25.68305555555554],[86.59320475260466,25.684090711805595],[86.59353217230972,25.68473117404534],[86.59539998372446,25.686340332031364],[86.59576293945355,25.68872205946184],[86.5965021430128,25.68878146701394],[86.59707302517427,25.687226833767454],[86.59634657118113,25.68475450303822]]]}},{"type":"Feature","id":"hydrolakes:1384331","properties":{"Hylak_id":1384331,"Lake_name":"","Country":"India","Continent":"Asia","Poly_src":"SWBD","Lake_type":1,"Grand_id":0,"Lake_area":0.16,"Shore_len":1.59,"Shore_dev":1.12,"Vol_total":0.16,"Vol_res":0.0,"Vol_src":3,"Depth_avg":1.0,"Dis_avg":0.763,"Res_time":2.4,"Elevation":35,"Slope_100":0.19,"Wshd_area":27.1,"Pour_long":87.675274,"Pour_lat":25.687656,"source_id":"hydrolakes:1384331","label":""},"geometry":{"type":"Polygon","coordinates":[[[87.67512858072985,25.68487141927102],[87.6742952473964,25.68485080295153],[87.67211995442761,25.68591118706604],[87.67153808593821,25.68749538845492],[87.67191921658059,25.68895887586814],[87.67310248480976,25.689053819444553],[87.67727457682344,25.686669108073033],[87.67512858072985,25.68487141927102]]]}},{"type":"Feature","id":"hydrolakes:1384332","properties":{"Hylak_id":1384332,"Lake_name":"","Country":"India","Continent":"Asia","Poly_src":"SWBD","Lake_type":1,"Grand_id":0,"Lake_area":0.74,"Shore_len":3.43,"Shore_dev":1.13,"Vol_total":1.9,"Vol_res":0.0,"Vol_src":3,"Depth_avg":2.6,"Dis_avg":0.356,"Res_time":61.8,"Elevation":44,"Slope_100":0.86,"Wshd_area":24.2,"Pour_long":85.821854,"Pour_lat":25.687077,"source_id":"hydrolakes:1384332","label":""},"geometry":{"type":"Polygon","coordinates":[[[85.82373969184067,25.686260308159774],[85.82361111111163,25.686111111111302],[85.82235772026951,25.68633978949657],[85.82032294379377,25.687609863281352],[85.81807210286513,25.68812120225715],[85.81570475260469,25.689485948350807],[85.81647399902397,25.690839301215476],[85.8173714192713,25.691239691840394],[85.8187345377608,25.69230712890635],[85.82083509657173,25.692784288194503],[85.82299743652402,25.694573025173725],[85.82706882053003,25.69429877387165],[85.82842129177556,25.69313368055566],[85.82850348578631,25.6921104600695],[85.82818413628519,25.691538085937566],[85.82780381944491,25.689453125000114],[85.82497572157166,25.687561035156307],[85.82373969184067,25.686260308159774]]]}},{"type":"Feature","id":"hydrolakes:1384333","properties":{"Hylak_id":1384333,"Lake_name":"","Country":"India","Continent":"Asia","Poly_src":"SWBD","Lake_type":1,"Grand_id":0,"Lake_area":0.11,"Shore_len":1.74,"Shore_dev":1.49,"Vol_total":0.14,"Vol_res":0.0,"Vol_src":3,"Depth_avg":1.3,"Dis_avg":0.086,"Res_time":18.3,"Elevation":35,"Slope_100":0.35,"Wshd_area":3.1,"Pour_long":87.641439,"Pour_lat":25.686688,"source_id":"hydrolakes:1384333","label":""},"geometry":{"type":"Polygon","coordinates":[[[87.64405951605977,25.68760606553826],[87.64651502821255,25.685403917100814],[87.64761827257001,25.684925401475823],[87.64750000000066,25.683888888888987],[87.64630859375058,25.684041341145928],[87.64477837456656,25.68514268663199],[87.64162217882,25.685842556423722],[87.64098497178884,25.68695502387169],[87.64167154947984,25.687339409722256],[87.64279513888943,25.686695963541922],[87.64405951605977,25.68760606553826]]]}},{"type":"Feature","id":"hydrolakes:1384339","properties":{"Hylak_id":1384339,"Lake_name":"","Country":"Bangladesh","Continent":"Asia","Poly_src":"SWBD","Lake_type":1,"Grand_id":0,"Lake_area":0.1,"Shore_len":1.48,"Shore_dev":1.35,"Vol_total":0.11,"Vol_res":0.0,"Vol_src":3,"Depth_avg":1.2,"Dis_avg":0.466,"Res_time":2.8,"Elevation":33,"Slope_100":0.33,"Wshd_area":13.2,"Pour_long":89.135764,"Pour_lat":25.683231,"source_id":"hydrolakes:1384339","label":""},"geometry":{"type":"Polygon","coordinates":[[[89.13682345920222,25.684009874132016],[89.1361111111118,25.68305555555554],[89.13515679253538,25.683217773437548],[89.13540771484446,25.688687065972317],[89.1364770507821,25.68884521484398],[89.13706542968828,25.68682671440979],[89.13682345920222,25.684009874132016]]]}},{"type":"Feature","id":"hydrolakes:1384344","properties":{"Hylak_id":1384344,"Lake_name":"","Country":"India","Continent":"Asia","Poly_src":"SWBD","Lake_type":1,"Grand_id":0,"Lake_area":0.31,"Shore_len":2.54,"Shore_dev":1.28,"Vol_total":0.52,"Vol_res":0.0,"Vol_src":3,"Depth_avg":1.7,"Dis_avg":0.077,"Res_time":78.9,"Elevation":42,"Slope_100":0.47,"Wshd_area":5.2,"Pour_long":85.888864,"Pour_lat":25.677995,"source_id":"hydrolakes:1384344","label":""},"geometry":{"type":"Polygon","coordinates":[[[85.89104654947971,25.679468315972258],[85.8895753309468,25.676817220052158],[85.88903550889796,25.67651611328131],[85.8872577582469,25.676658799913298],[85.88555555555598,25.67472222222227],[85.88366773817319,25.6750664605035],[85.88155843099014,25.676007758246726],[85.88146043565598,25.677226833767406],[85.88210062662813,25.678248969184096],[85.88317437066013,25.67816270616339],[85.88435275607708,25.678998209635495],[85.88689758300819,25.678986816406336],[85.89070922851636,25.68012858072933],[85.89104654947971,25.679468315972258]]]}},{"type":"Feature","id":"hydrolakes:1384345","properties":{"Hylak_id":1384345,"Lake_name":"","Country":"India","Continent":"Asia","Poly_src":"SWBD","Lake_type":1,"Grand_id":0,"Lake_area":0.23,"Shore_len":1.99,"Shore_dev":1.17,"Vol_total":0.37,"Vol_res":0.0,"Vol_src":3,"Depth_avg":1.6,"Dis_avg":0.109,"Res_time":39.4,"Elevation":43,"Slope_100":0.47,"Wshd_area":7.4,"Pour_long":85.897652,"Pour_lat":25.677704,"source_id":"hydrolakes:1384345","label":""},"geometry":{"type":"Polygon","coordinates":[[[85.89298014322964,25.67937635633706],[85.8962160237636,25.679328342013946],[85.89723605685822,25.678962402343984],[85.89925394694052,25.679082573784854],[85.90006686740503,25.67791883680559],[85.89885810004381,25.676566026475825],[85.89805555555603,25.67611111111114],[85.89279059516116,25.67654866536469],[85.89181335449263,25.6783468967015],[85.89298014322964,25.67937635633706]]]}},{"type":"Feature","id":"hydrolakes:1384346","properties":{"Hylak_id":1384346,"Lake_name":"","Country":"India","Continent":"Asia","Poly_src":"SWBD","Lake_type":1,"Grand_id":0,"Lake_area":0.1,"Shore_len":1.51,"Shore_dev":1.35,"Vol_total":0.09,"Vol_res":0.0,"Vol_src":3,"Depth_avg":1.0,"Dis_avg":0.069,"Res_time":15.8,"Elevation":34,"Slope_100":0.21,"Wshd_area":2.3,"Pour_long":87.867289,"Pour_lat":25.675348,"source_id":"hydrolakes:1384346","label":""},"geometry":{"type":"Polygon","coordinates":[[[87.86915608724013,25.675015190972317],[87.86861111111159,25.674166666666792],[87.86734320746598,25.67428765190982],[87.86588650173678,25.674860297309124],[87.86321370442784,25.675146755642402],[87.86299424913261,25.676632215712004],[87.86474826388945,25.676891547309083],[87.86599012586868,25.676545681423704],[87.86698703342086,25.675806477864796],[87.86915608724013,25.675015190972317]]]}},{"type":"Feature","id":"hydrolakes:1384348","properties":{"Hylak_id":1384348,"Lake_name":"","Country":"India","Continent":"Asia","Poly_src":"SWBD","Lake_type":1,"Grand_id":0,"Lake_area":0.62,"Shore_len":4.5,"Shore_dev":1.61,"Vol_total":1.12,"Vol_res":0.0,"Vol_src":3,"Depth_avg":1.8,"Dis_avg":0.183,"Res_time":71.2,"Elevation":40,"Slope_100":0.44,"Wshd_area":11.4,"Pour_long":86.16919,"Pour_lat":25.673984,"source_id":"hydrolakes:1384348","label":""},"geometry":{"type":"Polygon","coordinates":[[[86.17688720703194,25.675840657552158],[86.17467705620703,25.674797634548725],[86.17623630099888,25.67288167317713],[86.17444444444487,25.671666666666795],[86.17176649305617,25.67180202907997],[86.17069973415869,25.67236653645847],[86.16946492513063,25.67266059027787],[86.16611233181465,25.674825575086913],[86.1648664008253,25.676910807291733],[86.16628960503533,25.678179524739733],[86.16681016710129,25.67820014105905],[86.17276896158904,25.67514431423615],[86.173744710287,25.676277126736238],[86.17342502170197,25.678244900173752],[86.17236640082507,25.680360785590324],[86.17378743489627,25.68124457465285],[86.17471408420187,25.680935601128567],[86.17791137695366,25.676482476128513],[86.17688720703194,25.675840657552158]]]}},{"type":"Feature","id":"hydrolakes:1384352","properties":{"Hylak_id":1384352,"Lake_name":"","Country":"India","Continent":"Asia","Poly_src":"SWBD","Lake_type":1,"Grand_id":0,"Lake_area":0.76,"Shore_len":6.43,"Shore_dev":2.08,"Vol_total":1.28,"Vol_res":0.0,"Vol_src":3,"Depth_avg":1.7,"Dis_avg":1.201,"Res_time":12.3,"Elevation":44,"Slope_100":0.36,"Wshd_area":82.4,"Pour_long":85.692708,"Pour_lat":25.667719,"source_id":"hydrolakes:1384352","label":""},"geometry":{"type":"Polygon","coordinates":[[[85.67716301812112,25.674077148437675],[85.67872992621585,25.67405951605906],[85.6798648410379,25.673254937066076],[85.68277567545624,25.672874077691063],[85.68353929307784,25.67055013020837],[85.68499701605941,25.669503580729213],[85.68763773600307,25.67070909288202],[85.68923583984423,25.670122070312573],[85.69031948513492,25.67020914713555],[85.69687717013926,25.666262478298677],[85.69931586371581,25.6632047526042],[85.69990817599887,25.66202772352443],[85.69888888888926,25.661111111111154],[85.69804721408485,25.661264648437566],[85.69657274034347,25.662976074218875],[85.6946700710725,25.66282307942714],[85.69278130425403,25.664440646701507],[85.69123969184074,25.66512858072923],[85.69098253038248,25.665483127170205],[85.69213928222712,25.66647976345496],[85.69118455674953,25.667698838975753],[85.68946031358547,25.668218044704986],[85.68851142035646,25.668141818576544],[85.68702114529123,25.667310384114728],[85.68402194553005,25.667395019531284],[85.68154527452299,25.669443630642434],[85.68030368381113,25.67166232638897],[85.67927917480529,25.670935872395887],[85.67811442057325,25.672287868923718],[85.67715867784324,25.672714301215365],[85.67672064887194,25.673696017795237],[85.67716301812112,25.674077148437675]]]}},{"type":"Feature","id":"hydrolakes:1384353","properties":{"Hylak_id":1384353,"Lake_name":"","Country":"India","Continent":"Asia","Poly_src":"SWBD","Lake_type":1,"Grand_id":0,"Lake_area":0.21,"Shore_len":1.94,"Shore_dev":1.2,"Vol_total":0.31,"Vol_res":0.0,"Vol_src":3,"Depth_avg":1.5,"Dis_avg":0.009,"Res_time":392.6,"Elevation":40,"Slope_100":0.4,"Wshd_area":0.6,"Pour_long":86.17438,"Pour_lat":25.667754,"source_id":"hydrolakes:1384353","label":""},"geometry":{"type":"Polygon","coordinates":[[[86.17636786566902,25.665888943142477],[86.17555555555606,25.664722222222338],[86.17496270073843,25.664900716145894],[86.17376098632855,25.66832709418412],[86.17775580512199,25.671647135416777],[86.17827134874187,25.67120307074663],[86.17889350043453,25.669508734809142],[86.17788506401956,25.667893066406293],[86.17796576605946,25.66688964843769],[86.17636786566902,25.665888943142477]]]}},{"type":"Feature","id":"hydrolakes:1384357","properties":{"Hylak_id":1384357,"Lake_name":"","Country":"India","Continent":"Asia","Poly_src":"SWBD","Lake_type":1,"Grand_id":0,"Lake_area":0.17,"Shore_len":1.74,"Shore_dev":1.17,"Vol_total":0.28,"Vol_res":0.0,"Vol_src":3,"Depth_avg":1.6,"Dis_avg":0.037,"Res_time":86.3,"Elevation":47,"Slope_100":0.49,"Wshd_area":2.5,"Pour_long":85.56631,"Pour_lat":25.663886,"source_id":"hydrolakes:1384357","label":""},"geometry":{"type":"Polygon","coordinates":[[[85.56747429741824,25.663636881510456],[85.56722222222277,25.663333333333583],[85.56570729573639,25.663527289496642],[85.56595937093135,25.664040527343786],[85.56677242702943,25.66471598307305],[85.5670798746749,25.667457682291683],[85.56834394666942,25.668181694878513],[85.57061333550405,25.667807617187577],[85.57116994222054,25.666326497395914],[85.57004021538665,25.66449490017368],[85.56747429741824,25.663636881510456]]]}},{"type":"Feature","id":"hydrolakes:1384360","properties":{"Hylak_id":1384360,"Lake_name":"","Country":"India","Continent":"Asia","Poly_src":"SWBD","Lake_type":1,"Grand_id":0,"Lake_area":0.38,"Shore_len":3.63,"Shore_dev":1.67,"Vol_total":0.54,"Vol_res":0.0,"Vol_src":3,"Depth_avg":1.4,"Dis_avg":4.408,"Res_time":1.4,"Elevation":33,"Slope_100":0.31,"Wshd_area":159.5,"Pour_long":87.545553,"Pour_lat":25.662897,"source_id":"hydrolakes:1384360","label":""},"geometry":{"type":"Polygon","coordinates":[[[87.54304497612918,25.65584391276053],[87.5427777777785,25.655555555555736],[87.54181504991374,25.65644775390632],[87.54477023654573,25.6600789388022],[87.5441338433165,25.661281195746653],[87.54712049696252,25.66551459418406],[87.54933729383754,25.667257758246592],[87.54927815755269,25.668744574652862],[87.55061306423664,25.66833279079873],[87.55105387369844,25.667500000000132],[87.54800672743107,25.660802680121662],[87.54304497612918,25.65584391276053]]]}},{"type":"Feature","id":"hydrolakes:1384361","properties":{"Hylak_id":1384361,"Lake_name":"","Country":"India","Continent":"Asia","Poly_src":"SWBD","Lake_type":1,"Grand_id":0,"Lake_area":0.28,"Shore_len":2.41,"Shore_dev":1.29,"Vol_total":0.56,"Vol_res":0.0,"Vol_src":3,"Depth_avg":2.0,"Dis_avg":0.043,"Res_time":150.1,"Elevation":47,"Slope_100":0.69,"Wshd_area":2.9,"Pour_long":85.594224,"Pour_lat":25.661119,"source_id":"hydrolakes:1384361","label":""},"geometry":{"type":"Polygon","coordinates":[[[85.59034267849432,25.666049533420164],[85.59245442708391,25.66425320095493],[85.59422926161074,25.66435899522577],[85.59664510091187,25.662441948784874],[85.5973725043408,25.660414496527892],[85.5963888888893,25.658888888888953],[85.59483954535642,25.6590502929688],[85.590645955404,25.662797309027894],[85.5907031250004,25.663756239149336],[85.58959113227041,25.66580240885429],[85.59034267849432,25.666049533420164]]]}},{"type":"Feature","id":"hydrolakes:1384362","properties":{"Hylak_id":1384362,"Lake_name":"","Country":"India","Continent":"Asia","Poly_src":"SWBD","Lake_type":1,"Grand_id":0,"Lake_area":0.46,"Shore_len":2.69,"Shore_dev":1.12,"Vol_total":0.8,"Vol_res":0.0,"Vol_src":3,"Depth_avg":1.7,"Dis_avg":0.091,"Res_time":101.3,"Elevation":42,"Slope_100":0.45,"Wshd_area":6.2,"Pour_long":85.909149,"Pour_lat":25.659074,"source_id":"hydrolakes:1384362","label":""},"geometry":{"type":"Polygon","coordinates":[[[85.91000596788234,25.659506293402842],[85.91041734483548,25.656679958767597],[85.91098761664557,25.655709906684137],[85.911408555773,25.65423746744807],[85.91083333333376,25.65333333333342],[85.90956793891132,25.65345675998276],[85.90819824218806,25.65432834201414],[85.90702941894585,25.65387912326395],[85.90442321777385,25.654064941406375],[85.90284050835561,25.655221082899402],[85.90297275119417,25.65628417968759],[85.90377570258306,25.658631184896024],[85.90470662434956,25.65937662760433],[85.90561618381128,25.659263509114737],[85.90849745008728,25.660086263020958],[85.91000596788234,25.659506293402842]]]}},{"type":"Feature","id":"hydrolakes:1384364","properties":{"Hylak_id":1384364,"Lake_name":"","Country":"India","Continent":"Asia","Poly_src":"SWBD","Lake_type":1,"Grand_id":0,"Lake_area":0.12,"Shore_len":1.68,"Shore_dev":1.38,"Vol_total":0.11,"Vol_res":0.0,"Vol_src":3,"Depth_avg":0.9,"Dis_avg":3.804,"Res_time":0.3,"Elevation":38,"Slope_100":0.18,"Wshd_area":168.9,"Pour_long":87.10282,"Pour_lat":25.658102,"source_id":"hydrolakes:1384364","label":""},"geometry":{"type":"Polygon","coordinates":[[[87.10369696723143,25.658199869791815],[87.10333333333386,25.657777777777824],[87.10237141927138,25.65795328776045],[87.10333062066019,25.659233669704918],[87.10803209092944,25.66234564887162],[87.1085058593755,25.661496310763994],[87.1072048611116,25.659419216579977],[87.1059825303825,25.658461914062627],[87.10369696723143,25.658199869791815]]]}},{"type":"Feature","id":"hydrolakes:1384365","properties":{"Hylak_id":1384365,"Lake_name":"","Country":"India","Continent":"Asia","Poly_src":"SWBD","Lake_type":1,"Grand_id":0,"Lake_area":0.17,"Shore_len":2.03,"Shore_dev":1.38,"Vol_total":0.23,"Vol_res":0.0,"Vol_src":3,"Depth_avg":1.3,"Dis_avg":0.119,"Res_time":21.9,"Elevation":34,"Slope_100":0.34,"Wshd_area":4.3,"Pour_long":87.687092,"Pour_lat":25.657992,"source_id":"hydrolakes:1384365","label":""},"geometry":{"type":"Polygon","coordinates":[[[87.68984320746603,25.658594292534758],[87.68916666666729,25.657500000000198],[87.6868674045146,25.657666286892493],[87.68446397569528,25.659267578125082],[87.68209120008743,25.66138753255217],[87.68253553602489,25.662580295138923],[87.68346435546931,25.662075466580006],[87.68547932942784,25.661606716579968],[87.68715440538244,25.659731716579984],[87.68984320746603,25.658594292534758]]]}},{"type":"Feature","id":"hydrolakes:1384371","properties":{"Hylak_id":1384371,"Lake_name":"","Country":"India","Continent":"Asia","Poly_src":"SWBD","Lake_type":1,"Grand_id":0,"Lake_area":0.29,"Shore_len":4.07,"Shore_dev":2.12,"Vol_total":0.41,"Vol_res":0.0,"Vol_src":3,"Depth_avg":1.4,"Dis_avg":0.392,"Res_time":12.1,"Elevation":34,"Slope_100":0.32,"Wshd_area":13.4,"Pour_long":87.886458,"Pour_lat":25.650683,"source_id":"hydrolakes:1384371","label":""},"geometry":{"type":"Polygon","coordinates":[[[87.88297797309099,25.651679416232696],[87.88396647135482,25.651098361545223],[87.88541666666742,25.651655815972276],[87.88843967013946,25.650817599826496],[87.88858208550408,25.649672309027835],[87.88760715060818,25.64909912109391],[87.88620496961875,25.65012342664943],[87.88399685329915,25.649790310329934],[87.88279459635493,25.648911946614703],[87.88168023003533,25.64956705729179],[87.88015435112908,25.648344997829895],[87.88045328776116,25.647134874132007],[87.88178059895887,25.64635470920149],[87.88389756944514,25.647901204427228],[87.88537868923669,25.647527398003604],[87.88546685112931,25.646817762586977],[87.8839662000874,25.645617675781295],[87.88138888888955,25.6447222222223],[87.88054389105969,25.644963921441104],[87.87973687066034,25.64633653428831],[87.87904405382017,25.648763020833428],[87.88176106770902,25.651211480034817],[87.88297797309099,25.651679416232696]]]}},{"type":"Feature","id":"hydrolakes:1384376","properties":{"Hylak_id":1384376,"Lake_name":"","Country":"India","Continent":"Asia","Poly_src":"SWBD","Lake_type":1,"Grand_id":0,"Lake_area":0.36,"Shore_len":3.6,"Shore_dev":1.69,"Vol_total":0.54,"Vol_res":0.0,"Vol_src":3,"Depth_avg":1.5,"Dis_avg":0.083,"Res_time":75.2,"Elevation":34,"Slope_100":0.35,"Wshd_area":2.9,"Pour_long":87.772633,"Pour_lat":25.648449,"source_id":"hydrolakes:1384376","label":""},"geometry":{"type":"Polygon","coordinates":[[[87.76896511501792,25.64542616102443],[87.76805555555615,25.644444444444673],[87.76709337022629,25.644749077691017],[87.76702555338602,25.64645453559052],[87.76798719618125,25.64749240451397],[87.77012559678877,25.648169216580015],[87.7706890190978,25.650699869791765],[87.77175048828201,25.652083875868186],[87.76875542534788,25.655472276475734],[87.76985866970546,25.65652235243067],[87.77285237630281,25.652652723524398],[87.77443169487924,25.649033745659835],[87.77356309678879,25.64719292534727],[87.7709689670146,25.646371799045312],[87.76896511501792,25.64542616102443]]]}},{"type":"Feature","id":"hydrolakes:1384384","properties":{"Hylak_id":1384384,"Lake_name":"","Country":"India","Continent":"Asia","Poly_src":"SWBD","Lake_type":1,"Grand_id":0,"Lake_area":0.23,"Shore_len":3.52,"Shore_dev":2.09,"Vol_total":0.33,"Vol_res":0.0,"Vol_src":3,"Depth_avg":1.4,"Dis_avg":0.061,"Res_time":61.8,"Elevation":35,"Slope_100":0.37,"Wshd_area":2.1,"Pour_long":87.810128,"Pour_lat":25.640791,"source_id":"hydrolakes:1384384","label":""},"geometry":{"type":"Polygon","coordinates":[[[87.80568413628527,25.637371419271005],[87.80555555555617,25.637222222222306],[87.80487141927154,25.637811686198006],[87.80522732204923,25.63874023437512],[87.80796820746588,25.639963378906373],[87.8123508029521,25.64404676649326],[87.81203450520894,25.645402832031323],[87.80959364149368,25.648253309461893],[87.81100368923683,25.648203938802226],[87.81357286241376,25.64496256510421],[87.81305555555628,25.643243815104256],[87.81167100694518,25.64131564670157],[87.8103651258686,25.64019042968755],[87.80874321831669,25.638308105468866],[87.80568413628527,25.637371419271005]]]}},{"type":"Feature","id":"hydrolakes:1384389","properties":{"Hylak_id":1384389,"Lake_name":"","Country":"India","Continent":"Asia","Poly_src":"SWBD","Lake_type":1,"Grand_id":0,"Lake_area":0.16,"Shore_len":2.16,"Shore_dev":1.54,"Vol_total":0.22,"Vol_res":0.0,"Vol_src":3,"Depth_avg":1.4,"Dis_avg":0.054,"Res_time":47.5,"Elevation":33,"Slope_100":0.4,"Wshd_area":1.9,"Pour_long":87.707629,"Pour_lat":25.636691,"source_id":"hydrolakes:1384389","label":""},"geometry":{"type":"Polygon","coordinates":[[[87.71378255208396,25.637682834201428],[87.71205078125053,25.637317165798834],[87.71045247395892,25.636353081597292],[87.70861111111174,25.63583333333338],[87.70684326171943,25.636133626302183],[87.70671278211859,25.637017144097342],[87.70846625434086,25.63778347439245],[87.71031114366377,25.637510850694525],[87.712343207466,25.63932345920142],[87.71493516710126,25.639986707899368],[87.71567654079934,25.639414333767434],[87.71512505425409,25.638492567274398],[87.71378255208396,25.637682834201428]]]}},{"type":"Feature","id":"hydrolakes:1384400","properties":{"Hylak_id":1384400,"Lake_name":"","Country":"India","Continent":"Asia","Poly_src":"SWBD","Lake_type":1,"Grand_id":0,"Lake_area":0.46,"Shore_len":3.58,"Shore_dev":1.5,"Vol_total":0.6,"Vol_res":0.0,"Vol_src":3,"Depth_avg":1.3,"Dis_avg":0.165,"Res_time":42.2,"Elevation":37,"Slope_100":0.25,"Wshd_area":10.3,"Pour_long":86.284234,"Pour_lat":25.630614,"source_id":"hydrolakes:1384400","label":""},"geometry":{"type":"Polygon","coordinates":[[[86.28227267795194,25.633635796441013],[86.28276665581654,25.632676595052203],[86.28134385850751,25.632214898003554],[86.28041937934069,25.630851236979254],[86.28082424587728,25.630613878038332],[86.28326443142419,25.63184570312518],[86.28596950954903,25.631186523437577],[86.28323038737022,25.62858425564241],[86.28222222222263,25.629103461371642],[86.28066528320363,25.628466525607678],[86.27750000000049,25.626388888888926],[86.2770647515195,25.626530219184076],[86.27475694444496,25.62883382161465],[86.27573798285636,25.631418185764062],[86.2784014214414,25.633222384982844],[86.27973307291722,25.632766655816056],[86.28227267795194,25.633635796441013]]]}},{"type":"Feature","id":"hydrolakes:1384411","properties":{"Hylak_id":1384411,"Lake_name":"","Country":"India","Continent":"Asia","Poly_src":"SWBD","Lake_type":1,"Grand_id":0,"Lake_area":0.14,"Shore_len":1.64,"Shore_dev":1.23,"Vol_total":0.14,"Vol_res":0.0,"Vol_src":3,"Depth_avg":1.0,"Dis_avg":0.018,"Res_time":90.0,"Elevation":37,"Slope_100":0.2,"Wshd_area":1.0,"Pour_long":86.825146,"Pour_lat":25.621055,"source_id":"hydrolakes:1384411","label":""},"geometry":{"type":"Polygon","coordinates":[[[86.82484578450578,25.615987684461857],[86.82472222222282,25.61583333333357],[86.82351535373306,25.61604329427098],[86.82293199327319,25.620712076823054],[86.8237665473095,25.622033691406273],[86.82452419704919,25.62212782118064],[86.82536417643303,25.62097819010421],[86.82545125325589,25.6202777777778],[86.8254417588982,25.616464843750123],[86.82484578450578,25.615987684461857]]]}},{"type":"Feature","id":"hydrolakes:1384418","properties":{"Hylak_id":1384418,"Lake_name":"","Country":"India","Continent":"Asia","Poly_src":"SWBD","Lake_type":1,"Grand_id":0,"Lake_area":0.33,"Shore_len":2.71,"Shore_dev":1.33,"Vol_total":0.4,"Vol_res":0.0,"Vol_src":3,"Depth_avg":1.2,"Dis_avg":0.117,"Res_time":39.1,"Elevation":37,"Slope_100":0.23,"Wshd_area":7.4,"Pour_long":86.233471,"Pour_lat":25.612165,"source_id":"hydrolakes:1384418","label":""},"geometry":{"type":"Polygon","coordinates":[[[86.23366292317769,25.612078179253558],[86.23272691514819,25.610909559461845],[86.23206909179731,25.610991210937527],[86.23194444444505,25.610555555555663],[86.23046169704924,25.610813530816017],[86.22970608181464,25.612305501302103],[86.2306698947487,25.61518663194454],[86.23029581705782,25.619582519531377],[86.2324563259553,25.620956759982846],[86.2332853190112,25.619558376736222],[86.2336794704866,25.61638888888905],[86.23340318467945,25.614166666666733],[86.23366292317769,25.612078179253558]]]}},{"type":"Feature","id":"hydrolakes:1384426","properties":{"Hylak_id":1384426,"Lake_name":"","Country":"India","Continent":"Asia","Poly_src":"SWBD","Lake_type":1,"Grand_id":0,"Lake_area":0.73,"Shore_len":3.39,"Shore_dev":1.12,"Vol_total":1.37,"Vol_res":0.0,"Vol_src":3,"Depth_avg":1.9,"Dis_avg":0.025,"Res_time":634.5,"Elevation":42,"Slope_100":0.46,"Wshd_area":1.7,"Pour_long":85.770707,"Pour_lat":25.608148,"source_id":"hydrolakes:1384426","label":""},"geometry":{"type":"Polygon","coordinates":[[[85.78017395019583,25.607290310329972],[85.77861111111167,25.60611111111126],[85.77541666666718,25.606283365885474],[85.77351094563858,25.60613037109391],[85.77069993760887,25.607929958767556],[85.76959364149354,25.609933810764005],[85.77204006618962,25.611982964409947],[85.77709364149342,25.612628580729222],[85.77780598958407,25.613025987413323],[85.77940755208385,25.612897406684056],[85.78325466579929,25.610193684895876],[85.78317281087288,25.609175075954965],[85.78131632487032,25.608616265191074],[85.78017395019583,25.607290310329972]]]}},{"type":"Feature","id":"hydrolakes:1384434","properties":{"Hylak_id":1384434,"Lake_name":"","Country":"Bangladesh","Continent":"Asia","Poly_src":"SWBD","Lake_type":1,"Grand_id":0,"Lake_area":0.1,"Shore_len":1.61,"Shore_dev":1.41,"Vol_total":0.13,"Vol_res":0.0,"Vol_src":3,"Depth_avg":1.3,"Dis_avg":0.082,"Res_time":18.7,"Elevation":32,"Slope_100":0.37,"Wshd_area":2.3,"Pour_long":88.982201,"Pour_lat":25.600725,"source_id":"hydrolakes:1384434","label":""},"geometry":{"type":"Polygon","coordinates":[[[88.98476291232714,25.596365559895958],[88.98444444444516,25.59555555555562],[88.98298312717083,25.596144205729274],[88.98154568142445,25.601407335069553],[88.98229112413276,25.601605631510495],[88.98289876302158,25.600120985243166],[88.98512098524378,25.597667371961847],[88.98476291232714,25.596365559895958]]]}},{"type":"Feature","id":"hydrolakes:1384471","properties":{"Hylak_id":1384471,"Lake_name":"","Country":"India","Continent":"Asia","Poly_src":"SWBD","Lake_type":1,"Grand_id":0,"Lake_area":0.11,"Shore_len":1.53,"Shore_dev":1.28,"Vol_total":0.12,"Vol_res":0.0,"Vol_src":3,"Depth_avg":1.1,"Dis_avg":0.137,"Res_time":10.3,"Elevation":29,"Slope_100":0.25,"Wshd_area":5.2,"Pour_long":87.635032,"Pour_lat":25.568315,"source_id":"hydrolakes:1384471","label":""},"geometry":{"type":"Polygon","coordinates":[[[87.63599012586866,25.5648432074654],[87.6352777777783,25.563888888888926],[87.6349099392367,25.56417290581618],[87.63460123697968,25.565990125868097],[87.63376790364651,25.567371690538323],[87.63403944227508,25.569561631944623],[87.63493109809099,25.5700995551216],[87.63620117187565,25.568386501736143],[87.63634874131998,25.565719943576426],[87.63599012586866,25.5648432074654]]]}},{"type":"Feature","id":"hydrolakes:1384493","properties":{"Hylak_id":1384493,"Lake_name":"","Country":"Bangladesh","Continent":"Asia","Poly_src":"SWBD","Lake_type":1,"Grand_id":0,"Lake_area":0.25,"Shore_len":2.42,"Shore_dev":1.36,"Vol_total":0.37,"Vol_res":0.0,"Vol_src":3,"Depth_avg":1.5,"Dis_avg":0.02,"Res_time":216.0,"Elevation":34,"Slope_100":0.38,"Wshd_area":0.6,"Pour_long":88.623415,"Pour_lat":25.552233,"source_id":"hydrolakes:1384493","label":""},"geometry":{"type":"Polygon","coordinates":[[[88.62437364366389,25.550756564670166],[88.62361111111176,25.54972222222233],[88.62234998915,25.549883626302176],[88.62205050998341,25.552821723090403],[88.62306206597304,25.559292805989628],[88.62472059461874,25.558959960937614],[88.62540391710132,25.55776719835086],[88.62479193793462,25.553457573784897],[88.62488823784787,25.552510579427178],[88.62437364366389,25.550756564670166]]]}},{"type":"Feature","id":"hydrolakes:1384496","properties":{"Hylak_id":1384496,"Lake_name":"","Country":"India","Continent":"Asia","Poly_src":"SWBD","Lake_type":1,"Grand_id":0,"Lake_area":0.21,"Shore_len":2.96,"Shore_dev":1.81,"Vol_total":0.32,"Vol_res":0.0,"Vol_src":3,"Depth_avg":1.5,"Dis_avg":0.014,"Res_time":267.5,"Elevation":47,"Slope_100":0.43,"Wshd_area":1.0,"Pour_long":85.413542,"Pour_lat":25.547872,"source_id":"hydrolakes:1384496","label":""},"geometry":{"type":"Polygon","coordinates":[[[85.41850416395448,25.544880371093768],[85.41777777777827,25.543888888888944],[85.41651743570998,25.544017469618097],[85.41458841959684,25.5465109592015],[85.41226538764158,25.547376573350846],[85.40820478651312,25.55236626519104],[85.40942450629376,25.552791069878538],[85.41123965793224,25.550684136284815],[85.41679521348806,25.546239691840412],[85.418454420302,25.54549940321192],[85.41850416395448,25.544880371093768]]]}},{"type":"Feature","id":"hydrolakes:1384497","properties":{"Hylak_id":1384497,"Lake_name":"","Country":"India","Continent":"Asia","Poly_src":"SWBD","Lake_type":1,"Grand_id":0,"Lake_area":0.29,"Shore_len":3.77,"Shore_dev":1.97,"Vol_total":0.62,"Vol_res":0.0,"Vol_src":3,"Depth_avg":2.1,"Dis_avg":25.533,"Res_time":0.3,"Elevation":43,"Slope_100":0.79,"Wshd_area":1657.1,"Pour_long":85.89606,"Pour_lat":25.545344,"source_id":"hydrolakes:1384497","label":""},"geometry":{"type":"Polygon","coordinates":[[[85.89623969184083,25.544871419270862],[85.89611111111157,25.544722222222276],[85.8951754421663,25.545528428819523],[85.89431525336414,25.548052571614676],[85.89401807997024,25.550002983941056],[85.8921855333121,25.55521104600706],[85.89117221408463,25.556968587239737],[85.8890380859379,25.558807237413248],[85.88931620279988,25.559657660590346],[85.89155368381125,25.558469238281305],[85.89508958604648,25.553508029513978],[85.89644707573837,25.547452528211807],[85.89623969184083,25.544871419270862]]]}},{"type":"Feature","id":"hydrolakes:1384503","properties":{"Hylak_id":1384503,"Lake_name":"","Country":"India","Continent":"Asia","Poly_src":"SWBD","Lake_type":1,"Grand_id":0,"Lake_area":0.94,"Shore_len":7.98,"Shore_dev":2.33,"Vol_total":2.61,"Vol_res":0.0,"Vol_src":3,"Depth_avg":2.8,"Dis_avg":0.161,"Res_time":187.6,"Elevation":37,"Slope_100":0.95,"Wshd_area":10.3,"Pour_long":86.279583,"Pour_lat":25.541311,"source_id":"hydrolakes:1384503","label":""},"geometry":{"type":"Polygon","coordinates":[[[86.29110527886348,25.54772759331604],[86.29434217664976,25.54714084201396],[86.29844875759596,25.545910915798686],[86.30209364149368,25.54376030815996],[86.30566474066887,25.54086154513891],[86.30691257053019,25.537516547309053],[86.30643446180596,25.53532443576404],[86.30491834852472,25.533186035156348],[86.30388888888956,25.532222222222344],[86.30314507378517,25.532718641493148],[86.30322414822103,25.53370307074664],[86.30433580186684,25.536568739149402],[86.30428439670197,25.537207845052194],[86.30255967881999,25.540238986545262],[86.29876030816035,25.542926974826514],[86.29556016710126,25.544628363715333],[86.29452338324694,25.544545084635445],[86.28911661783911,25.545207790798656],[86.28627129448836,25.544766167534817],[86.28285373263958,25.543146972656302],[86.27972859700566,25.54085720486114],[86.27876030816026,25.54150878906262],[86.28123860677147,25.54364393446184],[86.2815250651048,25.544904785156348],[86.28612291124176,25.547075737847365],[86.28792697482697,25.547350802951428],[86.288569335938,25.54770914713555],[86.29110527886348,25.54772759331604]]]}},{"type":"Feature","id":"hydrolakes:1384508","properties":{"Hylak_id":1384508,"Lake_name":"","Country":"India","Continent":"Asia","Poly_src":"SWBD","Lake_type":1,"Grand_id":0,"Lake_area":0.17,"Shore_len":2.34,"Shore_dev":1.58,"Vol_total":0.28,"Vol_res":0.0,"Vol_src":3,"Depth_avg":1.6,"Dis_avg":0.348,"Res_time":9.2,"Elevation":31,"Slope_100":0.5,"Wshd_area":12.6,"Pour_long":87.820107,"Pour_lat":25.538449,"source_id":"hydrolakes:1384508","label":""},"geometry":{"type":"Polygon","coordinates":[[[87.82686550564301,25.540524088541872],[87.82527533637233,25.538451877170303],[87.82361111111186,25.537500000000023],[87.81792941623337,25.538056640625086],[87.81831705729229,25.539142795138957],[87.82102186415,25.539008517795253],[87.82299207899365,25.539302029079977],[87.82492540147643,25.54090793185776],[87.82612169053874,25.54234836154518],[87.826761881511,25.541538357205013],[87.82686550564301,25.540524088541872]]]}},{"type":"Feature","id":"hydrolakes:1384513","properties":{"Hylak_id":1384513,"Lake_name":"","Country":"India","Continent":"Asia","Poly_src":"SWBD","Lake_type":1,"Grand_id":0,"Lake_area":0.24,"Shore_len":2.91,"Shore_dev":1.66,"Vol_total":0.38,"Vol_res":0.0,"Vol_src":3,"Depth_avg":1.6,"Dis_avg":0.04,"Res_time":110.7,"Elevation":46,"Slope_100":0.43,"Wshd_area":2.9,"Pour_long":85.664565,"Pour_lat":25.535839,"source_id":"hydrolakes:1384513","label":""},"geometry":{"type":"Polygon","coordinates":[[[85.66822218153249,25.53515842013894],[85.66750000000059,25.534166666666692],[85.65790886773061,25.536797688802153],[85.65591891818633,25.53745307074672],[85.65514668782595,25.538143174913273],[85.65575066460553,25.53891927083339],[85.65968892415407,25.538392740885513],[85.66171081543013,25.537551812066],[85.6674427625872,25.535854763455006],[85.66822218153249,25.53515842013894]]]}},{"type":"Feature","id":"hydrolakes:1384514","properties":{"Hylak_id":1384514,"Lake_name":"","Country":"India","Continent":"Asia","Poly_src":"SWBD","Lake_type":1,"Grand_id":0,"Lake_area":0.36,"Shore_len":3.85,"Shore_dev":1.82,"Vol_total":0.77,"Vol_res":0.0,"Vol_src":3,"Depth_avg":2.1,"Dis_avg":0.087,"Res_time":101.8,"Elevation":35,"Slope_100":0.75,"Wshd_area":5.4,"Pour_long":86.377703,"Pour_lat":25.53519,"source_id":"hydrolakes:1384514","label":""},"geometry":{"type":"Polygon","coordinates":[[[86.37207804362038,25.528755425347242],[86.37194444444486,25.528611111111275],[86.37126030816017,25.529245062934137],[86.37232489691888,25.531500379774343],[86.37453070746585,25.532590603298672],[86.37653306749183,25.534855685763944],[86.37791137695376,25.53736653645842],[86.37875149197112,25.538144802517422],[86.37911770290845,25.54234809027787],[86.38011664496605,25.542387695312527],[86.38096693250912,25.5407809787327],[86.38031507704056,25.536490885416697],[86.37701280381992,25.532507866753463],[86.37330498589472,25.52914388020838],[86.37207804362038,25.528755425347242]]]}},{"type":"Feature","id":"hydrolakes:1384522","properties":{"Hylak_id":1384522,"Lake_name":"","Country":"India","Continent":"Asia","Poly_src":"SWBD","Lake_type":1,"Grand_id":0,"Lake_area":0.36,"Shore_len":4.73,"Shore_dev":2.23,"Vol_total":0.59,"Vol_res":0.0,"Vol_src":3,"Depth_avg":1.6,"Dis_avg":0.032,"Res_time":212.0,"Elevation":30,"Slope_100":0.43,"Wshd_area":1.4,"Pour_long":87.503125,"Pour_lat":25.529849,"source_id":"hydrolakes:1384522","label":""},"geometry":{"type":"Polygon","coordinates":[[[87.50376736111184,25.530619032118125],[87.50548583984431,25.529400499132123],[87.50503634982704,25.528595106337036],[87.50277777777836,25.52777777777783],[87.49680555555614,25.52916151258688],[87.49487141927142,25.52873969184037],[87.49110649956674,25.528482530382007],[87.48721733941045,25.529573025173704],[87.48374104817759,25.5292936197917],[87.48342285156303,25.52966308593767],[87.48349148220552,25.53051866319447],[87.48955973307358,25.530014105902865],[87.49222222222278,25.53022813585079],[87.49476616753526,25.53002387152776],[87.49648166232714,25.530493164062648],[87.50001681857697,25.530110677083428],[87.50376736111184,25.530619032118125]]]}},{"type":"Feature","id":"hydrolakes:1384531","properties":{"Hylak_id":1384531,"Lake_name":"","Country":"India","Continent":"Asia","Poly_src":"SWBD","Lake_type":1,"Grand_id":0,"Lake_area":0.52,"Shore_len":4.95,"Shore_dev":1.94,"Vol_total":0.95,"Vol_res":0.0,"Vol_src":3,"Depth_avg":1.8,"Dis_avg":2184.147,"Res_time":0.1,"Elevation":34,"Slope_100":0.48,"Wshd_area":82872.8,"Pour_long":86.729787,"Pour_lat":25.526966,"source_id":"hydrolakes:1384531","label":""},"geometry":{"type":"Polygon","coordinates":[[[86.711538085938,25.531815863715337],[86.71411254882878,25.53104465060767],[86.72102905273488,25.531399739583435],[86.72263319227488,25.530960557725734],[86.72409979926283,25.531078559027833],[86.7295148383252,25.528462185329886],[86.7304063585076,25.52692952473967],[86.72972222222273,25.525833333333367],[86.7268824598529,25.526468912760492],[86.72459364149353,25.527926974826414],[86.71940185546924,25.529346788194516],[86.71346191406315,25.529850802951444],[86.70856214735306,25.530808648003642],[86.70820475260467,25.531354980468848],[86.70881713867237,25.53245252821182],[86.711538085938,25.531815863715337]]]}},{"type":"Feature","id":"hydrolakes:1384537","properties":{"Hylak_id":1384537,"Lake_name":"","Country":"India","Continent":"Asia","Poly_src":"SWBD","Lake_type":1,"Grand_id":0,"Lake_area":0.95,"Shore_len":8.48,"Shore_dev":2.45,"Vol_total":2.08,"Vol_res":0.0,"Vol_src":3,"Depth_avg":2.2,"Dis_avg":4.082,"Res_time":5.9,"Elevation":27,"Slope_100":0.57,"Wshd_area":151.8,"Pour_long":87.716889,"Pour_lat":25.521466,"source_id":"hydrolakes:1384537","label":""},"geometry":{"type":"Polygon","coordinates":[[[87.71266927083394,25.526461046007057],[87.71593885633752,25.524075520833435],[87.7167049153652,25.522627766927144],[87.71735215928874,25.520781250000084],[87.71699490017414,25.517562934027808],[87.7179896375875,25.5170366753473],[87.71956678602493,25.51709906684033],[87.72013346354242,25.516028103298765],[87.71916829427153,25.515427788628585],[87.71849609375062,25.515401204427178],[87.71744249132001,25.515770399305723],[87.71079481336864,25.510549045139044],[87.70759548611181,25.50859022352438],[87.70360053168474,25.507232801649366],[87.70333333333406,25.506944444444457],[87.70181423611177,25.50783745659743],[87.70178249783055,25.50863742404522],[87.70736653645889,25.510411241319503],[87.70846679687577,25.511255425347372],[87.71059217665004,25.512258300781355],[87.71501654730963,25.517191026475814],[87.71516520182365,25.520942654079988],[87.71160156250056,25.523675401475714],[87.70432264539983,25.523734266493136],[87.70426052517422,25.525304633246662],[87.70459364149372,25.526010470920312],[87.70674370659788,25.525925021701482],[87.70736762152836,25.526503092448024],[87.70731174045204,25.527911241319543],[87.71266927083394,25.526461046007057]]]}},{"type":"Feature","id":"hydrolakes:1384543","properties":{"Hylak_id":1384543,"Lake_name":"","Country":"India","Continent":"Asia","Poly_src":"SWBD","Lake_type":1,"Grand_id":0,"Lake_area":0.36,"Shore_len":4.33,"Shore_dev":2.02,"Vol_total":0.92,"Vol_res":0.0,"Vol_src":3,"Depth_avg":2.5,"Dis_avg":0.059,"Res_time":179.7,"Elevation":39,"Slope_100":1.03,"Wshd_area":3.9,"Pour_long":86.226042,"Pour_lat":25.518478,"source_id":"hydrolakes:1384543","label":""},"geometry":{"type":"Polygon","coordinates":[[[86.2298532443582,25.528568522135515],[86.22885579427128,25.5268367513022],[86.22667534722262,25.52683810763898],[86.22375786675394,25.52490451388894],[86.2240352376308,25.520735948350932],[86.22481241862044,25.519865993923815],[86.22673556857694,25.519029676649325],[86.22928778754391,25.51863199869814],[86.2291666666672,25.5172222222223],[86.22636081271764,25.51742513020855],[86.22284030490499,25.519619140625025],[86.22164035373311,25.52116753472228],[86.22149468316019,25.523610026041695],[86.22222642686688,25.525979275173654],[86.22541002061672,25.52820312500012],[86.2298532443582,25.528568522135515]]]}},{"type":"Feature","id":"hydrolakes:1384546","properties":{"Hylak_id":1384546,"Lake_name":"","Country":"India","Continent":"Asia","Poly_src":"SWBD","Lake_type":1,"Grand_id":0,"Lake_area":0.23,"Shore_len":2.54,"Shore_dev":1.48,"Vol_total":0.43,"Vol_res":0.0,"Vol_src":3,"Depth_avg":1.9,"Dis_avg":0.076,"Res_time":66.2,"Elevation":29,"Slope_100":0.64,"Wshd_area":2.3,"Pour_long":88.484919,"Pour_lat":25.51468,"source_id":"hydrolakes:1384546","label":""},"geometry":{"type":"Polygon","coordinates":[[[88.48597195095567,25.513337673611204],[88.48555555555629,25.511388888888973],[88.48401204427142,25.511549750434085],[88.48332709418486,25.521242133246574],[88.48550509982698,25.520928276909956],[88.48537760416735,25.51878716362853],[88.48624213324729,25.517549099392397],[88.48597195095567,25.513337673611204]]]}},{"type":"Feature","id":"hydrolakes:1384549","properties":{"Hylak_id":1384549,"Lake_name":"","Country":"India","Continent":"Asia","Poly_src":"SWBD","Lake_type":1,"Grand_id":0,"Lake_area":0.27,"Shore_len":3.11,"Shore_dev":1.68,"Vol_total":0.72,"Vol_res":0.0,"Vol_src":3,"Depth_avg":2.6,"Dis_avg":0.06,"Res_time":138.0,"Elevation":37,"Slope_100":1.23,"Wshd_area":3.7,"Pour_long":86.467455,"Pour_lat":25.511954,"source_id":"hydrolakes:1384549","label":""},"geometry":{"type":"Polygon","coordinates":[[[86.46820949978343,25.511802842882048],[86.46777777777834,25.511111111111347],[86.46647881401958,25.512015516493022],[86.4651254611552,25.513743489583362],[86.46401746961868,25.516239691840326],[86.46376030816015,25.518482530382073],[86.46264919704925,25.520262858072954],[86.46401746961868,25.52153808593755],[86.46672539605078,25.52247612847225],[86.4672082519537,25.521610514323015],[86.46487141927133,25.519715440538278],[86.46721042209265,25.514940049913264],[86.46820949978343,25.511802842882048]]]}},{"type":"Feature","id":"hydrolakes:1384568","properties":{"Hylak_id":1384568,"Lake_name":"","Country":"India","Continent":"Asia","Poly_src":"SWBD","Lake_type":1,"Grand_id":0,"Lake_area":0.84,"Shore_len":9.29,"Shore_dev":2.85,"Vol_total":2.13,"Vol_res":0.0,"Vol_src":3,"Depth_avg":2.5,"Dis_avg":0.471,"Res_time":52.4,"Elevation":37,"Slope_100":0.8,"Wshd_area":28.1,"Pour_long":86.590665,"Pour_lat":25.494021,"source_id":"hydrolakes:1384568","label":""},"geometry":{"type":"Polygon","coordinates":[[[86.61986382378524,25.493191731770935],[86.61786607530439,25.49205891927096],[86.61682413737037,25.49097466362855],[86.6158333333338,25.49055555555566],[86.61263631184949,25.49069146050357],[86.60921034071231,25.491802842882066],[86.60410061306476,25.49114963107644],[86.60146552191907,25.491825086805704],[86.59944783528704,25.492864312066047],[86.59593098958379,25.494127604166692],[86.59430826822972,25.493469509548675],[86.5906004503043,25.4928499348959],[86.58955810546928,25.493206922743184],[86.58958916558203,25.494733344184112],[86.59046413845539,25.495157877604356],[86.59205457899355,25.49512532552086],[86.596178521051,25.496242133246767],[86.59763617621593,25.495136176215397],[86.60010118272646,25.494089626736297],[86.60270277235287,25.49306342230915],[86.60519748263943,25.49257649739593],[86.60975151909776,25.493798556857712],[86.61201605902818,25.493023546007066],[86.6160894097228,25.492525770399425],[86.61899454752648,25.495081380208433],[86.62134765625052,25.495748969184262],[86.62265245225751,25.497947048611195],[86.62266750759608,25.5005707465279],[86.622337646485,25.502181803385554],[86.62236436631991,25.50349202473967],[86.62353719075571,25.503468153211884],[86.62435574001796,25.49967909071188],[86.62430040147626,25.49696885850699],[86.62281765408045,25.495014919705056],[86.61986382378524,25.493191731770935]]]}},{"type":"Feature","id":"hydrolakes:1384588","properties":{"Hylak_id":1384588,"Lake_name":"","Country":"India","Continent":"Asia","Poly_src":"SWBD","Lake_type":1,"Grand_id":0,"Lake_area":0.54,"Shore_len":5.26,"Shore_dev":2.03,"Vol_total":1.25,"Vol_res":0.0,"Vol_src":3,"Depth_avg":2.3,"Dis_avg":0.115,"Res_time":125.4,"Elevation":36,"Slope_100":0.78,"Wshd_area":7.4,"Pour_long":86.400305,"Pour_lat":25.475525,"source_id":"hydrolakes:1384588","label":""},"geometry":{"type":"Polygon","coordinates":[[[86.40415988498319,25.461261393229222],[86.40536309136348,25.461213650173704],[86.40647189670199,25.46180013020836],[86.40762559678876,25.46089084201401],[86.40764784071229,25.460330946180648],[86.40569973415865,25.459300130208533],[86.4038888888893,25.458888888888964],[86.40271308051257,25.45926106770844],[86.39955444335999,25.461539442274443],[86.39903306749193,25.462644314236172],[86.39772989908909,25.46424560546899],[86.39825141059072,25.465231119791724],[86.39817342122456,25.471086154513955],[86.39969468858567,25.476800130208346],[86.40063774956661,25.47565673828126],[86.40151597764816,25.471459418402787],[86.40083333333394,25.470169542100734],[86.4009883626307,25.466260308159804],[86.39986640082526,25.464629991319555],[86.40119032118099,25.461882595486315],[86.40415988498319,25.461261393229222]]]}},{"type":"Feature","id":"hydrolakes:1384596","properties":{"Hylak_id":1384596,"Lake_name":"","Country":"India","Continent":"Asia","Poly_src":"SWBD","Lake_type":1,"Grand_id":0,"Lake_area":0.21,"Shore_len":2.6,"Shore_dev":1.6,"Vol_total":0.31,"Vol_res":0.0,"Vol_src":3,"Depth_avg":1.5,"Dis_avg":0.153,"Res_time":23.5,"Elevation":29,"Slope_100":0.4,"Wshd_area":6.8,"Pour_long":87.419792,"Pour_lat":25.469805,"source_id":"hydrolakes:1384596","label":""},"geometry":{"type":"Polygon","coordinates":[[[87.41956515842094,25.47181749131954],[87.42385064019163,25.467700195312602],[87.42305555555618,25.466388888888957],[87.41858778211872,25.46965793185774],[87.4169924587681,25.46869032118059],[87.41653049045198,25.469505208333374],[87.41764160156305,25.470969509548695],[87.4179139539936,25.471835394965353],[87.41734185112904,25.47294596354169],[87.41736436631999,25.474047580295178],[87.41849446614634,25.474024522569493],[87.41956515842094,25.47181749131954]]]}},{"type":"Feature","id":"hydrolakes:1384598","properties":{"Hylak_id":1384598,"Lake_name":"","Country":"India","Continent":"Asia","Poly_src":"SWBD","Lake_type":1,"Grand_id":0,"Lake_area":0.52,"Shore_len":6.31,"Shore_dev":2.47,"Vol_total":1.11,"Vol_res":0.0,"Vol_src":3,"Depth_avg":2.1,"Dis_avg":0.694,"Res_time":18.5,"Elevation":39,"Slope_100":0.65,"Wshd_area":46.1,"Pour_long":86.310417,"Pour_lat":25.467565,"source_id":"hydrolakes:1384598","label":""},"geometry":{"type":"Polygon","coordinates":[[[86.31792453342058,25.469224717882014],[86.31934068467945,25.467959255642484],[86.31888671875049,25.46712375217021],[86.31686537000911,25.468222384982653],[86.31374213324716,25.46736897786468],[86.3105555555561,25.465833333333364],[86.31013102213586,25.465964355468827],[86.30928453233565,25.466911892361168],[86.3068385145404,25.466766221788248],[86.30545247395884,25.467840169270914],[86.30473822699707,25.46896348741342],[86.30349093967055,25.47007785373262],[86.30193101671074,25.469517957899427],[86.3012578667541,25.469808485243277],[86.30236979166739,25.47124321831609],[86.30237725151954,25.47276963975702],[86.30306111653704,25.47318657769108],[86.30492404513933,25.47174289279525],[86.30639092339453,25.469098036024377],[86.30787231445362,25.468202311198127],[86.30901991102479,25.468697374131978],[86.3078150770404,25.47025200737852],[86.30832831488766,25.47119628906256],[86.30990546332515,25.470094672309244],[86.31040879991383,25.468464355468825],[86.31213921441031,25.468061794704965],[86.31533420138936,25.469441460503504],[86.3168013509121,25.471083441840335],[86.32030002170183,25.47354844835081],[86.32124213324704,25.47303114149321],[86.31792453342058,25.469224717882014]]]}},{"type":"Feature","id":"hydrolakes:1384602","properties":{"Hylak_id":1384602,"Lake_name":"","Country":"India","Continent":"Asia","Poly_src":"SWBD","Lake_type":1,"Grand_id":0,"Lake_area":0.44,"Shore_len":6.09,"Shore_dev":2.6,"Vol_total":0.59,"Vol_res":0.0,"Vol_src":3,"Depth_avg":1.4,"Dis_avg":0.203,"Res_time":33.9,"Elevation":34,"Slope_100":0.27,"Wshd_area":11.0,"Pour_long":86.956287,"Pour_lat":25.464167,"source_id":"hydrolakes:1384602","label":""},"geometry":{"type":"Polygon","coordinates":[[[86.95378336588584,25.451818305121606],[86.95279663085984,25.451181098090387],[86.95010172526094,25.450131835937555],[86.94972222222282,25.44972222222225],[86.94715047200589,25.44988606770835],[86.94128648546058,25.4507733832466],[86.9409775119363,25.452204861111227],[86.94300157335118,25.451781412760567],[86.94458048502673,25.451844075520853],[86.9475001356343,25.451505805121542],[86.95027709961005,25.45161593967015],[86.95306884765677,25.452834201388953],[86.95619113498333,25.45776475694447],[86.95652248806476,25.45995795355907],[86.95514417860295,25.465489095052135],[86.95575032552142,25.46596679687508],[86.95704440646756,25.465282118055597],[86.95762763129386,25.458604329427146],[86.95704684787393,25.45582845052087],[86.95378336588584,25.451818305121606]]]}},{"type":"Feature","id":"hydrolakes:1384603","properties":{"Hylak_id":1384603,"Lake_name":"","Country":"India","Continent":"Asia","Poly_src":"SWBD","Lake_type":1,"Grand_id":0,"Lake_area":0.35,"Shore_len":4.96,"Shore_dev":2.35,"Vol_total":0.51,"Vol_res":0.0,"Vol_src":3,"Depth_avg":1.4,"Dis_avg":0.282,"Res_time":20.9,"Elevation":39,"Slope_100":0.32,"Wshd_area":18.2,"Pour_long":86.421641,"Pour_lat":25.463826,"source_id":"hydrolakes:1384603","label":""},"geometry":{"type":"Polygon","coordinates":[[[86.42179524739635,25.454008789062584],[86.42147691514828,25.450236273871667],[86.41969618055612,25.449582519531475],[86.41666666666708,25.44916666666677],[86.41598253038251,25.449756130642413],[86.41662746853348,25.450742187500055],[86.4188533528652,25.450563422309074],[86.42036580403698,25.451866319444605],[86.42044664171067,25.4528735351563],[86.42010891384592,25.453793131510565],[86.42020982530431,25.455048828125086],[86.4193158637159,25.458050944010438],[86.4203614637591,25.46337076822931],[86.42261094835123,25.466503363715503],[86.42399997287379,25.467013346354236],[86.42406317816915,25.46622531467017],[86.42282579210138,25.46447998046881],[86.42189046224019,25.462599826388953],[86.42098253038233,25.459568684895885],[86.42179524739635,25.454008789062584]]]}},{"type":"Feature","id":"hydrolakes:1384605","properties":{"Hylak_id":1384605,"Lake_name":"","Country":"India","Continent":"Asia","Poly_src":"SWBD","Lake_type":1,"Grand_id":0,"Lake_area":0.41,"Shore_len":5.42,"Shore_dev":2.38,"Vol_total":0.86,"Vol_res":0.0,"Vol_src":3,"Depth_avg":2.1,"Dis_avg":30.667,"Res_time":0.3,"Elevation":30,"Slope_100":0.67,"Wshd_area":1196.7,"Pour_long":87.203502,"Pour_lat":25.460771,"source_id":"hydrolakes:1384605","label":""},"geometry":{"type":"Polygon","coordinates":[[[87.22211710612038,25.449237196180604],[87.22194444444528,25.448055555555754],[87.22094129774354,25.448251410590387],[87.21858398437558,25.451118706597242],[87.21105712890699,25.45720594618058],[87.206029459636,25.45970106336813],[87.20229044596402,25.460223253038237],[87.20153103298668,25.460952690972306],[87.20150797526105,25.46208007812504],[87.20319173177137,25.461525065104354],[87.20568603515687,25.4612201605903],[87.21115044487902,25.458810763889005],[87.21619113498332,25.45556884765631],[87.22211710612038,25.449237196180604]]]}},{"type":"Feature","id":"hydrolakes:1384611","properties":{"Hylak_id":1384611,"Lake_name":"","Country":"India","Continent":"Asia","Poly_src":"SWBD","Lake_type":1,"Grand_id":0,"Lake_area":0.16,"Shore_len":2.34,"Shore_dev":1.65,"Vol_total":0.14,"Vol_res":0.0,"Vol_src":3,"Depth_avg":0.9,"Dis_avg":0.04,"Res_time":40.1,"Elevation":35,"Slope_100":0.15,"Wshd_area":2.3,"Pour_long":86.750694,"Pour_lat":25.457669,"source_id":"hydrolakes:1384611","label":""},"geometry":{"type":"Polygon","coordinates":[[[86.75288452148487,25.459289550781364],[86.75294569227475,25.458528103298704],[86.75220798068625,25.457671983506998],[86.75055555555599,25.456944444444503],[86.74846082899359,25.45771240234376],[86.74542697482718,25.460253634982735],[86.74582343207544,25.46094916449664],[86.74637084960989,25.460993109809124],[86.74914754231838,25.45881863064244],[86.75064927842931,25.45869791666678],[86.75122884114631,25.459736599392443],[86.7511732313373,25.461232638888987],[86.75232733832524,25.461325412326573],[86.75288452148487,25.459289550781364]]]}},{"type":"Feature","id":"hydrolakes:1384614","properties":{"Hylak_id":1384614,"Lake_name":"","Country":"India","Continent":"Asia","Poly_src":"SWBD","Lake_type":1,"Grand_id":0,"Lake_area":0.43,"Shore_len":3.99,"Shore_dev":1.72,"Vol_total":0.68,"Vol_res":0.0,"Vol_src":3,"Depth_avg":1.6,"Dis_avg":0.072,"Res_time":109.7,"Elevation":27,"Slope_100":0.38,"Wshd_area":3.1,"Pour_long":87.530603,"Pour_lat":25.45625,"source_id":"hydrolakes:1384614","label":""},"geometry":{"type":"Polygon","coordinates":[[[87.53320475260472,25.450406358507053],[87.53222222222291,25.44916666666677],[87.53162923177149,25.44934516059027],[87.53036295572969,25.454111599392547],[87.52903808593817,25.455149197048627],[87.528062879775,25.455584309895983],[87.52822998046935,25.457662760416724],[87.52626573350767,25.46080946180564],[87.5268381076396,25.46183512369811],[87.52598253038269,25.4625724283855],[87.52637668185815,25.46311631944451],[87.52890245225763,25.46417968750012],[87.5296009657124,25.46319444444447],[87.5288861762159,25.462186143663303],[87.52984022352479,25.46136420355907],[87.53036268446249,25.459628634982664],[87.53149522569498,25.458182508680636],[87.53140353732698,25.455676812066088],[87.53209364149365,25.454038085937725],[87.53249837239662,25.452256673177146],[87.5334619140632,25.450897623697983],[87.53320475260472,25.450406358507053]]]}},{"type":"Feature","id":"hydrolakes:1384615","properties":{"Hylak_id":1384615,"Lake_name":"","Country":"India","Continent":"Asia","Poly_src":"SWBD","Lake_type":1,"Grand_id":0,"Lake_area":0.16,"Shore_len":2.37,"Shore_dev":1.67,"Vol_total":0.2,"Vol_res":0.0,"Vol_src":3,"Depth_avg":1.3,"Dis_avg":0.005,"Res_time":466.0,"Elevation":29,"Slope_100":0.32,"Wshd_area":0.2,"Pour_long":87.764661,"Pour_lat":25.456111,"source_id":"hydrolakes:1384615","label":""},"geometry":{"type":"Polygon","coordinates":[[[87.76635742187568,25.456140950521046],[87.76527723524373,25.454791937934147],[87.76396484375073,25.454955240885454],[87.76333333333395,25.454166666666765],[87.76265435112902,25.45436089409725],[87.76317898220555,25.455709906684262],[87.76534315321243,25.45811089409733],[87.76631808810822,25.45976915147571],[87.76743381076443,25.462901204427112],[87.76817898220548,25.461285264757123],[87.76771267361198,25.459092610677203],[87.76687255859434,25.457942165798727],[87.76635742187568,25.456140950521046]]]}},{"type":"Feature","id":"hydrolakes:1384616","properties":{"Hylak_id":1384616,"Lake_name":"","Country":"India","Continent":"Asia","Poly_src":"SWBD","Lake_type":1,"Grand_id":0,"Lake_area":0.37,"Shore_len":4.86,"Shore_dev":2.24,"Vol_total":0.44,"Vol_res":0.0,"Vol_src":3,"Depth_avg":1.2,"Dis_avg":1.151,"Res_time":4.4,"Elevation":35,"Slope_100":0.21,"Wshd_area":68.2,"Pour_long":86.758562,"Pour_lat":25.455531,"source_id":"hydrolakes:1384616","label":""},"geometry":{"type":"Polygon","coordinates":[[[86.75901489257859,25.455267198350725],[86.75804416232694,25.45472384982645],[86.75652777777839,25.454569227430625],[86.75485351562565,25.454739854600803],[86.750846489801,25.45309705946198],[86.74987399631141,25.45174587673614],[86.75035685221417,25.450771213107657],[86.75144883897633,25.450659993489694],[86.7540227593322,25.45126464843753],[86.75497450086868,25.45116753472223],[86.75801920572968,25.45207058376741],[86.75870917426278,25.451285807291754],[86.75798217773485,25.450410427517397],[86.75111111111158,25.44916666666677],[86.74911322699711,25.4493052842883],[86.74755574544321,25.451057128906314],[86.74848510742237,25.452348361545262],[86.74882364908905,25.4538750542535],[86.75070732964468,25.454292805989724],[86.75181355794336,25.45508897569465],[86.75382134331647,25.455843370225864],[86.7583959960943,25.456347656250102],[86.75901489257859,25.455267198350725]]]}},{"type":"Feature","id":"hydrolakes:1384621","properties":{"Hylak_id":1384621,"Lake_name":"","Country":"India","Continent":"Asia","Poly_src":"SWBD","Lake_type":1,"Grand_id":0,"Lake_area":0.52,"Shore_len":3.66,"Shore_dev":1.44,"Vol_total":1.09,"Vol_res":0.0,"Vol_src":3,"Depth_avg":2.1,"Dis_avg":0.109,"Res_time":115.4,"Elevation":35,"Slope_100":0.64,"Wshd_area":6.8,"Pour_long":86.533004,"Pour_lat":25.448021,"source_id":"hydrolakes:1384621","label":""},"geometry":{"type":"Polygon","coordinates":[[[86.53841606987896,25.443225097656295],[86.53949829101623,25.442836914062582],[86.54102484809084,25.444019911024384],[86.54171969943638,25.443663194444582],[86.54182766384594,25.441851128472365],[86.5414649793841,25.44049696180565],[86.54138888888951,25.438611111111186],[86.53881700303873,25.439054904513966],[86.53348375108573,25.443417426215433],[86.53348090277842,25.4462567816841],[86.53236897786513,25.447691514757025],[86.53311713324717,25.449553765191013],[86.53390367296072,25.449600694444655],[86.53429768880267,25.448742133246753],[86.53528374566025,25.44811496310774],[86.53780856662377,25.445454915364678],[86.53852932400224,25.445123969184124],[86.53841606987896,25.443225097656295]]]}},{"type":"Feature","id":"hydrolakes:1384622","properties":{"Hylak_id":1384622,"Lake_name":"","Country":"India","Continent":"Asia","Poly_src":"SWBD","Lake_type":1,"Grand_id":0,"Lake_area":0.13,"Shore_len":1.74,"Shore_dev":1.35,"Vol_total":0.16,"Vol_res":0.0,"Vol_src":3,"Depth_avg":1.2,"Dis_avg":0.063,"Res_time":28.7,"Elevation":30,"Slope_100":0.3,"Wshd_area":1.9,"Pour_long":88.609968,"Pour_lat":25.44791,"source_id":"hydrolakes:1384622","label":""},"geometry":{"type":"Polygon","coordinates":[[[88.61070231119851,25.445131022135456],[88.61027777777849,25.444444444444457],[88.60932101779571,25.444739854600755],[88.60899332682351,25.44747775607641],[88.6089374457473,25.451236436632087],[88.61008734809087,25.45130479600698],[88.6107706705738,25.45032660590283],[88.61103678385496,25.445860188802158],[88.61070231119851,25.445131022135456]]]}},{"type":"Feature","id":"hydrolakes:1384626","properties":{"Hylak_id":1384626,"Lake_name":"","Country":"India","Continent":"Asia","Poly_src":"SWBD","Lake_type":1,"Grand_id":0,"Lake_area":0.16,"Shore_len":2.01,"Shore_dev":1.41,"Vol_total":0.15,"Vol_res":0.0,"Vol_src":3,"Depth_avg":0.9,"Dis_avg":0.099,"Res_time":17.4,"Elevation":26,"Slope_100":0.17,"Wshd_area":3.1,"Pour_long":88.524468,"Pour_lat":25.446494,"source_id":"hydrolakes:1384626","label":""},"geometry":{"type":"Polygon","coordinates":[[[88.52542697482698,25.444573025173668],[88.52416666666733,25.443055555555645],[88.52264919704942,25.44321044921884],[88.52299506293457,25.445071614583355],[88.52386501736197,25.44646023220497],[88.5255170355909,25.448377821180713],[88.52795681423697,25.4501285807292],[88.5279269748271,25.44901746961807],[88.52542697482698,25.444573025173668]]]}},{"type":"Feature","id":"hydrolakes:1384629","properties":{"Hylak_id":1384629,"Lake_name":"","Country":"India","Continent":"Asia","Poly_src":"SWBD","Lake_type":1,"Grand_id":0,"Lake_area":0.26,"Shore_len":2.42,"Shore_dev":1.33,"Vol_total":0.46,"Vol_res":0.0,"Vol_src":3,"Depth_avg":1.7,"Dis_avg":0.172,"Res_time":30.7,"Elevation":27,"Slope_100":0.53,"Wshd_area":7.2,"Pour_long":87.565625,"Pour_lat":25.444976,"source_id":"hydrolakes:1384629","label":""},"geometry":{"type":"Polygon","coordinates":[[[87.57004828559087,25.44340847439247],[87.56972222222277,25.44250000000011],[87.5690199110249,25.442631022135515],[87.56773437500067,25.443627387152787],[87.56462700737916,25.444350314670146],[87.56070231119872,25.446544053819537],[87.56147298177137,25.448152669270883],[87.56233100043471,25.448618977864612],[87.56647786458404,25.447043728298695],[87.57004828559087,25.44340847439247]]]}},{"type":"Feature","id":"hydrolakes:1384630","properties":{"Hylak_id":1384630,"Lake_name":"","Country":"Bangladesh","Continent":"Asia","Poly_src":"SWBD","Lake_type":1,"Grand_id":0,"Lake_area":0.36,"Shore_len":4.88,"Shore_dev":2.28,"Vol_total":1.05,"Vol_res":0.0,"Vol_src":3,"Depth_avg":2.9,"Dis_avg":1.345,"Res_time":9.0,"Elevation":25,"Slope_100":1.37,"Wshd_area":38.8,"Pour_long":89.037258,"Pour_lat":25.443866,"source_id":"hydrolakes:1384630","label":""},"geometry":{"type":"Polygon","coordinates":[[[89.04074110243124,25.44511800130232],[89.04291395399372,25.44346950954872],[89.04446234809109,25.443197157118163],[89.04656060112927,25.444619411892404],[89.04881944444526,25.444573296441035],[89.05485839843834,25.438153754340306],[89.05444444444527,25.436944444444578],[89.05247477213612,25.43715820312508],[89.05208604600773,25.438752712673647],[89.0503423394104,25.44109266493058],[89.04892686632024,25.442452528211902],[89.04714680989656,25.44291395399307],[89.04312147352493,25.44169596354169],[89.04172770182362,25.4424140082466],[89.0404505750875,25.443742947048804],[89.0395534939243,25.4440250651042],[89.03708550347295,25.44291341145839],[89.03653049045215,25.442957356770933],[89.03712646484456,25.444698621961834],[89.03855685763955,25.445162760416792],[89.04074110243124,25.44511800130232]]]}},{"type":"Feature","id":"hydrolakes:1384632","properties":{"Hylak_id":1384632,"Lake_name":"","Country":"India","Continent":"Asia","Poly_src":"SWBD","Lake_type":1,"Grand_id":0,"Lake_area":0.56,"Shore_len":7.0,"Shore_dev":2.63,"Vol_total":1.19,"Vol_res":0.0,"Vol_src":3,"Depth_avg":2.1,"Dis_avg":44.557,"Res_time":0.3,"Elevation":33,"Slope_100":0.62,"Wshd_area":1628.1,"Pour_long":87.044832,"Pour_lat":25.440572,"source_id":"hydrolakes:1384632","label":""},"geometry":{"type":"Polygon","coordinates":[[[87.02370985243107,25.458184136284785],[87.02525973849873,25.45697021484392],[87.02786838107704,25.45703152126748],[87.02879828559094,25.45769070095497],[87.02976996527843,25.45761284722232],[87.03406046549532,25.456196831597254],[87.03512139214462,25.456282009548715],[87.03734429253524,25.454714355468866],[87.03969387478367,25.451987304687634],[87.04237141927132,25.44820475260434],[87.04302286783923,25.446744791666674],[87.04400214301273,25.445363769531355],[87.04501912434955,25.443084581163248],[87.04540635850748,25.440961914062598],[87.04600558810813,25.43988769531262],[87.04555555555606,25.439166666666722],[87.04447428385464,25.439660373263905],[87.04036783854218,25.44840413411464],[87.0379988606777,25.45142903645842],[87.03435234917589,25.454570855034888],[87.03309353298658,25.45535942925352],[87.02932834201437,25.45604031032991],[87.02426608615525,25.45573106553826],[87.02292697482693,25.456974012586898],[87.02370985243107,25.458184136284785]]]}},{"type":"Feature","id":"hydrolakes:1384633","properties":{"Hylak_id":1384633,"Lake_name":"","Country":"India","Continent":"Asia","Poly_src":"SWBD","Lake_type":1,"Grand_id":0,"Lake_area":0.26,"Shore_len":2.62,"Shore_dev":1.45,"Vol_total":0.34,"Vol_res":0.0,"Vol_src":3,"Depth_avg":1.3,"Dis_avg":0.066,"Res_time":59.1,"Elevation":30,"Slope_100":0.28,"Wshd_area":2.1,"Pour_long":88.328125,"Pour_lat":25.440699,"source_id":"hydrolakes:1384633","label":""},"geometry":{"type":"Polygon","coordinates":[[[88.31965955946242,25.442017144097292],[88.32929714626806,25.441876627604188],[88.3293524848097,25.44047960069463],[88.32888888888965,25.439722222222315],[88.31820014105966,25.439859483507007],[88.31814615885474,25.441216362847342],[88.31965955946242,25.442017144097292]]]}},{"type":"Feature","id":"hydrolakes:1384641","properties":{"Hylak_id":1384641,"Lake_name":"","Country":"India","Continent":"Asia","Poly_src":"SWBD","Lake_type":1,"Grand_id":0,"Lake_area":0.25,"Shore_len":2.7,"Shore_dev":1.53,"Vol_total":0.32,"Vol_res":0.0,"Vol_src":3,"Depth_avg":1.3,"Dis_avg":0.048,"Res_time":77.7,"Elevation":30,"Slope_100":0.29,"Wshd_area":1.6,"Pour_long":88.295035,"Pour_lat":25.434114,"source_id":"hydrolakes:1384641","label":""},"geometry":{"type":"Polygon","coordinates":[[[88.30477023654572,25.434574110243148],[88.30369249132008,25.43298448350697],[88.30250000000063,25.432500000000175],[88.29799180772648,25.433049045139],[88.29575927734459,25.43259168836829],[88.29306857638954,25.432935655381982],[88.29264160156322,25.43440755208337],[88.29422526041742,25.434921332465365],[88.30477023654572,25.434574110243148]]]}},{"type":"Feature","id":"hydrolakes:1384643","properties":{"Hylak_id":1384643,"Lake_name":"","Country":"India","Continent":"Asia","Poly_src":"SWBD","Lake_type":1,"Grand_id":0,"Lake_area":0.45,"Shore_len":2.53,"Shore_dev":1.06,"Vol_total":1.11,"Vol_res":0.0,"Vol_src":3,"Depth_avg":2.5,"Dis_avg":0.051,"Res_time":252.5,"Elevation":42,"Slope_100":0.91,"Wshd_area":3.7,"Pour_long":86.046352,"Pour_lat":25.432777,"source_id":"hydrolakes:1384643","label":""},"geometry":{"type":"Polygon","coordinates":[[[86.04507229275231,25.438738606770926],[86.04673366970542,25.43747775607642],[86.04752170138937,25.4362760416667],[86.04704230414535,25.435345052083505],[86.04709221733981,25.432898220486265],[86.04611111111154,25.43194444444447],[86.04082221137207,25.4320893012154],[86.0401119656039,25.433516167534776],[86.04051174587732,25.437427842882016],[86.04214192708372,25.438218858507014],[86.04347466362901,25.438191731770928],[86.04507229275231,25.438738606770926]]]}},{"type":"Feature","id":"hydrolakes:1384644","properties":{"Hylak_id":1384644,"Lake_name":"","Country":"India","Continent":"Asia","Poly_src":"SWBD","Lake_type":1,"Grand_id":0,"Lake_area":0.29,"Shore_len":2.58,"Shore_dev":1.35,"Vol_total":0.5,"Vol_res":0.0,"Vol_src":3,"Depth_avg":1.7,"Dis_avg":12.033,"Res_time":0.5,"Elevation":26,"Slope_100":0.5,"Wshd_area":342.2,"Pour_long":88.462072,"Pour_lat":25.432956,"source_id":"hydrolakes:1384644","label":""},"geometry":{"type":"Polygon","coordinates":[[[88.46581271701461,25.43213975694448],[88.46555555555614,25.43138888888899],[88.46375813802143,25.43151963975697],[88.46263617621582,25.432080620659804],[88.46039740668465,25.434053819444557],[88.46042480468822,25.435398763021],[88.46008761935826,25.436714409722242],[88.46041042751813,25.437800564236284],[88.45932400173677,25.439403211805654],[88.4606163194452,25.44013617621539],[88.46209743923674,25.43901204427101],[88.46280002170198,25.436130642361206],[88.46436713324726,25.435103081597276],[88.46533610026103,25.434094509548686],[88.46581271701461,25.43213975694448]]]}},{"type":"Feature","id":"hydrolakes:1384646","properties":{"Hylak_id":1384646,"Lake_name":"","Country":"India","Continent":"Asia","Poly_src":"SWBD","Lake_type":1,"Grand_id":0,"Lake_area":0.18,"Shore_len":2.06,"Shore_dev":1.38,"Vol_total":0.28,"Vol_res":0.0,"Vol_src":3,"Depth_avg":1.6,"Dis_avg":0.784,"Res_time":4.2,"Elevation":26,"Slope_100":0.5,"Wshd_area":28.7,"Pour_long":87.935202,"Pour_lat":25.431879,"source_id":"hydrolakes:1384646","label":""},"geometry":{"type":"Polygon","coordinates":[[[87.93272976345548,25.434536675347317],[87.93404296875059,25.43240831163206],[87.9357223849832,25.433736979166724],[87.9370705837681,25.43244357638895],[87.93604899088609,25.43091796875001],[87.93510579427152,25.43037760416678],[87.93389892578205,25.430500759548636],[87.93250000000063,25.429444444444528],[87.93184244791735,25.42963758680571],[87.93171847873322,25.430855034722242],[87.93225043402845,25.43178439670146],[87.93098497178892,25.432835286458385],[87.93176323784792,25.433983289930666],[87.93272976345548,25.434536675347317]]]}},{"type":"Feature","id":"hydrolakes:1384648","properties":{"Hylak_id":1384648,"Lake_name":"","Country":"India","Continent":"Asia","Poly_src":"SWBD","Lake_type":1,"Grand_id":0,"Lake_area":0.38,"Shore_len":4.04,"Shore_dev":1.86,"Vol_total":0.7,"Vol_res":0.0,"Vol_src":3,"Depth_avg":1.9,"Dis_avg":0.044,"Res_time":184.1,"Elevation":33,"Slope_100":0.54,"Wshd_area":2.7,"Pour_long":86.573262,"Pour_lat":25.431133,"source_id":"hydrolakes:1384648","label":""},"geometry":{"type":"Polygon","coordinates":[[[86.57433675130267,25.426638997395912],[86.573333333334,25.425277777777808],[86.57295518663244,25.425591905381964],[86.572380099827,25.42817491319454],[86.57184068467933,25.432986111111234],[86.57064927842924,25.43538953993061],[86.57073038737042,25.436186523437584],[86.57012600368995,25.438181423611184],[86.56938503689281,25.442348361545214],[86.5712040201829,25.440059678819466],[86.57235772026974,25.439101019965335],[86.57429267035633,25.431514756944637],[86.57508395724892,25.429659288194557],[86.57437038845529,25.4284136284723],[86.57433675130267,25.426638997395912]]]}},{"type":"Feature","id":"hydrolakes:1384649","properties":{"Hylak_id":1384649,"Lake_name":"","Country":"India","Continent":"Asia","Poly_src":"SWBD","Lake_type":1,"Grand_id":0,"Lake_area":0.24,"Shore_len":3.44,"Shore_dev":1.97,"Vol_total":0.31,"Vol_res":0.0,"Vol_src":3,"Depth_avg":1.3,"Dis_avg":0.023,"Res_time":157.9,"Elevation":44,"Slope_100":0.29,"Wshd_area":1.7,"Pour_long":85.615571,"Pour_lat":25.430958,"source_id":"hydrolakes:1384649","label":""},"geometry":{"type":"Polygon","coordinates":[[[85.62631666395453,25.423059895833376],[85.62611111111147,25.422500000000014],[85.62401746961842,25.423461914062557],[85.62256605360301,25.424322916666767],[85.6213553195534,25.425728624131978],[85.61903808593792,25.42737141927097],[85.61739997016099,25.427993164062627],[85.61467631022208,25.43083441840281],[85.61403808593792,25.43197808159732],[85.61483330620723,25.43256293402783],[85.61626030816024,25.431538085937518],[85.61873969184086,25.42929524739594],[85.61950330946229,25.42895453559038],[85.62060058593806,25.427680664062564],[85.6226491970491,25.426260308159783],[85.62375684950126,25.424974500868245],[85.62622836642839,25.424157986111197],[85.62631666395453,25.423059895833376]]]}},{"type":"Feature","id":"hydrolakes:1384652","properties":{"Hylak_id":1384652,"Lake_name":"","Country":"India","Continent":"Asia","Poly_src":"SWBD","Lake_type":1,"Grand_id":0,"Lake_area":0.39,"Shore_len":3.38,"Shore_dev":1.52,"Vol_total":0.75,"Vol_res":0.0,"Vol_src":3,"Depth_avg":1.9,"Dis_avg":0.049,"Res_time":178.0,"Elevation":27,"Slope_100":0.57,"Wshd_area":1.9,"Pour_long":87.729571,"Pour_lat":25.428965,"source_id":"hydrolakes:1384652","label":""},"geometry":{"type":"Polygon","coordinates":[[[87.72679009331671,25.427654079861156],[87.72666666666737,25.427500000000123],[87.72545952691041,25.42770996093759],[87.72534749349035,25.42861056857646],[87.72846354166728,25.431134982638923],[87.73012342665004,25.433209635416688],[87.7322664388027,25.434840494791786],[87.73449978298686,25.438179253472242],[87.73523898654577,25.437694227430768],[87.73660807291742,25.435620659722247],[87.73586398654584,25.434691297743143],[87.73462999132016,25.433703342013985],[87.73308512369846,25.431774088541715],[87.731574707032,25.430856662326562],[87.73004774305628,25.428949652777874],[87.72679009331671,25.427654079861156]]]}},{"type":"Feature","id":"hydrolakes:1384657","properties":{"Hylak_id":1384657,"Lake_name":"","Country":"India","Continent":"Asia","Poly_src":"SWBD","Lake_type":1,"Grand_id":0,"Lake_area":0.67,"Shore_len":6.81,"Shore_dev":2.35,"Vol_total":1.22,"Vol_res":0.0,"Vol_src":3,"Depth_avg":1.8,"Dis_avg":0.124,"Res_time":113.7,"Elevation":28,"Slope_100":0.44,"Wshd_area":5.2,"Pour_long":87.601883,"Pour_lat":25.425896,"source_id":"hydrolakes:1384657","label":""},"geometry":{"type":"Polygon","coordinates":[[[87.59915608724026,25.404455295138916],[87.59888888888946,25.404166666666697],[87.59798719618112,25.404338650173713],[87.59764431423696,25.405422092013964],[87.59681098090329,25.406633029514012],[87.5974235026049,25.408314887152812],[87.602269694011,25.411236436632066],[87.60561659071266,25.41455457899309],[87.60676839192769,25.415098198784733],[87.60762613932371,25.416344401041783],[87.60765272352484,25.417017144097258],[87.60713840060822,25.418642035590437],[87.60493164062558,25.42257161458349],[87.60045355902844,25.42588704427095],[87.59994167751825,25.427347547743068],[87.60124511718806,25.427399631076526],[87.6061805555562,25.422700737847265],[87.60829481336873,25.419628363715276],[87.60916476779585,25.41630750868063],[87.60689425998333,25.41334635416689],[87.60547498915003,25.41049045138891],[87.60192626953193,25.406837022569448],[87.60079454210154,25.40647840711813],[87.6003705512158,25.405580512152824],[87.59915608724026,25.404455295138916]]]}},{"type":"Feature","id":"hydrolakes:1384658","properties":{"Hylak_id":1384658,"Lake_name":"","Country":"India","Continent":"Asia","Poly_src":"SWBD","Lake_type":1,"Grand_id":0,"Lake_area":0.18,"Shore_len":2.45,"Shore_dev":1.64,"Vol_total":0.28,"Vol_res":0.0,"Vol_src":3,"Depth_avg":1.6,"Dis_avg":2260.289,"Res_time":0.1,"Elevation":33,"Slope_100":0.48,"Wshd_area":86634.3,"Pour_long":87.051084,"Pour_lat":25.424691,"source_id":"hydrolakes:1384658","label":""},"geometry":{"type":"Polygon","coordinates":[[[87.05151991102485,25.4243131510417],[87.05138888888945,25.424166666666736],[87.0501631673182,25.424545355902865],[87.04944756401972,25.42758246527785],[87.04899712456665,25.428563910590356],[87.04764675564292,25.430979817708533],[87.04654405382001,25.43240288628482],[87.04839450412396,25.433315429687525],[87.04926500108564,25.431004231770885],[87.05042453342082,25.429590928819493],[87.05098917643278,25.42754123263893],[87.0524011230475,25.4251009114584],[87.05151991102485,25.4243131510417]]]}},{"type":"Feature","id":"hydrolakes:1384659","properties":{"Hylak_id":1384659,"Lake_name":"","Country":"India","Continent":"Asia","Poly_src":"SWBD","Lake_type":1,"Grand_id":0,"Lake_area":0.15,"Shore_len":2.19,"Shore_dev":1.61,"Vol_total":0.17,"Vol_res":0.0,"Vol_src":3,"Depth_avg":1.2,"Dis_avg":0.119,"Res_time":17.0,"Elevation":29,"Slope_100":0.28,"Wshd_area":3.9,"Pour_long":88.314479,"Pour_lat":25.424277,"source_id":"hydrolakes:1384659","label":""},"geometry":{"type":"Polygon","coordinates":[[[88.31542860243133,25.424019639756978],[88.31500000000062,25.423333333333346],[88.31334906684089,25.423830295139055],[88.31422390408056,25.427594401041745],[88.31418511284795,25.430386827256996],[88.31463134765687,25.432350802951476],[88.31555555555616,25.431729600694496],[88.31574110243122,25.429420030382005],[88.31542860243133,25.424019639756978]]]}},{"type":"Feature","id":"hydrolakes:1384661","properties":{"Hylak_id":1384661,"Lake_name":"","Country":"India","Continent":"Asia","Poly_src":"SWBD","Lake_type":1,"Grand_id":0,"Lake_area":0.2,"Shore_len":2.57,"Shore_dev":1.6,"Vol_total":0.35,"Vol_res":0.0,"Vol_src":3,"Depth_avg":1.7,"Dis_avg":0.05,"Res_time":81.8,"Elevation":32,"Slope_100":0.56,"Wshd_area":3.1,"Pour_long":86.58277,"Pour_lat":25.423058,"source_id":"hydrolakes:1384661","label":""},"geometry":{"type":"Polygon","coordinates":[[[86.58453450520886,25.42412163628495],[86.58472222222275,25.421111111111145],[86.5834903971359,25.421276041666715],[86.58174804687565,25.422075737847308],[86.58348008897633,25.426797960069678],[86.58408596462726,25.429402126736136],[86.58559909396763,25.43124240451391],[86.58594577365494,25.428494466145878],[86.58496500651097,25.426136067708455],[86.58453450520886,25.42412163628495]]]}},{"type":"Feature","id":"hydrolakes:1384662","properties":{"Hylak_id":1384662,"Lake_name":"","Country":"India","Continent":"Asia","Poly_src":"SWBD","Lake_type":1,"Grand_id":0,"Lake_area":0.39,"Shore_len":3.36,"Shore_dev":1.52,"Vol_total":0.78,"Vol_res":0.0,"Vol_src":3,"Depth_avg":2.0,"Dis_avg":0.712,"Res_time":12.6,"Elevation":26,"Slope_100":0.63,"Wshd_area":26.6,"Pour_long":87.889351,"Pour_lat":25.42329,"source_id":"hydrolakes:1384662","label":""},"geometry":{"type":"Polygon","coordinates":[[[87.88984564887215,25.421265190972292],[87.8897222222231,25.421111111111145],[87.88819254557359,25.422267795138907],[87.88789849175419,25.423958333333417],[87.88679009331668,25.424845920138978],[87.88543212890687,25.426953125000068],[87.885800238716,25.427584092882114],[87.8870678710943,25.428599175347244],[87.88677490234437,25.430115017361118],[87.88570990668472,25.431572808159785],[87.8869742838549,25.43316351996532],[87.88758789062564,25.433240017361186],[87.88845675998317,25.431512586805695],[87.88932101779568,25.43043185763895],[87.88969807942783,25.428263888889035],[87.89087727864643,25.426258138020955],[87.88932101779568,25.425011935763962],[87.89012342665,25.42429036458344],[87.89123453776091,25.423972439236138],[87.89067057291726,25.42192599826393],[87.88984564887215,25.421265190972292]]]}},{"type":"Feature","id":"hydrolakes:1384663","properties":{"Hylak_id":1384663,"Lake_name":"","Country":"India","Continent":"Asia","Poly_src":"SWBD","Lake_type":1,"Grand_id":0,"Lake_area":0.19,"Shore_len":1.66,"Shore_dev":1.09,"Vol_total":0.3,"Vol_res":0.0,"Vol_src":3,"Depth_avg":1.6,"Dis_avg":0.025,"Res_time":138.2,"Elevation":26,"Slope_100":0.5,"Wshd_area":0.8,"Pour_long":88.505552,"Pour_lat":25.423334,"source_id":"hydrolakes:1384663","label":""},"geometry":{"type":"Polygon","coordinates":[[[88.50699435763966,25.422843424479368],[88.50555555555627,25.421111111111145],[88.50448052300413,25.421435004340367],[88.50293809678897,25.422763671875032],[88.50348253038254,25.423739691840296],[88.50384765625057,25.42574055989587],[88.50475613064299,25.426795247395944],[88.50636230468814,25.426458333333414],[88.50735080295226,25.425064561631984],[88.50699435763966,25.422843424479368]]]}},{"type":"Feature","id":"hydrolakes:1384667","properties":{"Hylak_id":1384667,"Lake_name":"","Country":"India","Continent":"Asia","Poly_src":"SWBD","Lake_type":1,"Grand_id":0,"Lake_area":0.42,"Shore_len":4.31,"Shore_dev":1.88,"Vol_total":0.68,"Vol_res":0.0,"Vol_src":3,"Depth_avg":1.6,"Dis_avg":2293.406,"Res_time":0.1,"Elevation":30,"Slope_100":0.39,"Wshd_area":88178.6,"Pour_long":87.241074,"Pour_lat":25.420764,"source_id":"hydrolakes:1384667","label":""},"geometry":{"type":"Polygon","coordinates":[[[87.24259345160652,25.4255756293403],[87.24484578450586,25.4243017578126],[87.24377020941904,25.423708767361234],[87.24221354166724,25.424845920138978],[87.23990329318627,25.423950195312614],[87.23974826388951,25.422703450520885],[87.24129774305624,25.4221077473959],[87.24429022895026,25.422479926215374],[87.24386908637223,25.42130425347227],[87.24166666666736,25.420555555555666],[87.23859063042596,25.421276041666715],[87.2375349934901,25.423142903645896],[87.23492187500062,25.424506293403],[87.23300496419336,25.42505425347224],[87.23154310438423,25.427055664062607],[87.23249701605954,25.427437065972356],[87.23345689561683,25.42706814236118],[87.23820977105089,25.426820746527824],[87.24040134006151,25.42595703125005],[87.24259345160652,25.4255756293403]]]}},{"type":"Feature","id":"hydrolakes:1384670","properties":{"Hylak_id":1384670,"Lake_name":"","Country":"India","Continent":"Asia","Poly_src":"SWBD","Lake_type":1,"Grand_id":0,"Lake_area":0.19,"Shore_len":2.61,"Shore_dev":1.68,"Vol_total":0.26,"Vol_res":0.0,"Vol_src":3,"Depth_avg":1.3,"Dis_avg":0.054,"Res_time":55.2,"Elevation":27,"Slope_100":0.35,"Wshd_area":2.3,"Pour_long":87.563542,"Pour_lat":25.419427,"source_id":"hydrolakes:1384670","label":""},"geometry":{"type":"Polygon","coordinates":[[[87.56844753689296,25.420308702257046],[87.56862358941044,25.418114691840287],[87.56766954210121,25.41700737847225],[87.56662082248323,25.418682183159888],[87.56571451822975,25.419187825520908],[87.56367784288267,25.418574218750052],[87.56136827257012,25.417242838541767],[87.56055555555616,25.415833333333353],[87.55959364149373,25.416661783854295],[87.56014811197969,25.41768554687502],[87.56351318359452,25.420352647569587],[87.56593234592083,25.420879991319453],[87.56844753689296,25.420308702257046]]]}},{"type":"Feature","id":"hydrolakes:1384672","properties":{"Hylak_id":1384672,"Lake_name":"","Country":"India","Continent":"Asia","Poly_src":"SWBD","Lake_type":1,"Grand_id":0,"Lake_area":0.26,"Shore_len":3.82,"Shore_dev":2.11,"Vol_total":0.32,"Vol_res":0.0,"Vol_src":3,"Depth_avg":1.2,"Dis_avg":0.015,"Res_time":245.5,"Elevation":30,"Slope_100":0.25,"Wshd_area":0.8,"Pour_long":87.221072,"Pour_lat":25.417012,"source_id":"hydrolakes:1384672","label":""},"geometry":{"type":"Polygon","coordinates":[[[87.21974636501807,25.42225206163198],[87.22123942057362,25.42156684027782],[87.22127305772625,25.42100097656254],[87.22042453342073,25.41896104600704],[87.22068657769142,25.417909071180645],[87.22151991102498,25.41671603732658],[87.2208536783861,25.41578884548619],[87.21792453342067,25.41318684895856],[87.21416666666744,25.41138888888895],[87.213492974176,25.411596679687648],[87.21343288845543,25.412605251736125],[87.21449788411519,25.413184136284826],[87.21651557074728,25.413653428819543],[87.21977851020029,25.416569010416822],[87.21922593858557,25.418108723958426],[87.21932861328179,25.419831814236204],[87.21848008897626,25.420424262152892],[87.21625786675418,25.420770941840317],[87.2170202636724,25.42185058593759],[87.2183987087679,25.42176866319454],[87.21974636501807,25.42225206163198]]]}},{"type":"Feature","id":"hydrolakes:1384677","properties":{"Hylak_id":1384677,"Lake_name":"","Country":"India","Continent":"Asia","Poly_src":"SWBD","Lake_type":1,"Grand_id":0,"Lake_area":0.15,"Shore_len":2.28,"Shore_dev":1.65,"Vol_total":0.17,"Vol_res":0.0,"Vol_src":3,"Depth_avg":1.1,"Dis_avg":0.007,"Res_time":279.5,"Elevation":34,"Slope_100":0.25,"Wshd_area":0.4,"Pour_long":87.005642,"Pour_lat":25.410364,"source_id":"hydrolakes:1384677","label":""},"geometry":{"type":"Polygon","coordinates":[[[87.00512858072972,25.405149197048672],[87.00500000000068,25.405000000000086],[87.00460028754401,25.405344509548684],[87.00452989366369,25.406220160590408],[87.00492852105094,25.40916069878483],[87.00493760850753,25.411507161458474],[87.00403808593802,25.41416178385424],[87.00497151692753,25.414430338541706],[87.00582112630275,25.41369845920144],[87.00627441406306,25.412042100694578],[87.00656561957516,25.408416883680786],[87.00599229600755,25.40589355468751],[87.00512858072972,25.405149197048672]]]}},{"type":"Feature","id":"hydrolakes:1384678","properties":{"Hylak_id":1384678,"Lake_name":"","Country":"India","Continent":"Asia","Poly_src":"SWBD","Lake_type":1,"Grand_id":0,"Lake_area":0.16,"Shore_len":2.02,"Shore_dev":1.45,"Vol_total":0.34,"Vol_res":0.0,"Vol_src":3,"Depth_avg":2.2,"Dis_avg":0.175,"Res_time":22.7,"Elevation":31,"Slope_100":1.01,"Wshd_area":9.3,"Pour_long":87.076394,"Pour_lat":25.409688,"source_id":"hydrolakes:1384678","label":""},"geometry":{"type":"Polygon","coordinates":[[[87.07607530382006,25.40392469618064],[87.075833333334,25.403611111111218],[87.07515679253538,25.404133572048636],[87.0753987630215,25.404879014757057],[87.07623209635466,25.406003146701494],[87.07588433159788,25.40798014322928],[87.07497829861177,25.40920247395843],[87.07553629557339,25.41120605468751],[87.07638170030452,25.411330837673688],[87.07776041666722,25.4102669270834],[87.07757161458386,25.40898925781272],[87.0780320909293,25.406593424479354],[87.07755777994845,25.405434570312536],[87.07607530382006,25.40392469618064]]]}},{"type":"Feature","id":"hydrolakes:1384681","properties":{"Hylak_id":1384681,"Lake_name":"","Country":"India","Continent":"Asia","Poly_src":"SWBD","Lake_type":1,"Grand_id":0,"Lake_area":0.14,"Shore_len":2.09,"Shore_dev":1.58,"Vol_total":0.17,"Vol_res":0.0,"Vol_src":3,"Depth_avg":1.2,"Dis_avg":52.2,"Res_time":0.1,"Elevation":27,"Slope_100":0.31,"Wshd_area":1905.8,"Pour_long":87.576532,"Pour_lat":25.406596,"source_id":"hydrolakes:1384681","label":""},"geometry":{"type":"Polygon","coordinates":[[[87.576519911025,25.404590928819516],[87.5763888888896,25.40444444444455],[87.57576416015695,25.404637586805563],[87.57526231553891,25.4065109592014],[87.5782926432297,25.411666666666804],[87.57967312283046,25.412631293402853],[87.5794913736986,25.410783962673634],[87.57827392578184,25.40904079861116],[87.57681342230961,25.40485351562512],[87.576519911025,25.404590928819516]]]}},{"type":"Feature","id":"hydrolakes:1384682","properties":{"Hylak_id":1384682,"Lake_name":"","Country":"Bangladesh","Continent":"Asia","Poly_src":"SWBD","Lake_type":1,"Grand_id":0,"Lake_area":0.32,"Shore_len":2.87,"Shore_dev":1.44,"Vol_total":0.79,"Vol_res":0.0,"Vol_src":3,"Depth_avg":2.5,"Dis_avg":0.061,"Res_time":149.6,"Elevation":20,"Slope_100":1.06,"Wshd_area":1.7,"Pour_long":89.311725,"Pour_lat":25.406968,"source_id":"hydrolakes:1384682","label":""},"geometry":{"type":"Polygon","coordinates":[[[89.32067925347303,25.409912651909735],[89.32074652777845,25.409072808159806],[89.3201044379349,25.408714735243166],[89.31633870442778,25.40908528645849],[89.31525309244876,25.40793782552089],[89.31429524739667,25.407649197048727],[89.31166666666735,25.40555555555568],[89.3109928385424,25.40575846354176],[89.31012125651125,25.4077115885417],[89.30931586371605,25.40840549045157],[89.30976264105982,25.409021809895933],[89.31235758463629,25.409495442708362],[89.31486545138961,25.411060655382016],[89.31790500217079,25.41130479600696],[89.32067925347303,25.409912651909735]]]}},{"type":"Feature","id":"hydrolakes:1384683","properties":{"Hylak_id":1384683,"Lake_name":"","Country":"India","Continent":"Asia","Poly_src":"SWBD","Lake_type":1,"Grand_id":0,"Lake_area":0.1,"Shore_len":1.54,"Shore_dev":1.34,"Vol_total":0.13,"Vol_res":0.0,"Vol_src":3,"Depth_avg":1.2,"Dis_avg":0.267,"Res_time":5.6,"Elevation":45,"Slope_100":0.35,"Wshd_area":19.2,"Pour_long":86.032093,"Pour_lat":25.406066,"source_id":"hydrolakes:1384683","label":""},"geometry":{"type":"Polygon","coordinates":[[[86.03210123697977,25.40289876302097],[86.0316666666672,25.402222222222235],[86.0307383219407,25.40248046875007],[86.03062737358994,25.403231879340353],[86.03172804090758,25.40816243489604],[86.03255574544318,25.408285047743107],[86.03317654079905,25.40725531684035],[86.03293457031293,25.405398763020855],[86.03210123697977,25.40289876302097]]]}},{"type":"Feature","id":"hydrolakes:1384684","properties":{"Hylak_id":1384684,"Lake_name":"","Country":"India","Continent":"Asia","Poly_src":"SWBD","Lake_type":1,"Grand_id":0,"Lake_area":0.17,"Shore_len":1.75,"Shore_dev":1.2,"Vol_total":0.24,"Vol_res":0.0,"Vol_src":3,"Depth_avg":1.4,"Dis_avg":0.259,"Res_time":10.6,"Elevation":45,"Slope_100":0.38,"Wshd_area":18.6,"Pour_long":86.035837,"Pour_lat":25.405894,"source_id":"hydrolakes:1384684","label":""},"geometry":{"type":"Polygon","coordinates":[[[86.0354088677305,25.401813151041722],[86.03527777777816,25.401666666666756],[86.03376715766115,25.402297092013953],[86.03482916937992,25.407616644965287],[86.03582343207529,25.40797363281257],[86.03706163194494,25.407405056423727],[86.03752916124188,25.40565917968769],[86.0364868842235,25.40374131944452],[86.03656717936241,25.40239474826393],[86.0354088677305,25.401813151041722]]]}},{"type":"Feature","id":"hydrolakes:1384686","properties":{"Hylak_id":1384686,"Lake_name":"","Country":"India","Continent":"Asia","Poly_src":"SWBD","Lake_type":1,"Grand_id":0,"Lake_area":0.16,"Shore_len":2.02,"Shore_dev":1.42,"Vol_total":0.21,"Vol_res":0.0,"Vol_src":3,"Depth_avg":1.3,"Dis_avg":0.049,"Res_time":48.6,"Elevation":26,"Slope_100":0.33,"Wshd_area":1.9,"Pour_long":87.782626,"Pour_lat":25.404366,"source_id":"hydrolakes:1384686","label":""},"geometry":{"type":"Polygon","coordinates":[[[87.78606526692784,25.39800835503479],[87.78583333333404,25.396944444444557],[87.78462972005275,25.39730685763908],[87.7834545898445,25.39965603298623],[87.78211724175418,25.400808376736222],[87.78177110460126,25.40336154513892],[87.78230957031315,25.4045681423612],[87.78294623480957,25.404619140625073],[87.78346191406303,25.40290635850704],[87.78494113498317,25.40111816406261],[87.78606526692784,25.39800835503479]]]}},{"type":"Feature","id":"hydrolakes:1384687","properties":{"Hylak_id":1384687,"Lake_name":"","Country":"India","Continent":"Asia","Poly_src":"SWBD","Lake_type":1,"Grand_id":0,"Lake_area":0.12,"Shore_len":1.47,"Shore_dev":1.18,"Vol_total":0.19,"Vol_res":0.0,"Vol_src":3,"Depth_avg":1.5,"Dis_avg":0.442,"Res_time":5.0,"Elevation":27,"Slope_100":0.52,"Wshd_area":17.3,"Pour_long":87.771311,"Pour_lat":25.403548,"source_id":"hydrolakes:1384687","label":""},"geometry":{"type":"Polygon","coordinates":[[[87.7704012044278,25.401820746527846],[87.77027777777846,25.401666666666756],[87.7700713433166,25.401832139757005],[87.76916937934095,25.403066406250048],[87.77006401909796,25.40619574652783],[87.77208468967075,25.407068142361084],[87.7727992079,25.406462673611145],[87.7720439995665,25.403821072048743],[87.7704012044278,25.401820746527846]]]}},{"type":"Feature","id":"hydrolakes:1384691","properties":{"Hylak_id":1384691,"Lake_name":"","Country":"India","Continent":"Asia","Poly_src":"SWBD","Lake_type":1,"Grand_id":0,"Lake_area":0.26,"Shore_len":2.75,"Shore_dev":1.51,"Vol_total":0.49,"Vol_res":0.0,"Vol_src":3,"Depth_avg":1.9,"Dis_avg":0.061,"Res_time":93.7,"Elevation":28,"Slope_100":0.62,"Wshd_area":1.9,"Pour_long":88.532142,"Pour_lat":25.400117,"source_id":"hydrolakes:1384691","label":""},"geometry":{"type":"Polygon","coordinates":[[[88.53015489366379,25.397938910590312],[88.5300000000006,25.397777777777833],[88.52854926215355,25.397980143229233],[88.5279199218756,25.399819335937536],[88.53680826822978,25.40069173177085],[88.5389092339417,25.401121961805586],[88.54013617621587,25.39950520833338],[88.53853949652853,25.398811848958417],[88.53015489366379,25.397938910590312]]]}},{"type":"Feature","id":"hydrolakes:1384692","properties":{"Hylak_id":1384692,"Lake_name":"","Country":"India","Continent":"Asia","Poly_src":"SWBD","Lake_type":1,"Grand_id":0,"Lake_area":0.45,"Shore_len":6.68,"Shore_dev":2.82,"Vol_total":0.66,"Vol_res":0.0,"Vol_src":3,"Depth_avg":1.5,"Dis_avg":0.823,"Res_time":9.3,"Elevation":43,"Slope_100":0.32,"Wshd_area":62.8,"Pour_long":85.782567,"Pour_lat":25.399706,"source_id":"hydrolakes:1384692","label":""},"geometry":{"type":"Polygon","coordinates":[[[85.77500359429303,25.404351128472285],[85.77578640408035,25.404001736111184],[85.7780047607427,25.40417968750006],[85.77908582899346,25.403413628472265],[85.77978963216191,25.401075846354217],[85.78387708875925,25.40014919704862],[85.78480360243094,25.401628689236134],[85.78605597602035,25.402350802951446],[85.78818413628528,25.400684136284838],[85.79161139594231,25.399612087673802],[85.79984395345105,25.40113281250001],[85.79922865125917,25.40002983940974],[85.79637708875924,25.39875759548613],[85.79420898437542,25.39842719184037],[85.79388888888928,25.398055555555686],[85.79221815321222,25.398538953993125],[85.7912459988068,25.398460828993166],[85.78842881944485,25.398971354166747],[85.78557305230078,25.400564778645844],[85.78403625488323,25.399293619791706],[85.78214111328185,25.399446072048704],[85.77849073622019,25.400526258680657],[85.77820475260467,25.40209364149308],[85.77755954318627,25.40300347222228],[85.7753500705299,25.40237141927105],[85.77428873697966,25.403603515625093],[85.77284688313853,25.404686957465287],[85.77293219672356,25.40574924045154],[85.77386366102485,25.405674370659767],[85.77500359429303,25.404351128472285]]]}},{"type":"Feature","id":"hydrolakes:1384693","properties":{"Hylak_id":1384693,"Lake_name":"","Country":"India","Continent":"Asia","Poly_src":"SWBD","Lake_type":1,"Grand_id":0,"Lake_area":0.26,"Shore_len":2.65,"Shore_dev":1.46,"Vol_total":0.56,"Vol_res":0.0,"Vol_src":3,"Depth_avg":2.1,"Dis_avg":0.031,"Res_time":208.3,"Elevation":27,"Slope_100":0.81,"Wshd_area":1.0,"Pour_long":88.545198,"Pour_lat":25.397926,"source_id":"hydrolakes:1384693","label":""},"geometry":{"type":"Polygon","coordinates":[[[88.5473765733513,25.393179253472397],[88.54694444444505,25.39250000000004],[88.54543457031315,25.39264756944459],[88.54486409505267,25.394131944444553],[88.544479709202,25.39722222222224],[88.54470594618118,25.399041883680695],[88.54413492838609,25.400527343750014],[88.54387668185831,25.40260308159725],[88.54556749132018,25.402813042534774],[88.5464293077265,25.401347113715303],[88.54679009331676,25.3976236979168],[88.54710177951455,25.39709309895835],[88.54701280382017,25.39637803819454],[88.54762342664998,25.394789496527892],[88.5473765733513,25.393179253472397]]]}},{"type":"Feature","id":"hydrolakes:1384696","properties":{"Hylak_id":1384696,"Lake_name":"","Country":"India","Continent":"Asia","Poly_src":"SWBD","Lake_type":1,"Grand_id":0,"Lake_area":0.13,"Shore_len":1.69,"Shore_dev":1.34,"Vol_total":0.17,"Vol_res":0.0,"Vol_src":3,"Depth_avg":1.4,"Dis_avg":52.27,"Res_time":0.1,"Elevation":28,"Slope_100":0.42,"Wshd_area":1909.1,"Pour_long":87.571558,"Pour_lat":25.397393,"source_id":"hydrolakes:1384696","label":""},"geometry":{"type":"Polygon","coordinates":[[[87.56716796875054,25.398454318576455],[87.5699376085077,25.397812500000043],[87.57153808593813,25.398441840277997],[87.5733374023443,25.397356228298634],[87.57373209635472,25.39669650607641],[87.5730555555561,25.396111111111225],[87.57129503038266,25.396400282118066],[87.56944444444514,25.396126844618095],[87.56826144748334,25.396301540798618],[87.56654568142426,25.39760362413199],[87.56716796875054,25.398454318576455]]]}},{"type":"Feature","id":"hydrolakes:1384702","properties":{"Hylak_id":1384702,"Lake_name":"","Country":"India","Continent":"Asia","Poly_src":"SWBD","Lake_type":1,"Grand_id":0,"Lake_area":0.26,"Shore_len":3.75,"Shore_dev":2.06,"Vol_total":0.28,"Vol_res":0.0,"Vol_src":3,"Depth_avg":1.1,"Dis_avg":0.19,"Res_time":17.0,"Elevation":34,"Slope_100":0.19,"Wshd_area":9.9,"Pour_long":87.167345,"Pour_lat":25.392469,"source_id":"hydrolakes:1384702","label":""},"geometry":{"type":"Polygon","coordinates":[[[87.16965454101609,25.37864095052089],[87.16944444444505,25.37805555555559],[87.16821560329919,25.37821994357654],[87.16707560221408,25.379238281250082],[87.16620781792597,25.381324869791854],[87.16586222330778,25.389623480902856],[87.16657931857708,25.39134711371537],[87.16712036132878,25.3936724175349],[87.16790513780433,25.3929714626737],[87.16793660481818,25.39244411892372],[87.16703626844668,25.38603678385425],[87.16764160156299,25.384922417534767],[87.16792399088604,25.381914605034808],[87.16965454101609,25.37864095052089]]]}},{"type":"Feature","id":"hydrolakes:1384703","properties":{"Hylak_id":1384703,"Lake_name":"","Country":"Bangladesh","Continent":"Asia","Poly_src":"SWBD","Lake_type":1,"Grand_id":0,"Lake_area":0.47,"Shore_len":2.81,"Shore_dev":1.16,"Vol_total":0.99,"Vol_res":0.0,"Vol_src":3,"Depth_avg":2.1,"Dis_avg":2.112,"Res_time":5.4,"Elevation":18,"Slope_100":0.67,"Wshd_area":60.7,"Pour_long":89.306332,"Pour_lat":25.391325,"source_id":"hydrolakes:1384703","label":""},"geometry":{"type":"Polygon","coordinates":[[[89.30707790798687,25.39097764756957],[89.30694444444515,25.390833333333546],[89.30516221788275,25.391076931423754],[89.30514973958418,25.39332573784725],[89.30264431423689,25.396592881944514],[89.30435194227499,25.39814615885433],[89.306663411459,25.398696289062514],[89.30851372612926,25.400115017361088],[89.31070312500066,25.39708441840287],[89.31014431423677,25.39513346354164],[89.30902235243121,25.393755425347308],[89.30866400824732,25.39262315538201],[89.30707790798687,25.39097764756957]]]}},{"type":"Feature","id":"hydrolakes:1384709","properties":{"Hylak_id":1384709,"Lake_name":"","Country":"India","Continent":"Asia","Poly_src":"SWBD","Lake_type":1,"Grand_id":0,"Lake_area":0.28,"Shore_len":3.54,"Shore_dev":1.88,"Vol_total":0.47,"Vol_res":0.0,"Vol_src":3,"Depth_avg":1.7,"Dis_avg":0.027,"Res_time":199.8,"Elevation":44,"Slope_100":0.48,"Wshd_area":1.9,"Pour_long":86.107921,"Pour_lat":25.387368,"source_id":"hydrolakes:1384709","label":""},"geometry":{"type":"Polygon","coordinates":[[[86.11932712131119,25.38508409288204],[86.11929402669313,25.384528537326446],[86.1186111111117,25.383888888888976],[86.11703470865962,25.38462185329871],[86.11563978407179,25.38459472656251],[86.11346082899365,25.38677137586825],[86.10784918891102,25.387210828993148],[86.10375779893712,25.389065755208435],[86.10519748263931,25.389726562500073],[86.10734551323844,25.389150933159783],[86.11228847927583,25.388572048611252],[86.11497585720525,25.387111545138907],[86.1174782986115,25.386375325520874],[86.11932712131119,25.38508409288204]]]}},{"type":"Feature","id":"hydrolakes:1384711","properties":{"Hylak_id":1384711,"Lake_name":"","Country":"India","Continent":"Asia","Poly_src":"SWBD","Lake_type":1,"Grand_id":0,"Lake_area":0.43,"Shore_len":5.75,"Shore_dev":2.47,"Vol_total":0.81,"Vol_res":0.0,"Vol_src":3,"Depth_avg":1.9,"Dis_avg":1.38,"Res_time":6.8,"Elevation":34,"Slope_100":0.53,"Wshd_area":81.5,"Pour_long":86.842139,"Pour_lat":25.386432,"source_id":"hydrolakes:1384711","label":""},"geometry":{"type":"Polygon","coordinates":[[[86.82324449327308,25.373250868055777],[86.8225000000005,25.372222222222376],[86.82181084526974,25.37286078559032],[86.8225808376742,25.375438910590447],[86.82382419162383,25.377364366319455],[86.82535902235298,25.379020724826603],[86.82694471571244,25.37939832899309],[86.83199720594689,25.381737196180666],[86.837143554688,25.384929470486156],[86.84113403320367,25.386768663194516],[86.84337551540847,25.387355685763964],[86.84355740017412,25.38638400607647],[86.84124050564282,25.38548177083345],[86.83735582139803,25.383199869791724],[86.83574395073839,25.381963975694646],[86.83119316948836,25.380040147569503],[86.82964016384602,25.378848741319587],[86.82778184678887,25.37826063368078],[86.82591606987893,25.37705566406254],[86.8242447916673,25.37537055121544],[86.82324449327308,25.373250868055777]]]}},{"type":"Feature","id":"hydrolakes:1384715","properties":{"Hylak_id":1384715,"Lake_name":"","Country":"India","Continent":"Asia","Poly_src":"SWBD","Lake_type":1,"Grand_id":0,"Lake_area":0.45,"Shore_len":4.37,"Shore_dev":1.83,"Vol_total":0.78,"Vol_res":0.0,"Vol_src":3,"Depth_avg":1.7,"Dis_avg":0.167,"Res_time":54.2,"Elevation":28,"Slope_100":0.44,"Wshd_area":7.2,"Pour_long":87.588542,"Pour_lat":25.380099,"source_id":"hydrolakes:1384715","label":""},"geometry":{"type":"Polygon","coordinates":[[[87.60024685329927,25.382414822048645],[87.60180067274365,25.3820686848959],[87.60278455946235,25.382169053819553],[87.60534776475748,25.38105740017363],[87.60594048394154,25.38002224392369],[87.60486111111169,25.379404296875066],[87.60375135633734,25.380039605034824],[87.60239013671946,25.380178493923722],[87.59784830729228,25.378992513021046],[87.59682020399367,25.3790972222223],[87.59470811631996,25.378706597222276],[87.59207492404568,25.379292534722254],[87.5900000000006,25.378333333333444],[87.58929280599023,25.378459201388978],[87.58848497178883,25.37904079861113],[87.5862627495668,25.379873046875105],[87.58654052734454,25.381098090277874],[87.5886075846359,25.381028645833396],[87.59108317057365,25.38033637152779],[87.59267144097294,25.380933159722247],[87.59421549479237,25.380910373263987],[87.5970960828999,25.381514756944455],[87.59887912326462,25.382275390625068],[87.60024685329927,25.382414822048645]]]}},{"type":"Feature","id":"hydrolakes:1384716","properties":{"Hylak_id":1384716,"Lake_name":"","Country":"India","Continent":"Asia","Poly_src":"SWBD","Lake_type":1,"Grand_id":0,"Lake_area":0.85,"Shore_len":3.67,"Shore_dev":1.12,"Vol_total":1.75,"Vol_res":0.0,"Vol_src":3,"Depth_avg":2.1,"Dis_avg":7.819,"Res_time":2.6,"Elevation":25,"Slope_100":0.52,"Wshd_area":308.4,"Pour_long":87.696127,"Pour_lat":25.379575,"source_id":"hydrolakes:1384716","label":""},"geometry":{"type":"Polygon","coordinates":[[[87.69707302517423,25.37376030815983],[87.69561252170206,25.373145073784826],[87.69463921441042,25.373223198784785],[87.69306504991391,25.370793185764],[87.69083333333401,25.37000000000006],[87.68796413845547,25.37218532986134],[87.68783528645889,25.373791775173686],[87.68818413628537,25.37570475260418],[87.68958713107696,25.378303493923625],[87.69353298611185,25.380245225694466],[87.69493570963607,25.381239691840335],[87.69626030816039,25.37987141927084],[87.69719238281323,25.378254665798693],[87.69839979383738,25.377715928819498],[87.69957302517417,25.376061740451576],[87.69827039930624,25.37412109375009],[87.69707302517423,25.37376030815983]]]}},{"type":"Feature","id":"hydrolakes:1384718","properties":{"Hylak_id":1384718,"Lake_name":"","Country":"India","Continent":"Asia","Poly_src":"SWBD","Lake_type":1,"Grand_id":0,"Lake_area":0.36,"Shore_len":2.81,"Shore_dev":1.33,"Vol_total":0.67,"Vol_res":0.0,"Vol_src":3,"Depth_avg":1.9,"Dis_avg":0.033,"Res_time":235.6,"Elevation":25,"Slope_100":0.57,"Wshd_area":1.4,"Pour_long":87.73125,"Pour_lat":25.377415,"source_id":"hydrolakes:1384718","label":""},"geometry":{"type":"Polygon","coordinates":[[[87.7348337131084,25.379385308159726],[87.7379028320318,25.378795572916772],[87.7398082139764,25.37713107638899],[87.73922146267444,25.376157769097347],[87.73750000000058,25.375555555555593],[87.73611924913251,25.37568739149316],[87.73505045572983,25.37633192274319],[87.73260389539996,25.375574001736197],[87.73032524956653,25.37646972656256],[87.72807590060836,25.37685221354178],[87.72765679253524,25.377357313368066],[87.72888264974029,25.37887424045141],[87.73179144965337,25.378690321180613],[87.73209743923678,25.379087456597347],[87.7329820421013,25.37895670572925],[87.7348337131084,25.379385308159726]]]}},{"type":"Feature","id":"hydrolakes:1384720","properties":{"Hylak_id":1384720,"Lake_name":"","Country":"India","Continent":"Asia","Poly_src":"SWBD","Lake_type":1,"Grand_id":0,"Lake_area":0.22,"Shore_len":2.52,"Shore_dev":1.52,"Vol_total":0.33,"Vol_res":0.0,"Vol_src":3,"Depth_avg":1.5,"Dis_avg":0.025,"Res_time":153.9,"Elevation":27,"Slope_100":0.43,"Wshd_area":1.0,"Pour_long":87.843652,"Pour_lat":25.376853,"source_id":"hydrolakes:1384720","label":""},"geometry":{"type":"Polygon","coordinates":[[[87.84543972439309,25.378747829861197],[87.8450347222228,25.378058810763946],[87.84534857855976,25.375536566840367],[87.84669542100767,25.373853081597304],[87.84638888888958,25.373055555555652],[87.84476019965348,25.374136284722283],[87.8436870659728,25.374002821180568],[87.84303982204938,25.374811197916756],[87.84165554470547,25.37565212673627],[87.84126546224019,25.376483832465283],[87.84247667100783,25.378544379340326],[87.843202582466,25.37845377604168],[87.8442900933166,25.37890082465293],[87.843645833334,25.379996744791754],[87.8438115776915,25.38132866753483],[87.84508734809117,25.381170247395858],[87.84543972439309,25.378747829861197]]]}},{"type":"Feature","id":"hydrolakes:1384727","properties":{"Hylak_id":1384727,"Lake_name":"","Country":"India","Continent":"Asia","Poly_src":"SWBD","Lake_type":1,"Grand_id":0,"Lake_area":0.72,"Shore_len":7.54,"Shore_dev":2.51,"Vol_total":1.34,"Vol_res":0.0,"Vol_src":3,"Depth_avg":1.9,"Dis_avg":1.599,"Res_time":9.7,"Elevation":32,"Slope_100":0.45,"Wshd_area":94.1,"Pour_long":86.891069,"Pour_lat":25.370568,"source_id":"hydrolakes:1384727","label":""},"geometry":{"type":"Polygon","coordinates":[[[86.89147691514825,25.37622884114586],[86.89499321831659,25.374784613715462],[86.89431247287388,25.372186414930695],[86.89554497612914,25.37012803819448],[86.89764417860317,25.36931098090298],[86.89961561414981,25.368002929687577],[86.90140842013938,25.366068250868125],[86.90027777777846,25.365000000000066],[86.89791124132017,25.365323350694553],[86.89562513563413,25.36779079861134],[86.89320922851613,25.36935058593764],[86.88677205403695,25.372211914062518],[86.88681559244839,25.373309461805604],[86.89042195638075,25.372088758680604],[86.89263956705793,25.370977647569475],[86.89346693250917,25.371760525173613],[86.8920368109815,25.373517795139094],[86.88872490776976,25.375176323784785],[86.88735649956658,25.375144314236252],[86.88655490451447,25.37472059461811],[86.88291137695359,25.376244574652844],[86.8784775119363,25.378785264757028],[86.87906684027848,25.379331597222233],[86.88001614040866,25.379294162326403],[86.88410861545191,25.37773220486116],[86.88892862955788,25.3765337456598],[86.89147691514825,25.37622884114586]]]}},{"type":"Feature","id":"hydrolakes:1384732","properties":{"Hylak_id":1384732,"Lake_name":"","Country":"India","Continent":"Asia","Poly_src":"SWBD","Lake_type":1,"Grand_id":0,"Lake_area":0.57,"Shore_len":3.44,"Shore_dev":1.29,"Vol_total":1.13,"Vol_res":0.0,"Vol_src":3,"Depth_avg":2.0,"Dis_avg":8.731,"Res_time":1.5,"Elevation":25,"Slope_100":0.55,"Wshd_area":346.2,"Pour_long":87.752197,"Pour_lat":25.368421,"source_id":"hydrolakes:1384732","label":""},"geometry":{"type":"Polygon","coordinates":[[[87.75012858072995,25.362371419271028],[87.75000000000068,25.362222222222442],[87.74861165364649,25.3630224609376],[87.74785970052153,25.364083116319534],[87.74723822699713,25.366147460937555],[87.74653808593808,25.366538085937577],[87.74488579644162,25.36691351996535],[87.74480794270903,25.367883029513905],[87.75320475260474,25.37040635850701],[87.75386800130269,25.370776367187545],[87.75705457899386,25.37035970052085],[87.75711344401111,25.36962510850708],[87.75598253038265,25.368739691840403],[87.75501925998316,25.368449435763978],[87.7535096571188,25.366522352430536],[87.75320475260474,25.36485080295148],[87.75247775607698,25.363355577257096],[87.75012858072995,25.362371419271028]]]}},{"type":"Feature","id":"hydrolakes:1384741","properties":{"Hylak_id":1384741,"Lake_name":"","Country":"India","Continent":"Asia","Poly_src":"SWBD","Lake_type":1,"Grand_id":0,"Lake_area":0.11,"Shore_len":1.59,"Shore_dev":1.36,"Vol_total":0.15,"Vol_res":0.0,"Vol_src":3,"Depth_avg":1.4,"Dis_avg":0.341,"Res_time":5.0,"Elevation":40,"Slope_100":0.42,"Wshd_area":25.8,"Pour_long":85.982292,"Pour_lat":25.362608,"source_id":"hydrolakes:1384741","label":""},"geometry":{"type":"Polygon","coordinates":[[[85.97772698296484,25.36302680121537],[85.98124932183208,25.362586805555566],[85.9834568277999,25.362861328125007],[85.98302836100305,25.361003146701478],[85.98194444444488,25.360868598090292],[85.98053995768282,25.361043294270928],[85.98000000000042,25.360555555555607],[85.97913594563863,25.360802408854227],[85.97818257649794,25.361993272569464],[85.97709872775658,25.362450086805666],[85.97772698296484,25.36302680121537]]]}},{"type":"Feature","id":"hydrolakes:1384744","properties":{"Hylak_id":1384744,"Lake_name":"","Country":"India","Continent":"Asia","Poly_src":"SWBD","Lake_type":1,"Grand_id":0,"Lake_area":0.2,"Shore_len":2.8,"Shore_dev":1.79,"Vol_total":0.24,"Vol_res":0.0,"Vol_src":3,"Depth_avg":1.2,"Dis_avg":0.123,"Res_time":22.5,"Elevation":41,"Slope_100":0.28,"Wshd_area":9.3,"Pour_long":85.976105,"Pour_lat":25.361382,"source_id":"hydrolakes:1384744","label":""},"geometry":{"type":"Polygon","coordinates":[[[85.97743787977504,25.360893012152985],[85.97722222222268,25.36027777777798],[85.97589904785207,25.36041883680565],[85.97425686306468,25.362118055555754],[85.97313415527412,25.363856879340346],[85.971865844727,25.365032009548656],[85.96875528971412,25.36906087239589],[85.96957614474871,25.369855685763923],[85.97505527072525,25.363876410590365],[85.97743787977504,25.360893012152985]]]}},{"type":"Feature","id":"hydrolakes:1384746","properties":{"Hylak_id":1384746,"Lake_name":"","Country":"India","Continent":"Asia","Poly_src":"SWBD","Lake_type":1,"Grand_id":0,"Lake_area":0.23,"Shore_len":2.4,"Shore_dev":1.42,"Vol_total":0.41,"Vol_res":0.0,"Vol_src":3,"Depth_avg":1.8,"Dis_avg":0.19,"Res_time":24.9,"Elevation":41,"Slope_100":0.59,"Wshd_area":14.4,"Pour_long":85.985476,"Pour_lat":25.360425,"source_id":"hydrolakes:1384746","label":""},"geometry":{"type":"Polygon","coordinates":[[[85.98748101128524,25.35525444878482],[85.98638888888928,25.353888888889003],[85.98518934461856,25.35423177083345],[85.98404317220098,25.357139214409813],[85.98429016113329,25.3604318576389],[85.98495388454921,25.363154296875052],[85.98614468044747,25.363302408854395],[85.986998291016,25.36213378906251],[85.9862653944233,25.359567057291713],[85.98671067979672,25.35656467013905],[85.98748101128524,25.35525444878482]]]}},{"type":"Feature","id":"hydrolakes:1384751","properties":{"Hylak_id":1384751,"Lake_name":"","Country":"India","Continent":"Asia","Poly_src":"SWBD","Lake_type":1,"Grand_id":0,"Lake_area":0.2,"Shore_len":2.22,"Shore_dev":1.41,"Vol_total":0.34,"Vol_res":0.0,"Vol_src":3,"Depth_avg":1.7,"Dis_avg":0.032,"Res_time":122.6,"Elevation":26,"Slope_100":0.57,"Wshd_area":1.4,"Pour_long":87.667708,"Pour_lat":25.359103,"source_id":"hydrolakes:1384751","label":""},"geometry":{"type":"Polygon","coordinates":[[[87.6726310221361,25.35764648437504],[87.67250000000053,25.357500000000073],[87.66376573350755,25.358068033854238],[87.6637087673617,25.35902506510422],[87.66589463975754,25.359765625000023],[87.6689651150179,25.359948459201462],[87.67252332899375,25.35939398871534],[87.67374213324712,25.35830512152785],[87.6726310221361,25.35764648437504]]]}},{"type":"Feature","id":"hydrolakes:1384754","properties":{"Hylak_id":1384754,"Lake_name":"","Country":"India","Continent":"Asia","Poly_src":"SWBD","Lake_type":1,"Grand_id":0,"Lake_area":0.12,"Shore_len":1.62,"Shore_dev":1.35,"Vol_total":0.13,"Vol_res":0.0,"Vol_src":3,"Depth_avg":1.2,"Dis_avg":0.041,"Res_time":37.8,"Elevation":28,"Slope_100":0.3,"Wshd_area":1.7,"Pour_long":87.635907,"Pour_lat":25.357021,"source_id":"hydrolakes:1384754","label":""},"geometry":{"type":"Polygon","coordinates":[[[87.63542453342069,25.354575737847256],[87.63500000000067,25.353888888889003],[87.63431342230967,25.354502495659744],[87.63497151692775,25.357361111111118],[87.63431342230967,25.359194878472238],[87.63497802734429,25.359682617187616],[87.63730387369861,25.35855577256956],[87.63788818359427,25.357480468750225],[87.63572455512207,25.355546875000073],[87.63542453342069,25.354575737847256]]]}},{"type":"Feature","id":"hydrolakes:1384760","properties":{"Hylak_id":1384760,"Lake_name":"","Country":"India","Continent":"Asia","Poly_src":"SWBD","Lake_type":1,"Grand_id":0,"Lake_area":0.15,"Shore_len":2.26,"Shore_dev":1.63,"Vol_total":0.15,"Vol_res":0.0,"Vol_src":3,"Depth_avg":1.0,"Dis_avg":0.017,"Res_time":100.1,"Elevation":35,"Slope_100":0.18,"Wshd_area":1.0,"Pour_long":86.823384,"Pour_lat":25.351955,"source_id":"hydrolakes:1384760","label":""},"geometry":{"type":"Polygon","coordinates":[[[86.82252427842928,25.34839246961809],[86.82166666666728,25.34722222222217],[86.82070475260463,25.34751193576392],[86.82356241862027,25.354201388888896],[86.82431586371592,25.354850802951432],[86.82481174045193,25.355961914062505],[86.82582044813415,25.35519368489588],[86.82536268446228,25.353178710937698],[86.82409206814305,25.351556532118195],[86.82252427842928,25.34839246961809]]]}},{"type":"Feature","id":"hydrolakes:1384762","properties":{"Hylak_id":1384762,"Lake_name":"","Country":"India","Continent":"Asia","Poly_src":"SWBD","Lake_type":1,"Grand_id":0,"Lake_area":0.13,"Shore_len":1.6,"Shore_dev":1.25,"Vol_total":0.18,"Vol_res":0.0,"Vol_src":3,"Depth_avg":1.4,"Dis_avg":0.059,"Res_time":36.3,"Elevation":29,"Slope_100":0.44,"Wshd_area":2.5,"Pour_long":87.636224,"Pour_lat":25.351377,"source_id":"hydrolakes:1384762","label":""},"geometry":{"type":"Polygon","coordinates":[[[87.63456542968828,25.349045681423775],[87.6344444444452,25.34888888888895],[87.63353135850747,25.349044053819455],[87.63339653862903,25.349956054687652],[87.63477511935821,25.350780707465503],[87.6357069227438,25.35233886718754],[87.63735107421934,25.35373209635418],[87.63868787977486,25.352796223958364],[87.63738172743109,25.35046332465288],[87.63582980685823,25.34931260850709],[87.63456542968828,25.349045681423775]]]}},{"type":"Feature","id":"hydrolakes:1384763","properties":{"Hylak_id":1384763,"Lake_name":"","Country":"Bangladesh","Continent":"Asia","Poly_src":"SWBD","Lake_type":1,"Grand_id":0,"Lake_area":0.28,"Shore_len":3.88,"Shore_dev":2.06,"Vol_total":0.43,"Vol_res":0.0,"Vol_src":3,"Depth_avg":1.5,"Dis_avg":0.087,"Res_time":57.2,"Elevation":23,"Slope_100":0.4,"Wshd_area":2.5,"Pour_long":89.416912,"Pour_lat":25.349583,"source_id":"hydrolakes:1384763","label":""},"geometry":{"type":"Polygon","coordinates":[[[89.41535454644179,25.35523437500001],[89.41570149739658,25.353631184895846],[89.41682101779583,25.35209852430563],[89.41742214626817,25.350035264757082],[89.4164442274315,25.348371310764094],[89.41444444444511,25.34722222222217],[89.4129321289069,25.34765407986123],[89.40993191189318,25.347918294270926],[89.40959879557357,25.348926323784895],[89.41243842230983,25.349339735243177],[89.41439643012234,25.348587239583424],[89.41561957465365,25.349480251736168],[89.4153621419278,25.351550564236277],[89.41415228949734,25.35360839843753],[89.41315565321258,25.354012586805652],[89.41076361762248,25.3530929904515],[89.41015435112917,25.353704969618093],[89.41107964409792,25.35497178819446],[89.41253472222309,25.35558485243064],[89.41535454644179,25.35523437500001]]]}},{"type":"Feature","id":"hydrolakes:1384768","properties":{"Hylak_id":1384768,"Lake_name":"","Country":"India","Continent":"Asia","Poly_src":"SWBD","Lake_type":1,"Grand_id":0,"Lake_area":0.15,"Shore_len":2.05,"Shore_dev":1.49,"Vol_total":0.17,"Vol_res":0.0,"Vol_src":3,"Depth_avg":1.1,"Dis_avg":1.098,"Res_time":1.8,"Elevation":34,"Slope_100":0.25,"Wshd_area":59.0,"Pour_long":87.120177,"Pour_lat":25.343892,"source_id":"hydrolakes:1384768","label":""},"geometry":{"type":"Polygon","coordinates":[[[87.12734578450574,25.343289388020935],[87.1266666666674,25.342222222222233],[87.12419908311705,25.342350260416822],[87.1231073676222,25.34299207899312],[87.11986992730084,25.34283148871532],[87.11820977105094,25.344545355902824],[87.12010240342943,25.344954969618072],[87.12290134006133,25.344290364583344],[87.12558200412383,25.34395507812502],[87.12734578450574,25.343289388020935]]]}},{"type":"Feature","id":"hydrolakes:1384769","properties":{"Hylak_id":1384769,"Lake_name":"","Country":"India","Continent":"Asia","Poly_src":"SWBD","Lake_type":1,"Grand_id":0,"Lake_area":0.39,"Shore_len":2.47,"Shore_dev":1.12,"Vol_total":0.59,"Vol_res":0.0,"Vol_src":3,"Depth_avg":1.5,"Dis_avg":1.083,"Res_time":6.3,"Elevation":25,"Slope_100":0.36,"Wshd_area":39.8,"Pour_long":87.986729,"Pour_lat":25.34081,"source_id":"hydrolakes:1384769","label":""},"geometry":{"type":"Polygon","coordinates":[[[87.98953721788268,25.34101833767363],[87.9887877061638,25.34008246527776],[87.98789767795193,25.34019314236133],[87.98666666666736,25.33972222222235],[87.98601074218806,25.3402473958335],[87.98550699869861,25.3442768012153],[87.98459879557367,25.345821397569523],[87.98534749349028,25.347247178819543],[87.98652940538261,25.347942165798713],[87.9883270941848,25.34662923177092],[87.98997721354237,25.346157226562582],[87.99087510850751,25.344927842881987],[87.99130560980996,25.34303276909725],[87.99034315321245,25.34166341145834],[87.98953721788268,25.34101833767363]]]}},{"type":"Feature","id":"hydrolakes:1384774","properties":{"Hylak_id":1384774,"Lake_name":"","Country":"India","Continent":"Asia","Poly_src":"SWBD","Lake_type":1,"Grand_id":0,"Lake_area":0.24,"Shore_len":3.1,"Shore_dev":1.77,"Vol_total":0.48,"Vol_res":0.0,"Vol_src":3,"Depth_avg":2.0,"Dis_avg":0.265,"Res_time":21.0,"Elevation":37,"Slope_100":0.7,"Wshd_area":18.0,"Pour_long":86.361458,"Pour_lat":25.336594,"source_id":"hydrolakes:1384774","label":""},"geometry":{"type":"Polygon","coordinates":[[[86.35790879991373,25.334590928819466],[86.35777777777827,25.3344444444445],[86.35681342230959,25.33474229600705],[86.3572231716584,25.335374348958396],[86.35875786675405,25.335964626736143],[86.36200113932352,25.33860080295142],[86.36380181206653,25.34135145399324],[86.36654269748328,25.34374240451399],[86.36722927517417,25.34307725694447],[86.3656119791674,25.341106228298713],[86.36570312500055,25.339575737847383],[86.36439154730948,25.338974066840365],[86.36297119140676,25.336571723090287],[86.36098008897619,25.335409071180607],[86.35790879991373,25.334590928819466]]]}},{"type":"Feature","id":"hydrolakes:1384778","properties":{"Hylak_id":1384778,"Lake_name":"","Country":"India","Continent":"Asia","Poly_src":"SWBD","Lake_type":1,"Grand_id":0,"Lake_area":0.41,"Shore_len":2.91,"Shore_dev":1.29,"Vol_total":0.9,"Vol_res":0.0,"Vol_src":3,"Depth_avg":2.2,"Dis_avg":0.169,"Res_time":61.9,"Elevation":32,"Slope_100":0.77,"Wshd_area":9.3,"Pour_long":87.040925,"Pour_lat":25.333084,"source_id":"hydrolakes:1384778","label":""},"geometry":{"type":"Polygon","coordinates":[[[87.04239705403688,25.333815104166774],[87.04194444444511,25.33277777777778],[87.03885701497461,25.332951931423622],[87.03802951388957,25.33496636284724],[87.03852132161524,25.336369357638887],[87.03707804362028,25.338466796875025],[87.03579847547792,25.341563042534915],[87.03704630533906,25.34290961371528],[87.03758327908037,25.342930772569503],[87.03944268120722,25.34220703125004],[87.04235120985311,25.334972330729215],[87.04239705403688,25.333815104166774]]]}},{"type":"Feature","id":"hydrolakes:1384779","properties":{"Hylak_id":1384779,"Lake_name":"","Country":"India","Continent":"Asia","Poly_src":"SWBD","Lake_type":1,"Grand_id":0,"Lake_area":0.56,"Shore_len":4.79,"Shore_dev":1.81,"Vol_total":1.15,"Vol_res":0.0,"Vol_src":3,"Depth_avg":2.1,"Dis_avg":0.173,"Res_time":76.6,"Elevation":33,"Slope_100":0.59,"Wshd_area":9.1,"Pour_long":87.171491,"Pour_lat":25.331515,"source_id":"hydrolakes:1384779","label":""},"geometry":{"type":"Polygon","coordinates":[[[87.17245374891559,25.33054633246536],[87.1719444444451,25.329722222222415],[87.1709134928393,25.329914822048636],[87.1690199110248,25.33318684895852],[87.16801269531334,25.336843532986165],[87.16609605577315,25.34112955729171],[87.16211290147618,25.347517903645894],[87.16445543077327,25.348358289930616],[87.16559909396767,25.34638346354177],[87.16764675564292,25.34403537326392],[87.16790879991373,25.342909071180713],[87.16928168402842,25.34024956597233],[87.17205091688425,25.33359809027786],[87.1720298936637,25.331325954861143],[87.17245374891559,25.33054633246536]]]}},{"type":"Feature","id":"hydrolakes:1384782","properties":{"Hylak_id":1384782,"Lake_name":"","Country":"India","Continent":"Asia","Poly_src":"SWBD","Lake_type":1,"Grand_id":0,"Lake_area":0.15,"Shore_len":2.21,"Shore_dev":1.59,"Vol_total":0.17,"Vol_res":0.0,"Vol_src":3,"Depth_avg":1.1,"Dis_avg":0.38,"Res_time":5.2,"Elevation":30,"Slope_100":0.24,"Wshd_area":17.7,"Pour_long":87.467796,"Pour_lat":25.330631,"source_id":"hydrolakes:1384782","label":""},"geometry":{"type":"Polygon","coordinates":[[[87.46985324435832,25.326257595486197],[87.46972222222291,25.326111111111118],[87.46902723524363,25.326731770833362],[87.46825412326444,25.328416883680745],[87.46707546658041,25.329853515625075],[87.46566216362919,25.33215657552097],[87.46487277560834,25.33286187065977],[87.4647873263894,25.334293077257087],[87.4651888020839,25.33431694878476],[87.4677438693584,25.33203396267362],[87.46945827908053,25.329579535590312],[87.4703936089416,25.327330729166704],[87.4704269748272,25.326770290798663],[87.46985324435832,25.326257595486197]]]}},{"type":"Feature","id":"hydrolakes:1384783","properties":{"Hylak_id":1384783,"Lake_name":"","Country":"Bangladesh","Continent":"Asia","Poly_src":"SWBD","Lake_type":1,"Grand_id":0,"Lake_area":0.3,"Shore_len":4.06,"Shore_dev":2.1,"Vol_total":0.45,"Vol_res":0.0,"Vol_src":3,"Depth_avg":1.5,"Dis_avg":0.061,"Res_time":85.7,"Elevation":25,"Slope_100":0.39,"Wshd_area":1.7,"Pour_long":89.262255,"Pour_lat":25.32866,"source_id":"hydrolakes:1384783","label":""},"geometry":{"type":"Polygon","coordinates":[[[89.26450629340349,25.32685601128469],[89.26705864800431,25.32676540798633],[89.26983669704941,25.32856608072933],[89.27075412326474,25.33068142361134],[89.27178819444515,25.33016927083338],[89.27188937717091,25.329178059896037],[89.26991563585148,25.32641004774308],[89.26820719401115,25.325681423611115],[89.26583333333417,25.325277777777785],[89.26465386284804,25.325428602430634],[89.26324055989647,25.326602647569587],[89.26183430989653,25.328834092882005],[89.26320610894174,25.33123643663197],[89.26542941623342,25.332070312500093],[89.26688449435846,25.332903645833426],[89.26761528862937,25.33211263020837],[89.26557210286546,25.330852864583335],[89.26407307942776,25.329054904513953],[89.26397406684112,25.328083224826457],[89.26450629340349,25.32685601128469]]]}},{"type":"Feature","id":"hydrolakes:1384785","properties":{"Hylak_id":1384785,"Lake_name":"","Country":"India","Continent":"Asia","Poly_src":"SWBD","Lake_type":1,"Grand_id":0,"Lake_area":0.22,"Shore_len":2.81,"Shore_dev":1.7,"Vol_total":0.34,"Vol_res":0.0,"Vol_src":3,"Depth_avg":1.6,"Dis_avg":0.108,"Res_time":36.7,"Elevation":33,"Slope_100":0.46,"Wshd_area":6.0,"Pour_long":87.021008,"Pour_lat":25.327673,"source_id":"hydrolakes:1384785","label":""},"geometry":{"type":"Polygon","coordinates":[[[87.01957546658042,25.317646484375018],[87.01944444444501,25.317500000000052],[87.01843058268298,25.31768934461809],[87.01776570638083,25.32080078125017],[87.01783732096402,25.325219184027844],[87.01912150065158,25.327867838541806],[87.02092787000919,25.328253580729324],[87.02134575737904,25.327484809027908],[87.01932752821227,25.326201171875027],[87.01923719618111,25.32468695746536],[87.0195932345926,25.324032118055527],[87.02035020616376,25.318338758680625],[87.01957546658042,25.317646484375018]]]}},{"type":"Feature","id":"hydrolakes:1384788","properties":{"Hylak_id":1384788,"Lake_name":"","Country":"India","Continent":"Asia","Poly_src":"SWBD","Lake_type":1,"Grand_id":0,"Lake_area":0.24,"Shore_len":2.76,"Shore_dev":1.58,"Vol_total":0.3,"Vol_res":0.0,"Vol_src":3,"Depth_avg":1.2,"Dis_avg":0.059,"Res_time":58.4,"Elevation":24,"Slope_100":0.26,"Wshd_area":2.3,"Pour_long":87.847343,"Pour_lat":25.326158,"source_id":"hydrolakes:1384788","label":""},"geometry":{"type":"Polygon","coordinates":[[[87.84798475477493,25.326387261284765],[87.84968071831668,25.323679470486184],[87.85148627387213,25.323824869791792],[87.85207302517438,25.322227105034756],[87.8508333333341,25.32055555555553],[87.84912380642419,25.321541341145917],[87.84788574218828,25.322607964409826],[87.84694552951464,25.324714626736238],[87.84561930338594,25.32631835937508],[87.84403808593805,25.329478081597244],[87.84480577257006,25.32982259114584],[87.84653808593822,25.32848253038202],[87.84798475477493,25.326387261284765]]]}},{"type":"Feature","id":"hydrolakes:1384793","properties":{"Hylak_id":1384793,"Lake_name":"","Country":"India","Continent":"Asia","Poly_src":"SWBD","Lake_type":1,"Grand_id":0,"Lake_area":0.35,"Shore_len":3.41,"Shore_dev":1.62,"Vol_total":0.61,"Vol_res":0.0,"Vol_src":3,"Depth_avg":1.7,"Dis_avg":0.023,"Res_time":309.0,"Elevation":28,"Slope_100":0.48,"Wshd_area":1.0,"Pour_long":87.755208,"Pour_lat":25.323872,"source_id":"hydrolakes:1384793","label":""},"geometry":{"type":"Polygon","coordinates":[[[87.75617160373326,25.32511501736127],[87.7596240234381,25.3241905381945],[87.76151991102489,25.322990993923668],[87.76055555555627,25.32166666666683],[87.7592976888028,25.32179796006949],[87.75625786675408,25.322646484375127],[87.75321099175414,25.322932400173613],[87.75022949218817,25.323815646701405],[87.74916666666724,25.324392903645844],[87.7484510633688,25.324004448784763],[87.74698187934098,25.32409179687511],[87.74645887586865,25.324677191840408],[87.74653835720551,25.326012912326462],[87.75617160373326,25.32511501736127]]]}},{"type":"Feature","id":"hydrolakes:1384796","properties":{"Hylak_id":1384796,"Lake_name":"","Country":"India","Continent":"Asia","Poly_src":"SWBD","Lake_type":1,"Grand_id":0,"Lake_area":0.39,"Shore_len":4.84,"Shore_dev":2.19,"Vol_total":0.39,"Vol_res":0.0,"Vol_src":3,"Depth_avg":1.0,"Dis_avg":5.884,"Res_time":0.8,"Elevation":29,"Slope_100":0.15,"Wshd_area":285.1,"Pour_long":87.512785,"Pour_lat":25.321983,"source_id":"hydrolakes:1384796","label":""},"geometry":{"type":"Polygon","coordinates":[[[87.5007554796012,25.324761284722285],[87.5018047417542,25.32206651475707],[87.50528754340348,25.32211697048615],[87.50802463107709,25.32154405381965],[87.50960720486182,25.32209906684028],[87.51120307074723,25.32203559027778],[87.51281982421938,25.32335123697925],[87.51323811849022,25.32159505208341],[87.51260660807344,25.32040147569461],[87.50896945529587,25.320386827257096],[87.50861111111163,25.32000000000022],[87.50556722005268,25.320507812500125],[87.50076904296935,25.32009114583343],[87.50010145399364,25.320444335937566],[87.50014458550407,25.321532118055643],[87.49925889756997,25.32354492187511],[87.49928575303875,25.325500217013996],[87.49847927517442,25.327024197048615],[87.49819986979242,25.328250325520855],[87.49878363715328,25.329353841145917],[87.5001551649313,25.329299587673745],[87.5000604926222,25.326074761284758],[87.5007554796012,25.324761284722285]]]}},{"type":"Feature","id":"hydrolakes:1384798","properties":{"Hylak_id":1384798,"Lake_name":"","Country":"India","Continent":"Asia","Poly_src":"SWBD","Lake_type":1,"Grand_id":0,"Lake_area":0.23,"Shore_len":2.44,"Shore_dev":1.44,"Vol_total":0.34,"Vol_res":0.0,"Vol_src":3,"Depth_avg":1.5,"Dis_avg":0.059,"Res_time":66.3,"Elevation":30,"Slope_100":0.4,"Wshd_area":2.9,"Pour_long":87.348181,"Pour_lat":25.32141,"source_id":"hydrolakes:1384798","label":""},"geometry":{"type":"Polygon","coordinates":[[[87.34903808593822,25.31262858072921],[87.34861111111167,25.31194444444452],[87.34798909505258,25.312480468750095],[87.3475585937507,25.31365234375005],[87.34731499566027,25.321407335069466],[87.34812798394154,25.322350802951405],[87.34873101128522,25.321913519965392],[87.34979899088597,25.31910590277778],[87.349934895834,25.31463812934038],[87.34903808593822,25.31262858072921]]]}},{"type":"Feature","id":"hydrolakes:1384807","properties":{"Hylak_id":1384807,"Lake_name":"","Country":"India","Continent":"Asia","Poly_src":"SWBD","Lake_type":1,"Grand_id":0,"Lake_area":0.11,"Shore_len":1.54,"Shore_dev":1.3,"Vol_total":0.12,"Vol_res":0.0,"Vol_src":3,"Depth_avg":1.1,"Dis_avg":0.038,"Res_time":37.0,"Elevation":27,"Slope_100":0.27,"Wshd_area":1.6,"Pour_long":87.766823,"Pour_lat":25.316023,"source_id":"hydrolakes:1384807","label":""},"geometry":{"type":"Polygon","coordinates":[[[87.76679280599024,25.315707465277853],[87.76666666666728,25.31555555555559],[87.765754394532,25.315718315972333],[87.76422905816031,25.316591796875116],[87.76166259765688,25.317160915798638],[87.76098497178879,25.31834418402792],[87.76202989366374,25.31916992187513],[87.76506049262213,25.318152669270887],[87.76714002821245,25.31599555121528],[87.76679280599024,25.315707465277853]]]}},{"type":"Feature","id":"hydrolakes:1384808","properties":{"Hylak_id":1384808,"Lake_name":"","Country":"India","Continent":"Asia","Poly_src":"SWBD","Lake_type":1,"Grand_id":0,"Lake_area":0.19,"Shore_len":2.62,"Shore_dev":1.7,"Vol_total":0.23,"Vol_res":0.0,"Vol_src":3,"Depth_avg":1.2,"Dis_avg":0.181,"Res_time":14.9,"Elevation":27,"Slope_100":0.29,"Wshd_area":7.4,"Pour_long":87.809649,"Pour_lat":25.315518,"source_id":"hydrolakes:1384808","label":""},"geometry":{"type":"Polygon","coordinates":[[[87.80981174045195,25.31629611545145],[87.81096435546937,25.314808485243134],[87.81010606553872,25.314437934027808],[87.8089786783861,25.315050998263985],[87.80601779513944,25.31511664496537],[87.80459852430619,25.315496961805763],[87.80277180989646,25.31493272569446],[87.80166666666724,25.314166666666836],[87.79931342230958,25.315100911458387],[87.80131998697993,25.316593424479265],[87.80296332465343,25.31615342881946],[87.80736300998325,25.317093098958424],[87.80981174045195,25.31629611545145]]]}},{"type":"Feature","id":"hydrolakes:1384809","properties":{"Hylak_id":1384809,"Lake_name":"","Country":"India","Continent":"Asia","Poly_src":"SWBD","Lake_type":1,"Grand_id":0,"Lake_area":0.32,"Shore_len":3.2,"Shore_dev":1.59,"Vol_total":0.57,"Vol_res":0.0,"Vol_src":3,"Depth_avg":1.8,"Dis_avg":0.007,"Res_time":950.6,"Elevation":32,"Slope_100":0.53,"Wshd_area":0.4,"Pour_long":86.838028,"Pour_lat":25.314838,"source_id":"hydrolakes:1384809","label":""},"geometry":{"type":"Polygon","coordinates":[[[86.83536471896747,25.313146701388973],[86.83546807183205,25.31185980902785],[86.8318840874573,25.30945800781251],[86.83083333333394,25.307777777777858],[86.82820977105098,25.307919921875055],[86.82737792968817,25.309092881944594],[86.83018934461853,25.311111653645924],[86.83177856445377,25.31267469618075],[86.83256768120708,25.312611219618077],[86.83635715060825,25.31542805989585],[86.83757703993109,25.316108940972242],[86.83885660807357,25.315537651909892],[86.83829779730974,25.313681640625134],[86.83536471896747,25.313146701388973]]]}},{"type":"Feature","id":"hydrolakes:1384811","properties":{"Hylak_id":1384811,"Lake_name":"","Country":"India","Continent":"Asia","Poly_src":"SWBD","Lake_type":1,"Grand_id":0,"Lake_area":0.24,"Shore_len":2.99,"Shore_dev":1.73,"Vol_total":0.4,"Vol_res":0.0,"Vol_src":3,"Depth_avg":1.7,"Dis_avg":0.655,"Res_time":7.0,"Elevation":24,"Slope_100":0.51,"Wshd_area":21.3,"Pour_long":88.4762,"Pour_lat":25.31435,"source_id":"hydrolakes:1384811","label":""},"geometry":{"type":"Polygon","coordinates":[[[88.4718036566847,25.318736979166715],[88.47382785373338,25.316992187500034],[88.47513373480962,25.31712510850707],[88.47594645182369,25.315807834201394],[88.47739935980968,25.31509657118073],[88.47731363932354,25.31425726996548],[88.47612169053895,25.31292968750006],[88.47442491319504,25.31469129774308],[88.47348497178888,25.31401475694446],[88.47000000000071,25.3125],[88.46929009331677,25.312626410590383],[88.4693253580736,25.31297092013898],[88.46873480902838,25.31346137152798],[88.46876925998339,25.313801540798636],[88.47126925998339,25.31435546875008],[88.47267605251801,25.31546929253477],[88.4726177300355,25.316040581597235],[88.47153862847301,25.315930989583364],[88.47102240668465,25.316552191840344],[88.4718036566847,25.318736979166715]]]}},{"type":"Feature","id":"hydrolakes:1384814","properties":{"Hylak_id":1384814,"Lake_name":"","Country":"India","Continent":"Asia","Poly_src":"SWBD","Lake_type":1,"Grand_id":0,"Lake_area":0.13,"Shore_len":1.66,"Shore_dev":1.32,"Vol_total":0.16,"Vol_res":0.0,"Vol_src":3,"Depth_avg":1.3,"Dis_avg":0.04,"Res_time":45.8,"Elevation":26,"Slope_100":0.35,"Wshd_area":1.6,"Pour_long":87.908124,"Pour_lat":25.312612,"source_id":"hydrolakes:1384814","label":""},"geometry":{"type":"Polygon","coordinates":[[[87.91345675998332,25.313799370659808],[87.91263454861178,25.31265950520833],[87.91047119140688,25.311682400173652],[87.90858045790003,25.31114203559042],[87.90833333333393,25.31083333333339],[87.90748833550407,25.31107476128477],[87.90690212673672,25.312072482638996],[87.90961832682348,25.313519422743127],[87.91031222873335,25.313433159722308],[87.91240614149359,25.314845920138964],[87.91345675998332,25.313799370659808]]]}},{"type":"Feature","id":"hydrolakes:1384815","properties":{"Hylak_id":1384815,"Lake_name":"","Country":"India","Continent":"Asia","Poly_src":"SWBD","Lake_type":1,"Grand_id":0,"Lake_area":0.18,"Shore_len":2.34,"Shore_dev":1.57,"Vol_total":0.22,"Vol_res":0.0,"Vol_src":3,"Depth_avg":1.2,"Dis_avg":0.008,"Res_time":311.4,"Elevation":31,"Slope_100":0.29,"Wshd_area":0.4,"Pour_long":87.34375,"Pour_lat":25.311633,"source_id":"hydrolakes:1384815","label":""},"geometry":{"type":"Polygon","coordinates":[[[87.34403564453174,25.31292426215282],[87.34552463107713,25.311257595486154],[87.34728027343817,25.312075737847294],[87.34703559027827,25.310638563368173],[87.34527777777834,25.30972222222232],[87.34181342230966,25.312090928819487],[87.33974093967066,25.31273111979175],[87.33848008897633,25.3143581814237],[87.33884277343799,25.315064561632028],[87.34196858724022,25.313999565972267],[87.34403564453174,25.31292426215282]]]}},{"type":"Feature","id":"hydrolakes:1384816","properties":{"Hylak_id":1384816,"Lake_name":"","Country":"India","Continent":"Asia","Poly_src":"SWBD","Lake_type":1,"Grand_id":0,"Lake_area":0.49,"Shore_len":5.88,"Shore_dev":2.37,"Vol_total":1.13,"Vol_res":0.0,"Vol_src":3,"Depth_avg":2.3,"Dis_avg":0.58,"Res_time":22.5,"Elevation":39,"Slope_100":0.77,"Wshd_area":42.5,"Pour_long":86.176468,"Pour_lat":25.311118,"source_id":"hydrolakes:1384816","label":""},"geometry":{"type":"Polygon","coordinates":[[[86.15846693250916,25.29542209201395],[86.15805555555602,25.294722222222333],[86.15719523112028,25.295519205729192],[86.15766438802126,25.29685763888898],[86.15761488172785,25.298106553819537],[86.1631224229605,25.302350260416688],[86.16481662326436,25.30314995659728],[86.17045084635464,25.307678493923788],[86.17153306749185,25.308189019097313],[86.17663655599029,25.31235568576409],[86.17790785047788,25.311890190972235],[86.17793592664987,25.311181098090287],[86.17002590603346,25.304914822048715],[86.16709920247456,25.302900933159776],[86.16506700303876,25.301941731770853],[86.1621180555561,25.29986273871532],[86.16071655273487,25.298563910590417],[86.16018649631133,25.29689019097225],[86.15846693250916,25.29542209201395]]]}},{"type":"Feature","id":"hydrolakes:1384817","properties":{"Hylak_id":1384817,"Lake_name":"","Country":"India","Continent":"Asia","Poly_src":"SWBD","Lake_type":1,"Grand_id":0,"Lake_area":0.25,"Shore_len":2.69,"Shore_dev":1.53,"Vol_total":0.31,"Vol_res":0.0,"Vol_src":3,"Depth_avg":1.3,"Dis_avg":0.051,"Res_time":70.6,"Elevation":28,"Slope_100":0.28,"Wshd_area":2.1,"Pour_long":87.746314,"Pour_lat":25.310809,"source_id":"hydrolakes:1384817","label":""},"geometry":{"type":"Polygon","coordinates":[[[87.74775417751795,25.309741210937545],[87.74722222222277,25.30888888888893],[87.7465174696186,25.30901746961814],[87.74537570529583,25.310342881944507],[87.74338351779568,25.311773003472297],[87.74214979383748,25.314622395833396],[87.74098253038267,25.31562771267363],[87.74154269748323,25.31680338541679],[87.74098253038267,25.31832845052088],[87.7413647460944,25.318557400173745],[87.74312635633743,25.317453884548684],[87.74373833550402,25.31635742187501],[87.74401746961883,25.315128580729265],[87.74660264757,25.312016059027826],[87.74775417751795,25.309741210937545]]]}},{"type":"Feature","id":"hydrolakes:1384818","properties":{"Hylak_id":1384818,"Lake_name":"","Country":"India","Continent":"Asia","Poly_src":"SWBD","Lake_type":1,"Grand_id":0,"Lake_area":0.14,"Shore_len":1.85,"Shore_dev":1.4,"Vol_total":0.16,"Vol_res":0.0,"Vol_src":3,"Depth_avg":1.2,"Dis_avg":0.205,"Res_time":9.2,"Elevation":26,"Slope_100":0.29,"Wshd_area":8.3,"Pour_long":87.817871,"Pour_lat":25.310799,"source_id":"hydrolakes:1384818","label":""},"geometry":{"type":"Polygon","coordinates":[[[87.8184619140631,25.309871419270905],[87.81833333333407,25.30972222222232],[87.81182345920206,25.31096896701405],[87.81126383463618,25.311972113715285],[87.81236707899365,25.31237738715282],[87.81927870008747,25.311446940104247],[87.81933458116396,25.310750325520928],[87.8184619140631,25.309871419270905]]]}},{"type":"Feature","id":"hydrolakes:1384821","properties":{"Hylak_id":1384821,"Lake_name":"","Country":"India","Continent":"Asia","Poly_src":"SWBD","Lake_type":1,"Grand_id":0,"Lake_area":0.56,"Shore_len":7.23,"Shore_dev":2.73,"Vol_total":0.83,"Vol_res":0.0,"Vol_src":3,"Depth_avg":1.5,"Dis_avg":1.578,"Res_time":6.1,"Elevation":34,"Slope_100":0.31,"Wshd_area":84.8,"Pour_long":87.155133,"Pour_lat":25.310092,"source_id":"hydrolakes:1384821","label":""},"geometry":{"type":"Polygon","coordinates":[[[87.13590766059082,25.327556423611213],[87.13820651584285,25.32567057291675],[87.13957628038241,25.325751953125007],[87.14079630533917,25.32438639322919],[87.14361612955787,25.322643229166772],[87.14553521050408,25.3217626953126],[87.14993069118987,25.318819444444443],[87.15073025173666,25.317562391493254],[87.15466579861163,25.31316514756952],[87.15570231119852,25.311257595486154],[87.1559643554694,25.310131293402833],[87.1566868760857,25.30909667968757],[87.15625786675395,25.306797960069503],[87.15583333333404,25.306111111111136],[87.1551330566412,25.30632758246537],[87.15249633789114,25.312482096354245],[87.15151991102488,25.313742404513903],[87.14958062066034,25.31734971788211],[87.1396785481777,25.323890516493066],[87.1377594672316,25.32477159288203],[87.13542453342069,25.326257595486197],[87.13292860243115,25.327299262152962],[87.13287597656324,25.32818359375011],[87.13590766059082,25.327556423611213]]]}},{"type":"Feature","id":"hydrolakes:1384822","properties":{"Hylak_id":1384822,"Lake_name":"","Country":"India","Continent":"Asia","Poly_src":"SWBD","Lake_type":1,"Grand_id":0,"Lake_area":0.1,"Shore_len":1.53,"Shore_dev":1.38,"Vol_total":0.12,"Vol_res":0.0,"Vol_src":3,"Depth_avg":1.2,"Dis_avg":0.021,"Res_time":66.0,"Elevation":27,"Slope_100":0.36,"Wshd_area":1.0,"Pour_long":87.546548,"Pour_lat":25.310291,"source_id":"hydrolakes:1384822","label":""},"geometry":{"type":"Polygon","coordinates":[[[87.54878960503532,25.30739040798619],[87.54833333333391,25.30666666666673],[87.54750895182343,25.3069086371529],[87.54659884982709,25.30817328559033],[87.54573350694511,25.310726996527876],[87.54556966145901,25.312333984375016],[87.54647108289998,25.31242621527781],[87.54753336588612,25.309977213541742],[87.54868950737921,25.30837022569449],[87.54878960503532,25.30739040798619]]]}},{"type":"Feature","id":"hydrolakes:1384825","properties":{"Hylak_id":1384825,"Lake_name":"","Country":"India","Continent":"Asia","Poly_src":"SWBD","Lake_type":1,"Grand_id":0,"Lake_area":0.15,"Shore_len":2.5,"Shore_dev":1.85,"Vol_total":0.1,"Vol_res":0.0,"Vol_src":3,"Depth_avg":0.7,"Dis_avg":0.008,"Res_time":139.4,"Elevation":31,"Slope_100":0.09,"Wshd_area":0.4,"Pour_long":87.360572,"Pour_lat":25.306714,"source_id":"hydrolakes:1384825","label":""},"geometry":{"type":"Polygon","coordinates":[[[87.36253309461864,25.3050537109375],[87.36222222222278,25.304166666666674],[87.35791124131998,25.308466796875166],[87.35486653645893,25.312102322048815],[87.35551242404568,25.312744683159792],[87.35869222005277,25.309312608507014],[87.36031548394169,25.308926323784874],[87.36142333984446,25.30666666666673],[87.36253309461864,25.3050537109375]]]}},{"type":"Feature","id":"hydrolakes:1384829","properties":{"Hylak_id":1384829,"Lake_name":"","Country":"India","Continent":"Asia","Poly_src":"SWBD","Lake_type":1,"Grand_id":0,"Lake_area":0.96,"Shore_len":8.91,"Shore_dev":2.56,"Vol_total":3.3,"Vol_res":0.0,"Vol_src":3,"Depth_avg":3.4,"Dis_avg":0.338,"Res_time":112.9,"Elevation":37,"Slope_100":1.43,"Wshd_area":25.4,"Pour_long":86.027057,"Pour_lat":25.304574,"source_id":"hydrolakes:1384829","label":""},"geometry":{"type":"Polygon","coordinates":[[[86.0390174696185,25.270426974826478],[86.0388888888894,25.27027777777778],[86.03699035644576,25.271913519965324],[86.03614379882862,25.27381076388889],[86.03373969184071,25.277350802951446],[86.03314364963154,25.278534613715408],[86.03321804470528,25.279460177951478],[86.03269151475752,25.28120930989587],[86.03118652343795,25.283028428819478],[86.03051886664548,25.285967339409865],[86.02959364149365,25.288204752604372],[86.02771423339885,25.290399305555695],[86.02719726562549,25.293791775173645],[86.02642232259171,25.29563205295142],[86.02653957790841,25.297090928819614],[86.0262280273443,25.297649197048713],[86.02592142740929,25.301465386284804],[86.02634358724015,25.302222222222326],[86.02544325086865,25.30383572048612],[86.02536214192747,25.304845377604238],[86.02722222222263,25.304995117187502],[86.0283232964415,25.30271484375004],[86.02813408745698,25.300359700520914],[86.02844095865942,25.296277126736186],[86.02902248806475,25.295234917534742],[86.02931898329052,25.293609483507055],[86.03032572428447,25.291353624132],[86.03156324598581,25.28960774739585],[86.03147081163235,25.28845757378474],[86.03320841471401,25.285504014757066],[86.0339255778,25.28312228732642],[86.03618130154132,25.279081488715292],[86.03891432020453,25.276092122395937],[86.03709364149353,25.275543619791677],[86.03739040798666,25.274423285590274],[86.0394303385421,25.27266601562502],[86.0405370415586,25.27110514322925],[86.0390174696185,25.270426974826478]]]}},{"type":"Feature","id":"hydrolakes:1384830","properties":{"Hylak_id":1384830,"Lake_name":"","Country":"India","Continent":"Asia","Poly_src":"SWBD","Lake_type":1,"Grand_id":0,"Lake_area":0.5,"Shore_len":6.76,"Shore_dev":2.69,"Vol_total":0.77,"Vol_res":0.0,"Vol_src":3,"Depth_avg":1.5,"Dis_avg":0.059,"Res_time":150.7,"Elevation":34,"Slope_100":0.33,"Wshd_area":3.3,"Pour_long":87.021062,"Pour_lat":25.304782,"source_id":"hydrolakes:1384830","label":""},"geometry":{"type":"Polygon","coordinates":[[[86.99855970594689,25.313525390625216],[86.99996297200568,25.312881401909806],[87.00074069553011,25.312927517361118],[87.0023072645406,25.312076280382087],[87.00647650824698,25.3090988498264],[87.01000651041727,25.30800889756955],[87.01713677300398,25.307090386284756],[87.01872653537379,25.30622667100704],[87.02042453342074,25.305702039930623],[87.02151991102477,25.304809570312557],[87.02083333333388,25.304166666666674],[87.01796278211879,25.305199652777787],[87.01680162217946,25.305130208333367],[87.01091539171068,25.306031901041706],[87.00822536892412,25.30675238715287],[87.00263102213597,25.310131293402833],[87.00038072374178,25.311769748264],[86.99874213324705,25.312075737847294],[86.99695963541723,25.312939453125125],[86.99267442491367,25.31715928819449],[86.99323608398487,25.317661132812532],[86.9939297146272,25.317619900173725],[86.9957960340717,25.315531141493125],[86.99855970594689,25.313525390625216]]]}},{"type":"Feature","id":"hydrolakes:1384833","properties":{"Hylak_id":1384833,"Lake_name":"","Country":"India","Continent":"Asia","Poly_src":"SWBD","Lake_type":1,"Grand_id":0,"Lake_area":0.27,"Shore_len":3.82,"Shore_dev":2.09,"Vol_total":0.5,"Vol_res":0.0,"Vol_src":3,"Depth_avg":1.9,"Dis_avg":1.985,"Res_time":2.9,"Elevation":32,"Slope_100":0.62,"Wshd_area":106.3,"Pour_long":87.170048,"Pour_lat":25.302994,"source_id":"hydrolakes:1384833","label":""},"geometry":{"type":"Polygon","coordinates":[[[87.17325398763074,25.294984809027994],[87.17305555555612,25.29444444444448],[87.1721857367628,25.294706488715462],[87.17085069444522,25.297099066840417],[87.17112019856836,25.30045193142371],[87.16962076822983,25.302366536458464],[87.16931586371578,25.30403808593752],[87.16862657335139,25.305674913194537],[87.16905775282174,25.30684895833349],[87.1688845486118,25.31039388020838],[87.16955552842938,25.310448133680552],[87.17029622395899,25.30868923611115],[87.17235080295194,25.298184136284817],[87.17325398763074,25.294984809027994]]]}},{"type":"Feature","id":"hydrolakes:1384834","properties":{"Hylak_id":1384834,"Lake_name":"","Country":"India","Continent":"Asia","Poly_src":"SWBD","Lake_type":1,"Grand_id":0,"Lake_area":0.15,"Shore_len":1.85,"Shore_dev":1.34,"Vol_total":0.19,"Vol_res":0.0,"Vol_src":3,"Depth_avg":1.2,"Dis_avg":0.474,"Res_time":4.6,"Elevation":23,"Slope_100":0.31,"Wshd_area":17.3,"Pour_long":88.0567,"Pour_lat":25.302015,"source_id":"hydrolakes:1384834","label":""},"geometry":{"type":"Polygon","coordinates":[[[88.05623453776099,25.300431857638955],[88.05611111111176,25.300277777777865],[88.05522298177164,25.300432400173747],[88.05432101779581,25.301154513888946],[88.05499837239648,25.302219509548706],[88.05676595052142,25.30363552517366],[88.05714002821253,25.30620496961808],[88.05785753038259,25.306294487847254],[88.05873453776104,25.30509385850695],[88.05800672743135,25.303472222222354],[88.05873453776104,25.30223415798622],[88.05821641710128,25.300720486111175],[88.05623453776099,25.300431857638955]]]}},{"type":"Feature","id":"hydrolakes:1384837","properties":{"Hylak_id":1384837,"Lake_name":"","Country":"India","Continent":"Asia","Poly_src":"SWBD","Lake_type":1,"Grand_id":0,"Lake_area":0.21,"Shore_len":1.87,"Shore_dev":1.15,"Vol_total":0.36,"Vol_res":0.0,"Vol_src":3,"Depth_avg":1.7,"Dis_avg":0.018,"Res_time":231.5,"Elevation":24,"Slope_100":0.55,"Wshd_area":0.6,"Pour_long":88.467064,"Pour_lat":25.299709,"source_id":"hydrolakes:1384837","label":""},"geometry":{"type":"Polygon","coordinates":[[[88.46429009331678,25.2979318576389],[88.46416666666732,25.29777777777781],[88.46324435763955,25.298299153645928],[88.46398491753553,25.3008919270834],[88.46329291449712,25.302068684895858],[88.46465901692784,25.30401258680564],[88.46626356336873,25.303714192708412],[88.46755343967095,25.301519639756975],[88.46775417751797,25.29990668402786],[88.46570990668476,25.298457031250052],[88.46429009331678,25.2979318576389]]]}},{"type":"Feature","id":"hydrolakes:1384838","properties":{"Hylak_id":1384838,"Lake_name":"","Country":"India","Continent":"Asia","Poly_src":"SWBD","Lake_type":1,"Grand_id":0,"Lake_area":0.17,"Shore_len":1.82,"Shore_dev":1.25,"Vol_total":0.53,"Vol_res":0.0,"Vol_src":3,"Depth_avg":3.1,"Dis_avg":0.024,"Res_time":254.4,"Elevation":27,"Slope_100":2.05,"Wshd_area":0.8,"Pour_long":88.569356,"Pour_lat":25.299602,"source_id":"hydrolakes:1384838","label":""},"geometry":{"type":"Polygon","coordinates":[[[88.57014919704943,25.299850802951426],[88.56972222222288,25.298888888888996],[88.56850585937582,25.299590386284763],[88.56805447048691,25.30502170138891],[88.56938015408059,25.30596191406255],[88.57065592447998,25.305535481770903],[88.57098388671955,25.30403266059028],[88.57098388671955,25.302631293402953],[88.57064127604247,25.30201714409742],[88.57014919704943,25.299850802951426]]]}},{"type":"Feature","id":"hydrolakes:1384840","properties":{"Hylak_id":1384840,"Lake_name":"","Country":"India","Continent":"Asia","Poly_src":"SWBD","Lake_type":1,"Grand_id":0,"Lake_area":0.3,"Shore_len":4.39,"Shore_dev":2.28,"Vol_total":0.45,"Vol_res":0.0,"Vol_src":3,"Depth_avg":1.5,"Dis_avg":0.364,"Res_time":14.2,"Elevation":31,"Slope_100":0.38,"Wshd_area":18.2,"Pour_long":87.347994,"Pour_lat":25.299493,"source_id":"hydrolakes:1384840","label":""},"geometry":{"type":"Polygon","coordinates":[[[87.3570754665804,25.30042426215283],[87.35055555555613,25.298888888888996],[87.3463812934034,25.29902452256954],[87.34369303385466,25.300333116319507],[87.34042670355973,25.300942382812593],[87.34037597656322,25.30179470486121],[87.34185574001793,25.301883138020912],[87.3475284830734,25.30014648437509],[87.351257866754,25.30040907118064],[87.35568657769153,25.3018131510417],[87.3587578667541,25.302075737847247],[87.36003336588595,25.30253309461807],[87.36061604817763,25.301461046007034],[87.3570754665804,25.30042426215283]]]}},{"type":"Feature","id":"hydrolakes:1384841","properties":{"Hylak_id":1384841,"Lake_name":"","Country":"India","Continent":"Asia","Poly_src":"SWBD","Lake_type":1,"Grand_id":0,"Lake_area":0.23,"Shore_len":2.03,"Shore_dev":1.19,"Vol_total":0.33,"Vol_res":0.0,"Vol_src":3,"Depth_avg":1.4,"Dis_avg":4.852,"Res_time":0.8,"Elevation":23,"Slope_100":0.36,"Wshd_area":183.3,"Pour_long":87.883674,"Pour_lat":25.299154,"source_id":"hydrolakes:1384841","label":""},"geometry":{"type":"Polygon","coordinates":[[[87.87985080295192,25.296538085937527],[87.87972222222282,25.29638888888894],[87.87796929253545,25.29656792534729],[87.87786729600765,25.29950358072921],[87.87866699218813,25.300431857638955],[87.88115559895903,25.301181098090353],[87.88275200737917,25.30207194010427],[87.88346191406316,25.300128580729165],[87.88429524739644,25.298953450520912],[87.88376600477494,25.29851345486111],[87.88170789930632,25.29813802083345],[87.87985080295192,25.296538085937527]]]}},{"type":"Feature","id":"hydrolakes:1384848","properties":{"Hylak_id":1384848,"Lake_name":"","Country":"India","Continent":"Asia","Poly_src":"SWBD","Lake_type":1,"Grand_id":0,"Lake_area":0.1,"Shore_len":1.4,"Shore_dev":1.22,"Vol_total":0.17,"Vol_res":0.0,"Vol_src":3,"Depth_avg":1.7,"Dis_avg":0.105,"Res_time":19.1,"Elevation":41,"Slope_100":0.65,"Wshd_area":7.8,"Pour_long":86.108975,"Pour_lat":25.29651,"source_id":"hydrolakes:1384848","label":""},"geometry":{"type":"Polygon","coordinates":[[[86.10905320909342,25.294280056423815],[86.10861111111154,25.293611111111204],[86.1068387858079,25.29374077690977],[86.10660447862455,25.294785698784892],[86.10720920138942,25.296401909722306],[86.10852308485289,25.29689344618066],[86.11002109103794,25.297868923611134],[86.11089830186688,25.297263454861195],[86.10955790201882,25.295719943576444],[86.10905320909342,25.294280056423815]]]}},{"type":"Feature","id":"hydrolakes:1384851","properties":{"Hylak_id":1384851,"Lake_name":"","Country":"India","Continent":"Asia","Poly_src":"SWBD","Lake_type":1,"Grand_id":0,"Lake_area":0.31,"Shore_len":4.09,"Shore_dev":2.07,"Vol_total":0.47,"Vol_res":0.0,"Vol_src":3,"Depth_avg":1.5,"Dis_avg":0.117,"Res_time":46.6,"Elevation":26,"Slope_100":0.38,"Wshd_area":4.7,"Pour_long":87.85625,"Pour_lat":25.294791,"source_id":"hydrolakes:1384851","label":""},"geometry":{"type":"Polygon","coordinates":[[[87.86260009765687,25.291886393229277],[87.86222222222278,25.29083333333341],[87.86124213324729,25.290964626736184],[87.85788601345553,25.293128255208387],[87.85481119791729,25.294294162326423],[87.852631022136,25.296242404513976],[87.85231391059096,25.297605794270794],[87.85125786675411,25.2993131510417],[87.84848008897626,25.302498372395917],[87.84935194227484,25.303186848958433],[87.85038764105968,25.302661132812545],[87.85098008897643,25.3018131510417],[87.85144178602502,25.300317925347315],[87.85588433159779,25.29612847222228],[87.86260009765687,25.291886393229277]]]}},{"type":"Feature","id":"hydrolakes:1384855","properties":{"Hylak_id":1384855,"Lake_name":"","Country":"India","Continent":"Asia","Poly_src":"SWBD","Lake_type":1,"Grand_id":0,"Lake_area":0.33,"Shore_len":2.96,"Shore_dev":1.45,"Vol_total":0.58,"Vol_res":0.0,"Vol_src":3,"Depth_avg":1.7,"Dis_avg":0.222,"Res_time":30.1,"Elevation":27,"Slope_100":0.5,"Wshd_area":9.1,"Pour_long":87.823958,"Pour_lat":25.29253,"source_id":"hydrolakes:1384855","label":""},"geometry":{"type":"Polygon","coordinates":[[[87.81972981770895,25.29552734375011],[87.82228624132,25.293870985243075],[87.82476019965355,25.293163519965276],[87.82777696397642,25.291400282118104],[87.82694444444525,25.290277777777817],[87.82373453776108,25.29095703125006],[87.82243299696239,25.29206814236113],[87.82055555555615,25.29134657118061],[87.81804389105969,25.29206814236113],[87.81709337022642,25.29150933159724],[87.81662380642416,25.291567925347294],[87.81626546224027,25.29317816840279],[87.81685791015678,25.29525336371546],[87.81884385850748,25.29500651041667],[87.81972981770895,25.29552734375011]]]}},{"type":"Feature","id":"hydrolakes:1384862","properties":{"Hylak_id":1384862,"Lake_name":"","Country":"India","Continent":"Asia","Poly_src":"SWBD","Lake_type":1,"Grand_id":0,"Lake_area":0.3,"Shore_len":2.46,"Shore_dev":1.28,"Vol_total":0.5,"Vol_res":0.0,"Vol_src":3,"Depth_avg":1.7,"Dis_avg":0.494,"Res_time":11.7,"Elevation":22,"Slope_100":0.48,"Wshd_area":18.2,"Pour_long":88.047613,"Pour_lat":25.288302,"source_id":"hydrolakes:1384862","label":""},"geometry":{"type":"Polygon","coordinates":[[[88.04931694878542,25.289585503472324],[88.04889648437575,25.288413628472256],[88.04995171441044,25.28647189670147],[88.04913791232701,25.284699435763912],[88.04777777777849,25.283055555555563],[88.04585910373339,25.283255750868136],[88.04489990234447,25.28462890625002],[88.0448209635424,25.28595106336809],[88.0459629991326,25.286971571180572],[88.04403564453196,25.28785590277778],[88.04499538845545,25.28956651475704],[88.04613688151102,25.289634331597256],[88.04780626085125,25.289035373263914],[88.04897650824728,25.29013129340285],[88.04931694878542,25.289585503472324]]]}},{"type":"Feature","id":"hydrolakes:1384869","properties":{"Hylak_id":1384869,"Lake_name":"","Country":"India","Continent":"Asia","Poly_src":"SWBD","Lake_type":1,"Grand_id":0,"Lake_area":0.18,"Shore_len":2.27,"Shore_dev":1.52,"Vol_total":0.21,"Vol_res":0.0,"Vol_src":3,"Depth_avg":1.2,"Dis_avg":0.521,"Res_time":4.7,"Elevation":28,"Slope_100":0.28,"Wshd_area":24.1,"Pour_long":87.571187,"Pour_lat":25.283949,"source_id":"hydrolakes:1384869","label":""},"geometry":{"type":"Polygon","coordinates":[[[87.56969943576473,25.28488498263897],[87.57098253038254,25.284593641493075],[87.57179009331657,25.28414333767364],[87.57111111111163,25.283055555555563],[87.56867621527834,25.283259006076435],[87.56820475260486,25.28431586371545],[87.56713541666721,25.284638129340408],[87.5662603081604,25.284017469618107],[87.56523518880266,25.28370876736119],[87.56453179253532,25.28376519097236],[87.56307237413256,25.28655707465282],[87.56341498480964,25.287350802951494],[87.56969943576473,25.28488498263897]]]}},{"type":"Feature","id":"hydrolakes:1384873","properties":{"Hylak_id":1384873,"Lake_name":"","Country":"India","Continent":"Asia","Poly_src":"SWBD","Lake_type":1,"Grand_id":0,"Lake_area":0.24,"Shore_len":2.44,"Shore_dev":1.41,"Vol_total":0.43,"Vol_res":0.0,"Vol_src":3,"Depth_avg":1.8,"Dis_avg":0.255,"Res_time":19.7,"Elevation":23,"Slope_100":0.59,"Wshd_area":9.9,"Pour_long":87.932677,"Pour_lat":25.278365,"source_id":"hydrolakes:1384873","label":""},"geometry":{"type":"Polygon","coordinates":[[[87.93344102647626,25.28041992187508],[87.93447808159806,25.280398763020855],[87.93627034505272,25.28175889756949],[87.93737820095555,25.280694444444634],[87.93652479383735,25.27987467447923],[87.93656087239646,25.27809678819466],[87.93472222222294,25.27694444444444],[87.9324739583339,25.277444118923825],[87.93131022135475,25.279762369791683],[87.92875271267422,25.28059244791666],[87.92981146918459,25.28208062065977],[87.93344102647626,25.28041992187508]]]}},{"type":"Feature","id":"hydrolakes:1384875","properties":{"Hylak_id":1384875,"Lake_name":"","Country":"India","Continent":"Asia","Poly_src":"SWBD","Lake_type":1,"Grand_id":0,"Lake_area":0.39,"Shore_len":5.02,"Shore_dev":2.27,"Vol_total":0.73,"Vol_res":0.0,"Vol_src":3,"Depth_avg":1.9,"Dis_avg":5.097,"Res_time":1.6,"Elevation":27,"Slope_100":0.55,"Wshd_area":193.0,"Pour_long":87.878846,"Pour_lat":25.277931,"source_id":"hydrolakes:1384875","label":""},"geometry":{"type":"Polygon","coordinates":[[[87.88883138020896,25.261159939236165],[87.88777777777864,25.25972222222225],[87.88735080295208,25.259850802951405],[87.88698893229241,25.26261718750021],[87.88638346354224,25.26370171440982],[87.88690755208404,25.26610460069452],[87.88623209635483,25.268585611979233],[87.88221028645921,25.27479926215284],[87.88040635850751,25.275128580729245],[87.87820475260492,25.278234592013916],[87.87919976128524,25.278695746527774],[87.88084472656317,25.27766547309028],[87.88235215928881,25.275915798611152],[87.88552137586868,25.2732611762155],[87.88764919704914,25.26876030815987],[87.88851915147626,25.265582682291722],[87.88883138020896,25.261159939236165]]]}},{"type":"Feature","id":"hydrolakes:1384878","properties":{"Hylak_id":1384878,"Lake_name":"","Country":"India","Continent":"Asia","Poly_src":"SWBD","Lake_type":1,"Grand_id":0,"Lake_area":0.23,"Shore_len":2.92,"Shore_dev":1.7,"Vol_total":0.26,"Vol_res":0.0,"Vol_src":3,"Depth_avg":1.1,"Dis_avg":0.018,"Res_time":169.9,"Elevation":28,"Slope_100":0.23,"Wshd_area":0.8,"Pour_long":87.68612,"Pour_lat":25.274139,"source_id":"hydrolakes:1384878","label":""},"geometry":{"type":"Polygon","coordinates":[[[87.68638888888961,25.275737304687652],[87.68770806206669,25.27539171006947],[87.69450466579929,25.275507269965317],[87.69567654079941,25.273978949652815],[87.69291395399358,25.274088541666742],[87.68847764756998,25.2737337239584],[87.68903645833387,25.272637803819464],[87.6880555555561,25.271388888888907],[87.6871196831604,25.272889539930702],[87.68403320312558,25.274234483507144],[87.68445421006999,25.275230577257105],[87.68638888888961,25.275737304687652]]]}},{"type":"Feature","id":"hydrolakes:1384881","properties":{"Hylak_id":1384881,"Lake_name":"","Country":"India","Continent":"Asia","Poly_src":"SWBD","Lake_type":1,"Grand_id":0,"Lake_area":0.54,"Shore_len":5.42,"Shore_dev":2.08,"Vol_total":1.22,"Vol_res":0.0,"Vol_src":3,"Depth_avg":2.3,"Dis_avg":0.561,"Res_time":25.2,"Elevation":23,"Slope_100":0.73,"Wshd_area":19.6,"Pour_long":88.13787,"Pour_lat":25.27347,"source_id":"hydrolakes:1384881","label":""},"geometry":{"type":"Polygon","coordinates":[[[88.13851996527853,25.273067491319523],[88.13750000000073,25.27166666666676],[88.13598415798685,25.272299262152842],[88.13600775824727,25.273931749132032],[88.13524332682368,25.276786566840258],[88.13570312500059,25.277632378472276],[88.13565809461875,25.27838650173618],[88.13784450954915,25.279777018229197],[88.13848008897634,25.280686848958396],[88.13897949218824,25.28230468750013],[88.14096435546946,25.28403537326409],[88.14200710720553,25.284514431423645],[88.14435872395899,25.2871614583334],[88.1442366536466,25.2892116970487],[88.14481255425426,25.289856228298788],[88.14770589192779,25.290964626736184],[88.14831787109449,25.28995659722233],[88.14710150824709,25.28886990017378],[88.14658067491393,25.28663085937501],[88.1458927408861,25.285549587673643],[88.14382622612925,25.28350802951394],[88.14056016710134,25.281278211805557],[88.13950900607733,25.2797737630209],[88.13795491536524,25.276753472222254],[88.13786675347279,25.275273437500175],[88.13851996527853,25.273067491319523]]]}},{"type":"Feature","id":"hydrolakes:1384882","properties":{"Hylak_id":1384882,"Lake_name":"","Country":"India","Continent":"Asia","Poly_src":"SWBD","Lake_type":1,"Grand_id":0,"Lake_area":0.39,"Shore_len":2.87,"Shore_dev":1.29,"Vol_total":1.02,"Vol_res":0.0,"Vol_src":3,"Depth_avg":2.6,"Dis_avg":0.107,"Res_time":110.8,"Elevation":35,"Slope_100":1.1,"Wshd_area":8.0,"Pour_long":86.064231,"Pour_lat":25.272973,"source_id":"hydrolakes:1384882","label":""},"geometry":{"type":"Polygon","coordinates":[[[86.07382093641542,25.274568142361204],[86.07595526801288,25.27243326822935],[86.07599283854222,25.271965603298668],[86.07376030816044,25.27123969184032],[86.07111111111169,25.27083333333337],[86.06707302517401,25.270961914062582],[86.06598944770019,25.271730143229206],[86.06349609375059,25.272481011284754],[86.06341878255256,25.273442925347354],[86.06696451822955,25.274504665798645],[86.07000000000062,25.274261067708437],[86.07382093641542,25.274568142361204]]]}},{"type":"Feature","id":"hydrolakes:1384887","properties":{"Hylak_id":1384887,"Lake_name":"","Country":"India","Continent":"Asia","Poly_src":"SWBD","Lake_type":1,"Grand_id":0,"Lake_area":0.46,"Shore_len":4.94,"Shore_dev":2.05,"Vol_total":0.61,"Vol_res":0.0,"Vol_src":3,"Depth_avg":1.3,"Dis_avg":0.129,"Res_time":55.0,"Elevation":28,"Slope_100":0.25,"Wshd_area":5.6,"Pour_long":87.683514,"Pour_lat":25.268837,"source_id":"hydrolakes:1384887","label":""},"geometry":{"type":"Polygon","coordinates":[[[87.66941975911539,25.27233995225697],[87.67103162977503,25.270469292534756],[87.67293185763958,25.269621310763966],[87.67452609592073,25.26931586371535],[87.67730278862899,25.269921332465287],[87.68013888888942,25.26969346788195],[87.68337429470557,25.26995388454867],[87.68387152777831,25.268301323784726],[87.68257649739638,25.26791124131944],[87.68222222222283,25.267500000000098],[87.67804063585123,25.26839409722237],[87.67427056206651,25.268091362847258],[87.6732047526047,25.268482530382016],[87.66984402126792,25.268825412326464],[87.66876030816047,25.269593641493202],[87.66748589409775,25.269977213541722],[87.66622775607692,25.268991970486184],[87.66504177517425,25.269653862847292],[87.66270779079917,25.269611002604336],[87.6623714192715,25.270627170138937],[87.66348253038251,25.270961914062582],[87.66490180121593,25.272135959201478],[87.66595214843807,25.272051323784808],[87.66752224392422,25.27297363281258],[87.66941975911539,25.27233995225697]]]}},{"type":"Feature","id":"hydrolakes:1384889","properties":{"Hylak_id":1384889,"Lake_name":"","Country":"India","Continent":"Asia","Poly_src":"SWBD","Lake_type":1,"Grand_id":0,"Lake_area":0.38,"Shore_len":3.96,"Shore_dev":1.81,"Vol_total":1.09,"Vol_res":0.0,"Vol_src":3,"Depth_avg":2.8,"Dis_avg":0.163,"Res_time":77.4,"Elevation":37,"Slope_100":1.31,"Wshd_area":12.2,"Pour_long":86.049339,"Pour_lat":25.267073,"source_id":"hydrolakes:1384889","label":""},"geometry":{"type":"Polygon","coordinates":[[[86.06401414659348,25.27134006076392],[86.06403984917608,25.270909288194446],[86.06318664550815,25.270146484375005],[86.06251078287806,25.269084201388978],[86.05959113227044,25.268186848958464],[86.05524881998758,25.26767795138909],[86.05276909722267,25.266217447916745],[86.0508555772575,25.266331380208385],[86.04916666666725,25.265277777777783],[86.0465355767148,25.265442708333524],[86.047353312175,25.266257595486195],[86.05096442328608,25.26847981770851],[86.05292446560384,25.268742404513944],[86.05689100477468,25.269871419270885],[86.05791042751798,25.27042534722233],[86.05945231119847,25.270333658854213],[86.06121866862031,25.271293402777815],[86.06401414659348,25.27134006076392]]]}},{"type":"Feature","id":"hydrolakes:1384890","properties":{"Hylak_id":1384890,"Lake_name":"","Country":"India","Continent":"Asia","Poly_src":"SWBD","Lake_type":1,"Grand_id":0,"Lake_area":0.42,"Shore_len":3.95,"Shore_dev":1.72,"Vol_total":1.14,"Vol_res":0.0,"Vol_src":3,"Depth_avg":2.7,"Dis_avg":2.144,"Res_time":6.2,"Elevation":23,"Slope_100":1.16,"Wshd_area":98.8,"Pour_long":87.609029,"Pour_lat":25.264354,"source_id":"hydrolakes:1384890","label":""},"geometry":{"type":"Polygon","coordinates":[[[87.6099978298617,25.264120008680607],[87.6097222222229,25.26333333333332],[87.60820990668469,25.263621961805597],[87.60577229817773,25.2646234809028],[87.59264784071252,25.268384331597304],[87.59260443793454,25.26947753906262],[87.59718234592083,25.26965874565974],[87.59957790798666,25.268744574653],[87.60112250434099,25.26844997829869],[87.60557427300427,25.267040473090333],[87.60925265842076,25.265202907986293],[87.6099978298617,25.264120008680607]]]}},{"type":"Feature","id":"hydrolakes:1384892","properties":{"Hylak_id":1384892,"Lake_name":"","Country":"India","Continent":"Asia","Poly_src":"SWBD","Lake_type":1,"Grand_id":0,"Lake_area":0.45,"Shore_len":2.7,"Shore_dev":1.13,"Vol_total":0.97,"Vol_res":0.0,"Vol_src":3,"Depth_avg":2.1,"Dis_avg":0.133,"Res_time":84.0,"Elevation":28,"Slope_100":0.69,"Wshd_area":6.2,"Pour_long":87.519475,"Pour_lat":25.260396,"source_id":"hydrolakes:1384892","label":""},"geometry":{"type":"Polygon","coordinates":[[[87.52722412109432,25.262510850694582],[87.52859700520901,25.259495985243063],[87.52759114583398,25.258240017361118],[87.52500000000066,25.257222222222254],[87.52158610026106,25.257645941840394],[87.52015435112907,25.258487413194473],[87.51822482638948,25.25920084635419],[87.51811604817766,25.260075412326557],[87.51904324001805,25.261234809027826],[87.51938286675403,25.262041015625016],[87.52083333333388,25.262221679687514],[87.52453314887208,25.26200303819445],[87.52722412109432,25.262510850694582]]]}},{"type":"Feature","id":"hydrolakes:1384907","properties":{"Hylak_id":1384907,"Lake_name":"","Country":"India","Continent":"Asia","Poly_src":"SWBD","Lake_type":1,"Grand_id":0,"Lake_area":0.77,"Shore_len":8.14,"Shore_dev":2.62,"Vol_total":1.57,"Vol_res":0.0,"Vol_src":3,"Depth_avg":2.0,"Dis_avg":0.189,"Res_time":95.9,"Elevation":32,"Slope_100":0.53,"Wshd_area":10.3,"Pour_long":87.172381,"Pour_lat":25.250261,"source_id":"hydrolakes:1384907","label":""},"geometry":{"type":"Polygon","coordinates":[[[87.17353732638941,25.250283203125207],[87.17513102213599,25.249297960069555],[87.17897745768283,25.248238389757034],[87.18305908203195,25.24587131076396],[87.18222222222272,25.244722222222265],[87.18107096354214,25.24556043836816],[87.17875786675398,25.246535373263953],[87.17570231119845,25.24764648437514],[87.173742133247,25.247909071180686],[87.1725599500873,25.248734809027894],[87.17098008897625,25.247631293402833],[87.16944485134616,25.24734429253482],[87.16473524305621,25.247526041666674],[87.16245388454922,25.24675889756952],[87.15860202365513,25.24683919270842],[87.15528686523493,25.246216362847292],[87.148468288846,25.246258680555627],[87.14626180013073,25.245866427951455],[87.14598008897633,25.247271592882043],[87.14888888888942,25.24871093750022],[87.15096937391542,25.24784179687515],[87.15529215494843,25.2478162977431],[87.15630886501793,25.248526475694632],[87.1609235297314,25.248711480034785],[87.16313585069508,25.249337022569534],[87.16414089626784,25.248976779514066],[87.1656785753043,25.249068467881955],[87.16778564453176,25.2496327039932],[87.17015530056494,25.24965874565993],[87.17219224717928,25.250765516493175],[87.17353732638941,25.250283203125207]]]}},{"type":"Feature","id":"hydrolakes:1384908","properties":{"Hylak_id":1384908,"Lake_name":"","Country":"India","Continent":"Asia","Poly_src":"SWBD","Lake_type":1,"Grand_id":0,"Lake_area":0.21,"Shore_len":1.97,"Shore_dev":1.22,"Vol_total":0.29,"Vol_res":0.0,"Vol_src":3,"Depth_avg":1.4,"Dis_avg":0.078,"Res_time":43.2,"Elevation":28,"Slope_100":0.36,"Wshd_area":3.3,"Pour_long":87.758825,"Pour_lat":25.250429,"source_id":"hydrolakes:1384908","label":""},"geometry":{"type":"Polygon","coordinates":[[[87.76032769097282,25.249545898437532],[87.75944444444502,25.248333333333335],[87.75686496310834,25.249096137152833],[87.75528672960138,25.248238389757034],[87.75384385850754,25.25225585937511],[87.7546641710075,25.253464626736104],[87.75690266927137,25.25253363715285],[87.76032769097282,25.249545898437532]]]}},{"type":"Feature","id":"hydrolakes:1384909","properties":{"Hylak_id":1384909,"Lake_name":"","Country":"India","Continent":"Asia","Poly_src":"SWBD","Lake_type":1,"Grand_id":0,"Lake_area":0.73,"Shore_len":7.18,"Shore_dev":2.37,"Vol_total":1.74,"Vol_res":0.0,"Vol_src":3,"Depth_avg":2.4,"Dis_avg":0.337,"Res_time":59.9,"Elevation":27,"Slope_100":0.75,"Wshd_area":18.2,"Pour_long":87.204372,"Pour_lat":25.249389,"source_id":"hydrolakes:1384909","label":""},"geometry":{"type":"Polygon","coordinates":[[[87.17735582139807,25.254300130208435],[87.1797531467019,25.253729383680707],[87.18091240776971,25.253774956597397],[87.1865907118061,25.252118055555627],[87.19511678059945,25.25049262152777],[87.20074964735329,25.24984700520838],[87.2013108995231,25.249869249132132],[87.20236111111166,25.250424804687555],[87.20295084635478,25.25011284722234],[87.20375474717946,25.250144314236195],[87.2047813585076,25.249437934027867],[87.20369954427139,25.248435872395874],[87.20062554253536,25.248430989583426],[87.20027777777835,25.248055555555652],[87.1951692708339,25.248969726562507],[87.1884596082906,25.24956651475702],[87.18642008463593,25.250281032986152],[87.17957872178869,25.251244574652958],[87.17683865017432,25.252368164062545],[87.1762740071623,25.252345377604172],[87.17291137695366,25.253466796875045],[87.1712193467888,25.254503038194457],[87.17125786675399,25.255476888020894],[87.17331665039131,25.255395507812523],[87.17735582139807,25.254300130208435]]]}},{"type":"Feature","id":"hydrolakes:1384910","properties":{"Hylak_id":1384910,"Lake_name":"","Country":"India","Continent":"Asia","Poly_src":"SWBD","Lake_type":1,"Grand_id":0,"Lake_area":0.64,"Shore_len":3.06,"Shore_dev":1.08,"Vol_total":1.29,"Vol_res":0.0,"Vol_src":3,"Depth_avg":2.0,"Dis_avg":0.044,"Res_time":340.4,"Elevation":47,"Slope_100":0.55,"Wshd_area":2.5,"Pour_long":87.017443,"Pour_lat":25.248423,"source_id":"hydrolakes:1384910","label":""},"geometry":{"type":"Polygon","coordinates":[[[87.01689317491378,25.245312500000068],[87.01638888888937,25.24416666666673],[87.01384616428015,25.24426974826389],[87.01220608181484,25.2447092013889],[87.01178493923669,25.246965603298634],[87.01068657769167,25.248742404513962],[87.01014675564295,25.25024956597224],[87.01107055664124,25.252823893229277],[87.01269287109437,25.253186848958478],[87.01740641276103,25.252905815972326],[87.01853814019154,25.251126302083435],[87.01815741645015,25.250065104166765],[87.01822021484423,25.249010959201428],[87.01689317491378,25.245312500000068]]]}},{"type":"Feature","id":"hydrolakes:1384911","properties":{"Hylak_id":1384911,"Lake_name":"","Country":"Bangladesh","Continent":"Asia","Poly_src":"SWBD","Lake_type":1,"Grand_id":0,"Lake_area":0.1,"Shore_len":1.6,"Shore_dev":1.42,"Vol_total":0.12,"Vol_res":0.0,"Vol_src":3,"Depth_avg":1.2,"Dis_avg":0.026,"Res_time":52.9,"Elevation":21,"Slope_100":0.32,"Wshd_area":0.8,"Pour_long":89.510595,"Pour_lat":25.247917,"source_id":"hydrolakes:1384911","label":""},"geometry":{"type":"Polygon","coordinates":[[[89.51189073350781,25.24549533420145],[89.5111111111118,25.244444444444525],[89.51043755425428,25.244637044270917],[89.51015435112924,25.246265190972224],[89.50934678819533,25.2476388888889],[89.51015435112924,25.249012586805577],[89.51043728298691,25.25095703125004],[89.51121663411539,25.25025065104171],[89.51189073350781,25.24549533420145]]]}},{"type":"Feature","id":"hydrolakes:1384919","properties":{"Hylak_id":1384919,"Lake_name":"","Country":"India","Continent":"Asia","Poly_src":"SWBD","Lake_type":1,"Grand_id":0,"Lake_area":0.37,"Shore_len":4.21,"Shore_dev":1.95,"Vol_total":0.59,"Vol_res":0.0,"Vol_src":3,"Depth_avg":1.6,"Dis_avg":3.345,"Res_time":2.1,"Elevation":22,"Slope_100":0.41,"Wshd_area":124.8,"Pour_long":88.03125,"Pour_lat":25.245304,"source_id":"hydrolakes:1384919","label":""},"geometry":{"type":"Polygon","coordinates":[[[88.03620307074715,25.24651638454867],[88.03461452908061,25.245697699652908],[88.03320800781313,25.245708550347274],[88.03236382378566,25.24513617621534],[88.03108045789992,25.244719509548645],[88.02971055772633,25.242914496527874],[88.02824598524376,25.239643012152783],[88.02786946614651,25.23732910156258],[88.02611111111167,25.23555555555555],[88.02515136718819,25.235742730034758],[88.02617187500084,25.237724066840485],[88.02655164930627,25.24121907552086],[88.02793999566035,25.242939453125075],[88.02898790147634,25.245099283854245],[88.03096950954915,25.24680826822936],[88.03565673828183,25.248468424479256],[88.03622504340353,25.248480360243093],[88.03791395399378,25.247661132812652],[88.03716471354227,25.246828342013885],[88.03620307074715,25.24651638454867]]]}},{"type":"Feature","id":"hydrolakes:1384920","properties":{"Hylak_id":1384920,"Lake_name":"","Country":"India","Continent":"Asia","Poly_src":"SWBD","Lake_type":1,"Grand_id":0,"Lake_area":0.36,"Shore_len":5.01,"Shore_dev":2.35,"Vol_total":0.78,"Vol_res":0.0,"Vol_src":3,"Depth_avg":2.2,"Dis_avg":0.044,"Res_time":206.4,"Elevation":26,"Slope_100":0.76,"Wshd_area":1.7,"Pour_long":87.898975,"Pour_lat":25.244087,"source_id":"hydrolakes:1384920","label":""},"geometry":{"type":"Polygon","coordinates":[[[87.90307644314316,25.23315049913208],[87.90138888888947,25.231111111111147],[87.9005908203132,25.231824001736243],[87.90109483507007,25.233228624131982],[87.90128716362909,25.236458875868266],[87.9000832790806,25.23979654947931],[87.89929768880262,25.24124240451397],[87.89767876519153,25.24675889756952],[87.89598307291749,25.248149956597274],[87.89348008897633,25.248617078993277],[87.89394558376807,25.249853515625148],[87.89724093967106,25.249479709201466],[87.8986268446186,25.24723795572919],[87.89931396484451,25.24501247829869],[87.90094536675429,25.242010633680593],[87.9028678385423,25.236652560763957],[87.90307644314316,25.23315049913208]]]}},{"type":"Feature","id":"hydrolakes:1384928","properties":{"Hylak_id":1384928,"Lake_name":"","Country":"India","Continent":"Asia","Poly_src":"SWBD","Lake_type":1,"Grand_id":0,"Lake_area":0.22,"Shore_len":3.28,"Shore_dev":1.97,"Vol_total":0.33,"Vol_res":0.0,"Vol_src":3,"Depth_avg":1.5,"Dis_avg":3.66,"Res_time":1.0,"Elevation":22,"Slope_100":0.4,"Wshd_area":141.0,"Pour_long":88.041891,"Pour_lat":25.240512,"source_id":"hydrolakes:1384928","label":""},"geometry":{"type":"Polygon","coordinates":[[[88.04019314236189,25.237411566840308],[88.03876030816048,25.236517469618093],[88.03746419270891,25.236127387152806],[88.03555555555624,25.234444444444534],[88.0334998914937,25.234653862847324],[88.03342149522626,25.235632052951473],[88.03378119574717,25.236277126736184],[88.03356119791738,25.239017469618148],[88.03461724175412,25.238754340277808],[88.03449300130268,25.237210286458378],[88.03500840928876,25.236612413194507],[88.03804036458388,25.237525499131948],[88.04024088541735,25.239421115451478],[88.04112304687567,25.242350802951478],[88.04211154513962,25.24173882378477],[88.04215304904568,25.239686957465324],[88.04019314236189,25.237411566840308]]]}},{"type":"Feature","id":"hydrolakes:1384931","properties":{"Hylak_id":1384931,"Lake_name":"","Country":"India","Continent":"Asia","Poly_src":"SWBD","Lake_type":1,"Grand_id":0,"Lake_area":0.32,"Shore_len":4.13,"Shore_dev":2.05,"Vol_total":0.56,"Vol_res":0.0,"Vol_src":3,"Depth_avg":1.7,"Dis_avg":0.032,"Res_time":200.8,"Elevation":27,"Slope_100":0.48,"Wshd_area":1.4,"Pour_long":87.758848,"Pour_lat":25.237692,"source_id":"hydrolakes:1384931","label":""},"geometry":{"type":"Polygon","coordinates":[[[87.77317654079917,25.228038736979215],[87.77250000000055,25.22694444444454],[87.77051649305622,25.227314453125018],[87.76838677300418,25.227926974826403],[87.76231255425421,25.23069932725707],[87.75993136935836,25.23308702256952],[87.75952989366385,25.233825954861175],[87.75959201388957,25.234867621527826],[87.75850314670191,25.236426866319448],[87.75841498480958,25.237904730902812],[87.75898627387215,25.237938910590344],[87.7598228624139,25.23719129774321],[87.76128580729227,25.234784613715306],[87.7632926432297,25.232275390625148],[87.76651746961858,25.230022786458335],[87.76989122178895,25.22925726996533],[87.77317654079917,25.228038736979215]]]}},{"type":"Feature","id":"hydrolakes:1384934","properties":{"Hylak_id":1384934,"Lake_name":"","Country":"India","Continent":"Asia","Poly_src":"SWBD","Lake_type":1,"Grand_id":0,"Lake_area":0.15,"Shore_len":1.79,"Shore_dev":1.3,"Vol_total":0.26,"Vol_res":0.0,"Vol_src":3,"Depth_avg":1.7,"Dis_avg":0.131,"Res_time":22.7,"Elevation":22,"Slope_100":0.62,"Wshd_area":4.9,"Pour_long":88.071663,"Pour_lat":25.235942,"source_id":"hydrolakes:1384934","label":""},"geometry":{"type":"Polygon","coordinates":[[[88.06849012586883,25.23654568142365],[88.06960991753544,25.23610568576396],[88.07197835286536,25.236654188367993],[88.07249240451443,25.235802408854227],[88.07097683376793,25.234888237847315],[88.0692876519106,25.234601236979188],[88.06843804253549,25.23397135416667],[88.06759629991393,25.23409559461811],[88.067222222223,25.233611111111202],[88.06599256727509,25.23376139322926],[88.06560682508757,25.234742296007028],[88.0660842556432,25.236456163194646],[88.06741617838605,25.236844618055557],[88.06849012586883,25.23654568142365]]]}},{"type":"Feature","id":"hydrolakes:1384936","properties":{"Hylak_id":1384936,"Lake_name":"","Country":"India","Continent":"Asia","Poly_src":"SWBD","Lake_type":1,"Grand_id":0,"Lake_area":0.41,"Shore_len":4.07,"Shore_dev":1.79,"Vol_total":1.01,"Vol_res":0.0,"Vol_src":3,"Depth_avg":2.5,"Dis_avg":79.775,"Res_time":0.1,"Elevation":30,"Slope_100":0.96,"Wshd_area":4252.6,"Pour_long":87.210335,"Pour_lat":25.234383,"source_id":"hydrolakes:1384936","label":""},"geometry":{"type":"Polygon","coordinates":[[[87.2114579264329,25.233978407118116],[87.20848253038264,25.231517469618268],[87.20693996853367,25.230551215277785],[87.20540635850745,25.228760308159735],[87.20507731119841,25.22766764322921],[87.2043023003477,25.227605251736122],[87.20399061414992,25.228640407986177],[87.19884019639824,25.227419704861177],[87.19833333333389,25.22694444444454],[87.1971209038636,25.22730957031257],[87.19703247070379,25.228411458333483],[87.19900607638937,25.23004394531256],[87.20053710937566,25.23046278211814],[87.20125773112028,25.23040473090282],[87.20351142035656,25.231094835069484],[87.20503784179738,25.232866210937573],[87.20642279730964,25.232093641493066],[87.20743313259618,25.232481011284733],[87.20882880316896,25.233683268229242],[87.21008205837728,25.235684136284817],[87.21179524739642,25.235310329861193],[87.2114579264329,25.233978407118116]]]}},{"type":"Feature","id":"hydrolakes:1384943","properties":{"Hylak_id":1384943,"Lake_name":"","Country":"India","Continent":"Asia","Poly_src":"SWBD","Lake_type":1,"Grand_id":0,"Lake_area":0.17,"Shore_len":1.74,"Shore_dev":1.21,"Vol_total":0.25,"Vol_res":0.0,"Vol_src":3,"Depth_avg":1.5,"Dis_avg":0.781,"Res_time":3.7,"Elevation":64,"Slope_100":0.46,"Wshd_area":65.3,"Pour_long":85.056853,"Pour_lat":25.22763,"source_id":"hydrolakes:1384943","label":""},"geometry":{"type":"Polygon","coordinates":[[[85.05985329945929,25.226257595486175],[85.05576557583316,25.226359049479242],[85.05514670054157,25.228083767361113],[85.05583614349416,25.22912543402788],[85.05763107723698,25.228742404513923],[85.0617825147844,25.228441840277867],[85.06187206268345,25.226939561632037],[85.05985329945929,25.226257595486175]]]}},{"type":"Feature","id":"hydrolakes:1384948","properties":{"Hylak_id":1384948,"Lake_name":"","Country":"India","Continent":"Asia","Poly_src":"SWBD","Lake_type":1,"Grand_id":0,"Lake_area":0.46,"Shore_len":2.63,"Shore_dev":1.09,"Vol_total":0.66,"Vol_res":0.0,"Vol_src":3,"Depth_avg":1.4,"Dis_avg":0.036,"Res_time":213.2,"Elevation":33,"Slope_100":0.3,"Wshd_area":1.9,"Pour_long":87.222904,"Pour_lat":25.222917,"source_id":"hydrolakes:1384948","label":""},"geometry":{"type":"Polygon","coordinates":[[[87.2212603081602,25.22764919704872],[87.22208007812571,25.22706814236119],[87.22331936306472,25.227523328993072],[87.22505343967077,25.225426974826405],[87.22436333550405,25.221643880208433],[87.22250000000048,25.220000000000084],[87.22088297526102,25.22021158854176],[87.21904242621582,25.22243652343758],[87.21822062174527,25.224674479166765],[87.21804294162376,25.22688530815975],[87.21940131293468,25.228461914062564],[87.2212603081602,25.22764919704872]]]}},{"type":"Feature","id":"hydrolakes:1384958","properties":{"Hylak_id":1384958,"Lake_name":"","Country":"India","Continent":"Asia","Poly_src":"SWBD","Lake_type":1,"Grand_id":0,"Lake_area":0.21,"Shore_len":1.98,"Shore_dev":1.21,"Vol_total":0.39,"Vol_res":0.0,"Vol_src":3,"Depth_avg":1.8,"Dis_avg":1.609,"Res_time":2.8,"Elevation":22,"Slope_100":0.61,"Wshd_area":62.5,"Pour_long":88.000222,"Pour_lat":25.212222,"source_id":"hydrolakes:1384958","label":""},"geometry":{"type":"Polygon","coordinates":[[[88.00070638020907,25.212548828125023],[88.00000000000063,25.2116666666667],[87.99925320095548,25.212088758680636],[87.99807752821255,25.213698459201453],[87.99878743489643,25.21538357204861],[88.00015435112914,25.215679253472388],[88.00379503038249,25.217901475694475],[88.00456787109442,25.216721462673604],[88.00404324001806,25.215679253472388],[88.00317437066042,25.21420572916668],[88.00154324001812,25.21290147569448],[88.00070638020907,25.212548828125023]]]}},{"type":"Feature","id":"hydrolakes:1384965","properties":{"Hylak_id":1384965,"Lake_name":"","Country":"India","Continent":"Asia","Poly_src":"SWBD","Lake_type":1,"Grand_id":0,"Lake_area":0.28,"Shore_len":3.39,"Shore_dev":1.79,"Vol_total":0.47,"Vol_res":0.0,"Vol_src":3,"Depth_avg":1.6,"Dis_avg":0.432,"Res_time":12.5,"Elevation":26,"Slope_100":0.46,"Wshd_area":17.7,"Pour_long":87.862884,"Pour_lat":25.209234,"source_id":"hydrolakes:1384965","label":""},"geometry":{"type":"Polygon","coordinates":[[[87.86403645833394,25.209021267361152],[87.86361111111165,25.208333333333428],[87.8609800889763,25.20931315104184],[87.85917100694519,25.20965115017367],[87.85848008897625,25.210424262152856],[87.85681342230976,25.211484375000055],[87.8570754665804,25.212090928819464],[87.85763102213599,25.212587348090324],[87.85660210503545,25.214773763020844],[87.85431342230964,25.218050130208496],[87.8550488281258,25.219014214409754],[87.85542290581651,25.219036458333505],[87.85684136284777,25.218339843750016],[87.85873291015685,25.21440321180563],[87.8593996853304,25.2119829644098],[87.8609800889763,25.211257595486302],[87.86241644965367,25.210079210069466],[87.86401719835129,25.20934461805558],[87.86403645833394,25.209021267361152]]]}},{"type":"Feature","id":"hydrolakes:1384970","properties":{"Hylak_id":1384970,"Lake_name":"","Country":"India","Continent":"Asia","Poly_src":"SWBD","Lake_type":1,"Grand_id":0,"Lake_area":0.21,"Shore_len":1.99,"Shore_dev":1.22,"Vol_total":0.35,"Vol_res":0.0,"Vol_src":3,"Depth_avg":1.7,"Dis_avg":0.021,"Res_time":194.7,"Elevation":24,"Slope_100":0.53,"Wshd_area":0.8,"Pour_long":88.047917,"Pour_lat":25.205753,"source_id":"hydrolakes:1384970","label":""},"geometry":{"type":"Polygon","coordinates":[[[88.04707546658045,25.202090928819473],[88.04638888888945,25.201111111111175],[88.04584092882021,25.201280381944457],[88.04515272352495,25.202547200520826],[88.04507812500054,25.20379774305576],[88.04552897135488,25.20525770399314],[88.0481483289937,25.20754231770843],[88.0500773111986,25.208058810764044],[88.05048800998338,25.20691460503474],[88.04986897786534,25.20568684895835],[88.04707546658045,25.202090928819473]]]}},{"type":"Feature","id":"hydrolakes:1384974","properties":{"Hylak_id":1384974,"Lake_name":"","Country":"India","Continent":"Asia","Poly_src":"SWBD","Lake_type":1,"Grand_id":0,"Lake_area":0.54,"Shore_len":7.21,"Shore_dev":2.78,"Vol_total":0.98,"Vol_res":0.0,"Vol_src":3,"Depth_avg":1.8,"Dis_avg":0.546,"Res_time":20.9,"Elevation":26,"Slope_100":0.47,"Wshd_area":21.7,"Pour_long":87.886023,"Pour_lat":25.203179,"source_id":"hydrolakes:1384974","label":""},"geometry":{"type":"Polygon","coordinates":[[[87.88730495876825,25.203977864583408],[87.88583333333418,25.201944444444507],[87.8848665364589,25.202128906250095],[87.88620469835126,25.205284830729283],[87.88697591145893,25.207919379340353],[87.88798746744845,25.213876410590274],[87.89105631510478,25.215784505208546],[87.89315212673665,25.218927408854256],[87.89374457465334,25.220617947048652],[87.89301432291728,25.22333387586815],[87.89185763888963,25.22458224826397],[87.88964328342075,25.225627170138978],[87.88848144531306,25.22782280815977],[87.88843397352485,25.2290207248264],[87.88875461154595,25.229033203125084],[87.89206651475757,25.226594509548647],[87.89483696831667,25.22283094618058],[87.89497558593808,25.219333767361206],[87.89423611111187,25.216763780381996],[87.89017035590331,25.2129177517362],[87.88879774305622,25.212590603298622],[87.88876708984446,25.208179796007073],[87.88796522352504,25.207436523437593],[87.88730495876825,25.203977864583408]]]}},{"type":"Feature","id":"hydrolakes:1384977","properties":{"Hylak_id":1384977,"Lake_name":"","Country":"India","Continent":"Asia","Poly_src":"SWBD","Lake_type":1,"Grand_id":0,"Lake_area":0.23,"Shore_len":1.96,"Shore_dev":1.17,"Vol_total":0.45,"Vol_res":0.0,"Vol_src":3,"Depth_avg":2.0,"Dis_avg":0.005,"Res_time":1039.4,"Elevation":24,"Slope_100":0.74,"Wshd_area":0.2,"Pour_long":88.035417,"Pour_lat":25.201583,"source_id":"hydrolakes:1384977","label":""},"geometry":{"type":"Polygon","coordinates":[[[88.03373969184082,25.19820475260417],[88.03361111111178,25.198055555555584],[88.03183566623323,25.198236762152817],[88.03173828125091,25.19944878472222],[88.03261366102504,25.200846896701478],[88.03553521050424,25.20326334635422],[88.03758165147644,25.203823784722374],[88.03813096788258,25.202839626736306],[88.03753580729227,25.200863172743198],[88.03570475260494,25.199295247395867],[88.03373969184082,25.19820475260417]]]}},{"type":"Feature","id":"hydrolakes:1385010","properties":{"Hylak_id":1385010,"Lake_name":"","Country":"India","Continent":"Asia","Poly_src":"SWBD","Lake_type":1,"Grand_id":0,"Lake_area":0.11,"Shore_len":1.75,"Shore_dev":1.48,"Vol_total":0.2,"Vol_res":0.0,"Vol_src":3,"Depth_avg":1.8,"Dis_avg":0.005,"Res_time":473.7,"Elevation":24,"Slope_100":0.79,"Wshd_area":0.2,"Pour_long":88.020044,"Pour_lat":25.175476,"source_id":"hydrolakes:1385010","label":""},"geometry":{"type":"Polygon","coordinates":[[[88.02308105468813,25.176443684895844],[88.02141791449714,25.1741276041667],[88.01981987847279,25.174714626736147],[88.01750000000067,25.173055555555663],[88.01653808593807,25.173884006076378],[88.01709879557359,25.17482530381949],[88.0187603081605,25.175128580729222],[88.02211778428887,25.17727376302082],[88.02308105468813,25.176443684895844]]]}},{"type":"Feature","id":"hydrolakes:1385014","properties":{"Hylak_id":1385014,"Lake_name":"","Country":"India","Continent":"Asia","Poly_src":"SWBD","Lake_type":1,"Grand_id":0,"Lake_area":0.59,"Shore_len":3.96,"Shore_dev":1.46,"Vol_total":1.38,"Vol_res":0.0,"Vol_src":3,"Depth_avg":2.3,"Dis_avg":0.222,"Res_time":71.9,"Elevation":24,"Slope_100":0.77,"Wshd_area":9.5,"Pour_long":87.747226,"Pour_lat":25.173238,"source_id":"hydrolakes:1385014","label":""},"geometry":{"type":"Polygon","coordinates":[[[87.74873046875064,25.177451714409813],[87.74916286892426,25.173791232638905],[87.7486268446188,25.17262315538204],[87.74710476345541,25.171655273437693],[87.74842583550407,25.16905436197925],[87.74980902777833,25.167818467882],[87.74988878038272,25.16647840711812],[87.74888888888961,25.165555555555557],[87.74720133463609,25.16578125000018],[87.74437581380278,25.16830566406253],[87.74400499132014,25.169339735243227],[87.74408501519167,25.170684136284763],[87.74375786675404,25.172090928819443],[87.7428320312506,25.174194335937557],[87.74354031033039,25.17498697916676],[87.74463243272635,25.174393446180545],[87.7451467556429,25.174853515625045],[87.74596435546931,25.177646484375146],[87.7466354709207,25.179009331597285],[87.74843858507012,25.17911675347227],[87.74873046875064,25.177451714409813]]]}},{"type":"Feature","id":"hydrolakes:1385029","properties":{"Hylak_id":1385029,"Lake_name":"","Country":"India","Continent":"Asia","Poly_src":"SWBD","Lake_type":1,"Grand_id":0,"Lake_area":0.25,"Shore_len":2.48,"Shore_dev":1.41,"Vol_total":0.5,"Vol_res":0.0,"Vol_src":3,"Depth_avg":2.0,"Dis_avg":0.058,"Res_time":99.2,"Elevation":26,"Slope_100":0.74,"Wshd_area":2.1,"Pour_long":88.102414,"Pour_lat":25.159699,"source_id":"hydrolakes:1385029","label":""},"geometry":{"type":"Polygon","coordinates":[[[88.10151231553891,25.151265190972424],[88.10138888888952,25.151111111111106],[88.10019287109441,25.15178710937505],[88.10004231770927,25.152998589409776],[88.10098768446255,25.156512586805718],[88.1016625976568,25.160481228298636],[88.10226589626814,25.161234809027803],[88.10341281467083,25.15992187500018],[88.10353162977503,25.158967556423704],[88.10315592447989,25.156975911458403],[88.10333306206661,25.155552300347324],[88.10288574218828,25.151974826388937],[88.10151231553891,25.151265190972424]]]}},{"type":"Feature","id":"hydrolakes:1385031","properties":{"Hylak_id":1385031,"Lake_name":"","Country":"Bangladesh","Continent":"Asia","Poly_src":"SWBD","Lake_type":1,"Grand_id":0,"Lake_area":0.31,"Shore_len":4.24,"Shore_dev":2.14,"Vol_total":0.61,"Vol_res":0.0,"Vol_src":3,"Depth_avg":2.0,"Dis_avg":0.457,"Res_time":15.5,"Elevation":18,"Slope_100":0.64,"Wshd_area":12.8,"Pour_long":89.76875,"Pour_lat":25.157242,"source_id":"hydrolakes:1385031","label":""},"geometry":{"type":"Polygon","coordinates":[[[89.76766113281332,25.1669807942709],[89.76918891059103,25.166150173611186],[89.7707020399314,25.166972656250095],[89.77235351562581,25.16549750434035],[89.7714360894106,25.165086263020953],[89.7702566189243,25.1651567925349],[89.76798285590348,25.164627821180602],[89.76713812934105,25.16387261284723],[89.76653537326462,25.162194010416727],[89.7668419053827,25.159784613715374],[89.77232638888972,25.155786675347258],[89.77194444444518,25.15472222222229],[89.76971842447989,25.1553152126736],[89.76712022569512,25.157554253472256],[89.76497450086885,25.160872938368072],[89.76607747395911,25.16501627604174],[89.76675238715353,25.1664870876736],[89.76766113281332,25.1669807942709]]]}},{"type":"Feature","id":"hydrolakes:1385035","properties":{"Hylak_id":1385035,"Lake_name":"","Country":"India","Continent":"Asia","Poly_src":"SWBD","Lake_type":1,"Grand_id":0,"Lake_area":0.11,"Shore_len":1.44,"Shore_dev":1.24,"Vol_total":0.15,"Vol_res":0.0,"Vol_src":3,"Depth_avg":1.4,"Dis_avg":0.021,"Res_time":83.0,"Elevation":58,"Slope_100":0.44,"Wshd_area":1.7,"Pour_long":85.498317,"Pour_lat":25.156433,"source_id":"hydrolakes:1385035","label":""},"geometry":{"type":"Polygon","coordinates":[[[85.49873463948603,25.155154079861234],[85.49805555555594,25.1538888888889],[85.4969076538091,25.154088541666795],[85.49742316352058,25.157630750868066],[85.49812245686888,25.15929036458334],[85.49955969916505,25.158471137152787],[85.4998979356559,25.157895507812555],[85.49954481336863,25.1562635633681],[85.49873463948603,25.155154079861234]]]}},{"type":"Feature","id":"hydrolakes:1385046","properties":{"Hylak_id":1385046,"Lake_name":"","Country":"Bangladesh","Continent":"Asia","Poly_src":"SWBD","Lake_type":1,"Grand_id":0,"Lake_area":0.2,"Shore_len":2.89,"Shore_dev":1.85,"Vol_total":0.3,"Vol_res":0.0,"Vol_src":3,"Depth_avg":1.5,"Dis_avg":58.227,"Res_time":0.1,"Elevation":22,"Slope_100":0.46,"Wshd_area":1531.9,"Pour_long":88.468281,"Pour_lat":25.153728,"source_id":"hydrolakes:1385046","label":""},"geometry":{"type":"Polygon","coordinates":[[[88.46917236328204,25.15397189670142],[88.46861111111184,25.153055555555568],[88.4677029079869,25.153343098958487],[88.46670898437566,25.155620659722217],[88.46682725694518,25.160547960069493],[88.46652615017427,25.16212456597225],[88.46514431423691,25.16413302951395],[88.46556803385482,25.16485568576394],[88.46763292100775,25.162635091145944],[88.4681922743062,25.161039496527962],[88.46846679687559,25.158744574652815],[88.46881618923703,25.158084852430704],[88.46820231119858,25.156333550347256],[88.46917236328204,25.15397189670142]]]}},{"type":"Feature","id":"hydrolakes:1385050","properties":{"Hylak_id":1385050,"Lake_name":"","Country":"India","Continent":"Asia","Poly_src":"SWBD","Lake_type":1,"Grand_id":0,"Lake_area":0.23,"Shore_len":2.26,"Shore_dev":1.32,"Vol_total":0.32,"Vol_res":0.0,"Vol_src":3,"Depth_avg":1.4,"Dis_avg":0.037,"Res_time":101.3,"Elevation":58,"Slope_100":0.35,"Wshd_area":3.1,"Pour_long":85.458635,"Pour_lat":25.151353,"source_id":"hydrolakes:1385050","label":""},"geometry":{"type":"Polygon","coordinates":[[[85.45856441921711,25.152575412326428],[85.45908949110282,25.15132975260434],[85.45899522569499,25.150571289062555],[85.45722222222258,25.149722222222238],[85.45262352837506,25.149845920138887],[85.45153381347694,25.150156792534915],[85.45024776882644,25.14999674479168],[85.44959869384803,25.151098090277856],[85.45094587538011,25.15234592013894],[85.45402777777849,25.151962348090365],[85.45627210829048,25.152241753472254],[85.45748908148926,25.15270941840282],[85.45856441921711,25.152575412326428]]]}},{"type":"Feature","id":"hydrolakes:1385054","properties":{"Hylak_id":1385054,"Lake_name":"","Country":"India","Continent":"Asia","Poly_src":"SWBD","Lake_type":1,"Grand_id":0,"Lake_area":0.34,"Shore_len":2.2,"Shore_dev":1.06,"Vol_total":0.6,"Vol_res":0.0,"Vol_src":3,"Depth_avg":1.7,"Dis_avg":0.189,"Res_time":36.6,"Elevation":18,"Slope_100":0.48,"Wshd_area":6.6,"Pour_long":88.309227,"Pour_lat":25.148501,"source_id":"hydrolakes:1385054","label":""},"geometry":{"type":"Polygon","coordinates":[[[88.31116455078183,25.148161892361145],[88.31027777777837,25.1469444444445],[88.30764811197974,25.147089843750052],[88.30536485460141,25.14912977430555],[88.3053119574659,25.15231174045141],[88.30654052734434,25.153503146701382],[88.30943603515692,25.15260904947928],[88.31195312500057,25.150110677083376],[88.31116455078183,25.148161892361145]]]}},{"type":"Feature","id":"hydrolakes:1385055","properties":{"Hylak_id":1385055,"Lake_name":"","Country":"India","Continent":"Asia","Poly_src":"SWBD","Lake_type":1,"Grand_id":0,"Lake_area":0.31,"Shore_len":3.31,"Shore_dev":1.68,"Vol_total":0.54,"Vol_res":0.0,"Vol_src":3,"Depth_avg":1.8,"Dis_avg":0.104,"Res_time":60.6,"Elevation":24,"Slope_100":0.53,"Wshd_area":4.3,"Pour_long":87.838675,"Pour_lat":25.148437,"source_id":"hydrolakes:1385055","label":""},"geometry":{"type":"Polygon","coordinates":[[[87.83955973307349,25.14835937500021],[87.83777777777846,25.146111111111168],[87.83724175347311,25.146272243923647],[87.83592095269154,25.14968424479173],[87.8365226236985,25.15324490017366],[87.8383173285597,25.157669813368045],[87.83923909505279,25.158739691840367],[87.84039957682364,25.15826768663203],[87.84044270833408,25.15773057725704],[87.83848253038252,25.15472222222229],[87.83873969184089,25.15318413628472],[87.83971381293458,25.15194010416667],[87.83820475260478,25.15011610243056],[87.83872748480968,25.149576822916742],[87.83985080295218,25.14923828125012],[87.83955973307349,25.14835937500021]]]}},{"type":"Feature","id":"hydrolakes:1385056","properties":{"Hylak_id":1385056,"Lake_name":"","Country":"India","Continent":"Asia","Poly_src":"SWBD","Lake_type":1,"Grand_id":0,"Lake_area":0.14,"Shore_len":1.82,"Shore_dev":1.39,"Vol_total":0.18,"Vol_res":0.0,"Vol_src":3,"Depth_avg":1.3,"Dis_avg":0.025,"Res_time":84.4,"Elevation":60,"Slope_100":0.37,"Wshd_area":2.1,"Pour_long":85.452207,"Pour_lat":25.147002,"source_id":"hydrolakes:1385056","label":""},"geometry":{"type":"Polygon","coordinates":[[[85.45352054172145,25.143012695312564],[85.45277777777835,25.141111111111115],[85.45189609103767,25.141383463541672],[85.4515042114262,25.142104492187514],[85.45132205539335,25.148173828125152],[85.4528976101351,25.148267686632096],[85.45352054172145,25.143012695312564]]]}},{"type":"Feature","id":"hydrolakes:1385058","properties":{"Hylak_id":1385058,"Lake_name":"","Country":"India","Continent":"Asia","Poly_src":"SWBD","Lake_type":1,"Grand_id":0,"Lake_area":0.19,"Shore_len":1.69,"Shore_dev":1.1,"Vol_total":0.31,"Vol_res":0.0,"Vol_src":3,"Depth_avg":1.6,"Dis_avg":0.207,"Res_time":17.3,"Elevation":23,"Slope_100":0.52,"Wshd_area":8.0,"Pour_long":88.000451,"Pour_lat":25.146024,"source_id":"hydrolakes:1385058","label":""},"geometry":{"type":"Polygon","coordinates":[[[88.00095675998324,25.14209852430571],[88.0008333333339,25.141944444444505],[87.99951605902845,25.142109375000132],[87.998021647136,25.144154730902812],[87.99783148871592,25.14568467881952],[87.99846272786516,25.14739203559037],[88.0000490993931,25.146382921006932],[88.0019656032992,25.145575629340385],[88.00259738498335,25.14450086805556],[88.00270996093815,25.143595377604242],[88.00203640408063,25.142754448784842],[88.00095675998324,25.14209852430571]]]}},{"type":"Feature","id":"hydrolakes:1385065","properties":{"Hylak_id":1385065,"Lake_name":"","Country":"India","Continent":"Asia","Poly_src":"SWBD","Lake_type":1,"Grand_id":0,"Lake_area":0.21,"Shore_len":2.23,"Shore_dev":1.37,"Vol_total":0.67,"Vol_res":0.0,"Vol_src":3,"Depth_avg":3.2,"Dis_avg":1.129,"Res_time":6.8,"Elevation":69,"Slope_100":2.0,"Wshd_area":75.6,"Pour_long":86.5123,"Pour_lat":25.137304,"source_id":"hydrolakes:1385065","label":""},"geometry":{"type":"Polygon","coordinates":[[[86.51485080295191,25.141239691840326],[86.51519382052999,25.14030544704866],[86.51305555555604,25.136944444444453],[86.51218329535652,25.137103407118218],[86.51155870225762,25.138503146701396],[86.50903808593807,25.141550564236127],[86.50975572374188,25.141906467013882],[86.51128390842058,25.14070963541667],[86.512926974827,25.14262858072925],[86.51342285156318,25.14373969184038],[86.51459364149349,25.14237141927083],[86.51485080295191,25.141239691840326]]]}},{"type":"Feature","id":"hydrolakes:1385068","properties":{"Hylak_id":1385068,"Lake_name":"","Country":"Bangladesh","Continent":"Asia","Poly_src":"SWBD","Lake_type":1,"Grand_id":0,"Lake_area":0.15,"Shore_len":1.96,"Shore_dev":1.41,"Vol_total":0.26,"Vol_res":0.0,"Vol_src":3,"Depth_avg":1.7,"Dis_avg":0.149,"Res_time":20.3,"Elevation":18,"Slope_100":0.6,"Wshd_area":4.3,"Pour_long":89.514976,"Pour_lat":25.135432,"source_id":"hydrolakes:1385068","label":""},"geometry":{"type":"Polygon","coordinates":[[[89.51626546224026,25.133457031250032],[89.515833333334,25.132777777777903],[89.51498616536531,25.133019748263962],[89.51401231553888,25.135123697916754],[89.5136574978307,25.136763237847276],[89.51182101779614,25.13927788628473],[89.5131507704001,25.140091145833367],[89.51484564887244,25.138733723958353],[89.5154638671882,25.13657118055562],[89.51651231553893,25.134456380208405],[89.51626546224026,25.133457031250032]]]}},{"type":"Feature","id":"hydrolakes:1385070","properties":{"Hylak_id":1385070,"Lake_name":"","Country":"Bangladesh","Continent":"Asia","Poly_src":"SWBD","Lake_type":1,"Grand_id":0,"Lake_area":0.3,"Shore_len":2.35,"Shore_dev":1.22,"Vol_total":0.45,"Vol_res":0.0,"Vol_src":3,"Depth_avg":1.5,"Dis_avg":0.151,"Res_time":34.4,"Elevation":17,"Slope_100":0.38,"Wshd_area":3.5,"Pour_long":89.944549,"Pour_lat":25.134826,"source_id":"hydrolakes:1385070","label":""},"geometry":{"type":"Polygon","coordinates":[[[89.94543348524377,25.132770182291665],[89.94472222222294,25.131944444444457],[89.94326985677168,25.13213433159723],[89.94272569444519,25.134121636284874],[89.94337673611182,25.135581597222256],[89.94487141927158,25.13651746961824],[89.94754937066057,25.138732638888882],[89.94912814670226,25.13689995659729],[89.95096191406333,25.13575141059033],[89.94986816406333,25.134913194444437],[89.94846191406339,25.134593641493097],[89.94543348524377,25.132770182291665]]]}},{"type":"Feature","id":"hydrolakes:1385074","properties":{"Hylak_id":1385074,"Lake_name":"","Country":"India","Continent":"Asia","Poly_src":"SWBD","Lake_type":1,"Grand_id":0,"Lake_area":0.19,"Shore_len":1.67,"Shore_dev":1.09,"Vol_total":0.32,"Vol_res":0.0,"Vol_src":3,"Depth_avg":1.7,"Dis_avg":67.054,"Res_time":0.1,"Elevation":18,"Slope_100":0.58,"Wshd_area":1867.0,"Pour_long":88.303828,"Pour_lat":25.132045,"source_id":"hydrolakes:1385074","label":""},"geometry":{"type":"Polygon","coordinates":[[[88.30624457465353,25.130422092013873],[88.30611111111182,25.13027777777785],[88.30352973090339,25.13077039930556],[88.3034372287334,25.13310384114584],[88.30419433593812,25.13470811631953],[88.30536078559095,25.135966796874982],[88.30703803168461,25.13464463975697],[88.30739013671933,25.131605902777835],[88.30699951171931,25.1307779947918],[88.30624457465353,25.130422092013873]]]}},{"type":"Feature","id":"hydrolakes:1385080","properties":{"Hylak_id":1385080,"Lake_name":"","Country":"India","Continent":"Asia","Poly_src":"SWBD","Lake_type":1,"Grand_id":0,"Lake_area":0.4,"Shore_len":2.86,"Shore_dev":1.28,"Vol_total":0.37,"Vol_res":0.0,"Vol_src":3,"Depth_avg":0.9,"Dis_avg":0.021,"Res_time":205.3,"Elevation":51,"Slope_100":0.13,"Wshd_area":1.7,"Pour_long":85.796875,"Pour_lat":25.130455,"source_id":"hydrolakes:1385080","label":""},"geometry":{"type":"Polygon","coordinates":[[[85.79648878309536,25.131892903645962],[85.80013108995269,25.13047743055563],[85.79927212185368,25.128432617187514],[85.79808566623313,25.12850368923614],[85.79447482638926,25.128023546007],[85.79293341742658,25.128576388888973],[85.79000000000036,25.12777777777785],[85.78885518391985,25.127930772569528],[85.78820224338165,25.12975043402787],[85.78945977105076,25.1312141927084],[85.7910890028217,25.131561957465294],[85.79340562608559,25.131424153645867],[85.79648878309536,25.131892903645962]]]}},{"type":"Feature","id":"hydrolakes:1385086","properties":{"Hylak_id":1385086,"Lake_name":"","Country":"India","Continent":"Asia","Poly_src":"SWBD","Lake_type":1,"Grand_id":0,"Lake_area":0.15,"Shore_len":1.85,"Shore_dev":1.33,"Vol_total":0.59,"Vol_res":0.0,"Vol_src":3,"Depth_avg":3.8,"Dis_avg":1.525,"Res_time":4.5,"Elevation":70,"Slope_100":3.25,"Wshd_area":102.6,"Pour_long":86.496907,"Pour_lat":25.126933,"source_id":"hydrolakes:1385086","label":""},"geometry":{"type":"Polygon","coordinates":[[[86.4978286404085,25.126626519097215],[86.49853379991367,25.12545735677088],[86.49777777777842,25.124444444444464],[86.49679796007007,25.125754665798638],[86.49576999240497,25.125602756076375],[86.49381117079042,25.129618598090417],[86.49483032226618,25.13095431857647],[86.49684855143289,25.129458007812502],[86.49674818250918,25.12877875434026],[86.49793904622459,25.127373589409785],[86.4978286404085,25.126626519097215]]]}},{"type":"Feature","id":"hydrolakes:1385088","properties":{"Hylak_id":1385088,"Lake_name":"","Country":"India","Continent":"Asia","Poly_src":"SWBD","Lake_type":1,"Grand_id":0,"Lake_area":0.85,"Shore_len":8.78,"Shore_dev":2.68,"Vol_total":1.59,"Vol_res":0.0,"Vol_src":3,"Depth_avg":1.9,"Dis_avg":0.358,"Res_time":51.5,"Elevation":24,"Slope_100":0.43,"Wshd_area":14.6,"Pour_long":87.858692,"Pour_lat":25.124146,"source_id":"hydrolakes:1385088","label":""},"geometry":{"type":"Polygon","coordinates":[[[87.85679768880277,25.12292426215282],[87.85666666666737,25.122777777777856],[87.8562578667541,25.123142903645828],[87.8565475802958,25.127815755208417],[87.85735324435836,25.130424262152815],[87.858258192275,25.131592339409792],[87.8591859266499,25.133613281250064],[87.86170735677143,25.137163628472308],[87.86313368055613,25.140404188368052],[87.86357421875078,25.142883029513882],[87.86377278645892,25.146215820312648],[87.86346435546938,25.147075737847217],[87.86274685329914,25.151875542534754],[87.86293945312553,25.155104709201396],[87.86236897786517,25.15669487847225],[87.862652723525,25.15802625868065],[87.86398708767439,25.157414279513944],[87.86457546658062,25.15568684895851],[87.86576578776095,25.153363172743127],[87.86527425130265,25.151993815104163],[87.86494276258742,25.14643012152783],[87.86596435546954,25.143582899305557],[87.86567084418465,25.1412727864585],[87.86514675564308,25.139020182291688],[87.8643972439242,25.138350151909776],[87.86344536675415,25.13587402343751],[87.86212158203188,25.134691297743075],[87.86146050347293,25.133250868055597],[87.85960096571239,25.130851779513932],[87.85960747612921,25.129316406250098],[87.85764675564297,25.127068142361168],[87.85813802083408,25.126040581597238],[87.86013102213616,25.12557671440976],[87.85864176432369,25.12321180555574],[87.85679768880277,25.12292426215282]]]}},{"type":"Feature","id":"hydrolakes:1385089","properties":{"Hylak_id":1385089,"Lake_name":"","Country":"India","Continent":"Asia","Poly_src":"SWBD","Lake_type":1,"Grand_id":0,"Lake_area":0.5,"Shore_len":6.04,"Shore_dev":2.42,"Vol_total":2.0,"Vol_res":0.0,"Vol_src":3,"Depth_avg":4.0,"Dis_avg":1.501,"Res_time":15.4,"Elevation":71,"Slope_100":2.49,"Wshd_area":101.1,"Pour_long":86.493051,"Pour_lat":25.123274,"source_id":"hydrolakes:1385089","label":""},"geometry":{"type":"Polygon","coordinates":[[[86.49119737413247,25.126797960069553],[86.493232693143,25.125220269097156],[86.495210910374,25.12593044704863],[86.49511379665847,25.124300672743175],[86.49301161024351,25.121890190972294],[86.49405164930613,25.120401475694507],[86.49401028103352,25.119707031250073],[86.4919566514763,25.120257161458483],[86.49024943033919,25.119329427083414],[86.48903496636336,25.11895453559032],[86.48848008897613,25.11700249565979],[86.48904134114633,25.115969509548677],[86.48848863389804,25.115475802951494],[86.48699734158032,25.116517469618145],[86.48598008897625,25.114780273437702],[86.48653889974014,25.11375162760413],[86.4863888888894,25.1133333333334],[86.48540879991378,25.113464626736175],[86.48431342230953,25.1143131510417],[86.48269449869844,25.114813368055593],[86.48108113606821,25.114234483506948],[86.48040228949708,25.114603407118068],[86.47986897786501,25.115641276041742],[86.48125786675399,25.115964626736115],[86.48279215494853,25.117036132812586],[86.48500284830772,25.116130642361156],[86.48723687066035,25.117861870659794],[86.48763102213587,25.118830837673784],[86.48653564453167,25.11997178819456],[86.48800469292581,25.1213650173612],[86.48891113281292,25.120872395833374],[86.4925157335075,25.122734917534785],[86.4915199110248,25.124020182291815],[86.49080579969677,25.12542317708352],[86.49119737413247,25.126797960069553]]]}},{"type":"Feature","id":"hydrolakes:1385095","properties":{"Hylak_id":1385095,"Lake_name":"","Country":"India","Continent":"Asia","Poly_src":"SWBD","Lake_type":1,"Grand_id":0,"Lake_area":0.24,"Shore_len":2.96,"Shore_dev":1.7,"Vol_total":0.27,"Vol_res":0.0,"Vol_src":3,"Depth_avg":1.1,"Dis_avg":0.372,"Res_time":8.5,"Elevation":25,"Slope_100":0.23,"Wshd_area":15.2,"Pour_long":87.86286,"Pour_lat":25.12027,"source_id":"hydrolakes:1385095","label":""},"geometry":{"type":"Polygon","coordinates":[[[87.86210557725752,25.118236219618097],[87.86128499349024,25.117317708333417],[87.8603382704,25.117374131944587],[87.8570638020841,25.114930555555645],[87.85541910807365,25.11442274305574],[87.85388888888946,25.11361111111114],[87.85265842013945,25.113840603298627],[87.85259657118127,25.114875759548795],[87.85736897786535,25.117353515625098],[87.85874213324723,25.118479817708476],[87.86014675564292,25.119020182291706],[87.86296115451455,25.121520182291647],[87.86344780816046,25.120430230034856],[87.86207465277846,25.118756510416688],[87.86210557725752,25.118236219618097]]]}},{"type":"Feature","id":"hydrolakes:1385096","properties":{"Hylak_id":1385096,"Lake_name":"","Country":"Bangladesh","Continent":"Asia","Poly_src":"SWBD","Lake_type":1,"Grand_id":0,"Lake_area":0.26,"Shore_len":2.06,"Shore_dev":1.15,"Vol_total":0.38,"Vol_res":0.0,"Vol_src":3,"Depth_avg":1.5,"Dis_avg":0.051,"Res_time":86.2,"Elevation":19,"Slope_100":0.38,"Wshd_area":1.7,"Pour_long":88.445379,"Pour_lat":25.120294,"source_id":"hydrolakes:1385096","label":""},"geometry":{"type":"Polygon","coordinates":[[[88.44865695529569,25.12220540364592],[88.4463888888896,25.11944444444464],[88.44524251302147,25.11966851128477],[88.44459282769157,25.120929361979165],[88.44457519531312,25.121792534722204],[88.4451177300354,25.123378363715346],[88.44403049045218,25.12498209635436],[88.44521728515684,25.126525065104147],[88.44782416449732,25.125839843749986],[88.44902506510476,25.123859592013957],[88.44865695529569,25.12220540364592]]]}},{"type":"Feature","id":"hydrolakes:1385099","properties":{"Hylak_id":1385099,"Lake_name":"","Country":"India","Continent":"Asia","Poly_src":"SWBD","Lake_type":1,"Grand_id":0,"Lake_area":0.13,"Shore_len":1.52,"Shore_dev":1.21,"Vol_total":0.18,"Vol_res":0.0,"Vol_src":3,"Depth_avg":1.4,"Dis_avg":0.057,"Res_time":36.4,"Elevation":38,"Slope_100":0.44,"Wshd_area":3.1,"Pour_long":87.175698,"Pour_lat":25.119039,"source_id":"hydrolakes:1385099","label":""},"geometry":{"type":"Polygon","coordinates":[[[87.17595431857706,25.117934570312514],[87.17472222222284,25.115555555555602],[87.17408854166723,25.116044379340337],[87.17370591905444,25.118034939236168],[87.17385267469666,25.11902777777783],[87.17362196180625,25.120588650173715],[87.17468885633735,25.121232096354163],[87.17617323133737,25.12047851562494],[87.17700670030445,25.11935384114588],[87.17595431857706,25.117934570312514]]]}},{"type":"Feature","id":"hydrolakes:1385108","properties":{"Hylak_id":1385108,"Lake_name":"","Country":"Bangladesh","Continent":"Asia","Poly_src":"SWBD","Lake_type":1,"Grand_id":0,"Lake_area":0.23,"Shore_len":1.98,"Shore_dev":1.17,"Vol_total":0.47,"Vol_res":0.0,"Vol_src":3,"Depth_avg":2.1,"Dis_avg":58.674,"Res_time":0.1,"Elevation":18,"Slope_100":0.79,"Wshd_area":1544.7,"Pour_long":88.475656,"Pour_lat":25.116292,"source_id":"hydrolakes:1385108","label":""},"geometry":{"type":"Polygon","coordinates":[[[88.47207302517421,25.11264919704871],[88.47194444444517,25.11250000000001],[88.47151285807388,25.11287163628475],[88.4705525716152,25.115486653645917],[88.47200412326453,25.118739691840346],[88.47650960286518,25.116893446180597],[88.47655870225765,25.116283094618097],[88.47507080078191,25.115687391493168],[88.47381917317773,25.113527018229377],[88.47207302517421,25.11264919704871]]]}},{"type":"Feature","id":"hydrolakes:1385110","properties":{"Hylak_id":1385110,"Lake_name":"","Country":"India","Continent":"Asia","Poly_src":"SWBD","Lake_type":1,"Grand_id":0,"Lake_area":0.28,"Shore_len":3.23,"Shore_dev":1.73,"Vol_total":0.57,"Vol_res":0.0,"Vol_src":3,"Depth_avg":2.1,"Dis_avg":0.147,"Res_time":45.2,"Elevation":23,"Slope_100":0.74,"Wshd_area":6.0,"Pour_long":87.839739,"Pour_lat":25.115599,"source_id":"hydrolakes:1385110","label":""},"geometry":{"type":"Polygon","coordinates":[[[87.83874457465345,25.11431098090287],[87.83861111111185,25.114166666666733],[87.83792453342085,25.11480305989585],[87.83789632161529,25.115510525173704],[87.83980848524362,25.11674533420137],[87.84179606119852,25.11949164496542],[87.84097764757018,25.124981011284774],[87.84174316406313,25.126244574652787],[87.84293484158042,25.125734049479263],[87.84288492838596,25.12447753906264],[87.84386881510488,25.118490668402842],[87.84235568576452,25.11708875868061],[87.84178575303878,25.115881076388973],[87.84049397786515,25.114991861979263],[87.83874457465345,25.11431098090287]]]}},{"type":"Feature","id":"hydrolakes:1385121","properties":{"Hylak_id":1385121,"Lake_name":"","Country":"Bangladesh","Continent":"Asia","Poly_src":"SWBD","Lake_type":1,"Grand_id":0,"Lake_area":0.2,"Shore_len":1.97,"Shore_dev":1.25,"Vol_total":0.38,"Vol_res":0.0,"Vol_src":3,"Depth_avg":1.9,"Dis_avg":0.117,"Res_time":38.0,"Elevation":16,"Slope_100":0.72,"Wshd_area":3.1,"Pour_long":89.780759,"Pour_lat":25.106082,"source_id":"hydrolakes:1385121","label":""},"geometry":{"type":"Polygon","coordinates":[[[89.77917154947994,25.10844021267377],[89.78022677951463,25.10785156250006],[89.78174858941054,25.108268229166868],[89.78235080295218,25.10718858506948],[89.78205349392437,25.105449761284717],[89.77972222222292,25.101666666666745],[89.77885253906328,25.1019287109375],[89.77824164496604,25.103023003472288],[89.77813530816042,25.104350043402803],[89.779321831598,25.10680555555558],[89.7787603081606,25.10781141493061],[89.77917154947994,25.10844021267377]]]}},{"type":"Feature","id":"hydrolakes:1385128","properties":{"Hylak_id":1385128,"Lake_name":"","Country":"India","Continent":"Asia","Poly_src":"SWBD","Lake_type":1,"Grand_id":0,"Lake_area":0.12,"Shore_len":1.92,"Shore_dev":1.56,"Vol_total":0.23,"Vol_res":0.0,"Vol_src":3,"Depth_avg":1.9,"Dis_avg":0.076,"Res_time":34.3,"Elevation":26,"Slope_100":0.78,"Wshd_area":2.9,"Pour_long":88.022917,"Pour_lat":25.099578,"source_id":"hydrolakes:1385128","label":""},"geometry":{"type":"Polygon","coordinates":[[[88.025041503907,25.099774848090306],[88.02638699001801,25.098269314236177],[88.02611111111167,25.097500000000082],[88.02402398003534,25.09891981336807],[88.02225070529579,25.099297960069464],[88.02033148871601,25.098608940972213],[88.01903455946245,25.09931369357639],[88.0184800889765,25.100336914062495],[88.02284966362924,25.10068684895839],[88.025041503907,25.099774848090306]]]}},{"type":"Feature","id":"hydrolakes:1385141","properties":{"Hylak_id":1385141,"Lake_name":"","Country":"India","Continent":"Asia","Poly_src":"SWBD","Lake_type":1,"Grand_id":0,"Lake_area":0.19,"Shore_len":2.83,"Shore_dev":1.83,"Vol_total":0.41,"Vol_res":0.0,"Vol_src":3,"Depth_avg":2.1,"Dis_avg":0.097,"Res_time":48.4,"Elevation":25,"Slope_100":0.9,"Wshd_area":3.7,"Pour_long":88.026874,"Pour_lat":25.089579,"source_id":"hydrolakes:1385141","label":""},"geometry":{"type":"Polygon","coordinates":[[[88.02679280599034,25.085707465277835],[88.02666666666727,25.08555555555563],[88.02571750217072,25.085833875868047],[88.02623725043475,25.09093261718749],[88.02542941623335,25.09320746527783],[88.02429280599029,25.09457031250014],[88.02351942274362,25.096061740451375],[88.02474121093809,25.096941189236247],[88.02562337239641,25.09571560329863],[88.0259594726569,25.09457031250014],[88.02728190104227,25.09298448350694],[88.02790391710124,25.089621853298695],[88.02762722439309,25.08834581163194],[88.02693929036519,25.087144639756957],[88.02679280599034,25.085707465277835]]]}},{"type":"Feature","id":"hydrolakes:1385143","properties":{"Hylak_id":1385143,"Lake_name":"","Country":"Bangladesh","Continent":"Asia","Poly_src":"SWBD","Lake_type":1,"Grand_id":0,"Lake_area":0.56,"Shore_len":3.83,"Shore_dev":1.45,"Vol_total":0.97,"Vol_res":0.0,"Vol_src":3,"Depth_avg":1.7,"Dis_avg":0.795,"Res_time":14.1,"Elevation":18,"Slope_100":0.42,"Wshd_area":22.2,"Pour_long":89.473127,"Pour_lat":25.086254,"source_id":"hydrolakes:1385143","label":""},"geometry":{"type":"Polygon","coordinates":[[[89.47446858724032,25.085892469618102],[89.47361111111178,25.084722222222297],[89.47207872178893,25.084922960069434],[89.4712603081606,25.085627712673613],[89.47200792100773,25.087139214409717],[89.47042697482715,25.089050564236118],[89.47209364149376,25.092350802951557],[89.47237603081663,25.093594292534704],[89.47403808593822,25.096517469618107],[89.47492811415003,25.099295247395844],[89.4762396918411,25.097628580729236],[89.47790635850771,25.09724989149305],[89.47725151909793,25.094993489583317],[89.47571994357708,25.092539062500123],[89.47516493055639,25.087452799479195],[89.47446858724032,25.085892469618102]]]}},{"type":"Feature","id":"hydrolakes:1385172","properties":{"Hylak_id":1385172,"Lake_name":"","Country":"India","Continent":"Asia","Poly_src":"SWBD","Lake_type":1,"Grand_id":0,"Lake_area":0.29,"Shore_len":2.37,"Shore_dev":1.25,"Vol_total":0.98,"Vol_res":0.0,"Vol_src":3,"Depth_avg":3.4,"Dis_avg":0.352,"Res_time":32.2,"Elevation":76,"Slope_100":2.08,"Wshd_area":24.9,"Pour_long":86.214583,"Pour_lat":25.069767,"source_id":"hydrolakes:1385172","label":""},"geometry":{"type":"Polygon","coordinates":[[[86.21438340928881,25.071854926215337],[86.21514458550382,25.071794162326455],[86.21634928385458,25.072123480902803],[86.21759263780422,25.0717491319445],[86.21873969184082,25.070761176215342],[86.2184284125438,25.06932237413207],[86.21750000000054,25.06805555555559],[86.21556735568629,25.06821723090286],[86.21314276801257,25.06940755208342],[86.21249850803008,25.0699631076389],[86.21181586371586,25.072457139756978],[86.21235039605097,25.074011501736152],[86.21414754231819,25.0745035807293],[86.21494357638949,25.073380533854163],[86.21438340928881,25.071854926215337]]]}},{"type":"Feature","id":"hydrolakes:1385197","properties":{"Hylak_id":1385197,"Lake_name":"","Country":"Bangladesh","Continent":"Asia","Poly_src":"SWBD","Lake_type":1,"Grand_id":0,"Lake_area":0.18,"Shore_len":2.12,"Shore_dev":1.42,"Vol_total":0.15,"Vol_res":0.0,"Vol_src":3,"Depth_avg":0.9,"Dis_avg":0.075,"Res_time":23.1,"Elevation":23,"Slope_100":0.14,"Wshd_area":2.1,"Pour_long":89.210555,"Pour_lat":25.060486,"source_id":"hydrolakes:1385197","label":""},"geometry":{"type":"Polygon","coordinates":[[[89.21173828125069,25.059247504340306],[89.2111111111119,25.05750000000006],[89.21015326605993,25.057678493923618],[89.20952989366401,25.05882595486122],[89.2096516927092,25.06086859809028],[89.20911431206667,25.061857638888966],[89.20959120008746,25.063186848958367],[89.2099612087681,25.065953233506946],[89.2109388563374,25.066011827257],[89.21138373480983,25.06519259982656],[89.21173828125069,25.059247504340306]]]}},{"type":"Feature","id":"hydrolakes:1385204","properties":{"Hylak_id":1385204,"Lake_name":"","Country":"India","Continent":"Asia","Poly_src":"SWBD","Lake_type":1,"Grand_id":0,"Lake_area":0.41,"Shore_len":3.03,"Shore_dev":1.33,"Vol_total":0.82,"Vol_res":0.0,"Vol_src":3,"Depth_avg":2.0,"Dis_avg":74.793,"Res_time":0.1,"Elevation":21,"Slope_100":0.6,"Wshd_area":2131.8,"Pour_long":88.253125,"Pour_lat":25.05669,"source_id":"hydrolakes:1385204","label":""},"geometry":{"type":"Polygon","coordinates":[[[88.257451443143,25.056394314236172],[88.25704128689313,25.055639105902856],[88.25574001736169,25.055716688368136],[88.25451334635471,25.05538791232641],[88.25416666666734,25.055000000000064],[88.25157335069514,25.055116644965267],[88.24995307074715,25.05555067274304],[88.24959120008754,25.056043836805543],[88.25244167751794,25.058370768229224],[88.2523087565113,25.060600043402815],[88.25438069661527,25.063273111979242],[88.25608289930636,25.06374240451396],[88.25735324435834,25.063006184895812],[88.25647081163254,25.061743164062648],[88.25598008897646,25.058913302951396],[88.257451443143,25.056394314236172]]]}},{"type":"Feature","id":"hydrolakes:1385225","properties":{"Hylak_id":1385225,"Lake_name":"","Country":"India","Continent":"Asia","Poly_src":"SWBD","Lake_type":1,"Grand_id":0,"Lake_area":0.48,"Shore_len":3.26,"Shore_dev":1.32,"Vol_total":0.99,"Vol_res":0.0,"Vol_src":3,"Depth_avg":2.0,"Dis_avg":2.935,"Res_time":3.9,"Elevation":20,"Slope_100":0.61,"Wshd_area":105.9,"Pour_long":88.197659,"Pour_lat":25.045415,"source_id":"hydrolakes:1385225","label":""},"geometry":{"type":"Polygon","coordinates":[[[88.2008629014764,25.048191731770885],[88.20033908420214,25.045829535590315],[88.19777777777841,25.044722222222276],[88.19462375217086,25.045453559027862],[88.19359266493115,25.046310221354247],[88.19448567708412,25.04738498263896],[88.19575981987913,25.047255316840335],[88.19679280599024,25.048113064236134],[88.19644476996598,25.051310763889035],[88.19487386067794,25.053295355902833],[88.1962269422749,25.05457031250006],[88.19866265191041,25.054260525173675],[88.20020100911518,25.05298285590277],[88.2008629014764,25.048191731770885]]]}},{"type":"Feature","id":"hydrolakes:1385235","properties":{"Hylak_id":1385235,"Lake_name":"","Country":"Bangladesh","Continent":"Asia","Poly_src":"SWBD","Lake_type":1,"Grand_id":0,"Lake_area":0.12,"Shore_len":1.52,"Shore_dev":1.25,"Vol_total":0.23,"Vol_res":0.0,"Vol_src":3,"Depth_avg":1.9,"Dis_avg":0.032,"Res_time":82.2,"Elevation":19,"Slope_100":0.86,"Wshd_area":0.8,"Pour_long":89.827749,"Pour_lat":25.040841,"source_id":"hydrolakes:1385235","label":""},"geometry":{"type":"Polygon","coordinates":[[[89.82818142361185,25.03987413194443],[89.82805555555626,25.039722222222224],[89.82719780816058,25.03997395833335],[89.82662706163268,25.040971137152894],[89.82626302083412,25.044543728298663],[89.82694335937583,25.045681423611086],[89.82806043836882,25.045027669270894],[89.82888075086879,25.04045464409728],[89.82818142361185,25.03987413194443]]]}},{"type":"Feature","id":"hydrolakes:1385253","properties":{"Hylak_id":1385253,"Lake_name":"","Country":"India","Continent":"Asia","Poly_src":"SWBD","Lake_type":1,"Grand_id":0,"Lake_area":0.24,"Shore_len":3.43,"Shore_dev":1.96,"Vol_total":0.56,"Vol_res":0.0,"Vol_src":3,"Depth_avg":2.3,"Dis_avg":0.077,"Res_time":84.4,"Elevation":25,"Slope_100":0.96,"Wshd_area":2.9,"Pour_long":88.053376,"Pour_lat":25.035482,"source_id":"hydrolakes:1385253","label":""},"geometry":{"type":"Polygon","coordinates":[[[88.05490207248323,25.036205512152776],[88.05161078559092,25.032275933159724],[88.04916666666736,25.03083333333342],[88.04682861328195,25.030977105034765],[88.04498969184084,25.031797417534847],[88.0426491970494,25.035179036458317],[88.04332492404575,25.03584309895848],[88.04548855251795,25.033945312500066],[88.04830946180618,25.032371419270817],[88.05053602430615,25.03273817274311],[88.05239203559091,25.035107964409747],[88.05298502604222,25.036436631944525],[88.0544688585075,25.03698187934026],[88.05490207248323,25.036205512152776]]]}},{"type":"Feature","id":"hydrolakes:1385257","properties":{"Hylak_id":1385257,"Lake_name":"","Country":"India","Continent":"Asia","Poly_src":"SWBD","Lake_type":1,"Grand_id":0,"Lake_area":0.11,"Shore_len":1.36,"Shore_dev":1.18,"Vol_total":0.23,"Vol_res":0.0,"Vol_src":3,"Depth_avg":2.2,"Dis_avg":0.137,"Res_time":19.7,"Elevation":21,"Slope_100":1.15,"Wshd_area":4.9,"Pour_long":88.409516,"Pour_lat":25.033122,"source_id":"hydrolakes:1385257","label":""},"geometry":{"type":"Polygon","coordinates":[[[88.41018581814302,25.03335666232647],[88.4097222222228,25.032777777777767],[88.4091075303827,25.032953559027817],[88.40737657335154,25.03594835069447],[88.40777208116384,25.037345920138932],[88.40897243923672,25.036711697048645],[88.41122721354247,25.03490614149314],[88.41133327908068,25.034053819444523],[88.41018581814302,25.03335666232647]]]}},{"type":"Feature","id":"hydrolakes:1385263","properties":{"Hylak_id":1385263,"Lake_name":"","Country":"India","Continent":"Asia","Poly_src":"SWBD","Lake_type":1,"Grand_id":0,"Lake_area":0.34,"Shore_len":3.06,"Shore_dev":1.49,"Vol_total":0.92,"Vol_res":0.0,"Vol_src":3,"Depth_avg":2.7,"Dis_avg":0.137,"Res_time":77.6,"Elevation":16,"Slope_100":1.27,"Wshd_area":4.9,"Pour_long":88.408826,"Pour_lat":25.029933,"source_id":"hydrolakes:1385263","label":""},"geometry":{"type":"Polygon","coordinates":[[[88.40524712456693,25.031882052951403],[88.40634304470564,25.031479492187657],[88.40735215928908,25.031560329861122],[88.40762858072975,25.031239691840426],[88.40892523871605,25.030849066840346],[88.41054497612924,25.027126736111143],[88.40929524739659,25.025149197048677],[88.4090380859381,25.021795247395858],[88.40861111111201,25.02111111111111],[88.40815266927154,25.02124891493054],[88.40653808593817,25.02414279513897],[88.40722710503536,25.027838541666767],[88.40659695095547,25.02925075954863],[88.40403808593811,25.030289713541606],[88.40446750217086,25.03144694010416],[88.40524712456693,25.031882052951403]]]}},{"type":"Feature","id":"hydrolakes:1385276","properties":{"Hylak_id":1385276,"Lake_name":"","Country":"India","Continent":"Asia","Poly_src":"SWBD","Lake_type":1,"Grand_id":0,"Lake_area":0.58,"Shore_len":4.87,"Shore_dev":1.81,"Vol_total":1.12,"Vol_res":0.0,"Vol_src":3,"Depth_avg":1.9,"Dis_avg":5.182,"Res_time":2.5,"Elevation":23,"Slope_100":0.52,"Wshd_area":211.9,"Pour_long":87.811125,"Pour_lat":25.021555,"source_id":"hydrolakes:1385276","label":""},"geometry":{"type":"Polygon","coordinates":[[[87.81359537760471,25.020817599826387],[87.81513102213614,25.019445529513973],[87.81339246961875,25.018075086805652],[87.81231201171943,25.018662109374986],[87.81071153428888,25.017231987847254],[87.8106336805563,25.015924479166642],[87.81167263454921,25.01350585937513],[87.81045383029584,25.013433159722297],[87.80922498914987,25.014291449652887],[87.80823730468813,25.012877061632025],[87.80722222222289,25.010277777777787],[87.80606282552151,25.011313476562634],[87.80679768880287,25.013361545138878],[87.80598008897641,25.014035373263937],[87.80488172743128,25.014374457465294],[87.80477349175402,25.016190321180602],[87.80558132595542,25.016629231770935],[87.80713595920213,25.015424262152862],[87.80743950737929,25.016127929687514],[87.80692030164994,25.017083333333346],[87.80762505425434,25.018380533854213],[87.80766113281322,25.018986002604322],[87.80695041232707,25.01978190104171],[87.80570231119844,25.02057562934033],[87.80620225694503,25.02134711371525],[87.80860975477509,25.020702039930654],[87.80970757378526,25.021306423611122],[87.81102050781317,25.02277560763889],[87.81251925998333,25.022022026909838],[87.81359537760471,25.020817599826387]]]}},{"type":"Feature","id":"hydrolakes:1385284","properties":{"Hylak_id":1385284,"Lake_name":"","Country":"India","Continent":"Asia","Poly_src":"SWBD","Lake_type":1,"Grand_id":0,"Lake_area":0.51,"Shore_len":3.3,"Shore_dev":1.3,"Vol_total":0.9,"Vol_res":0.0,"Vol_src":3,"Depth_avg":1.8,"Dis_avg":0.698,"Res_time":14.9,"Elevation":24,"Slope_100":0.44,"Wshd_area":28.8,"Pour_long":87.798958,"Pour_lat":25.01875,"source_id":"hydrolakes:1385284","label":""},"geometry":{"type":"Polygon","coordinates":[[[87.79679009331659,25.010431857638878],[87.79638888888968,25.009722222222194],[87.7950306532125,25.00989203559027],[87.79398328993125,25.013532443576366],[87.79396592882011,25.01549641927096],[87.79470838758755,25.01725802951387],[87.7962046983514,25.017685546874986],[87.79683593750076,25.018191189236177],[87.79570990668464,25.019599066840385],[87.79908664279588,25.021489257812675],[87.80055555555617,25.0196522352432],[87.80003065321233,25.016635742187532],[87.7985186089416,25.014258897569505],[87.79814263237927,25.011253797743052],[87.79679009331659,25.010431857638878]]]}},{"type":"Feature","id":"hydrolakes:1385285","properties":{"Hylak_id":1385285,"Lake_name":"","Country":"Bangladesh","Continent":"Asia","Poly_src":"SWBD","Lake_type":1,"Grand_id":0,"Lake_area":0.31,"Shore_len":2.5,"Shore_dev":1.27,"Vol_total":0.47,"Vol_res":0.0,"Vol_src":3,"Depth_avg":1.5,"Dis_avg":0.115,"Res_time":47.3,"Elevation":15,"Slope_100":0.39,"Wshd_area":3.1,"Pour_long":89.538764,"Pour_lat":25.018841,"source_id":"hydrolakes:1385285","label":""},"geometry":{"type":"Polygon","coordinates":[[[89.53818413628562,25.01542697482637],[89.53805555555641,25.015277777777897],[89.5368644205738,25.01563639322916],[89.53602701823002,25.0168174913195],[89.53588677300434,25.01856336805554],[89.53848768446278,25.022863498263916],[89.53840250651126,25.023924153645908],[89.53885986328225,25.02445529513892],[89.54150770399394,25.02247178819448],[89.5415565321191,25.021863606770978],[89.53977403428888,25.01978190104171],[89.54027696397657,25.018413085937482],[89.53923231336881,25.016329752604292],[89.53818413628562,25.01542697482637]]]}},{"type":"Feature","id":"hydrolakes:1385294","properties":{"Hylak_id":1385294,"Lake_name":"","Country":"Bangladesh","Continent":"Asia","Poly_src":"SWBD","Lake_type":1,"Grand_id":0,"Lake_area":0.23,"Shore_len":1.96,"Shore_dev":1.15,"Vol_total":0.54,"Vol_res":0.0,"Vol_src":3,"Depth_avg":2.3,"Dis_avg":0.086,"Res_time":72.1,"Elevation":15,"Slope_100":1.0,"Wshd_area":2.3,"Pour_long":89.479714,"Pour_lat":25.010412,"source_id":"hydrolakes:1385294","label":""},"geometry":{"type":"Polygon","coordinates":[[[89.4755506727439,25.013176540798725],[89.47723415798686,25.011946614583337],[89.47938530816054,25.012214084201503],[89.4802631293411,25.011510959201473],[89.48050455729236,25.00957031249999],[89.47876112196275,25.008175998263937],[89.47760742187569,25.008319227430604],[89.47638888888969,25.00750000000005],[89.47492892795213,25.00973307291673],[89.47479058159809,25.010844184027803],[89.4755506727439,25.013176540798725]]]}}]}