{"type":"FeatureCollection","features":[{"type":"Feature","id":"hydrolakes:14832","properties":{"Hylak_id":14832,"Lake_name":"","Country":"China","Continent":"Asia","Poly_src":"SWBD","Lake_type":1,"Grand_id":0,"Lake_area":26.78,"Shore_len":38.58,"Shore_dev":2.1,"Vol_total":92.74,"Vol_res":0.0,"Vol_src":3,"Depth_avg":3.5,"Dis_avg":0.021,"Res_time":51112.5,"Elevation":4873,"Slope_100":1.16,"Wshd_area":1513.0,"Pour_long":88.252083,"Pour_lat":36.28125,"source_id":"hydrolakes:14832","label":""},"geometry":{"type":"Polygon","coordinates":[[[88.31163655599005,36.32344346788233],[88.31428683810822,36.32194091796907],[88.31458468967071,36.320110405816195],[88.31543674045184,36.31929172092043],[88.31626817491366,36.319308810764085],[88.31751654730965,36.31866563585089],[88.31828803168469,36.31748887803843],[88.32041395399352,36.31531467013917],[88.3187543402783,36.31477620442729],[88.31618435329909,36.31515163845506],[88.31404595269157,36.31625325520861],[88.31256401909769,36.31626573350718],[88.31021701388943,36.318469509548834],[88.30804470486163,36.316821017795405],[88.30764160156309,36.31592610677103],[88.30904215494854,36.313207194010715],[88.30902479383735,36.31235270182316],[88.3077270507817,36.3123486328127],[88.30849717881989,36.31009847005237],[88.30913357204918,36.30948730468771],[88.31576633029562,36.310335015191185],[88.3184412977435,36.31125054253499],[88.32198649088599,36.31152506510443],[88.32444173177129,36.30946397569471],[88.32584472656305,36.30710042317736],[88.32541395399369,36.30541937934049],[88.32514160156313,36.302636176215685],[88.32461534288262,36.30213053385438],[88.31946804470556,36.30092909071203],[88.31901963975758,36.299546712239874],[88.30865315755284,36.29958821614605],[88.30510416666715,36.2976085069447],[88.30256401909787,36.29763454861131],[88.29688557942768,36.29172444661492],[88.29651611328171,36.283425292969014],[88.29564968533037,36.2817434353301],[88.28134955512212,36.279409450955086],[88.27865858289977,36.277859700521105],[88.27791937934074,36.276635199653015],[88.28047987196231,36.27281304253495],[88.28013536241377,36.27180582682314],[88.28091118706647,36.268680284288564],[88.28039713541727,36.26617133246549],[88.27954725477491,36.26452148437522],[88.27796332465329,36.26299940321206],[88.26963541666726,36.25961127387177],[88.26092041015676,36.25930826822946],[88.25870930989646,36.25987494574679],[88.25791937934076,36.26069715711833],[88.2550808376742,36.262674424913484],[88.2528556315109,36.262629123264105],[88.2512527126741,36.26208062065996],[88.24930284288257,36.261808268229515],[88.24732720269145,36.260953504774704],[88.24424343533053,36.26011393229186],[88.24333333333385,36.25916666666694],[88.23831542968804,36.25988715277799],[88.23370551215339,36.26226182725725],[88.22937310112906,36.26912868923637],[88.2299281141498,36.271838378906466],[88.23158067491369,36.27380669487883],[88.2346582031256,36.2762470160593],[88.23745279947963,36.277905815972474],[88.24061279296922,36.27915228949672],[88.24421305338592,36.281884223090685],[88.2466124131949,36.28266276041688],[88.24824517144157,36.28262939453151],[88.24994303385483,36.284396430121944],[88.25204237196243,36.28722846137174],[88.25444552951438,36.28913384331628],[88.2564860026049,36.29119357638916],[88.25765272352481,36.29040256076411],[88.25868272569488,36.291474880642625],[88.26138156467084,36.29191406250021],[88.26235297309086,36.29292507595511],[88.26460530599024,36.29236382378508],[88.26611490885483,36.295441623264196],[88.26539957682343,36.296830512153065],[88.26368842230949,36.29795247395862],[88.26240478515683,36.29928846571204],[88.25931559244856,36.30172553168444],[88.25847493489636,36.30116156684062],[88.26045111762204,36.29871365017391],[88.26292507595548,36.297091742621774],[88.26364095052128,36.296346299913466],[88.26252034505274,36.2946931966149],[88.25970567491373,36.29358289930576],[88.25821316189297,36.29513644748289],[88.25672309027834,36.295620117187696],[88.25625271267427,36.296449652777994],[88.25803738064297,36.298801540798934],[88.25751383463603,36.299817708333535],[88.25434000651103,36.298197157118295],[88.25375271267421,36.299740125868254],[88.25514160156303,36.30041395399326],[88.25735839843804,36.302113172743304],[88.25652506510477,36.30291395399331],[88.25601833767416,36.30499159071201],[88.25711371527836,36.30711805555575],[88.25708685980948,36.30934434678841],[88.25995496961866,36.310735677083585],[88.26212402343793,36.311247287326694],[88.26376329210137,36.31068630642386],[88.26920545789994,36.310723470052324],[88.27041422526094,36.31041368272594],[88.2716105143237,36.3104380967884],[88.27379747178867,36.31154676649328],[88.27519856770886,36.31151801215299],[88.27681369357686,36.31068603515655],[88.27799886067771,36.31068983289964],[88.28077799479229,36.30925835503501],[88.28210530599011,36.30790093316011],[88.28600558810814,36.30692898220519],[88.28779866536507,36.305568305121824],[88.29349745008727,36.304517957899634],[88.29714029947979,36.302887098524536],[88.29939751519152,36.30236572265659],[88.29985839843812,36.30302598741355],[88.29352213541716,36.304957411024645],[88.29166205512217,36.30591552734404],[88.28873182508727,36.30849338107669],[88.2873499891499,36.30916395399339],[88.28597493489627,36.31129069010444],[88.2865383572053,36.31293619791694],[88.28837348090332,36.31289876302111],[88.28959689670188,36.31206949869812],[88.29070258246588,36.31209201388913],[88.29154785156311,36.31123616536496],[88.29334581163249,36.311273057725884],[88.29376274956667,36.31298339843784],[88.29372287326453,36.31493923611134],[88.2959304470491,36.31844835069484],[88.29763129340319,36.32008246527812],[88.29798312717065,36.321885850694855],[88.29852105034786,36.322402615017666],[88.3011520724832,36.32234890408006],[88.30263617621586,36.32347493489607],[88.30379069010468,36.32374728732668],[88.30609456380256,36.32295871310805],[88.30763617621585,36.32375271267381],[88.30986382378518,36.324025065104365],[88.31013617621574,36.32449788411492],[88.30901936849023,36.324860297309215],[88.30903103298664,36.32543619791687],[88.30989230685805,36.32626356336823],[88.31084174262219,36.32624403211827],[88.31163655599005,36.32344346788233]]]}},{"type":"Feature","id":"hydrolakes:14835","properties":{"Hylak_id":14835,"Lake_name":"","Country":"China","Continent":"Asia","Poly_src":"SWBD","Lake_type":1,"Grand_id":0,"Lake_area":24.64,"Shore_len":30.9,"Shore_dev":1.76,"Vol_total":28.33,"Vol_res":0.0,"Vol_src":3,"Depth_avg":1.1,"Dis_avg":0.0,"Res_time":-1.0,"Elevation":4713,"Slope_100":0.45,"Wshd_area":4842.8,"Pour_long":89.552083,"Pour_lat":36.260417,"source_id":"hydrolakes:14835","label":""},"geometry":{"type":"Polygon","coordinates":[[[89.59143961588609,36.27350504557319],[89.59635443793479,36.27317816840298],[89.59846950954932,36.27263617621554],[89.60127115885473,36.27233181423634],[89.60627604166729,36.27023166232664],[89.60766764322972,36.270708007812686],[89.60872694227498,36.27068630642384],[89.60902506510473,36.26761691623284],[89.60697347005282,36.26662163628504],[89.60599555121593,36.26460611979195],[89.6048421223964,36.263177354601055],[89.60319173177146,36.26264160156279],[89.60206000434096,36.261783040364776],[89.5996666124139,36.257507595486345],[89.59791395399378,36.25541937934054],[89.59636121961876,36.252823350694825],[89.59355712890692,36.25146321614619],[89.59178222656317,36.25011637369812],[89.59011366102504,36.24733072916695],[89.58841064453202,36.24621419270852],[89.58755696614645,36.245325792100914],[89.58522786458394,36.24218370225719],[89.58215277777845,36.2403583441843],[89.57624728732708,36.2379193793405],[89.57486382378545,36.237080620659924],[89.57399251302144,36.23679768880237],[89.57256212022628,36.23679551866343],[89.56841579861174,36.23465955946199],[89.56513617621601,36.233474934896094],[89.56268473307364,36.23225287543431],[89.5586111111117,36.23083333333358],[89.55622097439294,36.23097086588564],[89.55449869791744,36.231560601128706],[89.55253580729226,36.23486707899343],[89.55179958767428,36.237135687934256],[89.54931396484432,36.24181396484403],[89.54708794487902,36.24310655381964],[89.54432915581657,36.244306098090476],[89.53951660156326,36.2448727756078],[89.53675211588609,36.24579833984404],[89.53027940538249,36.24566623263917],[89.52714979383757,36.244594997830234],[89.52537570529574,36.24594129774334],[89.52315266927155,36.24825493706618],[89.52239773220555,36.24981119791687],[89.52297932942781,36.25265001085097],[89.52447048611191,36.25346950954895],[89.52652506510475,36.25263617621562],[89.53001356336864,36.251771918402994],[89.5319970703132,36.251812337239755],[89.53151475694511,36.253221299913434],[89.52819173177159,36.25458062066008],[89.52619547526115,36.25619194878493],[89.52401231553893,36.259877115885615],[89.5223583984382,36.260413953993464],[89.52084445529573,36.26163601345513],[89.52041937934086,36.26287299262191],[89.52308159722287,36.266044108073174],[89.52551784939305,36.26683458116338],[89.52733832465339,36.26679741753492],[89.53163384331674,36.26774061414949],[89.5367659505215,36.26845730251756],[89.53889404296939,36.26907307942736],[89.5431488715285,36.26898627387175],[89.5496145290806,36.269579806857905],[89.55177164713609,36.268468695746776],[89.55357394748324,36.26850558810793],[89.55824707031326,36.26779622395861],[89.55974934895903,36.266777886284956],[89.56208062066048,36.26682535807316],[89.56378634982707,36.26513102213562],[89.5645098198791,36.2651459418405],[89.56485839843805,36.26764160156273],[89.56539496527853,36.26868353949675],[89.56456976996589,36.27071858723997],[89.56459201388964,36.271813964844],[89.56518608941036,36.271801757812796],[89.56694417317766,36.26817789713567],[89.56634168836877,36.267007921007234],[89.56781467013957,36.264578450521185],[89.56842664930628,36.2645909288197],[89.56874728732697,36.26819715711832],[89.56948866102505,36.2703634982642],[89.56761393229232,36.27406819661485],[89.56680962456659,36.27484076605924],[89.56603922526102,36.27679416232667],[89.56548041449713,36.279086371528024],[89.56389295790007,36.28146240234406],[89.56307942708406,36.28185709635437],[89.56101915147627,36.28460313585089],[89.56065429687567,36.28647216796895],[89.55912624783059,36.28747422960106],[89.55730604383757,36.28936848958358],[89.55605523003544,36.29127658420168],[89.55566704644173,36.29365993923636],[89.55569742838605,36.29514133029534],[89.55490993923667,36.29744167751761],[89.55400824652833,36.298771701389114],[89.55403455946242,36.30004964192733],[89.55522976345543,36.29923936631968],[89.5568085394973,36.297652180989814],[89.5568117947056,36.29636610243091],[89.55764322916741,36.29513916015651],[89.55708604600756,36.29401394314266],[89.55936659071239,36.292881130642684],[89.56059868706654,36.28997856987888],[89.56194091796937,36.2895431857641],[89.56474690755283,36.28809760199675],[89.56815972222296,36.28578423394123],[89.57569715711861,36.28153049045159],[89.57728244357725,36.28025092230922],[89.5788286675355,36.279749077691235],[89.58063123915002,36.27829399956619],[89.58288764105959,36.277561848958555],[89.58742106119854,36.27483615451416],[89.5901443142368,36.274172092014226],[89.59143961588609,36.27350504557319]]]}},{"type":"Feature","id":"hydrolakes:14836","properties":{"Hylak_id":14836,"Lake_name":"","Country":"China","Continent":"Asia","Poly_src":"SWBD","Lake_type":1,"Grand_id":0,"Lake_area":24.33,"Shore_len":21.78,"Shore_dev":1.25,"Vol_total":136.75,"Vol_res":0.0,"Vol_src":3,"Depth_avg":5.6,"Dis_avg":0.018,"Res_time":87933.3,"Elevation":4877,"Slope_100":1.8,"Wshd_area":1103.1,"Pour_long":88.139583,"Pour_lat":36.185417,"source_id":"hydrolakes:14836","label":""},"geometry":{"type":"Polygon","coordinates":[[[88.17704264322964,36.19821614583361],[88.1784643554692,36.19185818142398],[88.17724473741384,36.19028455946204],[88.17739203559108,36.18781548394122],[88.1815511067714,36.18622531467042],[88.18141981336862,36.182910156250216],[88.18182834201468,36.18177164713563],[88.18190375434085,36.17863064236133],[88.18116265191026,36.17714572482663],[88.17946587456646,36.17649332682328],[88.17771972656317,36.176597493489965],[88.17671902126784,36.17589843750039],[88.17683159722293,36.17400906033009],[88.17608588324703,36.172636990017565],[88.17474826388946,36.17144178602456],[88.17282145182338,36.17055745442735],[88.17105278862914,36.169322102864896],[88.17033799913258,36.167171766493254],[88.1677140299484,36.16550265842034],[88.16711371527828,36.16292317708354],[88.16583333333386,36.161944444444714],[88.16340874566038,36.162987467448204],[88.16107394748326,36.16295193142389],[88.15885226779574,36.16415934244827],[88.15736897786502,36.16681342230925],[88.15685899522629,36.16726915147592],[88.15401991102488,36.168186577691245],[88.1529793294277,36.1687521701391],[88.15040879991369,36.16901991102469],[88.1477343750006,36.16981201171893],[88.14507622612905,36.170226236979374],[88.1416726345492,36.170023328993295],[88.13982069227495,36.16935899522588],[88.13751085069515,36.16793104383703],[88.13489990234422,36.1675241427954],[88.12977322048658,36.16819417317748],[88.12820231119844,36.16875786675371],[88.12415228949715,36.16940700954888],[88.1217409939241,36.17027235243074],[88.11890977647619,36.1724663628475],[88.11848008897613,36.17431342230924],[88.11626871744835,36.17465793185784],[88.11410427517421,36.17708062065992],[88.11359673394179,36.178723958333705],[88.11320231119845,36.182091200087086],[88.11271972656311,36.182979058160015],[88.11134792751795,36.18385145399344],[88.10835313585113,36.185002983941274],[88.10514973958385,36.18698323567736],[88.10190321180602,36.18828043619817],[88.10019883897616,36.18947102864621],[88.09986897786519,36.19133083767383],[88.10045003255254,36.19240044487873],[88.1022938368061,36.19229058159743],[88.10454210069491,36.192690158420476],[88.10768229166712,36.19227267795162],[88.10963026258725,36.1923887803822],[88.11015407986162,36.193530273437716],[88.11077229817755,36.19408257378501],[88.11542263454913,36.19538926866352],[88.12826036241387,36.19738199869818],[88.13029595269148,36.19737874348999],[88.1321194118928,36.198791775173845],[88.13570231119854,36.2001535373268],[88.13914306640692,36.20331542968768],[88.14430772569489,36.21202935112882],[88.14679524739648,36.21425211588581],[88.15120578342078,36.21457546658013],[88.15408284505253,36.213723415798825],[88.15513102213606,36.212075466580075],[88.15890380859418,36.21061930338578],[88.16423258463595,36.20962483723986],[88.16857014974016,36.208177354600934],[88.17083170572965,36.20694851345513],[88.17390136718797,36.20415283203158],[88.1757278103305,36.201636013455186],[88.17704264322964,36.19821614583361]]]}},{"type":"Feature","id":"hydrolakes:14837","properties":{"Hylak_id":14837,"Lake_name":"","Country":"China","Continent":"Asia","Poly_src":"SWBD","Lake_type":1,"Grand_id":0,"Lake_area":16.16,"Shore_len":17.71,"Shore_dev":1.24,"Vol_total":21.74,"Vol_res":0.0,"Vol_src":3,"Depth_avg":1.3,"Dis_avg":0.056,"Res_time":4493.2,"Elevation":4878,"Slope_100":0.57,"Wshd_area":341.0,"Pour_long":89.314583,"Pour_lat":36.172917,"source_id":"hydrolakes:14837","label":""},"geometry":{"type":"Polygon","coordinates":[[[89.3218082682298,36.18375271267388],[89.32258816189295,36.18294108072939],[89.32403862847298,36.18235270182328],[89.32647054036534,36.18234809027814],[89.32834065755299,36.1826671006948],[89.33093234592076,36.1826142035593],[89.33313178168476,36.18374728732664],[89.33517632378533,36.182973904080086],[89.33811957465338,36.18100911458362],[89.3399525282125,36.180381673177294],[89.34257080078186,36.18043511284742],[89.34407823350784,36.17983100043426],[89.34643825954919,36.179879014757205],[89.34918619791733,36.17898735894124],[89.35212565104229,36.1770600043406],[89.35513617621598,36.17372938368078],[89.35466281467069,36.17231146918431],[89.34394666883748,36.16391872829888],[89.33930826822979,36.15680284288214],[89.33184163411516,36.14904839409752],[89.32840304904568,36.14747612847253],[89.32666666666722,36.14694444444473],[89.32430284288256,36.14708062065995],[89.3195024956604,36.148010525173845],[89.31796576605984,36.14957194010441],[89.31626736111167,36.15039577908004],[89.31344102647643,36.15292019314262],[89.31019205729234,36.154593912760674],[89.30217203776095,36.15676676432315],[89.30138210720565,36.15714979383705],[89.29828477647641,36.16037353515645],[89.29568603515685,36.16149793836831],[89.29212320963615,36.16193332248298],[89.2907139756951,36.162617187500246],[89.2896202256951,36.16423068576427],[89.2886029730908,36.16720241970506],[89.28915554470541,36.167777506510674],[89.2898540581603,36.16710639105929],[89.29134629991393,36.16403049045158],[89.29367431640696,36.16437282986129],[89.29430284288247,36.16620930989609],[89.29343343099026,36.1702764214412],[89.29401963975755,36.17373670789965],[89.29454128689298,36.17526123046895],[89.29347493489655,36.177331271701576],[89.29383870442763,36.178859592014135],[89.29596950954931,36.18069715711829],[89.29733615451443,36.181030273437784],[89.29882839626788,36.18213677300372],[89.30009304470542,36.183452690972445],[89.30255452474017,36.18429524739611],[89.30512288411518,36.184313693576655],[89.30740804036515,36.18365234375034],[89.31037353515705,36.18474582248285],[89.31071343316029,36.185738932292],[89.31066975911529,36.18787407769116],[89.31143527560835,36.188670789930825],[89.31452067057347,36.18930284288217],[89.31610107421938,36.188610026041886],[89.31926215277832,36.185422092014164],[89.3218082682298,36.18375271267388]]]}},{"type":"Feature","id":"hydrolakes:14838","properties":{"Hylak_id":14838,"Lake_name":"","Country":"China","Continent":"Asia","Poly_src":"SWBD","Lake_type":1,"Grand_id":0,"Lake_area":11.92,"Shore_len":22.03,"Shore_dev":1.8,"Vol_total":60.59,"Vol_res":0.0,"Vol_src":3,"Depth_avg":5.1,"Dis_avg":0.021,"Res_time":33391.4,"Elevation":4841,"Slope_100":1.92,"Wshd_area":1198.9,"Pour_long":88.972917,"Pour_lat":36.147917,"source_id":"hydrolakes:14838","label":""},"geometry":{"type":"Polygon","coordinates":[[[88.97718370225749,36.1600642903648],[88.97993842230971,36.15928738064264],[88.98150906033044,36.15931939019123],[88.98260498046926,36.15875488281273],[88.98421603732703,36.15836208767388],[88.98458062066038,36.15661322699674],[88.98337103949706,36.15622097439274],[88.98125488281323,36.156264105903176],[88.98097493489644,36.15585313585092],[88.98264160156316,36.15486382378498],[88.98291395399366,36.15372450086835],[88.98089735243133,36.15376573350716],[88.97927490234434,36.15545410156284],[88.9786138237854,36.15681694878498],[88.97683024088622,36.156780598958676],[88.97530897352482,36.15800862630226],[88.97456407335147,36.15762478298649],[88.97347683376796,36.15538330078152],[88.9740999348964,36.15417371961843],[88.9806906467021,36.15183295355922],[88.98550265842084,36.151115180121735],[88.98656602647645,36.14896185980922],[88.98883138020904,36.14615532769119],[88.99236382378535,36.144586046007305],[88.99418321397621,36.143026801215456],[88.9946647135423,36.14154351128491],[88.99343153211879,36.14125271267386],[88.99174560546925,36.14182996961824],[88.98880859375072,36.141770019531464],[88.98819715711858,36.14209716796887],[88.98991997612899,36.14293294270851],[88.99069173177139,36.14376193576413],[88.9887432183167,36.144394259982846],[88.98874294704939,36.145339626736416],[88.986630316841,36.145969509548934],[88.98514160156321,36.14553765190999],[88.98684705946238,36.144534505208526],[88.98680148654574,36.14229682074665],[88.98392550998335,36.141162651909895],[88.98458224826442,36.13988769531272],[88.98496093750089,36.1375615776912],[88.98907931857707,36.13556342230925],[88.98958062066032,36.134640028212004],[88.98789849175432,36.132556152343966],[88.98792778862912,36.131127929687636],[88.9893193901915,36.12929361979184],[88.98930230034779,36.12845269097244],[88.98869520399359,36.12786946614608],[88.98702473958411,36.127058919271064],[88.98477918836858,36.12710476345512],[88.98141710069496,36.12846869574673],[88.97958604600746,36.127358398437764],[88.97870930989637,36.12708604600715],[88.97750542534789,36.1283387586808],[88.97541612413261,36.12901692708357],[88.97180826822972,36.12910590277795],[88.97304389105966,36.12747775607659],[88.9722222222228,36.12666666666695],[88.97149875217076,36.126807996961986],[88.96930826822967,36.12791937934048],[88.96401963975757,36.12824300130234],[88.96074408637219,36.12891384548635],[88.95872802734442,36.13098795572944],[88.95641330295194,36.131552191840456],[88.95541937934087,36.132113172743345],[88.9562472873269,36.133838433159895],[88.95491780599008,36.13430284288228],[88.95296603732714,36.13272705078151],[88.95055392795194,36.133969726562896],[88.94677571614648,36.13430284288228],[88.94546034071237,36.132933756510624],[88.9437470160596,36.13206922743075],[88.94160346137204,36.13211290147598],[88.94014160156325,36.1316845703127],[88.94150607638943,36.134008789062875],[88.94320095486182,36.135973849826655],[88.94106825086857,36.13666585286495],[88.93959879557343,36.138195529514064],[88.93763617621579,36.13846950954883],[88.93625271267433,36.139321289062764],[88.93830620659782,36.14066731770856],[88.94162299262223,36.13958604600708],[88.94490207248316,36.141275227864924],[88.94541395399364,36.14240180121561],[88.94471489800407,36.14444444444467],[88.94592773437552,36.147527940538396],[88.95012071397622,36.14956217447934],[88.95291476779568,36.15202012803849],[88.9547414822054,36.155785319010704],[88.95748128255258,36.15655815972258],[88.95832682291734,36.15784776475715],[88.96329047309109,36.16261664496557],[88.96557291666738,36.16293538411486],[88.96598931206665,36.163793674045394],[88.96684868706666,36.1646194118926],[88.96923556857712,36.16457058376761],[88.97222981770904,36.16370415581616],[88.97438910590347,36.16259168836842],[88.97718370225749,36.1600642903648]]]}},{"type":"Feature","id":"hydrolakes:14843","properties":{"Hylak_id":14843,"Lake_name":"","Country":"China","Continent":"Asia","Poly_src":"SWBD","Lake_type":1,"Grand_id":0,"Lake_area":16.34,"Shore_len":35.11,"Shore_dev":2.45,"Vol_total":84.15,"Vol_res":0.0,"Vol_src":3,"Depth_avg":5.1,"Dis_avg":0.0,"Res_time":-1.0,"Elevation":4902,"Slope_100":1.81,"Wshd_area":2227.5,"Pour_long":86.022917,"Pour_lat":36.047917,"source_id":"hydrolakes:14843","label":""},"geometry":{"type":"Polygon","coordinates":[[[86.1073558213979,36.067911241319734],[86.10785346137192,36.06697102864621],[86.10818915473135,36.06482557508701],[86.10736117892844,36.0640584309898],[86.10506259494412,36.063755425347495],[86.10312059190568,36.06575276692729],[86.09995768229197,36.066943901909895],[86.09868055555586,36.06649631076408],[86.09650051540831,36.061491427951694],[86.09428460015243,36.060445692274584],[86.08301608615483,36.0587554253475],[86.07857760959229,36.05933403862872],[86.07690999349012,36.05898518880235],[86.07563293457076,36.059035644531434],[86.07335469563833,36.05786892361124],[86.0709688313807,36.05730061848976],[86.06836778428863,36.05740370008698],[86.06632758246559,36.05697699652802],[86.05820407443616,36.0573228624134],[86.05579854329466,36.05633490668424],[86.05178080240938,36.05738769531274],[86.05090020073828,36.057352701823106],[86.0498134358728,36.054786241319675],[86.0490698920359,36.05409749348996],[86.04720024956629,36.05365207248286],[86.04465738932328,36.05254231770857],[86.04124654134142,36.05267768012175],[86.03860636393262,36.051280381944764],[86.03519029405408,36.05318901909743],[86.03017367892858,36.050253092448145],[86.02661390516522,36.045983886719],[86.02433844672345,36.04411404079883],[86.0233114284942,36.041937934028056],[86.02027716742651,36.03946424696204],[86.01819105360289,36.038967285156446],[86.01380330403686,36.03905327691007],[86.01028408474423,36.039975314670414],[86.00819973415844,36.0384667968753],[86.00510674370696,36.03775607638909],[86.00514695909322,36.03674153645858],[86.00381327311243,36.03550591362864],[86.00274719238308,36.03606987847246],[86.00100260416707,36.03465006510436],[85.99886033799953,36.03413981119803],[85.99398769802548,36.03327392578137],[85.99088046603777,36.03232611762178],[85.98933973524339,36.032387152778085],[85.98830708821646,36.03184082031271],[85.98122985839876,36.03083875868083],[85.97951538085971,36.02993164062525],[85.97670817057337,36.030667317708605],[85.9737529161244,36.02910346137173],[85.97202745225741,36.03013346354186],[85.96949727376341,36.02868191189259],[85.96734632704056,36.02876708984394],[85.96694444444478,36.028333333333535],[85.96374579535632,36.02874430338568],[85.96173265245272,36.02962999131978],[85.96015367296042,36.02956732855921],[85.95907687717056,36.030137261285006],[85.95728101942314,36.030423177083605],[85.95561401367229,36.03100748697955],[85.95260179307775,36.03097927517388],[85.95205735948383,36.03156684027812],[85.952138875326,36.03362304687522],[85.9527792697487,36.034833441840476],[85.95430135091175,36.03429985894121],[85.95495788574254,36.03432590060777],[85.9554408772791,36.03785997178841],[85.95710537380677,36.038935004340544],[85.95916286892407,36.03772949218768],[85.95986606174085,36.038488498264144],[85.96155137803845,36.038421766493286],[85.9642489963112,36.03889160156268],[85.96575052897168,36.04245171440999],[85.96770799424974,36.04321397569464],[85.9690477159291,36.04465983072947],[85.97200181749179,36.045953504774616],[85.97316806369389,36.0463226996531],[85.97616190592481,36.0462038845489],[85.97918674045167,36.04740451388909],[85.98280063205328,36.047062174479436],[85.98540215386316,36.04716525607665],[85.9894591606992,36.050229492187725],[85.99124640570773,36.04985541449673],[85.99298936631993,36.049924587673786],[85.99481865776937,36.048665635850966],[85.99712951660183,36.04875732421897],[85.99985053168433,36.05084391276063],[86.00176534016975,36.05129991319461],[86.00321160210547,36.052295193142584],[86.00707804362008,36.05347764756971],[86.0100389946835,36.05383192274337],[86.01749864366349,36.053199869791854],[86.02151719835115,36.05389946831622],[86.02991909450981,36.05469238281273],[86.03225667317741,36.05518147786478],[86.03643439398905,36.05501600477453],[86.03680026584243,36.05545220269124],[86.03598178439711,36.056210666232914],[86.03207804362023,36.05652235243076],[86.03153306749158,36.05700168185791],[86.03375528971401,36.057355685764094],[86.03518344455347,36.05794243706623],[86.03687438964874,36.05793592664958],[86.03928900824684,36.0603504774308],[86.04128682454456,36.05901258680575],[86.04296637641113,36.05898735894118],[86.0448558213979,36.06014431423637],[86.04600457085547,36.06050781250019],[86.04784783257406,36.05931098090298],[86.04926418728331,36.06118109809046],[86.05304653591628,36.06325764973985],[86.05447645399352,36.06480088975724],[86.05638888888939,36.06607666015651],[86.05976528591606,36.067670084635665],[86.06144734700553,36.06760362413212],[86.06249796549525,36.06797173394119],[86.06592902289532,36.06796440972255],[86.07015306260877,36.067413736979404],[86.07777777777824,36.06771592881984],[86.08173299153691,36.0675591362849],[86.08360134548644,36.06795003255246],[86.08859605577294,36.06781819661478],[86.09165242513058,36.068216688368295],[86.0934613715284,36.068850640191215],[86.09485582139786,36.068694118923815],[86.09383653428858,36.06653320312523],[86.0974133300785,36.06820882161486],[86.1001148817279,36.06820990668422],[86.10121541341186,36.06782416449687],[86.10250359429284,36.06914957682318],[86.10473843044741,36.070204264323195],[86.10700486924947,36.070114474826596],[86.1073558213979,36.067911241319734]]]}},{"type":"Feature","id":"hydrolakes:14844","properties":{"Hylak_id":14844,"Lake_name":"","Country":"China","Continent":"Asia","Poly_src":"SWBD","Lake_type":1,"Grand_id":0,"Lake_area":16.77,"Shore_len":27.97,"Shore_dev":1.93,"Vol_total":140.3,"Vol_res":0.0,"Vol_src":3,"Depth_avg":8.4,"Dis_avg":0.027,"Res_time":60143.5,"Elevation":4848,"Slope_100":2.75,"Wshd_area":636.7,"Pour_long":88.485417,"Pour_lat":36.027083,"source_id":"hydrolakes:14844","label":""},"geometry":{"type":"Polygon","coordinates":[[[88.48399685329923,36.04470784505236],[88.4854139539936,36.043747287326596],[88.48820285373318,36.04320285373291],[88.49263888888947,36.04185194227455],[88.49607720269154,36.04008056640646],[88.49809082031311,36.03798475477453],[88.50291937934077,36.03541937934045],[88.50462999132003,36.03425998263907],[88.50743109809076,36.03031114366337],[88.5098833550353,36.02760470920157],[88.5109806315109,36.02485270182319],[88.51236138237914,36.024579535590476],[88.5154616970492,36.02599690755227],[88.51934353298662,36.02591769748284],[88.52405192057358,36.025139160156414],[88.52522949218815,36.02453260633706],[88.5257503255213,36.022395833333576],[88.5271145290804,36.021530490451596],[88.52707112630259,36.023659667969014],[88.52819715711865,36.02402506510441],[88.52906521267425,36.0251692708336],[88.53155327691024,36.025142144097344],[88.53579806857687,36.02787109375021],[88.53808485243121,36.028613281250216],[88.54102023654582,36.02818413628506],[88.54273410373315,36.02644178602458],[88.54743787977492,36.02653781467046],[88.55130995008744,36.028497178819634],[88.55358181423668,36.02905110677108],[88.55529622395898,36.02901611328156],[88.55675157335116,36.02705268012181],[88.55738335503531,36.02115776909744],[88.55996175130264,36.018680555555875],[88.5616324869797,36.017870008680745],[88.5634331597227,36.015995822482864],[88.56256429036506,36.01385335286483],[88.5633976236985,36.012623697917036],[88.56374728732686,36.01144911024318],[88.55994059244858,36.01049777560786],[88.55847276475748,36.01125379774345],[88.55597249349023,36.01041314019125],[88.5545521375875,36.01069091796899],[88.5516308593755,36.009186197916904],[88.5498782009555,36.007361924913425],[88.54790337456649,36.006797417534926],[88.54707519531314,36.006814236111325],[88.5466666666673,36.00638888888915],[88.5442597113722,36.006825086805804],[88.54321750217065,36.00790961371547],[88.54261393229228,36.00820231119815],[88.53766764322984,36.008208007812755],[88.53676106770888,36.00789767795169],[88.53560465494837,36.007921278211995],[88.53210639105953,36.009118652344],[88.52902506510469,36.010969509548886],[88.52754448784782,36.012164442274695],[88.52625651041728,36.01350531684045],[88.52414822048695,36.01732367621554],[88.52347493489651,36.01903049045171],[88.52229410807354,36.019302842882155],[88.52062717013945,36.016494683159976],[88.51777994791718,36.01334635416691],[88.51486355251802,36.012262641059294],[88.51215304904565,36.01272488064262],[88.50386501736165,36.01618923611136],[88.49690456814301,36.01743218316011],[88.49361843533052,36.01939941406272],[88.49289360894159,36.021286349826596],[88.48935167100763,36.0212141927085],[88.48840955946241,36.02185275607661],[88.48875379774353,36.02319525824686],[88.48845730251782,36.02377088758698],[88.4850935872401,36.02459092881969],[88.48187988281296,36.024525282118304],[88.47754584418465,36.02519992404541],[88.46881564670213,36.027988009982835],[88.46202826605958,36.03128255208355],[88.46097493489651,36.03371175130235],[88.46319173177142,36.03747233072937],[88.46167371961872,36.039472927517636],[88.46236382378538,36.040136176215526],[88.46263617621582,36.040915527344],[88.46124159071246,36.042643229166856],[88.46125325520904,36.04321397569464],[88.46186035156313,36.043797200521],[88.46349717882003,36.044591200086984],[88.46588595920196,36.04454264322942],[88.46799533420193,36.04526448567731],[88.4708940972227,36.04458604600717],[88.47302056206672,36.04619981553844],[88.4757733832472,36.046525065104504],[88.48399685329923,36.04470784505236]],[[88.51319715711878,36.02350721571207],[88.51541232638954,36.02093912760438],[88.5147186957472,36.01959309895858],[88.51638888888937,36.01944444444479],[88.51723063151093,36.02027506510444],[88.51678059895892,36.0215898980037],[88.5151586914069,36.02314805772596],[88.51486382378522,36.02371446397609],[88.51930826822962,36.02402506510441],[88.51985839843803,36.02441026475714],[88.51758707682347,36.02513617621554],[88.51392198350749,36.024196777343946],[88.51319715711878,36.02350721571207]]]}},{"type":"Feature","id":"hydrolakes:14845","properties":{"Hylak_id":14845,"Lake_name":"","Country":"China","Continent":"Asia","Poly_src":"SWBD","Lake_type":1,"Grand_id":0,"Lake_area":80.39,"Shore_len":119.89,"Shore_dev":3.77,"Vol_total":625.86,"Vol_res":0.0,"Vol_src":3,"Depth_avg":7.8,"Dis_avg":0.0,"Res_time":-1.0,"Elevation":4856,"Slope_100":1.85,"Wshd_area":2209.1,"Pour_long":88.789583,"Pour_lat":36.01875,"source_id":"hydrolakes:14845","label":""},"geometry":{"type":"Polygon","coordinates":[[[88.80660970052139,36.04578287760438],[88.80992377387207,36.04514160156276],[88.81283799913263,36.045738661024586],[88.81604193793459,36.04569878472239],[88.81907389322987,36.046319715712],[88.819811740452,36.04784044053844],[88.82209662543471,36.048480360243275],[88.8231808810769,36.048458387587004],[88.82443929036526,36.04931125217041],[88.82531385633735,36.04929334852454],[88.82577772352482,36.04691731770862],[88.82789306640683,36.04640163845505],[88.83076687283051,36.04747097439258],[88.83168728298676,36.04699707031273],[88.83020290798669,36.04515814887179],[88.83153537326444,36.040371093750196],[88.83264160156301,36.03930826822938],[88.83295491536506,36.03706434461827],[88.83695529513955,36.037145996093955],[88.84014729817773,36.035686577691365],[88.84013563368109,36.03511338975716],[88.83628526475758,36.03519205729191],[88.83597493489634,36.0347824435766],[88.84155951605959,36.033671061198106],[88.84652506510469,36.03208062065994],[88.84913845486182,36.03176133897597],[88.85175591362912,36.03041286892386],[88.85710259331648,36.02983181423639],[88.85706895616386,36.02818277994811],[88.85886908637224,36.02902506510435],[88.85942464192766,36.02617865668424],[88.85874728732693,36.0248638237851],[88.85839084201444,36.022311197916906],[88.85582411024365,36.01925347222243],[88.85476508246597,36.01746961805583],[88.85316324869859,36.017079264323286],[88.85205729166739,36.01595269097248],[88.84986382378543,36.015109049479406],[88.85126437717076,36.01376329210086],[88.85124376085139,36.01275200737871],[88.84803195529565,36.013221299913425],[88.84643229166721,36.01289388020854],[88.84541937934091,36.01234212239609],[88.84652506510469,36.01121310763921],[88.84437825520882,36.011257052951635],[88.8429193793408,36.012363823784995],[88.84206353081663,36.012636176215494],[88.84207845052134,36.01086669921898],[88.84067871093816,36.01041937934053],[88.83957817925409,36.0120982530384],[88.83816107855966,36.012785644531505],[88.83619520399373,36.01177300347257],[88.83569715711872,36.011238064236466],[88.8373963758687,36.01068657769122],[88.83818929036522,36.01070285373288],[88.8390250651048,36.01010904947947],[88.83846082899368,36.009013943142634],[88.83688015408035,36.009046223958535],[88.83316460503534,36.01041395399329],[88.8320214843755,36.00982503255233],[88.83094455295185,36.00870415581625],[88.82845160590335,36.009129231771055],[88.82791937934104,36.010053439670344],[88.82903618706666,36.01041585286475],[88.82902370876798,36.011036512587054],[88.82651638454917,36.01202528211837],[88.82355224609444,36.012358398437755],[88.82202284071252,36.01036404079878],[88.81899359809097,36.0104258897573],[88.81430284288263,36.01374728732662],[88.81354953342077,36.014770507812784],[88.81264160156303,36.014302842882216],[88.81083251953191,36.01400824652802],[88.81041937934077,36.01325900607657],[88.81358289930614,36.01287245008717],[88.816719021268,36.01125678168421],[88.8170806206603,36.0101169162329],[88.81481146918458,36.00901611328146],[88.8143082682297,36.008442382812746],[88.81571451822981,36.00709147135433],[88.81569091796939,36.00594156901053],[88.81460964626785,36.004902615017556],[88.81154758029584,36.005529785156455],[88.8088902452264,36.00462022569468],[88.8080783420146,36.00294677734411],[88.80725911458399,36.00236382378495],[88.80622775607708,36.00393690321198],[88.80541937934078,36.00336100260438],[88.807358398438,36.00069173177121],[88.80902018229227,36.00015245225717],[88.81069742838594,35.998848198785026],[88.81416232638941,35.997560763889055],[88.81529324001787,35.998143446180734],[88.81813123914986,35.99699245876769],[88.81978624131995,35.99741644965303],[88.82071614583384,35.99678602430572],[88.82138346354219,35.99541097005232],[88.82441053602491,35.99607394748301],[88.82573486328175,35.99539171006967],[88.82656846788251,35.99458604600716],[88.82905164930617,35.99543592664969],[88.83262559678877,35.99540852864601],[88.83513861762219,35.99625352647587],[88.8384749348964,35.9956971571184],[88.8397862413201,35.99392849392382],[88.83877360026094,35.99295572916685],[88.83677273220536,35.99376736111134],[88.83570258246579,35.99488118489603],[88.83456353081652,35.994857855903035],[88.83458685980975,35.99371934678845],[88.83661024305627,35.99167995876758],[88.83612847222287,35.99074435763907],[88.83456976996592,35.991547309027965],[88.8329044596361,35.9915134006078],[88.83041937934092,35.99236382378507],[88.82402506510482,35.99319173177122],[88.82211724175403,35.99396538628508],[88.81589952256996,35.994315592448174],[88.81027180989668,35.99647352430577],[88.80740804036515,35.99687337239601],[88.8057752821187,35.9974321831599],[88.8034071180561,35.99621229383706],[88.80291937934112,35.99504638671897],[88.80351291232705,35.994030490451564],[88.80669108072965,35.99496527777802],[88.80824951171934,35.99456570095515],[88.80970106336855,35.99305501302109],[88.81165147569516,35.99469238281279],[88.81294189453189,35.993817545573165],[88.81514160156308,35.99319715711823],[88.81638699001786,35.992576497396215],[88.8209803602436,35.99267035590316],[88.82208604600748,35.991519368489776],[88.82345296224037,35.991547309027965],[88.82458062066041,35.99069173177105],[88.8273803710943,35.98956922743082],[88.82813313802137,35.988017578125266],[88.82732503255266,35.98762532552115],[88.82546739366387,35.98766330295166],[88.82390353732688,35.987029079861315],[88.82210991753539,35.98839002821211],[88.81982123480958,35.98903537326407],[88.81621609158043,35.98902425130228],[88.81569715711856,35.98845323350719],[88.81656467013937,35.98761990017374],[88.81944227430614,35.987678493923966],[88.82128336588607,35.987206759982826],[88.82399820963622,35.985146755642575],[88.82548746744862,35.98455919053845],[88.82879258897634,35.984626736111466],[88.8313620334207,35.984188368055925],[88.8353550889762,35.98521185980928],[88.83780924479231,35.98470893012171],[88.84130995008752,35.98233615451426],[88.84730604383742,35.98099283854185],[88.84763617621587,35.979302842882134],[88.84877278645882,35.97821072048629],[88.84816921658057,35.9776310221356],[88.84763617621587,35.977641872830134],[88.84680826822967,35.976926540798786],[88.84779649522619,35.975468750000175],[88.85213324652835,35.97511528862867],[88.85310384114638,35.974105088975875],[88.85262749566022,35.973180609809276],[88.84978244357706,35.97323866102454],[88.84819661458403,35.97291368272596],[88.84675726996585,35.97292046441004],[88.84402994791725,35.97432535807326],[88.84250298394153,35.9742941623266],[88.84037217882008,35.97571912977452],[88.83715494791721,35.97565348307313],[88.83525254991383,35.97661648220503],[88.83486382378544,35.9772382269968],[88.83654405381998,35.97931939019128],[88.83736355251801,35.979302571614824],[88.83997233072972,35.980486653646096],[88.83951578776089,35.98137315538213],[88.83814263237917,35.98181857638906],[88.83672688802153,35.98178982204894],[88.83428683810826,35.98096978081634],[88.83330702040001,35.97994981553836],[88.83095052083382,35.981547309027974],[88.82983561197977,35.98152452256966],[88.82807481553891,35.98033094618074],[88.82526638454914,35.981609429253695],[88.82291395399358,35.98041937934045],[88.82264160156319,35.97935139973981],[88.82560004340331,35.97751003689257],[88.82432345920205,35.97628336588576],[88.82096137152831,35.97764729817726],[88.81816324869857,35.977635362413366],[88.81638481987903,35.976740180121794],[88.81553331163258,35.97544162326409],[88.81430284288263,35.97514160156277],[88.81344482421929,35.9738330078128],[88.81207872178874,35.974869520399636],[88.81098551432365,35.974869249132155],[88.80927571614637,35.974308268229436],[88.8081944444449,35.97486545138918],[88.80748074001798,35.97449761284747],[88.80597683376811,35.975517035590656],[88.80486382378558,35.97513617621547],[88.80208062066032,35.97486382378503],[88.80139512803868,35.974510904948204],[88.80097493489666,35.97235839843785],[88.80038682725746,35.971530490451585],[88.7992141384554,35.9721346028648],[88.79785753038277,35.9717868381079],[88.79630533854231,35.971818576389126],[88.79555555555623,35.970555555555734],[88.79349826388938,35.971040310330125],[88.79314236111173,35.973590223524695],[88.79162624783038,35.97408230251773],[88.78882459852485,35.975525444878656],[88.78679009331665,35.974291720920405],[88.78596978081646,35.97430853949692],[88.78513075086869,35.97387613932318],[88.78370876736176,35.97460883246549],[88.78177734375055,35.97884847005224],[88.78094238281324,35.97958062065999],[88.7792881944452,35.97872829861137],[88.77791124131994,35.980161675347404],[88.77627929687566,35.978462999132205],[88.77497748480971,35.9784895833335],[88.77458604600758,35.97933539496552],[88.77514241536511,35.98041558159758],[88.7747542317714,35.982311197916886],[88.77167344835141,35.98459472656276],[88.77096978081659,35.98458034939273],[88.77039794921933,35.9848749457467],[88.76803710937565,35.98482666015644],[88.76678738064294,35.985147026910056],[88.76462700737903,35.98515218098976],[88.76276936849024,35.986651746962025],[88.7616590711811,35.98708062065998],[88.76101589626796,35.98486382378496],[88.75900417751785,35.986552734375266],[88.7571020507819,35.98651394314254],[88.75636176215329,35.98689534505229],[88.75510525173667,35.985941840277974],[88.7531518554693,35.985981716580056],[88.75205403645896,35.986547037760715],[88.7508487955734,35.98652235243077],[88.74985704210133,35.98400743272589],[88.74906955295188,35.98325086805585],[88.74791666666721,35.98403238932315],[88.74707790798675,35.9834638129343],[88.74561767578189,35.98346218533004],[88.74341037326445,35.98232503255224],[88.74263075086861,35.981513671875234],[88.74126871744875,35.981541612413366],[88.74052435980968,35.98115804036479],[88.73852539062568,35.982771809896064],[88.73680284288264,35.98319173177106],[88.73567518446237,35.98404730902797],[88.73458062066021,35.98402479383702],[88.72903564453173,35.98736979166705],[88.72789171007014,35.98737006293425],[88.72710937500057,35.98818440755235],[88.72208604600752,35.991252712673884],[88.71949951171939,35.99239393446214],[88.71468939887205,35.993333062066256],[88.71245605468812,35.99107991536488],[88.71063232421938,35.991547309027965],[88.70685736762204,35.99340983072938],[88.70847683376803,35.995416124132134],[88.70791937934081,35.996808268229415],[88.70705566406315,35.99808268229191],[88.70709309895904,35.99992730034751],[88.70978651258747,36.00045301649334],[88.71098605685819,36.00349473741346],[88.71096327039987,36.004602864583546],[88.70927327474033,36.00571099175369],[88.70796685112902,36.00707058376764],[88.70533881293466,36.00792344835094],[88.70219021267411,36.007957085503676],[88.69893527560828,36.006884223090594],[88.6971394856779,36.00552137586834],[88.69590413411527,36.005120442708574],[88.6946015082471,36.00514702690998],[88.6930300564241,36.0047441948787],[88.68742106119845,36.00632812500021],[88.68486382378535,36.00847493489607],[88.68139133029581,36.01056315104188],[88.67875271267417,36.012919379340474],[88.67809244791721,36.01319173177103],[88.6771959092888,36.01182427300364],[88.67452419704921,36.011231282552274],[88.67032036675397,36.01127170138915],[88.66748399522635,36.012220052083535],[88.66708604600763,36.0126578776044],[88.66792480468797,36.01348632812528],[88.66791015625057,36.01420166015663],[88.66507459852494,36.01475531684048],[88.65941650390693,36.01258843315992],[88.65601671006993,36.0126578776044],[88.65486111111164,36.01226236979187],[88.64569715711866,36.01541937934053],[88.64208197699713,36.01633436414954],[88.63652506510465,36.01846950954888],[88.63331461588609,36.020106336805725],[88.6305718315977,36.022472059462075],[88.62558946397627,36.0243638780384],[88.623778754341,36.02624837239608],[88.62184353298676,36.027187228732885],[88.62153049045196,36.02850206163214],[88.62210828993125,36.02962375217038],[88.62287787543454,36.0303629557294],[88.63259575737897,36.03225531684052],[88.63623914930605,36.03172281901067],[88.63985839843826,36.02985839843768],[88.64465413411529,36.02789252387174],[88.64827962239644,36.027966579861356],[88.65412082248326,36.02543918185785],[88.65925211588598,36.02472303602451],[88.6622821723098,36.02296739366341],[88.6694192165806,36.02107611762176],[88.67096950954914,36.02013617621549],[88.67391655816033,36.019545898437684],[88.67838894314292,36.01825141059055],[88.67936821831648,36.02041395399323],[88.6837527126741,36.019586046007134],[88.6851917860248,36.01884494357677],[88.69141520182342,36.01750162760436],[88.69496310763964,36.018561469184306],[88.69587782118117,36.01951334635447],[88.69539333767415,36.02045383029531],[88.68941026475761,36.02274224175369],[88.68635416666717,36.02466335720504],[88.67710530599032,36.02856933593779],[88.6768082682297,36.03070855034741],[88.67767469618104,36.03069091796897],[88.68196994357692,36.028832465278015],[88.6857918294279,36.027993435330075],[88.68624728732709,36.0284860568579],[88.68486382378535,36.02925509982663],[88.68691569010485,36.029655761718914],[88.68651936849011,36.03042507595512],[88.68541937934094,36.03040256076417],[88.68445882161524,36.03198215060792],[88.68297878689287,36.030441623264096],[88.68233805338605,36.03014160156289],[88.67982747395882,36.032046712239776],[88.67790825737899,36.03235921223984],[88.67792643229217,36.03325547960088],[88.67853949652834,36.03504692925367],[88.68166666666724,36.035840657552285],[88.6875301106777,36.034134114583594],[88.68624511718815,36.03329155815999],[88.68625406901106,36.03285725911479],[88.68791395399359,36.03319715711825],[88.69415418836866,36.033536512587034],[88.69735839843821,36.03422010633699],[88.69542290581654,36.03484809027799],[88.69514160156314,36.03516954210107],[88.69629069010477,36.03569173177107],[88.7005441623271,36.0338435872398],[88.70323513454935,36.033474934896105],[88.70562445746583,36.034292805989764],[88.709958224827,36.03310655381978],[88.71549099392428,36.0306518554691],[88.71748128255257,36.02714165581625],[88.71980088975744,36.02622667100724],[88.72374728732711,36.022913953993225],[88.72476182725757,36.02258463541688],[88.72513617621598,36.021774359809285],[88.72181369357708,36.021797146267716],[88.72069146050404,36.02237521701426],[88.71874755859437,36.02236409505241],[88.71748616536524,36.02204074435781],[88.71708604600781,36.02131347656268],[88.71906439887232,36.020831434462025],[88.72060953776122,36.02003526475721],[88.72097466362914,36.01816541883704],[88.72154758029563,36.01705322265656],[88.72377875434097,36.015970594618295],[88.7247463650179,36.01496337890649],[88.72373697916737,36.014301757812746],[88.7251616753478,36.01293294270852],[88.72470675998312,36.012495930989814],[88.72173231336876,36.01293050130232],[88.71971110026107,36.013622233073136],[88.71917616102496,36.015270996094046],[88.71484130859443,36.01596950954894],[88.71486409505269,36.01484917534742],[88.7177571614589,36.01391031901062],[88.71987738715347,36.012624511719025],[88.72303927951464,36.01175998263909],[88.72635715060818,36.011794976128726],[88.72735839843807,36.00997585720506],[88.72518446180607,36.00511990017378],[88.72632676866368,36.00514322916689],[88.72791937934079,36.00930284288211],[88.72845865885466,36.01206542968771],[88.72883219401098,36.01278998480922],[88.73100802951456,36.013469509548884],[88.73395887586867,36.01227240668425],[88.73479031033048,36.013137749566226],[88.7351361762158,36.01600206163215],[88.73434000651105,36.01754747178853],[88.73048149956645,36.02181667751756],[88.73352430555605,36.023496636284904],[88.73540852864636,36.023458116319716],[88.73775065104235,36.02589572482657],[88.74138536241372,36.02836507161476],[88.74093722873329,36.0296747504342],[88.74100802951443,36.03314670138906],[88.74507459852498,36.03354437934047],[88.74908881293453,36.03346245659742],[88.7511705186638,36.03275010850729],[88.75211398654585,36.03176812065993],[88.75266872829917,36.03062472873302],[88.75263590494848,36.02902506510435],[88.75446451822984,36.026904839409895],[88.75507541232696,36.025141601562666],[88.75542941623314,36.02659450954883],[88.75568060980981,36.03095865885439],[88.75653917100743,36.03222520616356],[88.7565193684901,36.03319037543429],[88.75794270833399,36.0348860677085],[88.75929660373333,36.035542805989905],[88.77419921875071,36.033433159722506],[88.77636338975765,36.033477376302415],[88.77841471354219,36.03472140842035],[88.7773250325526,36.035435655382116],[88.77571858724025,36.03540310329879],[88.77422932942767,36.03600694444469],[88.77331407335117,36.03832736545161],[88.77013617621594,36.0390250651044],[88.76871717664989,36.03960069444463],[88.76817518446262,36.040164659288564],[88.76822618272621,36.042666558159965],[88.76936414930611,36.043218858507146],[88.77198323567774,36.04316541883708],[88.77498643663267,36.04393500434048],[88.77710232204919,36.04339274088562],[88.78142496744863,36.042864583333596],[88.78562744140686,36.040699598524554],[88.7879714626742,36.040413140191106],[88.79024061414981,36.039831542968955],[88.79315890842071,36.038647732205106],[88.79555555555623,36.0368294270836],[88.798225097657,36.03653130425374],[88.79949788411517,36.03763617621553],[88.80001329210131,36.03604763454882],[88.80180826822982,36.03569715711831],[88.80263861762216,36.03513454861144],[88.80346950954919,36.03557345920177],[88.80261121961871,36.036839735243234],[88.80000108506994,36.03810601128504],[88.79869004991406,36.04010552300366],[88.79645833333387,36.04156873914951],[88.79155246310836,36.04316080729194],[88.78947157118108,36.044232584635665],[88.78900336371584,36.04519748263908],[88.78903401692753,36.04668945312517],[88.78987521701441,36.04793050130229],[88.79208604600763,36.048469509548966],[88.79619140625056,36.05103597005228],[88.79996799045205,36.05212375217036],[88.802147352431,36.05207926432308],[88.8038140190979,36.050344509548836],[88.80487467447983,36.04815836588563],[88.80484402126785,36.04666666666691],[88.80660970052139,36.04578287760438]],[[88.82683295355952,36.03735378689265],[88.82916666666716,36.0372222222224],[88.83052273220545,36.03771701388911],[88.83034803602493,36.038731282552305],[88.8277360026047,36.0405050998267],[88.82662543402841,36.040313856337036],[88.82789279513946,36.038762207031425],[88.82683295355952,36.03735378689265]],[[88.82848008897628,36.03514675564264],[88.8325000000005,36.03416666666692],[88.83271755642414,36.03477294921902],[88.82599609375058,36.036340060764076],[88.82570231119854,36.03557969835094],[88.82848008897628,36.03514675564264]],[[88.79053955078183,36.00544704861147],[88.79287326388953,36.00489122178857],[88.79358723958399,36.004229600694714],[88.79290608724023,36.00294243706617],[88.79346679687552,35.99972086588565],[88.79252929687567,35.9980414496531],[88.79093126085138,35.99694173177102],[88.78930935329925,35.997366807725996],[88.78832221137208,35.9973277452259],[88.7859204101569,35.99822998046892],[88.78016465928869,35.99759385850717],[88.7801082356778,35.996167805989955],[88.78135850694514,35.99319661458355],[88.78264431423679,35.992366536458576],[88.78628200954932,35.989035101996706],[88.79048556857708,35.98681098090316],[88.79086263020889,35.98777018229197],[88.78931098090328,35.989033203125246],[88.78736653645882,35.98949625651079],[88.78788275824718,35.99021185980928],[88.79130316840337,35.99016845703147],[88.79767198350771,35.9889344618058],[88.80166666666736,35.98638888888917],[88.80188015408038,35.98699815538214],[88.80069986979231,35.98853759765643],[88.80096679687563,35.989033203125246],[88.80205593533049,35.98954698350718],[88.80243001302136,35.99025390625019],[88.80158474392414,35.992045084635606],[88.80097764756994,35.992366536458576],[88.79899603949707,35.99274468315997],[88.79819986979237,35.99424967447942],[88.8006437174484,35.997051052517634],[88.80073323567757,35.999309082031516],[88.79961615668469,36.00141981336827],[88.80096679687563,36.00205756293434],[88.8006797960075,36.00268798828142],[88.79827094184083,36.00259250217033],[88.79481363932342,36.00355604383702],[88.79415011935822,36.005651855468955],[88.79117594401094,36.00652235243075],[88.79053955078183,36.00544704861147]]]}},{"type":"Feature","id":"hydrolakes:14846","properties":{"Hylak_id":14846,"Lake_name":"","Country":"China","Continent":"Asia","Poly_src":"SWBD","Lake_type":1,"Grand_id":0,"Lake_area":17.36,"Shore_len":17.09,"Shore_dev":1.16,"Vol_total":212.05,"Vol_res":0.0,"Vol_src":3,"Depth_avg":12.2,"Dis_avg":0.0,"Res_time":-1.0,"Elevation":4841,"Slope_100":3.79,"Wshd_area":1732.4,"Pour_long":88.10625,"Pour_lat":35.99375,"source_id":"hydrolakes:14846","label":""},"geometry":{"type":"Polygon","coordinates":[[[88.0896701388894,36.011796603732876],[88.0920681423616,36.010956217448154],[88.09309190538244,36.011497938368336],[88.09869845920218,36.011800130208655],[88.10149495442755,36.010088161892554],[88.10369493272623,36.01017523871565],[88.10430636935826,36.007607421875264],[88.10496392144142,36.00699842664966],[88.10797254774366,36.00653320312529],[88.10945719401087,36.00731879340299],[88.11254665798674,36.007688530816324],[88.11459852430619,36.0092616102433],[88.11790066189303,36.00992241753505],[88.12085340711855,36.009805230034885],[88.126091037327,36.010194769965494],[88.12823160807335,36.010109863281514],[88.12874457465341,36.00902235243075],[88.1305927191845,36.00840332031288],[88.13255099826449,36.00736707899324],[88.13797661675397,36.006625705295505],[88.13994927300399,36.005934244791945],[88.14157172309092,36.00249620225719],[88.14152126736161,36.00122341579879],[88.14041124132007,36.0006998697919],[88.13869656033046,35.998849012587016],[88.13875895182366,35.99727430555572],[88.13935085720533,35.99558566623284],[88.13925347222272,35.99202067057314],[88.13779242621587,35.985801323784926],[88.13606879340341,35.98197591145856],[88.13440049913254,35.97992594401069],[88.13263346354222,35.97958875868079],[88.13087537977475,35.97875542534746],[88.1286528862853,35.97933756510446],[88.12652940538243,35.978465440538514],[88.12500976562558,35.97878336588559],[88.12279459635471,35.97872856987874],[88.12085422092065,35.97804850260434],[88.11956081814299,35.9770567491322],[88.11846055772617,35.97710042317726],[88.11624810112886,35.97652072482657],[88.11482937283051,35.97722167968766],[88.11331163194518,35.976418457031514],[88.10985622829907,35.97655544704878],[88.10944444444493,35.976111111111265],[88.10808485243098,35.97659396701408],[88.10703097873312,35.97622450086823],[88.10607042100747,35.97626274956616],[88.10124457465338,35.97707790798631],[88.10032470703186,35.97771104600719],[88.09888888888935,35.97720784505225],[88.09569444444497,35.978021104600884],[88.09444444444495,35.97758300781271],[88.0934483506951,35.977932128906446],[88.09042480468815,35.97790039062522],[88.08707790798667,35.98096679687524],[88.08679850260478,35.9821411132815],[88.08572184244849,35.98313829210093],[88.08492621527819,35.98437065972246],[88.08369384765706,35.98516628689271],[88.08295817057353,35.98596028645858],[88.08180962456646,35.98650254991344],[88.08150309244837,35.987152506510654],[88.08154378255261,35.98817952473979],[88.08069986979211,35.989947645399695],[88.08183024088584,35.99215250651059],[88.08178005642407,35.99341986762181],[88.08227864583398,35.994842122396165],[88.08411485460118,35.99806613498288],[88.08317843967058,35.999595540364794],[88.08350667317774,36.00191107855926],[88.08334608289988,36.00596110026066],[88.08408610026106,36.007762586805825],[88.08514431423663,36.0093001302086],[88.08541124131995,36.01069986979189],[88.08580702039973,36.01144748263914],[88.0896701388894,36.011796603732876]]]}},{"type":"Feature","id":"hydrolakes:14847","properties":{"Hylak_id":14847,"Lake_name":"","Country":"China","Continent":"Asia","Poly_src":"SWBD","Lake_type":1,"Grand_id":0,"Lake_area":46.8,"Shore_len":43.4,"Shore_dev":1.79,"Vol_total":491.5,"Vol_res":0.0,"Vol_src":3,"Depth_avg":10.5,"Dis_avg":0.001,"Res_time":5688662.0,"Elevation":4807,"Slope_100":2.69,"Wshd_area":1971.1,"Pour_long":87.377083,"Pour_lat":35.977083,"source_id":"hydrolakes:14847","label":""},"geometry":{"type":"Polygon","coordinates":[[[87.33584554036509,36.007173936632114],[87.33680487738758,36.00652370876753],[87.33836886935796,36.00715793185799],[87.33948052300394,36.00640462239613],[87.34184624566024,36.005419379340594],[87.34402696397626,36.00616590711837],[87.345385742188,36.00524468315996],[87.34763780382002,36.00695339626765],[87.34917209201427,36.00616292317727],[87.35381483289984,36.004848632812696],[87.35728217230962,36.003087836371776],[87.35823215060816,36.00116400824692],[87.35937038845526,36.001553819444666],[87.36208062066015,36.00319715711828],[87.36291937934084,36.003469509548836],[87.36430284288247,36.00458604600715],[87.36514160156293,36.004858398437875],[87.36648410373306,36.00576822916685],[87.36736382378524,36.00485270182327],[87.3683303493928,36.00487250434048],[87.37020155164993,36.00375271267387],[87.37251790364627,36.004946017795305],[87.37559760199724,36.004315321180854],[87.3777585177956,36.005780164930854],[87.37859429253518,36.005349663628635],[87.38155761718787,36.00652506510437],[87.38318250868099,36.00568793402795],[87.384491916233,36.006023491753865],[87.38640679253507,36.005419379340594],[87.3879890950526,36.00649197048631],[87.3893256293407,36.00512505425371],[87.39248887803876,36.00487792968772],[87.3937681749137,36.004010959201594],[87.39546847873311,36.00345920138926],[87.39630289713591,36.0034760199656],[87.39790852864627,36.00514756944466],[87.3998635525179,36.00514187283011],[87.40337999131981,36.0039605034724],[87.4043435329865,36.004613715278026],[87.40875325520892,36.00452365451412],[87.4111482747403,36.005014377170426],[87.41152506510463,36.003469509548836],[87.41319715711853,36.001519368489824],[87.41419813368094,36.001539713541945],[87.41623399522615,36.00291992187522],[87.41682210286496,36.002907714844014],[87.4174739583338,36.0015646701392],[87.4215304904518,36.00014160156269],[87.42347520616374,35.99764160156286],[87.42346869574726,35.99733045789952],[87.42208604600751,35.99594238281276],[87.42264322916714,35.994861111111334],[87.42206922743105,35.99374701605922],[87.42207492404566,35.99209147135434],[87.42271891276079,35.99084147135443],[87.42097493489626,35.98692843967041],[87.42360460069489,35.98367078993073],[87.42458333333371,35.98417507595508],[87.42543538411519,35.98373616536492],[87.42628119574698,35.98375352647605],[87.42735866970554,35.98430853949685],[87.42966444227471,35.98428982204888],[87.43097656250046,35.98097222222253],[87.43057291666719,35.9801888020836],[87.42955403645885,35.98071370442733],[87.42840820312551,35.980690375434335],[87.42626546224011,35.97846001519122],[87.42427164713592,35.97944444444465],[87.42430853949696,35.981252441406525],[87.42399576822982,35.9818592664933],[87.42230957031296,35.9815139431426],[87.42113959418464,35.980911187066226],[87.41954454210122,35.981457248264235],[87.41764160156288,35.980969509548856],[87.41393581814276,35.9805164930558],[87.41152506510463,35.979586046007114],[87.40843994140675,35.97679768880232],[87.40764322916704,35.9768139648441],[87.40583360460107,35.97535319010433],[87.40328504774351,35.974526367187764],[87.39898708767419,35.97513617621547],[87.3965196397574,35.974291449653094],[87.39405707465318,35.974286295573165],[87.3934719509553,35.974587673611325],[87.3925000000005,35.97392903645857],[87.39121880425392,35.97457980685789],[87.38969401041703,35.97379421658013],[87.3870806206603,35.973474934896046],[87.38488959418453,35.97234646267384],[87.38298285590338,35.97238525390645],[87.38033474392421,35.9701011827259],[87.37874728732692,35.96958604600712],[87.377345648872,35.96873616536476],[87.37623128255251,35.96875895182319],[87.37539171007006,35.9678851996531],[87.37543348524355,35.96584445529538],[87.37400499131985,35.96343641493081],[87.37267062717052,35.960179036458555],[87.37039143880253,35.95986083984394],[87.36916666666718,35.959229871962066],[87.36829020182347,35.95968126085097],[87.3645453559032,35.95929850260438],[87.36340440538237,35.95871093750026],[87.36102701822972,35.959116482205104],[87.35946289062554,35.958715549045394],[87.35742458767413,35.95875732421899],[87.35492974175389,35.96027018229188],[87.35271674262208,35.959816894531514],[87.3505086263026,35.960915256076646],[87.34843071831654,35.96125352647596],[87.34631618923657,35.96345458984399],[87.34538764105952,35.96375569661478],[87.34296793619836,35.965396050347465],[87.339841851129,35.96697970920167],[87.33596950954899,35.96735839843774],[87.33411824544311,35.96783284505233],[87.33319715711849,35.96735839843774],[87.33134385850735,35.96699652777801],[87.33041937934081,35.96594238281267],[87.33102416992244,35.9647686089412],[87.3329303656688,35.96430826822939],[87.33348036024358,35.96544189453152],[87.3376097276481,35.96543592664949],[87.33827609592055,35.965092502170364],[87.33874728732684,35.96257622612876],[87.33783921983559,35.95992377387182],[87.3362527126742,35.957080620659895],[87.33480604383738,35.95504774305573],[87.3336214192712,35.95390977647594],[87.33177571614635,35.95513617621555],[87.32899346245716,35.95375406901064],[87.32805555555615,35.95277777777801],[87.32688435872456,35.95348795572943],[87.32541395399363,35.95345811631972],[87.32481960720526,35.954076605903026],[87.32487019856814,35.95655707465295],[87.3236953396273,35.95768608940995],[87.31951117621571,35.95760064019123],[87.31663302951438,35.9580913628476],[87.3148611111115,35.95689046223981],[87.31261393229221,35.95820231119808],[87.3118187120233,35.9581863064239],[87.31046196831636,35.95865071614605],[87.3071686469188,35.96243462456624],[87.30569173177139,35.96291395399328],[87.30468505859426,35.96359619140645],[87.30424791124187,35.965389539930754],[87.302053493924,35.96569173177102],[87.30096421983569,35.96513047960087],[87.299486897787,35.965160590278],[87.29458550347266,35.96661105685797],[87.29317830403704,35.96756510416685],[87.2896229383685,35.968747558593975],[87.28763617621587,35.969025065104404],[87.28601223415836,35.96982937283008],[87.28241102430599,35.97224256727452],[87.28208604600763,35.972957356771076],[87.28322035047785,35.97404730902798],[87.28542466905418,35.974869520399636],[87.2875937228738,35.97482530381973],[87.29069186740509,35.97625298394115],[87.29231079101612,35.97621988932309],[87.2931944444448,35.976675075955086],[87.29402777777824,35.976245659722395],[87.29460259331637,35.97654188368074],[87.2954523383251,35.978255479600875],[87.29805067274356,35.979358452691145],[87.29904093424534,35.97901963975727],[87.30141669379407,35.97906792534752],[87.30180284288247,35.97986382378497],[87.30402506510455,35.98097493489604],[87.30569715711863,35.981247287326596],[87.30683932834256,35.9821139865453],[87.30801961263063,35.98391411675385],[87.31044650607686,35.984302842882244],[87.31185926649351,35.98357503255227],[87.31320271809943,35.98459445529534],[87.3131911892367,35.98515842013927],[87.3106032986118,35.98599799262172],[87.30790866427998,35.98736952039957],[87.3053379991324,35.98731689453143],[87.30264350043439,35.987630479600966],[87.30153049045185,35.988474934896146],[87.29855075412371,35.9893505859377],[87.29819715711852,35.99155761718771],[87.29963134765666,35.99293565538221],[87.30224053276953,35.99288221571203],[87.30370022243983,35.993256293403135],[87.30603746202297,35.995142957899645],[87.30852308485288,35.99655219184052],[87.31066528320349,35.996508517795405],[87.31294175889809,35.99765597873295],[87.3129028320318,35.99956461588573],[87.3131911892367,36.00043619791688],[87.31235283745701,36.00126410590303],[87.31236463758722,36.00183675130228],[87.31541381835979,36.00181966145851],[87.31710652669324,36.00096516927101],[87.31764716254395,36.000402560764144],[87.31763549804731,35.99983045789969],[87.31624104817746,35.998490939670376],[87.31625447591188,35.99783745659744],[87.3181971571185,35.997363823784895],[87.31902506510454,35.99688557942727],[87.31763617621579,35.995974934896026],[87.31736382378529,35.99554606119818],[87.31861070421053,35.99494113498281],[87.32016072591205,35.99599175347248],[87.32076375325585,35.99723470052106],[87.32024970160643,35.99823269314254],[87.32106608072968,35.999437120225934],[87.32320841471397,36.000147298177296],[87.32318047417573,36.00151719835094],[87.32458604600754,36.00319173177104],[87.3257029893669,36.00570285373283],[87.32812296549525,36.00565348307322],[87.32888888888942,36.00604790581622],[87.3297919379346,36.0055826822919],[87.33127983941012,36.00708062065996],[87.33372517903695,36.006081542969014],[87.33584554036509,36.007173936632114]]]}},{"type":"Feature","id":"hydrolakes:14851","properties":{"Hylak_id":14851,"Lake_name":"","Country":"China","Continent":"Asia","Poly_src":"SWBD","Lake_type":1,"Grand_id":0,"Lake_area":18.9,"Shore_len":40.0,"Shore_dev":2.6,"Vol_total":106.28,"Vol_res":0.0,"Vol_src":3,"Depth_avg":5.6,"Dis_avg":0.005,"Res_time":246019.9,"Elevation":4881,"Slope_100":1.9,"Wshd_area":666.1,"Pour_long":89.239583,"Pour_lat":35.94874,"source_id":"hydrolakes:14851","label":""},"geometry":{"type":"Polygon","coordinates":[[[89.19583333333395,36.00191596137171],[89.19710286458405,36.0009526909725],[89.19704942491381,35.998343098958514],[89.1976361762159,35.99541395399331],[89.20114149305613,35.99318359375019],[89.20211452908046,35.993190917968946],[89.20408067491377,35.99217827691001],[89.20605333116379,35.99179307725717],[89.2073369683165,35.991819118923786],[89.20880072699714,35.991225585937684],[89.21097466362909,35.991247016059276],[89.21388563368123,35.99230387369829],[89.21500000000071,35.99172987196198],[89.21805555555608,35.993270128038375],[89.21979139539997,35.99237603081616],[89.22334011501823,35.98916856553842],[89.22386447482711,35.98755235460101],[89.2262527126743,35.98708604600711],[89.23070855034774,35.98458875868084],[89.23068549262223,35.98571397569475],[89.2284749348965,35.98717583550365],[89.2293462456604,35.98791395399331],[89.23340847439289,35.986689181857855],[89.23671332465346,35.98468505859398],[89.24025227864644,35.983536512586966],[89.2434695095493,35.983235134548806],[89.24289767795193,35.98490559895856],[89.24293375651132,35.986666666666906],[89.23823160807348,35.9887434895835],[89.23503906250073,35.98960693359396],[89.2337472873271,35.989580349392554],[89.23291124131993,35.99014729817725],[89.2320914713548,35.99013047960085],[89.2309749348965,35.990996907552244],[89.23211235894149,35.99267496744818],[89.23434353298683,35.99432888454885],[89.23613688151096,35.99491075303837],[89.23783989800415,35.99422010633708],[89.23924018012224,35.99527370876763],[89.23958333333388,35.99598063151063],[89.2403778754346,35.99596462673628],[89.2434695095493,35.994580620659974],[89.24546115451443,35.99425618489619],[89.2466444227436,35.99186523437527],[89.2482674153652,35.991225043403006],[89.25093207465335,35.98845160590304],[89.25262017144149,35.98848605685788],[89.25338107638942,35.988094075521076],[89.25541992187578,35.989468044705234],[89.25795138888958,35.98816406250023],[89.260111490886,35.988208007812716],[89.26152506510482,35.98688368055582],[89.26041395399375,35.9854193793405],[89.26014160156319,35.98427571614616],[89.26096950954934,35.982490505642545],[89.25976209852485,35.98190456814268],[89.25894775390685,35.980269639757296],[89.2595860460076,35.97903049045158],[89.26013617621618,35.976926540798786],[89.2592173936639,35.975571289062714],[89.25724500868108,35.97607666015642],[89.25541666666732,35.97513454861132],[89.25427571614671,35.975691731771064],[89.25292995876788,35.97429117838561],[89.25208062066025,35.97430853949692],[89.2512445746533,35.973741590711995],[89.25016764322976,35.973763563368266],[89.24928032769162,35.9734597439238],[89.24930881076466,35.97206380208354],[89.24998101128534,35.97141791449678],[89.25180826822987,35.97069715711825],[89.25268527560843,35.97010281033016],[89.2538061523444,35.96779215494814],[89.25346571180626,35.966797146267595],[89.25263075086878,35.96681423611125],[89.25089735243108,35.96500976562527],[89.25040961371582,35.96400472005229],[89.24940728081685,35.963005371093914],[89.24900037977483,35.96050672743081],[89.24903076171933,35.95902533637178],[89.24760281033059,35.9559103732642],[89.24678548177138,35.95512505425364],[89.24569797092079,35.95514729817728],[89.24341742621596,35.95314100477458],[89.24233669704921,35.95091362847245],[89.2423749457472,35.949041341146085],[89.24083333333391,35.946666666667],[89.23860514322979,35.948117675781475],[89.23661159939309,35.94850667317735],[89.23282416449706,35.950145399305825],[89.23118435329934,35.950160047743225],[89.23014160156322,35.95069715711833],[89.2285698784728,35.95108045789965],[89.22664767795192,35.9523833550349],[89.22541937934085,35.95458604600725],[89.22428493923672,35.95599175347246],[89.22202229817788,35.955981987847395],[89.22041910807366,35.95653076171902],[89.2194243706603,35.9565337456599],[89.21736382378538,35.95819715711832],[89.21569607204918,35.95903130425364],[89.21380425347297,35.958708496094005],[89.21101915147636,35.96012722439258],[89.20924886067763,35.960701768663455],[89.20816894531322,35.960697699653],[89.20363037109433,35.96360243055574],[89.20319715711861,35.964740125868445],[89.20431125217073,35.9663837348092],[89.20425699869844,35.9690410698787],[89.20694118923672,35.971620008680816],[89.2083496093756,35.97339653862872],[89.21124511718807,35.97533772786488],[89.21345350477498,35.977636447482894],[89.2146142578132,35.97801323784745],[89.21652506510469,35.97930853949674],[89.21791395399384,35.97980441623287],[89.21525146484436,35.98310275607656],[89.20945475260481,35.98493136935781],[89.20730929904585,35.98763617621546],[89.20504421658046,35.98705566406272],[89.20347493489658,35.986247287326705],[89.2014832899311,35.98567545572928],[89.19961263020895,35.98571370442738],[89.19850124783056,35.98514133029545],[89.19596978081654,35.984864095052274],[89.1946883138026,35.98420383029537],[89.19319335937558,35.984587131076694],[89.19115559895897,35.98343044704882],[89.18805013020881,35.98242268880233],[89.18708604600755,35.9829193793405],[89.18484293619844,35.98348036024322],[89.18362792968833,35.98348334418432],[89.18066460503525,35.985691731771],[89.1795849609382,35.98513536241336],[89.17664388020899,35.98541042751759],[89.17484212239651,35.98430826822937],[89.1721999782992,35.98705837673634],[89.17096950954914,35.987358398437834],[89.16930609809094,35.988754611545346],[89.16679741753546,35.987630479600966],[89.16621934678892,35.987642415364974],[89.16512478298665,35.98875813802101],[89.16514838324724,35.9921259223093],[89.16569715711859,35.99319173177122],[89.16598470052139,35.994664442274654],[89.16857720269155,35.99547498914956],[89.1701307508688,35.99709201388913],[89.17230007595543,35.997047797309335],[89.17292480468814,35.9973695203995],[89.17354193793454,35.99735677083345],[89.17627007378525,35.99679823133704],[89.17838270399375,35.99394829644115],[89.17875244140691,35.992053765191315],[89.17961480034779,35.991225043403006],[89.18147243923664,35.991263020833514],[89.18435845269164,35.99380181206618],[89.18608886718823,35.99613606770862],[89.18775173611175,35.99956353081615],[89.18986382378546,35.999858398437766],[89.19056260850766,36.001298828125186],[89.19219346788253,36.000983072916995],[89.19583333333395,36.00191596137171]],[[89.22663357204931,35.97899332682317],[89.22486382378526,35.9779096137155],[89.22312310112903,35.97827392578148],[89.21985568576468,35.97736653645859],[89.21931098090363,35.9769588216148],[89.2204326714417,35.97512668185789],[89.22038031684082,35.973803439670405],[89.22374457465344,35.9662445746531],[89.22417480468823,35.96584608289953],[89.22597764757018,35.96514431423634],[89.22760850694516,35.96381673177109],[89.22959391276106,35.963343912760706],[89.23138888888957,35.962500000000205],[89.23559000651107,35.96645372178847],[89.23596679687569,35.96764431423628],[89.23758816189292,35.96956271701413],[89.23797254774388,35.971575792100964],[89.23406005859437,35.97660346137178],[89.23375542534791,35.978199869791865],[89.23303466796949,35.979247233073124],[89.22663357204931,35.97899332682317]]]}},{"type":"Feature","id":"hydrolakes:14853","properties":{"Hylak_id":14853,"Lake_name":"","Country":"China","Continent":"Asia","Poly_src":"SWBD","Lake_type":1,"Grand_id":0,"Lake_area":30.6,"Shore_len":32.33,"Shore_dev":1.65,"Vol_total":100.0,"Vol_res":0.0,"Vol_src":3,"Depth_avg":3.3,"Dis_avg":0.0,"Res_time":-1.0,"Elevation":4792,"Slope_100":1.07,"Wshd_area":3959.7,"Pour_long":86.952083,"Pour_lat":35.927083,"source_id":"hydrolakes:14853","label":""},"geometry":{"type":"Polygon","coordinates":[[[86.96819417317744,35.95375461154532],[86.97037896050409,35.95249620225718],[86.96984212239647,35.950927734375284],[86.96956949869855,35.94487982855924],[86.97043050130247,35.94320827908007],[86.9716806369363,35.93808024088577],[86.97486382378514,35.933474934896026],[86.97549058702299,35.93104492187524],[86.97683797200563,35.92926920572938],[86.98152520073819,35.92763590494815],[86.98207533094654,35.92764729817719],[86.9837023925786,35.92680908203147],[86.98648166232675,35.92642116970512],[86.98744466145888,35.925925021701744],[86.98872680664113,35.92459038628493],[86.99025187174539,35.92385064019123],[86.99096421983563,35.92459201388908],[86.99254041883728,35.924559733073295],[86.99541937934077,35.925136176215574],[86.99606363932327,35.92546793619823],[86.99850206163234,35.92486382378496],[86.99949205186681,35.92589436848988],[86.99985839843788,35.928351236979495],[86.99891181098144,35.92974745008701],[86.99651923285637,35.93013699001767],[86.99653198242231,35.930759548611434],[86.99916151258725,35.93127278645858],[87.00152316623326,35.93125840928843],[87.0026361762159,35.93041395399325],[87.00415825737906,35.93004286024325],[87.00514160156297,35.929019368489776],[87.00599717881988,35.92903672960102],[87.00654147678017,35.92960340711835],[87.0065074327261,35.931272243923786],[87.00483520507868,35.932100965712095],[87.00430826822952,35.933208279080134],[87.00652506510482,35.934586046007155],[87.00765258789096,35.93485839843771],[87.00840223524352,35.93331325954881],[87.01158691406306,35.93262017144133],[87.01264146592939,35.932641872830004],[87.01479492187542,35.931335720486345],[87.01560384114617,35.930493977864785],[87.01493503146736,35.92919569227456],[87.01847493489623,35.92819715711829],[87.02089287651955,35.927151150173984],[87.02449530707503,35.925050998264055],[87.02486911349877,35.92428059895849],[87.02485310872453,35.92349745008704],[87.02204969618106,35.92150851779536],[87.02043023003506,35.921541612413364],[87.01681138780424,35.91974500868082],[87.01586859809066,35.918307291666906],[87.01643785264821,35.91608615451406],[87.01926133897621,35.9138476562502],[87.02324666341184,35.91132324218768],[87.02519951714464,35.90837266710088],[87.02597507052991,35.906807996962016],[87.02596557617227,35.906342230902965],[87.02400160047796,35.90400282118071],[87.01809393988759,35.900630154080034],[87.01569173177131,35.901247287326555],[87.01486382378528,35.90180826822939],[87.01216471354223,35.902414822048854],[87.01007486979205,35.90122314453157],[87.00877319335996,35.89986816406275],[87.00805555555593,35.89944444444461],[87.00708062066013,35.89958062066006],[87.00514160156297,35.901252712673795],[87.00260552300404,35.902213541666924],[87.00180609809064,35.90180175781268],[87.00000393337717,35.90240125868081],[86.99864990234425,35.902054307725905],[86.9963091362851,35.90210205078159],[86.99507975260474,35.901786838107796],[86.99159790039118,35.90185791015642],[86.987951524523,35.903081868489835],[86.98649793836853,35.90236382378498],[86.98488457573842,35.90319498697943],[86.98235839843784,35.903469509548984],[86.98115397135456,35.90428575303838],[86.97152506510463,35.904580620659885],[86.97055623372444,35.90491210937523],[86.96764444987036,35.90485270182313],[86.96680596245693,35.90542100694461],[86.96583645290838,35.90492160373282],[86.96362589518287,35.904586046007296],[86.95934719509586,35.905763075087066],[86.95713012695347,35.90755262586828],[86.95625271267403,35.90903049045164],[86.95383707682339,35.91173529730929],[86.95080919053873,35.91208062065999],[86.94700547960133,35.91037787543428],[86.94625271267404,35.90846950954881],[86.94537746853342,35.9070260959204],[86.94234849717924,35.906171603732844],[86.94236423068611,35.90540337456616],[86.94177395290836,35.90483615451416],[86.94018975151948,35.90486870659748],[86.93847493489619,35.90625271267379],[86.93703287760474,35.90660427517378],[86.93486382378535,35.90847493489622],[86.93367146809936,35.908862033420405],[86.93180189344679,35.9103710937502],[86.92958062066015,35.91124728732672],[86.92632649739625,35.91300184461835],[86.92357720269149,35.91622938368073],[86.92405761718805,35.9170806206601],[86.92625000000055,35.91596788194465],[86.92725287543436,35.916484646267634],[86.92679144965314,35.91738037109411],[86.92206936306462,35.91931694878491],[86.92208821614639,35.920242513021094],[86.92447930230082,35.92194227430588],[86.92369140625055,35.92388481987871],[86.92069173177151,35.92485839843772],[86.92014160156305,35.92544650607675],[86.92114827474006,35.927400444878685],[86.9254942491325,35.930879177517625],[86.92625271267394,35.93124728732664],[86.92846950954896,35.9331971571184],[86.93132744683197,35.934349772135704],[86.93421169704897,35.93653808593774],[86.93486368815144,35.93652479383701],[86.9362474229606,35.93764187283011],[86.93755425347268,35.937657063802305],[86.93958062066008,35.93903049045156],[86.941622585721,35.93942925347244],[86.94527004665832,35.94421115451411],[86.94438571506117,35.94679470486136],[86.94488254123297,35.94824598524332],[86.9460457356775,35.94874728732657],[86.95296291775213,35.94764160156268],[86.95514160156301,35.94874728732657],[86.95818847656284,35.9526128472225],[86.96688476562531,35.95286675347245],[86.96819417317744,35.95375461154532]]]}},{"type":"Feature","id":"hydrolakes:14856","properties":{"Hylak_id":14856,"Lake_name":"","Country":"China","Continent":"Asia","Poly_src":"SWBD","Lake_type":1,"Grand_id":0,"Lake_area":10.39,"Shore_len":26.74,"Shore_dev":2.34,"Vol_total":43.65,"Vol_res":0.0,"Vol_src":3,"Depth_avg":4.2,"Dis_avg":0.013,"Res_time":38864.8,"Elevation":4940,"Slope_100":1.67,"Wshd_area":435.2,"Pour_long":85.285417,"Pour_lat":35.897917,"source_id":"hydrolakes:14856","label":""},"geometry":{"type":"Polygon","coordinates":[[[85.27472617255347,35.91324110243073],[85.27901099311003,35.912310926649525],[85.28115466647722,35.91239583333356],[85.28602043999604,35.91083658854194],[85.28982852511979,35.910987413194675],[85.29124733818935,35.91061577690999],[85.29409210205102,35.91098659939257],[85.295107404921,35.91208251953151],[85.29818915473135,35.91292209201413],[85.30033003065347,35.91326307508706],[85.30197548760333,35.91213080512176],[85.30472564697294,35.91326036241338],[85.30716713799404,35.91316351996551],[85.30876573350719,35.912063530816226],[85.30873733520531,35.91134738498283],[85.3062589348691,35.91087429470508],[85.30532430013051,35.90942681206616],[85.30609134250238,35.90831217447948],[85.30741333007842,35.90877549913222],[85.30893958197748,35.90871500651065],[85.30830634223128,35.90690836588561],[85.30351135253926,35.907098253038555],[85.2994586012104,35.90621636284743],[85.29771933661607,35.906285264757116],[85.29644780476912,35.90583957248282],[85.29597751193597,35.904229329427324],[85.29718187120261,35.90311333550363],[85.30017469618082,35.904342719184285],[85.30164991590755,35.90428412543423],[85.30327733357768,35.90371392144135],[85.30402248806456,35.90180013020853],[85.30456471761102,35.90129774305586],[85.30781792534748,35.902077907986325],[85.30836422390433,35.899216579861275],[85.30876629299615,35.89845675998288],[85.30610382080107,35.895989854600884],[85.30375335693384,35.892444118923834],[85.3002516682945,35.89188612196199],[85.29466820610918,35.89210747612867],[85.29315380520319,35.891790635850896],[85.28924285888706,35.89174262152795],[85.28791590372765,35.89209011501754],[85.28672761705224,35.89167371961827],[85.28514417860288,35.89208875868087],[85.27986919826952,35.89236979166691],[85.27680341932546,35.89176703559053],[85.27565619574688,35.891812608507166],[85.27571607801673,35.893323567708535],[85.27792195638045,35.89374457465294],[85.28130766126878,35.89486816406276],[85.28213043212929,35.89575629340305],[85.2820721605093,35.89722629123287],[85.27987547132733,35.899261610243286],[85.27624471028668,35.89957790798633],[85.27445163302974,35.901037326389144],[85.27217734442837,35.90335449218776],[85.26975338406055,35.903817274305766],[85.2655635070804,35.90365125868084],[85.26514417860278,35.902406955295305],[85.26818898518923,35.90182562934058],[85.26956861707919,35.899944661458505],[85.27013359917578,35.89773763020855],[85.26728066338478,35.89704806857668],[85.26573279486809,35.89710937500024],[85.26406751844661,35.89838623046904],[85.26284035576748,35.898744574652994],[85.26104643080009,35.89680853949676],[85.25999009874153,35.895172797309215],[85.25857164171038,35.89472357855931],[85.25789069281723,35.89398871527794],[85.25799882676887,35.891260308159985],[85.25763173421245,35.8898592122398],[85.25846693250901,35.888138563368216],[85.2579113769533,35.88708875868076],[85.25750000000022,35.885277777778015],[85.25211900499164,35.88639295789949],[85.2465686204701,35.88539035373282],[85.24130667792463,35.88573242187522],[85.24067925347265,35.885400661892675],[85.23635119968048,35.886580674913375],[85.23408126831083,35.887781846788414],[85.23270853678423,35.88926350911487],[85.2323664008249,35.89069986979183],[85.23039081149653,35.891014539930836],[85.2304287550188,35.89197157118093],[85.23190227932429,35.89263346354187],[85.23325983683293,35.89116834852467],[85.23442462497326,35.891576605903026],[85.23631929185677,35.89415988498297],[85.23688186645535,35.89457790798633],[85.23791137695338,35.893466796875316],[85.23882631089981,35.892922092014146],[85.23992080688515,35.894103190104374],[85.23940629747221,35.89606689453149],[85.24049297756653,35.89652235243079],[85.24229714287685,35.89457519531271],[85.24268814086952,35.89459065755227],[85.24258226182752,35.89726209852449],[85.24681084526947,35.898466796875255],[85.24928095499706,35.90009684244808],[85.25125528971381,35.9004112413196],[85.25265896267388,35.90098795572936],[85.25513359917568,35.90109673394113],[85.25370949639245,35.90342258029534],[85.25375791761644,35.904644097222445],[85.25439315795921,35.90584472656275],[85.25981307983432,35.906551649305754],[85.26174089219859,35.90587619357649],[85.26572831895652,35.906034071180784],[85.2676589626738,35.90766574435787],[85.26951046413888,35.90759223090305],[85.270176323785,35.90794460720508],[85.27011879815035,35.90939561631973],[85.26875528971374,35.91081163194468],[85.27063057793544,35.912549099392606],[85.27096693250888,35.914310980903],[85.27184236314582,35.9148763020836],[85.27326327853768,35.914819878472485],[85.27472617255347,35.91324110243073]]]}},{"type":"Feature","id":"hydrolakes:14864","properties":{"Hylak_id":14864,"Lake_name":"","Country":"China","Continent":"Asia","Poly_src":"SWBD","Lake_type":1,"Grand_id":0,"Lake_area":87.44,"Shore_len":58.66,"Shore_dev":1.77,"Vol_total":913.77,"Vol_res":0.0,"Vol_src":3,"Depth_avg":10.5,"Dis_avg":0.0,"Res_time":-1.0,"Elevation":4858,"Slope_100":2.35,"Wshd_area":1264.5,"Pour_long":89.427083,"Pour_lat":35.80625,"source_id":"hydrolakes:14864","label":""},"geometry":{"type":"Polygon","coordinates":[[[89.4712445746535,35.85152235243072],[89.47324842664995,35.85005289713558],[89.47683539496597,35.84676812065993],[89.47829942491387,35.84607720269116],[89.4789946831603,35.84460367838568],[89.48014811197976,35.84316677517381],[89.48283637152849,35.84189805772604],[89.48495795355967,35.84122639973975],[89.48652560763952,35.84128851996553],[89.49326117621615,35.84245252821199],[89.49672851562553,35.841848687066204],[89.50054524739659,35.840094401041824],[89.50443169487909,35.84006239149329],[89.51056342230964,35.83702175564264],[89.51129937066048,35.835882161458585],[89.51180935329933,35.8342713758683],[89.51459309895904,35.83169216579881],[89.51773247612908,35.829259711371776],[89.52142605251794,35.829259982639144],[89.5218202039938,35.828424750434294],[89.52178955078193,35.827653808593936],[89.52222384982713,35.826833224826544],[89.52537597656311,35.82793809678844],[89.52658528645912,35.827514105902935],[89.52735649956657,35.82792236328146],[89.52794840494869,35.827898763021096],[89.52860053168462,35.82651746961824],[89.52478325737906,35.82321126302105],[89.52347574869867,35.82390326605923],[89.51745062934106,35.82208875868071],[89.5149416775181,35.823119303385624],[89.51339084201459,35.824381510416856],[89.51212103949712,35.82393636067735],[89.51040608724014,35.82262125651067],[89.50958875868128,35.82141737196201],[89.5113731553825,35.82026502821196],[89.50902235243132,35.817644314236304],[89.5081998697924,35.81629530164946],[89.50958902994864,35.814588216146035],[89.50958902994864,35.8131895616321],[89.5083162434903,35.81152967664946],[89.50907552083402,35.81009440104185],[89.50901909722302,35.808670518663405],[89.50788899739655,35.80762342664951],[89.50658121744868,35.80767523871549],[89.50430013020895,35.80653320312524],[89.50268527560826,35.805294596354315],[89.49810248480992,35.803704698351],[89.49644287109447,35.804051920573215],[89.49529459635494,35.80400634765647],[89.49375189887223,35.80346571180576],[89.4920827907992,35.80375623914949],[89.49066975911546,35.80346055772594],[89.49014431423672,35.80180013020862],[89.48953993055619,35.80097764756971],[89.48732503255263,35.80267605251754],[89.48580783420209,35.802615831163564],[89.48368082682356,35.80205864800371],[89.47990180121582,35.80176866319465],[89.47815755208393,35.80293185763924],[89.47406032986174,35.802901475694625],[89.47281114366388,35.80322889539963],[89.47128417968827,35.80316840277794],[89.4705555555563,35.80355387369809],[89.46844048394178,35.802500542534915],[89.46699218750081,35.80326687283002],[89.46124457465334,35.80097764756971],[89.45984239366396,35.80011881510438],[89.45491889105995,35.79952962239611],[89.45314697265695,35.80070909288213],[89.45238118489652,35.800678710937746],[89.44661729600762,35.802911241319634],[89.44423421224013,35.80193250868086],[89.44305202908072,35.8027460394967],[89.43458875868123,35.79541124131964],[89.43309895833409,35.79470838758698],[89.43264431423677,35.79374457465303],[89.43068901909777,35.791533203125255],[89.42841444227491,35.78701985677105],[89.4261252170146,35.78554144965301],[89.42458875868118,35.78291124131971],[89.42193060980964,35.78000759548644],[89.41930013020908,35.779588758680745],[89.41815077039996,35.7787071397571],[89.4167683919278,35.77620334201407],[89.41430013020903,35.77542209201414],[89.41259223090344,35.77397867838573],[89.41197618272656,35.77267306857658],[89.41068901909779,35.77236653645849],[89.40846679687564,35.77014431423629],[89.40701850043462,35.768169487847445],[89.40552218967076,35.768228895399545],[89.40392523871589,35.767810329861334],[89.40096408420209,35.765400390625246],[89.40013617621594,35.76543321397594],[89.39979736328183,35.764010416666906],[89.39872422960133,35.7626443142363],[89.39781548394154,35.764481608073254],[89.39587158203187,35.76494466145857],[89.39374131944504,35.76419813368079],[89.39208333333391,35.76533908420157],[89.39065429687554,35.76435546875018],[89.38754503038257,35.76361490885432],[89.38439995659792,35.76416259765659],[89.38339626736183,35.76307942708354],[89.3825854492195,35.763508572048806],[89.38015380859434,35.763488226996685],[89.37902235243132,35.76292209201404],[89.37666341145888,35.76086995442728],[89.37548800998326,35.76167860243089],[89.37359293619863,35.76090033637189],[89.37235541449729,35.76155517578144],[89.37150119357705,35.76152126736139],[89.37071044921936,35.75984510633697],[89.36997070312566,35.759159884982864],[89.36779730902839,35.759614800347435],[89.36652859158056,35.75874159071202],[89.36580268012221,35.75912543402802],[89.36431098090333,35.757911241319675],[89.36265380859436,35.757654893663414],[89.3607302517367,35.756925726996826],[89.35804226345539,35.75739393446196],[89.35652560763941,35.75707655164945],[89.3511694335943,35.7585074869794],[89.3491834852436,35.75849365234399],[89.34730360243117,35.75915256076411],[89.34651285807348,35.758733995225896],[89.34596733941027,35.758755696614855],[89.34481363932349,35.75787082248286],[89.33991916232702,35.75529242621542],[89.33843153211888,35.75426866319475],[89.33704888237912,35.7543234592016],[89.33638888888942,35.7536111111113],[89.33568901909774,35.75374457465301],[89.33449435763947,35.75503445095501],[89.33291124132018,35.75541124131962],[89.33153320312562,35.75653320312517],[89.32974799262212,35.75744520399326],[89.32576578776116,35.76170871310785],[89.32625840928876,35.76263970269116],[89.32514051649378,35.76426432291697],[89.32455729166719,35.76628417968766],[89.32458902994853,35.767087944878654],[89.32369466145906,35.76860595703147],[89.32380588107719,35.77140760633716],[89.32181098090331,35.773922526041815],[89.3228553602438,35.77544026692726],[89.32152235243115,35.77707790798644],[89.32125542534783,35.77787136501763],[89.32275173611168,35.77971028645845],[89.32185194227498,35.78101752387175],[89.3235739474834,35.78186740451406],[89.32255072699712,35.78421278211829],[89.32412679036531,35.78607801649321],[89.32351345486171,35.78723741319459],[89.3243844943583,35.7888837348093],[89.32683024088612,35.78965820312516],[89.32679551866408,35.790528428819755],[89.3233422851568,35.792424316406425],[89.32066596137207,35.79511420355931],[89.32070122612907,35.796002604166915],[89.32243082682345,35.797119683159906],[89.32687201605972,35.79841959635439],[89.3307826063375,35.79888753255244],[89.33326768663267,35.796732042100984],[89.33513943142435,35.795523546007246],[89.33654269748325,35.79626600477445],[89.3393372938375,35.795481499566165],[89.34148030599016,35.79316867404532],[89.346364474827,35.79048719618072],[89.3504641384556,35.790050998264235],[89.3524888780388,35.790727810330054],[89.35458767361183,35.79070014105929],[89.35614746093825,35.790059407552235],[89.35710991753547,35.79072157118077],[89.35705647786529,35.79345269097246],[89.358802897136,35.79546630859409],[89.36138753255261,35.796244574652974],[89.36551947699712,35.79552517361128],[89.36624457465331,35.796184624566195],[89.36501708984434,35.797785644531416],[89.36202745225756,35.798466796875175],[89.36069444444513,35.79776150173632],[89.35981282552137,35.79822808159753],[89.35987196180622,35.799718695746776],[89.36127658420202,35.801550292969125],[89.36123372395906,35.80262993706617],[89.3623741319451,35.80411702473975],[89.36237169053896,35.80582139756979],[89.36353515625063,35.80802001953151],[89.36625542534779,35.80902235243076],[89.37044894748323,35.811558973524484],[89.37218017578198,35.81210693359395],[89.37409044053891,35.81203125000019],[89.37717664930614,35.8113856336808],[89.37967854817782,35.81211805555574],[89.38248209635475,35.81200683593772],[89.38632812500072,35.8133002387155],[89.38904405382016,35.8153200954863],[89.3915079752611,35.81579047309049],[89.39339084201453,35.81678683810782],[89.3980449761292,35.818343912760724],[89.40158962673684,35.81904703776058],[89.40576334635472,35.822119140625205],[89.40732693142434,35.82205729166685],[89.40811306423677,35.82247314453156],[89.40764648437556,35.82685546875018],[89.40951009114656,35.829563802083555],[89.41102539062553,35.833869900173795],[89.41592719184098,35.8365177408856],[89.42430826822971,35.83980360243072],[89.42568901909794,35.838744574652935],[89.42787407769174,35.83844618055571],[89.43016411675404,35.83944525824677],[89.43316324869863,35.84268229166685],[89.43376546224016,35.84544053819462],[89.43373291015683,35.84626464843768],[89.43588460286531,35.84825846354198],[89.43896430121589,35.84813639322937],[89.44164333767435,35.849075520833594],[89.44289198133731,35.85042317708354],[89.4432210286464,35.85041015625018],[89.44434000651108,35.84843505859391],[89.44585883246583,35.84849527994811],[89.44794921875058,35.849042968750155],[89.44896213107711,35.84900282118093],[89.4496373155389,35.85105875651061],[89.44850667317763,35.85270155164966],[89.4492116970493,35.85335449218769],[89.45143581814307,35.852441134982826],[89.45263400607695,35.85152208116335],[89.4529432508686,35.85153428819473],[89.45348415798685,35.85268039279538],[89.45407877604231,35.85323160807309],[89.45652235243136,35.854033203125255],[89.46142333984432,35.85490370008705],[89.4628602430563,35.85484673394126],[89.46767306857708,35.85383978949676],[89.4712445746535,35.85152235243072]],[[89.41261474609445,35.81457546658004],[89.4133333333341,35.81444444444469],[89.41363932291728,35.815277777778135],[89.4130213758686,35.81696044921898],[89.41235080295195,35.81790635850717],[89.41108479817785,35.82105197482662],[89.40972900390688,35.821795247396096],[89.4078268771708,35.81944959852461],[89.407933756511,35.81812201605919],[89.41261474609445,35.81457546658004]]]}},{"type":"Feature","id":"hydrolakes:14871","properties":{"Hylak_id":14871,"Lake_name":"","Country":"China","Continent":"Asia","Poly_src":"SWBD","Lake_type":1,"Grand_id":0,"Lake_area":49.9,"Shore_len":52.46,"Shore_dev":2.09,"Vol_total":655.33,"Vol_res":0.0,"Vol_src":3,"Depth_avg":13.1,"Dis_avg":0.0,"Res_time":-1.0,"Elevation":4882,"Slope_100":3.22,"Wshd_area":2277.2,"Pour_long":86.697917,"Pour_lat":35.735417,"source_id":"hydrolakes:14871","label":""},"geometry":{"type":"Polygon","coordinates":[[[86.69191704644152,35.76453721788209],[86.69419013129374,35.76399576822939],[86.69653089735283,35.763988986545314],[86.70178968641534,35.7609562174481],[86.70374742296048,35.76033664279532],[86.70532647026943,35.76075032552103],[86.70611979166705,35.76033040364604],[86.71000000000032,35.75952745225709],[86.71099622938414,35.75987657335094],[86.71206231011325,35.75983452690997],[86.7139415147575,35.76136366102446],[86.71566677517393,35.76217800564257],[86.71819783528684,35.76207763671897],[86.7208588324657,35.76254096137177],[86.72525227864622,35.76203206380228],[86.72716078016532,35.760718858507175],[86.73022949218802,35.759270562066206],[86.73690945095524,35.759152832031475],[86.73850477430591,35.75873480902794],[86.74191514756984,35.75886990017392],[86.74412367079032,35.759332139757134],[86.74519395616352,35.75989827473978],[86.7470780436202,35.75874457465301],[86.75035101996565,35.757367350260665],[86.75344468858555,35.756746690538364],[86.7602540418842,35.75301676432309],[86.76425523546061,35.752590874566124],[86.76561672634608,35.7536349826392],[86.77099229600736,35.75342176649326],[86.77301025390665,35.752593044705065],[86.77418443467934,35.751325683593905],[86.77518825954905,35.74977105034753],[86.77612169053856,35.74695502387169],[86.77655626085101,35.743774956597406],[86.77640652126786,35.73999511718773],[86.77539482964443,35.73534586588562],[86.77414591471404,35.73353108723978],[86.77068915473137,35.73319986979203],[86.76624471028697,35.732366536458585],[86.7650105794275,35.73193386501754],[86.76056735568625,35.73121690538227],[86.7559708658859,35.73066704644117],[86.74865085177998,35.73047010633701],[86.74698771158893,35.73003445095503],[86.74625108506996,35.73042426215295],[86.74542195638054,35.730133463541904],[86.74124471028682,35.72986653645853],[86.73729207356826,35.72900309244807],[86.73368910047799,35.72901991102452],[86.73207980685805,35.72816840277795],[86.73153306749174,35.727143283420276],[86.73481336805617,35.72675075954885],[86.73541137695344,35.72585503472243],[86.7344707573788,35.723171386718946],[86.7328217230907,35.721145019531434],[86.73014038085972,35.7194135199656],[86.72593153211858,35.718735080295346],[86.71846856011337,35.71874430338562],[86.71686577691008,35.71907958984394],[86.7151742892799,35.719012586805775],[86.71282769097257,35.71757595486133],[86.70978352864626,35.71661214192727],[86.7052582465281,35.71621771918427],[86.70347601996582,35.716288519965474],[86.70034762912371,35.717108018663396],[86.69469685872457,35.71706027560788],[86.69228339301247,35.71742024739609],[86.69086669921916,35.71704888237866],[86.68959092881983,35.71709960937528],[86.68736206054734,35.715215928819646],[86.68488267686678,35.71692192925366],[86.68176323784763,35.71679850260432],[86.68092461480074,35.71502143012174],[86.68003634982688,35.71129231770851],[86.67707804362033,35.71097764756962],[86.67530449761341,35.71060655381967],[86.67500000000035,35.71027777777795],[86.67402248806468,35.71041124131966],[86.66908270941872,35.71301405164945],[86.6673240831168,35.71491210937518],[86.66655287000924,35.717348090277994],[86.66618421766526,35.71768961588572],[86.6644765896271,35.717332356771124],[86.66119235568624,35.71526611328147],[86.65722846137186,35.71627495659743],[86.65292616102477,35.71775661892377],[86.64965318467932,35.72002983940996],[86.64792195638057,35.7244227430557],[86.64977620442755,35.72614067925372],[86.65189208984413,35.72652235243078],[86.65442911783907,35.72518012152801],[86.65630588107678,35.72596679687524],[86.65834581163244,35.72488742404528],[86.65957804362029,35.72582682291687],[86.6567789713547,35.72691677517378],[86.65180026584255,35.72791124131959],[86.64912027994853,35.7288506401913],[86.64750569661516,35.72996175130231],[86.64529690212709,35.73365370008696],[86.64356797960107,35.73178792317725],[86.64064765082497,35.73007080078145],[86.64070366753509,35.72865776909737],[86.64431464301276,35.72553032769116],[86.64485582139793,35.72421902126757],[86.64390747070348,35.7224267578128],[86.6405365668407,35.72208875868074],[86.63457804362014,35.72402235243078],[86.62951117621566,35.72627278645854],[86.62864474826421,35.72720811631979],[86.62943291558213,35.72869737413214],[86.63219902886323,35.72907552083353],[86.63323092990487,35.730189344618225],[86.63317911783884,35.731498480902985],[86.62735582139788,35.73042209201412],[86.62458753797807,35.729299858941204],[86.61914794921933,35.729339192708665],[86.6175233289934,35.729908854166865],[86.61602430555587,35.73152642144112],[86.61440443250899,35.73229112413219],[86.6110525173616,35.73308946397594],[86.60759494357706,35.734509819878724],[86.6058013237851,35.73644558376759],[86.60224568684936,35.74110243055577],[86.60105156792588,35.74152235243065],[86.60064141167567,35.740227050781414],[86.60071628146733,35.738339029948065],[86.59971584743971,35.73688530815991],[86.59843655056477,35.738266059028035],[86.5984852430559,35.739495713976055],[86.60058024088585,35.74310763888906],[86.60252305772605,35.74357042100712],[86.60558105468795,35.743449164496894],[86.60917453342046,35.74261718750017],[86.61026109483561,35.742660319010724],[86.61337741427997,35.74369900173639],[86.61771267361155,35.74407687717047],[86.61947889539971,35.7437074110245],[86.62238728841191,35.743822699652924],[86.62378255208387,35.74345703125033],[86.62742811414978,35.74340901692733],[86.63124471028681,35.74291124131969],[86.63624823676264,35.7426112196182],[86.6404652235247,35.742778320312766],[86.64207804362024,35.742355685764096],[86.64895100911491,35.741916232639085],[86.65341389974003,35.74060953776063],[86.6537447102869,35.73818901909743],[86.6540536838113,35.73792209201412],[86.65534776475732,35.74066406250023],[86.65688191731812,35.74152235243065],[86.65886271158894,35.74082817925381],[86.66371527777824,35.74443657769126],[86.66736640082496,35.74513346354189],[86.6704113769535,35.74653320312518],[86.675789930556,35.74851888020868],[86.67680026584236,35.75021511501757],[86.67515692816875,35.75173773871546],[86.67216512044325,35.75358452690989],[86.67085313585102,35.75500054253496],[86.66989705403677,35.758308376736295],[86.67043972439285,35.7593337673614],[86.67587348090314,35.761197916666845],[86.6787726508253,35.76250406901062],[86.68081163194478,35.761810980903135],[86.68404337565153,35.76294352213563],[86.68522555881123,35.76292561848993],[86.69067206488762,35.764973415798806],[86.69191704644152,35.76453721788209]],[[86.66238159179721,35.72564751519121],[86.6632165527347,35.72484537760431],[86.6674447970924,35.72361518012167],[86.67066555447093,35.72230875651064],[86.67194444444499,35.72138888888912],[86.67368855794308,35.722342122396014],[86.67609035915848,35.72323459201408],[86.67882880316893,35.7231787109377],[86.68056844075568,35.72258327908003],[86.68180284288229,35.723090006510574],[86.67888292100758,35.72450656467038],[86.67652804904554,35.72496609158003],[86.6739442274311,35.72629720052112],[86.67028021918452,35.7301106770837],[86.66689046224008,35.73263617621552],[86.66753906250034,35.730741102430784],[86.66668267144138,35.72778238932307],[86.66499104817763,35.72615695529544],[86.66238159179721,35.72564751519121]]]}},{"type":"Feature","id":"hydrolakes:14875","properties":{"Hylak_id":14875,"Lake_name":"","Country":"China","Continent":"Asia","Poly_src":"SWBD","Lake_type":1,"Grand_id":0,"Lake_area":43.79,"Shore_len":39.53,"Shore_dev":1.69,"Vol_total":234.85,"Vol_res":0.0,"Vol_src":3,"Depth_avg":5.4,"Dis_avg":0.0,"Res_time":-1.0,"Elevation":4848,"Slope_100":1.52,"Wshd_area":2440.5,"Pour_long":87.272917,"Pour_lat":35.689583,"source_id":"hydrolakes:14875","label":""},"geometry":{"type":"Polygon","coordinates":[[[87.29148179796061,35.70805094401061],[87.29382636176274,35.70736653645855],[87.29546888563425,35.707942165798784],[87.30062160915844,35.70814778645854],[87.30398125542575,35.709860839844],[87.30747762044308,35.71011773003505],[87.3090224880649,35.709300130208476],[87.31074354383748,35.709026150173884],[87.31403998480943,35.70734510633696],[87.31458808051258,35.70736680772603],[87.31597547743098,35.70630289713563],[87.3205632866759,35.70565728081618],[87.32217352973129,35.704805230034935],[87.32402560763927,35.70529052734389],[87.3267049153651,35.70482394748291],[87.33000311957511,35.70307888454886],[87.33133829752654,35.700807834201555],[87.33049248589464,35.69676513671891],[87.33133802625906,35.694352756076626],[87.3345164659292,35.69044704861136],[87.3351694064674,35.687705620659926],[87.33459052191893,35.686053873698086],[87.33236640082504,35.68263346354183],[87.33042195638058,35.68033013237874],[87.33168538411508,35.67739664713565],[87.33320014105942,35.67542154947944],[87.33318657769138,35.67424723307306],[87.33227132161517,35.67339925130227],[87.33108493381121,35.673815104166806],[87.32912217881994,35.673737250434215],[87.32792195638064,35.672911241319696],[87.32467529296929,35.671607801649486],[87.32289754231812,35.670244411892554],[87.31918836805607,35.66958875868073],[87.31608900282157,35.67023708767391],[87.31068983289975,35.670133192274534],[87.31014417860297,35.670422092014064],[87.30829833984416,35.67071614583358],[87.3060302734379,35.67037787543427],[87.30491021050409,35.67097059461821],[87.29682332356816,35.67271375868074],[87.29183973524357,35.67324408637171],[87.28930908203176,35.674131130642536],[87.28649793836843,35.67878038194459],[87.28404134114635,35.679558105468914],[87.27853759765662,35.679855685764096],[87.27410115559934,35.67638834635437],[87.27124782986147,35.67593370225711],[87.26499131944485,35.67598361545163],[87.2627788628476,35.6750748697919],[87.2623664008251,35.67369411892378],[87.26425537109424,35.67194390191008],[87.26200697157157,35.67069986979192],[87.26008911132863,35.67124240451409],[87.25755384657162,35.66953721788218],[87.25618910047808,35.669591200087154],[87.25445977105079,35.670506456163366],[87.25313856336857,35.66986653645847],[87.25133789062556,35.67081922743074],[87.24891967773482,35.669338378906446],[87.24730523003535,35.6701334635419],[87.24420423719675,35.668779296875186],[87.24287963867243,35.66948025173639],[87.24138888888928,35.66833333333369],[87.23775241428007,35.66839409722246],[87.2346941460508,35.67006320529538],[87.23208862304739,35.672366536458526],[87.23027370876787,35.67353841145848],[87.22819973415847,35.67431098090299],[87.22617363823821,35.674577907986304],[87.22307156033025,35.67349066840302],[87.22007378472262,35.673013237847385],[87.21418958875927,35.674342719184324],[87.20991631401967,35.676044921875246],[87.2034048122834,35.67735568576404],[87.19971842447967,35.67593397352448],[87.19560791015681,35.67689751519117],[87.19257297092065,35.677930501302285],[87.191612413195,35.67792995876772],[87.18799818250932,35.679842393663364],[87.18631130642399,35.68037624783017],[87.18390001085112,35.68070583767377],[87.17896389431468,35.68013807508697],[87.17613145616377,35.67914523654531],[87.1748088921446,35.67960883246542],[87.17350314670182,35.67955702039944],[87.17114759657153,35.68092339409736],[87.16872395833389,35.68289577908007],[87.16596693250915,35.683189019097426],[87.16337022569496,35.68377983941002],[87.16233452691012,35.68432779947938],[87.16237643771751,35.685388183593886],[87.16964423285629,35.68486897786477],[87.17074259440164,35.68545030381961],[87.17071370442761,35.687707790798754],[87.17177652994843,35.688692491319614],[87.17947482638925,35.69280137803844],[87.18110270182336,35.69331678602458],[87.18278266059076,35.692028537326735],[87.18436645507853,35.69209120008702],[87.18589070638075,35.69289794921889],[87.18867824978344,35.69378038194469],[87.19033623589473,35.693714735243304],[87.19259290907189,35.694354112413464],[87.19443508572101,35.69279730902798],[87.19703002929737,35.69178683810787],[87.19846259223135,35.691843804253665],[87.20158379448827,35.69312581380228],[87.20514417860278,35.693466796875214],[87.20608086480075,35.69379530164957],[87.20936184353354,35.693665093316156],[87.21132202148488,35.69435221354183],[87.21308091905439,35.69428249783016],[87.21974026150212,35.695172526041915],[87.22292195638079,35.69596679687521],[87.22875271267435,35.69871229383699],[87.23387451171908,35.69957790798634],[87.2356891547314,35.69846679687515],[87.2376441786028,35.697644314236356],[87.24078450520892,35.695089518229395],[87.24379448784771,35.69400200737863],[87.24541449652821,35.694066297743234],[87.24830566406291,35.694671223958494],[87.25026245117232,35.695474989149545],[87.25691650390678,35.69958197699674],[87.25919148763063,35.70203721788209],[87.26031277126782,35.702566460503704],[87.26076226128515,35.703986273871806],[87.26326836480081,35.70630832248287],[87.26459391276092,35.706933865017504],[87.26624471028697,35.70819986979188],[87.27218844943621,35.71025417751753],[87.27802449544322,35.71515353732667],[87.28019178602477,35.71655327690996],[87.28253445095532,35.71646023220501],[87.28351982964449,35.71593885633695],[87.28527357313413,35.71328965928842],[87.28826863606815,35.712036132812784],[87.28988864474871,35.709527180989824],[87.29148179796061,35.70805094401061]]]}},{"type":"Feature","id":"hydrolakes:14892","properties":{"Hylak_id":14892,"Lake_name":"","Country":"China","Continent":"Asia","Poly_src":"SWBD","Lake_type":1,"Grand_id":0,"Lake_area":22.21,"Shore_len":25.66,"Shore_dev":1.54,"Vol_total":60.05,"Vol_res":0.0,"Vol_src":3,"Depth_avg":2.7,"Dis_avg":0.0,"Res_time":-1.0,"Elevation":4815,"Slope_100":0.97,"Wshd_area":1232.9,"Pour_long":88.419792,"Pour_lat":35.444809,"source_id":"hydrolakes:14892","label":""},"geometry":{"type":"Polygon","coordinates":[[[88.46636040581677,35.48103325737867],[88.46752848307358,35.48063340928826],[88.46822455512233,35.48099202473986],[88.46961398654565,35.479545898437664],[88.47015245225742,35.47843614366337],[88.47012505425397,35.47709689670154],[88.47070827908044,35.476236436632234],[88.47068060980956,35.47487304687519],[88.4716360134554,35.47361355251758],[88.472966851129,35.47318169487863],[88.47431966145888,35.471797417535015],[88.4751334635423,35.471813964844046],[88.47620551215346,35.47108723958354],[88.47565836588615,35.46948866102463],[88.47322129991375,35.467147352430686],[88.47289767795195,35.46648030598976],[88.47291992187581,35.46540256076412],[88.47456542968814,35.4654361979168],[88.47599500868114,35.46428222656266],[88.47723470052148,35.4636805555557],[88.4789482964415,35.46430284288215],[88.481605631511,35.46201117621547],[88.4839496527785,35.46263617621554],[88.48653618706658,35.46098063151055],[88.48731228298675,35.460172797309156],[88.48489312066027,35.456809082031555],[88.48181667751788,35.45351019965307],[88.48118082682339,35.45189805772583],[88.4803868272574,35.4515304904516],[88.47859049479217,35.45245578342036],[88.4773564995665,35.45151936848987],[88.47650444878525,35.45153672960089],[88.47149224175416,35.449176432291836],[88.47066514757012,35.44960259331617],[88.46954888237906,35.449579806857855],[88.46730604383743,35.44615885416698],[88.46373046875055,35.44265842013908],[88.46253879123316,35.44020182291683],[88.46164062500048,35.43986382378495],[88.45817545572993,35.441269531250214],[88.45629448784774,35.44123101128491],[88.45361599392407,35.44212320963561],[88.45138346354219,35.442077636719034],[88.4518090820319,35.439581705729324],[88.45094997829909,35.43831434461828],[88.44787489149371,35.43632297092029],[88.44396918402845,35.43512586805576],[88.4426630316845,35.43515245225717],[88.44107557508744,35.43450873480924],[88.44007649739632,35.43518581814254],[88.4373744032124,35.43513075086821],[88.43546468099004,35.435784233941206],[88.43428629557349,35.43455756293423],[88.4343104383687,35.43114637586831],[88.43633924696229,35.42979600694457],[88.437358398438,35.42752956814252],[88.43624728732692,35.42569715711818],[88.43591878255268,35.42401529947932],[88.43458062066031,35.42180826822937],[88.43424018012217,35.42041259765654],[88.43283013237902,35.4185538736981],[88.43180826822982,35.41374728732649],[88.43055555555605,35.4122222222224],[88.4290277777784,35.412643229166804],[88.42717990451467,35.41208604600706],[88.42680826822965,35.41518066406263],[88.42739095052156,35.41569173177095],[88.42819715711852,35.414852701823065],[88.42876383463596,35.41486409505228],[88.42931342230958,35.415997178819566],[88.42928385416747,35.417457411024486],[88.42872043185832,35.41910346137172],[88.42875298394165,35.42319661458356],[88.42814887152838,35.42785725911472],[88.4273483615458,35.43103895399332],[88.42738037109422,35.432609592014046],[88.4249568684902,35.43863226996558],[88.42092556423677,35.442961154514194],[88.41789388020891,35.445162217882114],[88.41674153645897,35.445721299913316],[88.41556857638955,35.446942274305684],[88.41391927083396,35.45092664930581],[88.4134749348965,35.4546240234377],[88.41415039062548,35.456597222222456],[88.41541937934096,35.45846950954876],[88.41652072482702,35.460917697482785],[88.42105523003528,35.464929470486254],[88.4230045572923,35.46620741102453],[88.42625271267417,35.46652506510446],[88.42744167751783,35.467137315538366],[88.4287779405388,35.466794976128654],[88.43046766493114,35.46855360243069],[88.43172390408034,35.468123643663375],[88.4332055664068,35.46931939019112],[88.43502224392415,35.46928249783008],[88.4371872287332,35.46965169270851],[88.43896375868121,35.4715009223093],[88.44291395399364,35.4743085394968],[88.44346679687567,35.4742971462677],[88.44431098090342,35.474869520399636],[88.44513075086866,35.47485270182307],[88.44569173177149,35.475141601562655],[88.44793511284786,35.47550699869805],[88.45133599175398,35.47667100694457],[88.4525366210944,35.47748453776063],[88.45334418402842,35.476643880208485],[88.45713514539983,35.48041395399321],[88.45885226779563,35.47862657335088],[88.46065239800407,35.47969346788216],[88.46569715711871,35.480691731771],[88.46636040581677,35.48103325737867]]]}},{"type":"Feature","id":"hydrolakes:14895","properties":{"Hylak_id":14895,"Lake_name":"","Country":"China","Continent":"Asia","Poly_src":"SWBD","Lake_type":1,"Grand_id":0,"Lake_area":64.77,"Shore_len":36.17,"Shore_dev":1.27,"Vol_total":206.69,"Vol_res":0.0,"Vol_src":3,"Depth_avg":3.2,"Dis_avg":0.0,"Res_time":-1.0,"Elevation":4815,"Slope_100":0.89,"Wshd_area":5069.5,"Pour_long":88.38125,"Pour_lat":35.410417,"source_id":"hydrolakes:14895","label":""},"geometry":{"type":"Polygon","coordinates":[[[88.32839762369844,35.44959608289952],[88.33096001519164,35.44926839192743],[88.33725531684075,35.44937418619804],[88.33948160807341,35.448994411892556],[88.3417523871534,35.44904079861129],[88.3479682074659,35.44790283203139],[88.35115587022614,35.4462773980037],[88.35483371310812,35.44359971788208],[88.35815945095544,35.441986219618286],[88.3637554253479,35.440283203125205],[88.36508897569502,35.43959635416684],[88.37097493489631,35.43930826822924],[88.3726684570318,35.43896158854187],[88.37652506510494,35.43541395399319],[88.37845838758727,35.43410020616341],[88.38363715277836,35.43375271267388],[88.38569173177143,35.434586046007155],[88.3870860460076,35.43485839843777],[88.38986382378522,35.43624728732652],[88.3912133789068,35.43727132161479],[88.394961208768,35.43838595920158],[88.3968237304693,35.43790852864612],[88.39789632161501,35.437930501302276],[88.4053927951395,35.44491238064262],[88.40778862847287,35.44633436414955],[88.41374728732706,35.444580620659906],[88.4172279188374,35.44424018012165],[88.4197805447053,35.44158311631958],[88.42120062934077,35.43919080946199],[88.4216661241324,35.43775634765643],[88.42358208550394,35.43585232204873],[88.42558322482688,35.43044731987874],[88.42671169704914,35.42407633463563],[88.42624728732693,35.42180826822937],[88.42597493489643,35.41708062065999],[88.42494764539998,35.409592013889096],[88.42414849175401,35.40683105468764],[88.42294514974009,35.40505560980927],[88.42263753255264,35.403165961371656],[88.42067762586879,35.40120415581612],[88.41958604600762,35.39910590277793],[88.42079861111165,35.397507866753585],[88.42001491970552,35.396351725260615],[88.41802273220543,35.395866156684235],[88.41745795355956,35.39354871961825],[88.41663791232685,35.392761230468864],[88.41541395399355,35.39236382378493],[88.4145648871534,35.39178846571207],[88.4127444118929,35.38722384982651],[88.40888916015683,35.38295817057315],[88.40791395399367,35.382641601562625],[88.40172200520897,35.37619710286481],[88.39707682291748,35.37374159071203],[88.3959410264763,35.37374647352459],[88.39486382378544,35.373191731771044],[88.39315375434091,35.37291937934043],[88.38985839843798,35.37374728732664],[88.38789632161524,35.37454291449666],[88.38346381293451,35.37540825737864],[88.38234239366386,35.37598605685781],[88.38149658203173,35.37596869574668],[88.38041910807357,35.37541368272588],[88.37960205078178,35.37543050130222],[88.37843614366369,35.37484754774323],[88.37677137586866,35.374851888021],[88.36882405599022,35.36954996744822],[88.3644444444451,35.36805555555571],[88.36184407552133,35.36818115234388],[88.35763617621575,35.36902506510438],[88.35511230468808,35.36958441840295],[88.35344916449702,35.370423719618316],[88.35068169487909,35.37270562065993],[88.35070746527845,35.37397488064249],[88.34701633029562,35.37690131293431],[88.34596950954915,35.379025065104315],[88.34491482204919,35.38195176866344],[88.34458604600752,35.38431749131962],[88.34662706163243,35.38497992621552],[88.34875813802131,35.386817762586986],[88.34873616536515,35.38789794921894],[88.3501429579,35.39062906901063],[88.35013481987897,35.39102620442725],[88.34780110677133,35.39446912977445],[88.34455729166717,35.3962600368925],[88.34399712456644,35.3968429904516],[88.3432166883685,35.39845160590295],[88.34177951388949,35.400163845486304],[88.34015082465339,35.4009540473092],[88.33778998480966,35.403411187066126],[88.33237955729226,35.40567545572941],[88.33124104817756,35.40653944227455],[88.32846950954922,35.40708062065994],[88.32457004123324,35.40848036024323],[88.32402506510482,35.4084692382815],[88.31997938368107,35.411062282986336],[88.31927924262203,35.412130533854395],[88.31875271267427,35.4137527126739],[88.31770426432354,35.415482042100905],[88.3173638237854,35.41653049045152],[88.31600911458378,35.41783230251758],[88.31447428385462,35.420491536458485],[88.31319173177138,35.422080620659926],[88.31180284288251,35.425969509548736],[88.31111300998327,35.42899332682305],[88.31033799913251,35.42958062065992],[88.30981336805621,35.42742838541682],[88.30870388454923,35.42708604600716],[88.30663601345543,35.42815131293423],[88.307358398438,35.42959526909743],[88.3056917317715,35.43013617621551],[88.30514160156321,35.43057345920158],[88.30609564887231,35.43198106553842],[88.30491699218828,35.43311360677109],[88.30613118489629,35.4351161024307],[88.3055159505214,35.436310492621715],[88.30700710720544,35.437033962673866],[88.307652723525,35.43933512369813],[88.30953830295186,35.44114691840292],[88.30985839843805,35.4418193901912],[88.30874728732687,35.44235839843759],[88.30847493489631,35.44313774956606],[88.31031656901098,35.44541910807317],[88.3119582790805,35.4466362847225],[88.31514160156297,35.44708062065985],[88.3168082682298,35.44763590494807],[88.3183140733513,35.44877875434048],[88.32117540147618,35.44876844618085],[88.3232052951393,35.44959174262175],[88.32839762369844,35.44959608289952]]]}},{"type":"Feature","id":"hydrolakes:14900","properties":{"Hylak_id":14900,"Lake_name":"","Country":"China","Continent":"Asia","Poly_src":"SWBD","Lake_type":1,"Grand_id":0,"Lake_area":42.96,"Shore_len":83.8,"Shore_dev":3.61,"Vol_total":122.41,"Vol_res":0.0,"Vol_src":3,"Depth_avg":2.8,"Dis_avg":0.227,"Res_time":6241.6,"Elevation":4744,"Slope_100":0.88,"Wshd_area":3319.1,"Pour_long":87.259163,"Pour_lat":35.310085,"source_id":"hydrolakes:14900","label":""},"geometry":{"type":"Polygon","coordinates":[[[87.26486083984423,35.35264295789949],[87.26627414279557,35.3520697699654],[87.26735649956635,35.35209174262167],[87.26865546332505,35.35110595703145],[87.26902506510459,35.34955349392379],[87.26814168294322,35.3478388129343],[87.26726535373314,35.346996799045314],[87.26407836914126,35.34564398871544],[87.2628948296445,35.34484157986128],[87.26189751519138,35.34278591579874],[87.26153049045195,35.340075141059174],[87.2635157606341,35.339292263455036],[87.26460205078166,35.33931450737879],[87.26578464084275,35.33808349609399],[87.26531792534774,35.33717746310788],[87.26568752712711,35.3352134874134],[87.26178344726611,35.33067871093772],[87.25958062066024,35.33014160156267],[87.25848049587728,35.329395887587],[87.26027180989638,35.32690511067722],[87.25984754774356,35.3256656901043],[87.25989990234422,35.3230989583335],[87.25880872938421,35.321489257812686],[87.26125271267398,35.31875271267387],[87.26358086480093,35.31526312934051],[87.26530612521753,35.313605685764],[87.26420206705768,35.31254503038207],[87.26304972330769,35.31313856336823],[87.26123060438431,35.31654947916684],[87.25984442816878,35.317221950955],[87.25888061523477,35.3167255316842],[87.25817613389813,35.31422824435782],[87.25820638020889,35.31275065104188],[87.25986382378511,35.31069715711817],[87.26014634874178,35.309826660156375],[87.26264716254383,35.30734700520861],[87.26263549804753,35.30677490234399],[87.25995551215323,35.30409776475716],[87.26074978298647,35.30184244791678],[87.25946899414112,35.30061170789952],[87.25817545572971,35.29843261718764],[87.25820271809931,35.29709337022581],[87.2600179036462,35.295697157118184],[87.26184231228353,35.29693386501748],[87.26265814887205,35.29651367187512],[87.26345865885463,35.29486355251754],[87.26437391493101,35.294419487847506],[87.26569444444499,35.295421549479386],[87.26904947916717,35.293174913194605],[87.27014146592933,35.29319742838561],[87.27073418511338,35.29289198133699],[87.27240383572098,35.29292616102447],[87.27346950954899,35.29347493489598],[87.27582166883735,35.29406385633695],[87.27793592664989,35.29515299479192],[87.27846950954915,35.29625271267372],[87.28023640950568,35.29835774739604],[87.27875271267402,35.30044650607658],[87.27960340711849,35.30126383463556],[87.28436686197955,35.30244032118077],[87.28711886935804,35.30489800347243],[87.2882142469623,35.305413953993195],[87.28818834092925,35.30414388020853],[87.28680826822972,35.301883680555704],[87.28802137586848,35.30028510199668],[87.29295749240504,35.298752712673775],[87.29734592013938,35.29984809027792],[87.29791395399354,35.300168728298786],[87.29706122504382,35.30098795572934],[87.29361518012189,35.30182807074664],[87.29319715711858,35.302552083333524],[87.29566758897624,35.30295437283007],[87.30041395399371,35.30514160156275],[87.30203694661509,35.30545844184047],[87.31033148871586,35.314292805989794],[87.31069173177121,35.31208062065991],[87.31104410807347,35.311396484375166],[87.31240193684948,35.31097493489614],[87.3142464192714,35.31160644531269],[87.31529527452307,35.310514594184326],[87.31384969075572,35.306950954861236],[87.31333536783904,35.30484103732658],[87.3137585449224,35.30401936848972],[87.31691880967935,35.30344346788212],[87.31994967990494,35.303505316840415],[87.32098768446218,35.30403998480921],[87.32264756944494,35.302369249132255],[87.32263563368093,35.3017857530383],[87.31497300889816,35.30218668619801],[87.31203708224865,35.301434190538316],[87.3081456163199,35.30089111328141],[87.30250990125904,35.301006130642634],[87.30080403645889,35.30065673828159],[87.30014160156287,35.29978244357659],[87.30474338107678,35.29872205946202],[87.30802056206653,35.29878906250025],[87.30979315863755,35.29842583550368],[87.31044650607686,35.295141601562705],[87.3112805175785,35.29600965711819],[87.31244113498315,35.29832519531266],[87.3119638400612,35.29925157335089],[87.31267510308197,35.29959689670153],[87.31379720052132,35.299573838975846],[87.3148916286898,35.298434787326585],[87.31551350911514,35.29715304904528],[87.31740193684948,35.29541937934056],[87.31919528537372,35.29603325737867],[87.32007229275223,35.295581325955084],[87.31874728732691,35.294308268229315],[87.31845879448821,35.29371392144117],[87.3184750705301,35.292914225260574],[87.31795505099876,35.29190456814251],[87.31650417751791,35.29143364800359],[87.3165307617192,35.29013047960086],[87.31843356662387,35.29015218098971],[87.31958455403691,35.28985731336826],[87.3205541992192,35.29051459418423],[87.32098971896755,35.29274576822934],[87.32244574652822,35.293218315972524],[87.32407606336858,35.293198242187714],[87.32571370442764,35.29404188368062],[87.32726142035636,35.29647813585092],[87.3308917914502,35.29713731553835],[87.3322762044275,35.296424153645944],[87.33292060004379,35.293749457465424],[87.33262505425398,35.29317572699665],[87.332642008464,35.29234727647594],[87.33486938476602,35.291241590711934],[87.33485799153692,35.2906787109377],[87.33126966688417,35.287972547743266],[87.33248155382,35.28637559678833],[87.3307644314242,35.28581841362865],[87.32852132161509,35.283483615451644],[87.32682169596416,35.282659233941104],[87.3234749348963,35.279580620659885],[87.32066989474862,35.27747151692728],[87.31697306315164,35.27563340928833],[87.31594346788239,35.27598578559048],[87.31437540690143,35.27595377604183],[87.31277981228357,35.273901909722326],[87.3101361762159,35.272919379340465],[87.3087137858077,35.27206976996547],[87.29986870659786,35.27206353081618],[87.29625271267406,35.27096950954882],[87.2869034830735,35.269723849826505],[87.28478257921046,35.27015842013901],[87.28213582356813,35.271521809896115],[87.28004543728338,35.27220024956608],[87.26111368815157,35.27268988715298],[87.2575729709207,35.273207194010695],[87.2562474229606,35.27319742838563],[87.25568644205782,35.272908257378674],[87.25294582790855,35.272897406684194],[87.25177571614643,35.27346950954876],[87.24907755533911,35.27207953559042],[87.2471198187938,35.27206434461823],[87.24538316514816,35.27066243489594],[87.24069715711857,35.26791395399323],[87.23935289171061,35.26758626302097],[87.23661960177998,35.26602918836818],[87.2332082790806,35.26547363281276],[87.23125230577301,35.26597493489601],[87.2290543619797,35.26593044704879],[87.2274405924486,35.2647059461807],[87.22518432617244,35.26235731336834],[87.22405693901948,35.26238009982666],[87.22180501302137,35.261801215277956],[87.22045288085997,35.26282714843762],[87.21680826822961,35.262080620659844],[87.21084635416719,35.261802842882105],[87.20794460720532,35.259977213541845],[87.20689968533048,35.260515407986304],[87.20435533311684,35.25986328125015],[87.20216023763061,35.25802083333349],[87.20327989366359,35.254937608507134],[87.20168172200562,35.2534022352433],[87.20124769422779,35.252064887152926],[87.20027777777824,35.25111111111124],[87.19957099066886,35.251340603298786],[87.19956949869828,35.2534586588543],[87.20022460937543,35.25442491319461],[87.1998250325525,35.255200737847474],[87.19886027018288,35.25612792968769],[87.19757758246573,35.256544053819596],[87.19708604600748,35.257124023437655],[87.19959838867231,35.25953776041683],[87.19959730360284,35.261515842014035],[87.19874728732674,35.26263617621544],[87.19847493489635,35.263474934896124],[87.1975249565977,35.264727105034865],[87.1945534939241,35.265136176215435],[87.19346421983545,35.264575195312716],[87.19282430013078,35.26458821614597],[87.19153049045184,35.26533854166678],[87.19273315429734,35.26692328559045],[87.19485527886326,35.268962131076535],[87.19513617621578,35.27101074218763],[87.19260687934081,35.27478515625029],[87.1915250651046,35.27513617621548],[87.19106350368975,35.276087239583546],[87.19237006293446,35.27734239366333],[87.19239203559084,35.27984781901063],[87.19153049045184,35.28072428385428],[87.19246459960999,35.28162163628491],[87.19596950954917,35.28013617621548],[87.19757880316888,35.279822048611265],[87.20140190972262,35.281005859375114],[87.20322821723136,35.28239176432311],[87.2044666883686,35.2842805989585],[87.20628662109425,35.28472412109397],[87.20928209092921,35.286226128472435],[87.21299709743988,35.2865565321182],[87.21406751844677,35.287108018663446],[87.21769246419319,35.287033962673775],[87.21980672200573,35.2874671766495],[87.2285903591586,35.28728786892373],[87.23155490451433,35.28830268012166],[87.23485839843806,35.29125271267378],[87.23627794053868,35.29159884982653],[87.23867173936691,35.293531358507096],[87.24183580186684,35.29430257161471],[87.24463514539974,35.29318142361126],[87.24615003797794,35.293212348090435],[87.24844970703163,35.29287624782995],[87.2494494628911,35.29391682942719],[87.24741265191034,35.29587375217034],[87.24494913737016,35.300134277343886],[87.24434828016535,35.3019854058162],[87.24403578016552,35.30622721354183],[87.24358886718795,35.30840901692727],[87.24200059678878,35.30993516710083],[87.23841186523487,35.31126871744806],[87.23493191189289,35.31128553602446],[87.23319715711847,35.310691731771044],[87.23066460503509,35.31041937934043],[87.2284695095492,35.31152506510432],[87.22424519856833,35.31545844184046],[87.22319173177141,35.31596950954872],[87.22152506510457,35.31819173177104],[87.22146009657155,35.31930284288205],[87.2249031575526,35.31661132812525],[87.22702663845524,35.316252712673815],[87.22877441406291,35.31766357421901],[87.22931898329028,35.31878607855924],[87.2292918565542,35.32011474609402],[87.23000135633731,35.32186387803836],[87.234126790365,35.32874348958353],[87.23528401692744,35.33187608506961],[87.23457302517414,35.33292507595502],[87.23386610243114,35.332910427517504],[87.23181342230953,35.33151909722244],[87.23119940863768,35.33153157552101],[87.23041937934073,35.332374945746835],[87.23153049045197,35.33291395399317],[87.23319173177123,35.334308268229336],[87.23458604600734,35.33458062065989],[87.23743408203177,35.33640299479197],[87.23900539822097,35.33321506076413],[87.24096950954907,35.33486382378487],[87.24178602430601,35.3352601453995],[87.24408935546921,35.33478814019111],[87.24515543619833,35.33316216362863],[87.24719482421938,35.331202799479286],[87.24959648980087,35.33040852864599],[87.25027126736165,35.33042209201403],[87.25096950954935,35.33268500434059],[87.24965372721391,35.335789388021],[87.25097073025222,35.33705485026053],[87.25180894639811,35.340944552951726],[87.251775444879,35.34258382161477],[87.25243584526959,35.34451280381961],[87.25180826822964,35.34802788628491],[87.25251790364632,35.34846950954875],[87.25376383463578,35.347624782986315],[87.25373602973133,35.34626193576406],[87.25504096137189,35.34454237196195],[87.25445298936671,35.34282443576416],[87.255216335721,35.341698133680666],[87.25617350260472,35.34219129774317],[87.2570806206603,35.34124728732661],[87.25824612087723,35.340974934895996],[87.26052910698843,35.3433512369794],[87.26154649522618,35.34574788411476],[87.26151855468794,35.347117513020976],[87.25986382378511,35.349635145399645],[87.26147352430593,35.351181640625214],[87.26486083984423,35.35264295789949]],[[87.25403306749183,35.341255425347356],[87.25322564019154,35.34207790798638],[87.25292195638076,35.339855685764064],[87.25232611762198,35.33865939670153],[87.25237386067766,35.33745551215293],[87.25354600694493,35.33575195312517],[87.25416666666706,35.335555555555686],[87.25652248806477,35.339693739149425],[87.25504692925404,35.34016113281268],[87.25403306749183,35.341255425347356]],[[87.26070475260474,35.338184136284895],[87.25987738715315,35.337814941406464],[87.25728881835977,35.33789957682308],[87.25673570421048,35.33725775824678],[87.2568664550787,35.33563123914945],[87.2590441894535,35.33375515408005],[87.26138888888926,35.33361111111134],[87.26278917100734,35.334556749132105],[87.26415242513059,35.336139051649525],[87.26170057508739,35.33873969184043],[87.26070475260474,35.338184136284895]],[[87.25440063476617,35.33283040364597],[87.25404066297801,35.329455023871674],[87.2548746744796,35.32876220703139],[87.25638888888926,35.328611111111286],[87.25709621853355,35.32957058376752],[87.25765163845523,35.33105333116339],[87.25851806640668,35.33177300347239],[87.25845933702328,35.332349175347474],[87.25578559027826,35.33335069444456],[87.25440063476617,35.33283040364597]],[[87.2452777777782,35.328888888889026],[87.24565673828164,35.32936197916683],[87.24759860568616,35.32912055121545],[87.247668728299,35.32968478732664],[87.24450073242247,35.331764051649486],[87.24180040147633,35.33199625651065],[87.24043199327309,35.330900336371656],[87.2408287217886,35.329653049045305],[87.24217475043451,35.32961208767381],[87.2437346733945,35.32901231553831],[87.2452777777782,35.328888888889026]],[[87.2520100911463,35.328457845052355],[87.25077650282174,35.32780490451404],[87.252355821398,35.32235568576402],[87.25270779079915,35.321690809461984],[87.25375840928871,35.32071723090297],[87.25527777777836,35.3205555555557],[87.25703097873316,35.322614203559226],[87.25768663194486,35.325366753472395],[87.25675957573827,35.3265755208335],[87.25435045030423,35.32648003472241],[87.2520100911463,35.328457845052355]],[[87.24858072916703,35.32719536675364],[87.24814927842925,35.327968750000196],[87.24637044270872,35.32796278211822],[87.24468505859414,35.327501627604306],[87.2439816623268,35.32668511284743],[87.24407809787368,35.325485026041804],[87.24611111111165,35.325277777777956],[87.24858072916703,35.32719536675364]],[[87.25112331814307,35.31134602864603],[87.24900716145879,35.31090332031266],[87.2466571723096,35.31007975260434],[87.24597751193613,35.30835503472241],[87.2465398491758,35.30566758897595],[87.24571750217069,35.30332139756962],[87.2473691134989,35.300200466580065],[87.24732543945368,35.29909993489599],[87.24953681098145,35.2965502929689],[87.25138888888944,35.296388888889226],[87.25310153537367,35.29799614800373],[87.25458862304725,35.29846679687529],[87.25726603190145,35.29999565972241],[87.25929389105949,35.30445421006959],[87.25969021267417,35.3073543294272],[87.25928290473126,35.30851643880226],[87.25635633680594,35.31066297743075],[87.25552191840336,35.31096679687522],[87.25423136393266,35.31007893880229],[87.25218614366372,35.31061469184044],[87.25112331814307,35.31134602864603]]]}},{"type":"Feature","id":"hydrolakes:14905","properties":{"Hylak_id":14905,"Lake_name":"","Country":"China","Continent":"Asia","Poly_src":"SWBD","Lake_type":1,"Grand_id":0,"Lake_area":34.44,"Shore_len":31.41,"Shore_dev":1.51,"Vol_total":257.34,"Vol_res":0.0,"Vol_src":3,"Depth_avg":7.5,"Dis_avg":1.985,"Res_time":1500.5,"Elevation":4770,"Slope_100":2.14,"Wshd_area":2226.6,"Pour_long":89.947343,"Pour_lat":35.235582,"source_id":"hydrolakes:14905","label":""},"geometry":{"type":"Polygon","coordinates":[[[89.92859483507027,35.30813666449666],[89.93080566406314,35.306615668402856],[89.93276638454938,35.307421061198056],[89.9339355468756,35.30701117621544],[89.93498101128546,35.30773057725713],[89.9381998697923,35.306255425347445],[89.94193359375066,35.30401719835089],[89.9456998697924,35.30236653645852],[89.9473871527785,35.300993109809156],[89.95077202691039,35.3006328667538],[89.95341200086887,35.296446940104374],[89.9554969618062,35.29480740017374],[89.9575254991326,35.2926182725696],[89.95814887152846,35.29129747178837],[89.95971082899365,35.2892605251738],[89.96376030816037,35.286789550781464],[89.96457465277837,35.28682183159748],[89.96679144965339,35.28512179904533],[89.96738389757024,35.28514539930569],[89.96817871093828,35.28765489366327],[89.96881890191042,35.28886447482665],[89.97148980034797,35.29043457031281],[89.97254828559102,35.2903927951391],[89.976655815973,35.28903320312526],[89.978599175348,35.29052327473971],[89.97782497829922,35.291647949218884],[89.97439887152848,35.29386040581613],[89.97290093316036,35.29456732855931],[89.97185275607717,35.29678765190988],[89.9733544921881,35.298969726562746],[89.97875108507009,35.30070203993074],[89.97997938368115,35.30009087456614],[89.98101616753547,35.29867784288206],[89.98220648871597,35.295785590277944],[89.98335232204943,35.295045844184244],[89.98510091145909,35.293158365885745],[89.98594835069537,35.28960069444457],[89.98712565104245,35.28815402560787],[89.98874457465337,35.28446614583345],[89.98797580295201,35.28079074435777],[89.98755750868133,35.2800000000002],[89.98793294270905,35.27929036458346],[89.98638943142441,35.27440294053832],[89.98784939236191,35.27305040147587],[89.985689019098,35.27236653645849],[89.98458821614656,35.27152208116331],[89.98368326822998,35.27150851779527],[89.98194064670224,35.27030951605923],[89.98145724826463,35.268783094618186],[89.97985568576462,35.26847764756957],[89.97626085069521,35.26637858072928],[89.9746017795145,35.26411621093774],[89.97346679687581,35.26208875868076],[89.97286566840336,35.26029188368085],[89.97152235243135,35.25986653645856],[89.96763346354243,35.257088758680766],[89.96569986979233,35.25541124131962],[89.96343478732717,35.254270833333464],[89.96346245659782,35.252527126736254],[89.96165581597302,35.25195529513911],[89.96121853298672,35.25057345920152],[89.95683648003529,35.246513129340485],[89.95539008246601,35.24679904513903],[89.95477756076451,35.24550021701407],[89.95338378906331,35.244842664930786],[89.9521099175355,35.24346788194464],[89.95180609809091,35.240927191840456],[89.95021213107725,35.23737196180571],[89.94850965711885,35.23696668836823],[89.94904351128548,35.235957573785015],[89.94899631076447,35.23476074218769],[89.9476426866326,35.233506401910006],[89.94694444444502,35.23194444444465],[89.94217176649386,35.23515407986133],[89.9429253472228,35.23624945746559],[89.94254177517439,35.23697319878494],[89.93833984375061,35.23558539496554],[89.93736273871588,35.23625759548622],[89.93652615017436,35.23596462673629],[89.93569986979224,35.236533203125134],[89.93452636718825,35.23690429687525],[89.93257215711873,35.238249240451694],[89.92986056857717,35.23952907986131],[89.92814615885476,35.24137966579872],[89.92715928819518,35.2408572048613],[89.92587185329933,35.24224717881964],[89.92520887586875,35.24365071614602],[89.92570258246622,35.244583875868216],[89.92472819010493,35.246175672743334],[89.92228407118125,35.24664225260443],[89.92152615017437,35.24624077691004],[89.92027615017435,35.24758951822935],[89.9198459201395,35.249397243923795],[89.9183637152787,35.253005642361245],[89.91673556857711,35.25493272569463],[89.91505099826446,35.256019965277915],[89.91550889757008,35.257326931423734],[89.91128472222294,35.262106119791895],[89.91097764757006,35.26403320312511],[89.90982367621592,35.26545030381965],[89.9098030598966,35.26813476562518],[89.91118001302146,35.26982693142372],[89.91409993489668,35.2725320095488],[89.91786187066037,35.27495849609386],[89.92036241319533,35.277657606337016],[89.92183213975756,35.2776453993057],[89.92242675781335,35.278905164930734],[89.92235297309105,35.28075520833346],[89.921724175348,35.28194444444455],[89.9221402994799,35.28273111979189],[89.92214084201447,35.28617919921902],[89.92146267361181,35.28716498480924],[89.92097764757023,35.28882622612872],[89.92153537326465,35.290417751736356],[89.92104383680618,35.29134684244809],[89.92166449652842,35.29192192925376],[89.9232269965284,35.29151258680571],[89.9245231119798,35.29156385633701],[89.92572102864648,35.292388237847376],[89.92568196614661,35.29337483723975],[89.92255045572978,35.294057617187775],[89.91986653645904,35.29701443142375],[89.92145833333404,35.29804253472247],[89.92275336371608,35.29944010416682],[89.92414605034799,35.29837239583344],[89.92716688368131,35.298492024739744],[89.92821017795211,35.299044325086925],[89.92818305121602,35.29973822699668],[89.92543402777858,35.30039279513909],[89.92281684027853,35.302522786458496],[89.9213644748271,35.30540147569462],[89.9218109809035,35.30624538845501],[89.92177788628538,35.307081705729274],[89.9238243272577,35.30772949218766],[89.92754665798674,35.307581922743225],[89.92859483507027,35.30813666449666]]]}},{"type":"Feature","id":"hydrolakes:14909","properties":{"Hylak_id":14909,"Lake_name":"","Country":"China","Continent":"Asia","Poly_src":"SWBD","Lake_type":1,"Grand_id":0,"Lake_area":26.88,"Shore_len":32.48,"Shore_dev":1.77,"Vol_total":162.31,"Vol_res":0.0,"Vol_src":3,"Depth_avg":6.0,"Dis_avg":1.4,"Res_time":1341.8,"Elevation":4771,"Slope_100":1.87,"Wshd_area":2372.2,"Pour_long":90.050944,"Pour_lat":35.197364,"source_id":"hydrolakes:14909","label":""},"geometry":{"type":"Polygon","coordinates":[[[90.0220670572923,35.240083007812586],[90.02431532118135,35.23845594618075],[90.02538248697982,35.238498263889085],[90.02750596788258,35.23789550781271],[90.02911404079924,35.23585069444459],[90.03014431423696,35.232365451389],[90.03005425347288,35.23008626302101],[90.03256727430613,35.228304578993175],[90.03322048611182,35.227599826388996],[90.03317816840337,35.226538085937705],[90.0354324001745,35.222068684896044],[90.03540093316036,35.22126464843768],[90.03720214843833,35.218312717014044],[90.03625542534809,35.21180013020853],[90.03566786024368,35.210946723090444],[90.03572536892415,35.209499782986256],[90.03321017795207,35.207169053819655],[90.03189398871609,35.2067523871529],[90.02993760850762,35.206829969618184],[90.02250162760475,35.205323350694584],[90.02165907118115,35.20441406250018],[90.02125542534793,35.20246636284736],[90.02211046007017,35.20122341579878],[90.02525390625084,35.201348198784956],[90.03143825954942,35.20218641493068],[90.0330588107646,35.20176161024324],[90.03614746093814,35.20188422309053],[90.03875759548691,35.20058322482652],[90.04122233072997,35.199803059896055],[90.04447482638949,35.19928493923629],[90.04591851128538,35.199341905382084],[90.04665852864667,35.19895019531276],[90.04988444010479,35.199078233507066],[90.05194661458404,35.198719075520955],[90.05377658420201,35.19594943576408],[90.05375542534796,35.19430067274317],[90.05261664496606,35.192900933159876],[90.05202256944517,35.192924804687664],[90.05064127604254,35.19365559895846],[90.04927354600756,35.193175998263996],[90.04870388454935,35.19196940104183],[90.04742078993121,35.19078016493074],[90.04527777777855,35.19000000000011],[90.04341525607703,35.190137261284974],[90.0410367838549,35.19097113715293],[90.03771647135483,35.194554578993234],[90.03549424913274,35.1958414713543],[90.03357313368116,35.19658908420155],[90.03257107204928,35.19605902777789],[90.03068901909802,35.19569986979178],[90.02986111111193,35.1952615017363],[90.02895128038261,35.19574273003491],[90.02718587239661,35.19537380642373],[90.02619791666729,35.19571994357659],[90.02504503038267,35.1956743706599],[90.02421223958413,35.19696343315985],[90.02268825954928,35.19837565104183],[90.02159016927158,35.197794596354356],[90.02033311632005,35.1991509331599],[90.01691894531325,35.19901584201409],[90.01407226562566,35.19594292534737],[90.01083658854247,35.19590603298633],[90.00804578993126,35.197052951389026],[90.00589626736172,35.196299370659915],[90.00388834635481,35.1983132595488],[90.00085611979233,35.19906467013902],[89.99753960503534,35.2007177734377],[89.99614583333397,35.20066297743074],[89.99514431423688,35.20236653645861],[89.9940652126744,35.20346679687515],[89.98961968316053,35.20211100260428],[89.98814670138955,35.203240017361225],[89.98685492621593,35.2038498263891],[89.98618869357705,35.20551703559039],[89.98430013020914,35.205966796875146],[89.9840332031257,35.2070887586807],[89.98351725260488,35.20763346354187],[89.98129503038257,35.20597764756957],[89.97953776041743,35.20740776909736],[89.97743598090346,35.20704155815986],[89.97597710503544,35.20709960937512],[89.97501898871599,35.20606553819459],[89.97374945746589,35.205245768229304],[89.97159396701466,35.2063861762154],[89.96985568576457,35.20680013020859],[89.96818684895914,35.208158637153076],[89.9662445746535,35.209300130208476],[89.96420138888953,35.2110720486113],[89.96262315538257,35.21023708767382],[89.96009657118117,35.21127495659749],[89.95866916232711,35.21348578559048],[89.95819010416756,35.21346679687514],[89.95689778645902,35.21410753038208],[89.9556933593758,35.21318413628484],[89.95516764322997,35.213752170139],[89.95223415798682,35.21415310329871],[89.94913085937566,35.21204101562512],[89.94873806423686,35.211208224826635],[89.94812065972314,35.210636393229265],[89.9463774956605,35.20977322048634],[89.9456998697924,35.210194769965426],[89.94633138020896,35.211388888889076],[89.9458935546881,35.21221733940996],[89.94402886284797,35.21292426215297],[89.94300781250081,35.21256618923621],[89.94131076388965,35.21346408420152],[89.94013346354245,35.21374457465288],[89.93986653645914,35.21446831597234],[89.9434857855909,35.21744194878505],[89.94343424479246,35.21873969184048],[89.94448404947974,35.21923556857661],[89.946624348959,35.21819986979182],[89.94878255208397,35.21876519097242],[89.94960991753544,35.218756510416824],[89.95014322916728,35.21988661024318],[89.95125542534782,35.220411241319596],[89.9546875000006,35.223445638021076],[89.95625542534799,35.22374457465304],[89.95796440972282,35.224875759548866],[89.95893988715352,35.224837239583564],[89.95985568576441,35.22625542534735],[89.960263129341,35.22652235243066],[89.96218315972288,35.22534722222241],[89.963228081598,35.225713433159854],[89.9655457899313,35.22321180555588],[89.96736653645911,35.22292209201402],[89.96816026475761,35.22250217013902],[89.96999077691049,35.22376139322938],[89.97056477864669,35.22373860677095],[89.97180013020892,35.22458875868074],[89.97421712239657,35.22487792968769],[89.9759597439242,35.226076931423734],[89.97739529079934,35.22653157552105],[89.97792697482714,35.227105577257134],[89.98070529513961,35.227766927083564],[89.98154242621604,35.22821017795155],[89.98327799479233,35.22821451822938],[89.98430013020914,35.2287554253474],[89.98706814236198,35.22928385416691],[89.9884879557298,35.23043891059052],[89.98847873263952,35.231554361979306],[89.99370225694508,35.23481553819465],[89.99847764757021,35.238393012152926],[89.9995887586814,35.23874457465291],[90.00028645833413,35.24053710937517],[90.00134874132016,35.241922200520946],[90.00403320312563,35.242911241319575],[90.0056890190981,35.24431098090298],[90.00679796007006,35.24483398437519],[90.01133843316035,35.24555718315992],[90.0135427517368,35.24439073350709],[90.0180083550353,35.24385633680589],[90.01935221354228,35.24314561631962],[90.02068901909797,35.240411241319634],[90.0220670572923,35.240083007812586]]]}},{"type":"Feature","id":"hydrolakes:14913","properties":{"Hylak_id":14913,"Lake_name":"","Country":"China","Continent":"Asia","Poly_src":"SWBD","Lake_type":1,"Grand_id":0,"Lake_area":81.87,"Shore_len":63.78,"Shore_dev":1.99,"Vol_total":260.87,"Vol_res":0.0,"Vol_src":3,"Depth_avg":3.2,"Dis_avg":0.0,"Res_time":-1.0,"Elevation":4793,"Slope_100":0.85,"Wshd_area":4121.4,"Pour_long":86.75625,"Pour_lat":35.122917,"source_id":"hydrolakes:14913","label":""},"geometry":{"type":"Polygon","coordinates":[[[86.8164562988286,35.16849338107659],[86.82108574761332,35.16789388020845],[86.82368096245716,35.167891710069625],[86.82510715060806,35.16826551649336],[86.82699734158024,35.167870008680666],[86.8304541015629,35.16594455295149],[86.83039659288232,35.16449327256959],[86.82823893229227,35.16249403211822],[86.82663085937537,35.15899088541681],[86.82911743164101,35.154429253472415],[86.82792195638064,35.15168131510427],[86.82903306749182,35.14986653645849],[86.82962036132858,35.14724500868067],[86.83017523871581,35.146196289062686],[86.83012274848136,35.14486979166685],[86.83219048394136,35.14160047743076],[86.83309176974876,35.14117513020847],[86.83628499348998,35.13755045572947],[86.83624348958375,35.13650119357658],[86.83381089952292,35.1353531901043],[86.8332649739587,35.13362901475705],[86.83124932183205,35.13263020833347],[86.83018907335105,35.133359917534904],[86.82822319878511,35.13374457465295],[86.82708862304736,35.13230523003489],[86.8276464843754,35.131251085069664],[86.82724948459247,35.130118272569575],[86.82599514431479,35.12807020399322],[86.82569973415843,35.1265223524307],[86.82529975043457,35.126151801215485],[86.82322197808202,35.126586371527935],[86.82205688476603,35.12738823784747],[86.82210978190153,35.128721245659904],[86.82174967447958,35.129300130208435],[86.81956746419309,35.12814561631956],[86.8162790256082,35.12820963541674],[86.81381768120701,35.12748914930569],[86.8123856608077,35.12594346788211],[86.80961249457522,35.12599880642381],[86.8073847113721,35.12463433159735],[86.80554551866379,35.12428331163227],[86.80345743815138,35.12317871093762],[86.80264377170175,35.12321072048627],[86.80067043728337,35.12171766493071],[86.80071058485294,35.1207047526043],[86.8000904676652,35.11980360243081],[86.79807793511321,35.118504231771055],[86.79680026584253,35.118199869791795],[86.79086886935812,35.11533799913212],[86.79015475802998,35.11456759982656],[86.78792195638073,35.11318901909755],[86.78459581163247,35.11178927951403],[86.78236640082497,35.10985568576399],[86.7810613335509,35.10954481336819],[86.78013671875055,35.109869249132146],[86.77874186197954,35.108733723958494],[86.77761610243095,35.10877821180566],[86.77419704861165,35.10707085503492],[86.77180053710975,35.10708930121541],[86.7706385633686,35.10542209201401],[86.7691577148442,35.107020399305725],[86.76820502387187,35.1055447048613],[86.76729207356823,35.10511393229177],[86.76528266059074,35.105193684895994],[86.7636375596793,35.103932291666865],[86.76103352864624,35.10492241753485],[86.75839965820347,35.10269694010435],[86.757355821398,35.102366536458476],[86.75611111111158,35.10141167534738],[86.75439575195361,35.10186143663208],[86.75343519422785,35.10135308159738],[86.75222222222266,35.10218804253486],[86.75123955620694,35.10151150173624],[86.7478477647573,35.101786566840474],[86.74663465711853,35.10047688802098],[86.74437703450559,35.09896375868078],[86.7429686143667,35.100043402778056],[86.74083184136322,35.098912760416795],[86.73958360460102,35.09987033420168],[86.73622083875921,35.098154839409915],[86.73567477756109,35.095862087673765],[86.73378811306458,35.094114040798786],[86.7319032118059,35.0951117621529],[86.72835367838576,35.0939095052085],[86.72736640082519,35.09458875868074],[86.72452745225746,35.09485568576406],[86.72333333333381,35.09422417534739],[86.72189181857675,35.094943576389085],[86.71988701714463,35.09452419704877],[86.71789103190139,35.094871961805666],[86.71664781358572,35.09421386718765],[86.71566216362879,35.09489203559042],[86.71112820095539,35.09641167534738],[86.7101284450959,35.09709960937522],[86.70905327691008,35.097056749132264],[86.70738009982671,35.098208007812616],[86.70617404513922,35.09778537326406],[86.70486111111148,35.09848036024323],[86.70372490776941,35.097879231771],[86.70227769639803,35.097936740451644],[86.70098280164984,35.09862196180569],[86.69913330078185,35.09906250000017],[86.69694444444491,35.100220269097406],[86.69600165473133,35.099721679687775],[86.6979325358077,35.097932400173704],[86.69865451388927,35.096402994791845],[86.7008942328564,35.095302734375196],[86.7015532769102,35.0925868055557],[86.70151746961841,35.09168402777789],[86.69737087673656,35.08767849392376],[86.69541137695364,35.08736653645849],[86.69422837999184,35.08645941840291],[86.69210734049534,35.0865435112849],[86.6905121527783,35.08598415798622],[86.68782077365489,35.08777289496538],[86.68643690321215,35.08682074652796],[86.6859775119363,35.08480523003499],[86.68671034071235,35.08342013888898],[86.6825877549918,35.07842447916693],[86.67916951497443,35.077061089409824],[86.67832383897621,35.07709472656268],[86.67705783420178,35.07622341579878],[86.67602118598131,35.0762646484377],[86.67527777777832,35.07500000000016],[86.67312920464462,35.076379665798754],[86.6695780436201,35.07763346354193],[86.66704861111157,35.07940049913208],[86.66708997938417,35.081554904514064],[86.6680277506515,35.08151801215291],[86.67090332031302,35.0793109809029],[86.67239596896752,35.081622178819714],[86.67233493381127,35.083160264757055],[86.67266113281306,35.08377658420159],[86.67347683376784,35.08374457465288],[86.67406521267412,35.0840554470488],[86.67401624891528,35.085291883680725],[86.67141384548665,35.085706380208364],[86.67031087239627,35.08566297743073],[86.66851969401074,35.08471516927102],[86.66544542100729,35.086727973090376],[86.66510999891528,35.08743869357653],[86.66411363389801,35.088362087673886],[86.66365614149362,35.09028266059045],[86.66232557508721,35.09068901909734],[86.66136176215315,35.089717339409844],[86.6601148817278,35.09015462239603],[86.65876017252651,35.090100911458535],[86.6580974663633,35.09141818576404],[86.65490790473126,35.09266004774321],[86.6545886230474,35.094200303819605],[86.65604342990491,35.0967285156251],[86.65757351345525,35.097355685764],[86.65902248806469,35.0962445746531],[86.66099812825559,35.095977647569555],[86.66152248806475,35.097088758680684],[86.66285630967946,35.09836534288212],[86.6634997558599,35.09936143663208],[86.66422295464446,35.10003200954873],[86.66602037217916,35.100728081597424],[86.66596232096401,35.10219509548625],[86.6641796875004,35.10275987413223],[86.66234632704032,35.10178982204877],[86.66130221896736,35.10183105468769],[86.65920138888924,35.10123155381956],[86.65875528971395,35.100597873264064],[86.66099093967051,35.0985264756946],[86.66096327039975,35.09783094618069],[86.65968858506977,35.09736653645854],[86.65763359917582,35.09874457465287],[86.65735731336872,35.09961751302109],[86.65676649305601,35.10016493055576],[86.65551405164962,35.10015136718761],[86.65505249023488,35.10256890190993],[86.65560058593803,35.10307671440984],[86.65738118489622,35.102345377604365],[86.65805731879374,35.10237196180577],[86.65902248806469,35.10297254774338],[86.65809366862021,35.104727647569575],[86.65876614040832,35.105704752604424],[86.658712429471,35.107058919271026],[86.65933322482692,35.107634006076694],[86.65931125217054,35.10958821614594],[86.65864027235295,35.11056315104179],[86.65704630533901,35.10926595052098],[86.65710123697966,35.107882486979406],[86.65622233072963,35.10706814236124],[86.65563354492235,35.10709147135435],[86.6536139594188,35.107953016493354],[86.6543002658425,35.10931098090293],[86.65586249457533,35.11004828559044],[86.6569778103302,35.1133468967015],[86.65868326822948,35.115570746527965],[86.66165703667582,35.11697428385435],[86.66592515733538,35.12074707031269],[86.66626614040837,35.122178276910006],[86.66770060221404,35.12323079427097],[86.66925333658895,35.12316894531267],[86.67137179904557,35.12391167534736],[86.67278347439287,35.12488281250029],[86.67789211697101,35.12473524305574],[86.67935967339452,35.12631944444462],[86.68225368923652,35.126204969618186],[86.68402248806461,35.12764431423625],[86.68573065863751,35.128499348958485],[86.68749348958369,35.13197916666684],[86.69034044053859,35.13461697048626],[86.6926335991759,35.13963921440984],[86.69172241210975,35.14136121961832],[86.68982557508741,35.140699869791774],[86.687053493924,35.1436914062503],[86.68709662543444,35.14478027343762],[86.68871514214459,35.144213324652924],[86.69113783094667,35.14569661458353],[86.69297254774341,35.14624457465294],[86.69374755859411,35.14540798611131],[86.69524590386317,35.146023763021105],[86.69693250868113,35.145581597222474],[86.69791137695358,35.14625542534742],[86.69890787760454,35.146522352430736],[86.70128458658905,35.143957248264144],[86.70514417860278,35.144855685764014],[86.70627048068627,35.145250651041806],[86.70794582790847,35.14627658420159],[86.70927137586847,35.146223958333564],[86.71072618272609,35.14694390190982],[86.71206963433212,35.146233181423725],[86.71340833875905,35.14628580729186],[86.7187552897139,35.14791124131955],[86.71975423177128,35.14859863281265],[86.72214531792571,35.149168294270964],[86.72468302408902,35.148726671007125],[86.72678154839457,35.14873426649319],[86.72917453342063,35.149327256944616],[86.72994778103362,35.14929687500012],[86.73171359592061,35.14867784288208],[86.73304606119837,35.14959472656261],[86.73408867730086,35.14959147135443],[86.7351536729604,35.15015462239597],[86.73598592122431,35.15012207031265],[86.74120090060819,35.15263726128484],[86.74331963433201,35.15297471788216],[86.74430433485276,35.15403754340298],[86.74514933268262,35.15345594618066],[86.74758666992238,35.15344672309038],[86.7495259602868,35.15409071180568],[86.75302246093804,35.153996310764],[86.75418551974872,35.15338053385432],[86.75514933268278,35.154044053819575],[86.75736504448838,35.15402235243073],[86.75847344292566,35.154312608507155],[86.75986287434944,35.15374186197937],[86.76144639756984,35.155030381944584],[86.7629119194882,35.15402235243073],[86.7632208930126,35.15403428819462],[86.76386881510462,35.15540744357651],[86.7668108452695,35.155689019097395],[86.76794230143264,35.156557074652994],[86.76968017578162,35.15710720486129],[86.77068684895875,35.15706705729184],[86.77235582139798,35.15847764756967],[86.7760640462244,35.158921440972335],[86.77834377712708,35.1600547960071],[86.77957790798666,35.158722873264026],[86.783046603733,35.16043891059047],[86.78399522569498,35.16040147569464],[86.78535400390666,35.16075737847234],[86.7912536621098,35.16068901909745],[86.79431776258735,35.161298828125325],[86.797658962674,35.16130045572936],[86.80736640082512,35.16457790798637],[86.80896633572087,35.16520019531271],[86.81068983289958,35.166255425347515],[86.81255289713596,35.16618164062521],[86.8164562988286,35.16849338107659]],[[86.6729063585073,35.11070475260436],[86.67229885525228,35.11036566840306],[86.67129001193621,35.11044704861132],[86.67014919704911,35.10999511718762],[86.67088216145885,35.10799913194461],[86.67243421766528,35.10618706597239],[86.67243448893282,35.10380967881957],[86.67328043619824,35.10229383680581],[86.67209364149357,35.10045301649325],[86.67305555555589,35.10027777777793],[86.67545084635469,35.102306315104386],[86.67406995985294,35.10677625868067],[86.67501085069489,35.10810275607662],[86.67439114040826,35.109790581597395],[86.67568223741358,35.11036621093763],[86.6779466417106,35.108427191840406],[86.68260511610282,35.10725477430566],[86.68327012803871,35.108026801215374],[86.68269802517409,35.10958496093764],[86.68123969184074,35.1098508029516],[86.67987141927131,35.1109825303821],[86.67854505750915,35.11128363715295],[86.6768490939674,35.11223036024319],[86.67614664713597,35.113264431423715],[86.6749277072488,35.113166232639],[86.67397311740501,35.111180555555734],[86.6729063585073,35.11070475260436]],[[86.6770046657989,35.10091037326407],[86.67695448133719,35.09868598090293],[86.67609931098139,35.098209635416765],[86.6740353732643,35.09942328559043],[86.67376532660631,35.09821994357651],[86.67558634440144,35.09711425781262],[86.67595689561676,35.09623480902792],[86.67666666666719,35.096111111111384],[86.67728434244839,35.096882595486306],[86.67912177191886,35.0983539496529],[86.67870293511322,35.09906629774321],[86.67882039388059,35.10001085069456],[86.67840752495698,35.10108506944459],[86.6770046657989,35.10091037326407]]]}},{"type":"Feature","id":"hydrolakes:14916","properties":{"Hylak_id":14916,"Lake_name":"","Country":"China","Continent":"Asia","Poly_src":"SWBD","Lake_type":1,"Grand_id":0,"Lake_area":12.56,"Shore_len":25.38,"Shore_dev":2.02,"Vol_total":50.88,"Vol_res":0.0,"Vol_src":3,"Depth_avg":4.1,"Dis_avg":0.0,"Res_time":-1.0,"Elevation":4795,"Slope_100":1.56,"Wshd_area":3745.7,"Pour_long":87.041437,"Pour_lat":35.056402,"source_id":"hydrolakes:14916","label":""},"geometry":{"type":"Polygon","coordinates":[[[87.10237169053863,35.06028862847239],[87.10319634331637,35.05901150173628],[87.10396104600733,35.05904188368072],[87.10742689344659,35.061426866319664],[87.11154622395878,35.057689344618154],[87.11148396809949,35.05611599392381],[87.11267835829057,35.05555230034736],[87.11460978190149,35.05596571180587],[87.11522271050382,35.05466688368068],[87.11686279296913,35.05389322916682],[87.11645548502656,35.052731119791815],[87.11709174262205,35.05180609809054],[87.11651068793441,35.0507080078126],[87.11654147678007,35.049932183160024],[87.11970214843808,35.04700412326406],[87.12092054579028,35.04642903645862],[87.12152248806461,35.04561740451402],[87.11924831814275,35.04428005642376],[87.11843519422803,35.044312608507255],[87.11747165256116,35.04535264756953],[87.11629855685823,35.044731445312664],[87.11386773003534,35.04722167968765],[87.11275295681475,35.04601833767384],[87.1116107855907,35.04547905815997],[87.10986111111146,35.04640516493072],[87.10873467339451,35.045808919270996],[87.10711751302142,35.04666449652791],[87.10520033094673,35.0453455946182],[87.1029528808599,35.044810112847415],[87.10100640191007,35.0448871527779],[87.09791137695368,35.04403320312525],[87.09624471028684,35.043477647569546],[87.09514417860288,35.04263346354185],[87.09032904730952,35.04086371527802],[87.08942559136335,35.04134168836822],[87.08843153211848,35.04065755208353],[87.08709377712711,35.040710720486345],[87.08581244574691,35.039829101562646],[87.08347683376775,35.039822591145935],[87.08176527235275,35.03842990451403],[87.08008680555594,35.03763780381968],[87.07835340711858,35.03589301215288],[87.07514417860278,35.03430013020852],[87.07399631076441,35.034026692708494],[87.07321031358543,35.03317871093765],[87.07201429579032,35.03261393229184],[87.07094048394134,35.03265679253491],[87.06973320855076,35.034756401909874],[87.0689332411028,35.0338926866321],[87.06765326605938,35.034773763021064],[87.06733222113769,35.0317572699654],[87.06569634331635,35.03182183159731],[87.06416666666723,35.02972222222246],[87.06318915473133,35.02985568576406],[87.06267035590326,35.030415581597424],[87.06152248806472,35.03068901909734],[87.05992255316875,35.03153591579871],[87.05826538085972,35.031470269097326],[87.05596693250908,35.03291124131954],[87.05545817057339,35.03346028645848],[87.05433810763941,35.033989257812664],[87.0519277615021,35.03611979166698],[87.05104817708371,35.038750000000164],[87.0517178005648,35.04066080729183],[87.05263359917575,35.04533799913213],[87.04954983181466,35.04877604166683],[87.04864935980942,35.048740776909824],[87.04666422526083,35.0466851128474],[87.04497002495697,35.04806369357658],[87.04458862304722,35.05033745659739],[87.04629814995695,35.051005859375095],[87.04620103624165,35.053457031250105],[87.04683281792569,35.053754882812655],[87.04679578993102,35.05469184027794],[87.04402248806474,35.05513346354178],[87.04097751193626,35.056144748264046],[87.04185397677992,35.05741861979186],[87.04368353949695,35.05860026041671],[87.04488511827293,35.05817871093768],[87.0458166503912,35.05821560329872],[87.0490224880648,35.05958875868083],[87.0514883083772,35.059981553819625],[87.05430813259602,35.0617078993057],[87.05652832031308,35.061243489583546],[87.05764065212725,35.06153483072933],[87.05937798394137,35.06086805555577],[87.06096693250907,35.05818901909731],[87.0624226888026,35.05646647135433],[87.06318915473133,35.05477484809046],[87.06142700195352,35.05139431423629],[87.06212158203175,35.050081922743175],[87.06392659505241,35.04923014322935],[87.0661633300785,35.049318576389055],[87.06536933051251,35.050472547743254],[87.0654245334207,35.05186631944463],[87.06600016276093,35.05295410156259],[87.06825032552138,35.05346679687517],[87.06942626953179,35.05284450954872],[87.07366210937545,35.05422905815982],[87.07587917751772,35.0559288194446],[87.0779149034293,35.05521538628483],[87.079053819445,35.05599934895844],[87.07985582139798,35.05513346354178],[87.08102810329905,35.05486653645846],[87.08209811740505,35.0554324001738],[87.08391045464452,35.05543945312519],[87.08682590060812,35.052975802951494],[87.09072672526082,35.05038574218776],[87.09356241862031,35.04924967447937],[87.09668850368979,35.050068901909924],[87.09737698025214,35.05043294270848],[87.09735460069498,35.05099880642382],[87.0942907714849,35.05244466145848],[87.09267266167575,35.05465060763902],[87.09236640082509,35.0584391276044],[87.09488742404562,35.061244032118225],[87.09608194987021,35.05915907118077],[87.0987864854605,35.061166449652944],[87.09819973415847,35.06322048611122],[87.09989746093811,35.06402180989602],[87.10072740342918,35.06317382812529],[87.10237169053863,35.06028862847239]]]}},{"type":"Feature","id":"hydrolakes:14917","properties":{"Hylak_id":14917,"Lake_name":"","Country":"China","Continent":"Asia","Poly_src":"SWBD","Lake_type":1,"Grand_id":0,"Lake_area":38.45,"Shore_len":58.87,"Shore_dev":2.68,"Vol_total":175.47,"Vol_res":0.0,"Vol_src":3,"Depth_avg":4.6,"Dis_avg":0.0,"Res_time":-1.0,"Elevation":4800,"Slope_100":1.36,"Wshd_area":3348.6,"Pour_long":87.046133,"Pour_lat":35.038135,"source_id":"hydrolakes:14917","label":""},"geometry":{"type":"Polygon","coordinates":[[[86.9041796875004,35.08880805121538],[86.90855088975741,35.0878895399307],[86.91030978732692,35.08667914496539],[86.91236070421047,35.08619032118065],[86.91514417860282,35.08431098090301],[86.91623114691873,35.08216471354183],[86.91670057508725,35.08068196614596],[86.91780843099002,35.0790722656252],[86.91818915473124,35.07707790798622],[86.91959187825563,35.07513997395847],[86.91928331163251,35.07455674913217],[86.91699666341196,35.074592013889],[86.91530802408909,35.075183919270955],[86.9135454644101,35.075114474826535],[86.91318589952311,35.07397840711815],[86.911210259332,35.07405707465301],[86.9112315538199,35.071757812500095],[86.90689236111149,35.06971028645847],[86.90295125325576,35.06575683593775],[86.90380669487905,35.06451388888905],[86.90783108181472,35.06455946180574],[86.910108506945,35.06270562065981],[86.91262736002642,35.06210557725723],[86.91897460937537,35.064857313368236],[86.92199937608558,35.0656863064238],[86.92385810004396,35.06332302517376],[86.92333292643269,35.05980088975707],[86.92430569118966,35.057962239583446],[86.92847181532176,35.05613606770851],[86.92979370117229,35.05793836805577],[86.93160413954047,35.058466796875166],[86.93393025716188,35.057651367187646],[86.94059136284767,35.05850585937526],[86.94183810763946,35.058179253472474],[86.94276109483548,35.05821560329872],[86.94440619574692,35.05879231770854],[86.94611504448818,35.05996853298626],[86.94652248806466,35.061255425347326],[86.94718004014806,35.06180013020861],[86.94948215060805,35.06119683159733],[86.95199544270866,35.05986707899336],[86.95493530273484,35.06107476128483],[86.9567462836377,35.062548828125216],[86.96033447265677,35.064058702257114],[86.9637643771706,35.06409993489592],[86.9665224880647,35.06569986979184],[86.96769476996576,35.06596679687516],[86.96876559787381,35.06540039062514],[86.97015625000051,35.06793131510426],[86.9693124728737,35.06871310763904],[86.9690330674917,35.069437934027974],[86.97194390191015,35.07057128906263],[86.97408365885474,35.07207790798623],[86.9752484809033,35.071461588541865],[86.97725043402812,35.07212944878489],[86.97824300130264,35.071781141493204],[86.9781585015196,35.06964735243071],[86.9774576822922,35.06697265625013],[86.97706678602503,35.066234266493154],[86.97421549479208,35.06622992621544],[86.97304850260468,35.064970160590406],[86.97264417860299,35.063025716145944],[86.97442220052125,35.06084092881969],[86.97568006727471,35.05817545572927],[86.976244710287,35.05611273871551],[86.9756806098095,35.05287326388901],[86.97485704210106,35.052109917534835],[86.9711988661029,35.051672634548765],[86.96896199544307,35.04897677951408],[86.96657443576424,35.049476453993236],[86.96597751193633,35.04867350260429],[86.96713378906304,35.04760253906261],[86.96819783528701,35.04764431423621],[86.97180135091202,35.04680013020851],[86.97404934353347,35.047375759548856],[86.97698079427153,35.04676269531279],[86.97806247287383,35.04714138454875],[86.98079372829909,35.0500895182293],[86.9822645399309,35.05055501302104],[86.98496012369827,35.04984863281271],[86.98581665039103,35.049882269965394],[86.9886111111116,35.050862087673806],[86.99072645399343,35.050120442708476],[86.99176201714448,35.04792643229183],[86.99261691623298,35.04713433159736],[86.99459554036508,35.046756727430704],[86.99722425672792,35.04686089409739],[86.9995138888894,35.046057942708615],[86.99985622829905,35.045688476562646],[87.00347195095537,35.045601128472356],[87.00541666666703,35.04401801215295],[87.00777818467924,35.04594021267377],[87.00853597005255,35.04754557291682],[87.0104219563807,35.04846679687512],[87.01166137695355,35.04936089409745],[87.01601793077305,35.04934570312514],[87.02281060112881,35.05270345052105],[87.02605563693623,35.05261881510438],[87.02806260850735,35.05155707465292],[87.03097751193638,35.050422092014],[87.03392211914098,35.04778103298622],[87.03763359917576,35.04624457465303],[87.04023139105942,35.045830620659956],[87.0427785915802,35.04423177083345],[87.04380818684939,35.043120659722376],[87.04516411675382,35.04082248263899],[87.04715766059076,35.03659830729197],[87.04705607096395,35.032645941840485],[87.04534138997445,35.02714192708362],[87.04353610568631,35.02478786892374],[87.0407885742191,35.02224175347243],[87.03337090386333,35.02064019097253],[87.03277777777811,35.02000000000015],[87.03180026584238,35.02013346354187],[87.03039659288243,35.020710177951685],[87.02928276909762,35.02066623263903],[87.02606214735277,35.02237033420158],[87.02507798936671,35.022369249132055],[87.02396972656294,35.02295572916688],[87.02070190429743,35.02246799045162],[87.01955932617238,35.0220675998267],[87.01666680230079,35.02210557725709],[87.01344780816015,35.02173231336815],[87.01186821831652,35.02214626736122],[87.00992309570364,35.022069227430734],[87.0070719401046,35.02244086371553],[87.00348849826429,35.023448893229386],[87.00154093424516,35.02509440104183],[86.99903306749167,35.02847764756956],[86.99825480143267,35.0291986762154],[86.99749782986152,35.03037109375015],[86.99708862304732,35.03208875868074],[86.99592976888073,35.03351236979182],[86.99515475802986,35.035154622395964],[86.99418836805603,35.036050347222385],[86.99182562934084,35.03595648871544],[86.99034762912379,35.03656358506953],[86.98726196289113,35.03654839409745],[86.98446858724014,35.035069986979295],[86.98201009114626,35.032581380208455],[86.98032267252654,35.03264811197931],[86.97871378580788,35.03349934895846],[86.97715047200569,35.03657172309045],[86.976695963542,35.038006727430684],[86.97506293402824,35.03993923611114],[86.97343532986167,35.042957356770955],[86.97345377604222,35.045465494791756],[86.9688697645405,35.045527343750166],[86.9658588324657,35.044738498263996],[86.9641634114588,35.04518283420157],[86.96218926323832,35.045104709201496],[86.95923651801257,35.043447265625275],[86.95722018771755,35.04352756076406],[86.95383192274369,35.04233995225724],[86.94764770507851,35.03827799479194],[86.94652248806466,35.037922092014014],[86.94455240885458,35.03677951388897],[86.93682183159785,35.036778428819616],[86.93146606445362,35.035879991319746],[86.92703084309949,35.03665256076414],[86.92111436632001,35.03648383246542],[86.91862738715338,35.03710611979187],[86.91691419813424,35.03703830295166],[86.91453016493108,35.037642686632125],[86.91103895399345,35.039147677951576],[86.91067979600746,35.03990885416687],[86.91070760091202,35.04060926649328],[86.90920749240502,35.04108398437512],[86.90702514648473,35.04297688802097],[86.9071694607211,35.04661838107654],[86.90988715277814,35.04878906250019],[86.9098700629346,35.05105902777791],[86.91079833984429,35.053822157118304],[86.90994520399346,35.0543001302085],[86.90722018771748,35.051997612847515],[86.90818359375055,35.05059733072943],[86.90733384874176,35.04899142795148],[86.90550984700576,35.048130967882116],[86.90421291775209,35.045850694444596],[86.90152248806476,35.04542209201401],[86.89963175455767,35.04475911458343],[86.89931084526944,35.042077907986254],[86.89898844401091,35.04146864149317],[86.89717773437536,35.04154079861121],[86.895945773655,35.04238823784732],[86.89598307291698,35.04332953559043],[86.89736640082498,35.0451334635419],[86.89763359917583,35.04736653645847],[86.89822889539965,35.04823187934045],[86.89971191406289,35.048172743055716],[86.90041137695351,35.049504123264],[86.89879801432352,35.051848958333494],[86.89932142469672,35.054351128472376],[86.90058254665848,35.0555192057293],[86.89996541341185,35.05728027343764],[86.90042195638068,35.0590223524307],[86.90068915473148,35.06157443576399],[86.8995780436203,35.063189019097365],[86.89931084526944,35.06542209201399],[86.89673258463597,35.06839463975717],[86.8948281521271,35.070159505208494],[86.89403184678883,35.07184624565991],[86.89147162543452,35.07349989149316],[86.89034030490507,35.07457790798628],[86.88875176323842,35.07402126736122],[86.88693210178008,35.07433810763905],[86.88430162217918,35.074310980902965],[86.88278971354208,35.0739149305557],[86.88176486545177,35.07462022569456],[86.88002088758714,35.074551323784874],[86.87875528971387,35.07542209201415],[86.8776093207469,35.07568901909747],[86.87594509548654,35.073167860243245],[86.87466064453179,35.07321885850712],[86.87292900933193,35.074410264757034],[86.87087524414119,35.07506076388904],[86.86815972222263,35.07434895833359],[86.86739990234423,35.07674913194461],[86.8683331977,35.078105468750266],[86.8724578179258,35.07708875868076],[86.87486531575559,35.07771918402807],[86.87933105468801,35.08072102864594],[86.88055962456644,35.08070583767375],[86.88315741645022,35.08350911458348],[86.88643948025214,35.08505805121547],[86.88881944444495,35.085725911458496],[86.8900339084206,35.088299153646005],[86.8919200303825,35.08918945312513],[86.89347222222256,35.08864529079875],[86.89653306749187,35.08930013020853],[86.89791137695346,35.08986653645843],[86.90146755642411,35.090468750000184],[86.9030065917974,35.09040744357662],[86.9041796875004,35.08880805121538]],[[86.90844468858546,35.07716634114598],[86.90680623372452,35.07696234809043],[86.90654310438407,35.0746337890626],[86.90805555555607,35.074444444444566],[86.9081791178391,35.07459852430566],[86.90844468858546,35.07716634114598]]]}},{"type":"Feature","id":"hydrolakes:14919","properties":{"Hylak_id":14919,"Lake_name":"","Country":"China","Continent":"Asia","Poly_src":"SWBD","Lake_type":1,"Grand_id":0,"Lake_area":19.9,"Shore_len":21.25,"Shore_dev":1.34,"Vol_total":39.29,"Vol_res":0.0,"Vol_src":3,"Depth_avg":2.0,"Dis_avg":0.052,"Res_time":8746.2,"Elevation":4764,"Slope_100":0.76,"Wshd_area":954.9,"Pour_long":87.652083,"Pour_lat":35.022917,"source_id":"hydrolakes:14919","label":""},"geometry":{"type":"Polygon","coordinates":[[[87.6762613932296,35.0537033420141],[87.67890462239626,35.052617730034854],[87.67983723958389,35.052654622396005],[87.68139214409763,35.05210937500016],[87.68180013020873,35.05124457465297],[87.68324707031292,35.050310329861304],[87.68513346354223,35.04791124131964],[87.68578504774348,35.04760416666687],[87.68706841362899,35.04765462239595],[87.68763427734427,35.047355685764046],[87.68824869791729,35.04737955729183],[87.68932020399353,35.04622287326407],[87.69093614366375,35.04628689236131],[87.69209228515683,35.04540039062505],[87.69290852864646,35.045432942708544],[87.69430013020894,35.04430013020857],[87.69596679687544,35.04351725260432],[87.69457790798657,35.04181098090294],[87.69431098090325,35.04013346354179],[87.69201416015687,35.03748535156262],[87.68842502170196,35.03424370659741],[87.68849826388941,35.03239529079872],[87.68750651041728,35.03052083333358],[87.68659098307336,35.02967230902806],[87.68523844401102,35.03038845486134],[87.68385091145882,35.02849663628484],[87.68230278862887,35.027565104166854],[87.68157362196234,35.02601996527795],[87.68067301432347,35.02484537760432],[87.6795605468754,35.024889322916806],[87.67774522569488,35.023929036458526],[87.67513753255264,35.01904513888911],[87.67475721571236,35.017844509548695],[87.67272243923674,35.016884223090415],[87.67180664062545,35.017368706597324],[87.67076605902827,35.01700412326397],[87.66868896484436,35.01476236979187],[87.66596679687547,35.01347764756969],[87.66221001519142,35.010823025173806],[87.66074435763932,35.01133680555574],[87.65963541666707,35.01013997395842],[87.65840304904566,35.009558376736265],[87.65736924913256,35.009599609375186],[87.65590738932332,35.00840983072942],[87.65404269748319,35.00873426649321],[87.65293185763949,35.00932183159745],[87.65170138888948,35.00867078993065],[87.65048068576448,35.007352973090406],[87.64958441840321,35.0073887803822],[87.64789008246572,35.00622287326405],[87.64792317708395,35.00538953993066],[87.64954264322961,35.00545355902801],[87.65060112847272,35.004725477430725],[87.65096679687548,35.00318901909742],[87.65176025390679,35.00264431423625],[87.65395887586863,35.004300130208435],[87.65503200954907,35.002638346354274],[87.65427191840325,35.00120171440983],[87.65291205512193,35.001255425347324],[87.65015489366374,34.99984537760429],[87.64472222222275,34.99777777777797],[87.64157524956659,34.99879069010427],[87.640412055122,34.99874457465302],[87.63984537760456,34.999044053819546],[87.63987982855963,34.999915364583615],[87.6382234700526,35.00145019531266],[87.63778510199694,35.002378472222404],[87.63527425130252,35.004704861111236],[87.63264431423653,35.00597764756958],[87.63124457465335,35.0062445746529],[87.62695583767407,35.00995171440985],[87.62487304687545,35.0132899305558],[87.62555257161512,35.015227864583494],[87.62505940755261,35.01805935329878],[87.62567437066019,35.01922200520846],[87.62458875868117,35.021028103298875],[87.62515489366359,35.02209798177097],[87.62512288411517,35.02290201822939],[87.62601128472267,35.02458062065983],[87.62918592664982,35.02807996961815],[87.6323665364589,35.03013346354186],[87.6340266927088,35.03153645833362],[87.63464463975754,35.03120930989593],[87.63736002604213,35.032646484375164],[87.63833333333389,35.032305230034865],[87.64137695312542,35.033139105902876],[87.64413357204904,35.03482693142388],[87.64575683593802,35.03521321614596],[87.64854980468806,35.03771864149314],[87.64966878255268,35.03945149739593],[87.65430013020881,35.043477647569546],[87.65825547960111,35.04459147135435],[87.65973497178862,35.04537434895849],[87.66236653645893,35.045689019097324],[87.66569986979215,35.04680013020851],[87.66707790798671,35.047922092014176],[87.66893907335117,35.04851128472234],[87.67193305121589,35.051742621527865],[87.67376491970532,35.052654622396005],[87.67483859592073,35.052612304687614],[87.6762613932296,35.0537033420141]]]}},{"type":"Feature","id":"hydrolakes:14920","properties":{"Hylak_id":14920,"Lake_name":"","Country":"China","Continent":"Asia","Poly_src":"SWBD","Lake_type":1,"Grand_id":0,"Lake_area":26.14,"Shore_len":36.18,"Shore_dev":2.0,"Vol_total":27.3,"Vol_res":0.0,"Vol_src":3,"Depth_avg":1.0,"Dis_avg":0.399,"Res_time":792.0,"Elevation":4825,"Slope_100":0.41,"Wshd_area":2155.5,"Pour_long":88.052083,"Pour_lat":35.022917,"source_id":"hydrolakes:14920","label":""},"geometry":{"type":"Polygon","coordinates":[[[88.05673936632002,35.05083713107666],[88.05746120876802,35.04908040364609],[88.06002468533063,35.04670518663204],[88.06625542534772,35.043199869791806],[88.0679112413199,35.041800130208514],[88.07019721137198,35.0403624131946],[88.07011691623308,35.03833333333347],[88.07042995876793,35.03563096788213],[88.07199028862891,35.034185655382146],[88.0727842881949,35.03295572916676],[88.07453586154577,35.03212890625019],[88.07579644097274,35.0311621093752],[88.07652235243108,35.02707790798627],[88.07681315104213,35.02652886284744],[88.076255425348,35.024743923611425],[88.07713731553883,35.0205284288196],[88.07701768663253,35.01750922309037],[88.07737331814286,35.011697591146],[88.07731201171924,35.00876410590291],[88.07665473090356,35.00625542534732],[88.07433458116384,35.004105360243216],[88.07291124132001,35.00153320312518],[88.0726443142367,35.000411241319625],[88.07202745225737,35.000144314236195],[88.07054090711881,35.00174858940983],[88.0665388997403,34.99966308593781],[88.06203152126778,34.998684895833435],[88.05874348958383,34.99600911458356],[88.0561385091151,34.994994574652935],[88.05074354383737,34.99520833333344],[88.05024142795179,34.992056749132075],[88.05117106119849,34.9869070095487],[88.05182915581656,34.98595106336819],[88.0534472656255,34.98514431423621],[88.05686225043445,34.988106011284856],[88.05846679687556,34.98680013020851],[88.06041124132003,34.985659179687616],[88.05931098090326,34.98452745225717],[88.06068033854228,34.9832584635418],[88.06096679687562,34.982392035590465],[88.05952745225744,34.980699869791806],[88.05833333333396,34.98133138020853],[88.05687771267424,34.980605468750184],[88.05625542534779,34.97913302951412],[88.0571877712681,34.977777777778044],[88.05582492404557,34.97579698350711],[88.05400770399365,34.97654351128489],[88.05335611979234,34.97651746961816],[88.05292209201446,34.97511284722253],[88.05476779513947,34.97424207899314],[88.05536729600766,34.97297146267391],[88.05096679687546,34.96764431423628],[88.04970079210119,34.965752495659956],[88.04849419487897,34.96463433159738],[88.04677544487902,34.96430609809045],[88.04638888888934,34.96388888888907],[88.04541124132004,34.96457790798627],[88.04494086371596,34.968021375868204],[88.04594753689298,34.96895399305572],[88.04692708333391,34.967437065972376],[88.04790581597268,34.968493381076485],[88.04846679687552,34.97003363715288],[88.04760199652833,34.97129069010447],[88.04764458550397,34.9723659939238],[88.04658555772642,34.97390516493067],[88.04742241753536,34.97548665364593],[88.04705674913254,34.97688096788204],[88.0461762152782,34.97769694010435],[88.04513346354219,34.978189019097385],[88.04486653645876,34.97864474826406],[88.0464046223965,34.980879991319625],[88.04438340928863,34.98288791232659],[88.04365939670191,34.983229166666774],[88.04123399522632,34.983133138021],[88.03949842664991,34.98349663628488],[88.03741346571229,34.98344672309037],[88.03633138020894,34.9838259548614],[88.03390136718798,34.981848415798765],[88.03226453993108,34.98267686631965],[88.02937472873316,34.98238606770843],[88.02755886501785,34.981910264757175],[88.0270887586812,34.98294270833344],[88.03058593750046,34.9845930989585],[88.03186062283038,34.98488769531258],[88.03245062934093,34.98552408854175],[88.03320936414991,34.98512315538204],[88.03477620442766,34.98518500434045],[88.03745930989646,34.98596679687506],[88.04207790798671,34.98430013020845],[88.04339301215344,34.984033203125136],[88.04541232638951,34.98542263454874],[88.04624457465337,34.986999240451496],[88.04167805989636,34.991075846354306],[88.04041476779571,34.99040744357649],[88.03996826171931,34.99088975694457],[88.03928710937555,34.992948676215576],[88.03767876519157,34.99370768229181],[88.03528971354228,34.993081597222385],[88.03431098090329,34.99375542534733],[88.03291124131994,34.99402235243065],[88.0296940104173,34.995185004340385],[88.0265152994798,34.99407063802113],[88.02569986979222,34.99476236979183],[88.02775906033031,34.99556423611125],[88.02924886067757,34.99670681423629],[88.03130208333386,34.9975439453126],[88.03207790798655,34.99852810329878],[88.03150173611175,34.99961751302095],[88.03150173611175,35.00232693142385],[88.03183159722278,35.00295084635434],[88.03175211588592,35.00496039496551],[88.03235568576451,35.00736653645845],[88.03279215494854,35.00819064670151],[88.03235568576451,35.00985568576408],[88.03182562934074,35.01483886718768],[88.02973687066037,35.01896972656266],[88.02871880425403,35.02044867621538],[88.02811062283058,35.022369791666904],[88.0270887586812,35.02403320312516],[88.02440917968806,35.02732530381962],[88.02485107421927,35.02858398437519],[88.02292209201431,35.029290907118195],[88.02657362196231,35.03336208767388],[88.02606689453177,35.034807942708426],[88.0265538194451,35.03572862413205],[88.0265117730039,35.036795247396014],[88.0270887586812,35.03763346354191],[88.02741699218814,35.03867024739594],[88.02921196831653,35.03998697916683],[88.03074191623313,35.04070909288214],[88.03177137586857,35.0406684027779],[88.03252902560808,35.04106933593761],[88.03181098090323,35.04362901475713],[88.03309516059085,35.04423556857654],[88.03623480902826,35.04246961805575],[88.03798963758743,35.04381510416687],[88.03846679687553,35.04491699218761],[88.03764431423662,35.0465630425349],[88.03833387586843,35.04720214843769],[88.04123887803866,35.048017035590476],[88.04298719618112,35.0489425998266],[88.04597764757006,35.04930013020851],[88.05170111762203,35.05045952690989],[88.05364908854222,35.050381944444496],[88.05513346354223,35.05079101562512],[88.0537445746532,35.052077907986416],[88.05311279296922,35.05361111111131],[88.05378743489644,35.05488606770848],[88.05376139322982,35.05667697482653],[88.05466118706642,35.05620062934048],[88.05581624349003,35.053753255208505],[88.05673936632002,35.05083713107666]],[[88.04812527126779,34.99397298177098],[88.04723768446235,34.99216905381962],[88.04534396701439,34.991738823784885],[88.0454503038199,34.990415581597404],[88.04746744791726,34.98867784288211],[88.04861111111177,34.988333333333514],[88.04956190321224,34.98934787326408],[88.04900092230952,34.99244249131959],[88.04900390625062,34.99446343315981],[88.04812527126779,34.99397298177098]]]}},{"type":"Feature","id":"hydrolakes:172912","properties":{"Hylak_id":172912,"Lake_name":"","Country":"China","Continent":"Asia","Poly_src":"SWBD","Lake_type":1,"Grand_id":0,"Lake_area":8.29,"Shore_len":13.27,"Shore_dev":1.3,"Vol_total":116.96,"Vol_res":0.0,"Vol_src":3,"Depth_avg":14.1,"Dis_avg":0.0,"Res_time":-1.0,"Elevation":808,"Slope_100":5.33,"Wshd_area":15.7,"Pour_long":88.209755,"Pour_lat":39.778467,"source_id":"hydrolakes:172912","label":""},"geometry":{"type":"Polygon","coordinates":[[[88.21533637152828,39.82117891020306],[88.2162985568583,39.820655953023675],[88.21734809027839,39.820718495581445],[88.21965359158048,39.81925528923722],[88.22071614583382,39.81758481184693],[88.22067762586852,39.81694160779375],[88.21940375434087,39.814597011672674],[88.21843207465349,39.81372893280508],[88.21848280164988,39.81287591404441],[88.21985622829936,39.81295776049359],[88.22092149522632,39.81018646664148],[88.22181342230948,39.809035590490225],[88.22207546658035,39.808247132831696],[88.22087076822982,39.80669243282796],[88.2214322916671,39.80565877702554],[88.22035346137216,39.80411431842441],[88.22042534722272,39.802910397847995],[88.21909884982682,39.79985055287733],[88.217516818577,39.79843711005384],[88.21771538628519,39.79510377672034],[88.21651991102482,39.794035589430564],[88.21571858724002,39.792775476244344],[88.21401991102476,39.79125781165277],[88.21365695529568,39.78969755384708],[88.2160438368062,39.78667305628505],[88.21539360894155,39.78510992686006],[88.21539523654559,39.78352781931608],[88.21302788628526,39.78013475206217],[88.2101329210077,39.77754817962699],[88.20763509114647,39.77769706726127],[88.205750054254,39.77667274475152],[88.20500000000044,39.77583333333388],[88.20457546658042,39.775964410570566],[88.20374213324698,39.77679774390384],[88.20307345920219,39.778117328220446],[88.20079644097291,39.77750748528422],[88.19588161892432,39.7785638851596],[88.19338460286502,39.77992072211424],[88.19349283854211,39.78173411899195],[88.19530924479216,39.78447456359913],[88.19596435546924,39.78662634743637],[88.1946191406256,39.78986059400819],[88.19398057725738,39.792605664995506],[88.19280951605953,39.79456413057176],[88.18926323784785,39.79773251851452],[88.18875786675397,39.79925286610978],[88.18996446397625,39.800809875065],[88.19225938585134,39.8024754460659],[88.19543429904559,39.8057968139654],[88.19874213324715,39.80848003493463],[88.20363444010479,39.8115395291652],[88.2063799370664,39.81387495994619],[88.20942220052143,39.81523847262116],[88.20985324435821,39.817091145780864],[88.21216118706644,39.819653247462895],[88.21533637152828,39.82117891020306]]]}},{"type":"Feature","id":"hydrolakes:172913","properties":{"Hylak_id":172913,"Lake_name":"","Country":"China","Continent":"Asia","Poly_src":"SWBD","Lake_type":1,"Grand_id":0,"Lake_area":2.72,"Shore_len":7.94,"Shore_dev":1.36,"Vol_total":35.68,"Vol_res":0.0,"Vol_src":3,"Depth_avg":13.1,"Dis_avg":0.005,"Res_time":82597.7,"Elevation":806,"Slope_100":7.25,"Wshd_area":173.8,"Pour_long":88.184524,"Pour_lat":39.777769,"source_id":"hydrolakes:172913","label":""},"geometry":{"type":"Polygon","coordinates":[[[88.17026611328168,39.79953436745586],[88.17190809461863,39.798387277391726],[88.17427517361159,39.79844919628624],[88.17661892361178,39.797474409739664],[88.1787706163201,39.795066269769166],[88.17898790147626,39.79017714394513],[88.17966145833378,39.78921270794393],[88.18286268446224,39.78763198216808],[88.18435139974008,39.78647829903548],[88.18485324435807,39.784853299459314],[88.1857297092019,39.783370424906934],[88.18565592447976,39.7821319792011],[88.18601481119839,39.781471421984065],[88.18562635633737,39.77891796959818],[88.18571478949718,39.77743523915666],[88.18295979817759,39.77497369554368],[88.18109049479233,39.774255057441394],[88.17972222222267,39.773333333333824],[88.17899386935807,39.7735582817931],[88.17651692708381,39.77571862538707],[88.17548041449703,39.775656856961234],[88.17188286675417,39.77735524495506],[88.171346571181,39.779091928270645],[88.17243923611164,39.78317138248076],[88.17346733941025,39.78506348080157],[88.17373155382006,39.78725347307045],[88.17275851779573,39.78770013173471],[88.17139485677131,39.789226203495105],[88.1684800889762,39.79125781165277],[88.16735324435814,39.79151996612603],[88.16598008897614,39.792646700541695],[88.16485324435814,39.792908855015014],[88.16313205295188,39.79397296269792],[88.16551323784773,39.796703024970725],[88.16674126519143,39.79748404396963],[88.16871500651081,39.799626816644206],[88.17026611328168,39.79953436745586]]]}},{"type":"Feature","id":"hydrolakes:172919","properties":{"Hylak_id":172919,"Lake_name":"","Country":"China","Continent":"Asia","Poly_src":"SWBD","Lake_type":1,"Grand_id":0,"Lake_area":2.25,"Shore_len":7.04,"Shore_dev":1.33,"Vol_total":18.52,"Vol_res":0.0,"Vol_src":3,"Depth_avg":8.2,"Dis_avg":0.001,"Res_time":214359.6,"Elevation":806,"Slope_100":4.48,"Wshd_area":33.8,"Pour_long":88.102026,"Pour_lat":39.760927,"source_id":"hydrolakes:172919","label":""},"geometry":{"type":"Polygon","coordinates":[[[88.10447618272633,39.759937922160304],[88.10255913628515,39.75923385620166],[88.10100504557334,39.759358723958826],[88.0981635199658,39.758503210280196],[88.09698621961849,39.75784635755804],[88.09547878689295,39.75796746571916],[88.09290473090357,39.75628252665257],[88.09026177300399,39.75599581824463],[88.0878545464414,39.75508808983744],[88.08686143663243,39.755167872111485],[88.08638888888947,39.75472222222277],[88.08431993272626,39.75509963565446],[88.08411648220545,39.757630301582026],[88.08549669053878,39.75923224979027],[88.08626030816038,39.75957300398136],[88.08846191406298,39.76153810713089],[88.09111111111162,39.763065528870186],[88.09359402126785,39.76594745212185],[88.0951698133685,39.7666506067917],[88.09839898003526,39.76966334872833],[88.0987901475699,39.77054021623468],[88.10030327691038,39.77229642232311],[88.10488579644175,39.775684115092474],[88.10565348307352,39.775319353739974],[88.10677110460131,39.772373869154706],[88.10681722005262,39.77179893493701],[88.1064827473964,39.77088832431423],[88.1070949978303,39.76903439839731],[88.1070358615458,39.76829935709685],[88.1095730251742,39.764394819472216],[88.109293348525,39.7615666495434],[88.10653808593815,39.76040633731475],[88.10447618272633,39.759937922160304]]]}},{"type":"Feature","id":"hydrolakes:172923","properties":{"Hylak_id":172923,"Lake_name":"","Country":"China","Continent":"Asia","Poly_src":"SWBD","Lake_type":1,"Grand_id":0,"Lake_area":9.01,"Shore_len":13.36,"Shore_dev":1.26,"Vol_total":128.12,"Vol_res":0.0,"Vol_src":3,"Depth_avg":14.2,"Dis_avg":0.001,"Res_time":1482905.0,"Elevation":804,"Slope_100":5.23,"Wshd_area":27.2,"Pour_long":88.136992,"Pour_lat":39.753367,"source_id":"hydrolakes:172923","label":""},"geometry":{"type":"Polygon","coordinates":[[[88.15653564453191,39.755702256097265],[88.15679768880256,39.75513107723708],[88.15750054253533,39.75486892276393],[88.15930691189294,39.75598574744379],[88.16096435546933,39.75450238969648],[88.16038221571233,39.7534308878586],[88.15771131727473,39.75255458831839],[88.15572184244837,39.7529796176492],[88.15292317708378,39.75197533925427],[88.15028564453172,39.75213253445145],[88.14831271701433,39.75160416497175],[88.14694444444496,39.750833333333844],[88.14538628472292,39.751556404962],[88.14000542534768,39.75111732482958],[88.13848008897622,39.752368922763935],[88.13651991102489,39.752631077237254],[88.13563964843803,39.754087070889454],[88.13444959852478,39.754633310106556],[88.13251383463603,39.75451793246856],[88.1297875976569,39.75545367346922],[88.12877712673657,39.75539345211513],[88.12681342230945,39.75625781165286],[88.1239718967019,39.75690480126326],[88.12348008897624,39.75786495208797],[88.12695610894156,39.76311328040276],[88.12788764105954,39.76553651173958],[88.12730767144143,39.766603876750196],[88.12740152994837,39.7681786388826],[88.12875786675392,39.77290885501492],[88.12903700086855,39.77558920542464],[88.1306662326395,39.77858697255505],[88.13127360026084,39.78043785519134],[88.13121500651107,39.781419893901045],[88.13244710286517,39.78300966474802],[88.13568657769156,39.7851467005417],[88.13848008897622,39.786519966126036],[88.13986409505287,39.787592550913985],[88.1432533094623,39.791287877825084],[88.14435248480981,39.79122237099597],[88.14495605468812,39.78990736855451],[88.14602077908046,39.78957852893461],[88.14681667751796,39.78868792004107],[88.15040879991369,39.786797743903776],[88.15343180338607,39.785954861111634],[88.15550103081642,39.783638937208934],[88.15520941840322,39.778742828369616],[88.15581597222268,39.77705207824761],[88.15539523654564,39.775082702637235],[88.15539306640693,39.771824908786925],[88.15734673394161,39.768101501465424],[88.15656711154571,39.76666666666728],[88.15724636501778,39.76541666666725],[88.15539794921938,39.76146220737087],[88.15320231119847,39.76033572302987],[88.15382025824698,39.75919835408587],[88.15563910590328,39.757573216756725],[88.15596435546934,39.75651996612618],[88.15653564453191,39.755702256097265]]]}},{"type":"Feature","id":"hydrolakes:173007","properties":{"Hylak_id":173007,"Lake_name":"","Country":"China","Continent":"Asia","Poly_src":"SWBD","Lake_type":1,"Grand_id":0,"Lake_area":2.48,"Shore_len":9.65,"Shore_dev":1.73,"Vol_total":8.35,"Vol_res":0.0,"Vol_src":3,"Depth_avg":3.4,"Dis_avg":0.0,"Res_time":-1.0,"Elevation":838,"Slope_100":1.5,"Wshd_area":8.1,"Pour_long":87.565354,"Pour_lat":39.406969,"source_id":"hydrolakes:173007","label":""},"geometry":{"type":"Polygon","coordinates":[[[87.56403401692756,39.42931420220316],[87.56463189019138,39.42898929172145],[87.56545166015678,39.429038153754846],[87.5670936414935,39.427396240234884],[87.56705946180597,39.4268218655061],[87.57014675564278,39.426257798937115],[87.57142415364638,39.42562594943627],[87.57179768880252,39.42401997884167],[87.57374213324698,39.42173421224004],[87.57333631727471,39.419682481554275],[87.56847466362893,39.41898566352046],[87.56686550564291,39.41754777696451],[87.56585177951439,39.416096700032995],[87.56744167751782,39.414227939182354],[87.56644015842073,39.411666666667145],[87.56723334418461,39.40917466905432],[87.56844943576459,39.40760559082088],[87.56851236979219,39.40654883490714],[87.56787543402822,39.40597974989197],[87.56904893663261,39.405393100315166],[87.5700984700527,39.40545562744194],[87.57311062283043,39.40117628309525],[87.5735327148443,39.40000000000049],[87.57333333333395,39.399444444444896],[87.57182888454918,39.39972527398049],[87.56987060546913,39.40147491455133],[87.56891628689289,39.40395751953179],[87.56608940972274,39.40474032931911],[87.56404920789987,39.40713853624186],[87.56403889974013,39.40879994710332],[87.56161729600751,39.411510348850356],[87.5599389648442,39.412028639052096],[87.55914198133735,39.412740546333055],[87.55740966796924,39.415127733019176],[87.55681857638945,39.41516292995925],[87.55537923177127,39.41404747857041],[87.5528195529518,39.413361952040475],[87.55125786675399,39.414140285916346],[87.55151991102474,39.41570224338159],[87.55320231119845,39.41763108995275],[87.55357150607688,39.42000098334472],[87.55542453342053,39.42124220106382],[87.55731825086849,39.42367014567105],[87.56068657769146,39.42653557671491],[87.56235894097279,39.427178412543924],[87.56370469835116,39.42929456922798],[87.56403401692756,39.42931420220316]]]}},{"type":"Feature","id":"hydrolakes:173362","properties":{"Hylak_id":173362,"Lake_name":"","Country":"China","Continent":"Asia","Poly_src":"SWBD","Lake_type":1,"Grand_id":0,"Lake_area":1.17,"Shore_len":6.49,"Shore_dev":1.7,"Vol_total":1.31,"Vol_res":0.0,"Vol_src":3,"Depth_avg":1.1,"Dis_avg":0.0,"Res_time":-1.0,"Elevation":3234,"Slope_100":0.54,"Wshd_area":333.7,"Pour_long":89.489742,"Pour_lat":38.589583,"source_id":"hydrolakes:173362","label":""},"geometry":{"type":"Polygon","coordinates":[[[89.50292561849017,38.59436211480079],[89.50359049479243,38.59359049479207],[89.50586724175417,38.59227783203164],[89.50671196831655,38.59092922634591],[89.50582166883743,38.589673800998696],[89.50501844618117,38.58898166232677],[89.50364257812566,38.58909220377643],[89.50134385850765,38.58840372721403],[89.50024929470555,38.58901435004378],[89.49987141927159,38.587350802951846],[89.4994783528652,38.587093641493425],[89.49729465060841,38.589189860026465],[89.49436550564297,38.588954399957004],[89.49329616970556,38.58835788302997],[89.49292697482707,38.58602322048654],[89.49619628906316,38.58564846462713],[89.49747016059109,38.58623969184066],[89.49885769314312,38.58330824110283],[89.49750000000057,38.58138888888931],[89.49560139974028,38.581853841146255],[89.49470567491375,38.58178195529558],[89.49320149739646,38.582848442925865],[89.4929003906256,38.58384914822091],[89.49151936849017,38.583738199870254],[89.4902886284728,38.584702148438],[89.48981635199726,38.586780192057745],[89.48846191406307,38.587628580729586],[89.48781711154578,38.588658040364976],[89.48872965494866,38.59029364691884],[89.489313693577,38.59243950737891],[89.49098253038261,38.59318413628512],[89.49131917317771,38.5935747612852],[89.49290635850758,38.59290635850749],[89.49529947916744,38.59264919704913],[89.49707302517436,38.59403808593788],[89.49848958333388,38.594359944661846],[89.50292561849017,38.59436211480079]]]}},{"type":"Feature","id":"hydrolakes:173395","properties":{"Hylak_id":173395,"Lake_name":"","Country":"China","Continent":"Asia","Poly_src":"SWBD","Lake_type":1,"Grand_id":0,"Lake_area":3.49,"Shore_len":13.52,"Shore_dev":2.04,"Vol_total":6.22,"Vol_res":0.0,"Vol_src":3,"Depth_avg":1.8,"Dis_avg":0.0,"Res_time":-1.0,"Elevation":2931,"Slope_100":0.63,"Wshd_area":5219.9,"Pour_long":89.960417,"Pour_lat":38.502083,"source_id":"hydrolakes:173395","label":""},"geometry":{"type":"Polygon","coordinates":[[[89.96935872395909,38.515871039497085],[89.9686420355909,38.51180406358566],[89.9668001302091,38.50931084526957],[89.96536946614674,38.50647203233552],[89.965423177084,38.5051143391932],[89.96437391493134,38.50414238823828],[89.96403320312572,38.50235582139794],[89.96320041232701,38.50114610460116],[89.9619650607645,38.495469970703596],[89.9605593532994,38.493553602431064],[89.95909667968812,38.49219807942757],[89.95815917968821,38.48978068033904],[89.9582693142367,38.486998833550786],[89.95738118489658,38.48446478949705],[89.95804850260492,38.48256089952304],[89.95744466145925,38.48025634765668],[89.9589854600701,38.478017306858135],[89.95957465277837,38.476336669922375],[89.95959960937563,38.472651095920526],[89.95916666666727,38.47194444444483],[89.95847439236178,38.47258572048651],[89.95796332465346,38.47579630533909],[89.95659179687556,38.479317491319875],[89.95441677517425,38.48133287217922],[89.95373318142435,38.48262518988753],[89.95346028645912,38.48523383246567],[89.95291124132012,38.48680026584242],[89.95237684461881,38.489599202474324],[89.95125922309103,38.49171156141546],[89.95120496961886,38.49308580186681],[89.95180013020911,38.49486640082506],[89.95314507378544,38.49689480251783],[89.95549913194503,38.498745930990026],[89.9550895182299,38.50003960503528],[89.95223307291747,38.50268622504382],[89.95098307291732,38.504727647569894],[89.95092827691036,38.50610785590317],[89.95128417968829,38.50746663411513],[89.95120117187565,38.50955919053871],[89.9537575954867,38.51018703884586],[89.95541124132006,38.51153306749177],[89.95648111979227,38.51203803168448],[89.9576443142368,38.51346693250906],[89.95816840277848,38.51512261284768],[89.95902343750072,38.51542236328169],[89.95998372395911,38.51538425021738],[89.96282714843818,38.5176981608077],[89.96694498697991,38.51949530707509],[89.9703830295145,38.519631483290425],[89.97086588541725,38.5187193467886],[89.96935872395909,38.515871039497085]],[[89.95453613281325,38.48903795030424],[89.95472222222287,38.488888888889335],[89.95516710069506,38.489588351780014],[89.95453342013951,38.49009575737904],[89.95502170138968,38.49092651367238],[89.95429036458398,38.49151245117247],[89.95399251302143,38.492218288846004],[89.95414605034796,38.49345174153689],[89.95311577691064,38.49284586588578],[89.95373480902839,38.49040134006117],[89.95453613281325,38.48903795030424]]]}},{"type":"Feature","id":"hydrolakes:173840","properties":{"Hylak_id":173840,"Lake_name":"","Country":"China","Continent":"Asia","Poly_src":"SWBD","Lake_type":1,"Grand_id":0,"Lake_area":2.31,"Shore_len":13.26,"Shore_dev":2.46,"Vol_total":42.17,"Vol_res":0.0,"Vol_src":3,"Depth_avg":18.2,"Dis_avg":0.003,"Res_time":162697.8,"Elevation":4656,"Slope_100":11.31,"Wshd_area":21.3,"Pour_long":88.656611,"Pour_lat":37.343795,"source_id":"hydrolakes:173840","label":""},"geometry":{"type":"Polygon","coordinates":[[[88.6598689778653,37.34570231119824],[88.66106825086865,37.345381130642636],[88.66246148003535,37.345464138455156],[88.67118191189297,37.34407335069483],[88.67673475477488,37.34350830078154],[88.67763102213593,37.34318657769131],[88.68250786675412,37.34242675781297],[88.68415581597287,37.34174126519133],[88.6856214735248,37.34226725260464],[88.68709120008748,37.341813422309315],[88.68817789713597,37.34059705946214],[88.69128228081661,37.341268446180834],[88.69254692925415,37.34058132595527],[88.69490478515678,37.34072184244826],[88.69681342230967,37.340424533420446],[88.70112494574704,37.338962402344066],[88.70410590277845,37.339140082465576],[88.70787733290001,37.338698187934426],[88.71008978949715,37.33622233072947],[88.71095431857697,37.336273871528135],[88.71235324435827,37.33540879991352],[88.71431342230971,37.335146755642654],[88.71527777777834,37.33462266710109],[88.71672471788258,37.33540879991352],[88.71755072699716,37.33507269965327],[88.71938666449716,37.33283528645876],[88.71916666666715,37.3322222222227],[88.71431342230971,37.333757866753785],[88.70985324435833,37.3340199110246],[88.70820231119848,37.33542453342062],[88.70664767795199,37.336373426649686],[88.70449354383737,37.334868977864915],[88.7012421332472,37.33513102213578],[88.69423204210136,37.33656467013935],[88.69320963541736,37.3365039062503],[88.69232394748326,37.33712239583366],[88.69098090277834,37.337042371962184],[88.68986897786516,37.33764675564271],[88.68842881944494,37.3379155815976],[88.68697401258731,37.339543728298906],[88.68543429904582,37.33782036675376],[88.68284179687578,37.33821478949682],[88.68146240234421,37.338182237413605],[88.6749899631082,37.339856228299084],[88.67235324435813,37.34013102213572],[88.67184461805618,37.34123942057323],[88.6698532443582,37.34098008897604],[88.66784966362911,37.34014675564271],[88.66485324435837,37.34040879991369],[88.66240804036505,37.34142578125034],[88.65964165581659,37.34028537326424],[88.65848008897638,37.3407023111983],[88.65583577474035,37.341012098524686],[88.65437988281315,37.34421251085098],[88.65567735460138,37.34644124348995],[88.6598689778653,37.34570231119824]]]}},{"type":"Feature","id":"hydrolakes:174065","properties":{"Hylak_id":174065,"Lake_name":"","Country":"China","Continent":"Asia","Poly_src":"SWBD","Lake_type":1,"Grand_id":0,"Lake_area":3.06,"Shore_len":10.01,"Shore_dev":1.61,"Vol_total":9.91,"Vol_res":0.0,"Vol_src":3,"Depth_avg":3.2,"Dis_avg":0.001,"Res_time":114712.4,"Elevation":4748,"Slope_100":1.34,"Wshd_area":41.8,"Pour_long":87.230208,"Pour_lat":36.715605,"source_id":"hydrolakes:174065","label":""},"geometry":{"type":"Polygon","coordinates":[[[87.2477322048615,36.73546902126759],[87.2521535915804,36.735337999132184],[87.2527261013459,36.734090983073145],[87.25227091471396,36.73368435329894],[87.25266764322959,36.729950086805786],[87.25459120008736,36.7295912000871],[87.25540879991377,36.72886257595519],[87.25405449761342,36.728240831163646],[87.25350084092923,36.7276212565107],[87.25657972547782,36.72392605251764],[87.2565152994797,36.72284695095516],[87.25495076497435,36.721535644531514],[87.25361002604205,36.72247205946218],[87.25231241862036,36.72176703559052],[87.25152153862888,36.72181423611141],[87.25081502278704,36.72143039279541],[87.24856106228339,36.72271430121555],[87.24716986762212,36.72174235026074],[87.24477444118975,36.72175889756977],[87.24126152886328,36.72071885850727],[87.23959120008738,36.71929768880233],[87.23540879991361,36.71764675564259],[87.23367472330779,36.71570583767391],[87.23039849175416,36.714694281684444],[87.22833333333375,36.7130555555558],[87.22644287109438,36.71361300998291],[87.22425781250041,36.715471733941285],[87.2228999837244,36.71539089626759],[87.21964830186687,36.71442789713569],[87.21859822591188,36.71560302734406],[87.21948201497446,36.716392957899586],[87.22181966145888,36.71729139539974],[87.22388536241385,36.718568522135854],[87.22820231119834,36.720686577691254],[87.2314697265632,36.72353651258726],[87.2345121256514,36.72726345486143],[87.23570231119845,36.727631022135654],[87.23707695855092,36.728480902778074],[87.23820109049524,36.728480902778074],[87.23938991970545,36.727650553385615],[87.24060492621567,36.72901041666694],[87.24238457573836,36.729560004340556],[87.24385647243963,36.73120741102457],[87.24500542534764,36.73156222873297],[87.24457465277828,36.73235487196206],[87.24462795681467,36.7332492404517],[87.24570231119839,36.73374213324678],[87.2477322048615,36.73546902126759]]]}},{"type":"Feature","id":"hydrolakes:174069","properties":{"Hylak_id":174069,"Lake_name":"","Country":"China","Continent":"Asia","Poly_src":"SWBD","Lake_type":1,"Grand_id":0,"Lake_area":4.65,"Shore_len":10.15,"Shore_dev":1.33,"Vol_total":10.15,"Vol_res":0.0,"Vol_src":3,"Depth_avg":2.2,"Dis_avg":0.007,"Res_time":16784.8,"Elevation":4691,"Slope_100":0.72,"Wshd_area":424.1,"Pour_long":89.039583,"Pour_lat":36.702083,"source_id":"hydrolakes:174069","label":""},"geometry":{"type":"Polygon","coordinates":[[[89.04819498697987,36.724043511285004],[89.04847954644157,36.72229709201417],[89.04846923828183,36.719303114149625],[89.04986002604232,36.716276584201694],[89.05069173177134,36.71235839843786],[89.05199300130266,36.70937608506972],[89.05264160156321,36.70875271267391],[89.05436116536515,36.70495659722246],[89.05569715711857,36.704308268229454],[89.05818630642432,36.69997938368084],[89.05679714626808,36.69930555555584],[89.05680853949718,36.698747287326626],[89.05539171006996,36.69759575737879],[89.05484836154585,36.695922037760795],[89.0531863064241,36.694291449653065],[89.05209662543456,36.694313693576646],[89.05019748263948,36.69366373697943],[89.05000000000064,36.693055555555986],[89.04653049045197,36.694308268229406],[89.04346978081657,36.694580349392766],[89.04150526258752,36.695430501302326],[89.04041937934096,36.695408257378915],[89.03785807291723,36.69682996961836],[89.03652533637211,36.69680257161485],[89.03349500868109,36.69813883463581],[89.03314046224023,36.69886962890661],[89.03236111111175,36.69846788194474],[89.03151665581657,36.69890299479198],[89.03153076171941,36.69959662543425],[89.03069688585123,36.70039794921905],[89.0302118598097,36.70189208984419],[89.03069715711877,36.70235839843781],[89.03124728732695,36.703752712673975],[89.03235595703183,36.70429063585095],[89.03348931206648,36.70629367404547],[89.03569715711888,36.70874728732667],[89.03746907552141,36.71168023003497],[89.0395860460078,36.71430284288232],[89.03986599392425,36.71545057508706],[89.04056396484447,36.71680555555588],[89.04013047960126,36.71764702691007],[89.04014187283036,36.71820773654537],[89.03958062066027,36.71874728732672],[89.03919759114649,36.72031846788224],[89.04012179904578,36.72120632595528],[89.04043375651094,36.72184922960105],[89.04129313151094,36.72267496744814],[89.04319688585127,36.72263590494816],[89.04681911892425,36.72378580729196],[89.04679144965331,36.72514160156294],[89.04769694010491,36.72637830946212],[89.0484695095493,36.72594238281289],[89.04734402126809,36.72486111111135],[89.04819498697987,36.724043511285004]]]}},{"type":"Feature","id":"hydrolakes:174149","properties":{"Hylak_id":174149,"Lake_name":"","Country":"China","Continent":"Asia","Poly_src":"SWBD","Lake_type":1,"Grand_id":0,"Lake_area":2.25,"Shore_len":7.07,"Shore_dev":1.33,"Vol_total":5.71,"Vol_res":0.0,"Vol_src":3,"Depth_avg":2.5,"Dis_avg":0.029,"Res_time":2280.8,"Elevation":4892,"Slope_100":1.12,"Wshd_area":685.4,"Pour_long":88.389939,"Pour_lat":36.310302,"source_id":"hydrolakes:174149","label":""},"geometry":{"type":"Polygon","coordinates":[[[88.39029215494838,36.298637152777985],[88.39000000000067,36.298333333333574],[88.38879367404564,36.2987247721357],[88.38319851345545,36.30368408203151],[88.38318060980964,36.30456325954884],[88.38421440972286,36.305639377170394],[88.38593505859455,36.306767306857864],[88.38816379123313,36.30942220052111],[88.38870686849003,36.31260633680574],[88.388774414063,36.3173025173615],[88.3876451280388,36.31914388020863],[88.38758572048658,36.32205159505236],[88.38872016059082,36.3226361762155],[88.39041395399363,36.32152506510448],[88.3923570421012,36.32075873480926],[88.3923304578999,36.31738118489602],[88.39476236979226,36.31612820095512],[88.39711995442764,36.31555365668436],[88.39898898654553,36.314590657552344],[88.40178005642429,36.31380343967044],[88.40263617621588,36.31169270833357],[88.4023445638029,36.310918240017656],[88.40097466362909,36.30960205078145],[88.40063991970567,36.308570421007175],[88.39855387369857,36.3056659613718],[88.39380343967065,36.30072184244813],[88.39029215494838,36.298637152777985]]]}},{"type":"Feature","id":"hydrolakes:174182","properties":{"Hylak_id":174182,"Lake_name":"","Country":"China","Continent":"Asia","Poly_src":"SWBD","Lake_type":1,"Grand_id":0,"Lake_area":2.15,"Shore_len":8.99,"Shore_dev":1.73,"Vol_total":5.93,"Vol_res":0.0,"Vol_src":3,"Depth_avg":2.8,"Dis_avg":0.001,"Res_time":68648.3,"Elevation":5018,"Slope_100":1.25,"Wshd_area":81.9,"Pour_long":86.103718,"Pour_lat":36.240054,"source_id":"hydrolakes:174182","label":""},"geometry":{"type":"Polygon","coordinates":[[[86.12568413628503,36.25901746961824],[86.12746615939716,36.25876030815999],[86.12880086263067,36.259504937066254],[86.13080905490489,36.25876763237875],[86.13250257704027,36.25845865885435],[86.13318413628502,36.255988226996806],[86.13040635850734,36.25570475260446],[86.12681586371565,36.25235080295164],[86.12523017035625,36.25143663194467],[86.12285970052119,36.247199978298966],[86.12320855034756,36.24625000000026],[86.1229050021708,36.24542317708358],[86.12296922471836,36.24462402343778],[86.12036288791268,36.24108506944464],[86.11859856499609,36.24006781684051],[86.11649237738749,36.24100287543433],[86.11513136122005,36.240893554687716],[86.11330206977033,36.239872775607864],[86.11163201226162,36.239493543837],[86.1100000000003,36.23777777777798],[86.10873969184092,36.23790635850713],[86.10799235026076,36.238323296441195],[86.10406697591179,36.23824707031275],[86.1023725043409,36.239192437066265],[86.10324523925829,36.240756564670335],[86.10316786024333,36.241719563802405],[86.10651123046921,36.241451009114826],[86.1083494059248,36.24185194227465],[86.11096957736595,36.243487413194714],[86.1120412868928,36.24309380425376],[86.11361165364616,36.243523491753706],[86.11437350802981,36.24550971137177],[86.11645100911488,36.246810980903035],[86.11782911512637,36.249271104601064],[86.11725762261324,36.25029568142389],[86.1179880777998,36.251325954861386],[86.11639736599426,36.25232231987866],[86.11714931911933,36.25528971354191],[86.11704223632847,36.25662272135446],[86.11983642578156,36.25850775824682],[86.12136366102465,36.258492567274516],[86.1228538682729,36.260222167969005],[86.12568413628503,36.25901746961824]]]}},{"type":"Feature","id":"hydrolakes:174199","properties":{"Hylak_id":174199,"Lake_name":"","Country":"China","Continent":"Asia","Poly_src":"SWBD","Lake_type":1,"Grand_id":0,"Lake_area":1.41,"Shore_len":5.1,"Shore_dev":1.21,"Vol_total":2.63,"Vol_res":0.0,"Vol_src":3,"Depth_avg":1.9,"Dis_avg":0.046,"Res_time":661.4,"Elevation":4866,"Slope_100":0.91,"Wshd_area":725.9,"Pour_long":89.024552,"Pour_lat":36.195307,"source_id":"hydrolakes:174199","label":""},"geometry":{"type":"Polygon","coordinates":[[[89.03363199869847,36.19227864583354],[89.03333333333393,36.19194444444469],[89.03098008897632,36.19264675564261],[89.027763129341,36.19298204210105],[89.02404052734448,36.19506239149325],[89.02397243923679,36.19620741102449],[89.02833523220556,36.20082763671911],[89.02976833767423,36.203949652778135],[89.03140923394147,36.20509575737867],[89.03527506510488,36.20706651475723],[89.0361482747403,36.20711859809046],[89.0373337131083,36.20657443576408],[89.03768093533051,36.205607096354356],[89.03628282335137,36.20471815321207],[89.03621283637221,36.20354220920166],[89.03785156250069,36.20128390842035],[89.04004828559096,36.20056098090299],[89.04065022786529,36.19945339626764],[89.0388707139764,36.19890380859397],[89.03816134982702,36.19788818359393],[89.03746582031317,36.19416151258707],[89.03666124132002,36.19326090494815],[89.03363199869847,36.19227864583354]]]}},{"type":"Feature","id":"hydrolakes:174205","properties":{"Hylak_id":174205,"Lake_name":"","Country":"China","Continent":"Asia","Poly_src":"SWBD","Lake_type":1,"Grand_id":0,"Lake_area":6.86,"Shore_len":14.1,"Shore_dev":1.52,"Vol_total":34.32,"Vol_res":0.0,"Vol_src":3,"Depth_avg":5.0,"Dis_avg":0.02,"Res_time":19859.9,"Elevation":4867,"Slope_100":1.68,"Wshd_area":162.8,"Pour_long":89.116436,"Pour_lat":36.185996,"source_id":"hydrolakes:174205","label":""},"geometry":{"type":"Polygon","coordinates":[[[89.15458333333402,36.19245985243083],[89.15610839843839,36.19193793402809],[89.16012396918455,36.19239420572944],[89.16513075086863,36.192108561198154],[89.16572509765695,36.19149034288216],[89.16653238932344,36.18900254991348],[89.17044216579939,36.183643934462],[89.17369113498324,36.1805221896704],[89.17728732638949,36.17935519748295],[89.17763617621597,36.177875976562746],[89.17704616970542,36.17615234375023],[89.17829481336861,36.17431016710094],[89.17805555555628,36.17361111111137],[89.17142930772638,36.17375488281283],[89.16758138020907,36.17431722005239],[89.16448920355964,36.1755712890627],[89.1617089843756,36.175001898871756],[89.15319227430632,36.17510769314271],[89.15006022135475,36.17542778862884],[89.14791937934086,36.176530490451626],[89.13736382378545,36.178197157118234],[89.13320041232691,36.178488226996706],[89.12851915147627,36.18245551215301],[89.12704264322969,36.18291395399331],[89.12530571831655,36.18231933593768],[89.12321451822982,36.180142686632166],[89.12248209635476,36.179863823784956],[89.11889973958392,36.182728949652926],[89.11597493489654,36.18627549913225],[89.11950385199708,36.18627387152799],[89.12087700737908,36.18592203776063],[89.12124972873335,36.184011501736336],[89.12198838975758,36.18330213758702],[89.12400363498324,36.18381863064275],[89.12538601345551,36.18475558810792],[89.12807807074711,36.18755750868081],[89.12978678385474,36.18882432725718],[89.13113498263965,36.19064290364605],[89.13489935980976,36.19225043402798],[89.13701795789996,36.19083740234413],[89.13967827691044,36.1904044596356],[89.14652777777832,36.19040825737875],[89.14711452908057,36.190420193142586],[89.14980088975767,36.19180392795158],[89.15347493489651,36.192080620659965],[89.15458333333402,36.19245985243083]]]}},{"type":"Feature","id":"hydrolakes:174208","properties":{"Hylak_id":174208,"Lake_name":"","Country":"China","Continent":"Asia","Poly_src":"SWBD","Lake_type":1,"Grand_id":0,"Lake_area":1.44,"Shore_len":5.33,"Shore_dev":1.25,"Vol_total":5.51,"Vol_res":0.0,"Vol_src":3,"Depth_avg":3.8,"Dis_avg":0.002,"Res_time":31890.4,"Elevation":5051,"Slope_100":2.13,"Wshd_area":150.7,"Pour_long":86.171875,"Pour_lat":36.181954,"source_id":"hydrolakes:174208","label":""},"geometry":{"type":"Polygon","coordinates":[[[86.16701260036922,36.19152804904536],[86.16818603515657,36.191262749566306],[86.17102498372452,36.19232964409741],[86.17244235568626,36.192626139323124],[86.17294921875038,36.19201578776068],[86.17449584961003,36.192049696180845],[86.1749378119581,36.19103054470514],[86.1747979736333,36.18965820312519],[86.17540384928412,36.18801920572935],[86.17462137858115,36.18593695746557],[86.17412441677544,36.183695746527974],[86.17707010905002,36.18133138020852],[86.17295559353335,36.18087700737874],[86.17023105197529,36.18011528862877],[86.1687500000005,36.18026638454887],[86.16727118598146,36.18011555989608],[86.16694444444488,36.179722222222495],[86.1651260715065,36.17984836154545],[86.16440802680148,36.180403917100875],[86.16277214898031,36.17978922526066],[86.16207051595092,36.18123725043432],[86.16176954481386,36.183257649739915],[86.16183410644561,36.18389133029541],[86.16314351399785,36.18497911241349],[86.16364332411081,36.18613145616342],[86.16265170627219,36.18721164279532],[86.16321309407601,36.18819173177104],[86.1628349473745,36.189198133680804],[86.16320726182778,36.18984836154539],[86.16345940483978,36.191262749566306],[86.16400872124632,36.191719292535026],[86.16446797688866,36.19277804904533],[86.16611355251763,36.19261040581637],[86.16701260036922,36.19152804904536]]]}},{"type":"Feature","id":"hydrolakes:174211","properties":{"Hylak_id":174211,"Lake_name":"","Country":"China","Continent":"Asia","Poly_src":"SWBD","Lake_type":1,"Grand_id":0,"Lake_area":1.72,"Shore_len":5.99,"Shore_dev":1.29,"Vol_total":11.88,"Vol_res":0.0,"Vol_src":3,"Depth_avg":6.9,"Dis_avg":0.011,"Res_time":12501.0,"Elevation":4872,"Slope_100":3.99,"Wshd_area":59.6,"Pour_long":89.057413,"Pour_lat":36.179831,"source_id":"hydrolakes:174211","label":""},"geometry":{"type":"Polygon","coordinates":[[[89.06750786675411,36.1754492187502],[89.06932725694497,36.17192111545165],[89.07092664930616,36.16985731336831],[89.07034640842068,36.1676912434898],[89.06861111111175,36.16611111111149],[89.06624701605983,36.16664415147602],[89.05829752604217,36.170521647135615],[89.0542664930561,36.17176649305583],[89.05098334418471,36.17328613281268],[89.04783854166737,36.173098687066215],[89.04539333767417,36.17461046006963],[89.04542643229223,36.175163031684235],[89.04872016059079,36.17526123046895],[89.0528851996533,36.177210015191235],[89.05460096571238,36.17913004557323],[89.05610622829931,36.18022271050387],[89.05833468967091,36.18068657769135],[89.06074055989654,36.18004231770851],[89.06349500868106,36.17763970269118],[89.06750786675411,36.1754492187502]]]}},{"type":"Feature","id":"hydrolakes:174222","properties":{"Hylak_id":174222,"Lake_name":"","Country":"China","Continent":"Asia","Poly_src":"SWBD","Lake_type":1,"Grand_id":0,"Lake_area":6.66,"Shore_len":13.38,"Shore_dev":1.46,"Vol_total":28.63,"Vol_res":0.0,"Vol_src":3,"Depth_avg":4.3,"Dis_avg":0.01,"Res_time":33133.8,"Elevation":4842,"Slope_100":1.42,"Wshd_area":821.1,"Pour_long":89.002834,"Pour_lat":36.143657,"source_id":"hydrolakes:174222","label":""},"geometry":{"type":"Polygon","coordinates":[[[89.00644612630259,36.16363281250028],[89.00822347005271,36.162893608941374],[89.01113335503527,36.16295111762173],[89.01303575303882,36.16254475911478],[89.01701253255271,36.160741102430904],[89.01970296224016,36.15835123697934],[89.02259738498344,36.157238498264064],[89.02620388454915,36.15527859158004],[89.0283512369798,36.153614637587054],[89.02876519097288,36.15139675564268],[89.03054660373334,36.14681369357663],[89.02973551432359,36.14486382378493],[89.03276638454912,36.1407731119794],[89.03346435546933,36.139324815538544],[89.03287027994861,36.1348575846356],[89.03140896267439,36.13403564453148],[89.03070231119847,36.135146755642666],[89.02844889322972,36.1356711154516],[89.02616916232705,36.13679768880229],[89.02508734809084,36.136209852430795],[89.025492350261,36.13393147786485],[89.02506537543468,36.1327414279516],[89.02166422526096,36.13162027994815],[89.0180555555562,36.131111111111295],[89.01252929687558,36.13372043185785],[89.00769531250069,36.13445285373291],[89.00653347439294,36.13486979166697],[89.00334581163253,36.134926486545396],[89.00292453342092,36.13546793619827],[89.00370496961875,36.136165364583576],[89.00654079861192,36.13660725911484],[89.00774034288253,36.13744520399342],[89.0099902343756,36.14023952908008],[89.01181098090336,36.13985053168426],[89.0122729492195,36.14036756727455],[89.01172851562552,36.14136962890643],[89.00902506510471,36.141208496094066],[89.00392306857702,36.13911187065992],[89.0015852864588,36.139950900607914],[89.00125786675403,36.14364230685783],[89.00300889757017,36.14812500000028],[89.00651855468806,36.14909179687527],[89.00849446614637,36.15045817057319],[89.00846137152848,36.15101752387176],[89.0064434136292,36.15247205946201],[89.00654513888958,36.15418104383707],[89.00462076822976,36.15557752821206],[89.00431342230968,36.15631808810787],[89.00549099392424,36.158004014757125],[89.00613715277831,36.159411892361334],[89.00563422309091,36.16176567925373],[89.00570610894152,36.16297146267385],[89.00644612630259,36.16363281250028]]]}},{"type":"Feature","id":"hydrolakes:174238","properties":{"Hylak_id":174238,"Lake_name":"","Country":"China","Continent":"Asia","Poly_src":"SWBD","Lake_type":1,"Grand_id":0,"Lake_area":2.53,"Shore_len":8.95,"Shore_dev":1.59,"Vol_total":5.81,"Vol_res":0.0,"Vol_src":3,"Depth_avg":2.3,"Dis_avg":0.005,"Res_time":13451.0,"Elevation":4970,"Slope_100":0.95,"Wshd_area":339.4,"Pour_long":85.923958,"Pour_lat":36.103044,"source_id":"hydrolakes:174238","label":""},"geometry":{"type":"Polygon","coordinates":[[[85.92208862304716,36.11597764756971],[85.9229166666671,36.11568739149328],[85.92449659559509,36.11624104817736],[85.92568739149334,36.116288248698254],[85.92571987576002,36.1154690212677],[85.92514417860286,36.11382622612871],[85.92578050401528,36.11297037760443],[85.927231038412,36.112511121962086],[85.92847751193625,36.110699869791915],[85.92878065321207,36.10974229600714],[85.93101745605503,36.10792209201412],[85.93181084526935,36.10902235243077],[85.93238003200997,36.111005588107844],[85.93125528971387,36.11204779730923],[85.93242906358557,36.11344726562527],[85.93786471896732,36.11351969401062],[85.94000847710532,36.11109456380234],[85.93841871473552,36.109875488281546],[85.93709811740496,36.109877115885695],[85.9351488579648,36.10913981119813],[85.93509562174512,36.10779703776063],[85.93671000162806,36.10836290147597],[85.93814792209241,36.10768419053841],[85.93585727267822,36.10387098524325],[85.93455464681028,36.10297471788232],[85.93161220974434,36.10200846354195],[85.92853407118088,36.10213053385439],[85.92805555555617,36.101666666666915],[85.92430670844209,36.10183810763914],[85.92028978135897,36.10279486762187],[85.91880744086416,36.10509033203152],[85.91624471028706,36.10652235243083],[85.91339653862889,36.108593478732814],[85.91135586208816,36.11048421223978],[85.90986640082491,36.11242648654542],[85.91050496419314,36.113610568576576],[85.91189310709666,36.11456597222241],[85.91367370605502,36.11264431423638],[85.9167190212678,36.11435953776066],[85.91754930284333,36.11392008463565],[85.91937710232236,36.11589274088567],[85.92079101562547,36.11638834635437],[85.92208862304716,36.11597764756971]]]}},{"type":"Feature","id":"hydrolakes:174242","properties":{"Hylak_id":174242,"Lake_name":"","Country":"China","Continent":"Asia","Poly_src":"SWBD","Lake_type":1,"Grand_id":0,"Lake_area":1.18,"Shore_len":8.35,"Shore_dev":2.17,"Vol_total":2.41,"Vol_res":0.0,"Vol_src":3,"Depth_avg":2.0,"Dis_avg":0.001,"Res_time":27889.0,"Elevation":4899,"Slope_100":1.08,"Wshd_area":42.7,"Pour_long":87.653064,"Pour_lat":36.078987,"source_id":"hydrolakes:174242","label":""},"geometry":{"type":"Polygon","coordinates":[[[87.65750542534795,36.08518066406276],[87.66019612630271,36.08459364149343],[87.66180555555621,36.08531005859402],[87.66378879123317,36.08458713107672],[87.66818413628528,36.08170952690989],[87.66725287543449,36.080852593316195],[87.66291259765666,36.08142062717042],[87.66188096788238,36.08188096788223],[87.66143012152838,36.0828908962676],[87.65939832899352,36.083054199219134],[87.65901285807354,36.082363281250196],[87.65957302517415,36.080837944878795],[87.65931532118094,36.080126953125216],[87.65549424913252,36.08016601562514],[87.65335123697963,36.07864637586829],[87.65264648437545,36.07903944227462],[87.65089870876778,36.079067111545385],[87.64921115451438,36.07812581380239],[87.64639946831653,36.077279188368266],[87.6455555555562,36.07638888888914],[87.6440315755213,36.076588270399554],[87.64292697482699,36.077371419271174],[87.63997233072973,36.07775797526068],[87.6378903537331,36.07898328993093],[87.6340380859379,36.08028971354196],[87.63443684895879,36.0817952473962],[87.63542697482688,36.08153808593772],[87.63757975260461,36.0802438693579],[87.64050238715316,36.07986165364605],[87.64151746961863,36.07929524739603],[87.64320475260462,36.07903808593767],[87.64415445963596,36.07850830078149],[87.64485080295185,36.079756130642636],[87.64431586371586,36.0801491970488],[87.64301920572956,36.08053955078145],[87.6423714192714,36.081700575086984],[87.64283365885461,36.082906358507216],[87.64515190972281,36.0819048394099],[87.64765516493117,36.08170383029545],[87.64896864149352,36.08229003906274],[87.65125271267408,36.08429307725714],[87.65235541449698,36.08459499783015],[87.65329562717062,36.08451931423633],[87.65428792317755,36.08496229383701],[87.65562472873313,36.08651394314256],[87.65750542534795,36.08518066406276]]]}},{"type":"Feature","id":"hydrolakes:174245","properties":{"Hylak_id":174245,"Lake_name":"","Country":"China","Continent":"Asia","Poly_src":"SWBD","Lake_type":1,"Grand_id":0,"Lake_area":1.27,"Shore_len":7.58,"Shore_dev":1.9,"Vol_total":4.15,"Vol_res":0.0,"Vol_src":3,"Depth_avg":3.3,"Dis_avg":0.002,"Res_time":23994.5,"Elevation":4942,"Slope_100":1.83,"Wshd_area":68.0,"Pour_long":87.356997,"Pour_lat":36.067281,"source_id":"hydrolakes:174245","label":""},"geometry":{"type":"Polygon","coordinates":[[[87.39163085937543,36.06824110243076],[87.38828450520907,36.06731933593767],[87.38681342230944,36.06651991102456],[87.38311306423651,36.06586941189255],[87.38045274522614,36.066028103298834],[87.37876871744828,36.06511284722245],[87.3768261718754,36.06522867838561],[87.37346435546914,36.06459120008708],[87.37255967881987,36.06426649305581],[87.37222222222283,36.06388888888921],[87.37029947916704,36.06410915798631],[87.36986897786511,36.06459120008708],[87.36790879991372,36.06485324435789],[87.36642930772621,36.065468750000264],[87.36466959635482,36.06536376953147],[87.36236002604204,36.06598253038214],[87.36153347439273,36.065685763889064],[87.35647298177139,36.065706108941185],[87.35565836588586,36.0666178385419],[87.35570638020886,36.06742431640646],[87.35855305989645,36.06846435546902],[87.35957546658022,36.067908799913425],[87.36156548394149,36.067646755642556],[87.36307047526083,36.07022081163211],[87.36550265842055,36.07012559678844],[87.36695909288267,36.068495551215506],[87.36862494574711,36.069093153212066],[87.3729931640629,36.068832736545346],[87.37586425781308,36.06820231119826],[87.37873562283033,36.06881564670164],[87.37935926649362,36.06811794704879],[87.38168077257001,36.06880533854195],[87.38309299045176,36.07038574218768],[87.38845648871569,36.07094482421894],[87.3912464735248,36.07034857855933],[87.392494303386,36.06947699652795],[87.39163085937543,36.06824110243076]]]}},{"type":"Feature","id":"hydrolakes:174252","properties":{"Hylak_id":174252,"Lake_name":"","Country":"China","Continent":"Asia","Poly_src":"SWBD","Lake_type":1,"Grand_id":0,"Lake_area":1.81,"Shore_len":6.04,"Shore_dev":1.27,"Vol_total":5.75,"Vol_res":0.0,"Vol_src":3,"Depth_avg":3.2,"Dis_avg":0.018,"Res_time":3699.6,"Elevation":4865,"Slope_100":1.57,"Wshd_area":82.9,"Pour_long":88.975948,"Pour_lat":36.045114,"source_id":"hydrolakes:174252","label":""},"geometry":{"type":"Polygon","coordinates":[[[88.97526828342069,36.048199869791915],[88.97856879340361,36.04782145182327],[88.97999647352486,36.04729736328153],[88.97947536892417,36.046363118489865],[88.97731255425407,36.04468994140643],[88.97361111111167,36.043888888889114],[88.97207302517421,36.04401746961827],[88.9704063585076,36.044974772135674],[88.96622368706647,36.045737575955116],[88.9643158637158,36.04737141927103],[88.96283447265694,36.048032497830036],[88.95990044487917,36.0473925781252],[88.95783311632005,36.04979193793423],[88.95793267144148,36.0510327148441],[88.95959364149371,36.0520730251738],[88.95985080295196,36.053204752604415],[88.96042697482693,36.05401746961826],[88.96073459201449,36.05670111762174],[88.96274875217074,36.05715874565993],[88.96550238715332,36.0583184136288],[88.96668918185833,36.059159884982876],[88.96871175130275,36.05899739583356],[88.97268798828202,36.05735975477455],[88.97209364149381,36.05216417100712],[88.97526828342069,36.048199869791915]]]}},{"type":"Feature","id":"hydrolakes:174255","properties":{"Hylak_id":174255,"Lake_name":"","Country":"China","Continent":"Asia","Poly_src":"SWBD","Lake_type":1,"Grand_id":0,"Lake_area":6.84,"Shore_len":17.05,"Shore_dev":1.84,"Vol_total":58.07,"Vol_res":0.0,"Vol_src":3,"Depth_avg":8.5,"Dis_avg":0.0,"Res_time":-1.0,"Elevation":4834,"Slope_100":3.13,"Wshd_area":944.1,"Pour_long":87.872817,"Pour_lat":36.039336,"source_id":"hydrolakes:174255","label":""},"geometry":{"type":"Polygon","coordinates":[[[87.85541124132021,36.04680013020845],[87.85929063585127,36.04654378255225],[87.8605669487851,36.04590901692734],[87.86252495659761,36.04379611545164],[87.86435899522616,36.04288031684047],[87.86547743055604,36.042924533420376],[87.86686631944491,36.043464355468984],[87.86842312283028,36.042640516493236],[87.87023166232683,36.04235243055581],[87.87304877387214,36.040861816406505],[87.87888129340354,36.04086235894118],[87.87986029730956,36.041536187066185],[87.88093912760468,36.0409654405384],[87.88186631944507,36.04096435546904],[87.88527262369843,36.03922661675381],[87.8856890190977,36.037911241319705],[87.88658365885459,36.03733371310784],[87.8940893554693,36.03584472656274],[87.89821885850756,36.03632297092037],[87.89958414713601,36.03596544053846],[87.90049723307345,36.03628526475711],[87.90186686197978,36.03623101128494],[87.90596679687548,36.03318901909762],[87.9098556857644,36.03068901909745],[87.91142523871588,36.03019232855928],[87.9135932074658,36.02836018880231],[87.91659613715325,36.0247059461808],[87.91809950086855,36.02331298828159],[87.91680501302142,36.02211344401064],[87.9165332031256,36.020689019097404],[87.91611111111155,36.020000000000266],[87.91458875868113,36.02125542534753],[87.91138753255257,36.023213161892556],[87.90979437934078,36.026043294271005],[87.90645209418454,36.02750840928837],[87.90408881293479,36.02625786675367],[87.90276475694492,36.0259426540801],[87.89820936414975,36.02678955078147],[87.89697129991373,36.027406141493316],[87.89258951822978,36.027467719184244],[87.8884290907124,36.030997992621735],[87.88663330078174,36.031006673177274],[87.88282606336855,36.03039713541688],[87.87853054470543,36.030716417100905],[87.87721896701436,36.03037272135441],[87.87308485243113,36.0305365668404],[87.86652235243116,36.031522352430784],[87.86420789930617,36.03212890625019],[87.86159667968792,36.03209716796897],[87.85877549913238,36.033256022135674],[87.85707953559086,36.03318874783014],[87.85597764757006,36.03347764756961],[87.85195231119832,36.03377441406269],[87.84903320312543,36.034916992187675],[87.84958902994845,36.03596761067729],[87.8495673285596,36.03651285807314],[87.85025363498306,36.03830132378505],[87.84950547960136,36.03971516927106],[87.84759792751805,36.039215494791904],[87.8451334635422,36.03985568576417],[87.84282633463584,36.04130588107665],[87.84109754774363,36.0408528645836],[87.8406998697921,36.04204589843772],[87.84312255859419,36.0434703233509],[87.84612440321234,36.04467203776068],[87.84824191623318,36.046295844184215],[87.85045084635476,36.04738715277796],[87.85310926649368,36.04728190104203],[87.85541124132021,36.04680013020845]]]}},{"type":"Feature","id":"hydrolakes:174257","properties":{"Hylak_id":174257,"Lake_name":"","Country":"China","Continent":"Asia","Poly_src":"SWBD","Lake_type":1,"Grand_id":0,"Lake_area":2.08,"Shore_len":8.99,"Shore_dev":1.76,"Vol_total":9.62,"Vol_res":0.0,"Vol_src":3,"Depth_avg":4.6,"Dis_avg":0.016,"Res_time":6955.9,"Elevation":4840,"Slope_100":2.32,"Wshd_area":705.7,"Pour_long":85.285325,"Pour_lat":36.027195,"source_id":"hydrolakes:174257","label":""},"geometry":{"type":"Polygon","coordinates":[[[85.29124471028666,36.031522352430784],[85.2921801757816,36.03122639973998],[85.2947242228193,36.03119493272601],[85.2965309990779,36.03182807074671],[85.29826348198804,36.03094753689254],[85.3003934563535,36.0309345160594],[85.3024895053444,36.02932725694478],[85.30141213311134,36.02776150173639],[85.29695014105937,36.02793836805574],[85.29569973415835,36.02707790798638],[85.29170422024231,36.02544596354193],[85.28958236694365,36.02653645833351],[85.28847318861256,36.02568576388916],[85.28763888888932,36.02612738715305],[85.28561501397047,36.02505642361132],[85.28453391181125,36.023382161458585],[85.28403306749169,36.02180013020859],[85.28333333333381,36.02083333333354],[85.28143066406284,36.02157524956618],[85.28097751193599,36.02347764756962],[85.27971505059179,36.026370442708696],[85.27766162448495,36.027696397569684],[85.27663828531928,36.02659206814275],[85.27566028171157,36.02710937500024],[85.2745937432187,36.02706732855921],[85.27373794555706,36.027656250000234],[85.26886262681779,36.0261949327259],[85.26838845147057,36.0242041015627],[85.26578401353669,36.0230867513024],[85.2651830715605,36.023735351562664],[85.2662552897138,36.02513346354203],[85.26680026584245,36.02653320312521],[85.2677438354495,36.02790418836838],[85.26835016886417,36.0298193359377],[85.26965720282703,36.03103054470506],[85.27078501383505,36.031562771267545],[85.27189227634034,36.03151882595512],[85.2735489061148,36.03093831380227],[85.27604980468766,36.03285590277801],[85.28486289130353,36.033478461371885],[85.28792195638061,36.032922092014076],[85.29038443671368,36.03211452908016],[85.29124471028666,36.031522352430784]]]}},{"type":"Feature","id":"hydrolakes:174260","properties":{"Hylak_id":174260,"Lake_name":"","Country":"China","Continent":"Asia","Poly_src":"SWBD","Lake_type":1,"Grand_id":0,"Lake_area":7.89,"Shore_len":16.74,"Shore_dev":1.68,"Vol_total":73.42,"Vol_res":0.0,"Vol_src":3,"Depth_avg":9.3,"Dis_avg":0.009,"Res_time":94422.7,"Elevation":4841,"Slope_100":3.32,"Wshd_area":615.0,"Pour_long":88.40625,"Pour_lat":36.022917,"source_id":"hydrolakes:174260","label":""},"geometry":{"type":"Polygon","coordinates":[[[88.41061631944513,36.0300938585072],[88.41096679687564,36.02680013020853],[88.41209228515686,36.02644395616352],[88.41318901909773,36.0256890190974],[88.41483832465332,36.02516710069477],[88.41649739583409,36.023816731771035],[88.42135281033035,36.02247314453143],[88.4226334635423,36.02292209201414],[88.42751464843798,36.023197428385686],[88.42678792317764,36.02457058376757],[88.42698377821239,36.02485568576407],[88.43243164062562,36.024145507812875],[88.43348225911518,36.02358940972249],[88.43345811631997,36.022974989149475],[88.4320071072055,36.02236653645855],[88.4303643120665,36.02294216579878],[88.42918050130277,36.02289523654537],[88.42875542534784,36.021471896701655],[88.4297227647574,36.02057535807313],[88.4320458984381,36.02002197265642],[88.4315047200526,36.01899956597248],[88.42985568576461,36.018477647569625],[88.42912434895914,36.01768825954878],[88.42962836371589,36.01673583984393],[88.43192111545198,36.01682671441],[88.43291124132008,36.01617377387174],[88.43213189019161,36.013949652778024],[88.42470431857686,36.01318413628496],[88.42313096788234,36.01324652777805],[88.42231011284787,36.014985622830125],[88.41798963758725,36.01481445312521],[88.41692274305626,36.01537896050371],[88.41458875868113,36.01401014539948],[88.42127739800412,36.01347574869817],[88.42194742838586,36.0127525499135],[88.42235568576444,36.0100284830732],[88.42090630425412,36.00956949869823],[88.41186631944504,36.00938205295165],[88.41166666666714,36.009166666666886],[88.40846679687553,36.00957790798634],[88.40790174696247,36.00987711588567],[88.40641276041737,36.00987114800364],[88.40297173394146,36.010772840712036],[88.40196451822987,36.01290717230927],[88.39774468316017,36.0133116319447],[88.39045193142414,36.01519015842047],[88.3863845486116,36.01574598524326],[88.38340115017422,36.017240125868284],[88.37801676432355,36.017026638455036],[88.37601345486178,36.01772894965302],[88.37387912326449,36.02003255208359],[88.3734776475701,36.021993815104395],[88.37436387803865,36.02415147569468],[88.3757481553825,36.02616319444468],[88.38050998263952,36.02816731770861],[88.38215955946231,36.02846679687525],[88.38522352430607,36.02739312065995],[88.39103786892412,36.026928439670314],[88.39286322699718,36.02818440755226],[88.39863226996573,36.03057969835095],[88.4036724175354,36.030982530382175],[88.40568901909785,36.031810980903],[88.4078211805562,36.03231879340302],[88.4095770941845,36.03170328776059],[88.41061631944513,36.0300938585072]]]}},{"type":"Feature","id":"hydrolakes:174261","properties":{"Hylak_id":174261,"Lake_name":"","Country":"China","Continent":"Asia","Poly_src":"SWBD","Lake_type":1,"Grand_id":0,"Lake_area":1.41,"Shore_len":5.81,"Shore_dev":1.38,"Vol_total":7.24,"Vol_res":0.0,"Vol_src":3,"Depth_avg":5.1,"Dis_avg":0.008,"Res_time":10470.4,"Elevation":4840,"Slope_100":3.03,"Wshd_area":353.4,"Pour_long":85.258768,"Pour_lat":36.021158,"source_id":"hydrolakes:174261","label":""},"geometry":{"type":"Polygon","coordinates":[[[85.2587421841094,36.02014675564254],[85.25793316311348,36.01838406033005],[85.25759102715426,36.015826009114846],[85.2559409247508,36.01435167100726],[85.25277777777825,36.01388888888914],[85.24908677842899,36.01574679904553],[85.24685765584337,36.01660373263917],[85.24618269178654,36.01863009982657],[85.24366906060146,36.01929768880234],[85.24264155070023,36.01873942057313],[85.24136759440137,36.019080674913425],[85.23937238905205,36.0183648003474],[85.23740173339866,36.01698811848985],[85.23596559312648,36.017372775607896],[85.23542448255779,36.01895155164948],[85.23783337063281,36.019326714410056],[85.24037087334568,36.020705837673916],[85.24284306844118,36.023472764757116],[85.24425120035829,36.024118923611354],[85.25153559366902,36.02457546658002],[85.25445866902692,36.02502007378496],[85.25496963501018,36.02336534288213],[85.25943751017275,36.02114203559046],[85.2587421841094,36.02014675564254]]]}},{"type":"Feature","id":"hydrolakes:174268","properties":{"Hylak_id":174268,"Lake_name":"","Country":"China","Continent":"Asia","Poly_src":"SWBD","Lake_type":1,"Grand_id":0,"Lake_area":1.1,"Shore_len":5.67,"Shore_dev":1.52,"Vol_total":5.74,"Vol_res":0.0,"Vol_src":3,"Depth_avg":5.2,"Dis_avg":0.036,"Res_time":1847.0,"Elevation":4862,"Slope_100":3.35,"Wshd_area":136.1,"Pour_long":89.097917,"Pour_lat":35.996764,"source_id":"hydrolakes:174268","label":""},"geometry":{"type":"Polygon","coordinates":[[[89.1132307942716,35.99900037977454],[89.1141463216153,35.99706054687522],[89.11486545138962,35.997089029948256],[89.1158219401047,35.99675374348993],[89.11529486762214,35.99575737847255],[89.11318901909794,35.99542209201417],[89.11113308376792,35.994334038628665],[89.10762993706652,35.99357367621553],[89.10575602213595,35.99291666666687],[89.10277777777839,35.99250000000018],[89.10038818359442,35.99303114149342],[89.09266791449727,35.9929012044272],[89.08989664713613,35.99371256510449],[89.08903320312555,35.99439208984393],[89.09014322916732,35.9964900716148],[89.09498209635495,35.998534342448124],[89.09895697699721,35.99739773220506],[89.1010601128479,35.99653374565992],[89.1027153862853,35.99740966796895],[89.10434624566022,35.997068413628654],[89.1073573133686,35.997187771267534],[89.10892605251809,35.99801784939257],[89.10930013020902,35.99958875868083],[89.11161431206642,35.999855685764146],[89.1132307942716,35.99900037977454]]]}},{"type":"Feature","id":"hydrolakes:174269","properties":{"Hylak_id":174269,"Lake_name":"","Country":"China","Continent":"Asia","Poly_src":"SWBD","Lake_type":1,"Grand_id":0,"Lake_area":5.03,"Shore_len":10.31,"Shore_dev":1.3,"Vol_total":15.93,"Vol_res":0.0,"Vol_src":3,"Depth_avg":3.2,"Dis_avg":0.003,"Res_time":61468.5,"Elevation":4850,"Slope_100":1.09,"Wshd_area":26.4,"Pour_long":88.407292,"Pour_lat":35.996468,"source_id":"hydrolakes:174269","label":""},"geometry":{"type":"Polygon","coordinates":[[[88.411247287327,35.9962201605905],[88.4105902777784,35.9949449327259],[88.41126410590329,35.994297417534995],[88.41123019748312,35.992641601562696],[88.41263617621581,35.991052246094],[88.41072157118117,35.98979709201416],[88.41234781901102,35.9881914605038],[88.41278320312546,35.98820014105928],[88.41319173177146,35.987358398437834],[88.4150170898443,35.98613959418424],[88.41445665147637,35.984502224392656],[88.41157552083394,35.981276041666945],[88.41013916015686,35.982365722656425],[88.40958604600758,35.98203721788212],[88.41041965060822,35.98041910807308],[88.41040445963591,35.97968614366346],[88.40846950954926,35.97930826822943],[88.40791937934085,35.97898708767377],[88.40882486979211,35.97634195963559],[88.40736382378526,35.97430284288231],[88.4065250651048,35.97375271267384],[88.40555555555613,35.97222222222234],[88.40453586154564,35.97236463758702],[88.40291937934074,35.97319715711831],[88.40113308376777,35.97346950954886],[88.39734212239654,35.97208604600712],[88.39615776909778,35.972957356771076],[88.3937424045144,35.97290798611135],[88.39093939887204,35.974045138889096],[88.38826633029589,35.976676432291924],[88.38666286892413,35.97772786458364],[88.38478895399373,35.98025580512177],[88.3843082682298,35.98126112196201],[88.38757324218801,35.982057020399566],[88.38384440104232,35.98534667968772],[88.38431396484441,35.98625813802107],[88.38429714626807,35.98707519531274],[88.38458767361169,35.987638888889194],[88.3841569010421,35.988474934896146],[88.38548611111156,35.9893465169273],[88.38800130208392,35.990162760416865],[88.3919832356778,35.990167914496794],[88.39344373914986,35.98979383680586],[88.39433078342068,35.991552463107894],[88.39546522352481,35.99210286458356],[88.39901611328179,35.99279595269121],[88.40153781467075,35.99450547960089],[88.40151638454927,35.995558268229445],[88.40244222005259,35.99600748697935],[88.40457519531333,35.995963812934235],[88.40800726996582,35.99740180121563],[88.41072591145894,35.99734619140651],[88.411247287327,35.9962201605905]]]}},{"type":"Feature","id":"hydrolakes:174271","properties":{"Hylak_id":174271,"Lake_name":"","Country":"China","Continent":"Asia","Poly_src":"SWBD","Lake_type":1,"Grand_id":0,"Lake_area":1.61,"Shore_len":7.14,"Shore_dev":1.59,"Vol_total":3.41,"Vol_res":0.0,"Vol_src":3,"Depth_avg":2.1,"Dis_avg":0.0,"Res_time":-1.0,"Elevation":4807,"Slope_100":1.01,"Wshd_area":1194.6,"Pour_long":87.432698,"Pour_lat":35.982609,"source_id":"hydrolakes:174271","label":""},"geometry":{"type":"Polygon","coordinates":[[[87.43909613715334,35.983538682725964],[87.44159450954902,35.98181939019122],[87.44647732204902,35.98211995442733],[87.44754882812543,35.98112711588561],[87.44803493923649,35.980208333333564],[87.44595160590319,35.979810384114955],[87.44403320312546,35.9781890190975],[87.44181098090337,35.97776475694468],[87.44207790798669,35.97707790798631],[87.44379475911506,35.976534559462095],[87.44459364149361,35.9756722005211],[87.4468109809032,35.97514431423639],[87.44752631293449,35.974765625000316],[87.44892523871573,35.97583821614603],[87.45007595486157,35.97459635416692],[87.45147677951445,35.97415283203145],[87.45189317491395,35.972964680989946],[87.45038194444481,35.97173502604193],[87.44804334852489,35.97234781901062],[87.44516411675392,35.970525987413396],[87.4438058810768,35.97124457465304],[87.44168185763942,35.97032687717052],[87.44063123914987,35.97088297526068],[87.43972222222266,35.97000000000031],[87.43783501519158,35.971257052951614],[87.43551161024357,35.97207139756961],[87.4335468207471,35.972446560330184],[87.43313856336863,35.97361111111138],[87.4337632921011,35.975891384548845],[87.4315345594623,35.97733072916691],[87.43148952908041,35.97846516927103],[87.43236599392412,35.978466525607985],[87.43457790798658,35.979835340711986],[87.4332750108511,35.98164415147596],[87.43181098090321,35.982335340711984],[87.43215115017415,35.983436414930736],[87.43703504774356,35.983179796007164],[87.43909613715334,35.983538682725964]]]}},{"type":"Feature","id":"hydrolakes:174278","properties":{"Hylak_id":174278,"Lake_name":"","Country":"China","Continent":"Asia","Poly_src":"SWBD","Lake_type":1,"Grand_id":0,"Lake_area":5.03,"Shore_len":12.21,"Shore_dev":1.54,"Vol_total":9.11,"Vol_res":0.0,"Vol_src":3,"Depth_avg":1.8,"Dis_avg":0.003,"Res_time":35129.0,"Elevation":4796,"Slope_100":0.56,"Wshd_area":241.7,"Pour_long":86.776204,"Pour_lat":35.966117,"source_id":"hydrolakes:174278","label":""},"geometry":{"type":"Polygon","coordinates":[[[86.78623942057345,35.981933865017595],[86.7872772894969,35.98144395616339],[86.78763888888943,35.98067789713576],[86.78846544053874,35.98071072048646],[86.79489854600763,35.97512396918438],[86.79542141384604,35.9751445855037],[86.79652248806457,35.974370930989835],[86.79540052625902,35.97290771484404],[86.79542385525224,35.972318793403076],[86.79708862304733,35.971533203125205],[86.79791137695383,35.97087537977467],[86.7973267957903,35.96864447699676],[86.79735120985288,35.9666935221357],[86.79358683268276,35.96538438585094],[86.79126057942756,35.96360053168428],[86.78946072048666,35.96317165798632],[86.78849622938407,35.963209906684256],[86.78700724283891,35.962688259549],[86.78355658637184,35.9636981879342],[86.78124471028696,35.966800130208526],[86.78021755642402,35.96880262586831],[86.77840874566039,35.968731011284945],[86.77703979492225,35.96590521918432],[86.7724236382382,35.96403672960099],[86.77000000000038,35.96194444444461],[86.76757798936666,35.962091200087],[86.76604220920177,35.962903917101016],[86.76402248806465,35.963466796875196],[86.76319973415843,35.964083658854406],[86.76384155273473,35.965296495225914],[86.76272488064279,35.966919487847406],[86.76125271267426,35.96761420355921],[86.76097751193612,35.968281521267556],[86.76297756618959,35.96875786675372],[86.76458862304742,35.96957790798632],[86.76624471028697,35.97102810329892],[86.76538899739637,35.971821017795435],[86.76467773437548,35.97179280598988],[86.7616973198788,35.9699205186634],[86.75942640516541,35.96958875868074],[86.75882025824711,35.970872938368245],[86.75957953559077,35.97230794270854],[86.75996934678852,35.974350043403035],[86.76076755099871,35.975509982639096],[86.76282470703177,35.974788953993254],[86.76400417751773,35.97560058593774],[86.76543145073833,35.97484510633706],[86.76722222222264,35.974828016493234],[86.76829589843805,35.97710313585088],[86.76919677734412,35.9781890190975],[86.77188422309075,35.97600206163213],[86.77265435112895,35.97683322482675],[86.77265055338574,35.978627115885786],[86.77431084526961,35.979022352430775],[86.77534532335119,35.97957004123282],[86.77596693250916,35.98153320312525],[86.77658365885458,35.98180013020857],[86.77779663085977,35.98115831163227],[86.7794604492193,35.982303331163564],[86.78061862521741,35.9816905381947],[86.78124471028696,35.98236653645853],[86.78302435980942,35.98270616319468],[86.7849220106342,35.982631022135706],[86.78623942057345,35.981933865017595]]]}},{"type":"Feature","id":"hydrolakes:174279","properties":{"Hylak_id":174279,"Lake_name":"","Country":"China","Continent":"Asia","Poly_src":"SWBD","Lake_type":1,"Grand_id":0,"Lake_area":1.25,"Shore_len":5.15,"Shore_dev":1.3,"Vol_total":6.21,"Vol_res":0.0,"Vol_src":3,"Depth_avg":5.0,"Dis_avg":0.009,"Res_time":7985.5,"Elevation":4871,"Slope_100":3.03,"Wshd_area":23.6,"Pour_long":89.073958,"Pour_lat":35.959889,"source_id":"hydrolakes:174279","label":""},"geometry":{"type":"Polygon","coordinates":[[[89.06502658420192,35.962108018663514],[89.06904459635467,35.961765136719066],[89.0705476888026,35.96185465494813],[89.07301866319511,35.96119303385433],[89.07475857204929,35.961659071180804],[89.07535861545199,35.96098741319463],[89.07739827474012,35.95982204861133],[89.07952528211877,35.95982313368091],[89.08151991102483,35.95818657769121],[89.08269395616372,35.95759684244814],[89.08346435546929,35.954978841146044],[89.0817976888028,35.95459120008701],[89.08084418402848,35.95392523871561],[89.07695475260476,35.954442274305904],[89.07500000000056,35.95277777777801],[89.07276312934096,35.95293945312517],[89.070894911025,35.95503038194482],[89.0693557400179,35.95383761935784],[89.06707546658043,35.95485324435788],[89.06549397786517,35.95655734592043],[89.06397054036512,35.956539442274504],[89.06409044053879,35.958552788628765],[89.06348008897635,35.96098008897587],[89.06290337456676,35.96180555555571],[89.06364067925415,35.96286132812537],[89.06502658420192,35.962108018663514]]]}},{"type":"Feature","id":"hydrolakes:174282","properties":{"Hylak_id":174282,"Lake_name":"","Country":"China","Continent":"Asia","Poly_src":"SWBD","Lake_type":1,"Grand_id":0,"Lake_area":6.2,"Shore_len":20.33,"Shore_dev":2.3,"Vol_total":13.38,"Vol_res":0.0,"Vol_src":3,"Depth_avg":2.2,"Dis_avg":0.014,"Res_time":11060.1,"Elevation":4796,"Slope_100":0.64,"Wshd_area":1282.7,"Pour_long":86.801031,"Pour_lat":35.945504,"source_id":"hydrolakes:174282","label":""},"geometry":{"type":"Polygon","coordinates":[[[86.76432427300387,35.95009114583354],[86.76644476996563,35.94909044053844],[86.76813693576429,35.94998589409738],[86.76935777452309,35.949557834201585],[86.77120930989616,35.94956841362864],[86.7726411946619,35.94986789279545],[86.77318915473126,35.949577907986395],[86.77497829861153,35.94931098090308],[86.77935221354204,35.95152235243086],[86.78263359917588,35.94930013020854],[86.7840330674918,35.949033203125225],[86.78485582139791,35.94846679687521],[86.78658067491364,35.94805609809055],[86.78819620768269,35.94847927517378],[86.7902459038632,35.94760470920164],[86.79381022135465,35.947690700955036],[86.79559000651074,35.947318522135674],[86.79805555555618,35.94733913845505],[86.79922824435812,35.947385525173786],[86.80070977105095,35.94840494791691],[86.80212036132849,35.94732340494818],[86.80205430772611,35.945657280816135],[86.80083862304741,35.945083550347476],[86.79553683810803,35.94510525173632],[86.79263359917576,35.94431098090297],[86.79113878038237,35.9437868923614],[86.78853271484417,35.94199354383704],[86.78700181749167,35.94150906033008],[86.78396823459235,35.93998752170165],[86.78041137695368,35.93903320312518],[86.7791719563806,35.938416883680816],[86.77763522678003,35.938477918837066],[86.77430026584244,35.937922092014105],[86.77234524197115,35.9371188693579],[86.77041137695352,35.936810980902976],[86.76457804362013,35.93514431423637],[86.76283854166729,35.93447753906281],[86.76090359158019,35.932902832031516],[86.75968315972256,35.93290418836824],[86.75709865993957,35.93080078125024],[86.75457573784757,35.93293294270859],[86.75383029513927,35.932903374566195],[86.75347751193624,35.93068901909743],[86.75311089409757,35.92999620225714],[86.75190009223132,35.93082953559059],[86.75020290798653,35.928997667101044],[86.74930080837709,35.92903347439261],[86.74733466254378,35.92761067708352],[86.74738837348144,35.92625569661482],[86.74546101888075,35.92268337673636],[86.74444444444481,35.92138888888911],[86.74374471028688,35.92152235243083],[86.74291666666716,35.92209228515651],[86.74177924262193,35.92130967881968],[86.73946139865507,35.92191704644114],[86.7365859646273,35.923567979600875],[86.73319444444496,35.922075195312686],[86.73260145399348,35.922389051649645],[86.73264458550398,35.92347683376755],[86.73204630533888,35.924346516927244],[86.73081705729197,35.92492648654536],[86.72657714843797,35.92491970486128],[86.72410997178866,35.92578450520858],[86.72258070204026,35.92743489583353],[86.72142225477472,35.92944580078142],[86.72097751193621,35.93047254774331],[86.72196980794331,35.931391872830034],[86.72384670681464,35.932077907986354],[86.72604125976596,35.93150309244811],[86.72730889214444,35.93155327690994],[86.72977539062532,35.93086697048642],[86.73133599175401,35.92979302300364],[86.73471896701426,35.92981716579885],[86.73611436631978,35.93018283420156],[86.7377183702261,35.93014756944473],[86.73912231445365,35.93166286892375],[86.74238742404566,35.9295537651912],[86.74237141927131,35.92807264539948],[86.74380588107692,35.92764431423649],[86.74457804362015,35.92847764756965],[86.74735636393262,35.93042236328159],[86.7480498589415,35.930394965278026],[86.75014417860291,35.931800130208615],[86.75187906901084,35.93313069661474],[86.75483208550395,35.93619249131967],[86.75787746853348,35.93808973524324],[86.75722493489621,35.939951443142604],[86.759085150825,35.94102077908008],[86.76027357313421,35.94286078559048],[86.75878702799525,35.94360758463563],[86.75847751193618,35.944609103732944],[86.76027275933194,35.94549560546898],[86.7607374403218,35.94696316189271],[86.76183037651941,35.949096950955095],[86.76179768880263,35.94992187500026],[86.76122382270023,35.95100640190992],[86.76126180013074,35.951965603298845],[86.76251790364626,35.9525583224829],[86.76559760199694,35.95175157335086],[86.76432427300387,35.95009114583354]]]}},{"type":"Feature","id":"hydrolakes:174288","properties":{"Hylak_id":174288,"Lake_name":"","Country":"China","Continent":"Asia","Poly_src":"SWBD","Lake_type":1,"Grand_id":0,"Lake_area":8.23,"Shore_len":16.39,"Shore_dev":1.61,"Vol_total":80.64,"Vol_res":0.0,"Vol_src":3,"Depth_avg":9.8,"Dis_avg":0.021,"Res_time":44444.2,"Elevation":4876,"Slope_100":3.47,"Wshd_area":800.7,"Pour_long":89.252083,"Pour_lat":35.927083,"source_id":"hydrolakes:174288","label":""},"geometry":{"type":"Polygon","coordinates":[[[89.2501361762159,35.945691731771205],[89.25177897135484,35.94515842013914],[89.25569715711879,35.94291937934048],[89.25935411241392,35.94009467230927],[89.26097493489652,35.93930826822941],[89.26239746093808,35.93815999348976],[89.263498535157,35.936480577257214],[89.26420979817766,35.93428927951413],[89.26319715711867,35.9327598741321],[89.26466769748316,35.93204644097244],[89.26781494140693,35.92887505425364],[89.26987738715343,35.92847249348989],[89.2705232747403,35.927800292968925],[89.27100911458393,35.92580729166701],[89.27248426649368,35.925071343316176],[89.27291286892415,35.92315266927102],[89.27022650824716,35.92057156033002],[89.2693082682299,35.919025065104336],[89.26638888888954,35.91555555555573],[89.26485866970575,35.91569146050375],[89.26224121093833,35.91686333550382],[89.26169487847312,35.91854654947946],[89.25918592665005,35.91994683159754],[89.25755072699707,35.91910454644119],[89.25426486545194,35.918752712673836],[89.24541395399376,35.92152506510433],[89.24117513020889,35.92321831597235],[89.23985866970548,35.92319146050363],[89.23407687717099,35.92482421875019],[89.23136691623318,35.925155436198224],[89.22807210286516,35.92508816189252],[89.22463758680607,35.92612765842034],[89.22430826822983,35.926819390191156],[89.22598605685818,35.92765028211829],[89.22596923828183,35.928486056857935],[89.22481363932366,35.929046766493286],[89.2237304687506,35.92902452256965],[89.22234727647623,35.92791937934044],[89.2209638129346,35.93070258246547],[89.2209754774313,35.931272243923786],[89.22296223958392,35.932236056857846],[89.22541937934085,35.93263617621545],[89.22681206597275,35.93348063151075],[89.22933322482692,35.93347574869813],[89.23210774739636,35.93515814887172],[89.2363324652784,35.935149197048815],[89.23708062066027,35.93600206163211],[89.23543999566033,35.937578396267554],[89.23458604600756,35.939470486111475],[89.23543023003532,35.94155192057315],[89.23540283203187,35.942897949219],[89.23617350260474,35.94445149739602],[89.23773844401097,35.9454774305558],[89.23899820963607,35.946088595920344],[89.2409855143236,35.94540852864611],[89.24164225260478,35.94542182074679],[89.24422851562565,35.94738444010443],[89.2501361762159,35.945691731771205]],[[89.24567654079931,35.93678765190998],[89.24638888888956,35.93666666666684],[89.2473790147576,35.93706542968772],[89.24857855902832,35.93811821831616],[89.24985297309087,35.93761718750022],[89.2509035915806,35.93777235243073],[89.25287516276114,35.93923421223974],[89.25258924696237,35.94116889105919],[89.25170410156323,35.941852213541836],[89.25062391493123,35.941692437066195],[89.24932345920206,35.94265679253505],[89.24815239800421,35.942898763021105],[89.24565212673673,35.94176025390641],[89.24387369791748,35.93945610894116],[89.24567654079931,35.93678765190998]]]}},{"type":"Feature","id":"hydrolakes:174298","properties":{"Hylak_id":174298,"Lake_name":"","Country":"China","Continent":"Asia","Poly_src":"SWBD","Lake_type":1,"Grand_id":0,"Lake_area":8.37,"Shore_len":15.03,"Shore_dev":1.47,"Vol_total":25.64,"Vol_res":0.0,"Vol_src":3,"Depth_avg":3.1,"Dis_avg":0.0,"Res_time":-1.0,"Elevation":4879,"Slope_100":0.88,"Wshd_area":1372.3,"Pour_long":86.427083,"Pour_lat":35.89375,"source_id":"hydrolakes:174298","label":""},"geometry":{"type":"Polygon","coordinates":[[[86.4277373589415,35.91011067708365],[86.43045410156293,35.90900878906285],[86.43174791124181,35.90903510199678],[86.43952026367225,35.90483588324679],[86.4412091742625,35.90541395399333],[86.44266086154545,35.90328559027796],[86.44375094943615,35.902912597656496],[86.44458889431456,35.903480631510604],[86.44596421983556,35.903480631510604],[86.44762478298645,35.902658148871694],[86.44803141276088,35.90186876085096],[86.44566446940155,35.901193305121694],[86.44570841471398,35.899038357205086],[86.44403049045184,35.89703965928845],[86.44541354709241,35.89626383463559],[86.44539876302127,35.89467963324671],[86.44690972222253,35.89161159939255],[86.4459749348963,35.89071343315999],[86.44624728732686,35.89013617621549],[86.44819173177132,35.888981933593925],[86.44736382378517,35.888469509549],[86.44536634657157,35.887886555989894],[86.44322862413253,35.887930230034954],[86.43982788085987,35.88694607204877],[86.43574367947082,35.88770643446196],[86.43276448567741,35.8895806206599],[86.42843017578156,35.88863661024328],[86.42701307508713,35.88767605251758],[86.42475938585102,35.88723605685789],[86.4234749348962,35.88596950954883],[86.42007948133732,35.88347954644121],[86.41495334201431,35.88351291232658],[86.41375949435798,35.88293375651068],[86.41346394856816,35.88207004123285],[86.4134586588545,35.88044542100715],[86.41383273654543,35.87935248480932],[86.41319702148485,35.87902479383706],[86.41263888888932,35.87903618706616],[86.41210259331649,35.877930772569584],[86.41100341796925,35.877364637586936],[86.40933132595535,35.87738037109398],[86.40805555555607,35.87555555555571],[86.40592366536492,35.87597167968772],[86.40432874891547,35.877631835937734],[86.40374728732706,35.87791395399324],[86.40258327908043,35.87965847439261],[86.40291395399339,35.882363823784885],[86.4037726508252,35.883189019097415],[86.40291937934063,35.884008789062705],[86.40328097873316,35.88477539062524],[86.406800401476,35.88877604166697],[86.40493516710109,35.89123426649326],[86.40677178276945,35.89399712456617],[86.41013617621564,35.896252712673856],[86.4120769585507,35.896631673177296],[86.41209174262184,35.897358398437746],[86.41097493489633,35.89843153211831],[86.41502807617218,35.90084120008703],[86.41625284830758,35.902358398437684],[86.41623562283024,35.90320773654537],[86.4173583984379,35.90428656684048],[86.41682305230069,35.90487575954893],[86.41570000542566,35.90485270182313],[86.41376071506107,35.90614284939261],[86.41372504340336,35.90789116753507],[86.4149713812937,35.908533257378735],[86.41597276475733,35.9081906467016],[86.4179809570316,35.909264322916954],[86.42093478732681,35.909324544271044],[86.42302951388933,35.90847493489622],[86.42458604600745,35.90874728732666],[86.4277373589415,35.91011067708365]]]}},{"type":"Feature","id":"hydrolakes:174304","properties":{"Hylak_id":174304,"Lake_name":"","Country":"China","Continent":"Asia","Poly_src":"SWBD","Lake_type":1,"Grand_id":0,"Lake_area":1.73,"Shore_len":9.16,"Shore_dev":1.97,"Vol_total":4.94,"Vol_res":0.0,"Vol_src":3,"Depth_avg":2.9,"Dis_avg":0.003,"Res_time":19073.7,"Elevation":4971,"Slope_100":1.41,"Wshd_area":67.4,"Pour_long":87.753634,"Pour_lat":35.877495,"source_id":"hydrolakes:174304","label":""},"geometry":{"type":"Polygon","coordinates":[[[87.75338243272614,35.87901991102461],[87.754598524306,35.87817057291687],[87.75570149739627,35.87823621961837],[87.75682671441012,35.87697699652807],[87.75901258680608,35.87710720486149],[87.75989827474018,35.876488715278015],[87.76074924045201,35.87653944227458],[87.76125705295192,35.87710774739605],[87.76230902777831,35.877045084635654],[87.7651413302957,35.875577256944666],[87.76681857638948,35.875059407552385],[87.76818142361157,35.87410725911485],[87.76969455295188,35.873640136719075],[87.77025119357683,35.87485270182316],[87.77435112847286,35.87372775607662],[87.7755086263025,35.873736165364846],[87.7770206705735,35.87291449652798],[87.77962375217061,35.8726432291669],[87.7816625976568,35.87046088324678],[87.78247992621579,35.87014675564262],[87.78301350911522,35.87187418619811],[87.78431179470545,35.8717968750002],[87.7858794487853,35.872408040364746],[87.78701416015679,35.87234049479201],[87.78766954210113,35.87021809895862],[87.78903564453185,35.86959120008714],[87.79013102213588,35.86876627604198],[87.78750000000042,35.86722222222244],[87.78543511284784,35.86822048611134],[87.78416585286516,35.86733398437531],[87.78000406901089,35.86788736979196],[87.77875000000063,35.86876329210088],[87.77610432942765,35.867328287760586],[87.77536187066022,35.867372775607805],[87.77451524522633,35.8683203125002],[87.77370144314273,35.867878146701685],[87.77284152560804,35.86792941623287],[87.7711583116324,35.869105088975914],[87.77013997395875,35.868739691840574],[87.7669981553824,35.869724121094066],[87.76503716362902,35.868714735243316],[87.7631320529519,35.8684841579863],[87.76204996744855,35.87073377821196],[87.76070312500048,35.87065348307317],[87.7589898003477,35.87158447265642],[87.75913411458379,35.87400661892394],[87.7579657660595,35.8750507269969],[87.75514539930612,35.87346354166692],[87.75478732638936,35.8734849717884],[87.7548456488721,35.87581570095506],[87.75332682291713,35.876284722222465],[87.75292453342064,35.8777574327259],[87.75338243272614,35.87901991102461]]]}},{"type":"Feature","id":"hydrolakes:174306","properties":{"Hylak_id":174306,"Lake_name":"","Country":"China","Continent":"Asia","Poly_src":"SWBD","Lake_type":1,"Grand_id":0,"Lake_area":2.03,"Shore_len":9.04,"Shore_dev":1.79,"Vol_total":8.66,"Vol_res":0.0,"Vol_src":3,"Depth_avg":4.3,"Dis_avg":0.006,"Res_time":16705.9,"Elevation":4942,"Slope_100":2.13,"Wshd_area":152.4,"Pour_long":85.297952,"Pour_lat":35.864621,"source_id":"hydrolakes:174306","label":""},"geometry":{"type":"Polygon","coordinates":[[[85.30090255737349,35.8656966145835],[85.30325035942963,35.86542209201406],[85.30482564290395,35.867019856771094],[85.30633044772713,35.866492513021115],[85.30891618516733,35.86659505208365],[85.30965620252852,35.866203342014046],[85.31208584255683,35.86622233072933],[85.31374471028687,35.86477457682315],[85.31280287000914,35.862994791666836],[85.31050043741885,35.86255506727451],[85.3101441786028,35.86180013020862],[85.3087447102867,35.861533203125305],[85.30752176920612,35.8609776475696],[85.30549697876,35.86316270616339],[85.30241948445678,35.86153428819466],[85.30117368910089,35.86125542534745],[85.29958862304727,35.86181098090299],[85.2973558213979,35.862077907986304],[85.29614958021403,35.863002929687866],[85.29429907904756,35.86387641059048],[85.28894780476924,35.86366427951418],[85.28607454088035,35.8619051106773],[85.28400056627095,35.861248372396005],[85.28242535061332,35.85880886501752],[85.28066436767602,35.85847276475732],[85.28027777777805,35.85805555555578],[85.27819880167681,35.85875569661482],[85.27736679077174,35.85872260199682],[85.27615937974758,35.85936170789961],[85.27486640082498,35.8624191623266],[85.27605873955656,35.86291124131975],[85.27772910224093,35.862027452257166],[85.27908542209241,35.86238281250024],[85.2807094997832,35.864898003472376],[85.28070085313618,35.8657175021703],[85.282442593045,35.866268717448236],[85.28437082926456,35.867289225260606],[85.28653306749175,35.867633463541836],[85.28875528971383,35.86846679687517],[85.29143093533008,35.870122341580156],[85.29474700927761,35.8709624565974],[85.2982910495337,35.87034532335093],[85.29907367282476,35.868335503472395],[85.30014417860286,35.86764431423637],[85.30090255737349,35.8656966145835]]]}},{"type":"Feature","id":"hydrolakes:174309","properties":{"Hylak_id":174309,"Lake_name":"","Country":"China","Continent":"Asia","Poly_src":"SWBD","Lake_type":1,"Grand_id":0,"Lake_area":1.1,"Shore_len":5.39,"Shore_dev":1.45,"Vol_total":3.85,"Vol_res":0.0,"Vol_src":3,"Depth_avg":3.5,"Dis_avg":0.003,"Res_time":14856.0,"Elevation":4888,"Slope_100":2.1,"Wshd_area":83.9,"Pour_long":86.372917,"Pour_lat":35.852078,"source_id":"hydrolakes:174309","label":""},"geometry":{"type":"Polygon","coordinates":[[[86.3693910047748,35.85457302517386],[86.3709369574658,35.85373291015645],[86.37318142361153,35.854212510850914],[86.37626491970536,35.851779785156566],[86.37679768880253,35.85075222439252],[86.3752929687505,35.84979519314254],[86.37413221571211,35.850211588541924],[86.37320231119821,35.84967312283004],[86.37411064995706,35.848372667101046],[86.37139241536494,35.84615370008703],[86.3676532660595,35.84443766276058],[86.36666666666696,35.84333333333353],[86.36292982313404,35.844674207899516],[86.36542453342048,35.84874213324679],[86.36576782226592,35.8505815972224],[86.36538316514788,35.85128933376757],[86.36291666666699,35.85129150390651],[86.36194159613763,35.85123318142388],[86.36022691514802,35.85030164930572],[86.35915717230944,35.851499023437725],[86.35856282552112,35.85279378255234],[86.35947970920188,35.853613009982894],[86.36240424262184,35.85406873914951],[86.36485324435802,35.855146755642636],[86.36614678276948,35.855447591146],[86.36720947265661,35.85538438585087],[86.36818657769135,35.854853244357855],[86.3693910047748,35.85457302517386]]]}},{"type":"Feature","id":"hydrolakes:174348","properties":{"Hylak_id":174348,"Lake_name":"","Country":"China","Continent":"Asia","Poly_src":"SWBD","Lake_type":1,"Grand_id":0,"Lake_area":3.31,"Shore_len":13.33,"Shore_dev":2.07,"Vol_total":16.43,"Vol_res":0.0,"Vol_src":3,"Depth_avg":5.0,"Dis_avg":0.005,"Res_time":38026.6,"Elevation":4882,"Slope_100":2.15,"Wshd_area":141.3,"Pour_long":86.592671,"Pour_lat":35.742593,"source_id":"hydrolakes:174348","label":""},"geometry":{"type":"Polygon","coordinates":[[[86.57759426540832,35.75479709201409],[86.57503323025219,35.75322889539956],[86.57374471028697,35.7529220920141],[86.57236911349878,35.75186713324689],[86.57096693250907,35.751533203125234],[86.57069973415844,35.75026340060788],[86.57451578776102,35.74935438368067],[86.57675238715314,35.74899820963566],[86.57837782118094,35.74901502821206],[86.581233588325,35.747172309027974],[86.58027506510467,35.74577935112865],[86.58626546223996,35.74401177300365],[86.58735541449681,35.74405517578151],[86.58875000000046,35.74331705729185],[86.58961751302127,35.74377604166699],[86.59184068467925,35.74368815104185],[86.59402194552985,35.74311659071208],[86.59335639105933,35.74121771918419],[86.59498928493957,35.74016330295166],[86.59541137695345,35.739354383680904],[86.5939718967017,35.73847764756971],[86.59239420572965,35.739312337239824],[86.59202853732671,35.73929796006968],[86.59138888888936,35.73777777777798],[86.59068915473142,35.73791124131975],[86.5898506673181,35.738488226996765],[86.58811102973135,35.7384920247398],[86.58471340603342,35.740411241319634],[86.58130845811684,35.73860975477447],[86.5806610785595,35.739908854166856],[86.57902248806477,35.74096679687523],[86.5785068088112,35.74205973307318],[86.57519178602479,35.74148247612868],[86.57238661024348,35.74302788628495],[86.57202134874166,35.74494113498298],[86.56982408311683,35.74485405815989],[86.56917724609406,35.7441560872399],[86.56788248697967,35.74374620225717],[86.56612182617232,35.74184597439256],[86.56513359917568,35.741533203125186],[86.56396592881975,35.740091688368295],[86.56245551215329,35.740151638455075],[86.561239556207,35.740988226996706],[86.56017306857672,35.74094618055574],[86.55958862304738,35.741255425347504],[86.5576335991758,35.74152235243065],[86.55509819878523,35.742765842014194],[86.55312622070358,35.74437065972239],[86.55181613498297,35.74639946831621],[86.55096693250914,35.7468001302085],[86.55069973415846,35.74795491536486],[86.55325588650209,35.74790879991349],[86.55617933485291,35.74937988281272],[86.55923272026945,35.74925889756969],[86.56062825520871,35.74999728732672],[86.56283094618107,35.75052191840297],[86.56457451714459,35.75172173394117],[86.56696560329891,35.752478841146],[86.56813137478338,35.75373697916683],[86.56985690646752,35.75431125217034],[86.57140991210986,35.75424967447941],[86.57304307725758,35.75492051866354],[86.57497477213587,35.75700520833357],[86.57681084526945,35.75735568576408],[86.5787447102868,35.75819986979184],[86.58102810329893,35.758466796875155],[86.58224297417587,35.7578241644967],[86.58263359917572,35.75637586805573],[86.57969238281288,35.7559071180558],[86.57759426540832,35.75479709201409]]]}},{"type":"Feature","id":"hydrolakes:174357","properties":{"Hylak_id":174357,"Lake_name":"","Country":"China","Continent":"Asia","Poly_src":"SWBD","Lake_type":1,"Grand_id":0,"Lake_area":7.21,"Shore_len":14.56,"Shore_dev":1.53,"Vol_total":37.99,"Vol_res":0.0,"Vol_src":3,"Depth_avg":5.3,"Dis_avg":0.021,"Res_time":20937.2,"Elevation":4958,"Slope_100":1.75,"Wshd_area":412.1,"Pour_long":85.264583,"Pour_lat":35.71875,"source_id":"hydrolakes:174357","label":""},"geometry":{"type":"Polygon","coordinates":[[[85.2579113769533,35.73931098090304],[85.25569973415821,35.73730523003496],[85.25625752766962,35.736251085069625],[85.25597924126555,35.73482286241341],[85.25955388387064,35.73489854600717],[85.26041137695347,35.7341069878475],[85.25849789089654,35.73350124783008],[85.25601640489401,35.731542426215526],[85.25714619954448,35.7300691731773],[85.26188612196222,35.72874782986128],[85.26409154256208,35.72758083767383],[85.26643342759917,35.72762613932309],[85.26791666666696,35.72660536024324],[85.27071504381001,35.72845947265648],[85.27467844645219,35.72874457465298],[85.2756891547312,35.72816487630229],[85.27401133219439,35.72708143446215],[85.27403857760999,35.72639431423636],[85.27830003526498,35.725659993489785],[85.27970650566988,35.72571587456622],[85.28203082614499,35.72476101345501],[85.28436106363972,35.722246093750186],[85.28660218980605,35.71861545138904],[85.28767318725608,35.715865342882125],[85.28762995402053,35.71477430555575],[85.28611762152804,35.711292860243304],[85.2845323181154,35.709823947482846],[85.27888888888918,35.708055555555745],[85.27250705295165,35.708867730035024],[85.27052970038568,35.70834960937515],[85.26803755018489,35.70878363715292],[85.26561296251106,35.709602050781484],[85.26426318698498,35.71031629774325],[85.26335344102671,35.71172526041693],[85.26351772732227,35.715870496962054],[85.26240634494405,35.71624457465293],[85.26066055297906,35.71482394748284],[85.25885559082047,35.71489556206615],[85.25680814955012,35.71435899522589],[85.25534852769687,35.71547824435794],[85.25384021335219,35.71508300781272],[85.25267191569048,35.715701226128715],[85.249855821398,35.716522352430786],[85.24939149644666,35.71702365451404],[85.24703748914965,35.723287760416895],[85.24709889729837,35.72483723958368],[85.24650409274653,35.72662462022589],[85.246502990723,35.72840304904537],[85.24685409545924,35.72974310980936],[85.24550991482232,35.73407714843768],[85.24741405910942,35.73686957465293],[85.24903306749167,35.7376334635419],[85.25106179131427,35.7394132486981],[85.25238615247969,35.73871256510438],[85.25481172349743,35.73880859375015],[85.25650161743204,35.73940077039964],[85.2559563022192,35.740431586371756],[85.2559850226512,35.74115614149326],[85.2579725816517,35.74152235243065],[85.25904364691866,35.740955674913494],[85.25899878607885,35.739823947482876],[85.2579113769533,35.73931098090304]]]}},{"type":"Feature","id":"hydrolakes:174372","properties":{"Hylak_id":174372,"Lake_name":"","Country":"China","Continent":"Asia","Poly_src":"SWBD","Lake_type":1,"Grand_id":0,"Lake_area":5.39,"Shore_len":13.31,"Shore_dev":1.62,"Vol_total":38.64,"Vol_res":0.0,"Vol_src":3,"Depth_avg":7.2,"Dis_avg":0.002,"Res_time":223584.6,"Elevation":5025,"Slope_100":2.79,"Wshd_area":29.0,"Pour_long":86.096144,"Pour_lat":35.638955,"source_id":"hydrolakes:174372","label":""},"geometry":{"type":"Polygon","coordinates":[[[86.09876200358104,35.6260861545141],[86.09840928819477,35.62387179904533],[86.0976441786027,35.623466796875164],[86.09608052571662,35.62281901041683],[86.0943929714631,35.62419243706614],[86.09292324490065,35.623498806423754],[86.09289957682319,35.622903103298825],[86.09367980957057,35.62142849392376],[86.09176032172337,35.61986653645852],[86.08970384385879,35.62020426432315],[86.08915045844213,35.62125000000026],[86.09002604166722,35.622904730902974],[86.08880045572954,35.62295328776065],[86.08791687011745,35.622134602864776],[86.08759033203171,35.61940565321203],[86.08488118489629,35.616895616319596],[86.084834594727,35.61571994357655],[86.08596476237011,35.61407769097235],[86.08600063747895,35.61317165798641],[86.08402052137626,35.60958550347243],[86.08459825303856,35.606845160590524],[86.08339728461397,35.60480224609398],[86.08159715440564,35.60390950520855],[86.0780135091149,35.60405137803838],[86.07694444444479,35.60361111111126],[86.07574544270864,35.60399061414961],[86.07464843750034,35.605481770833535],[86.07264560275638,35.60677517361131],[86.07261223687112,35.60761637369808],[86.07365105523047,35.60897108289947],[86.07427435980941,35.61093994140646],[86.07728217230942,35.61194959852446],[86.07764458550412,35.612634277343886],[86.07822021484424,35.615649956597395],[86.07736640082516,35.61772840711825],[86.07794765896296,35.62060139973988],[86.08000813802124,35.62157389322937],[86.0817923990889,35.624945746528056],[86.08183926052561,35.62612901475717],[86.08118320041268,35.627519259982876],[86.0789222547748,35.62871554904541],[86.0769450547964,35.629186469184276],[86.07599148220532,35.63006998697932],[86.07594604492238,35.63121582031266],[86.07649603949699,35.632255316840485],[86.07655442979632,35.63372748480924],[86.07458862304736,35.63629096137174],[86.07501553005704,35.637565646701546],[86.07681084526945,35.63846679687521],[86.07843214247004,35.63971028645847],[86.08124471028674,35.64097764756963],[86.0880938720706,35.64129069010437],[86.09032992892844,35.64207438151061],[86.09414116753533,35.64222547743083],[86.09617058648035,35.64034505208349],[86.09668097602031,35.63888888888903],[86.09597751193621,35.63688178168428],[86.09681084526949,35.63458875868076],[86.09872456868521,35.627030164930716],[86.09876200358104,35.6260861545141]]]}},{"type":"Feature","id":"hydrolakes:174379","properties":{"Hylak_id":174379,"Lake_name":"","Country":"China","Continent":"Asia","Poly_src":"SWBD","Lake_type":1,"Grand_id":0,"Lake_area":2.14,"Shore_len":11.62,"Shore_dev":2.24,"Vol_total":6.9,"Vol_res":0.0,"Vol_src":3,"Depth_avg":3.2,"Dis_avg":0.002,"Res_time":39952.7,"Elevation":4988,"Slope_100":1.5,"Wshd_area":34.2,"Pour_long":86.254364,"Pour_lat":35.620519,"source_id":"hydrolakes:174379","label":""},"geometry":{"type":"Polygon","coordinates":[[[86.24735785590309,35.62820773654528],[86.24896959092911,35.62785617404535],[86.25051771375905,35.627980685764044],[86.25235080295175,35.627073025173786],[86.25403808593796,35.626815863715535],[86.25541531033019,35.62573730468773],[86.25857516818604,35.62467637803843],[86.25957302517389,35.62381646050369],[86.2573714192713,35.62207302517396],[86.25533989800397,35.62176350911477],[86.25390991210998,35.61948052300369],[86.25245266384593,35.618945312500216],[86.2514066569014,35.61968695746543],[86.25008965386326,35.618952094184294],[86.24869262695358,35.61933430989603],[86.24803968641521,35.61928195529538],[86.24608886718778,35.62012207031273],[86.24381971571216,35.61928873697934],[86.24311225043448,35.61934570312525],[86.2400419108078,35.61850992838578],[86.23905612521736,35.616936035156414],[86.2361043294274,35.61717312283008],[86.23524956597277,35.61669623480918],[86.23354220920174,35.6168334960941],[86.23173217773473,35.6164385308162],[86.23012546115484,35.61702853732663],[86.2289727105038,35.617121310764105],[86.22473537868973,35.61589328342035],[86.22444444444483,35.615555555555716],[86.22265272352462,35.61680311414949],[86.22209364149353,35.618845757378665],[86.22260186089454,35.61977511935788],[86.22359130859411,35.619223090277956],[86.22484429253518,35.62000786675367],[86.22590481228349,35.621238606771044],[86.22737141927132,35.621795247395994],[86.22880533854203,35.62269015842037],[86.23027370876787,35.62257215711827],[86.23290635850725,35.62348253038209],[86.23564751519126,35.62384114583347],[86.23909450954909,35.626171061198136],[86.24051662868959,35.627821723090506],[86.2426409233945,35.62820692274323],[86.24436835395011,35.62773437500033],[86.24593478732697,35.62760850694468],[86.24735785590309,35.62820773654528]],[[86.24309217664961,35.62273464626759],[86.24104654947939,35.622258843316104],[86.23957573784759,35.621231553819655],[86.23903564453167,35.62020317925379],[86.24055555555589,35.62000000000023],[86.24279215494835,35.6214805772571],[86.24374213324688,35.62096435546897],[86.24659600151944,35.6207023111981],[86.24829616970533,35.6218899197051],[86.25047390408031,35.6209841579863],[86.25038289388067,35.62251139322939],[86.25266221788223,35.6232191297745],[86.2526199001739,35.623930392795444],[86.25077297634596,35.6242976888023],[86.2458660210508,35.62348008897601],[86.24335164388071,35.62523627387168],[86.24238335503509,35.62471028645848],[86.24309217664961,35.62273464626759]]]}},{"type":"Feature","id":"hydrolakes:174380","properties":{"Hylak_id":174380,"Lake_name":"","Country":"China","Continent":"Asia","Poly_src":"SWBD","Lake_type":1,"Grand_id":0,"Lake_area":2.08,"Shore_len":6.09,"Shore_dev":1.19,"Vol_total":3.77,"Vol_res":0.0,"Vol_src":3,"Depth_avg":1.8,"Dis_avg":0.003,"Res_time":14527.9,"Elevation":4989,"Slope_100":0.77,"Wshd_area":61.1,"Pour_long":86.297257,"Pour_lat":35.618966,"source_id":"hydrolakes:174380","label":""},"geometry":{"type":"Polygon","coordinates":[[[86.29352267795184,35.62680013020855],[86.29630235460098,35.62509819878494],[86.29737684461861,35.62343424479195],[86.29872599283891,35.62348768446196],[86.29989501953156,35.623078070746715],[86.29985324435796,35.62202256944465],[86.29930026584248,35.62097764756953],[86.29877753363758,35.618783094618266],[86.29763359917564,35.616810980902926],[86.29736626519139,35.61568874783012],[86.29629069010468,35.615731336805766],[86.29316663954029,35.61399983723976],[86.28930026584231,35.61292209201423],[86.28916666666714,35.61250000000024],[86.28687459309947,35.61261420355919],[86.28547932942752,35.61297960069459],[86.28374606662385,35.612910970052326],[86.28205118815151,35.61335503472236],[86.28205457899338,35.617946777344],[86.27958577474004,35.6187282986113],[86.27931084526972,35.619310980902924],[86.27696953667572,35.62035427517378],[86.277385118273,35.62274142795167],[86.27914496527819,35.62374457465302],[86.28169596354195,35.62285047743069],[86.28662462022606,35.624606933593896],[86.2873657226566,35.62457763671898],[86.28904256184927,35.625432671441104],[86.28984632704055,35.62540066189257],[86.29137695312545,35.626155327691265],[86.29352267795184,35.62680013020855]]]}},{"type":"Feature","id":"hydrolakes:174391","properties":{"Hylak_id":174391,"Lake_name":"","Country":"China","Continent":"Asia","Poly_src":"SWBD","Lake_type":1,"Grand_id":0,"Lake_area":1.75,"Shore_len":7.54,"Shore_dev":1.61,"Vol_total":7.49,"Vol_res":0.0,"Vol_src":3,"Depth_avg":4.3,"Dis_avg":0.001,"Res_time":86742.0,"Elevation":5084,"Slope_100":2.27,"Wshd_area":17.8,"Pour_long":85.938244,"Pour_lat":35.5911,"source_id":"hydrolakes:174391","label":""},"geometry":{"type":"Polygon","coordinates":[[[85.96039808485278,35.600242513021044],[85.96237481011326,35.59828586154532],[85.96234436035195,35.59777506510437],[85.9614574517147,35.596142849392606],[85.96023769802542,35.59505289713559],[85.9578932020404,35.59432888454876],[85.95666666666727,35.59366238064251],[85.9550579155819,35.59429768880233],[85.95397488064265,35.59370930989604],[85.95257765028242,35.59081407335094],[85.95141669379376,35.589776746961945],[85.94901475694479,35.589919704861245],[85.94704555935363,35.59124213324674],[85.94583333333378,35.58916666666681],[85.94487352159331,35.589463161892525],[85.94229960123744,35.59244927300364],[85.94085503472269,35.591930881076564],[85.9396645100914,35.59109944661475],[85.93510993109851,35.589282497830084],[85.93417948404982,35.589337836371726],[85.93274949815572,35.59011501736137],[85.93129211425821,35.59056504991355],[85.9309800211592,35.59306098090292],[85.93241061740491,35.5949069552953],[85.93425774468358,35.59547743055572],[85.93594943576431,35.5953765190975],[85.94135070800809,35.59746771918424],[85.94333292643273,35.59704427083369],[85.94430392795192,35.59651665581612],[85.9458460828996,35.597070041232826],[85.94763651529973,35.595682508680795],[85.94932698567737,35.59638563368077],[85.95157111273909,35.59680447048646],[85.95262830946228,35.59798773871552],[85.95724331325994,35.59990939670166],[85.95915283203169,35.599795735677276],[85.96039808485278,35.600242513021044]]]}},{"type":"Feature","id":"hydrolakes:174395","properties":{"Hylak_id":174395,"Lake_name":"","Country":"China","Continent":"Asia","Poly_src":"SWBD","Lake_type":1,"Grand_id":0,"Lake_area":1.53,"Shore_len":6.77,"Shore_dev":1.54,"Vol_total":3.38,"Vol_res":0.0,"Vol_src":3,"Depth_avg":2.2,"Dis_avg":0.009,"Res_time":4349.0,"Elevation":4970,"Slope_100":1.08,"Wshd_area":170.6,"Pour_long":86.873958,"Pour_lat":35.586305,"source_id":"hydrolakes:174395","label":""},"geometry":{"type":"Polygon","coordinates":[[[86.87132581922799,35.59350830078159],[86.8738191731776,35.59313666449668],[86.87593804253527,35.59322048611125],[86.87746609158035,35.59246609158015],[86.87875528971387,35.590144314236284],[86.87908284505244,35.58910942925371],[86.88042195638064,35.588477647569675],[86.882355821398,35.58680013020853],[86.88410793728332,35.586521267361434],[86.88653306749171,35.58569986979188],[86.8881522623704,35.58484293619813],[86.88889838324701,35.58487250434041],[86.89033691406286,35.583882649739735],[86.88927788628513,35.58290120442729],[86.88819742838609,35.5829440646703],[86.88792195638064,35.58220404730923],[86.8891232638893,35.581637098524425],[86.8907168240022,35.58219563802112],[86.89248521592918,35.58146918402798],[86.89205607096403,35.58065809461817],[86.89083333333366,35.58000000000021],[86.88651340060807,35.58082465277795],[86.88569444444482,35.58125813802104],[86.88468071831664,35.58072157118073],[86.88256985134586,35.581274685330015],[86.8804130045578,35.581255696614846],[86.87704522026951,35.58048963758705],[86.87515747070353,35.58202609592041],[86.87617228190157,35.58449679904527],[86.87438924153679,35.58533827039946],[86.87312337239632,35.58466851128486],[86.87066189236151,35.58684434678838],[86.86957804362032,35.58735568576407],[86.86731024848143,35.58927218967045],[86.86737887912375,35.59100396050377],[86.86847751193625,35.59152235243073],[86.87132581922799,35.59350830078159]]]}},{"type":"Feature","id":"hydrolakes:174402","properties":{"Hylak_id":174402,"Lake_name":"","Country":"China","Continent":"Asia","Poly_src":"SWBD","Lake_type":1,"Grand_id":0,"Lake_area":1.5,"Shore_len":7.8,"Shore_dev":1.79,"Vol_total":7.63,"Vol_res":0.0,"Vol_src":3,"Depth_avg":5.1,"Dis_avg":0.013,"Res_time":6792.8,"Elevation":4932,"Slope_100":2.91,"Wshd_area":49.9,"Pour_long":88.514772,"Pour_lat":35.57344,"source_id":"hydrolakes:174402","label":""},"geometry":{"type":"Polygon","coordinates":[[[88.53262098524357,35.58772352430577],[88.53270589192772,35.586666666666815],[88.53014268663247,35.58533827039946],[88.52804361979236,35.585506998698065],[88.52721761067772,35.5847951931425],[88.52663438585137,35.58375000000018],[88.52755913628522,35.5818839518231],[88.52862223307346,35.58052652994809],[88.52653808593811,35.578731011285015],[88.52700954861177,35.57772813585086],[88.53059217664998,35.57706841362875],[88.53121907552139,35.57566351996536],[88.53336886935824,35.57470404730924],[88.53404730902827,35.573747558593936],[88.53315348307348,35.572802191840424],[88.52949218750047,35.57400173611137],[88.5283778211811,35.574091254340544],[88.52652153862897,35.57358317057327],[88.5240451388895,35.57378200954878],[88.5226125759554,35.57266004774323],[88.52034206814284,35.57236300998284],[88.5180555555562,35.57027777777802],[88.5129625108512,35.57276177300372],[88.51287814670212,35.57381293402801],[88.51456108941028,35.57526285807313],[88.51485351562565,35.57655083550367],[88.51932807074718,35.58017849392388],[88.5216769748269,35.581041124132184],[88.52338677300406,35.58032090928839],[88.52413248697968,35.581372884114785],[88.52459906684089,35.58264322916676],[88.52237141927134,35.58513888888916],[88.52270833333381,35.58588026258701],[88.52677544487915,35.58739691840299],[88.52794894748314,35.58730278862873],[88.53262098524357,35.58772352430577]]]}},{"type":"Feature","id":"hydrolakes:174407","properties":{"Hylak_id":174407,"Lake_name":"","Country":"China","Continent":"Asia","Poly_src":"SWBD","Lake_type":1,"Grand_id":0,"Lake_area":1.08,"Shore_len":5.64,"Shore_dev":1.53,"Vol_total":2.81,"Vol_res":0.0,"Vol_src":3,"Depth_avg":2.6,"Dis_avg":0.034,"Res_time":957.1,"Elevation":4895,"Slope_100":1.49,"Wshd_area":62.2,"Pour_long":89.008929,"Pour_lat":35.563325,"source_id":"hydrolakes:174407","label":""},"geometry":{"type":"Polygon","coordinates":[[[89.01291178385469,35.56047526041681],[89.01332492404589,35.55831163194472],[89.01465955946236,35.55792209201411],[89.01625135633753,35.55847981770847],[89.01707790798667,35.557973904080086],[89.01583333333389,35.556388888889046],[89.01200575086858,35.5567968750002],[89.00816026475763,35.55822048611128],[89.0070225694451,35.5582023111981],[89.00524414062568,35.5590223524307],[89.00392198350767,35.55811279296893],[89.00105278862901,35.55911838107659],[88.99931098090332,35.56231580946206],[89.00243842230958,35.56667453342027],[89.00142659505275,35.56864827473976],[88.99956922743127,35.56909071180576],[88.99960910373329,35.57009711371546],[89.00180094401105,35.570700141059206],[89.00260064019164,35.57066840277804],[89.00432074652832,35.56934950086833],[89.00633273654603,35.56896538628496],[89.00595675998329,35.56789279513907],[89.00598659939288,35.567136773003824],[89.00745442708399,35.56492485894114],[89.00875542534789,35.56431098090292],[89.01291178385469,35.56047526041681]]]}},{"type":"Feature","id":"hydrolakes:174412","properties":{"Hylak_id":174412,"Lake_name":"","Country":"China","Continent":"Asia","Poly_src":"SWBD","Lake_type":1,"Grand_id":0,"Lake_area":1.03,"Shore_len":4.56,"Shore_dev":1.27,"Vol_total":4.47,"Vol_res":0.0,"Vol_src":3,"Depth_avg":4.3,"Dis_avg":0.032,"Res_time":1618.5,"Elevation":4896,"Slope_100":2.77,"Wshd_area":93.6,"Pour_long":88.866439,"Pour_lat":35.548897,"source_id":"hydrolakes:174412","label":""},"geometry":{"type":"Polygon","coordinates":[[[88.87728515625076,35.55165662977447],[88.87938829210128,35.55154568142382],[88.88472846137205,35.55057888454877],[88.8856841362853,35.54901746961821],[88.88679524739638,35.54806016710103],[88.88598253038276,35.54735080295171],[88.88354031033055,35.54620117187517],[88.8800000000005,35.54361111111126],[88.87445258246589,35.543742404514035],[88.87292697482695,35.54459364149329],[88.87131917317777,35.544886881510706],[88.87189263237917,35.54644856770847],[88.87044080946231,35.547477756076546],[88.86711642795188,35.54798448350715],[88.86598253038267,35.54896131727452],[88.8676988389762,35.549956597222376],[88.86971815321232,35.54979437934048],[88.87068793402841,35.55015055338555],[88.87170844184095,35.55006863064261],[88.87235080295204,35.550426974826564],[88.87403808593803,35.55068413628493],[88.87728515625076,35.55165662977447]]]}},{"type":"Feature","id":"hydrolakes:174414","properties":{"Hylak_id":174414,"Lake_name":"","Country":"China","Continent":"Asia","Poly_src":"SWBD","Lake_type":1,"Grand_id":0,"Lake_area":3.37,"Shore_len":13.31,"Shore_dev":2.04,"Vol_total":11.73,"Vol_res":0.0,"Vol_src":3,"Depth_avg":3.5,"Dis_avg":0.022,"Res_time":6173.3,"Elevation":4829,"Slope_100":1.4,"Wshd_area":84.3,"Pour_long":88.269792,"Pour_lat":35.544359,"source_id":"hydrolakes:174414","label":""},"geometry":{"type":"Polygon","coordinates":[[[88.24631781684093,35.55971055772585],[88.2492952473965,35.55735080295153],[88.25050021701435,35.55707709418425],[88.25256429036529,35.555704752604356],[88.25373969184074,35.55653808593769],[88.25469753689299,35.55682644314271],[88.25540635850751,35.55764919704882],[88.25844319661502,35.55961561414955],[88.25997287326447,35.55886881510435],[88.26460801866364,35.558395996093964],[88.266805555556,35.55857259114606],[88.26858344184086,35.558429904514014],[88.27360839843794,35.55912733289955],[88.27581624349006,35.55782850477448],[88.27516818576436,35.5566666666669],[88.27587103949713,35.555406629774495],[88.2742966037332,35.55442057291697],[88.270073242188,35.55534125434059],[88.26959364149377,35.55432834201406],[88.27108208550408,35.55252902560784],[88.27048204210115,35.551453721788334],[88.27229492187547,35.55064480251764],[88.27262858072964,35.549694552951735],[88.27096191406315,35.54931586371555],[88.27070475260467,35.54875515408003],[88.27264919704913,35.54653808593764],[88.27290635850761,35.545828721788325],[88.27223578559085,35.54400254991339],[88.27095730251796,35.54320203993075],[88.26757893880267,35.542282172309285],[88.26555555555609,35.540555555555784],[88.26407714843793,35.54082519531272],[88.26376030816039,35.54302164713562],[88.26459906684073,35.5445252821184],[88.26448594835114,35.54593288845513],[88.26502387152857,35.54623969184047],[88.26652018229231,35.5454050021703],[88.26698404947979,35.54544216579882],[88.26735080295185,35.5471807183161],[88.26499511718822,35.548538682725905],[88.26199679904573,35.54862413194462],[88.25613064236177,35.550148383246665],[88.25570475260469,35.55079942491335],[88.25650634765702,35.552236328125275],[88.25533121744837,35.55324896918421],[88.25328504774353,35.552802734375234],[88.25119981553883,35.553373480902906],[88.25006618923663,35.55256971571197],[88.25011773003524,35.55084852430576],[88.24703070746591,35.55037814670152],[88.2471769205734,35.54855902777791],[88.2455601671013,35.54667127821199],[88.24299316406291,35.54687744140642],[88.24205539279563,35.54621256510433],[88.24042697482696,35.548119845920326],[88.24148328993113,35.549609646267584],[88.24234320746586,35.55216606987875],[88.23930636935808,35.553581000434235],[88.23807156033041,35.55616346571202],[88.23921603732691,35.557149251302235],[88.2398632812505,35.55678819444461],[88.24179687500066,35.5584841579863],[88.24234103732692,35.55844048394118],[88.2433949110249,35.55918755425364],[88.24382921007009,35.56109917534741],[88.24631781684093,35.55971055772585]]]}},{"type":"Feature","id":"hydrolakes:174419","properties":{"Hylak_id":174419,"Lake_name":"","Country":"China","Continent":"Asia","Poly_src":"SWBD","Lake_type":1,"Grand_id":0,"Lake_area":1.07,"Shore_len":4.92,"Shore_dev":1.34,"Vol_total":5.43,"Vol_res":0.0,"Vol_src":3,"Depth_avg":5.1,"Dis_avg":0.011,"Res_time":5708.7,"Elevation":5079,"Slope_100":3.29,"Wshd_area":326.0,"Pour_long":85.952099,"Pour_lat":35.535476,"source_id":"hydrolakes:174419","label":""},"geometry":{"type":"Polygon","coordinates":[[[85.95629069010465,35.54073133680578],[85.95952982584686,35.540730794270985],[85.96071946885883,35.54010145399337],[85.96180976019997,35.54014458550364],[85.96431084526938,35.539588758680736],[85.96488776312964,35.53928331163212],[85.96485114203597,35.53836018880236],[85.963466932509,35.537922092014014],[85.95972452799526,35.535637749566206],[85.95861111111174,35.53602810329886],[85.9575139024526,35.5356434461807],[85.95701165093362,35.53405707465299],[85.95455186631972,35.533471408420326],[85.9541666666671,35.533055555555904],[85.95286444769994,35.53349772135442],[85.95030178493977,35.53348225911475],[85.94819973415832,35.534033203125205],[85.94596693250895,35.53430013020852],[85.94514417860285,35.53486653645854],[85.94250461154559,35.53522705078143],[85.94208862304731,35.536518825955056],[85.94595723470104,35.53949869791688],[85.94894761827283,35.53997504340293],[85.95250000000027,35.53904405381968],[85.95466193305157,35.53961073133701],[85.95629069010465,35.54073133680578]]]}},{"type":"Feature","id":"hydrolakes:174424","properties":{"Hylak_id":174424,"Lake_name":"","Country":"China","Continent":"Asia","Poly_src":"SWBD","Lake_type":1,"Grand_id":0,"Lake_area":1.73,"Shore_len":8.6,"Shore_dev":1.85,"Vol_total":12.55,"Vol_res":0.0,"Vol_src":3,"Depth_avg":7.3,"Dis_avg":0.009,"Res_time":16133.8,"Elevation":4886,"Slope_100":4.23,"Wshd_area":80.2,"Pour_long":87.727075,"Pour_lat":35.510426,"source_id":"hydrolakes:174424","label":""},"geometry":{"type":"Polygon","coordinates":[[[87.73052327474005,35.5143926323787],[87.73234809027844,35.51270182291688],[87.73273437500046,35.51148193359393],[87.73467881944492,35.51155897352447],[87.73568901909772,35.51039089626755],[87.7334722222227,35.50929741753487],[87.73215223524352,35.50985568576408],[87.73091715494849,35.507943250868266],[87.73000298394146,35.50892985026064],[87.72791286892414,35.50807128906274],[87.72619330512197,35.506752658420396],[87.72332275390681,35.50584391276061],[87.72305555555596,35.5055555555557],[87.7204201931429,35.505977918837004],[87.71633924696243,35.50598524305576],[87.7159776475699,35.50697808159754],[87.71681477864632,35.50819498697939],[87.71565863715324,35.50961561414948],[87.71350640191014,35.51029703776061],[87.71319986979216,35.51118462456617],[87.71452446831637,35.51291232638903],[87.71680013020881,35.514033203125166],[87.7191037326395,35.51471435546898],[87.72088650173669,35.51377088758693],[87.72360134548671,35.514338921441094],[87.72562879774347,35.51425862630231],[87.72978379991383,35.51806342230924],[87.73216715494846,35.51899169921893],[87.7330655924485,35.52038275824668],[87.73428032769152,35.52076741536473],[87.73513346354241,35.522088758680695],[87.73620632595521,35.52242838541696],[87.73668538411516,35.524439832899475],[87.73836697048671,35.5256890190974],[87.74126573350742,35.52373019748285],[87.74123155381989,35.52286892361133],[87.73763346354207,35.52125542534753],[87.73510199652827,35.51852294921889],[87.73252088758721,35.51777072482662],[87.73106119791726,35.51665147569469],[87.73052327474005,35.5143926323787]]]}},{"type":"Feature","id":"hydrolakes:174426","properties":{"Hylak_id":174426,"Lake_name":"","Country":"China","Continent":"Asia","Poly_src":"SWBD","Lake_type":1,"Grand_id":0,"Lake_area":1.7,"Shore_len":7.25,"Shore_dev":1.57,"Vol_total":7.07,"Vol_res":0.0,"Vol_src":3,"Depth_avg":4.2,"Dis_avg":0.032,"Res_time":2555.6,"Elevation":4883,"Slope_100":2.2,"Wshd_area":279.7,"Pour_long":88.030346,"Pour_lat":35.507709,"source_id":"hydrolakes:174426","label":""},"geometry":{"type":"Polygon","coordinates":[[[88.03917724609443,35.51653835720509],[88.04007351345547,35.514639485677264],[88.04133707682365,35.51280327690989],[88.04041124131999,35.5123665364585],[88.04014431423667,35.51152235243069],[88.03874457465321,35.5098665364585],[88.03822401258742,35.508763292100866],[88.0356157769105,35.50817003038213],[88.03276665581649,35.508227810330084],[88.03087483724016,35.50762885199674],[88.02656928168454,35.5040907118057],[88.02597764756996,35.502911241319566],[88.02485568576441,35.50153320312518],[88.0241666666671,35.49944444444458],[88.02177571614646,35.499620768229306],[88.02022705078167,35.50035156250016],[88.02082275390677,35.50223280164954],[88.0225000000006,35.502763943142554],[88.02417941623321,35.504751247830086],[88.02304850260475,35.505799153646024],[88.0245713975699,35.50801215277801],[88.0236292860248,35.51069986979189],[88.02539903428874,35.51390625000016],[88.02319986979228,35.514430067274645],[88.02377088758732,35.51595648871546],[88.02431016710119,35.51597791883694],[88.02592556423662,35.514866536458555],[88.0283146158859,35.51566080729202],[88.02956841362902,35.51571044921894],[88.03046468099006,35.51523627387172],[88.03310248480949,35.515864529080034],[88.03403320312555,35.517077907986334],[88.0344072808166,35.51864881727454],[88.0356336805562,35.519297688802226],[88.03623969184099,35.51932156033001],[88.03837890625061,35.518130696614776],[88.03917724609443,35.51653835720509]]]}},{"type":"Feature","id":"hydrolakes:174433","properties":{"Hylak_id":174433,"Lake_name":"","Country":"China","Continent":"Asia","Poly_src":"SWBD","Lake_type":1,"Grand_id":0,"Lake_area":3.02,"Shore_len":13.11,"Shore_dev":2.13,"Vol_total":8.34,"Vol_res":0.0,"Vol_src":3,"Depth_avg":2.8,"Dis_avg":0.057,"Res_time":1693.9,"Elevation":4816,"Slope_100":1.11,"Wshd_area":471.4,"Pour_long":88.288425,"Pour_lat":35.494814,"source_id":"hydrolakes:174433","label":""},"geometry":{"type":"Polygon","coordinates":[[[88.31515760633732,35.51533528645848],[88.3157557508685,35.51420518663218],[88.3178146701394,35.513714735243184],[88.31682156033031,35.51227159288209],[88.31875542534766,35.511810980902965],[88.31957790798657,35.51124457465295],[88.32130289713592,35.510833875868286],[88.32332139757011,35.51136284722236],[88.32440456814282,35.51061740451405],[88.32485568576436,35.50877577039944],[88.32339599609446,35.50708875868071],[88.32172010633758,35.50767605251764],[88.32036621093795,35.509064398871715],[88.31904269748338,35.50901177300369],[88.31847764756998,35.50931098090291],[88.31535780164978,35.509737141927246],[88.31416666666718,35.51036756727444],[88.31120279947964,35.508897840711995],[88.31013888888941,35.50946072048629],[88.3086634657123,35.50875542534743],[88.30638888888933,35.50995876736141],[88.30225368923658,35.507833930121706],[88.29812527126796,35.50359809027799],[88.2970304361985,35.50289116753487],[88.29459364149352,35.50290066189257],[88.29369927300411,35.50351616753494],[88.2920537651915,35.504022352430695],[88.29073947482692,35.5019873046877],[88.29042209201452,35.50087537977453],[88.29107557508729,35.49838053385429],[88.29062310112892,35.496216905382084],[88.28714328342073,35.49238172743077],[88.28638888888952,35.491944444444584],[88.28367865668463,35.49244059244808],[88.28218261718797,35.49191623263903],[88.2818109809034,35.49347764756959],[88.28041124131988,35.49513346354183],[88.28014431423657,35.49655029296895],[88.28239746093794,35.49738850911484],[88.28297987196225,35.49862250434052],[88.28463216145883,35.50015353732658],[88.28594156901107,35.50010145399324],[88.28680013020892,35.5008669704863],[88.28591932508743,35.50214735243071],[88.28392306857683,35.50308946397598],[88.28434271918451,35.50590304904529],[88.28542209201436,35.50624457465301],[88.28671766493119,35.507136230468916],[88.28819878472274,35.50707763671909],[88.28927083333394,35.50745361328143],[88.29069444444491,35.505917154948236],[88.29174940321263,35.507055935330015],[88.29393880208397,35.50862630208354],[88.29463894314307,35.51156629774323],[88.29803059895914,35.51296278211822],[88.2995054796013,35.51455430772586],[88.30199625651107,35.51642089843784],[88.30431532118104,35.51406982421895],[88.30783881293456,35.51499294704877],[88.30921359592065,35.51451117621542],[88.31069986979213,35.51541124131961],[88.31263346354228,35.51708875868076],[88.31352810329918,35.51735568576407],[88.31471706814295,35.51672661675366],[88.31515760633732,35.51533528645848]]]}},{"type":"Feature","id":"hydrolakes:174437","properties":{"Hylak_id":174437,"Lake_name":"","Country":"China","Continent":"Asia","Poly_src":"SWBD","Lake_type":1,"Grand_id":0,"Lake_area":3.64,"Shore_len":14.41,"Shore_dev":2.13,"Vol_total":11.34,"Vol_res":0.0,"Vol_src":3,"Depth_avg":3.1,"Dis_avg":0.01,"Res_time":13126.4,"Elevation":4816,"Slope_100":1.2,"Wshd_area":2012.9,"Pour_long":88.296875,"Pour_lat":35.482807,"source_id":"hydrolakes:174437","label":""},"geometry":{"type":"Polygon","coordinates":[[[88.3321131727435,35.50458062066002],[88.33305013020885,35.503605685764114],[88.33516031901115,35.50292073567738],[88.33420030381996,35.501580132378706],[88.33239691840345,35.500995008680775],[88.3302354600699,35.49988145616334],[88.32764648437552,35.49904134114604],[88.32736382378522,35.498747016059156],[88.32627929687567,35.498769259982794],[88.323436414931,35.49733832465296],[88.31873752170185,35.4956941731773],[88.31727484809079,35.49321967230918],[88.31368950737891,35.49047715928833],[88.31247260199711,35.488873426649434],[88.31037597656297,35.488474934896146],[88.30869710286515,35.49022216796902],[88.30587320963588,35.49133599175366],[88.30496419270901,35.49228217230922],[88.30204264322981,35.49291395399325],[88.30006646050413,35.492237684462],[88.298940429688,35.49029459635432],[88.29791395399366,35.48930826822931],[88.29708604600762,35.48510904947932],[88.29800455729242,35.48328233506959],[88.29930311415,35.48265245225707],[88.29980414496595,35.481619737413325],[88.30015353732699,35.47947347005237],[88.30166666666724,35.47833333333347],[88.30096950954913,35.478469509548745],[88.29846652560815,35.47971679687521],[88.29848632812559,35.4806971571183],[88.29791395399366,35.481247287326596],[88.2975911458339,35.48257107204881],[88.29566162109438,35.481788194444675],[88.29514160156316,35.48124701605917],[88.29292480468797,35.48123589409738],[88.29129692925426,35.48219129774321],[88.289792209202,35.48697401258704],[88.29069335937544,35.4887234157988],[88.29096950954926,35.490446506076694],[88.29013617621592,35.491247287326644],[88.2898638237852,35.4919075520836],[88.2914851888026,35.49297064887173],[88.29279568142442,35.49346950954873],[88.29402506510473,35.49263617621551],[88.29752739800398,35.49195231119813],[88.29791395399366,35.49238579644111],[88.2963582356777,35.49468098958346],[88.29583523220532,35.49682562934049],[88.2973782009554,35.49932400173634],[88.30014160156298,35.500413953993245],[88.30333658854227,35.502059733073054],[88.30485839843794,35.50123101128486],[88.30385932074716,35.500271267361256],[88.30319715711875,35.49910780164947],[88.306541883681,35.4968082682293],[88.30651340060814,35.498207736545396],[88.30753499349004,35.499189453125155],[88.3108943684901,35.500615505642656],[88.31592529296921,35.501317816840526],[88.32206895616372,35.50303141276055],[88.32346950954923,35.50375271267376],[88.3247357855908,35.50406141493079],[88.33004747178882,35.503992784288414],[88.3321131727435,35.50458062066002]]]}},{"type":"Feature","id":"hydrolakes:174462","properties":{"Hylak_id":174462,"Lake_name":"","Country":"China","Continent":"Asia","Poly_src":"SWBD","Lake_type":1,"Grand_id":0,"Lake_area":1.63,"Shore_len":5.56,"Shore_dev":1.23,"Vol_total":6.62,"Vol_res":0.0,"Vol_src":3,"Depth_avg":4.1,"Dis_avg":0.044,"Res_time":1740.1,"Elevation":4838,"Slope_100":2.17,"Wshd_area":55.6,"Pour_long":88.76791,"Pour_lat":35.381451,"source_id":"hydrolakes:174462","label":""},"geometry":{"type":"Polygon","coordinates":[[[88.7706841362853,35.389871419271],[88.77033393012204,35.389086371527924],[88.77036187066022,35.3870966254342],[88.76981282552151,35.3856013997397],[88.770014648438,35.38308919270855],[88.76901746961869,35.38181586371542],[88.76865587022621,35.380615234375114],[88.76876166449705,35.379297960069664],[88.76810655382002,35.378123372395976],[88.76664062500055,35.37635118272584],[88.7634811740457,35.37660508897585],[88.7630555555562,35.3761111111113],[88.76179524739644,35.37623969184045],[88.75963216145891,35.376887478298784],[88.7571432834207,35.376878797743245],[88.75449490017422,35.37829210069458],[88.75389946831655,35.37962673611128],[88.75460964626785,35.38156114366336],[88.75711425781304,35.38371907552096],[88.75810085720548,35.38486409505231],[88.76113878038251,35.386391059027915],[88.76160319010467,35.38793375651062],[88.7629500325528,35.390169813368175],[88.76390733507014,35.39009277343763],[88.76514295789985,35.390431043836884],[88.76678927951457,35.38940321180576],[88.76770806206645,35.38991590711822],[88.76842176649382,35.391515028211984],[88.76939480251787,35.39207302517383],[88.77119873046956,35.390793999566256],[88.7706841362853,35.389871419271]]]}},{"type":"Feature","id":"hydrolakes:174481","properties":{"Hylak_id":174481,"Lake_name":"","Country":"China","Continent":"Asia","Poly_src":"SWBD","Lake_type":1,"Grand_id":0,"Lake_area":1.99,"Shore_len":8.52,"Shore_dev":1.7,"Vol_total":7.61,"Vol_res":0.0,"Vol_src":3,"Depth_avg":3.8,"Dis_avg":0.016,"Res_time":5506.3,"Elevation":4906,"Slope_100":1.89,"Wshd_area":193.7,"Pour_long":87.63125,"Pour_lat":35.297917,"source_id":"hydrolakes:174481","label":""},"geometry":{"type":"Polygon","coordinates":[[[87.65237928602477,35.30180853949673],[87.65442816840329,35.29945936414947],[87.65367024739629,35.29861111111131],[87.65125786675401,35.29707546658011],[87.6485563151046,35.295855034722365],[87.64543348524364,35.296779785156446],[87.64336344401102,35.29677435980915],[87.64075358072961,35.297121310764055],[87.63834526909767,35.294669325087],[87.63652533637202,35.29401638454874],[87.63567925347269,35.29460720486128],[87.63488226996583,35.294559733073186],[87.63422932942757,35.294914550781414],[87.6320366753477,35.29490532769114],[87.62913736979226,35.29394666883712],[87.62718505859436,35.2940630425349],[87.62611111111158,35.293333333333464],[87.62357069227482,35.293473849826626],[87.61904432508754,35.29646620008691],[87.61385362413233,35.29719265408005],[87.61295464409767,35.2988471137154],[87.61410861545193,35.299653049045276],[87.61763888888942,35.29944254557313],[87.62057779947975,35.29961778428833],[87.62213948567756,35.299284125434156],[87.62416558159777,35.299272460937686],[87.62662950303877,35.300381401909874],[87.62875000000048,35.3005078125002],[87.63061143663236,35.300396864149434],[87.63315538194485,35.300735134548745],[87.63411946614627,35.300061577691224],[87.64018690321228,35.30159016927098],[87.6448602973096,35.300515679253635],[87.64773491753516,35.301285536024636],[87.64872097439309,35.30122694227441],[87.65130506727479,35.30230170355924],[87.65237928602477,35.30180853949673]]]}},{"type":"Feature","id":"hydrolakes:174482","properties":{"Hylak_id":174482,"Lake_name":"","Country":"China","Continent":"Asia","Poly_src":"SWBD","Lake_type":1,"Grand_id":0,"Lake_area":7.39,"Shore_len":21.98,"Shore_dev":2.28,"Vol_total":18.37,"Vol_res":0.0,"Vol_src":3,"Depth_avg":2.5,"Dis_avg":0.0,"Res_time":-1.0,"Elevation":4865,"Slope_100":0.72,"Wshd_area":3415.7,"Pour_long":86.277083,"Pour_lat":35.29375,"source_id":"hydrolakes:174482","label":""},"geometry":{"type":"Polygon","coordinates":[[[86.30166883680585,35.31003851996553],[86.30269015842049,35.30694444444458],[86.30230265299514,35.305812174479286],[86.29774807400224,35.30451443142374],[86.29638888888934,35.30521457248278],[86.29514702691017,35.304574924045426],[86.29313734266526,35.30543538411479],[86.29056287977454,35.30538275824665],[86.28652506510451,35.30403049045157],[86.28403049045187,35.301802842882125],[86.28301608615493,35.30147352430578],[86.28264160156283,35.300664605035024],[86.28396891276083,35.29777777777798],[86.28320353190139,35.29629231770855],[86.28554334852464,35.2949031575522],[86.28604777018279,35.29386366102449],[86.28764160156283,35.29347493489598],[86.2901364474829,35.28960747612865],[86.29046644422777,35.28825358072942],[86.28875271267407,35.28569173177101],[86.28791395399338,35.28514160156266],[86.2865888129345,35.283193088107794],[86.28764160156283,35.279586046007125],[86.28794555664103,35.27740912543419],[86.28679172092046,35.27512017144113],[86.28681884765655,35.27296034071202],[86.28821790907153,35.271227213541806],[86.28904635959248,35.26951985677107],[86.28901421441014,35.26794759114608],[86.28725463867238,35.26585123697936],[86.2858386230472,35.26681152343764],[86.28539686414979,35.26680230034742],[86.28542019314278,35.26566297743079],[86.28597507052996,35.26458604600714],[86.28595825195362,35.26376193576408],[86.28713731553864,35.26220811631964],[86.28640964084252,35.26008246527789],[86.28763617621576,35.25729763454882],[86.28371025933194,35.2556694878474],[86.28208794487898,35.2557025824654],[86.2806745062939,35.25463053385448],[86.27892035590315,35.25428765190992],[86.27741644965329,35.254318576389096],[86.2766666666671,35.253055555555704],[86.27459120008746,35.25431423611121],[86.2728639051652,35.254309353298765],[86.27097819010464,35.25627224392372],[86.27218397352476,35.25743055555586],[86.27375271267408,35.258191731771035],[86.27513617621571,35.25930826822935],[86.27631374783027,35.25987955729181],[86.27736368815147,35.25985839843764],[86.27793063693628,35.26015028211822],[86.2779237196184,35.26201063368069],[86.27920084635451,35.26369411892375],[86.27968804253521,35.26519476996543],[86.28174045138923,35.26811631944463],[86.28208062066011,35.269886067708455],[86.28094699435815,35.27155815972236],[86.27871961805602,35.27323187934047],[86.27875827365489,35.27512559678843],[86.278463948568,35.27598551432311],[86.27848605685796,35.27706976996541],[86.27567097981802,35.28071723090295],[86.27484185112894,35.28239040798633],[86.27486802842913,35.283672688802255],[86.27180826822962,35.28580376519113],[86.27404730902816,35.289874674479336],[86.27406222873293,35.29307400173627],[86.27373141818606,35.29436469184043],[86.2737905544709,35.29726562500019],[86.27202487521743,35.29936903211831],[86.27245510525205,35.30104763454881],[86.27403049045171,35.302080620659865],[86.2746249728736,35.302699381510536],[86.27513617621571,35.30375271267377],[86.27624728732673,35.304456108941224],[86.27368720160626,35.30635389539947],[86.27252034505244,35.30836235894117],[86.26978746202303,35.30944037543418],[86.26833048502647,35.310428059896026],[86.26760253906298,35.310413140191145],[86.26708604600742,35.31100206163222],[86.26797973632858,35.311860622830125],[86.27069539388054,35.31366590711838],[86.27208333333374,35.31319064670157],[86.27327311197962,35.31359781901057],[86.27486952039959,35.31318874783011],[86.27484754774355,35.31211208767377],[86.27549384223136,35.31022379557322],[86.2773583984378,35.30930284288212],[86.2788363986549,35.30882324218766],[86.2815931532121,35.30837429470506],[86.28547919379372,35.30985839843771],[86.28717434353348,35.30809407552107],[86.28847493489621,35.30874728732658],[86.2915235731341,35.31090684678833],[86.29326104058202,35.31133056640647],[86.29463894314273,35.31343207465295],[86.29682413737021,35.314041612413405],[86.2982360839847,35.31401285807311],[86.2990471733944,35.31316840277793],[86.29969075520876,35.31118543836823],[86.30166883680585,35.31003851996553]]]}},{"type":"Feature","id":"hydrolakes:174489","properties":{"Hylak_id":174489,"Lake_name":"","Country":"China","Continent":"Asia","Poly_src":"SWBD","Lake_type":1,"Grand_id":0,"Lake_area":7.28,"Shore_len":16.11,"Shore_dev":1.68,"Vol_total":36.59,"Vol_res":0.0,"Vol_src":3,"Depth_avg":5.0,"Dis_avg":0.7,"Res_time":605.1,"Elevation":4777,"Slope_100":1.65,"Wshd_area":646.4,"Pour_long":89.850466,"Pour_lat":35.267615,"source_id":"hydrolakes:174489","label":""},"geometry":{"type":"Polygon","coordinates":[[[89.83207573784779,35.287908799913396],[89.83312988281341,35.28723822699669],[89.83431260850773,35.28591471354184],[89.83566026475756,35.28599500868074],[89.83768500434121,35.28541558159753],[89.83846462673677,35.284539930555695],[89.83666069878535,35.283392740885574],[89.83549316406317,35.282086046007066],[89.83503634982702,35.280607367621656],[89.83519205729232,35.27799289279534],[89.83459364149365,35.27689100477443],[89.83307454427148,35.27221679687523],[89.83386230468824,35.269275173611334],[89.83490071614659,35.26759548611125],[89.83643825954937,35.26597981770851],[89.83763129340349,35.26681315104179],[89.83959092882026,35.267075737847335],[89.84424207899383,35.268761935764076],[89.84477322048673,35.268730468750164],[89.8462424045145,35.269868706597435],[89.84778700086883,35.27057807074675],[89.84858506944505,35.269775390625284],[89.85036241319517,35.26895941840303],[89.8513406032992,35.266661241319696],[89.85277235243115,35.26621907552095],[89.85386664496605,35.26449815538217],[89.85310384114649,35.26249457465292],[89.84888888888963,35.26083333333355],[89.84721028645913,35.260954861111315],[89.8440087890632,35.26228678385439],[89.84097493489656,35.26174750434046],[89.83820203993122,35.26174804687514],[89.83751247829929,35.26340440538212],[89.83644694010485,35.26429796006971],[89.8354182942715,35.26373860677097],[89.83416666666744,35.26418782552105],[89.83213975694514,35.263460828993175],[89.83087782118122,35.26353569878489],[89.82760525173683,35.264976128472426],[89.82417426215352,35.26451985677096],[89.82013563368122,35.265441080729374],[89.81931857638972,35.265392795139064],[89.81771809895889,35.26663302951414],[89.81605577257011,35.26618815104183],[89.81405219184086,35.26690700954873],[89.81305013020898,35.2674517144099],[89.81264648437565,35.26875759548625],[89.81096462673685,35.270686577691094],[89.81059950086876,35.27225613064252],[89.81207573784798,35.27444580078151],[89.81053982204946,35.27581759982655],[89.8101464843756,35.27709120008706],[89.80897515191043,35.27851915147602],[89.80657226562556,35.27926106770866],[89.80439236111175,35.28047010633696],[89.80484863281322,35.28215115017389],[89.80366916232708,35.28263102213555],[89.80263726128544,35.282070312500196],[89.80125759548685,35.28324571397593],[89.80283257378534,35.28465277777798],[89.80347167968813,35.28604573567742],[89.80619628906334,35.2880463324654],[89.80919759114641,35.2869694010418],[89.81183105468818,35.28712619357657],[89.81402018229244,35.289035644531396],[89.8150309244798,35.28929768880238],[89.81713650173685,35.288153754340556],[89.81810818142435,35.28603597005224],[89.81977159288255,35.285702311198065],[89.82105685763963,35.28659993489606],[89.82064344618112,35.287752007378685],[89.82071614583396,35.288974338107835],[89.82237304687561,35.28761474609399],[89.82347873263961,35.287630208333496],[89.82408094618114,35.287957356771074],[89.82492513020901,35.289797092014055],[89.82814019097293,35.291341145833485],[89.83207573784779,35.287908799913396]]]}},{"type":"Feature","id":"hydrolakes:174498","properties":{"Hylak_id":174498,"Lake_name":"","Country":"China","Continent":"Asia","Poly_src":"SWBD","Lake_type":1,"Grand_id":0,"Lake_area":7.2,"Shore_len":27.19,"Shore_dev":2.86,"Vol_total":31.48,"Vol_res":0.0,"Vol_src":3,"Depth_avg":4.4,"Dis_avg":0.225,"Res_time":1619.4,"Elevation":4806,"Slope_100":1.41,"Wshd_area":187.2,"Pour_long":89.48125,"Pour_lat":35.235409,"source_id":"hydrolakes:174498","label":""},"geometry":{"type":"Polygon","coordinates":[[[89.49660264757,35.245646701389035],[89.4971728515631,35.24503146701403],[89.49791666666738,35.24542480468767],[89.49850857204916,35.24511176215293],[89.49925971137208,35.24351996527798],[89.500302191841,35.24216037326414],[89.50099175347276,35.23854871961822],[89.50101725260492,35.23581054687526],[89.50183295355987,35.23426920572933],[89.50404269748321,35.233178710937636],[89.50464165581656,35.23320203993086],[89.50564860026105,35.23428927951403],[89.50715196397624,35.237753363715456],[89.50964165581655,35.23921712239593],[89.51153320312574,35.239577907986245],[89.51239339192767,35.240169813368254],[89.51403320312568,35.240689019097374],[89.51825873480965,35.24263129340301],[89.51998969184103,35.244499240451546],[89.5210804579001,35.243322482639144],[89.52013346354238,35.241533203125186],[89.51939371744868,35.239340277777956],[89.52014431423669,35.237922092014],[89.52085883246588,35.23552354600713],[89.52332790798687,35.23407226562517],[89.52398247612905,35.23268554687513],[89.52317816840338,35.230390625000155],[89.5207774522575,35.22947211371559],[89.51734402126806,35.22598687065988],[89.51736762152848,35.22538953993069],[89.51825520833387,35.22542480468769],[89.51930447048687,35.225979817708605],[89.52279649522626,35.22481825086828],[89.5243050130216,35.22402018229184],[89.52605794270897,35.22474012586821],[89.52748263888964,35.223647460937684],[89.52826578776097,35.22530653211817],[89.53000244140702,35.223974609375205],[89.5306890190979,35.22291124131959],[89.53235568576463,35.222466362847456],[89.53121771918472,35.22081271701421],[89.5312581380216,35.21979709201406],[89.53013346354231,35.218755425347354],[89.52986653645888,35.2176334635418],[89.52792833116393,35.21567382812515],[89.52526285807352,35.21806477864607],[89.52354193793457,35.2174614800349],[89.52485568576452,35.21468858506961],[89.52334174262211,35.212488064236254],[89.52111111111168,35.21111111111122],[89.51877224392416,35.21126085069454],[89.51783718533056,35.214614800347476],[89.51678927951451,35.215980902777915],[89.51684190538265,35.21730740017375],[89.51649983724013,35.21795410156261],[89.51531575520903,35.217906901041886],[89.51402235243114,35.21985568576412],[89.51374104817768,35.22132975260428],[89.51194037543479,35.22299804687526],[89.51029188368119,35.225245768229286],[89.50626925998336,35.227782660590435],[89.50566080729226,35.22990939670166],[89.5042472330735,35.22985351562522],[89.50310004340332,35.2286149088543],[89.50166097005285,35.22960503472251],[89.50007812500081,35.22959147135447],[89.49901285807368,35.230154622396014],[89.49793755425407,35.23011230468774],[89.49764431423671,35.23035156250029],[89.4987556966152,35.231800672743304],[89.49874294704915,35.232121853298906],[89.49596788194515,35.232077907986195],[89.49477973090342,35.23249403211838],[89.4854443359381,35.23205295138922],[89.48403591579921,35.23313259548627],[89.4863313802091,35.23638943142379],[89.48594997829917,35.23710991753484],[89.48469563802149,35.23706000434032],[89.48406846788254,35.235730794271035],[89.48254258897629,35.233925238715415],[89.48029405382005,35.23439561631966],[89.47942572699719,35.23393608940984],[89.47820339626821,35.23477756076403],[89.47707790798688,35.235133463541956],[89.47516791449715,35.23674804687522],[89.47403320312554,35.23596679687512],[89.47291124131999,35.2356998697918],[89.46991916232702,35.23418131510431],[89.46767659505281,35.232637803819614],[89.46568901909785,35.23236653645847],[89.46232340494845,35.231227213541786],[89.46239935980958,35.2293104383682],[89.46160617404598,35.22857530381964],[89.45730441623346,35.228060438368175],[89.45490993923664,35.22681098090294],[89.45403320312556,35.228250325521],[89.45487033420198,35.229832899305734],[89.45669921875071,35.23199652777794],[89.45974989149374,35.23371419270853],[89.46207980685836,35.23473632812511],[89.46405083550411,35.23421983506961],[89.46666449652844,35.23460991753484],[89.4690332031256,35.235411241319696],[89.47113823784798,35.236330295139055],[89.47336995442777,35.238738606770994],[89.4768280707471,35.23752658420159],[89.47876437717082,35.238321940104356],[89.4806933593756,35.2362402343752],[89.48156873914985,35.23684244791684],[89.48238850911525,35.23850857204877],[89.48441569010475,35.239667968750155],[89.48394883897623,35.24055067274321],[89.48254204644172,35.24099609375014],[89.48127549913261,35.240945638020946],[89.47968370225772,35.24204101562509],[89.48036838107714,35.24333496093783],[89.48339111328181,35.24420138888917],[89.4851714409728,35.243734809027956],[89.48602647569504,35.24376844618075],[89.48713053385478,35.242577039930836],[89.48702229817769,35.23818033854178],[89.48824110243129,35.23764431423626],[89.49007921007012,35.238908962673804],[89.48880343967068,35.24146375868071],[89.4894379340285,35.2432736545141],[89.49036675347276,35.244624023437666],[89.49153266059102,35.2445779079863],[89.49308620876792,35.245768771701535],[89.49464925130263,35.246264105902924],[89.4954999457471,35.24622992621539],[89.49660264757,35.245646701389035]]]}},{"type":"Feature","id":"hydrolakes:174507","properties":{"Hylak_id":174507,"Lake_name":"","Country":"China","Continent":"Asia","Poly_src":"SWBD","Lake_type":1,"Grand_id":0,"Lake_area":1.5,"Shore_len":8.42,"Shore_dev":1.94,"Vol_total":2.95,"Vol_res":0.0,"Vol_src":3,"Depth_avg":2.0,"Dis_avg":0.382,"Res_time":89.3,"Elevation":4787,"Slope_100":0.95,"Wshd_area":574.9,"Pour_long":89.314466,"Pour_lat":35.226377,"source_id":"hydrolakes:174507","label":""},"geometry":{"type":"Polygon","coordinates":[[[89.31993164062567,35.222782118055704],[89.31760118272643,35.21702311197936],[89.31766113281321,35.21601399739592],[89.3166381835943,35.21486870659743],[89.31545572916741,35.21707248263908],[89.31436170790005,35.21713812934058],[89.3129687500006,35.21534016927109],[89.3118584526917,35.21267957899323],[89.31037624783045,35.21187445746551],[89.30845811632014,35.21344835069476],[89.30660047743112,35.21340223524322],[89.30508626302151,35.21457573784738],[89.30332519531316,35.21350423177097],[89.30290174696239,35.2125819227432],[89.30101426866395,35.212694227430745],[89.30017659505262,35.210979817708505],[89.2979522026917,35.21226562500016],[89.29641954210138,35.211489800347465],[89.29583333333397,35.21083333333354],[89.29348008897631,35.21181532118072],[89.29399224175415,35.21289713541688],[89.29701958550407,35.2134966362849],[89.29978651258733,35.2165934244793],[89.3008344184035,35.215861002604356],[89.30231282552154,35.216664496527926],[89.30330674913256,35.215552300347326],[89.3082023111985,35.2187424045141],[89.31126003689303,35.22155219184043],[89.31428765191032,35.22219889322935],[89.31435736762228,35.22337022569474],[89.31126519097285,35.22613281250017],[89.31119656033064,35.22728461371548],[89.31175075954928,35.227905273437614],[89.31389567057363,35.228032769097524],[89.3175895182298,35.22685167100707],[89.3188647460945,35.225205620659835],[89.31993164062567,35.222782118055704]]]}},{"type":"Feature","id":"hydrolakes:174521","properties":{"Hylak_id":174521,"Lake_name":"","Country":"China","Continent":"Asia","Poly_src":"SWBD","Lake_type":1,"Grand_id":0,"Lake_area":8.58,"Shore_len":24.4,"Shore_dev":2.35,"Vol_total":31.27,"Vol_res":0.0,"Vol_src":3,"Depth_avg":3.6,"Dis_avg":0.0,"Res_time":-1.0,"Elevation":4836,"Slope_100":1.07,"Wshd_area":750.0,"Pour_long":87.627083,"Pour_lat":35.189583,"source_id":"hydrolakes:174521","label":""},"geometry":{"type":"Polygon","coordinates":[[[87.60954779730952,35.1982964409724],[87.61259955512202,35.197496744791806],[87.61569986979208,35.199300130208485],[87.61761745876788,35.20086100260448],[87.61987358941013,35.20007649739597],[87.62195095486163,35.19815158420164],[87.62264567057343,35.19683865017373],[87.6225930447053,35.195508897569596],[87.62391628689278,35.19325792100716],[87.62536078559077,35.19402235243081],[87.6267472330735,35.19264648437513],[87.63054633246566,35.19297580295154],[87.63389241536515,35.19173936631955],[87.63690483941025,35.191859266493225],[87.63904215494841,35.191298828125184],[87.6478260633686,35.191562500000316],[87.65002360026097,35.190069986979324],[87.6509928385421,35.19058268229179],[87.65344075520886,35.189083658854315],[87.65458387586847,35.18987033420166],[87.65653483072958,35.18822157118075],[87.65925265842066,35.18821994357671],[87.66096679687547,35.187112630208446],[87.66053358289975,35.186155056423786],[87.6586444769971,35.185660264757246],[87.65738878038246,35.1857096354168],[87.65608344184079,35.18450032552096],[87.65534342447972,35.182663302951596],[87.65271945529571,35.18260362413213],[87.65161973741374,35.182988823784854],[87.65059190538273,35.18228190104185],[87.64829318576449,35.18322591145858],[87.64477294921937,35.183141276041795],[87.64216335720539,35.184287651909926],[87.63957872178878,35.184577907986295],[87.63747829861165,35.18568901909737],[87.63666151258735,35.1842616102432],[87.63384331597268,35.18425998263905],[87.63171603732707,35.185133463541774],[87.62853759765687,35.184550781250095],[87.62721435546928,35.18363986545154],[87.62566867404558,35.18482530381965],[87.62386067708394,35.18393120659732],[87.62123562283028,35.1832432725696],[87.61911838107682,35.1831597222224],[87.6173461914068,35.18404351128487],[87.61654920789971,35.184012044271014],[87.61568874783035,35.18513400607657],[87.61573106553874,35.186199544271005],[87.61462999131987,35.18738769531262],[87.61319498697969,35.18679850260435],[87.61216851128512,35.187158203125136],[87.61079481336867,35.18610460069459],[87.60767605251795,35.18434624565987],[87.60629638671918,35.18185438368073],[87.60055555555607,35.17916666666679],[87.59980794270894,35.17930935329878],[87.59790608723995,35.18026692708355],[87.59536051432332,35.1821110026043],[87.59264675564293,35.18480305989601],[87.59258572048657,35.18634440104182],[87.5959423828129,35.187608506944684],[87.59680013020886,35.1888552517363],[87.59597764757007,35.18958875868071],[87.59287841796936,35.19098253038214],[87.59293104383727,35.19230414496553],[87.59084798177139,35.19266655815983],[87.58958875868103,35.19180013020849],[87.58807481553862,35.19151150173633],[87.58372070312555,35.18908528645858],[87.58270779079902,35.1900238715279],[87.58156412760462,35.19233398437524],[87.579305555556,35.19348036024326],[87.57825520833387,35.192924804687664],[87.57614881727488,35.192841254340465],[87.57437554253517,35.19373752170151],[87.57177327474,35.194462890625175],[87.57178900824698,35.19597005208345],[87.57516954210132,35.19871256510436],[87.57764350043448,35.19874457465289],[87.57915907118104,35.199546440972426],[87.58077935112891,35.199885525173784],[87.58177300347279,35.19984592013901],[87.58541286892421,35.20069986979189],[87.58726508246576,35.20074001736123],[87.58951063368096,35.19947645399316],[87.59010253906308,35.198221571180795],[87.5910316297747,35.197730034722326],[87.59461778428869,35.19765679253493],[87.59614339192757,35.19601019965302],[87.5988704427088,35.19521213107657],[87.60068684895884,35.19772189670152],[87.59997097439305,35.199763997395905],[87.60218885633742,35.20093750000018],[87.60509955512214,35.20166992187512],[87.60763102213582,35.20047471788217],[87.60762234158034,35.199585503472406],[87.60954779730952,35.1982964409724]],[[87.60020806206649,35.19177788628497],[87.60070773654553,35.1890223524307],[87.60005371093797,35.18785047743074],[87.59797498914969,35.187224934895994],[87.59764919704907,35.186602105034865],[87.59865641276099,35.185181749132255],[87.60083333333381,35.18500000000017],[87.6040310329866,35.18550130208348],[87.60568413628528,35.18685492621546],[87.60374186197976,35.18781467013906],[87.60284695095544,35.18885362413209],[87.60294460720547,35.190069986979324],[87.60144938151109,35.19187717013904],[87.60020806206649,35.19177788628497]]]}},{"type":"Feature","id":"hydrolakes:174533","properties":{"Hylak_id":174533,"Lake_name":"","Country":"China","Continent":"Asia","Poly_src":"SWBD","Lake_type":1,"Grand_id":0,"Lake_area":1.01,"Shore_len":4.23,"Shore_dev":1.18,"Vol_total":2.01,"Vol_res":0.0,"Vol_src":3,"Depth_avg":2.0,"Dis_avg":0.117,"Res_time":199.1,"Elevation":4800,"Slope_100":1.11,"Wshd_area":77.9,"Pour_long":89.779357,"Pour_lat":35.141418,"source_id":"hydrolakes:174533","label":""},"geometry":{"type":"Polygon","coordinates":[[[89.778739691841,35.15096191406269],[89.7790608723966,35.15038574218761],[89.77983398437556,35.1504481336807],[89.78044379340344,35.15010742187508],[89.7809803602438,35.15015082465288],[89.78206597222282,35.14938096788211],[89.78444335937564,35.14837944878491],[89.78426106770894,35.146112738715374],[89.78290635850755,35.1442024739585],[89.7798719618063,35.141843532986286],[89.77888888888958,35.14055555555575],[89.77553982204938,35.14130371093762],[89.77466471354222,35.1427012803822],[89.7734884982645,35.142606879340406],[89.77108506944518,35.14459472656267],[89.77215711805621,35.14672634548623],[89.77147569444514,35.1476871744793],[89.77158528645907,35.14904785156273],[89.77321668836868,35.15113064236124],[89.7741845703132,35.150590820312686],[89.7753135850702,35.151391601562636],[89.77568413628529,35.15096191406269],[89.77658474392433,35.15070475260427],[89.77799587673672,35.15262858072941],[89.778739691841,35.15096191406269]]]}},{"type":"Feature","id":"hydrolakes:174540","properties":{"Hylak_id":174540,"Lake_name":"","Country":"China","Continent":"Asia","Poly_src":"SWBD","Lake_type":1,"Grand_id":0,"Lake_area":5.03,"Shore_len":13.41,"Shore_dev":1.69,"Vol_total":11.26,"Vol_res":0.0,"Vol_src":3,"Depth_avg":2.2,"Dis_avg":0.044,"Res_time":2962.7,"Elevation":4793,"Slope_100":0.73,"Wshd_area":249.7,"Pour_long":86.838256,"Pour_lat":35.121552,"source_id":"hydrolakes:174540","label":""},"geometry":{"type":"Polygon","coordinates":[[[86.85611111111166,35.12942708333344],[86.85969685872436,35.12872504340288],[86.86245483398471,35.125563151041774],[86.86325981987898,35.123319769965406],[86.86315592447966,35.12157660590293],[86.8635738118495,35.120807834201514],[86.86263102213593,35.11959092881966],[86.86204766167572,35.11726508246545],[86.86210381401946,35.11632269965287],[86.86062513563422,35.11466742621559],[86.85936021592931,35.114086914062625],[86.85867567274363,35.11310709635427],[86.85722859700553,35.10976616753504],[86.85454942491361,35.1082671440974],[86.85266587999166,35.108217773437616],[86.85130289713595,35.10573513454881],[86.85067179362028,35.10539225260442],[86.84794406467068,35.10844509548639],[86.8468865288632,35.10902018229183],[86.84662068684935,35.108234592014185],[86.84719631618987,35.10717556423623],[86.8458825683598,35.10625759548623],[86.84401991102465,35.10707573784737],[86.84278374566014,35.10867078993067],[86.84173299153684,35.109338650173925],[86.84181925455772,35.11078559027794],[86.83994710286504,35.11262532552092],[86.83886311849,35.11268988715295],[86.83789021809946,35.11234103732659],[86.836141899957,35.11429796006962],[86.83487508138063,35.11384494357657],[86.83479871961839,35.112564561632155],[86.83626451280429,35.11163248697932],[86.83619601779566,35.11048339843779],[86.83714219835105,35.108952907986406],[86.83628906250055,35.10709418402797],[86.83541042751773,35.10709201388903],[86.83438652886326,35.10653537326408],[86.83353515625032,35.10813205295153],[86.83203070746566,35.10929796006968],[86.83057549370693,35.10893988715293],[86.83071601019998,35.1065820312503],[86.8294444444449,35.10500000000013],[86.827414957683,35.10610785590296],[86.82645941840326,35.10802029079878],[86.82655056423647,35.10954969618069],[86.8248689778651,35.11097981770848],[86.82350911458383,35.111604275173875],[86.82343356662369,35.112870551215565],[86.82610514322977,35.11506293402795],[86.83387613932337,35.1157150607641],[86.83460747612884,35.1170610894099],[86.83428195529547,35.11766004774324],[86.8342317708337,35.119570855034965],[86.8357823350699,35.11955349392372],[86.83789225260449,35.12250162760432],[86.84115817599877,35.120430230034856],[86.84323459201431,35.12086805555572],[86.84460435655427,35.12240125868078],[86.84561414930602,35.122341037326635],[86.84757215711852,35.12309353298622],[86.8482326931429,35.12441351996546],[86.84953613281283,35.12557834201408],[86.85199001736152,35.12842502170156],[86.85484795464453,35.12844835069461],[86.85611111111166,35.12942708333344]]]}},{"type":"Feature","id":"hydrolakes:174541","properties":{"Hylak_id":174541,"Lake_name":"","Country":"China","Continent":"Asia","Poly_src":"SWBD","Lake_type":1,"Grand_id":0,"Lake_area":1.7,"Shore_len":5.5,"Shore_dev":1.19,"Vol_total":12.01,"Vol_res":0.0,"Vol_src":3,"Depth_avg":7.1,"Dis_avg":0.087,"Res_time":1597.9,"Elevation":4831,"Slope_100":4.13,"Wshd_area":63.2,"Pour_long":89.269792,"Pour_lat":35.121791,"source_id":"hydrolakes:174541","label":""},"geometry":{"type":"Polygon","coordinates":[[[89.26485080295191,35.10542697482657],[89.26401746961864,35.10540635850714],[89.26353325737904,35.10649142795154],[89.26126139322992,35.10713107638901],[89.26043050130266,35.107847222222404],[89.26126030816044,35.10901746961821],[89.26155029296928,35.11060709635433],[89.26428032769172,35.11256781684045],[89.26459662543465,35.114311523437664],[89.26397596571246,35.115187174479274],[89.2640578884554,35.1162065972224],[89.26302544487902,35.12028266059042],[89.26363335503538,35.12164442274326],[89.26943467882,35.12293836805583],[89.27262858072976,35.1212396918404],[89.27396077474032,35.12083875868069],[89.27503228081656,35.117916666666815],[89.27403808593812,35.11613498263898],[89.27431315104224,35.11476074218763],[89.27527153862923,35.11304307725726],[89.2724549696187,35.10906955295155],[89.26918267144163,35.106978624132125],[89.26485080295191,35.10542697482657]]]}},{"type":"Feature","id":"hydrolakes:174542","properties":{"Hylak_id":174542,"Lake_name":"","Country":"China","Continent":"Asia","Poly_src":"SWBD","Lake_type":1,"Grand_id":0,"Lake_area":1.14,"Shore_len":5.28,"Shore_dev":1.39,"Vol_total":5.21,"Vol_res":0.0,"Vol_src":3,"Depth_avg":4.6,"Dis_avg":0.102,"Res_time":591.0,"Elevation":4887,"Slope_100":2.83,"Wshd_area":74.8,"Pour_long":89.182611,"Pour_lat":35.117178,"source_id":"hydrolakes:174542","label":""},"geometry":{"type":"Polygon","coordinates":[[[89.19048719618138,35.116460503472354],[89.19137858072969,35.11457194010427],[89.19238850911529,35.11457682291683],[89.19232584635478,35.11299696180572],[89.1928407118063,35.11152777777795],[89.19232584635478,35.11005859375018],[89.19236680772644,35.10902343750013],[89.18972222222294,35.10444444444454],[89.18843994140678,35.10516981336821],[89.18634955512204,35.10583170572943],[89.18566840277845,35.10656684027788],[89.18568440755263,35.10775065104184],[89.18404378255275,35.10827039930575],[89.18459933810834,35.10932020399326],[89.18455729166737,35.11038248697929],[89.18515597873329,35.11151421440991],[89.18417236328179,35.113120117187634],[89.1821188693583,35.11351236979186],[89.17990451388943,35.113424479166895],[89.17862982855962,35.11254720052102],[89.17780354817774,35.112984483507034],[89.17681098090333,35.114669596354304],[89.17777940538264,35.116500108507125],[89.17938612196258,35.115936957465465],[89.18047743055627,35.11598036024321],[89.18156412760476,35.11655490451403],[89.18207790798681,35.117644314236315],[89.18786919487917,35.11859103732655],[89.19048719618138,35.116460503472354]]]}},{"type":"Feature","id":"hydrolakes:174547","properties":{"Hylak_id":174547,"Lake_name":"","Country":"China","Continent":"Asia","Poly_src":"SWBD","Lake_type":1,"Grand_id":0,"Lake_area":2.29,"Shore_len":6.24,"Shore_dev":1.16,"Vol_total":8.13,"Vol_res":0.0,"Vol_src":3,"Depth_avg":3.6,"Dis_avg":0.151,"Res_time":622.9,"Elevation":5050,"Slope_100":1.65,"Wshd_area":123.3,"Pour_long":88.735801,"Pour_lat":35.102348,"source_id":"hydrolakes:174547","label":""},"geometry":{"type":"Polygon","coordinates":[[[88.73920817057348,35.11122287326401],[88.74142849392416,35.11064073350701],[88.74420437283044,35.110750868055675],[88.74591389974023,35.10964735243073],[88.7492947048616,35.10499620225727],[88.74941026475756,35.102083333333496],[88.74891710069505,35.10067708333344],[88.74930013020884,35.09707790798626],[88.7496725802958,35.09601562500018],[88.74924886067777,35.09335557725723],[88.74808702257008,35.092555881076635],[88.74361870659777,35.091141493055716],[88.74333333333385,35.09083333333342],[88.73965874566034,35.09115342881955],[88.73876736111174,35.09244845920165],[88.74068901909783,35.09422905815984],[88.73902235243105,35.09680013020852],[88.73862304687549,35.09806206597233],[88.73493082682353,35.10089355468773],[88.73347764756994,35.102788628472354],[88.7337529839416,35.104358181423834],[88.73518527560827,35.106902669270994],[88.73772488064321,35.11043782552093],[88.73920817057348,35.11122287326401]]]}},{"type":"Feature","id":"hydrolakes:174559","properties":{"Hylak_id":174559,"Lake_name":"","Country":"China","Continent":"Asia","Poly_src":"SWBD","Lake_type":1,"Grand_id":0,"Lake_area":2.99,"Shore_len":8.92,"Shore_dev":1.45,"Vol_total":16.33,"Vol_res":0.0,"Vol_src":3,"Depth_avg":5.5,"Dis_avg":0.034,"Res_time":5557.5,"Elevation":4992,"Slope_100":2.49,"Wshd_area":26.7,"Pour_long":88.389167,"Pour_lat":35.042605,"source_id":"hydrolakes:174559","label":""},"geometry":{"type":"Polygon","coordinates":[[[88.3870806206603,35.02041937934047],[88.38624728732685,35.02041395399334],[88.3843082682298,35.025419379340406],[88.38208062066025,35.02930284288209],[88.38081380208388,35.03208821614595],[88.38125515408046,35.03434841579889],[88.38335015191035,35.03636121961824],[88.38209852430606,35.039529079861325],[88.38233642578189,35.042877061632055],[88.38283881293466,35.04385199652796],[88.3807305230041,35.04587782118068],[88.3804031032991,35.046834309895985],[88.38041992187544,35.04765462239595],[88.37906792534767,35.04964898003493],[88.38095079210132,35.05145833333347],[88.3817917209206,35.05319118923626],[88.38344265408051,35.05322482638911],[88.38470052083392,35.05166666666685],[88.38347574869852,35.05043619791684],[88.38626410590336,35.04735134548628],[88.38623725043448,35.04603895399316],[88.38842068142407,35.044420572916806],[88.38874728732691,35.04374728732648],[88.38983859592088,35.04321777343779],[88.39069715711878,35.04208604600706],[88.39105495876782,35.04098361545158],[88.39697482638951,35.037212999132066],[88.39617784288242,35.03524793836823],[88.39704698350761,35.031944444444605],[88.39614257812553,35.02924099392379],[88.39505452474003,35.028713107639135],[88.39181667751802,35.025476345486254],[88.39153049045206,35.02430284288204],[88.39012396918457,35.022951388889055],[88.39015272352492,35.0215418836807],[88.38894449869855,35.02072265625026],[88.3870806206603,35.02041937934047]]]}},{"type":"Feature","id":"hydrolakes:1368423","properties":{"Hylak_id":1368423,"Lake_name":"","Country":"China","Continent":"Asia","Poly_src":"SWBD","Lake_type":1,"Grand_id":0,"Lake_area":0.45,"Shore_len":5.05,"Shore_dev":2.13,"Vol_total":0.58,"Vol_res":0.0,"Vol_src":3,"Depth_avg":1.3,"Dis_avg":0.004,"Res_time":1684.5,"Elevation":3236,"Slope_100":0.25,"Wshd_area":42.3,"Pour_long":89.501042,"Pour_lat":38.576269,"source_id":"hydrolakes:1368423","label":""},"geometry":{"type":"Polygon","coordinates":[[[89.50180284288257,38.575969509549],[89.50238606770893,38.575686442057815],[89.50417507595563,38.57568861219676],[89.5046519639763,38.57373223198829],[89.50959038628531,38.57312879774349],[89.50957085503546,38.57216579861171],[89.50702039930638,38.57131239149351],[89.5065264214416,38.56928575303863],[89.50539713541741,38.56930881076437],[89.50401394314298,38.57071451822975],[89.50341661241396,38.57377441406288],[89.50164469401102,38.57373819987026],[89.50264648437559,38.570093587240024],[89.50262966579925,38.569269476996965],[89.50166666666746,38.56833333333378],[89.50124728732698,38.568469509549004],[89.49930826823004,38.571002061632385],[89.49986545138967,38.572083333333865],[89.49957194010477,38.572652859158495],[89.49765787760475,38.5726137966584],[89.49653049045202,38.574789225260815],[89.49779568142435,38.575136176215835],[89.49955729166726,38.57394205729213],[89.50069173177138,38.57424886067747],[89.49903049045196,38.576557617187916],[89.4996004231777,38.57766398112017],[89.50099446614661,38.57763563368104],[89.50180284288257,38.575969509549]]]}},{"type":"Feature","id":"hydrolakes:1368440","properties":{"Hylak_id":1368440,"Lake_name":"","Country":"China","Continent":"Asia","Poly_src":"SWBD","Lake_type":1,"Grand_id":0,"Lake_area":0.22,"Shore_len":2.05,"Shore_dev":1.25,"Vol_total":0.28,"Vol_res":0.0,"Vol_src":3,"Depth_avg":1.3,"Dis_avg":0.659,"Res_time":5.0,"Elevation":1097,"Slope_100":0.32,"Wshd_area":37116.5,"Pour_long":86.017787,"Pour_lat":38.543857,"source_id":"hydrolakes:1368440","label":""},"geometry":{"type":"Polygon","coordinates":[[[86.01921169704906,38.54221584743976],[86.0183333333336,38.54169949001795],[86.01760036892387,38.542130398220934],[86.01553995768262,38.542154405382405],[86.01444444444479,38.54111111111155],[86.01351813422332,38.54185289171045],[86.01342515733558,38.54260036892401],[86.01401238335535,38.54404310438406],[86.01466139051695,38.54456285264797],[86.01515740288676,38.545406629774675],[86.01505357530408,38.54624118381116],[86.01740525987447,38.54762356228338],[86.01793056911919,38.547102322049],[86.01905219184073,38.544583333333776],[86.01859836154546,38.54381130642406],[86.01921169704906,38.54221584743976]]]}},{"type":"Feature","id":"hydrolakes:1368458","properties":{"Hylak_id":1368458,"Lake_name":"","Country":"China","Continent":"Asia","Poly_src":"SWBD","Lake_type":1,"Grand_id":0,"Lake_area":0.18,"Shore_len":2.16,"Shore_dev":1.43,"Vol_total":0.21,"Vol_res":0.0,"Vol_src":3,"Depth_avg":1.2,"Dis_avg":0.001,"Res_time":2473.4,"Elevation":1111,"Slope_100":0.26,"Wshd_area":5.9,"Pour_long":85.926347,"Pour_lat":38.51945,"source_id":"hydrolakes:1368458","label":""},"geometry":{"type":"Polygon","coordinates":[[[85.92152248806462,38.5148664008251],[85.92138888888923,38.514722222222645],[85.92042195638066,38.515028347439625],[85.92076626247882,38.5176833767365],[85.92124471028677,38.51819973415843],[85.92262830946243,38.51889946831636],[85.92431084526959,38.51930026584239],[85.92766316731809,38.52124471028685],[85.92873989529119,38.52089138454903],[85.92541503906295,38.51756008572096],[85.92235582139801,38.515699734158545],[85.92152248806462,38.5148664008251]]]}},{"type":"Feature","id":"hydrolakes:1368487","properties":{"Hylak_id":1368487,"Lake_name":"","Country":"China","Continent":"Asia","Poly_src":"SWBD","Lake_type":1,"Grand_id":0,"Lake_area":0.25,"Shore_len":2.26,"Shore_dev":1.28,"Vol_total":0.31,"Vol_res":0.0,"Vol_src":3,"Depth_avg":1.3,"Dis_avg":0.005,"Res_time":717.2,"Elevation":2933,"Slope_100":0.28,"Wshd_area":18.3,"Pour_long":90.001364,"Pour_lat":38.478526,"source_id":"hydrolakes:1368487","label":""},"geometry":{"type":"Polygon","coordinates":[[[89.99744032118133,38.4747166612417],[89.99722222222294,38.474444444444885],[89.99598741319511,38.47459893120697],[89.99684244791734,38.477837049696575],[89.99849446614655,38.47853312174516],[89.99986165364652,38.48095106336848],[90.00132161458407,38.48151245117231],[90.00301106770894,38.481116807726096],[90.00356499566038,38.47967475043447],[90.00206759982706,38.478765055338954],[90.00095703125078,38.477376437717396],[90.00049641927143,38.47576565212711],[89.99945203993121,38.47515190972268],[89.99744032118133,38.4747166612417]]]}},{"type":"Feature","id":"hydrolakes:1368525","properties":{"Hylak_id":1368525,"Lake_name":"","Country":"China","Continent":"Asia","Poly_src":"SWBD","Lake_type":1,"Grand_id":0,"Lake_area":0.11,"Shore_len":1.43,"Shore_dev":1.23,"Vol_total":0.15,"Vol_res":0.0,"Vol_src":3,"Depth_avg":1.4,"Dis_avg":0.947,"Res_time":1.9,"Elevation":1148,"Slope_100":0.48,"Wshd_area":27858.3,"Pour_long":85.671355,"Pour_lat":38.441072,"source_id":"hydrolakes:1368525","label":""},"geometry":{"type":"Polygon","coordinates":[[[85.66865675184499,38.43883449978341],[85.66805555555595,38.438055555555934],[85.66682345920185,38.4382648383251],[85.66722947862439,38.44004082573832],[85.66872375488322,38.441976860894556],[85.6696560329865,38.44211452908024],[85.67234320746553,38.44140923394144],[85.67126790364625,38.44039876302128],[85.66865675184499,38.43883449978341]]]}},{"type":"Feature","id":"hydrolakes:1368530","properties":{"Hylak_id":1368530,"Lake_name":"","Country":"China","Continent":"Asia","Poly_src":"SWBD","Lake_type":1,"Grand_id":0,"Lake_area":0.1,"Shore_len":1.59,"Shore_dev":1.43,"Vol_total":0.12,"Vol_res":0.0,"Vol_src":3,"Depth_avg":1.3,"Dis_avg":0.951,"Res_time":1.5,"Elevation":1150,"Slope_100":0.37,"Wshd_area":27850.1,"Pour_long":85.663667,"Pour_lat":38.435339,"source_id":"hydrolakes:1368530","label":""},"geometry":{"type":"Polygon","coordinates":[[[85.66123460557748,38.43237643771744],[85.6611111111115,38.43222222222266],[85.66072333441872,38.43253268771741],[85.661467488607,38.43513536241369],[85.66224745008714,38.43546400282156],[85.66373636881536,38.43665635850732],[85.66406589084232,38.43817911783907],[85.66478535970089,38.436720241970875],[85.66491285536057,38.43569498697957],[85.66430772569481,38.43425889756992],[85.66123460557748,38.43237643771744]]]}},{"type":"Feature","id":"hydrolakes:1368582","properties":{"Hylak_id":1368582,"Lake_name":"","Country":"China","Continent":"Asia","Poly_src":"SWBD","Lake_type":1,"Grand_id":0,"Lake_area":0.11,"Shore_len":1.48,"Shore_dev":1.24,"Vol_total":0.12,"Vol_res":0.0,"Vol_src":3,"Depth_avg":1.0,"Dis_avg":0.934,"Res_time":1.4,"Elevation":1167,"Slope_100":0.23,"Wshd_area":27072.8,"Pour_long":85.597191,"Pour_lat":38.374388,"source_id":"hydrolakes:1368582","label":""},"geometry":{"type":"Polygon","coordinates":[[[85.59493218315998,38.372902696398],[85.59444444444472,38.372222222222604],[85.59353457980728,38.37246229383726],[85.59331414116781,38.3735777452261],[85.59732967800608,38.37678263346396],[85.59838609483535,38.37638088650215],[85.59884379069041,38.375267062717455],[85.59659125434086,38.37323540581633],[85.59493218315998,38.372902696398]]]}},{"type":"Feature","id":"hydrolakes:1368607","properties":{"Hylak_id":1368607,"Lake_name":"","Country":"China","Continent":"Asia","Poly_src":"SWBD","Lake_type":1,"Grand_id":0,"Lake_area":0.19,"Shore_len":2.57,"Shore_dev":1.64,"Vol_total":0.27,"Vol_res":0.0,"Vol_src":3,"Depth_avg":1.4,"Dis_avg":0.039,"Res_time":79.6,"Elevation":1181,"Slope_100":0.36,"Wshd_area":470.3,"Pour_long":85.519914,"Pour_lat":38.347041,"source_id":"hydrolakes:1368607","label":""},"geometry":{"type":"Polygon","coordinates":[[[85.52202429877423,38.345678032769456],[85.52105655246345,38.34459486219663],[85.51986209445562,38.34542928059943],[85.51830718994177,38.34466932508718],[85.51710656060135,38.343596462673986],[85.51775173611168,38.341798502604604],[85.51734592013912,38.34091430664108],[85.51638888888914,38.34000000000043],[85.51547559950143,38.340281982422255],[85.51502410888696,38.34154039171051],[85.51598002115912,38.34290879991363],[85.51639417860275,38.34468885633726],[85.51787872314475,38.34692491319487],[85.51937062581402,38.348594699436205],[85.52059427897177,38.347816433377204],[85.52202429877423,38.345678032769456]]]}},{"type":"Feature","id":"hydrolakes:1368615","properties":{"Hylak_id":1368615,"Lake_name":"","Country":"China","Continent":"Asia","Poly_src":"SWBD","Lake_type":1,"Grand_id":0,"Lake_area":0.1,"Shore_len":1.55,"Shore_dev":1.4,"Vol_total":0.08,"Vol_res":0.0,"Vol_src":3,"Depth_avg":0.9,"Dis_avg":0.95,"Res_time":1.0,"Elevation":1177,"Slope_100":0.17,"Wshd_area":27021.0,"Pour_long":85.580963,"Pour_lat":38.337815,"source_id":"hydrolakes:1368615","label":""},"geometry":{"type":"Polygon","coordinates":[[[85.58032725016335,38.33300604926251],[85.57972222222259,38.33222222222258],[85.5792241075307,38.332360975477854],[85.57863755967907,38.33333333333371],[85.5796012030712,38.3353987630212],[85.57990993923647,38.33721611870703],[85.58107035319034,38.33844468858547],[85.58166188557982,38.33746405707501],[85.58122690836626,38.33597222222261],[85.58171220567533,38.33430772569483],[85.58032725016335,38.33300604926251]]]}},{"type":"Feature","id":"hydrolakes:1368695","properties":{"Hylak_id":1368695,"Lake_name":"","Country":"China","Continent":"Asia","Poly_src":"SWBD","Lake_type":1,"Grand_id":0,"Lake_area":0.21,"Shore_len":1.85,"Shore_dev":1.13,"Vol_total":0.4,"Vol_res":0.0,"Vol_src":3,"Depth_avg":1.9,"Dis_avg":1.003,"Res_time":4.7,"Elevation":1211,"Slope_100":0.66,"Wshd_area":26838.3,"Pour_long":85.522917,"Pour_lat":38.226881,"source_id":"hydrolakes:1368695","label":""},"geometry":{"type":"Polygon","coordinates":[[[85.52291531033029,38.228762749566386],[85.5235483127176,38.22841878255247],[85.52523162841845,38.228519151476064],[85.52679775661909,38.22803548177126],[85.52542446560369,38.22596435546916],[85.5233333333336,38.22361111111155],[85.52015831841385,38.22384060329915],[85.52006222195143,38.22545288085979],[85.5208449978303,38.22715833875907],[85.52291531033029,38.228762749566386]]]}},{"type":"Feature","id":"hydrolakes:1368830","properties":{"Hylak_id":1368830,"Lake_name":"","Country":"China","Continent":"Asia","Poly_src":"SWBD","Lake_type":1,"Grand_id":0,"Lake_area":0.24,"Shore_len":2.06,"Shore_dev":1.18,"Vol_total":1.41,"Vol_res":0.0,"Vol_src":3,"Depth_avg":5.8,"Dis_avg":0.001,"Res_time":16298.4,"Elevation":3354,"Slope_100":6.61,"Wshd_area":4.6,"Pour_long":89.922494,"Pour_lat":38.048204,"source_id":"hydrolakes:1368830","label":""},"geometry":{"type":"Polygon","coordinates":[[[89.92144965277845,38.04625623914967],[89.92111111111183,38.04583333333369],[89.91991753472303,38.04604112413233],[89.91848741319512,38.04907185872452],[89.91913357204942,38.05055555555589],[89.91861599392422,38.05143608941006],[89.91910536024386,38.0525967068146],[89.9211040581605,38.05284532335111],[89.92179036458396,38.051234673394504],[89.92415527343809,38.04806939019136],[89.92320963541732,38.04651245117225],[89.92144965277845,38.04625623914967]]]}},{"type":"Feature","id":"hydrolakes:1368850","properties":{"Hylak_id":1368850,"Lake_name":"","Country":"China","Continent":"Asia","Poly_src":"SWBD","Lake_type":1,"Grand_id":0,"Lake_area":0.23,"Shore_len":2.48,"Shore_dev":1.46,"Vol_total":0.48,"Vol_res":0.0,"Vol_src":3,"Depth_avg":2.1,"Dis_avg":0.004,"Res_time":1402.1,"Elevation":3405,"Slope_100":0.84,"Wshd_area":21.3,"Pour_long":89.490625,"Pour_lat":38.035342,"source_id":"hydrolakes:1368850","label":""},"geometry":{"type":"Polygon","coordinates":[[[89.48833333333397,38.03734307183203],[89.49000000000069,38.03674506293447],[89.49115641276097,38.0371601019969],[89.49330837673688,38.03665947808196],[89.49426730685826,38.035802544488206],[89.49467529296936,38.03491360134592],[89.49592664930611,38.03483900282151],[89.49763102213598,38.03529554579046],[89.49623752170197,38.03406846788232],[89.49386393229236,38.03404581705769],[89.49250000000058,38.0333333333337],[89.4909865993929,38.0334910753042],[89.4884461805562,38.03506157769141],[89.48570231119851,38.035747612847615],[89.48629421658063,38.03661146375907],[89.48833333333397,38.03734307183203]]]}},{"type":"Feature","id":"hydrolakes:1369298","properties":{"Hylak_id":1369298,"Lake_name":"","Country":"China","Continent":"Asia","Poly_src":"SWBD","Lake_type":1,"Grand_id":0,"Lake_area":0.28,"Shore_len":2.57,"Shore_dev":1.38,"Vol_total":0.51,"Vol_res":0.0,"Vol_src":3,"Depth_avg":1.8,"Dis_avg":0.001,"Res_time":5883.5,"Elevation":3877,"Slope_100":0.59,"Wshd_area":3.2,"Pour_long":89.670482,"Pour_lat":37.558123,"source_id":"hydrolakes:1369298","label":""},"geometry":{"type":"Polygon","coordinates":[[[89.67847764757016,37.5576441786028],[89.6793294270841,37.55734551323815],[89.68091037326457,37.55740817599866],[89.68207682291745,37.556327718099396],[89.67952256944523,37.555686442057606],[89.67694444444504,37.55444444444481],[89.67342068142426,37.55464341905417],[89.67242513020915,37.55675265842052],[89.66958875868113,37.55844631618959],[89.6703613281257,37.55888427734408],[89.67847764757016,37.5576441786028]]]}},{"type":"Feature","id":"hydrolakes:1369543","properties":{"Hylak_id":1369543,"Lake_name":"","Country":"China","Continent":"Asia","Poly_src":"SWBD","Lake_type":1,"Grand_id":0,"Lake_area":0.18,"Shore_len":2.12,"Shore_dev":1.41,"Vol_total":0.6,"Vol_res":0.0,"Vol_src":3,"Depth_avg":3.3,"Dis_avg":0.014,"Res_time":493.9,"Elevation":4657,"Slope_100":2.26,"Wshd_area":138.3,"Pour_long":88.617003,"Pour_lat":37.348398,"source_id":"hydrolakes:1369543","label":""},"geometry":{"type":"Polygon","coordinates":[[[88.61762858072967,37.348318413628874],[88.6148236762159,37.347473687066326],[88.61388888888945,37.34638888888924],[88.6117952473964,37.3470730251741],[88.61061279296922,37.34773274739621],[88.60929741753529,37.34762695312537],[88.60876030816024,37.34798312717044],[88.60963270399373,37.348829752604445],[88.60951144748316,37.350340169271135],[88.61019314236165,37.351301540798886],[88.61108588324709,37.35122965494821],[88.61321777343835,37.34906548394133],[88.61700358072983,37.348717447916954],[88.61762858072967,37.348318413628874]]]}},{"type":"Feature","id":"hydrolakes:1369788","properties":{"Hylak_id":1369788,"Lake_name":"","Country":"China","Continent":"Asia","Poly_src":"SWBD","Lake_type":1,"Grand_id":0,"Lake_area":0.18,"Shore_len":2.08,"Shore_dev":1.37,"Vol_total":0.3,"Vol_res":0.0,"Vol_src":3,"Depth_avg":1.7,"Dis_avg":0.001,"Res_time":3512.3,"Elevation":4160,"Slope_100":0.55,"Wshd_area":23.8,"Pour_long":86.85212,"Pour_lat":37.156194,"source_id":"hydrolakes:1369788","label":""},"geometry":{"type":"Polygon","coordinates":[[[86.85172851562533,37.15759440104193],[86.85516642252645,37.15601671006982],[86.85512356228338,37.155299479166956],[86.85388888888923,37.15416666666698],[86.85269599066879,37.1543893771705],[86.85152587890667,37.15502522786488],[86.8497801378042,37.15679768880244],[86.848574083117,37.15544786241355],[86.84737155490507,37.15744710286498],[86.84793945312532,37.15849202473993],[86.8495307074657,37.159297688802496],[86.85172851562533,37.15759440104193]]]}},{"type":"Feature","id":"hydrolakes:1369827","properties":{"Hylak_id":1369827,"Lake_name":"","Country":"China","Continent":"Asia","Poly_src":"SWBD","Lake_type":1,"Grand_id":0,"Lake_area":0.13,"Shore_len":1.56,"Shore_dev":1.24,"Vol_total":0.52,"Vol_res":0.0,"Vol_src":3,"Depth_avg":4.2,"Dis_avg":0.0,"Res_time":-1.0,"Elevation":4173,"Slope_100":4.07,"Wshd_area":0.2,"Pour_long":86.806323,"Pour_lat":37.125722,"source_id":"hydrolakes:1369827","label":""},"geometry":{"type":"Polygon","coordinates":[[[86.80983330620711,37.12670925564265],[86.81124213324699,37.12581325954892],[86.8104245334207,37.12513102213575],[86.80860622829897,37.12484781901071],[86.80694444444481,37.123333333333676],[86.80555202908027,37.12359320746572],[86.80431342230935,37.12519151475732],[86.80586181640666,37.12656738281282],[86.80732896592929,37.12617431640655],[86.80983330620711,37.12670925564265]]]}},{"type":"Feature","id":"hydrolakes:1369879","properties":{"Hylak_id":1369879,"Lake_name":"","Country":"China","Continent":"Asia","Poly_src":"SWBD","Lake_type":1,"Grand_id":0,"Lake_area":0.42,"Shore_len":3.52,"Shore_dev":1.52,"Vol_total":1.02,"Vol_res":0.0,"Vol_src":3,"Depth_avg":2.4,"Dis_avg":0.0,"Res_time":-1.0,"Elevation":4257,"Slope_100":0.9,"Wshd_area":0.9,"Pour_long":88.260221,"Pour_lat":37.069459,"source_id":"hydrolakes:1369879","label":""},"geometry":{"type":"Polygon","coordinates":[[[88.2698432074659,37.07417778862879],[88.26494004991378,37.07221706814266],[88.26218207465342,37.07081027560798],[88.2616468641499,37.06992350260447],[88.26211046006989,37.068744574653124],[88.26138888888937,37.067777777778076],[88.25984320746602,37.067898763021105],[88.25710259331646,37.06987548828158],[88.2565456814242,37.071292317708696],[88.25778157552128,37.07258680555583],[88.25876790364629,37.073176540798954],[88.2611515299485,37.07533528645871],[88.26383761935818,37.07336480034763],[88.26533447265683,37.073781467014214],[88.26622992621577,37.07447292751772],[88.26668972439302,37.07559570312526],[88.2677444118928,37.07623209635443],[88.26867838541727,37.0757489691843],[88.2698432074659,37.07417778862879]]]}},{"type":"Feature","id":"hydrolakes:1370201","properties":{"Hylak_id":1370201,"Lake_name":"","Country":"China","Continent":"Asia","Poly_src":"SWBD","Lake_type":1,"Grand_id":0,"Lake_area":0.25,"Shore_len":2.35,"Shore_dev":1.32,"Vol_total":1.1,"Vol_res":0.0,"Vol_src":3,"Depth_avg":4.4,"Dis_avg":0.0,"Res_time":-1.0,"Elevation":4813,"Slope_100":3.66,"Wshd_area":0.3,"Pour_long":86.278125,"Pour_lat":36.782563,"source_id":"hydrolakes:1370201","label":""},"geometry":{"type":"Polygon","coordinates":[[[86.27988335503517,36.786323242187905],[86.28234375000045,36.7862904188371],[86.28104560004385,36.784615071614894],[86.28195882161486,36.78293457031282],[86.28083333333365,36.78138888888924],[86.27494032118102,36.782266710069734],[86.27414605034761,36.78340359158017],[86.27570149739631,36.78491861979205],[86.27681260850738,36.78485243055587],[86.27780612521747,36.78596435546899],[86.27875786675395,36.78570231119818],[86.27914021809926,36.784868977864846],[86.27988335503517,36.786323242187905]]]}},{"type":"Feature","id":"hydrolakes:1370345","properties":{"Hylak_id":1370345,"Lake_name":"","Country":"China","Continent":"Asia","Poly_src":"SWBD","Lake_type":1,"Grand_id":0,"Lake_area":0.49,"Shore_len":2.83,"Shore_dev":1.14,"Vol_total":1.5,"Vol_res":0.0,"Vol_src":3,"Depth_avg":3.1,"Dis_avg":0.002,"Res_time":8695.5,"Elevation":4715,"Slope_100":1.44,"Wshd_area":22.6,"Pour_long":89.013442,"Pour_lat":36.622914,"source_id":"hydrolakes:1370345","label":""},"geometry":{"type":"Polygon","coordinates":[[[89.01413357204916,36.62483832465301],[89.01465928819499,36.62299777560793],[89.0137727864589,36.61966145833361],[89.01288926866374,36.6182066514761],[89.01045301649378,36.617510308160035],[89.0100000000005,36.616944444444755],[89.00876573350752,36.617098795573156],[89.00803276909801,36.619662543403194],[89.00601019965347,36.62080593533011],[89.00590223524358,36.621673719618286],[89.00631157769152,36.623565538194725],[89.00760715060835,36.624511990017595],[89.00875000000059,36.62384006076411],[89.00956787109425,36.62432101779541],[89.01098768446235,36.62456787109409],[89.01285861545199,36.625375705295426],[89.01413357204916,36.62483832465301]]]}},{"type":"Feature","id":"hydrolakes:1370379","properties":{"Hylak_id":1370379,"Lake_name":"","Country":"China","Continent":"Asia","Poly_src":"SWBD","Lake_type":1,"Grand_id":0,"Lake_area":0.93,"Shore_len":4.57,"Shore_dev":1.34,"Vol_total":2.43,"Vol_res":0.0,"Vol_src":3,"Depth_avg":2.6,"Dis_avg":0.023,"Res_time":1223.3,"Elevation":4705,"Slope_100":0.84,"Wshd_area":273.6,"Pour_long":85.807394,"Pour_lat":36.574736,"source_id":"hydrolakes:1370379","label":""},"geometry":{"type":"Polygon","coordinates":[[[85.80950805664094,36.58138590494815],[85.8098583306209,36.57954264322939],[85.80837965223566,36.575300564236386],[85.80750000000029,36.57444444444468],[85.80369174533462,36.575435384114826],[85.79169182671478,36.57572862413218],[85.79014166937975,36.576568467882225],[85.79075297037798,36.578354492187714],[85.79328904893703,36.57906385633703],[85.79483595106376,36.579860839844],[85.79875834147197,36.58040825737879],[85.8017797851565,36.5811827256947],[85.80342848036071,36.58006510416692],[85.80498080783457,36.58168077256977],[85.80659417046473,36.58112847222253],[85.80846557617224,36.5820925564239],[85.80950805664094,36.58138590494815]]]}},{"type":"Feature","id":"hydrolakes:1370398","properties":{"Hylak_id":1370398,"Lake_name":"","Country":"China","Continent":"Asia","Poly_src":"SWBD","Lake_type":1,"Grand_id":0,"Lake_area":0.14,"Shore_len":1.69,"Shore_dev":1.27,"Vol_total":0.48,"Vol_res":0.0,"Vol_src":3,"Depth_avg":3.4,"Dis_avg":0.0,"Res_time":-1.0,"Elevation":4768,"Slope_100":2.56,"Wshd_area":0.5,"Pour_long":85.729675,"Pour_lat":36.545725,"source_id":"hydrolakes:1370398","label":""},"geometry":{"type":"Polygon","coordinates":[[[85.72964864095093,36.54873752170175],[85.73126858181467,36.54790283203164],[85.73313585069491,36.54794108072946],[85.73430243598136,36.54737494574681],[85.7343184407556,36.54659071180589],[85.73261596679731,36.54624186197941],[85.73134229872011,36.54626790364614],[85.73111111111155,36.545555555555836],[85.72745415581642,36.545711263021076],[85.72699740939703,36.547045627170405],[85.72816704644123,36.54761311848989],[85.72964864095093,36.54873752170175]]]}},{"type":"Feature","id":"hydrolakes:1370399","properties":{"Hylak_id":1370399,"Lake_name":"","Country":"China","Continent":"Asia","Poly_src":"SWBD","Lake_type":1,"Grand_id":0,"Lake_area":0.28,"Shore_len":2.81,"Shore_dev":1.51,"Vol_total":1.18,"Vol_res":0.0,"Vol_src":3,"Depth_avg":4.3,"Dis_avg":0.001,"Res_time":13641.0,"Elevation":4839,"Slope_100":3.37,"Wshd_area":8.6,"Pour_long":85.934061,"Pour_lat":36.544682,"source_id":"hydrolakes:1370399","label":""},"geometry":{"type":"Polygon","coordinates":[[[85.93344489203605,36.543467068142604],[85.93351013183644,36.5418221028649],[85.9314143880211,36.54127305772596],[85.9304406738284,36.54123453776066],[85.92887213812963,36.541784125434276],[85.92715928819484,36.54185221354197],[85.92583333333363,36.54083333333364],[85.92403306749162,36.5414173719621],[85.9243842909076,36.543030056423845],[85.9266126844621,36.54349636501763],[85.927624104818,36.54345621744818],[85.93431084526964,36.54568901909744],[85.9353607855906,36.546244574653144],[85.93624471028676,36.54554796006977],[85.93449191623296,36.54396131727458],[85.93344489203605,36.543467068142604]]]}},{"type":"Feature","id":"hydrolakes:1370492","properties":{"Hylak_id":1370492,"Lake_name":"","Country":"China","Continent":"Asia","Poly_src":"SWBD","Lake_type":1,"Grand_id":0,"Lake_area":0.27,"Shore_len":2.62,"Shore_dev":1.42,"Vol_total":0.83,"Vol_res":0.0,"Vol_src":3,"Depth_avg":3.0,"Dis_avg":0.005,"Res_time":1912.9,"Elevation":5063,"Slope_100":1.69,"Wshd_area":52.7,"Pour_long":88.567616,"Pour_lat":36.431054,"source_id":"hydrolakes:1370492","label":""},"geometry":{"type":"Polygon","coordinates":[[[88.56762641059078,36.428147786458624],[88.56538194444494,36.42554280598989],[88.56435221354229,36.426117078993286],[88.56277777777825,36.42472222222244],[88.56181586371594,36.42501193576419],[88.56293646918454,36.42725260416688],[88.56282118055611,36.428689507378806],[88.56519422743105,36.42959011501762],[88.56508436414987,36.43095486111139],[88.56551188151099,36.43283555772598],[88.56679687500053,36.43330729166689],[88.56813964843803,36.43270806206618],[88.56856580946248,36.43194444444475],[88.56779513888955,36.430563151042065],[88.56850884331669,36.42955647786482],[88.56762641059078,36.428147786458624]]]}},{"type":"Feature","id":"hydrolakes:1370495","properties":{"Hylak_id":1370495,"Lake_name":"","Country":"China","Continent":"Asia","Poly_src":"SWBD","Lake_type":1,"Grand_id":0,"Lake_area":0.9,"Shore_len":6.86,"Shore_dev":2.04,"Vol_total":4.07,"Vol_res":0.0,"Vol_src":3,"Depth_avg":4.5,"Dis_avg":0.0,"Res_time":-1.0,"Elevation":5069,"Slope_100":2.61,"Wshd_area":2.4,"Pour_long":88.52134,"Pour_lat":36.429771,"source_id":"hydrolakes:1370495","label":""},"geometry":{"type":"Polygon","coordinates":[[[88.51962239583395,36.43212239583369],[88.52079616970548,36.430808648003676],[88.52374213324731,36.42846435546909],[88.52622341579922,36.42817382812518],[88.52693549262204,36.42753770616349],[88.5248828125005,36.42502305772592],[88.52304280599026,36.42395182291693],[88.5198491753477,36.42147677951414],[88.51610514322971,36.42021050347245],[88.51472222222287,36.41916666666691],[88.51367567274372,36.41930664062539],[88.51377360026089,36.42095106336836],[88.51328206380276,36.42185574001758],[88.51457546658042,36.42352484809061],[88.51406846788257,36.42451280381965],[88.51181342230956,36.42709825303848],[88.51231635199713,36.428683268229406],[88.51429768880274,36.43061360677126],[88.51403564453187,36.431257866753754],[88.51348008897628,36.43175428602456],[88.5137708875875,36.43243652343779],[88.51552137586856,36.43306450737879],[88.51692003038261,36.431980794271055],[88.5176011827262,36.43346435546903],[88.51861545138956,36.433021918403085],[88.51962239583395,36.43212239583369]],[[88.51709689670184,36.42292182074692],[88.51944444444507,36.42277777777798],[88.5215939670145,36.42409206814261],[88.52352159288245,36.42632975260443],[88.52345269097276,36.42718587239614],[88.52094889322984,36.42862955729203],[88.51828342013943,36.426347113715565],[88.51665039062556,36.425855305989785],[88.51598253038247,36.42470730251762],[88.51709689670184,36.42292182074692]]]}},{"type":"Feature","id":"hydrolakes:1370506","properties":{"Hylak_id":1370506,"Lake_name":"","Country":"China","Continent":"Asia","Poly_src":"SWBD","Lake_type":1,"Grand_id":0,"Lake_area":0.11,"Shore_len":1.4,"Shore_dev":1.17,"Vol_total":0.48,"Vol_res":0.0,"Vol_src":3,"Depth_avg":4.2,"Dis_avg":0.001,"Res_time":5569.0,"Elevation":5051,"Slope_100":4.34,"Wshd_area":9.3,"Pour_long":88.562788,"Pour_lat":36.416888,"source_id":"hydrolakes:1370506","label":""},"geometry":{"type":"Polygon","coordinates":[[[88.56040120442776,36.415154351128706],[88.56027777777842,36.415000000000305],[88.5579541015631,36.415404459635624],[88.55682101779576,36.41682128906274],[88.55711751302147,36.41748752170162],[88.55881022135469,36.41769829644119],[88.5631789822055,36.41703314887178],[88.562741427952,36.41611056857664],[88.56040120442776,36.415154351128706]]]}},{"type":"Feature","id":"hydrolakes:1370507","properties":{"Hylak_id":1370507,"Lake_name":"","Country":"China","Continent":"Asia","Poly_src":"SWBD","Lake_type":1,"Grand_id":0,"Lake_area":0.6,"Shore_len":3.45,"Shore_dev":1.25,"Vol_total":2.91,"Vol_res":0.0,"Vol_src":3,"Depth_avg":4.8,"Dis_avg":0.001,"Res_time":33630.7,"Elevation":5029,"Slope_100":3.42,"Wshd_area":7.1,"Pour_long":88.477083,"Pour_lat":36.415204,"source_id":"hydrolakes:1370507","label":""},"geometry":{"type":"Polygon","coordinates":[[[88.48208197699716,36.417061903212016],[88.48583767361157,36.41559922960096],[88.48653320312576,36.41458875868085],[88.4871628146708,36.412432454427346],[88.48694444444504,36.41138888888918],[88.48396077474024,36.41152533637177],[88.47851616753525,36.41298366970517],[88.47653320312548,36.41403320312537],[88.47305501302134,36.41450846354195],[88.47246066623308,36.41734863281289],[88.47340304904566,36.41738579644124],[88.47518934461851,36.4169178602433],[88.47698242187556,36.418151855469034],[88.47891547309081,36.41822862413227],[88.48208197699716,36.417061903212016]]]}},{"type":"Feature","id":"hydrolakes:1370508","properties":{"Hylak_id":1370508,"Lake_name":"","Country":"China","Continent":"Asia","Poly_src":"SWBD","Lake_type":1,"Grand_id":0,"Lake_area":0.15,"Shore_len":1.72,"Shore_dev":1.25,"Vol_total":0.8,"Vol_res":0.0,"Vol_src":3,"Depth_avg":5.3,"Dis_avg":0.0,"Res_time":-1.0,"Elevation":5039,"Slope_100":6.42,"Wshd_area":2.2,"Pour_long":88.54249,"Pour_lat":36.415384,"source_id":"hydrolakes:1370508","label":""},"geometry":{"type":"Polygon","coordinates":[[[88.54123969184093,36.412649197048836],[88.54111111111166,36.41250000000025],[88.53935248480963,36.41273003472253],[88.53764919704929,36.41379692925369],[88.53811659071243,36.414740397135745],[88.5409285481777,36.41580756293433],[88.54309244791727,36.41734185112881],[88.54398247612914,36.41741319444469],[88.54432264539986,36.41680365668424],[88.5431193033861,36.4153485785593],[88.54247477213607,36.413904079861425],[88.54123969184093,36.412649197048836]]]}},{"type":"Feature","id":"hydrolakes:1370512","properties":{"Hylak_id":1370512,"Lake_name":"","Country":"China","Continent":"Asia","Poly_src":"SWBD","Lake_type":1,"Grand_id":0,"Lake_area":0.33,"Shore_len":3.17,"Shore_dev":1.56,"Vol_total":1.68,"Vol_res":0.0,"Vol_src":3,"Depth_avg":5.1,"Dis_avg":0.0,"Res_time":-1.0,"Elevation":5090,"Slope_100":4.6,"Wshd_area":2.1,"Pour_long":88.569314,"Pour_lat":36.410578,"source_id":"hydrolakes:1370512","label":""},"geometry":{"type":"Polygon","coordinates":[[[88.56877034505271,36.403227539062925],[88.56861111111164,36.40305555555591],[88.5673738606776,36.40329182942736],[88.56734510633748,36.4040128580732],[88.56786512586854,36.40499565972243],[88.56819471571248,36.40740776909752],[88.56875868055607,36.408473307291956],[88.56736653645896,36.410184190538416],[88.56805935329913,36.41189968533007],[88.56972873263936,36.414022352430834],[88.57289822048659,36.412393120660056],[88.57346679687566,36.41077067057324],[88.57222737630264,36.409740125868325],[88.56958875868105,36.40871256510451],[88.56989963107691,36.406809895833646],[88.5715223524312,36.40481580946209],[88.5708300781256,36.40419949001762],[88.56877034505271,36.403227539062925]]]}},{"type":"Feature","id":"hydrolakes:1370523","properties":{"Hylak_id":1370523,"Lake_name":"","Country":"China","Continent":"Asia","Poly_src":"SWBD","Lake_type":1,"Grand_id":0,"Lake_area":0.54,"Shore_len":3.35,"Shore_dev":1.29,"Vol_total":2.71,"Vol_res":0.0,"Vol_src":3,"Depth_avg":5.0,"Dis_avg":0.001,"Res_time":31348.5,"Elevation":5029,"Slope_100":3.81,"Wshd_area":8.8,"Pour_long":88.527022,"Pour_lat":36.390074,"source_id":"hydrolakes:1370523","label":""},"geometry":{"type":"Polygon","coordinates":[[[88.52734836154565,36.3884849717885],[88.52540391710119,36.38845947265645],[88.52084743923672,36.389656846788455],[88.52146294487903,36.39175482855933],[88.52362820095533,36.39239040798634],[88.52466417100749,36.3942046440975],[88.52665174696227,36.39628255208356],[88.52643825954925,36.398378363715494],[88.52794460720537,36.39957058376757],[88.52895399305623,36.39909966362876],[88.52959608289979,36.398207194010695],[88.53040011935815,36.39454101562518],[88.52845947265672,36.39042941623285],[88.5280628797749,36.38907877604191],[88.52734836154565,36.3884849717885]]]}},{"type":"Feature","id":"hydrolakes:1370559","properties":{"Hylak_id":1370559,"Lake_name":"","Country":"China","Continent":"Asia","Poly_src":"SWBD","Lake_type":1,"Grand_id":0,"Lake_area":0.34,"Shore_len":2.45,"Shore_dev":1.18,"Vol_total":1.55,"Vol_res":0.0,"Vol_src":3,"Depth_avg":4.5,"Dis_avg":0.001,"Res_time":17981.2,"Elevation":4979,"Slope_100":3.58,"Wshd_area":8.6,"Pour_long":88.824514,"Pour_lat":36.333221,"source_id":"hydrolakes:1370559","label":""},"geometry":{"type":"Polygon","coordinates":[[[88.82540391710131,36.33320719401064],[88.82527777777835,36.333055555555916],[88.82321804470536,36.333198242187734],[88.82189019097274,36.334301486545485],[88.82154052734433,36.336262749566174],[88.82114040798677,36.33696180555597],[88.82079671224028,36.3403331163197],[88.82246365017414,36.34095947265655],[88.82343505859427,36.34026719835094],[88.82373725043459,36.33957058376757],[88.8250241427956,36.33850151909746],[88.82548773871599,36.33743218315993],[88.82773111979219,36.33645941840308],[88.82769639756992,36.33387993706617],[88.82540391710131,36.33320719401064]]]}},{"type":"Feature","id":"hydrolakes:1370561","properties":{"Hylak_id":1370561,"Lake_name":"","Country":"China","Continent":"Asia","Poly_src":"SWBD","Lake_type":1,"Grand_id":0,"Lake_area":0.17,"Shore_len":1.73,"Shore_dev":1.19,"Vol_total":0.65,"Vol_res":0.0,"Vol_src":3,"Depth_avg":3.9,"Dis_avg":0.001,"Res_time":7527.2,"Elevation":5062,"Slope_100":3.26,"Wshd_area":6.1,"Pour_long":88.701858,"Pour_lat":36.330796,"source_id":"hydrolakes:1370561","label":""},"geometry":{"type":"Polygon","coordinates":[[[88.70150987413263,36.327101236979445],[88.7013888888896,36.32694444444468],[88.70015760633731,36.327094997830216],[88.69995415581644,36.32847303602455],[88.70046169704909,36.33021430121556],[88.69960123697973,36.33240342881976],[88.70277153862895,36.332378200955134],[88.70371093750066,36.33165283203152],[88.7037985568582,36.3310598415801],[88.70342366536522,36.32977349175377],[88.70355333116373,36.32889594184053],[88.70293050130272,36.32808892144118],[88.70150987413263,36.327101236979445]]]}},{"type":"Feature","id":"hydrolakes:1370586","properties":{"Hylak_id":1370586,"Lake_name":"","Country":"China","Continent":"Asia","Poly_src":"SWBD","Lake_type":1,"Grand_id":0,"Lake_area":0.14,"Shore_len":1.91,"Shore_dev":1.46,"Vol_total":0.39,"Vol_res":0.0,"Vol_src":3,"Depth_avg":2.8,"Dis_avg":0.0,"Res_time":-1.0,"Elevation":5014,"Slope_100":1.81,"Wshd_area":1.9,"Pour_long":88.909375,"Pour_lat":36.298069,"source_id":"hydrolakes:1370586","label":""},"geometry":{"type":"Polygon","coordinates":[[[88.91455566406302,36.30022189670166],[88.91476833767416,36.29851264105923],[88.91231662326459,36.29856418185784],[88.91047824435827,36.29816623263912],[88.90888888888958,36.29638888888911],[88.90684027777831,36.2972214084204],[88.90669569227498,36.29838324652803],[88.90779920789981,36.299031846788466],[88.91015435112905,36.2992900933163],[88.91226535373335,36.299937065972415],[88.91455566406302,36.30022189670166]]]}},{"type":"Feature","id":"hydrolakes:1370589","properties":{"Hylak_id":1370589,"Lake_name":"","Country":"China","Continent":"Asia","Poly_src":"SWBD","Lake_type":1,"Grand_id":0,"Lake_area":0.96,"Shore_len":4.23,"Shore_dev":1.22,"Vol_total":3.24,"Vol_res":0.0,"Vol_src":3,"Depth_avg":3.4,"Dis_avg":0.003,"Res_time":12513.1,"Elevation":4892,"Slope_100":1.41,"Wshd_area":42.6,"Pour_long":88.382725,"Pour_lat":36.296487,"source_id":"hydrolakes:1370589","label":""},"geometry":{"type":"Polygon","coordinates":[[[88.39239800347286,36.28894015842042],[88.39111111111174,36.28750000000019],[88.38739312066019,36.28763997395856],[88.38465820312553,36.28839328342042],[88.38374213324704,36.28957546658012],[88.38348008897628,36.29042453342038],[88.38276204427143,36.29075412326415],[88.38350748697985,36.29212592230931],[88.38244357638933,36.293076443142695],[88.38205186632024,36.294759385850966],[88.38070231119855,36.29537896050374],[88.38105278862906,36.29618272569468],[88.38235324435817,36.29709120008721],[88.38441406250053,36.29736680772589],[88.38558729383738,36.298679741753745],[88.38640407986179,36.29912353515658],[88.3873478190111,36.29828043619818],[88.38734917534777,36.29702012803847],[88.38846435546924,36.29596435546904],[88.39036295572981,36.29566867404537],[88.3914746093755,36.29467529296909],[88.39235324435816,36.29346435546904],[88.39566460503528,36.29161376953152],[88.39576660156308,36.289902072482846],[88.39431342230978,36.28929768880249],[88.39239800347286,36.28894015842042]]]}},{"type":"Feature","id":"hydrolakes:1370590","properties":{"Hylak_id":1370590,"Lake_name":"","Country":"China","Continent":"Asia","Poly_src":"SWBD","Lake_type":1,"Grand_id":0,"Lake_area":0.45,"Shore_len":2.87,"Shore_dev":1.2,"Vol_total":1.63,"Vol_res":0.0,"Vol_src":3,"Depth_avg":3.6,"Dis_avg":0.001,"Res_time":18873.0,"Elevation":5048,"Slope_100":2.01,"Wshd_area":38.7,"Pour_long":86.141174,"Pour_lat":36.29535,"source_id":"hydrolakes:1370590","label":""},"geometry":{"type":"Polygon","coordinates":[[[86.14472222222264,36.29989420572957],[86.14620544433637,36.29988335503492],[86.14818739149342,36.29818576388914],[86.15007059733108,36.298298068576685],[86.15042812771304,36.29763997395861],[86.1498496500655,36.29624891493074],[86.1505480278866,36.294963650173884],[86.14986565483991,36.29429416232665],[86.14710306803414,36.29511203342042],[86.14625779893692,36.29401991102458],[86.14527777777823,36.29333333333358],[86.14365390353765,36.29355061848986],[86.13969584147185,36.29565212673634],[86.14148898654543,36.298471408420426],[86.14348002115918,36.299019911024686],[86.1438576253259,36.29984266493091],[86.14472222222264,36.29989420572957]]]}},{"type":"Feature","id":"hydrolakes:1370599","properties":{"Hylak_id":1370599,"Lake_name":"","Country":"China","Continent":"Asia","Poly_src":"SWBD","Lake_type":1,"Grand_id":0,"Lake_area":0.93,"Shore_len":4.48,"Shore_dev":1.31,"Vol_total":2.58,"Vol_res":0.0,"Vol_src":3,"Depth_avg":2.8,"Dis_avg":0.006,"Res_time":4978.8,"Elevation":4874,"Slope_100":0.94,"Wshd_area":213.6,"Pour_long":88.226316,"Pour_lat":36.284174,"source_id":"hydrolakes:1370599","label":""},"geometry":{"type":"Polygon","coordinates":[[[88.21395155164987,36.29047010633701],[88.21548068576453,36.2896392144101],[88.22054768880258,36.29031277126762],[88.21993842230961,36.28803873697956],[88.2216134982645,36.285730794271046],[88.22463161892426,36.28578830295157],[88.22643771701433,36.28495930989607],[88.22763102213588,36.283419596354406],[88.22722384982688,36.282194824219005],[88.2254918077262,36.28098497178843],[88.22084011501795,36.28108778211839],[88.22027777777839,36.28055555555591],[88.21764865451433,36.280700954861516],[88.21655327691013,36.281397569444664],[88.21578070746602,36.28308078342042],[88.21320231119842,36.28598008897592],[88.21127766927128,36.287376844618336],[88.21026774088585,36.28923529730929],[88.21209120008729,36.28957546658012],[88.2128306749139,36.29040337456627],[88.21395155164987,36.29047010633701]]]}},{"type":"Feature","id":"hydrolakes:1370601","properties":{"Hylak_id":1370601,"Lake_name":"","Country":"China","Continent":"Asia","Poly_src":"SWBD","Lake_type":1,"Grand_id":0,"Lake_area":0.28,"Shore_len":2.26,"Shore_dev":1.21,"Vol_total":0.93,"Vol_res":0.0,"Vol_src":3,"Depth_avg":3.4,"Dis_avg":0.0,"Res_time":-1.0,"Elevation":5119,"Slope_100":2.09,"Wshd_area":11.2,"Pour_long":87.767592,"Pour_lat":36.283055,"source_id":"hydrolakes:1370601","label":""},"geometry":{"type":"Polygon","coordinates":[[[87.76819173177137,36.28485839843779],[87.76852864583378,36.28354383680585],[87.7677777777784,36.28250000000037],[87.76650906033058,36.28341254340313],[87.7641986762157,36.28406819661478],[87.76109402126792,36.28400472005234],[87.75958604600748,36.28572428385445],[87.76059624566028,36.28669487847259],[87.76375271267403,36.287080620660106],[87.76608561197975,36.287755805121776],[87.76785020616376,36.2873033311634],[87.76819173177137,36.28485839843779]]]}},{"type":"Feature","id":"hydrolakes:1370603","properties":{"Hylak_id":1370603,"Lake_name":"","Country":"China","Continent":"Asia","Poly_src":"SWBD","Lake_type":1,"Grand_id":0,"Lake_area":0.12,"Shore_len":1.44,"Shore_dev":1.17,"Vol_total":0.51,"Vol_res":0.0,"Vol_src":3,"Depth_avg":4.2,"Dis_avg":0.0,"Res_time":-1.0,"Elevation":4987,"Slope_100":4.23,"Wshd_area":0.7,"Pour_long":88.913982,"Pour_lat":36.280163,"source_id":"hydrolakes:1370603","label":""},"geometry":{"type":"Polygon","coordinates":[[[88.91651746961873,36.27792697482664],[88.91638888888946,36.277777777778],[88.91445909288251,36.27797471788216],[88.91156738281313,36.2797859700525],[88.91145209418471,36.281220974392625],[88.91393771701445,36.28176296658006],[88.91429524739641,36.28096191406274],[88.91662597656318,36.27927870008705],[88.91651746961873,36.27792697482664]]]}},{"type":"Feature","id":"hydrolakes:1370617","properties":{"Hylak_id":1370617,"Lake_name":"","Country":"China","Continent":"Asia","Poly_src":"SWBD","Lake_type":1,"Grand_id":0,"Lake_area":0.27,"Shore_len":2.62,"Shore_dev":1.44,"Vol_total":1.08,"Vol_res":0.0,"Vol_src":3,"Depth_avg":4.1,"Dis_avg":0.0,"Res_time":-1.0,"Elevation":5037,"Slope_100":3.1,"Wshd_area":9.0,"Pour_long":86.161458,"Pour_lat":36.264244,"source_id":"hydrolakes:1370617","label":""},"geometry":{"type":"Polygon","coordinates":[[[86.16123718261758,36.26320719401065],[86.16111111111167,36.26305555555575],[86.15820868598126,36.263193630642604],[86.15808057997003,36.26445068359402],[86.16320726182778,36.26568169487888],[86.1638354492191,36.26643771701413],[86.16913024902385,36.26818169487882],[86.17010592990488,36.267122124566185],[86.16782470703174,36.26488661024331],[86.16572577582508,36.26442111545168],[86.16404059516105,36.26345947265645],[86.16123718261758,36.26320719401065]]]}},{"type":"Feature","id":"hydrolakes:1370619","properties":{"Hylak_id":1370619,"Lake_name":"","Country":"China","Continent":"Asia","Poly_src":"SWBD","Lake_type":1,"Grand_id":0,"Lake_area":0.27,"Shore_len":2.23,"Shore_dev":1.2,"Vol_total":1.03,"Vol_res":0.0,"Vol_src":3,"Depth_avg":3.8,"Dis_avg":0.001,"Res_time":11905.9,"Elevation":4923,"Slope_100":2.61,"Wshd_area":7.3,"Pour_long":88.903935,"Pour_lat":36.262291,"source_id":"hydrolakes:1370619","label":""},"geometry":{"type":"Polygon","coordinates":[[[88.9095730251741,36.265684136285074],[88.91230902777835,36.26537055121565],[88.9123901367193,36.264361436632214],[88.91172173394153,36.26358588324672],[88.90987141927138,36.262906358507166],[88.90720079210126,36.26263400607672],[88.90527777777828,36.26194444444485],[88.90326714409787,36.26214952256964],[88.90303087022642,36.26509060329886],[88.90472819010466,36.26546088324682],[88.90556966145886,36.265393337673856],[88.90791666666718,36.26638156467044],[88.9095730251741,36.265684136285074]]]}},{"type":"Feature","id":"hydrolakes:1370624","properties":{"Hylak_id":1370624,"Lake_name":"","Country":"China","Continent":"Asia","Poly_src":"SWBD","Lake_type":1,"Grand_id":0,"Lake_area":0.36,"Shore_len":2.57,"Shore_dev":1.2,"Vol_total":1.43,"Vol_res":0.0,"Vol_src":3,"Depth_avg":3.9,"Dis_avg":0.001,"Res_time":16543.9,"Elevation":4884,"Slope_100":2.63,"Wshd_area":8.5,"Pour_long":88.192982,"Pour_lat":36.260111,"source_id":"hydrolakes:1370624","label":""},"geometry":{"type":"Polygon","coordinates":[[[88.19207546658032,36.25848008897594],[88.19106418185817,36.257930501302326],[88.1899742296012,36.25786539713573],[88.18830485026103,36.25846435546896],[88.18611111111164,36.25722222222248],[88.18441487630264,36.2573670789933],[88.18264675564285,36.25894694010441],[88.18327473958391,36.26001953125024],[88.18587158203178,36.26143066406274],[88.19202935112895,36.26179768880229],[88.19429768880275,36.26083441840302],[88.19385091145898,36.259162597656484],[88.19207546658032,36.25848008897594]]]}},{"type":"Feature","id":"hydrolakes:1370631","properties":{"Hylak_id":1370631,"Lake_name":"","Country":"China","Continent":"Asia","Poly_src":"SWBD","Lake_type":1,"Grand_id":0,"Lake_area":0.66,"Shore_len":6.87,"Shore_dev":2.39,"Vol_total":3.01,"Vol_res":0.0,"Vol_src":3,"Depth_avg":4.6,"Dis_avg":0.0,"Res_time":-1.0,"Elevation":4919,"Slope_100":2.97,"Wshd_area":3.8,"Pour_long":88.046361,"Pour_lat":36.253856,"source_id":"hydrolakes:1370631","label":""},"geometry":{"type":"Polygon","coordinates":[[[88.06381863064286,36.26085774739602],[88.06624457465341,36.25943142361132],[88.06498263888938,36.258962402344025],[88.06287733289992,36.25904595269117],[88.06294460720534,36.257349175347485],[88.0602221679693,36.256269802517636],[88.05932942708381,36.25623453776069],[88.05808186849009,36.25667182074682],[88.05593397352499,36.254923773871724],[88.04802517361168,36.25452419704885],[88.04566541883736,36.253136935764246],[88.04472222222284,36.25222222222254],[88.04229465060831,36.2538937717016],[88.0400759548616,36.25459635416695],[88.03931098090334,36.25542209201416],[88.03793077257001,36.256313205295385],[88.0378800455735,36.257588433159924],[88.03869411892407,36.25846679687527],[88.04084960937547,36.257573513455156],[88.0399962022575,36.25633355034756],[88.04171902126791,36.25542209201416],[88.04653320312559,36.255689019097474],[88.04753445095548,36.25637830946209],[88.05125000000055,36.255893825955184],[88.0548548719625,36.256233723958644],[88.05486680772611,36.256532660590494],[88.05403564453178,36.25730278862875],[88.05401204427136,36.257898491753735],[88.05580023871579,36.258993326823145],[88.05754828559088,36.25906277126762],[88.05916965060811,36.258087836371715],[88.05862548828173,36.25964029947937],[88.06007812500053,36.26040879991342],[88.06381863064286,36.26085774739602]]]}},{"type":"Feature","id":"hydrolakes:1370636","properties":{"Hylak_id":1370636,"Lake_name":"","Country":"China","Continent":"Asia","Poly_src":"SWBD","Lake_type":1,"Grand_id":0,"Lake_area":0.1,"Shore_len":1.51,"Shore_dev":1.34,"Vol_total":0.49,"Vol_res":0.0,"Vol_src":3,"Depth_avg":4.9,"Dis_avg":0.0,"Res_time":-1.0,"Elevation":5157,"Slope_100":6.11,"Wshd_area":6.6,"Pour_long":85.967325,"Pour_lat":36.247478,"source_id":"hydrolakes:1370636","label":""},"geometry":{"type":"Polygon","coordinates":[[[85.96817905002217,36.24771077473986],[85.96777777777822,36.2466666666669],[85.96596069335999,36.24695963541694],[85.9638888888893,36.24670193142384],[85.9611330159508,36.246837293837075],[85.961279432509,36.24801405164959],[85.96500501844645,36.248556315104395],[85.96772440592508,36.248117947048854],[85.96817905002217,36.24771077473986]]]}},{"type":"Feature","id":"hydrolakes:1370641","properties":{"Hylak_id":1370641,"Lake_name":"","Country":"China","Continent":"Asia","Poly_src":"SWBD","Lake_type":1,"Grand_id":0,"Lake_area":0.1,"Shore_len":1.71,"Shore_dev":1.54,"Vol_total":0.28,"Vol_res":0.0,"Vol_src":3,"Depth_avg":2.9,"Dis_avg":0.0,"Res_time":-1.0,"Elevation":5160,"Slope_100":2.1,"Wshd_area":4.3,"Pour_long":85.950658,"Pour_lat":36.246343,"source_id":"hydrolakes:1370641","label":""},"geometry":{"type":"Polygon","coordinates":[[[85.94828857421902,36.24690646701413],[85.95205566406298,36.246821017795526],[85.95263359917561,36.246285536024516],[85.9523664008251,36.245689019097426],[85.95083333333389,36.24527777777797],[85.94944003635021,36.24546820746565],[85.94847751193618,36.2459776475697],[85.94514316135013,36.246296929253674],[85.94403306749177,36.24732557508702],[85.94571092393693,36.247581922743336],[85.94828857421902,36.24690646701413]]]}},{"type":"Feature","id":"hydrolakes:1370649","properties":{"Hylak_id":1370649,"Lake_name":"","Country":"China","Continent":"Asia","Poly_src":"SWBD","Lake_type":1,"Grand_id":0,"Lake_area":0.28,"Shore_len":2.01,"Shore_dev":1.07,"Vol_total":1.04,"Vol_res":0.0,"Vol_src":3,"Depth_avg":3.7,"Dis_avg":0.001,"Res_time":12094.2,"Elevation":4965,"Slope_100":2.5,"Wshd_area":7.8,"Pour_long":88.491895,"Pour_lat":36.242056,"source_id":"hydrolakes:1370649","label":""},"geometry":{"type":"Polygon","coordinates":[[[88.49123453776093,36.23959879557316],[88.49111111111159,36.23944444444476],[88.48956787109444,36.23956787109404],[88.48859293619853,36.24014105902802],[88.48618272569496,36.24044243706629],[88.48535807291722,36.24157172309049],[88.4850672743064,36.24390814887175],[88.48694959852486,36.24444580078148],[88.48952039930623,36.2447656250003],[88.49109212239631,36.243810763889144],[88.49234564887223,36.241678331163484],[88.49197889539977,36.240194769965626],[88.49123453776093,36.23959879557316]]]}},{"type":"Feature","id":"hydrolakes:1370650","properties":{"Hylak_id":1370650,"Lake_name":"","Country":"China","Continent":"Asia","Poly_src":"SWBD","Lake_type":1,"Grand_id":0,"Lake_area":0.9,"Shore_len":4.99,"Shore_dev":1.48,"Vol_total":2.56,"Vol_res":0.0,"Vol_src":3,"Depth_avg":2.8,"Dis_avg":0.004,"Res_time":7395.2,"Elevation":4925,"Slope_100":0.99,"Wshd_area":28.9,"Pour_long":88.844783,"Pour_lat":36.242215,"source_id":"hydrolakes:1370650","label":""},"geometry":{"type":"Polygon","coordinates":[[[88.8495912000875,36.24042453342037],[88.8503195529521,36.24002848307333],[88.85227023654562,36.240550944010636],[88.8534958224833,36.23845296223982],[88.85351155599028,36.23628336588564],[88.85210476345537,36.23558810763916],[88.85316623263947,36.233635253906584],[88.85348171658035,36.23227864583362],[88.85457166883748,36.23130479600724],[88.85465657552152,36.22988335503493],[88.85388888888946,36.22944444444482],[88.8500754123271,36.2302265082468],[88.84848008897626,36.23153564453145],[88.84578721788262,36.2325708007815],[88.84491590711872,36.23334933810793],[88.84447835286528,36.23456868489609],[88.84542371961862,36.234625108507146],[88.84619873046938,36.23375786675376],[88.8473532443582,36.235174967448245],[88.84674831814294,36.23639187283021],[88.84403564453174,36.2387578667537],[88.8420912000874,36.23906087239607],[88.84272596571242,36.241689724392586],[88.84612467447965,36.24346435546897],[88.84711154513957,36.24308865017383],[88.84832411024377,36.24100585937532],[88.8495912000875,36.24042453342037]]]}},{"type":"Feature","id":"hydrolakes:1370653","properties":{"Hylak_id":1370653,"Lake_name":"","Country":"China","Continent":"Asia","Poly_src":"SWBD","Lake_type":1,"Grand_id":0,"Lake_area":0.71,"Shore_len":3.94,"Shore_dev":1.32,"Vol_total":3.35,"Vol_res":0.0,"Vol_src":3,"Depth_avg":4.7,"Dis_avg":0.003,"Res_time":12912.4,"Elevation":4881,"Slope_100":3.05,"Wshd_area":75.2,"Pour_long":88.130208,"Pour_lat":36.240889,"source_id":"hydrolakes:1370653","label":""},"geometry":{"type":"Polygon","coordinates":[[[88.13919894748335,36.24759168836829],[88.1403805881082,36.246932237413375],[88.13976833767407,36.24583468967052],[88.13636990017426,36.245948350694675],[88.13760226779567,36.24373969184052],[88.13790635850745,36.242073025173795],[88.13860107421925,36.24018147786478],[88.13675889757008,36.239231228298934],[88.13421251085128,36.239264594184306],[88.13388888888954,36.238888888889164],[88.132517632379,36.239028862847476],[88.13176161024364,36.240235731337066],[88.12876410590343,36.239994845920364],[88.12818088107684,36.242640516493395],[88.1285446506082,36.24363064236138],[88.12993679470549,36.24497124566],[88.1294683159727,36.246247016059215],[88.13047254774352,36.247112358941195],[88.13447536892443,36.2472642686634],[88.13684353298675,36.247781032986325],[88.13919894748335,36.24759168836829]]]}},{"type":"Feature","id":"hydrolakes:1370655","properties":{"Hylak_id":1370655,"Lake_name":"","Country":"China","Continent":"Asia","Poly_src":"SWBD","Lake_type":1,"Grand_id":0,"Lake_area":0.32,"Shore_len":3.04,"Shore_dev":1.5,"Vol_total":0.71,"Vol_res":0.0,"Vol_src":3,"Depth_avg":2.2,"Dis_avg":0.004,"Res_time":2054.6,"Elevation":5019,"Slope_100":0.8,"Wshd_area":313.2,"Pour_long":86.086502,"Pour_lat":36.238023,"source_id":"hydrolakes:1370655","label":""},"geometry":{"type":"Polygon","coordinates":[[[86.09625779893724,36.24040879991344],[86.09415106879368,36.23876573350719],[86.0936174180776,36.237603081597456],[86.09261773003499,36.23705973307324],[86.08977328830338,36.23722927517383],[86.08875779893702,36.236519911024516],[86.08611111111156,36.23611111111137],[86.08320224338144,36.23656032986145],[86.08361416286937,36.237830674913596],[86.08429931640654,36.23820312500027],[86.08581108941019,36.23811306423636],[86.08834493001342,36.23970160590312],[86.09007446289098,36.23923855251752],[86.09151997884169,36.24042453342037],[86.09292446560363,36.24068657769118],[86.09390367296044,36.24121880425366],[86.09606255425388,36.24160237630235],[86.09707553439699,36.241137424045405],[86.09625779893724,36.24040879991344]]]}},{"type":"Feature","id":"hydrolakes:1370660","properties":{"Hylak_id":1370660,"Lake_name":"","Country":"China","Continent":"Asia","Poly_src":"SWBD","Lake_type":1,"Grand_id":0,"Lake_area":0.19,"Shore_len":1.87,"Shore_dev":1.22,"Vol_total":0.73,"Vol_res":0.0,"Vol_src":3,"Depth_avg":3.9,"Dis_avg":0.001,"Res_time":8460.8,"Elevation":4956,"Slope_100":3.17,"Wshd_area":9.7,"Pour_long":88.571491,"Pour_lat":36.234013,"source_id":"hydrolakes:1370660","label":""},"geometry":{"type":"Polygon","coordinates":[[[88.57040879991376,36.23153564453145],[88.57027777777824,36.231388888889285],[88.56905626085126,36.23161702473982],[88.56720458984421,36.23305175781263],[88.56486897786522,36.23394965277811],[88.56525309244847,36.23448242187527],[88.57118082682359,36.234835883246774],[88.57346435546941,36.23378770616347],[88.57310384114646,36.23219726562519],[88.5723689778651,36.23179768880232],[88.57040879991376,36.23153564453145]]]}},{"type":"Feature","id":"hydrolakes:1370664","properties":{"Hylak_id":1370664,"Lake_name":"","Country":"China","Continent":"Asia","Poly_src":"SWBD","Lake_type":1,"Grand_id":0,"Lake_area":0.13,"Shore_len":1.59,"Shore_dev":1.24,"Vol_total":0.3,"Vol_res":0.0,"Vol_src":3,"Depth_avg":2.3,"Dis_avg":0.008,"Res_time":436.6,"Elevation":4985,"Slope_100":1.21,"Wshd_area":59.2,"Pour_long":88.62783,"Pour_lat":36.232817,"source_id":"hydrolakes:1370664","label":""},"geometry":{"type":"Polygon","coordinates":[[[88.62878960503525,36.23512613932331],[88.63237141927135,36.23487630208359],[88.63290391710132,36.23436089409745],[88.63106797960131,36.23283610026067],[88.62920627170206,36.233025987413384],[88.62888888888943,36.23194444444471],[88.62760579427152,36.232400173611325],[88.62707438151091,36.23234592013915],[88.62614501953186,36.23287814670164],[88.6265426974831,36.234300130208624],[88.62878960503525,36.23512613932331]]]}},{"type":"Feature","id":"hydrolakes:1370667","properties":{"Hylak_id":1370667,"Lake_name":"","Country":"China","Continent":"Asia","Poly_src":"SWBD","Lake_type":1,"Grand_id":0,"Lake_area":0.13,"Shore_len":1.75,"Shore_dev":1.36,"Vol_total":0.55,"Vol_res":0.0,"Vol_src":3,"Depth_avg":4.2,"Dis_avg":0.0,"Res_time":-1.0,"Elevation":5093,"Slope_100":4.08,"Wshd_area":1.4,"Pour_long":85.845923,"Pour_lat":36.23197,"source_id":"hydrolakes:1370667","label":""},"geometry":{"type":"Polygon","coordinates":[[[85.84207302517387,36.23042697482657],[85.84096191406297,36.23040635850714],[85.8399571397573,36.23096679687529],[85.83764919704896,36.2313878038197],[85.83835876464872,36.231802300347454],[85.84237698025203,36.23260660807318],[85.84594061957512,36.23289306640646],[85.8460686577697,36.231299641927365],[85.84458909776515,36.230756293402976],[85.84207302517387,36.23042697482657]]]}},{"type":"Feature","id":"hydrolakes:1370670","properties":{"Hylak_id":1370670,"Lake_name":"","Country":"China","Continent":"Asia","Poly_src":"SWBD","Lake_type":1,"Grand_id":0,"Lake_area":0.26,"Shore_len":2.88,"Shore_dev":1.6,"Vol_total":0.98,"Vol_res":0.0,"Vol_src":3,"Depth_avg":3.8,"Dis_avg":0.001,"Res_time":11352.6,"Elevation":5095,"Slope_100":2.71,"Wshd_area":30.5,"Pour_long":85.823958,"Pour_lat":36.227977,"source_id":"hydrolakes:1370670","label":""},"geometry":{"type":"Polygon","coordinates":[[[85.82415520562091,36.22998535156273],[85.82558329264356,36.2289727105038],[85.82669501410629,36.229380967882264],[85.82872517903678,36.22891981336829],[85.82881157769128,36.22784423828148],[85.82748840332079,36.22710611979193],[85.82306369357684,36.226707356771044],[85.82233154296904,36.22711588541688],[85.82099846733979,36.22556857638915],[85.81952690972275,36.226108940972495],[85.81802836100303,36.22565782335096],[85.81722222222248,36.224722222222454],[85.81626030816,36.225276692708576],[85.81652547200565,36.22629096137183],[85.81964579264348,36.228031955295364],[85.82264736599438,36.22873806423638],[85.82415520562091,36.22998535156273]]]}},{"type":"Feature","id":"hydrolakes:1370680","properties":{"Hylak_id":1370680,"Lake_name":"","Country":"China","Continent":"Asia","Poly_src":"SWBD","Lake_type":1,"Grand_id":0,"Lake_area":0.11,"Shore_len":1.73,"Shore_dev":1.47,"Vol_total":0.36,"Vol_res":0.0,"Vol_src":3,"Depth_avg":3.3,"Dis_avg":0.0,"Res_time":-1.0,"Elevation":5009,"Slope_100":2.66,"Wshd_area":3.5,"Pour_long":88.558691,"Pour_lat":36.219439,"source_id":"hydrolakes:1370680","label":""},"geometry":{"type":"Polygon","coordinates":[[[88.55929524739639,36.21948621961826],[88.55805555555611,36.2175000000002],[88.55491292317777,36.21871066623288],[88.55179578993108,36.218460286458594],[88.55153808593803,36.21923285590299],[88.55546739366372,36.2196337890627],[88.5575320095491,36.220503472222504],[88.55894476996576,36.220389811198174],[88.55929524739639,36.21948621961826]]]}},{"type":"Feature","id":"hydrolakes:1370681","properties":{"Hylak_id":1370681,"Lake_name":"","Country":"China","Continent":"Asia","Poly_src":"SWBD","Lake_type":1,"Grand_id":0,"Lake_area":0.87,"Shore_len":5.08,"Shore_dev":1.53,"Vol_total":2.44,"Vol_res":0.0,"Vol_src":3,"Depth_avg":2.8,"Dis_avg":0.017,"Res_time":1662.5,"Elevation":5010,"Slope_100":0.98,"Wshd_area":176.5,"Pour_long":88.763759,"Pour_lat":36.218413,"source_id":"hydrolakes:1370681","label":""},"geometry":{"type":"Polygon","coordinates":[[[88.75948893229236,36.22241373697943],[88.7607259114589,36.221225043403024],[88.76262776692772,36.221263834635636],[88.76458170572965,36.2196866861982],[88.76569173177137,36.216977267795414],[88.76250000000061,36.213888888889244],[88.76011800130277,36.2143855794273],[88.75643473307355,36.21762559678848],[88.75365776909791,36.21667507595515],[88.75236029730968,36.217554796007164],[88.75094346788245,36.21706976996569],[88.74984700520895,36.21709201388916],[88.74986735026107,36.218083224826785],[88.75489718967066,36.22070800781273],[88.75569715711868,36.2206914605037],[88.75680284288245,36.22163709852458],[88.75512125651102,36.224410264757125],[88.75518744574703,36.22765760633706],[88.75629828559084,36.227635091146226],[88.75804850260471,36.22673339843777],[88.75948893229236,36.22241373697943]]]}},{"type":"Feature","id":"hydrolakes:1370687","properties":{"Hylak_id":1370687,"Lake_name":"","Country":"China","Continent":"Asia","Poly_src":"SWBD","Lake_type":1,"Grand_id":0,"Lake_area":0.46,"Shore_len":3.82,"Shore_dev":1.59,"Vol_total":2.11,"Vol_res":0.0,"Vol_src":3,"Depth_avg":4.6,"Dis_avg":0.0,"Res_time":-1.0,"Elevation":5114,"Slope_100":3.34,"Wshd_area":17.3,"Pour_long":85.888542,"Pour_lat":36.211009,"source_id":"hydrolakes:1370687","label":""},"geometry":{"type":"Polygon","coordinates":[[[85.89325310601168,36.21651774088576],[85.89494486490923,36.21475694444473],[85.89624226888066,36.215425347222435],[85.89735290527392,36.215402560764176],[85.8990277777782,36.21597601996547],[85.90027777777823,36.215548231337095],[85.90155659993525,36.215985785590476],[85.90245632595531,36.2159673394101],[85.90291388617675,36.21461452908011],[85.8998583306211,36.213752712673795],[85.89716654459687,36.2120361328129],[85.8964986165368,36.212380371094014],[85.89404635959232,36.212374945746774],[85.89052191840324,36.21091986762184],[85.88972222222276,36.20944444444473],[85.88763088650217,36.20957465277803],[85.88704182942735,36.210187717014094],[85.88708645290825,36.212375217014085],[85.88793497721389,36.212357855903065],[85.889357299805,36.21309054904532],[85.89325310601168,36.21651774088576]]]}},{"type":"Feature","id":"hydrolakes:1370688","properties":{"Hylak_id":1370688,"Lake_name":"","Country":"China","Continent":"Asia","Poly_src":"SWBD","Lake_type":1,"Grand_id":0,"Lake_area":0.12,"Shore_len":1.83,"Shore_dev":1.5,"Vol_total":0.28,"Vol_res":0.0,"Vol_src":3,"Depth_avg":2.4,"Dis_avg":0.018,"Res_time":181.2,"Elevation":5000,"Slope_100":1.32,"Wshd_area":185.0,"Pour_long":88.785737,"Pour_lat":36.210704,"source_id":"hydrolakes:1370688","label":""},"geometry":{"type":"Polygon","coordinates":[[[88.78766059027834,36.209584147135615],[88.78750000000053,36.209166666666874],[88.78530110677133,36.20944173177111],[88.7829321289068,36.21031765408014],[88.78512342664982,36.211455891927415],[88.7844859483514,36.214300130208585],[88.78489230685818,36.215264756944634],[88.78614339192791,36.21355197482666],[88.78766059027834,36.209584147135615]]]}},{"type":"Feature","id":"hydrolakes:1370689","properties":{"Hylak_id":1370689,"Lake_name":"","Country":"China","Continent":"Asia","Poly_src":"SWBD","Lake_type":1,"Grand_id":0,"Lake_area":0.15,"Shore_len":1.69,"Shore_dev":1.22,"Vol_total":0.67,"Vol_res":0.0,"Vol_src":3,"Depth_avg":4.4,"Dis_avg":0.001,"Res_time":7773.0,"Elevation":5012,"Slope_100":4.3,"Wshd_area":3.6,"Pour_long":88.736307,"Pour_lat":36.210467,"source_id":"hydrolakes:1370689","label":""},"geometry":{"type":"Polygon","coordinates":[[[88.7414868164069,36.21234564887169],[88.74179009331658,36.21101725260439],[88.74090332031324,36.209803331163414],[88.74111111111176,36.20888888888919],[88.73915581597277,36.208957248264085],[88.73731662326446,36.20966417100732],[88.73600992838612,36.20950168185789],[88.73511366102497,36.21035373263919],[88.73519205729235,36.210982530382125],[88.73771837022622,36.21191650390654],[88.73959581163246,36.211786838107855],[88.73984564887223,36.21209879557318],[88.7414868164069,36.21234564887169]]]}},{"type":"Feature","id":"hydrolakes:1370692","properties":{"Hylak_id":1370692,"Lake_name":"","Country":"China","Continent":"Asia","Poly_src":"SWBD","Lake_type":1,"Grand_id":0,"Lake_area":0.87,"Shore_len":4.52,"Shore_dev":1.37,"Vol_total":2.57,"Vol_res":0.0,"Vol_src":3,"Depth_avg":3.0,"Dis_avg":0.002,"Res_time":14850.8,"Elevation":4868,"Slope_100":1.09,"Wshd_area":10.6,"Pour_long":89.068492,"Pour_lat":36.206621,"source_id":"hydrolakes:1370692","label":""},"geometry":{"type":"Polygon","coordinates":[[[89.06720648871584,36.20501573350714],[89.06694444444514,36.204722222222415],[89.05459120008732,36.20653564453153],[89.05059407552153,36.2068484157989],[89.04959120008738,36.20828423394124],[89.05003336588601,36.209552137587195],[89.05300781250071,36.20986192491347],[89.05672309027835,36.211108127170405],[89.05757269965335,36.2120589192711],[89.05912299262218,36.21097601996547],[89.06415174696247,36.21063856336832],[89.06533772786514,36.20931098090301],[89.06707302517412,36.20898708767379],[89.0684643554693,36.20790879991341],[89.07060709635488,36.20757486979204],[89.07111789279571,36.206151801215526],[89.07068250868116,36.20566433376774],[89.06720648871584,36.20501573350714]]]}},{"type":"Feature","id":"hydrolakes:1370693","properties":{"Hylak_id":1370693,"Lake_name":"","Country":"China","Continent":"Asia","Poly_src":"SWBD","Lake_type":1,"Grand_id":0,"Lake_area":0.14,"Shore_len":2.16,"Shore_dev":1.61,"Vol_total":0.3,"Vol_res":0.0,"Vol_src":3,"Depth_avg":2.1,"Dis_avg":0.019,"Res_time":185.6,"Elevation":4871,"Slope_100":0.98,"Wshd_area":302.0,"Pour_long":89.052858,"Pour_lat":36.203629,"source_id":"hydrolakes:1370693","label":""},"geometry":{"type":"Polygon","coordinates":[[[89.05394476996617,36.20528130425373],[89.05527560763966,36.203792046441265],[89.05814073350763,36.2031334092884],[89.0601182725701,36.20325113932313],[89.0591666666673,36.201944444444734],[89.05679768880265,36.2020754665802],[89.05312445746597,36.202918565538425],[89.04959120008738,36.20450520833356],[89.04987684461878,36.20490152994819],[89.05132242838613,36.20481553819468],[89.05394476996617,36.20528130425373]]]}},{"type":"Feature","id":"hydrolakes:1370694","properties":{"Hylak_id":1370694,"Lake_name":"","Country":"China","Continent":"Asia","Poly_src":"SWBD","Lake_type":1,"Grand_id":0,"Lake_area":0.27,"Shore_len":2.67,"Shore_dev":1.46,"Vol_total":0.64,"Vol_res":0.0,"Vol_src":3,"Depth_avg":2.4,"Dis_avg":0.001,"Res_time":7421.6,"Elevation":4879,"Slope_100":1.03,"Wshd_area":12.1,"Pour_long":88.089593,"Pour_lat":36.19806,"source_id":"hydrolakes:1370694","label":""},"geometry":{"type":"Polygon","coordinates":[[[88.08687879774368,36.2016276041669],[88.08766465928869,36.20033338758702],[88.08853488498323,36.20044162326411],[88.09150553385496,36.19889729817737],[88.0919083658859,36.19748833550369],[88.09273546006995,36.197002224392634],[88.0925889756951,36.19817898220515],[88.09293212890674,36.19793212890647],[88.0931789822053,36.19734564887182],[88.09401231553869,36.19667833116347],[88.09305555555608,36.19527777777796],[88.09196777343811,36.19541395399341],[88.08949815538239,36.19660237630228],[88.08631564670202,36.19729085286485],[88.08515435112889,36.19993299696199],[88.0854817708339,36.20206787109396],[88.08687879774368,36.2016276041669]]]}},{"type":"Feature","id":"hydrolakes:1370697","properties":{"Hylak_id":1370697,"Lake_name":"","Country":"China","Continent":"Asia","Poly_src":"SWBD","Lake_type":1,"Grand_id":0,"Lake_area":0.13,"Shore_len":1.51,"Shore_dev":1.2,"Vol_total":0.46,"Vol_res":0.0,"Vol_src":3,"Depth_avg":3.7,"Dis_avg":0.001,"Res_time":5373.5,"Elevation":5047,"Slope_100":3.18,"Wshd_area":30.5,"Pour_long":86.036461,"Pour_lat":36.197072,"source_id":"hydrolakes:1370697","label":""},"geometry":{"type":"Polygon","coordinates":[[[86.03902248806452,36.195977647569634],[86.0354219563805,36.19599175347247],[86.03576639811234,36.19740587022608],[86.03672614203606,36.1984415690107],[86.03837687174513,36.198506944444716],[86.04235582139785,36.197540147569725],[86.04119316948817,36.196494683159926],[86.03902248806452,36.195977647569634]]]}},{"type":"Feature","id":"hydrolakes:1370701","properties":{"Hylak_id":1370701,"Lake_name":"","Country":"China","Continent":"Asia","Poly_src":"SWBD","Lake_type":1,"Grand_id":0,"Lake_area":0.13,"Shore_len":2.06,"Shore_dev":1.59,"Vol_total":0.28,"Vol_res":0.0,"Vol_src":3,"Depth_avg":2.1,"Dis_avg":0.0,"Res_time":-1.0,"Elevation":4868,"Slope_100":0.97,"Wshd_area":0.2,"Pour_long":89.044246,"Pour_lat":36.193005,"source_id":"hydrolakes:1370701","label":""},"geometry":{"type":"Polygon","coordinates":[[[89.04644124349016,36.193176269531534],[89.04796847873331,36.192125379774495],[89.05151258680621,36.19316297743086],[89.05157362196246,36.191623263889085],[89.05027777777838,36.19111111111141],[89.04763346354224,36.191244574653126],[89.04605224609446,36.19179904513908],[89.04334716796933,36.192229817708665],[89.04236653645893,36.19313856336828],[89.04328206380279,36.1943001302086],[89.04644124349016,36.193176269531534]]]}},{"type":"Feature","id":"hydrolakes:1370712","properties":{"Hylak_id":1370712,"Lake_name":"","Country":"China","Continent":"Asia","Poly_src":"SWBD","Lake_type":1,"Grand_id":0,"Lake_area":0.42,"Shore_len":4.12,"Shore_dev":1.8,"Vol_total":1.83,"Vol_res":0.0,"Vol_src":3,"Depth_avg":4.4,"Dis_avg":0.001,"Res_time":21231.1,"Elevation":5018,"Slope_100":3.13,"Wshd_area":76.2,"Pour_long":85.945167,"Pour_lat":36.183987,"source_id":"hydrolakes:1370712","label":""},"geometry":{"type":"Polygon","coordinates":[[[85.9479998779301,36.184375000000216],[85.95153062608551,36.184380154080145],[85.95377115885452,36.18368842230922],[85.95371860080354,36.18280598958353],[85.95571723090325,36.18227077908011],[85.9569028727218,36.183597819010686],[85.962075534397,36.18315619574673],[85.96165181477892,36.18275634765649],[85.95838277181025,36.18194091796914],[85.95263888888923,36.18159857855926],[85.94846516927117,36.1818473307294],[85.94773783365912,36.18103325737866],[85.94444444444491,36.18027777777809],[85.94341742621566,36.18046956380226],[85.9435256618928,36.182284884982835],[85.94317084418446,36.182937825521094],[85.94316935221383,36.18403157552109],[85.94583814832947,36.184844835069725],[85.94700724283877,36.18491455078146],[85.9479998779301,36.184375000000216]]]}},{"type":"Feature","id":"hydrolakes:1370719","properties":{"Hylak_id":1370719,"Lake_name":"","Country":"China","Continent":"Asia","Poly_src":"SWBD","Lake_type":1,"Grand_id":0,"Lake_area":0.33,"Shore_len":3.45,"Shore_dev":1.69,"Vol_total":0.85,"Vol_res":0.0,"Vol_src":3,"Depth_avg":2.6,"Dis_avg":0.0,"Res_time":-1.0,"Elevation":5053,"Slope_100":1.11,"Wshd_area":21.8,"Pour_long":86.173958,"Pour_lat":36.176588,"source_id":"hydrolakes:1370719","label":""},"geometry":{"type":"Polygon","coordinates":[[[86.17511447482667,36.17680555555586],[86.17544535319053,36.17624267578151],[86.17456793891103,36.17570990668423],[86.17393242730077,36.17491617838573],[86.17309556749166,36.174563530816215],[86.17226759168886,36.17352945963563],[86.17240817599856,36.172399631076644],[86.1713888888894,36.170833333333576],[86.1688583034944,36.171635470920364],[86.16817003038221,36.173472222222415],[86.16849073622006,36.17401774088569],[86.16844462076853,36.174388563368325],[86.16763285319064,36.174287651910106],[86.16583991156716,36.174799533420355],[86.16542412651944,36.174280327691235],[86.16261990017398,36.175402560764155],[86.16265530056461,36.175687391493284],[86.16562262641088,36.17595675998291],[86.16707967122443,36.17539686414955],[86.17014885796476,36.175953776042036],[86.17151156955327,36.17661621093771],[86.17237494574698,36.17650878906272],[86.17275465223577,36.17740993923633],[86.17440083821657,36.17845675998291],[86.17546644422777,36.17740424262172],[86.17511447482667,36.17680555555586]]]}},{"type":"Feature","id":"hydrolakes:1370731","properties":{"Hylak_id":1370731,"Lake_name":"","Country":"China","Continent":"Asia","Poly_src":"SWBD","Lake_type":1,"Grand_id":0,"Lake_area":0.53,"Shore_len":3.5,"Shore_dev":1.35,"Vol_total":1.77,"Vol_res":0.0,"Vol_src":3,"Depth_avg":3.3,"Dis_avg":0.001,"Res_time":20520.4,"Elevation":5032,"Slope_100":1.64,"Wshd_area":8.0,"Pour_long":88.7763,"Pour_lat":36.164404,"source_id":"hydrolakes:1370731","label":""},"geometry":{"type":"Polygon","coordinates":[[[88.77250000000055,36.16621853298636],[88.77486111111182,36.16586968316011],[88.7771869574658,36.166213378906434],[88.77817654079922,36.16457302517392],[88.77654568142412,36.16264892578158],[88.77691026475753,36.161351453993234],[88.78030300564308,36.16000217013908],[88.78095431857702,36.158922254774495],[88.78019721137201,36.157431369357994],[88.77856580946252,36.15719021267381],[88.77705674913261,36.157783474392545],[88.77361111111179,36.15694444444466],[88.77253038194493,36.157128092448204],[88.77199517144146,36.15801513671903],[88.77210449218819,36.15875406901068],[88.77174533420197,36.16030354817735],[88.77273925781321,36.16071017795173],[88.77247477213592,36.16250000000031],[88.77276204427136,36.16444444444477],[88.77250000000055,36.16621853298636]]]}},{"type":"Feature","id":"hydrolakes:1370732","properties":{"Hylak_id":1370732,"Lake_name":"","Country":"China","Continent":"Asia","Poly_src":"SWBD","Lake_type":1,"Grand_id":0,"Lake_area":0.41,"Shore_len":3.12,"Shore_dev":1.38,"Vol_total":1.63,"Vol_res":0.0,"Vol_src":3,"Depth_avg":4.0,"Dis_avg":0.002,"Res_time":9436.6,"Elevation":4916,"Slope_100":2.63,"Wshd_area":30.2,"Pour_long":88.239868,"Pour_lat":36.162988,"source_id":"hydrolakes:1370732","label":""},"geometry":{"type":"Polygon","coordinates":[[[88.2405023871533,36.154156901041915],[88.23944444444493,36.15305555555574],[88.23736789279559,36.15328125000036],[88.23735812717075,36.15376329210096],[88.23799235026087,36.1543728298613],[88.237371148004,36.15618815104193],[88.23918646918452,36.156630588108044],[88.23847493489637,36.158709309896096],[88.23902506510461,36.15930826822944],[88.2398494466151,36.15970838758716],[88.23986952039974,36.16069173177107],[88.23903049045185,36.16149793836831],[88.239499240452,36.163467610677344],[88.24148464626796,36.16350830078147],[88.2423366970491,36.16268961588554],[88.24346272786522,36.159913465712066],[88.24352403428884,36.156904568142636],[88.24229627821234,36.15473876953149],[88.2405023871533,36.154156901041915]]]}},{"type":"Feature","id":"hydrolakes:1370741","properties":{"Hylak_id":1370741,"Lake_name":"","Country":"China","Continent":"Asia","Poly_src":"SWBD","Lake_type":1,"Grand_id":0,"Lake_area":0.68,"Shore_len":4.55,"Shore_dev":1.56,"Vol_total":2.13,"Vol_res":0.0,"Vol_src":3,"Depth_avg":3.2,"Dis_avg":0.004,"Res_time":6165.6,"Elevation":5039,"Slope_100":1.36,"Wshd_area":210.8,"Pour_long":85.714681,"Pour_lat":36.155542,"source_id":"hydrolakes:1370741","label":""},"geometry":{"type":"Polygon","coordinates":[[[85.72004937066015,36.157904730903056],[85.72124721950985,36.15705349392391],[85.7206773546011,36.15594726562534],[85.71893669976163,36.15480604383703],[85.71665167914534,36.15242784288216],[85.71481662326426,36.153373209635674],[85.71345906575561,36.152908528646094],[85.7126308865021,36.152925347222435],[85.71155897352469,36.15180962456628],[85.70996799045173,36.151421983507134],[85.70930833604626,36.150404730903176],[85.71138020833371,36.149732259114785],[85.70984436035184,36.14790283203149],[85.70846957736592,36.14793077256974],[85.70805555555586,36.14750000000021],[85.70680460612027,36.147630479600934],[85.70653055826853,36.148502061632314],[85.70730217827719,36.150000000000205],[85.70597500271293,36.15266872829886],[85.70728264702734,36.15565402560793],[85.71061360677129,36.1560609266495],[85.71155693901943,36.156547037760674],[85.71352640787802,36.15654296875027],[85.71466545952728,36.15712972005235],[85.71761006673216,36.15706976996546],[85.72004937066015,36.157904730903056]]]}},{"type":"Feature","id":"hydrolakes:1370748","properties":{"Hylak_id":1370748,"Lake_name":"","Country":"China","Continent":"Asia","Poly_src":"SWBD","Lake_type":1,"Grand_id":0,"Lake_area":0.72,"Shore_len":4.59,"Shore_dev":1.53,"Vol_total":2.08,"Vol_res":0.0,"Vol_src":3,"Depth_avg":2.9,"Dis_avg":0.002,"Res_time":12017.4,"Elevation":4940,"Slope_100":1.1,"Wshd_area":53.0,"Pour_long":87.751152,"Pour_lat":36.151681,"source_id":"hydrolakes:1370748","label":""},"geometry":{"type":"Polygon","coordinates":[[[87.75788330078166,36.1610232204863],[87.759308539497,36.159982096354554],[87.75956787109436,36.15776611328164],[87.75869981553859,36.15707085503493],[87.75876844618108,36.15651774088565],[87.75820990668478,36.155401204427335],[87.75779351128529,36.15506781684053],[87.75615614149348,36.155271538628654],[87.75513888888935,36.154673394097415],[87.75309922960128,36.155678982205075],[87.75163981119852,36.15385660807311],[87.75028591579917,36.154377170139185],[87.74932101779575,36.15404351128501],[87.75052978515674,36.15253200954879],[87.75176703559072,36.152685818142686],[87.75249647352467,36.15225721571204],[87.75222222222277,36.1505555555558],[87.75123752170214,36.150779351128676],[87.75000000000045,36.15062527126776],[87.748195258247,36.15084988064257],[87.74635362413238,36.15193250868077],[87.74674696180597,36.155094943576614],[87.74737657335129,36.155956759982814],[87.74795572916719,36.157523871527985],[87.74913302951427,36.15913547092032],[87.7513058810768,36.15886528862882],[87.75330864800424,36.1594371202259],[87.75429470486165,36.16015760633712],[87.75527452257006,36.16052083333352],[87.75625786675397,36.16039849175371],[87.75788330078166,36.1610232204863]]]}},{"type":"Feature","id":"hydrolakes:1370756","properties":{"Hylak_id":1370756,"Lake_name":"","Country":"China","Continent":"Asia","Poly_src":"SWBD","Lake_type":1,"Grand_id":0,"Lake_area":0.67,"Shore_len":4.26,"Shore_dev":1.47,"Vol_total":2.36,"Vol_res":0.0,"Vol_src":3,"Depth_avg":3.5,"Dis_avg":0.0,"Res_time":-1.0,"Elevation":4964,"Slope_100":1.73,"Wshd_area":5.4,"Pour_long":87.609375,"Pour_lat":36.142157,"source_id":"hydrolakes:1370756","label":""},"geometry":{"type":"Polygon","coordinates":[[[87.60803439670195,36.14331217447938],[87.60877766927138,36.14262342664955],[87.6095730251742,36.142654893663405],[87.61041124131998,36.14207790798639],[87.6124365234379,36.14180121527812],[87.6134803602435,36.14067464192743],[87.6146175130213,36.14127604166691],[87.61598578559068,36.14122205946211],[87.620689019098,36.13678466796915],[87.61827039930608,36.13620849609396],[87.61621283637214,36.136242947048856],[87.6158333333338,36.135833333333665],[87.61331353081653,36.13632107204887],[87.61223931206655,36.13598253038214],[87.609733615452,36.13868679470511],[87.60674289279575,36.140129394531584],[87.60446641710115,36.1425862630212],[87.60238715277842,36.14356770833365],[87.60305419921929,36.14482801649325],[87.60634684244849,36.14513346354187],[87.60803439670195,36.14331217447938]]]}},{"type":"Feature","id":"hydrolakes:1370762","properties":{"Hylak_id":1370762,"Lake_name":"","Country":"China","Continent":"Asia","Poly_src":"SWBD","Lake_type":1,"Grand_id":0,"Lake_area":0.27,"Shore_len":2.35,"Shore_dev":1.28,"Vol_total":0.96,"Vol_res":0.0,"Vol_src":3,"Depth_avg":3.6,"Dis_avg":0.0,"Res_time":-1.0,"Elevation":4937,"Slope_100":2.34,"Wshd_area":4.9,"Pour_long":87.748226,"Pour_lat":36.135882,"source_id":"hydrolakes:1370762","label":""},"geometry":{"type":"Polygon","coordinates":[[[87.75254801432351,36.13997070312524],[87.75295355902819,36.13855197482678],[87.75380181206634,36.13819444444471],[87.75371310763944,36.13748155381967],[87.75075276692752,36.13696641710095],[87.75000000000045,36.1338888888892],[87.7483344184032,36.13409695095521],[87.74714192708376,36.133948567708615],[87.74682101779575,36.13543212890647],[87.74584635416727,36.13676622178838],[87.74601698133733,36.138137749566226],[87.74820990668451,36.13845675998289],[87.75033799913251,36.13995741102468],[87.75254801432351,36.13997070312524]]]}},{"type":"Feature","id":"hydrolakes:1370766","properties":{"Hylak_id":1370766,"Lake_name":"","Country":"China","Continent":"Asia","Poly_src":"SWBD","Lake_type":1,"Grand_id":0,"Lake_area":0.13,"Shore_len":1.73,"Shore_dev":1.38,"Vol_total":0.39,"Vol_res":0.0,"Vol_src":3,"Depth_avg":3.1,"Dis_avg":0.0,"Res_time":-1.0,"Elevation":5175,"Slope_100":2.27,"Wshd_area":0.7,"Pour_long":88.464583,"Pour_lat":36.130608,"source_id":"hydrolakes:1370766","label":""},"geometry":{"type":"Polygon","coordinates":[[[88.46652804904562,36.13043755425366],[88.46666666666727,36.13000000000039],[88.46092556423656,36.13026258680583],[88.45875542534782,36.130949707031505],[88.45907524956652,36.13198106553841],[88.46168348524355,36.13289523654532],[88.46291015625059,36.132944064670426],[88.46291042751818,36.13206298828146],[88.46485568576452,36.13096679687533],[88.46652804904562,36.13043755425366]]]}},{"type":"Feature","id":"hydrolakes:1370772","properties":{"Hylak_id":1370772,"Lake_name":"","Country":"China","Continent":"Asia","Poly_src":"SWBD","Lake_type":1,"Grand_id":0,"Lake_area":0.35,"Shore_len":2.92,"Shore_dev":1.39,"Vol_total":1.1,"Vol_res":0.0,"Vol_src":3,"Depth_avg":3.1,"Dis_avg":0.001,"Res_time":12764.9,"Elevation":4980,"Slope_100":1.63,"Wshd_area":77.0,"Pour_long":85.896316,"Pour_lat":36.126017,"source_id":"hydrolakes:1370772","label":""},"geometry":{"type":"Polygon","coordinates":[[[85.89577792697509,36.12801920572946],[85.89679775661926,36.12613959418428],[85.8963888888893,36.12500000000034],[85.89457553439718,36.12513102213563],[85.89251647949249,36.12568250868088],[85.88671427408889,36.12533664279533],[85.88492221408467,36.12734239366341],[85.88559319390225,36.12921223958358],[85.88692782931884,36.12957546658015],[85.8893740505647,36.12756835937523],[85.89073350694503,36.12764946831629],[85.89141276041704,36.129129503038484],[85.89234646267414,36.12957546658015],[85.89577792697509,36.12801920572946]]]}},{"type":"Feature","id":"hydrolakes:1370775","properties":{"Hylak_id":1370775,"Lake_name":"","Country":"China","Continent":"Asia","Poly_src":"SWBD","Lake_type":1,"Grand_id":0,"Lake_area":0.23,"Shore_len":2.36,"Shore_dev":1.4,"Vol_total":1.22,"Vol_res":0.0,"Vol_src":3,"Depth_avg":5.4,"Dis_avg":0.0,"Res_time":-1.0,"Elevation":5023,"Slope_100":5.88,"Wshd_area":0.5,"Pour_long":85.325712,"Pour_lat":36.124425,"source_id":"hydrolakes:1370775","label":""},"geometry":{"type":"Polygon","coordinates":[[[85.32543301052561,36.12608072916686],[85.32679773966498,36.12545437283006],[85.32640014648473,36.12412136501763],[85.32570226033567,36.123742133246765],[85.32151996188736,36.12348008897601],[85.3197222222226,36.122777777778026],[85.3171777174212,36.123042805989826],[85.31656707763699,36.12416666666701],[85.31764670477997,36.124853244357894],[85.31815538194468,36.1259616427954],[85.31877107408354,36.12599826388907],[85.3200148010256,36.12460639105922],[85.32124298095727,36.12598090277805],[85.32543301052561,36.12608072916686]]]}},{"type":"Feature","id":"hydrolakes:1370785","properties":{"Hylak_id":1370785,"Lake_name":"","Country":"China","Continent":"Asia","Poly_src":"SWBD","Lake_type":1,"Grand_id":0,"Lake_area":0.15,"Shore_len":2.01,"Shore_dev":1.47,"Vol_total":0.68,"Vol_res":0.0,"Vol_src":3,"Depth_avg":4.6,"Dis_avg":0.0,"Res_time":-1.0,"Elevation":5080,"Slope_100":4.73,"Wshd_area":6.4,"Pour_long":85.622991,"Pour_lat":36.117289,"source_id":"hydrolakes:1370785","label":""},"geometry":{"type":"Polygon","coordinates":[[[85.62985076904323,36.1200661892363],[85.62932885064049,36.11850124783007],[85.62868777804954,36.118143717448106],[85.62747083875922,36.1182413736982],[85.62492024739629,36.11663275824674],[85.62194444444481,36.11611111111131],[85.62098256429084,36.11693983289962],[85.62264923095745,36.117628580729445],[85.62404388427757,36.11878228081622],[85.62555165608757,36.118661024305766],[85.62766160753074,36.120406358507125],[85.62985076904323,36.1200661892363]]]}},{"type":"Feature","id":"hydrolakes:1370788","properties":{"Hylak_id":1370788,"Lake_name":"","Country":"China","Continent":"Asia","Poly_src":"SWBD","Lake_type":1,"Grand_id":0,"Lake_area":0.21,"Shore_len":2.25,"Shore_dev":1.38,"Vol_total":0.76,"Vol_res":0.0,"Vol_src":3,"Depth_avg":3.6,"Dis_avg":0.0,"Res_time":-1.0,"Elevation":4986,"Slope_100":2.61,"Wshd_area":1.9,"Pour_long":88.289685,"Pour_lat":36.114154,"source_id":"hydrolakes:1370788","label":""},"geometry":{"type":"Polygon","coordinates":[[[88.29640028211873,36.11253797743075],[88.29666666666714,36.111111111111484],[88.29493408203166,36.11129177517381],[88.29272243923657,36.11208523220512],[88.28864963107696,36.11240397135447],[88.28736897786513,36.11423746744816],[88.28808593750051,36.11596435546903],[88.29098470052156,36.11559570312534],[88.29281955295193,36.11426405164957],[88.29339708116379,36.1130059136288],[88.29640028211873,36.11253797743075]]]}},{"type":"Feature","id":"hydrolakes:1370790","properties":{"Hylak_id":1370790,"Lake_name":"","Country":"China","Continent":"Asia","Poly_src":"SWBD","Lake_type":1,"Grand_id":0,"Lake_area":0.27,"Shore_len":2.21,"Shore_dev":1.2,"Vol_total":0.68,"Vol_res":0.0,"Vol_src":3,"Depth_avg":2.5,"Dis_avg":0.02,"Res_time":394.0,"Elevation":4906,"Slope_100":1.12,"Wshd_area":186.0,"Pour_long":88.817068,"Pour_lat":36.108571,"source_id":"hydrolakes:1370790","label":""},"geometry":{"type":"Polygon","coordinates":[[[88.81541124132013,36.10681098090299],[88.81174669053883,36.10681396484398],[88.80943983289984,36.108771972656484],[88.81013346354234,36.11008300781276],[88.80903320312586,36.11119411892389],[88.80949951171925,36.11178575303859],[88.81223632812566,36.11189425998282],[88.81454454210126,36.10986979166694],[88.81763346354222,36.108569878472395],[88.8173665364589,36.107355685764276],[88.81541124132013,36.10681098090299]]]}},{"type":"Feature","id":"hydrolakes:1370792","properties":{"Hylak_id":1370792,"Lake_name":"","Country":"China","Continent":"Asia","Poly_src":"SWBD","Lake_type":1,"Grand_id":0,"Lake_area":0.13,"Shore_len":1.94,"Shore_dev":1.54,"Vol_total":0.53,"Vol_res":0.0,"Vol_src":3,"Depth_avg":4.1,"Dis_avg":0.0,"Res_time":-1.0,"Elevation":5064,"Slope_100":4.03,"Wshd_area":14.6,"Pour_long":85.609988,"Pour_lat":36.107686,"source_id":"hydrolakes:1370792","label":""},"geometry":{"type":"Polygon","coordinates":[[[85.61321285671687,36.10993136935787],[85.61027777777815,36.10694444444471],[85.60907501220748,36.10733479817736],[85.60736389160184,36.1084564887156],[85.6078114488393,36.109857042100884],[85.61004608154337,36.10834228515648],[85.6107616509334,36.109397786458544],[85.6101416693798,36.11120930989608],[85.61115756564709,36.111802842882184],[85.61319003635009,36.11104953342033],[85.61321285671687,36.10993136935787]]]}},{"type":"Feature","id":"hydrolakes:1370795","properties":{"Hylak_id":1370795,"Lake_name":"","Country":"China","Continent":"Asia","Poly_src":"SWBD","Lake_type":1,"Grand_id":0,"Lake_area":0.16,"Shore_len":2.08,"Shore_dev":1.49,"Vol_total":0.85,"Vol_res":0.0,"Vol_src":3,"Depth_avg":5.4,"Dis_avg":0.001,"Res_time":9811.3,"Elevation":4957,"Slope_100":6.65,"Wshd_area":6.6,"Pour_long":88.302083,"Pour_lat":36.103484,"source_id":"hydrolakes:1370795","label":""},"geometry":{"type":"Polygon","coordinates":[[[88.3062242296013,36.1031762695315],[88.30638888888933,36.101944444444655],[88.3037757703998,36.10210828993087],[88.30042453342065,36.103480088975914],[88.29654459635464,36.10388427734409],[88.29649983724016,36.10463595920157],[88.30222900390686,36.1049774848093],[88.30414822048664,36.10438476562524],[88.3062242296013,36.1031762695315]]]}},{"type":"Feature","id":"hydrolakes:1370802","properties":{"Hylak_id":1370802,"Lake_name":"","Country":"China","Continent":"Asia","Poly_src":"SWBD","Lake_type":1,"Grand_id":0,"Lake_area":0.18,"Shore_len":1.79,"Shore_dev":1.2,"Vol_total":0.65,"Vol_res":0.0,"Vol_src":3,"Depth_avg":3.7,"Dis_avg":0.002,"Res_time":3780.8,"Elevation":4896,"Slope_100":2.9,"Wshd_area":7.3,"Pour_long":88.848945,"Pour_lat":36.094011,"source_id":"hydrolakes:1370802","label":""},"geometry":{"type":"Polygon","coordinates":[[[88.85374213324707,36.09181342230926],[88.85361111111183,36.09166666666698],[88.85042100694494,36.091897243923825],[88.8495912000875,36.09320231119818],[88.84737738715341,36.0936154513891],[88.847341037327,36.094223904080195],[88.85080240885492,36.09540879991346],[88.8548442925354,36.09389214409748],[88.85494601779578,36.09218505859394],[88.85374213324707,36.09181342230926]]]}},{"type":"Feature","id":"hydrolakes:1370810","properties":{"Hylak_id":1370810,"Lake_name":"","Country":"China","Continent":"Asia","Poly_src":"SWBD","Lake_type":1,"Grand_id":0,"Lake_area":0.16,"Shore_len":1.77,"Shore_dev":1.24,"Vol_total":0.27,"Vol_res":0.0,"Vol_src":3,"Depth_avg":1.7,"Dis_avg":0.001,"Res_time":3170.8,"Elevation":4955,"Slope_100":0.58,"Wshd_area":34.0,"Pour_long":87.390642,"Pour_lat":36.090948,"source_id":"hydrolakes:1370810","label":""},"geometry":{"type":"Polygon","coordinates":[[[87.39518120659767,36.09373209635436],[87.39629611545195,36.09266764322939],[87.39528184678858,36.09045844184055],[87.39375000000052,36.09023193359394],[87.39209988064277,36.09047580295163],[87.39083333333377,36.09000000000026],[87.38932345920188,36.09080566406277],[87.38956542968793,36.09154568142395],[87.39071234809074,36.09178765191001],[87.39103244357676,36.093304850260665],[87.39235785590319,36.09278401692728],[87.39518120659767,36.09373209635436]]]}},{"type":"Feature","id":"hydrolakes:1370816","properties":{"Hylak_id":1370816,"Lake_name":"","Country":"China","Continent":"Asia","Poly_src":"SWBD","Lake_type":1,"Grand_id":0,"Lake_area":0.22,"Shore_len":2.44,"Shore_dev":1.47,"Vol_total":0.76,"Vol_res":0.0,"Vol_src":3,"Depth_avg":3.4,"Dis_avg":0.0,"Res_time":-1.0,"Elevation":4923,"Slope_100":2.33,"Wshd_area":4.0,"Pour_long":87.486239,"Pour_lat":36.084937,"source_id":"hydrolakes:1370816","label":""},"geometry":{"type":"Polygon","coordinates":[[[87.49400119357682,36.088878580729386],[87.48883246527828,36.084690483941245],[87.48731716579937,36.084210611979415],[87.48611111111165,36.08250000000038],[87.48568901909778,36.08263346354198],[87.48514431423649,36.08403320312527],[87.48435194227494,36.08518419053854],[87.48823594835113,36.08737304687526],[87.48897922092061,36.08817491319479],[87.49020806206659,36.08849690755227],[87.49124104817741,36.08845594618094],[87.49270426432355,36.08957790798638],[87.49400119357682,36.088878580729386]]]}},{"type":"Feature","id":"hydrolakes:1370817","properties":{"Hylak_id":1370817,"Lake_name":"","Country":"China","Continent":"Asia","Poly_src":"SWBD","Lake_type":1,"Grand_id":0,"Lake_area":0.14,"Shore_len":1.72,"Shore_dev":1.31,"Vol_total":0.54,"Vol_res":0.0,"Vol_src":3,"Depth_avg":3.9,"Dis_avg":0.001,"Res_time":6226.9,"Elevation":4981,"Slope_100":3.47,"Wshd_area":24.5,"Pour_long":85.194792,"Pour_lat":36.084012,"source_id":"hydrolakes:1370817","label":""},"geometry":{"type":"Polygon","coordinates":[[[85.1907962205679,36.085419108073154],[85.19179658677876,36.08484592013923],[85.19296471489821,36.08496500651063],[85.19413895501066,36.08452392578147],[85.19595937093123,36.08470947265653],[85.19563430786172,36.08381374783005],[85.19333333333384,36.082777777778006],[85.19073963589159,36.08291558159749],[85.1882072957361,36.084013671875255],[85.18857674492767,36.0856816948787],[85.1907962205679,36.085419108073154]]]}},{"type":"Feature","id":"hydrolakes:1370826","properties":{"Hylak_id":1370826,"Lake_name":"","Country":"China","Continent":"Asia","Poly_src":"SWBD","Lake_type":1,"Grand_id":0,"Lake_area":0.59,"Shore_len":3.39,"Shore_dev":1.24,"Vol_total":2.78,"Vol_res":0.0,"Vol_src":3,"Depth_avg":4.7,"Dis_avg":0.002,"Res_time":16095.0,"Elevation":4874,"Slope_100":3.24,"Wshd_area":6.4,"Pour_long":88.991564,"Pour_lat":36.077073,"source_id":"hydrolakes:1370826","label":""},"geometry":{"type":"Polygon","coordinates":[[[89.00538221571253,36.07568332248297],[89.00444444444508,36.07416666666694],[88.9997753906257,36.074457736545355],[88.99685112847294,36.074283311632314],[88.99569932725746,36.07459201388912],[88.99469645182364,36.07453206380234],[88.99371609158044,36.07488389756969],[88.99271240234441,36.07482421875028],[88.9916010199658,36.075222981771105],[88.99125786675415,36.07836588541693],[88.9930954318582,36.07969943576421],[88.9946085611985,36.08039388020853],[88.99946777343825,36.08010443793421],[88.99985324435829,36.07763102213562],[89.00440755208393,36.07677435980929],[89.00538221571253,36.07568332248297]]]}},{"type":"Feature","id":"hydrolakes:1370827","properties":{"Hylak_id":1370827,"Lake_name":"","Country":"China","Continent":"Asia","Poly_src":"SWBD","Lake_type":1,"Grand_id":0,"Lake_area":0.56,"Shore_len":3.01,"Shore_dev":1.14,"Vol_total":1.65,"Vol_res":0.0,"Vol_src":3,"Depth_avg":3.0,"Dis_avg":0.003,"Res_time":6381.1,"Elevation":4917,"Slope_100":1.28,"Wshd_area":141.2,"Pour_long":86.343941,"Pour_lat":36.076993,"source_id":"hydrolakes:1370827","label":""},"geometry":{"type":"Polygon","coordinates":[[[86.34630154079895,36.07131673177105],[86.3461111111115,36.07111111111135],[86.34552937825555,36.0713151041669],[86.34316989474866,36.07122151692727],[86.34204576280422,36.072385796441154],[86.34204901801246,36.07531114366333],[86.34252997504382,36.07714680989602],[86.34430284288231,36.079458821614935],[86.34690551757853,36.08096327039948],[86.3492485894102,36.07859646267383],[86.34859497070346,36.07736111111143],[86.34903347439285,36.07653238932312],[86.34900132921052,36.07571994357676],[86.34959228515675,36.074861111111375],[86.34892320421056,36.07388888888909],[86.34959947374159,36.072906358507225],[86.34957261827299,36.072228461371765],[86.34630154079895,36.07131673177105]]]}},{"type":"Feature","id":"hydrolakes:1370832","properties":{"Hylak_id":1370832,"Lake_name":"","Country":"China","Continent":"Asia","Poly_src":"SWBD","Lake_type":1,"Grand_id":0,"Lake_area":0.32,"Shore_len":2.78,"Shore_dev":1.39,"Vol_total":1.09,"Vol_res":0.0,"Vol_src":3,"Depth_avg":3.4,"Dis_avg":0.0,"Res_time":-1.0,"Elevation":4871,"Slope_100":2.05,"Wshd_area":1.2,"Pour_long":88.984375,"Pour_lat":36.069339,"source_id":"hydrolakes:1370832","label":""},"geometry":{"type":"Polygon","coordinates":[[[88.98897488064301,36.068334418403026],[88.98861111111165,36.06666666666683],[88.98749864366386,36.06681233723975],[88.9864648437507,36.06801215277795],[88.98240993923673,36.067686089409904],[88.98001654730967,36.069021538628704],[88.97762858072986,36.0692952473961],[88.97737141927138,36.069640299479374],[88.97920518663261,36.07078884548639],[88.98032335069496,36.07208685980925],[88.98509521484448,36.072331271701614],[88.98572347005262,36.06980333116337],[88.98762858072968,36.068739691840676],[88.98897488064301,36.068334418403026]]]}},{"type":"Feature","id":"hydrolakes:1370862","properties":{"Hylak_id":1370862,"Lake_name":"","Country":"China","Continent":"Asia","Poly_src":"SWBD","Lake_type":1,"Grand_id":0,"Lake_area":0.31,"Shore_len":2.78,"Shore_dev":1.41,"Vol_total":1.33,"Vol_res":0.0,"Vol_src":3,"Depth_avg":4.3,"Dis_avg":0.001,"Res_time":15380.9,"Elevation":5063,"Slope_100":3.28,"Wshd_area":21.4,"Pour_long":85.071509,"Pour_lat":36.044302,"source_id":"hydrolakes:1370862","label":""},"geometry":{"type":"Polygon","coordinates":[[[85.06811460389065,36.04579074435782],[85.06958333333358,36.04560818142386],[85.0710398064723,36.04578911675367],[85.07290124681288,36.04473687065996],[85.07151241302512,36.04320990668418],[85.0706906726628,36.04185682508711],[85.06902877224837,36.04165011935788],[85.06736696508233,36.042864040798804],[85.06627759297709,36.04299967447935],[85.06620296345835,36.04239963107665],[85.06675860775869,36.04145426432325],[85.06583333333361,36.04000000000019],[85.0652917003635,36.040154893663384],[85.06377567489966,36.04136881510442],[85.0634413794017,36.042537977430754],[85.06265425347658,36.04387722439259],[85.06317963778991,36.04432128906268],[85.06530141698016,36.04492730034747],[85.06669519662898,36.044753960503726],[85.06811460389065,36.04579074435782]]]}},{"type":"Feature","id":"hydrolakes:1370868","properties":{"Hylak_id":1370868,"Lake_name":"","Country":"China","Continent":"Asia","Poly_src":"SWBD","Lake_type":1,"Grand_id":0,"Lake_area":0.61,"Shore_len":4.23,"Shore_dev":1.53,"Vol_total":1.56,"Vol_res":0.0,"Vol_src":3,"Depth_avg":2.6,"Dis_avg":0.001,"Res_time":18094.8,"Elevation":4904,"Slope_100":0.92,"Wshd_area":55.6,"Pour_long":86.023823,"Pour_lat":36.037866,"source_id":"hydrolakes:1370868","label":""},"geometry":{"type":"Polygon","coordinates":[[[86.03704481336837,36.037687445746826],[86.03741475423209,36.037006835937746],[86.03725056966186,36.036257866753715],[86.03569688585117,36.03681532118088],[86.03244316948826,36.036203884548854],[86.03026760525205,36.035021701389155],[86.029167209202,36.033790147569675],[86.02617668999596,36.03343994140647],[86.02583333333382,36.03305555555579],[86.0251310899526,36.0331865776912],[86.02459113227025,36.03380126953152],[86.02565124511744,36.03474853515644],[86.02741400824681,36.03542616102453],[86.02803249783028,36.03611843533014],[86.02694519043001,36.03752143012173],[86.02497260199698,36.03681369357662],[86.02316752115928,36.03653564453151],[86.02264668782578,36.037622612847485],[86.02848103841188,36.04064154730929],[86.03043226454042,36.04109537760445],[86.03125000000028,36.04153971354185],[86.03406365288686,36.040617947048815],[86.03540886773038,36.03957546658006],[86.03712273491789,36.03899441189253],[86.03704481336837,36.037687445746826]]]}},{"type":"Feature","id":"hydrolakes:1370869","properties":{"Hylak_id":1370869,"Lake_name":"","Country":"China","Continent":"Asia","Poly_src":"SWBD","Lake_type":1,"Grand_id":0,"Lake_area":0.17,"Shore_len":1.83,"Shore_dev":1.24,"Vol_total":0.48,"Vol_res":0.0,"Vol_src":3,"Depth_avg":2.8,"Dis_avg":0.0,"Res_time":-1.0,"Elevation":4875,"Slope_100":1.6,"Wshd_area":0.5,"Pour_long":88.982739,"Pour_lat":36.036776,"source_id":"hydrolakes:1370869","label":""},"geometry":{"type":"Polygon","coordinates":[[[88.98263102213599,36.03598008897586],[88.98250000000058,36.03583333333353],[88.98101806640676,36.03645155164952],[88.98094726562567,36.037642686632125],[88.98233452691028,36.03796549479188],[88.98271511501798,36.04040879991345],[88.98699951171926,36.04006483289953],[88.9875778537334,36.038453504774566],[88.98684705946238,36.03763563368085],[88.98465793185818,36.037342936198115],[88.98263102213599,36.03598008897586]]]}},{"type":"Feature","id":"hydrolakes:1370885","properties":{"Hylak_id":1370885,"Lake_name":"","Country":"China","Continent":"Asia","Poly_src":"SWBD","Lake_type":1,"Grand_id":0,"Lake_area":0.24,"Shore_len":2.23,"Shore_dev":1.29,"Vol_total":1.05,"Vol_res":0.0,"Vol_src":3,"Depth_avg":4.4,"Dis_avg":0.002,"Res_time":6093.6,"Elevation":4922,"Slope_100":3.8,"Wshd_area":6.3,"Pour_long":89.010631,"Pour_lat":36.021814,"source_id":"hydrolakes:1370885","label":""},"geometry":{"type":"Polygon","coordinates":[[[89.01320719401087,36.02376274956623],[89.01557942708405,36.022751464843964],[89.01710069444522,36.02332302517385],[89.0190150282126,36.02223008897596],[89.01839735243118,36.0211585828996],[89.01723280164987,36.02127712673632],[89.01333902994844,36.02006347656277],[89.01305555555615,36.01972222222241],[89.0119957139762,36.019857855902956],[89.00876274956653,36.022013075087045],[89.00901502821233,36.022373860677305],[89.01042941623336,36.02262613932311],[89.01209499783039,36.02401502821198],[89.01320719401087,36.02376274956623]]]}},{"type":"Feature","id":"hydrolakes:1370900","properties":{"Hylak_id":1370900,"Lake_name":"","Country":"China","Continent":"Asia","Poly_src":"SWBD","Lake_type":1,"Grand_id":0,"Lake_area":0.76,"Shore_len":4.14,"Shore_dev":1.34,"Vol_total":2.01,"Vol_res":0.0,"Vol_src":3,"Depth_avg":2.7,"Dis_avg":0.001,"Res_time":23291.8,"Elevation":4849,"Slope_100":0.92,"Wshd_area":7.1,"Pour_long":88.527119,"Pour_lat":36.005529,"source_id":"hydrolakes:1370900","label":""},"geometry":{"type":"Polygon","coordinates":[[[88.5328976779519,36.00332329644124],[88.53224338107702,36.00082600911486],[88.53036729600746,36.00023220486128],[88.52856445312551,36.00161458333355],[88.52792209201442,36.0010774739585],[88.52878689236172,35.9998204210072],[88.5287399631082,35.998637966580134],[88.52735568576452,35.99819986979185],[88.52638888888953,35.99722222222255],[88.52456353081647,35.99877685546892],[88.52284044053886,35.998708496094025],[88.52069986979217,35.99908365885443],[88.52126600477482,36.00015380859401],[88.52123291015687,36.00098687065997],[88.52227728949731,36.00195475260449],[88.52097032335138,36.003165690104424],[88.52069986979217,36.00504584418428],[88.52513726128524,36.00676269531277],[88.52991048177131,36.007076009114826],[88.52983561197965,36.005191243489776],[88.53018988715331,36.0041805013023],[88.5328976779519,36.00332329644124]]]}},{"type":"Feature","id":"hydrolakes:1370906","properties":{"Hylak_id":1370906,"Lake_name":"","Country":"China","Continent":"Asia","Poly_src":"SWBD","Lake_type":1,"Grand_id":0,"Lake_area":0.18,"Shore_len":1.81,"Shore_dev":1.19,"Vol_total":0.33,"Vol_res":0.0,"Vol_src":3,"Depth_avg":1.8,"Dis_avg":0.0,"Res_time":-1.0,"Elevation":4944,"Slope_100":0.62,"Wshd_area":2.4,"Pour_long":86.119128,"Pour_lat":36.002291,"source_id":"hydrolakes:1370906","label":""},"geometry":{"type":"Polygon","coordinates":[[[86.11958285861573,36.004805772569625],[86.12116068522175,36.00367024739597],[86.12268412272175,36.00382541232665],[86.1240149603953,36.00295979817736],[86.12245198567751,36.00261311848982],[86.12169569227478,36.00086941189261],[86.12055555555605,36.000277777778024],[86.11868177625911,36.00072998046892],[86.11754896375902,36.000717773437714],[86.11687140570791,36.001533474392545],[86.11796807183214,36.00410536024333],[86.11958285861573,36.004805772569625]]]}},{"type":"Feature","id":"hydrolakes:1370911","properties":{"Hylak_id":1370911,"Lake_name":"","Country":"China","Continent":"Asia","Poly_src":"SWBD","Lake_type":1,"Grand_id":0,"Lake_area":0.24,"Shore_len":2.71,"Shore_dev":1.57,"Vol_total":0.57,"Vol_res":0.0,"Vol_src":3,"Depth_avg":2.4,"Dis_avg":0.0,"Res_time":-1.0,"Elevation":4857,"Slope_100":1.08,"Wshd_area":0.3,"Pour_long":88.819254,"Pour_lat":35.999525,"source_id":"hydrolakes:1370911","label":""},"geometry":{"type":"Polygon","coordinates":[[[88.82218532986161,36.00116075303839],[88.82320285373328,36.000416666666865],[88.8231911892367,35.99983886718769],[88.82138888888943,35.998888888889155],[88.81907986111173,35.99906358506979],[88.81622016059089,36.00096950954895],[88.8150461154521,36.00036458333352],[88.81165581597298,36.00043402777794],[88.81125271267416,36.00122856987883],[88.815776367188,36.00182996961831],[88.817512207032,36.00401963975719],[88.81800455729223,36.003004557291945],[88.82069173177149,36.001525065104374],[88.82218532986161,36.00116075303839]]]}},{"type":"Feature","id":"hydrolakes:1370915","properties":{"Hylak_id":1370915,"Lake_name":"","Country":"China","Continent":"Asia","Poly_src":"SWBD","Lake_type":1,"Grand_id":0,"Lake_area":0.27,"Shore_len":2.15,"Shore_dev":1.18,"Vol_total":0.81,"Vol_res":0.0,"Vol_src":3,"Depth_avg":3.0,"Dis_avg":0.002,"Res_time":4674.3,"Elevation":4872,"Slope_100":1.68,"Wshd_area":6.3,"Pour_long":89.037649,"Pour_lat":35.997262,"source_id":"hydrolakes:1370915","label":""},"geometry":{"type":"Polygon","coordinates":[[[89.03459879557374,35.99876546223982],[89.03666558159779,35.997532280816245],[89.03756266276099,35.99805962456617],[89.0379399956604,35.997077907986295],[89.03652126736176,35.99530381944464],[89.03583333333387,35.993611111111306],[89.03507731119845,35.99382731119812],[89.03365993923671,35.994960937500366],[89.03077582465329,35.99572726779536],[89.02990098741384,35.997446831597415],[89.03129720052135,35.999190538194625],[89.03290717230948,35.9993907335072],[89.03459879557374,35.99876546223982]]]}},{"type":"Feature","id":"hydrolakes:1370922","properties":{"Hylak_id":1370922,"Lake_name":"","Country":"China","Continent":"Asia","Poly_src":"SWBD","Lake_type":1,"Grand_id":0,"Lake_area":0.73,"Shore_len":4.4,"Shore_dev":1.45,"Vol_total":3.14,"Vol_res":0.0,"Vol_src":3,"Depth_avg":4.3,"Dis_avg":0.002,"Res_time":18199.8,"Elevation":4928,"Slope_100":2.52,"Wshd_area":51.8,"Pour_long":85.431149,"Pour_lat":35.992394,"source_id":"hydrolakes:1370922","label":""},"geometry":{"type":"Polygon","coordinates":[[[85.43318915473128,35.9921164279516],[85.43135470920174,35.98994574652795],[85.42900377061676,35.9892900933163],[85.42677934434704,35.98937825520852],[85.42530069987026,35.9889906141496],[85.42419596354205,35.98840603298635],[85.42267849392391,35.988937988281464],[85.42055555555595,35.987222222222385],[85.41782270643472,35.987370334201614],[85.4156254069012,35.9884969075523],[85.41431125217042,35.98844482421896],[85.41260209825339,35.98934922960103],[85.41266350640223,35.99089898003507],[85.41375528971383,35.991244574653024],[85.41457804362022,35.99181098090298],[85.41705529107026,35.99214952256966],[85.4186404079864,35.9927050781252],[85.41992485894139,35.99202528211828],[85.42511539035405,35.99200168185786],[85.42735582139801,35.992922092014055],[85.43291734483546,35.993218587239824],[85.43318915473128,35.9921164279516]]]}},{"type":"Feature","id":"hydrolakes:1370923","properties":{"Hylak_id":1370923,"Lake_name":"","Country":"China","Continent":"Asia","Poly_src":"SWBD","Lake_type":1,"Grand_id":0,"Lake_area":0.26,"Shore_len":2.11,"Shore_dev":1.17,"Vol_total":0.83,"Vol_res":0.0,"Vol_src":3,"Depth_avg":3.2,"Dis_avg":0.012,"Res_time":799.1,"Elevation":5024,"Slope_100":1.94,"Wshd_area":25.0,"Pour_long":89.979582,"Pour_lat":35.990676,"source_id":"hydrolakes:1370923","label":""},"geometry":{"type":"Polygon","coordinates":[[[89.98015082465349,35.990408257378704],[89.97888888888986,35.98888888888922],[89.97818413628556,35.989017469618375],[89.97635850694502,35.99003607855923],[89.97185329861173,35.99135281033011],[89.97171061198003,35.993125542534926],[89.9749951171882,35.99429524739605],[89.97707302517438,35.99290635850713],[89.97883789062575,35.99250542534742],[89.9800672743063,35.991446397569746],[89.98015082465349,35.990408257378704]]]}},{"type":"Feature","id":"hydrolakes:1370924","properties":{"Hylak_id":1370924,"Lake_name":"","Country":"China","Continent":"Asia","Poly_src":"SWBD","Lake_type":1,"Grand_id":0,"Lake_area":0.33,"Shore_len":3.04,"Shore_dev":1.49,"Vol_total":0.66,"Vol_res":0.0,"Vol_src":3,"Depth_avg":2.0,"Dis_avg":0.002,"Res_time":3840.7,"Elevation":4910,"Slope_100":0.65,"Wshd_area":122.8,"Pour_long":86.387065,"Pour_lat":35.987636,"source_id":"hydrolakes:1370924","label":""},"geometry":{"type":"Polygon","coordinates":[[[86.39684434678855,35.98822862413215],[86.39550008138059,35.98720865885434],[86.39270534939266,35.987992621528065],[86.3915193684901,35.98652343750024],[86.39154730902811,35.985156792534895],[86.39000000000044,35.98416666666685],[86.38788221571218,35.98435492621553],[86.38598212348154,35.98618055555585],[86.38596394856825,35.987069227430766],[86.38650160047774,35.987628580729336],[86.38805555555598,35.98802707248291],[86.39058837890673,35.98737792968768],[86.39178738064288,35.989849175347615],[86.39501844618093,35.99124728732676],[86.39644938151076,35.99093153211828],[86.39684434678855,35.98822862413215]]]}},{"type":"Feature","id":"hydrolakes:1370925","properties":{"Hylak_id":1370925,"Lake_name":"","Country":"China","Continent":"Asia","Poly_src":"SWBD","Lake_type":1,"Grand_id":0,"Lake_area":0.58,"Shore_len":4.25,"Shore_dev":1.57,"Vol_total":2.58,"Vol_res":0.0,"Vol_src":3,"Depth_avg":4.4,"Dis_avg":0.001,"Res_time":29905.0,"Elevation":4901,"Slope_100":2.9,"Wshd_area":22.9,"Pour_long":86.521223,"Pour_lat":35.986999,"source_id":"hydrolakes:1370925","label":""},"geometry":{"type":"Polygon","coordinates":[[[86.50950127495707,35.9906130642363],[86.51593817816871,35.99034125434065],[86.51777669270865,35.98890136718779],[86.51966498480937,35.989954969618225],[86.521085883247,35.989840766059274],[86.52189575195342,35.988900824653],[86.52174058702303,35.986969672309215],[86.52098971896731,35.98632269965299],[86.52070475260462,35.98568413628499],[86.52000000000044,35.98527777777804],[86.51869750976607,35.985410698785074],[86.51785034179738,35.98639404296898],[86.51441894531297,35.98753770616338],[86.51154568142402,35.987306857639055],[86.50754747178871,35.98643473307311],[86.5047222222226,35.986661783854345],[86.50272583007859,35.98650119357666],[86.5023714192713,35.987571885851025],[86.504249945747,35.988137478298825],[86.50512858072949,35.988760308159954],[86.50671129014796,35.98923692491343],[86.50950127495707,35.9906130642363]]]}},{"type":"Feature","id":"hydrolakes:1370926","properties":{"Hylak_id":1370926,"Lake_name":"","Country":"China","Continent":"Asia","Poly_src":"SWBD","Lake_type":1,"Grand_id":0,"Lake_area":0.2,"Shore_len":1.84,"Shore_dev":1.16,"Vol_total":0.62,"Vol_res":0.0,"Vol_src":3,"Depth_avg":3.1,"Dis_avg":0.004,"Res_time":1796.8,"Elevation":4852,"Slope_100":1.9,"Wshd_area":51.2,"Pour_long":88.218281,"Pour_lat":35.986301,"source_id":"hydrolakes:1370926","label":""},"geometry":{"type":"Polygon","coordinates":[[[88.21997558593813,35.98569010416685],[88.21972222222286,35.9850000000003],[88.2179741753477,35.98511013454879],[88.21659288194519,35.98548800998287],[88.21431586371602,35.987371419271085],[88.21290635850755,35.98790635850719],[88.21264919704913,35.988376193576585],[88.21452284071245,35.989721679687705],[88.21737141927127,35.98903808593769],[88.21942545572966,35.988111436632266],[88.21997558593813,35.98569010416685]]]}},{"type":"Feature","id":"hydrolakes:1370928","properties":{"Hylak_id":1370928,"Lake_name":"","Country":"China","Continent":"Asia","Poly_src":"SWBD","Lake_type":1,"Grand_id":0,"Lake_area":0.29,"Shore_len":2.3,"Shore_dev":1.2,"Vol_total":1.02,"Vol_res":0.0,"Vol_src":3,"Depth_avg":3.5,"Dis_avg":0.012,"Res_time":984.9,"Elevation":4860,"Slope_100":2.22,"Wshd_area":34.9,"Pour_long":89.116876,"Pour_lat":35.985434,"source_id":"hydrolakes:1370928","label":""},"geometry":{"type":"Polygon","coordinates":[[[89.11585828993117,35.986913248698215],[89.11715549045192,35.98589735243081],[89.11706814236197,35.98480957031262],[89.115961914063,35.98431586371544],[89.11525824652847,35.98238362630235],[89.11424316406323,35.98207790798642],[89.11388888888945,35.981666666666854],[89.11264539930642,35.98182942708371],[89.11088243272621,35.98328776041683],[89.10905463324718,35.983140733507184],[89.10811089409782,35.9842363823787],[89.10821397569504,35.985522189670405],[89.11170030381993,35.98631429036476],[89.11457166883758,35.98619520399325],[89.11585828993117,35.986913248698215]]]}},{"type":"Feature","id":"hydrolakes:1370929","properties":{"Hylak_id":1370929,"Lake_name":"","Country":"China","Continent":"Asia","Poly_src":"SWBD","Lake_type":1,"Grand_id":0,"Lake_area":0.37,"Shore_len":2.43,"Shore_dev":1.13,"Vol_total":0.75,"Vol_res":0.0,"Vol_src":3,"Depth_avg":2.0,"Dis_avg":0.0,"Res_time":-1.0,"Elevation":4797,"Slope_100":0.67,"Wshd_area":7.5,"Pour_long":86.76453,"Pour_lat":35.98437,"source_id":"hydrolakes:1370929","label":""},"geometry":{"type":"Polygon","coordinates":[[[86.7677469889328,35.9797528754342],[86.76750000000061,35.97944444444465],[86.76489000108546,35.979580078125196],[86.76429022895013,35.98040120442727],[86.76400214301253,35.98140896267387],[86.76237643771753,35.98271077473976],[86.76263061523491,35.98522406684066],[86.7634654405386,35.98571478949674],[86.76626532660646,35.98515435112881],[86.76876831054733,35.98376410590299],[86.7711580403651,35.981850314670396],[86.77136271158889,35.98020507812538],[86.7677469889328,35.9797528754342]]]}},{"type":"Feature","id":"hydrolakes:1370933","properties":{"Hylak_id":1370933,"Lake_name":"","Country":"China","Continent":"Asia","Poly_src":"SWBD","Lake_type":1,"Grand_id":0,"Lake_area":0.18,"Shore_len":1.86,"Shore_dev":1.25,"Vol_total":0.8,"Vol_res":0.0,"Vol_src":3,"Depth_avg":4.5,"Dis_avg":0.003,"Res_time":3103.8,"Elevation":4869,"Slope_100":4.41,"Wshd_area":8.2,"Pour_long":89.10031,"Pour_lat":35.982987,"source_id":"hydrolakes:1370933","label":""},"geometry":{"type":"Polygon","coordinates":[[[89.09633490668472,35.98439046223979],[89.09745415581648,35.98397949218776],[89.10048909505264,35.98404486762172],[89.10123969184099,35.98305528428847],[89.09846191406325,35.98181586371567],[89.09638888888941,35.98055555555578],[89.09568413628523,35.980684136284935],[89.09481282552156,35.981301812066135],[89.09379313151095,35.98121988932303],[89.09286349826459,35.98156141493092],[89.09293185763977,35.982412651909954],[89.09514919704912,35.98346191406267],[89.09633490668472,35.98439046223979]]]}},{"type":"Feature","id":"hydrolakes:1370937","properties":{"Hylak_id":1370937,"Lake_name":"","Country":"China","Continent":"Asia","Poly_src":"SWBD","Lake_type":1,"Grand_id":0,"Lake_area":0.15,"Shore_len":1.59,"Shore_dev":1.15,"Vol_total":0.53,"Vol_res":0.0,"Vol_src":3,"Depth_avg":3.5,"Dis_avg":0.0,"Res_time":-1.0,"Elevation":4875,"Slope_100":2.74,"Wshd_area":0.5,"Pour_long":88.87383,"Pour_lat":35.979822,"source_id":"hydrolakes:1370937","label":""},"geometry":{"type":"Polygon","coordinates":[[[88.87523491753524,35.978110894097426],[88.87500000000068,35.97750000000019],[88.87419731987899,35.97780843098991],[88.8709038628478,35.978220486111354],[88.8687654622401,35.979932996962134],[88.86917263454939,35.98075602213572],[88.8714100477439,35.98139485677103],[88.87290120442759,35.98067898220512],[88.8743698459208,35.980361328125184],[88.87523491753524,35.978110894097426]]]}},{"type":"Feature","id":"hydrolakes:1370955","properties":{"Hylak_id":1370955,"Lake_name":"","Country":"China","Continent":"Asia","Poly_src":"SWBD","Lake_type":1,"Grand_id":0,"Lake_area":0.14,"Shore_len":1.46,"Shore_dev":1.11,"Vol_total":0.32,"Vol_res":0.0,"Vol_src":3,"Depth_avg":2.3,"Dis_avg":0.0,"Res_time":-1.0,"Elevation":4926,"Slope_100":1.21,"Wshd_area":8.0,"Pour_long":85.970119,"Pour_lat":35.966896,"source_id":"hydrolakes:1370955","label":""},"geometry":{"type":"Polygon","coordinates":[[[85.97055555555596,35.96720648871553],[85.97236111111158,35.966939561632216],[85.97388176812126,35.967164442274566],[85.97442240397163,35.96674696180588],[85.97498372395859,35.96581651475719],[85.97392239040846,35.9650295681426],[85.97111111111155,35.96416666666704],[85.97025316026526,35.964312337239846],[85.96849012586847,35.96567328559064],[85.96943888346402,35.96704155815996],[85.97055555555596,35.96720648871553]]]}},{"type":"Feature","id":"hydrolakes:1370961","properties":{"Hylak_id":1370961,"Lake_name":"","Country":"China","Continent":"Asia","Poly_src":"SWBD","Lake_type":1,"Grand_id":0,"Lake_area":0.32,"Shore_len":2.62,"Shore_dev":1.31,"Vol_total":1.19,"Vol_res":0.0,"Vol_src":3,"Depth_avg":3.7,"Dis_avg":0.002,"Res_time":6883.9,"Elevation":4887,"Slope_100":2.4,"Wshd_area":4.9,"Pour_long":89.161916,"Pour_lat":35.961691,"source_id":"hydrolakes:1370961","label":""},"geometry":{"type":"Polygon","coordinates":[[[89.169779459636,35.95947591145858],[89.17022325303873,35.95829508463572],[89.16972222222279,35.95750000000021],[89.16856662326461,35.958352050781514],[89.16730929904571,35.95787950303844],[89.16470024956664,35.957829589843925],[89.16275173611172,35.95886474609398],[89.1618134223097,35.96113009982662],[89.159886881511,35.96273084852447],[89.16091281467067,35.96358289930589],[89.16243136935827,35.96315836588565],[89.16540391710134,35.96179280598983],[89.16913791232707,35.96096978081624],[89.17026529947987,35.96032416449685],[89.169779459636,35.95947591145858]]]}},{"type":"Feature","id":"hydrolakes:1370965","properties":{"Hylak_id":1370965,"Lake_name":"","Country":"China","Continent":"Asia","Poly_src":"SWBD","Lake_type":1,"Grand_id":0,"Lake_area":0.81,"Shore_len":4.01,"Shore_dev":1.25,"Vol_total":3.12,"Vol_res":0.0,"Vol_src":3,"Depth_avg":3.8,"Dis_avg":0.002,"Res_time":18029.0,"Elevation":4860,"Slope_100":1.92,"Wshd_area":17.7,"Pour_long":88.145382,"Pour_lat":35.958161,"source_id":"hydrolakes:1370965","label":""},"geometry":{"type":"Polygon","coordinates":[[[88.15111111111156,35.9655227322051],[88.15191460503519,35.9650504557294],[88.15621636284772,35.9641582573787],[88.15629692925404,35.96351074218779],[88.15518500434086,35.961203884548866],[88.15335503472284,35.95973849826407],[88.15274983724021,35.95830186631963],[88.1508330620664,35.956901855468914],[88.1489558919277,35.95762342664955],[88.14777777777823,35.95666666666693],[88.14717610677127,35.957348904080106],[88.14469102647621,35.95823432074678],[88.14342502170183,35.95981499566],[88.14169704861155,35.96030897352455],[88.14019042968806,35.96267713758698],[88.1424037000873,35.96363254123281],[88.14402533637212,35.96233534071217],[88.14575602213597,35.96299397786481],[88.14706787109435,35.96404324001759],[88.14821994357686,35.96437255859411],[88.14937554253538,35.96521647135438],[88.15037814670183,35.9650919596358],[88.15111111111156,35.9655227322051]]]}},{"type":"Feature","id":"hydrolakes:1370967","properties":{"Hylak_id":1370967,"Lake_name":"","Country":"China","Continent":"Asia","Poly_src":"SWBD","Lake_type":1,"Grand_id":0,"Lake_area":0.13,"Shore_len":1.45,"Shore_dev":1.15,"Vol_total":0.44,"Vol_res":0.0,"Vol_src":3,"Depth_avg":3.5,"Dis_avg":0.002,"Res_time":2556.2,"Elevation":4884,"Slope_100":2.86,"Wshd_area":4.3,"Pour_long":89.189061,"Pour_lat":35.956242,"source_id":"hydrolakes:1370967","label":""},"geometry":{"type":"Polygon","coordinates":[[[89.19123969184085,35.95668158637176],[89.19031467013946,35.95509141710096],[89.18851535373335,35.95523600260441],[89.18638888888961,35.95472222222247],[89.18517659505261,35.9550873480905],[89.18506917317762,35.95642442491339],[89.18583794487915,35.95731689453146],[89.18843668619849,35.95752577039951],[89.19123969184085,35.95668158637176]]]}},{"type":"Feature","id":"hydrolakes:1370979","properties":{"Hylak_id":1370979,"Lake_name":"","Country":"China","Continent":"Asia","Poly_src":"SWBD","Lake_type":1,"Grand_id":0,"Lake_area":0.12,"Shore_len":1.61,"Shore_dev":1.31,"Vol_total":0.23,"Vol_res":0.0,"Vol_src":3,"Depth_avg":2.0,"Dis_avg":0.001,"Res_time":2698.2,"Elevation":4907,"Slope_100":0.87,"Wshd_area":18.9,"Pour_long":86.400416,"Pour_lat":35.949881,"source_id":"hydrolakes:1370979","label":""},"geometry":{"type":"Polygon","coordinates":[[[86.39782877604216,35.95165961371566],[86.39972561306462,35.951423611111295],[86.40079901801249,35.95205485026065],[86.40222764756999,35.951187065972476],[86.40128540039092,35.95001030815996],[86.39941365559929,35.94947509765649],[86.39916666666699,35.94916666666694],[86.39776095920183,35.94956868489601],[86.39570977105086,35.95121120876763],[86.39604546441007,35.95279405381967],[86.39782877604216,35.95165961371566]]]}},{"type":"Feature","id":"hydrolakes:1370983","properties":{"Hylak_id":1370983,"Lake_name":"","Country":"China","Continent":"Asia","Poly_src":"SWBD","Lake_type":1,"Grand_id":0,"Lake_area":0.19,"Shore_len":2.0,"Shore_dev":1.29,"Vol_total":0.83,"Vol_res":0.0,"Vol_src":3,"Depth_avg":4.3,"Dis_avg":0.001,"Res_time":9592.5,"Elevation":4862,"Slope_100":3.86,"Wshd_area":7.5,"Pour_long":88.245302,"Pour_lat":35.946524,"source_id":"hydrolakes:1370983","label":""},"geometry":{"type":"Polygon","coordinates":[[[88.2437098524311,35.948461914062875],[88.24531250000064,35.94720675998292],[88.24774495442756,35.94810004340303],[88.25147081163249,35.94644612630242],[88.25179524739627,35.94555094401062],[88.25027777777842,35.94416666666683],[88.24904758029584,35.944618326823104],[88.24822157118115,35.94455213758704],[88.24471218533034,35.94575575086816],[88.24374376085115,35.94687961154534],[88.2437098524311,35.948461914062875]]]}},{"type":"Feature","id":"hydrolakes:1370989","properties":{"Hylak_id":1370989,"Lake_name":"","Country":"China","Continent":"Asia","Poly_src":"SWBD","Lake_type":1,"Grand_id":0,"Lake_area":0.23,"Shore_len":1.89,"Shore_dev":1.11,"Vol_total":0.89,"Vol_res":0.0,"Vol_src":3,"Depth_avg":3.9,"Dis_avg":0.002,"Res_time":5153.4,"Elevation":4918,"Slope_100":2.97,"Wshd_area":40.0,"Pour_long":85.322561,"Pour_lat":35.944761,"source_id":"hydrolakes:1370989","label":""},"geometry":{"type":"Polygon","coordinates":[[[85.3244017367897,35.9460508897572],[85.32415674845402,35.94408148871548],[85.32305555555587,35.94333333333367],[85.32046106974337,35.944119737413416],[85.31853079901839,35.94387966579899],[85.31820980495905,35.94445610894127],[85.31882554796033,35.94550374348984],[85.3185772365996,35.94750000000016],[85.32043202718137,35.94790120442735],[85.32180555555584,35.94849419487866],[85.32331297132731,35.9478434244794],[85.3244017367897,35.9460508897572]]]}},{"type":"Feature","id":"hydrolakes:1371000","properties":{"Hylak_id":1371000,"Lake_name":"","Country":"China","Continent":"Asia","Poly_src":"SWBD","Lake_type":1,"Grand_id":0,"Lake_area":0.35,"Shore_len":2.72,"Shore_dev":1.3,"Vol_total":1.41,"Vol_res":0.0,"Vol_src":3,"Depth_avg":4.0,"Dis_avg":0.021,"Res_time":776.8,"Elevation":5030,"Slope_100":2.79,"Wshd_area":52.0,"Pour_long":89.882478,"Pour_lat":35.937231,"source_id":"hydrolakes:1371000","label":""},"geometry":{"type":"Polygon","coordinates":[[[89.88765407986182,35.93817871093785],[89.88859863281323,35.93752549913211],[89.88946777343807,35.93803629557323],[89.89105305989654,35.93589925130226],[89.88988769531312,35.93444390190996],[89.88699598524397,35.933467068142534],[89.88666666666745,35.93305555555577],[89.88498806423684,35.9335354275176],[89.8828347439242,35.935174153646074],[89.88300455729228,35.93654025607657],[89.88219346788259,35.93718967013922],[89.88266655816028,35.93831190321208],[89.88490614149367,35.938033311632125],[89.88626519097295,35.93873453776075],[89.88818576388962,35.94040120442736],[89.88877712673684,35.939582519531484],[89.88765407986182,35.93817871093785]]]}},{"type":"Feature","id":"hydrolakes:1371007","properties":{"Hylak_id":1371007,"Lake_name":"","Country":"China","Continent":"Asia","Poly_src":"SWBD","Lake_type":1,"Grand_id":0,"Lake_area":0.78,"Shore_len":4.78,"Shore_dev":1.53,"Vol_total":2.59,"Vol_res":0.0,"Vol_src":3,"Depth_avg":3.3,"Dis_avg":0.003,"Res_time":9984.2,"Elevation":4799,"Slope_100":1.43,"Wshd_area":85.0,"Pour_long":86.692688,"Pour_lat":35.931725,"source_id":"hydrolakes:1371007","label":""},"geometry":{"type":"Polygon","coordinates":[[[86.70096693250906,35.93692274305573],[86.70035224066885,35.93536295572943],[86.69846883138075,35.93447401258703],[86.69708821614631,35.933466525607855],[86.69583848741365,35.93351616753495],[86.69519897460987,35.93216091579899],[86.69236640082511,35.92985568576427],[86.69056369357685,35.92915391710096],[86.69013359917585,35.92875542534739],[86.68928358289975,35.927906358507244],[86.68988308376788,35.92735080295165],[86.68902872721424,35.92655924479192],[86.68875528971392,35.92541124131964],[86.68777777777825,35.92500000000018],[86.68680026584252,35.9251334635419],[86.6859775119363,35.9281998697918],[86.68515163845541,35.92939995659748],[86.68508992513068,35.93095757378495],[86.68569973415856,35.931522352430875],[86.68603366427993,35.932577311198145],[86.68808661566874,35.9332272677953],[86.6887235514327,35.93457682291688],[86.69095743815143,35.9345673285593],[86.69158135308214,35.93489746093769],[86.69318372938409,35.93483398437519],[86.69403849283913,35.93599934895849],[86.69565999349015,35.93593505859394],[86.69625528971403,35.93680013020855],[86.69660481770865,35.93826741536475],[86.69887396918438,35.938862033420435],[86.70096693250906,35.93692274305573]]]}},{"type":"Feature","id":"hydrolakes:1371008","properties":{"Hylak_id":1371008,"Lake_name":"","Country":"China","Continent":"Asia","Poly_src":"SWBD","Lake_type":1,"Grand_id":0,"Lake_area":0.24,"Shore_len":1.9,"Shore_dev":1.09,"Vol_total":0.75,"Vol_res":0.0,"Vol_src":3,"Depth_avg":3.1,"Dis_avg":0.008,"Res_time":1083.7,"Elevation":4884,"Slope_100":1.82,"Wshd_area":29.6,"Pour_long":88.989558,"Pour_lat":35.929676,"source_id":"hydrolakes:1371008","label":""},"geometry":{"type":"Polygon","coordinates":[[[88.98864800347292,35.930616590712134],[88.98958089192769,35.930135904948145],[88.9906651475701,35.93015814887178],[88.99430257161521,35.92876193576427],[88.9943207465285,35.92787136501755],[88.99250000000058,35.92611111111137],[88.98820339626815,35.92627929687524],[88.9868204752612,35.92760823567727],[88.98679144965337,35.9290250651045],[88.98740478515685,35.92932264539951],[88.98864800347292,35.930616590712134]]]}},{"type":"Feature","id":"hydrolakes:1371009","properties":{"Hylak_id":1371009,"Lake_name":"","Country":"China","Continent":"Asia","Poly_src":"SWBD","Lake_type":1,"Grand_id":0,"Lake_area":0.23,"Shore_len":2.71,"Shore_dev":1.58,"Vol_total":0.92,"Vol_res":0.0,"Vol_src":3,"Depth_avg":3.9,"Dis_avg":0.015,"Res_time":708.7,"Elevation":4875,"Slope_100":3.01,"Wshd_area":36.5,"Pour_long":89.212893,"Pour_lat":35.928879,"source_id":"hydrolakes:1371009","label":""},"geometry":{"type":"Polygon","coordinates":[[[89.21582709418459,35.92997748480934],[89.21346435546928,35.92903564453155],[89.21216932508736,35.92803195529535],[89.20889567057344,35.928227267795364],[89.2075808376743,35.927623697916886],[89.20722222222287,35.9272222222225],[89.20653564453198,35.927646755642684],[89.2051774088547,35.92796278211824],[89.20508897569516,35.92944959852463],[89.20552924262205,35.93040879991355],[89.2063623046883,35.92971896701414],[89.20832790798664,35.93124213324671],[89.21108968099031,35.929912109375266],[89.212089301216,35.92985243055574],[89.21576605902834,35.931519911024566],[89.21651991102505,35.93111816406275],[89.21582709418459,35.92997748480934]]]}},{"type":"Feature","id":"hydrolakes:1371010","properties":{"Hylak_id":1371010,"Lake_name":"","Country":"China","Continent":"Asia","Poly_src":"SWBD","Lake_type":1,"Grand_id":0,"Lake_area":0.21,"Shore_len":2.13,"Shore_dev":1.3,"Vol_total":0.74,"Vol_res":0.0,"Vol_src":3,"Depth_avg":3.4,"Dis_avg":0.006,"Res_time":1418.3,"Elevation":5035,"Slope_100":2.33,"Wshd_area":10.4,"Pour_long":89.910379,"Pour_lat":35.92866,"source_id":"hydrolakes:1371010","label":""},"geometry":{"type":"Polygon","coordinates":[[[89.91030870225768,35.93308620876775],[89.91169867621602,35.93255181206621],[89.91310275607725,35.93337700737885],[89.91349555121593,35.93235568576404],[89.912200520834,35.93073621961821],[89.91242404513969,35.92893961588567],[89.91138888888963,35.928055555555716],[89.90989040798678,35.92820176866343],[89.90820963541734,35.92915201822933],[89.90894042968813,35.93069905598975],[89.90709852430632,35.933001844618275],[89.90767469618123,35.93383951822949],[89.91030870225768,35.93308620876775]]]}},{"type":"Feature","id":"hydrolakes:1371015","properties":{"Hylak_id":1371015,"Lake_name":"","Country":"China","Continent":"Asia","Poly_src":"SWBD","Lake_type":1,"Grand_id":0,"Lake_area":0.15,"Shore_len":1.63,"Shore_dev":1.18,"Vol_total":0.5,"Vol_res":0.0,"Vol_src":3,"Depth_avg":3.3,"Dis_avg":0.0,"Res_time":-1.0,"Elevation":5009,"Slope_100":2.4,"Wshd_area":0.5,"Pour_long":89.821438,"Pour_lat":35.925306,"source_id":"hydrolakes:1371015","label":""},"geometry":{"type":"Polygon","coordinates":[[[89.82123480902834,35.92154324001763],[89.82027777777853,35.92027777777798],[89.8187868923618,35.920537109375175],[89.81867947048693,35.921399739583535],[89.8190722656256,35.92242106119818],[89.81897894965357,35.92316948784759],[89.82098849826451,35.92567898220511],[89.82303059895912,35.925376247830116],[89.82369737413256,35.9242420789933],[89.82123480902834,35.92154324001763]]]}},{"type":"Feature","id":"hydrolakes:1371016","properties":{"Hylak_id":1371016,"Lake_name":"","Country":"China","Continent":"Asia","Poly_src":"SWBD","Lake_type":1,"Grand_id":0,"Lake_area":0.19,"Shore_len":1.77,"Shore_dev":1.14,"Vol_total":0.67,"Vol_res":0.0,"Vol_src":3,"Depth_avg":3.5,"Dis_avg":0.005,"Res_time":1555.3,"Elevation":4899,"Slope_100":2.47,"Wshd_area":12.2,"Pour_long":89.185343,"Pour_lat":35.923155,"source_id":"hydrolakes:1371016","label":""},"geometry":{"type":"Polygon","coordinates":[[[89.18485324435818,35.92125786675382],[89.18182779947989,35.92129258897586],[89.18173665364645,35.922821723090465],[89.18401991102485,35.924591200087036],[89.18561360677137,35.9254087999135],[89.18818332248321,35.924024251302285],[89.18918240017416,35.92273491753491],[89.18485324435818,35.92125786675382]]]}},{"type":"Feature","id":"hydrolakes:1371023","properties":{"Hylak_id":1371023,"Lake_name":"","Country":"China","Continent":"Asia","Poly_src":"SWBD","Lake_type":1,"Grand_id":0,"Lake_area":0.18,"Shore_len":1.7,"Shore_dev":1.11,"Vol_total":0.43,"Vol_res":0.0,"Vol_src":3,"Depth_avg":2.3,"Dis_avg":0.0,"Res_time":-1.0,"Elevation":4894,"Slope_100":1.1,"Wshd_area":0.9,"Pour_long":89.048958,"Pour_lat":35.919187,"source_id":"hydrolakes:1371023","label":""},"geometry":{"type":"Polygon","coordinates":[[[89.0494604492194,35.92099582248284],[89.05107449001804,35.92050998263909],[89.05290635850781,35.9193625217016],[89.0524367947055,35.918732367621715],[89.04996744791731,35.917989095052405],[89.04944444444499,35.91750000000019],[89.04708224826442,35.91769748263914],[89.04542697482702,35.919123535156416],[89.04579155816026,35.92057752821199],[89.04652018229223,35.92098388671894],[89.0494604492194,35.92099582248284]]]}},{"type":"Feature","id":"hydrolakes:1371035","properties":{"Hylak_id":1371035,"Lake_name":"","Country":"China","Continent":"Asia","Poly_src":"SWBD","Lake_type":1,"Grand_id":0,"Lake_area":0.12,"Shore_len":1.4,"Shore_dev":1.17,"Vol_total":0.41,"Vol_res":0.0,"Vol_src":3,"Depth_avg":3.6,"Dis_avg":0.001,"Res_time":4769.4,"Elevation":4932,"Slope_100":3.08,"Wshd_area":2.1,"Pour_long":89.157374,"Pour_lat":35.909106,"source_id":"hydrolakes:1371035","label":""},"geometry":{"type":"Polygon","coordinates":[[[89.1596620008687,35.9075425889759],[89.15916666666737,35.906666666666865],[89.15820990668476,35.90737657335086],[89.15635281033047,35.90806315104197],[89.15618272569509,35.90942952473989],[89.1579885525179,35.91012342664965],[89.16114583333393,35.909639214409935],[89.161994628907,35.908959418403015],[89.1596620008687,35.9075425889759]]]}},{"type":"Feature","id":"hydrolakes:1371052","properties":{"Hylak_id":1371052,"Lake_name":"","Country":"China","Continent":"Asia","Poly_src":"SWBD","Lake_type":1,"Grand_id":0,"Lake_area":0.12,"Shore_len":1.59,"Shore_dev":1.29,"Vol_total":0.24,"Vol_res":0.0,"Vol_src":3,"Depth_avg":2.0,"Dis_avg":0.006,"Res_time":455.4,"Elevation":4884,"Slope_100":0.86,"Wshd_area":182.8,"Pour_long":86.47398,"Pour_lat":35.897239,"source_id":"hydrolakes:1371052","label":""},"geometry":{"type":"Polygon","coordinates":[[[86.4740124511722,35.895432128906464],[86.47388888888929,35.89527777777806],[86.47265421549514,35.895432128906464],[86.47333930121579,35.89701063368085],[86.47100477430604,35.897515733507134],[86.4709197319882,35.89819959852463],[86.47332451714448,35.898886176215626],[86.4753114149309,35.89815158420163],[86.47679022895034,35.89667833116334],[86.47645521375921,35.89569986979194],[86.4740124511722,35.895432128906464]]]}},{"type":"Feature","id":"hydrolakes:1371053","properties":{"Hylak_id":1371053,"Lake_name":"","Country":"China","Continent":"Asia","Poly_src":"SWBD","Lake_type":1,"Grand_id":0,"Lake_area":0.76,"Shore_len":5.04,"Shore_dev":1.63,"Vol_total":3.57,"Vol_res":0.0,"Vol_src":3,"Depth_avg":4.7,"Dis_avg":0.009,"Res_time":4593.2,"Elevation":4884,"Slope_100":2.96,"Wshd_area":18.4,"Pour_long":89.462121,"Pour_lat":35.895052,"source_id":"hydrolakes:1371053","label":""},"geometry":{"type":"Polygon","coordinates":[[[89.46636311849016,35.896640896267684],[89.46795193142424,35.89532118055581],[89.46927246093804,35.89545572916688],[89.47020073784785,35.894924316406446],[89.47249565972271,35.89694851345524],[89.47411404079935,35.89559895833355],[89.47349555121605,35.893952907986375],[89.47401936849013,35.893484971788496],[89.47594862196252,35.89580756293424],[89.47658827039987,35.895037706163464],[89.47648763020896,35.89404947916688],[89.47738416883749,35.892916666666906],[89.4762961154521,35.891541883680816],[89.47682047526104,35.89014621310787],[89.47675509982707,35.889506293402974],[89.47531467013943,35.88888156467033],[89.47416666666726,35.887222222222476],[89.47361273871593,35.88738471137191],[89.47204915364642,35.889267306857846],[89.47068169487903,35.88957058376752],[89.46845947265695,35.891237250434244],[89.467658691407,35.89220106336842],[89.46733968099034,35.8936393229169],[89.46545952691042,35.8927126736113],[89.46098497178889,35.8948014322919],[89.46193413628544,35.89612006293419],[89.46370551215352,35.89688829210087],[89.46459418402844,35.897957899305766],[89.46533148871589,35.897882758246794],[89.46636311849016,35.896640896267684]]]}},{"type":"Feature","id":"hydrolakes:1371068","properties":{"Hylak_id":1371068,"Lake_name":"","Country":"China","Continent":"Asia","Poly_src":"SWBD","Lake_type":1,"Grand_id":0,"Lake_area":0.34,"Shore_len":2.65,"Shore_dev":1.28,"Vol_total":1.19,"Vol_res":0.0,"Vol_src":3,"Depth_avg":3.5,"Dis_avg":0.0,"Res_time":-1.0,"Elevation":4971,"Slope_100":2.12,"Wshd_area":4.0,"Pour_long":87.790928,"Pour_lat":35.874518,"source_id":"hydrolakes:1371068","label":""},"geometry":{"type":"Polygon","coordinates":[[[87.79553548177131,35.87735405815988],[87.79722222222273,35.876121961805836],[87.79822970920213,35.87685791015656],[87.79945231119848,35.876139322916856],[87.79899631076444,35.8745418294273],[87.79798855251795,35.87404324001761],[87.79638888888951,35.874657931857826],[87.79413601345539,35.87391954210108],[87.7938888888894,35.87361111111136],[87.79334418402834,35.873820529514205],[87.79171169704921,35.873617350260645],[87.78987657335114,35.87459879557309],[87.78876627604222,35.874916178385604],[87.78793212890668,35.876224500868375],[87.79018364800402,35.87759195963565],[87.79126546224,35.87790120442736],[87.79245849609435,35.87860270182307],[87.79402750651116,35.8776803927953],[87.79553548177131,35.87735405815988]]]}},{"type":"Feature","id":"hydrolakes:1371076","properties":{"Hylak_id":1371076,"Lake_name":"","Country":"China","Continent":"Asia","Poly_src":"SWBD","Lake_type":1,"Grand_id":0,"Lake_area":0.43,"Shore_len":3.77,"Shore_dev":1.62,"Vol_total":1.67,"Vol_res":0.0,"Vol_src":3,"Depth_avg":3.9,"Dis_avg":0.002,"Res_time":9665.5,"Elevation":4991,"Slope_100":2.37,"Wshd_area":43.0,"Pour_long":85.449733,"Pour_lat":35.866997,"source_id":"hydrolakes:1371076","label":""},"geometry":{"type":"Polygon","coordinates":[[[85.45432227240696,35.86694715711832],[85.4542646280928,35.86598008897607],[85.45753733317082,35.86782606336834],[85.4595434909399,35.868254665798815],[85.46286505805159,35.868249240451576],[85.46374220106367,35.86699354383717],[85.46168365478559,35.865869683159985],[85.45892886691655,35.86535563151068],[85.45820146348785,35.864541558159885],[85.45506113688202,35.864728732639094],[85.45388888888914,35.863055555555775],[85.45218149821005,35.86323350694471],[85.45158708360509,35.864528537326635],[85.45042968750028,35.86533718533008],[85.44875779893698,35.865853407118436],[85.44901997884136,35.867091200086975],[85.45485083686015,35.869019911024566],[85.45515096028686,35.86847222222241],[85.45432227240696,35.86694715711832]]]}},{"type":"Feature","id":"hydrolakes:1371080","properties":{"Hylak_id":1371080,"Lake_name":"","Country":"China","Continent":"Asia","Poly_src":"SWBD","Lake_type":1,"Grand_id":0,"Lake_area":0.28,"Shore_len":2.15,"Shore_dev":1.14,"Vol_total":0.98,"Vol_res":0.0,"Vol_src":3,"Depth_avg":3.5,"Dis_avg":0.006,"Res_time":1895.6,"Elevation":5005,"Slope_100":2.2,"Wshd_area":10.3,"Pour_long":89.684802,"Pour_lat":35.859755,"source_id":"hydrolakes:1371080","label":""},"geometry":{"type":"Polygon","coordinates":[[[89.68513346354257,35.85736653645853],[89.68458224826463,35.856197916666986],[89.6836111111117,35.85527777777793],[89.6826334635424,35.85541124131964],[89.6818994140632,35.85654812283008],[89.68076605902854,35.85650309244812],[89.67958875868118,35.857573513455065],[89.68268446180628,35.861728244357835],[89.68364474826467,35.862077907986304],[89.68513726128532,35.861050889757166],[89.68726616753537,35.858888888889226],[89.6861311848964,35.85783718533003],[89.68513346354257,35.85736653645853]]]}},{"type":"Feature","id":"hydrolakes:1371086","properties":{"Hylak_id":1371086,"Lake_name":"","Country":"China","Continent":"Asia","Poly_src":"SWBD","Lake_type":1,"Grand_id":0,"Lake_area":0.26,"Shore_len":2.29,"Shore_dev":1.26,"Vol_total":1.15,"Vol_res":0.0,"Vol_src":3,"Depth_avg":4.4,"Dis_avg":0.0,"Res_time":-1.0,"Elevation":5106,"Slope_100":3.65,"Wshd_area":0.5,"Pour_long":89.982785,"Pour_lat":35.853693,"source_id":"hydrolakes:1371086","label":""},"geometry":{"type":"Polygon","coordinates":[[[89.99184516059091,35.85455295138905],[89.99178331163256,35.85351915147595],[89.98861111111177,35.85305555555573],[89.98578559027845,35.85358100043436],[89.98361111111183,35.852998589409935],[89.98173556857716,35.85350097656266],[89.98106011284796,35.8542564561634],[89.981618381077,35.85528320312517],[89.9854394531256,35.856567925347406],[89.98732747395894,35.856455349392604],[89.98874240451454,35.85568657769119],[89.99184516059091,35.85455295138905]]]}},{"type":"Feature","id":"hydrolakes:1371093","properties":{"Hylak_id":1371093,"Lake_name":"","Country":"China","Continent":"Asia","Poly_src":"SWBD","Lake_type":1,"Grand_id":0,"Lake_area":0.42,"Shore_len":2.57,"Shore_dev":1.12,"Vol_total":1.49,"Vol_res":0.0,"Vol_src":3,"Depth_avg":3.5,"Dis_avg":0.004,"Res_time":4322.6,"Elevation":4933,"Slope_100":2.0,"Wshd_area":8.5,"Pour_long":89.11197,"Pour_lat":35.846958,"source_id":"hydrolakes:1371093","label":""},"geometry":{"type":"Polygon","coordinates":[[[89.11541124132003,35.84319986979193],[89.11474962022629,35.842849392361416],[89.11266655816041,35.842932128906455],[89.11222222222295,35.84250000000026],[89.11152235243111,35.84263346354186],[89.1090332031257,35.84385525173627],[89.11181342230952,35.84794216579883],[89.11487603081656,35.85068901909739],[89.11625135633744,35.8493191189238],[89.11760118272622,35.84733778211836],[89.117673882379,35.84550726996548],[89.117127007379,35.84434841579878],[89.11541124132003,35.84319986979193]]]}},{"type":"Feature","id":"hydrolakes:1371099","properties":{"Hylak_id":1371099,"Lake_name":"","Country":"China","Continent":"Asia","Poly_src":"SWBD","Lake_type":1,"Grand_id":0,"Lake_area":0.38,"Shore_len":3.03,"Shore_dev":1.38,"Vol_total":1.58,"Vol_res":0.0,"Vol_src":3,"Depth_avg":4.1,"Dis_avg":0.001,"Res_time":18338.1,"Elevation":4933,"Slope_100":2.83,"Wshd_area":3.5,"Pour_long":89.034375,"Pour_lat":35.840551,"source_id":"hydrolakes:1371099","label":""},"geometry":{"type":"Polygon","coordinates":[[[89.0398204210075,35.843675401475934],[89.04222819010488,35.843150227864896],[89.04312337239634,35.843222113715456],[89.044850802952,35.8421402994793],[89.0445008680561,35.84129258897593],[89.04179524739635,35.84098253038212],[89.04002604166749,35.839995388455065],[89.03835177951453,35.839537217882196],[89.03637017144143,35.8396964518231],[89.03247938368116,35.83918728298636],[89.03222222222291,35.83888888888913],[89.03042697482704,35.83907199435782],[89.0308623589417,35.84089572482657],[89.03305230034789,35.84155517578148],[89.03561496310823,35.842920735677296],[89.03848253038251,35.84318413628506],[89.0398204210075,35.843675401475934]]]}},{"type":"Feature","id":"hydrolakes:1371101","properties":{"Hylak_id":1371101,"Lake_name":"","Country":"China","Continent":"Asia","Poly_src":"SWBD","Lake_type":1,"Grand_id":0,"Lake_area":0.16,"Shore_len":1.68,"Shore_dev":1.19,"Vol_total":0.47,"Vol_res":0.0,"Vol_src":3,"Depth_avg":3.0,"Dis_avg":0.008,"Res_time":681.6,"Elevation":4930,"Slope_100":1.88,"Wshd_area":17.7,"Pour_long":89.089887,"Pour_lat":35.840125,"source_id":"hydrolakes:1371101","label":""},"geometry":{"type":"Polygon","coordinates":[[[89.09437093099012,35.83936170789951],[89.09388888888947,35.838611111111334],[89.09186523437558,35.83894341362867],[89.09020670572988,35.83869845920162],[89.08901014540015,35.83916883680587],[89.08724066840341,35.83890733506979],[89.08740641276103,35.84002848307307],[89.08943956163262,35.84138047960096],[89.09057237413248,35.84184407552107],[89.09255181206657,35.84155164930581],[89.09387695312574,35.84056939019115],[89.09437093099012,35.83936170789951]]]}},{"type":"Feature","id":"hydrolakes:1371104","properties":{"Hylak_id":1371104,"Lake_name":"","Country":"China","Continent":"Asia","Poly_src":"SWBD","Lake_type":1,"Grand_id":0,"Lake_area":0.3,"Shore_len":2.49,"Shore_dev":1.28,"Vol_total":0.84,"Vol_res":0.0,"Vol_src":3,"Depth_avg":2.8,"Dis_avg":0.01,"Res_time":977.4,"Elevation":4928,"Slope_100":1.37,"Wshd_area":23.3,"Pour_long":89.078368,"Pour_lat":35.838856,"source_id":"hydrolakes:1371104","label":""},"geometry":{"type":"Polygon","coordinates":[[[89.08196099175399,35.83701877170154],[89.07946940104222,35.8356559244794],[89.07805555555609,35.834166666667045],[89.07697184244847,35.83497070312518],[89.07316297743108,35.835524902343934],[89.07237657335133,35.83615478515651],[89.07293565538254,35.83703396267384],[89.07367187500085,35.837125379774534],[89.07527289496585,35.83666829427102],[89.07654324001788,35.83817898220508],[89.07764160156313,35.8401220703127],[89.07869791666718,35.84025336371559],[89.08134819878529,35.839495713975964],[89.08243299696238,35.83813910590294],[89.08196099175399,35.83701877170154]]]}},{"type":"Feature","id":"hydrolakes:1371109","properties":{"Hylak_id":1371109,"Lake_name":"","Country":"China","Continent":"Asia","Poly_src":"SWBD","Lake_type":1,"Grand_id":0,"Lake_area":0.16,"Shore_len":1.7,"Shore_dev":1.2,"Vol_total":0.55,"Vol_res":0.0,"Vol_src":3,"Depth_avg":3.4,"Dis_avg":0.001,"Res_time":6322.0,"Elevation":4975,"Slope_100":2.51,"Wshd_area":0.9,"Pour_long":89.936762,"Pour_lat":35.833778,"source_id":"hydrolakes:1371109","label":""},"geometry":{"type":"Polygon","coordinates":[[[89.93984592013965,35.834290093316156],[89.94315863715343,35.83334337022592],[89.9432432725701,35.83266493055578],[89.94222222222282,35.83138888888914],[89.93628092447989,35.83234998914946],[89.93570963541742,35.83332166883707],[89.93646864149378,35.83436469184056],[89.93778103298672,35.83420138888914],[89.93868869357715,35.83473497178841],[89.93984592013965,35.834290093316156]]]}},{"type":"Feature","id":"hydrolakes:1371113","properties":{"Hylak_id":1371113,"Lake_name":"","Country":"China","Continent":"Asia","Poly_src":"SWBD","Lake_type":1,"Grand_id":0,"Lake_area":0.1,"Shore_len":1.36,"Shore_dev":1.23,"Vol_total":0.18,"Vol_res":0.0,"Vol_src":3,"Depth_avg":1.9,"Dis_avg":0.0,"Res_time":-1.0,"Elevation":5045,"Slope_100":0.83,"Wshd_area":9.7,"Pour_long":86.060417,"Pour_lat":35.830201,"source_id":"hydrolakes:1371113","label":""},"geometry":{"type":"Polygon","coordinates":[[[86.06256727430605,35.830042860243225],[86.06277777777825,35.82888888888925],[86.06092135959233,35.829078233507175],[86.0568158637156,35.8299989149308],[86.05712958441893,35.830859917534895],[86.05934393988764,35.83179253472241],[86.06256727430605,35.830042860243225]]]}},{"type":"Feature","id":"hydrolakes:1371120","properties":{"Hylak_id":1371120,"Lake_name":"","Country":"China","Continent":"Asia","Poly_src":"SWBD","Lake_type":1,"Grand_id":0,"Lake_area":0.12,"Shore_len":1.46,"Shore_dev":1.2,"Vol_total":0.4,"Vol_res":0.0,"Vol_src":3,"Depth_avg":3.4,"Dis_avg":0.001,"Res_time":4600.0,"Elevation":5020,"Slope_100":2.69,"Wshd_area":0.9,"Pour_long":89.790625,"Pour_lat":35.828492,"source_id":"hydrolakes:1371120","label":""},"geometry":{"type":"Polygon","coordinates":[[[89.79151258680633,35.82793212890647],[89.79138888888946,35.82777777777795],[89.78881401909786,35.82791151258715],[89.78737630208423,35.82851725260434],[89.78840549045208,35.82955078125019],[89.79054253472287,35.829861924913416],[89.7917865668411,35.830593261719],[89.79400119357717,35.829660101996694],[89.79410536024375,35.828819986979454],[89.79322536892437,35.828302680121794],[89.79151258680633,35.82793212890647]]]}},{"type":"Feature","id":"hydrolakes:1371125","properties":{"Hylak_id":1371125,"Lake_name":"","Country":"China","Continent":"Asia","Poly_src":"SWBD","Lake_type":1,"Grand_id":0,"Lake_area":0.29,"Shore_len":2.2,"Shore_dev":1.15,"Vol_total":0.62,"Vol_res":0.0,"Vol_src":3,"Depth_avg":2.1,"Dis_avg":0.0,"Res_time":-1.0,"Elevation":4965,"Slope_100":0.79,"Wshd_area":5.4,"Pour_long":85.346875,"Pour_lat":35.824067,"source_id":"hydrolakes:1371125","label":""},"geometry":{"type":"Polygon","coordinates":[[[85.34943332248287,35.823622233073195],[85.34888888888929,35.82305555555587],[85.34503378974102,35.82320665147586],[85.34444486829995,35.82502143012181],[85.34347500271303,35.825953233507164],[85.34500428941556,35.82763617621549],[85.34870866563614,35.8273456488717],[85.35124721950984,35.82624728732657],[85.35291388617657,35.825840928819616],[85.35258229573589,35.824644097222404],[85.34943332248287,35.823622233073195]]]}},{"type":"Feature","id":"hydrolakes:1371126","properties":{"Hylak_id":1371126,"Lake_name":"","Country":"China","Continent":"Asia","Poly_src":"SWBD","Lake_type":1,"Grand_id":0,"Lake_area":0.24,"Shore_len":2.06,"Shore_dev":1.18,"Vol_total":0.62,"Vol_res":0.0,"Vol_src":3,"Depth_avg":2.6,"Dis_avg":0.0,"Res_time":-1.0,"Elevation":4964,"Slope_100":1.23,"Wshd_area":0.9,"Pour_long":85.338499,"Pour_lat":35.823198,"source_id":"hydrolakes:1371126","label":""},"geometry":{"type":"Polygon","coordinates":[[[85.33607143825981,35.82623236762174],[85.33724180433524,35.82559624565988],[85.34040885077616,35.825785047743295],[85.34014670478001,35.82513102213562],[85.33959114922442,35.82463460286493],[85.34149663289412,35.823648274739924],[85.3402083672421,35.82238932291699],[85.33861111111156,35.821388888889146],[85.33489422268366,35.8216219075523],[85.3345911492247,35.82292453342029],[85.334035593669,35.82342095269115],[85.3342977396652,35.82431342230922],[85.33607143825981,35.82623236762174]]]}},{"type":"Feature","id":"hydrolakes:1371132","properties":{"Hylak_id":1371132,"Lake_name":"","Country":"China","Continent":"Asia","Poly_src":"SWBD","Lake_type":1,"Grand_id":0,"Lake_area":0.3,"Shore_len":2.28,"Shore_dev":1.18,"Vol_total":1.03,"Vol_res":0.0,"Vol_src":3,"Depth_avg":3.5,"Dis_avg":0.006,"Res_time":1993.3,"Elevation":4902,"Slope_100":2.15,"Wshd_area":12.2,"Pour_long":89.210203,"Pour_lat":35.820059,"source_id":"hydrolakes:1371132","label":""},"geometry":{"type":"Polygon","coordinates":[[[89.21001302083386,35.81922661675384],[89.20972222222281,35.81888888888909],[89.20705376519163,35.81911187065998],[89.20598253038258,35.81987141927101],[89.2042686631952,35.820132649739946],[89.20268934461859,35.82214925130228],[89.20256537543469,35.82369276258703],[89.20362548828183,35.824284396701614],[89.20427842882003,35.82433675130227],[89.20678873697995,35.82340711805574],[89.20864230685817,35.822372775607846],[89.21021837022636,35.822014973958574],[89.21207302517422,35.819848904080175],[89.21001302083386,35.81922661675384]]]}},{"type":"Feature","id":"hydrolakes:1371149","properties":{"Hylak_id":1371149,"Lake_name":"","Country":"China","Continent":"Asia","Poly_src":"SWBD","Lake_type":1,"Grand_id":0,"Lake_area":0.78,"Shore_len":4.15,"Shore_dev":1.32,"Vol_total":2.44,"Vol_res":0.0,"Vol_src":3,"Depth_avg":3.1,"Dis_avg":0.003,"Res_time":9397.0,"Elevation":4888,"Slope_100":1.26,"Wshd_area":76.1,"Pour_long":86.464583,"Pour_lat":35.801667,"source_id":"hydrolakes:1371149","label":""},"geometry":{"type":"Polygon","coordinates":[[[86.4715199110247,35.80346435546892],[86.47236897786502,35.802368977864774],[86.47263102213589,35.80160210503499],[86.4709643554691,35.79931342230918],[86.47047159830765,35.79823974609394],[86.46833333333365,35.79583333333352],[86.46660047743086,35.79598117404532],[86.46619439019133,35.79729682074668],[86.46532375759602,35.79889892578143],[86.46318657769137,35.79929768880231],[86.46225545247427,35.79994818793426],[86.45904351128507,35.798534342448136],[86.45764553493973,35.79903591579887],[86.45709120008718,35.800586480035065],[86.45920857747444,35.80247829861128],[86.46098741319497,35.803496093750255],[86.46189737955774,35.80348605685788],[86.46300645616373,35.804088541667],[86.46430460612032,35.803181966145985],[86.46523491753521,35.80368733723981],[86.46736897786508,35.80401991102451],[86.46907552083366,35.80547173394115],[86.47028930664112,35.805399305555795],[86.4715199110247,35.80346435546892]]]}},{"type":"Feature","id":"hydrolakes:1371158","properties":{"Hylak_id":1371158,"Lake_name":"","Country":"China","Continent":"Asia","Poly_src":"SWBD","Lake_type":1,"Grand_id":0,"Lake_area":0.14,"Shore_len":1.74,"Shore_dev":1.33,"Vol_total":0.36,"Vol_res":0.0,"Vol_src":3,"Depth_avg":2.7,"Dis_avg":0.0,"Res_time":-1.0,"Elevation":5072,"Slope_100":1.6,"Wshd_area":5.2,"Pour_long":86.058807,"Pour_lat":35.793114,"source_id":"hydrolakes:1371158","label":""},"geometry":{"type":"Polygon","coordinates":[[[86.0534669325092,35.79042209201424],[86.05181939019144,35.79048475477464],[86.05178968641525,35.79123345269113],[86.0585873074005,35.794096679687755],[86.05957804362032,35.7936292860245],[86.05913743760891,35.79244547526065],[86.05789611816436,35.791591254340574],[86.05569973415845,35.790689019097556],[86.0534669325092,35.79042209201424]]]}},{"type":"Feature","id":"hydrolakes:1371171","properties":{"Hylak_id":1371171,"Lake_name":"","Country":"China","Continent":"Asia","Poly_src":"SWBD","Lake_type":1,"Grand_id":0,"Lake_area":0.4,"Shore_len":2.49,"Shore_dev":1.12,"Vol_total":1.32,"Vol_res":0.0,"Vol_src":3,"Depth_avg":3.3,"Dis_avg":0.009,"Res_time":1694.7,"Elevation":4976,"Slope_100":1.79,"Wshd_area":16.7,"Pour_long":89.190783,"Pour_lat":35.778436,"source_id":"hydrolakes:1371171","label":""},"geometry":{"type":"Polygon","coordinates":[[[89.19616970486186,35.77796576605925],[89.19500000000073,35.77638888888913],[89.1939813910596,35.77703694661483],[89.19274224175422,35.77739122178849],[89.19196804470545,35.77729492187524],[89.18831787109428,35.77856092664962],[89.18793212890677,35.77981608072946],[89.18885715060833,35.78108262803835],[89.18885416666723,35.78333740234399],[89.19399414062553,35.78269531250015],[89.1956098090285,35.78133707682309],[89.19629231770892,35.77895046658011],[89.19616970486186,35.77796576605925]]]}},{"type":"Feature","id":"hydrolakes:1371173","properties":{"Hylak_id":1371173,"Lake_name":"","Country":"China","Continent":"Asia","Poly_src":"SWBD","Lake_type":1,"Grand_id":0,"Lake_area":0.11,"Shore_len":1.53,"Shore_dev":1.28,"Vol_total":0.48,"Vol_res":0.0,"Vol_src":3,"Depth_avg":4.2,"Dis_avg":0.0,"Res_time":-1.0,"Elevation":5146,"Slope_100":4.36,"Wshd_area":0.2,"Pour_long":86.33204,"Pour_lat":35.776298,"source_id":"hydrolakes:1371173","label":""},"geometry":{"type":"Polygon","coordinates":[[[86.33055243598142,35.77312093098982],[86.33027777777812,35.77277777777795],[86.32904310438397,35.77299262152803],[86.32933634440155,35.77423963758696],[86.33114189995706,35.77649712456616],[86.3315770128043,35.77752983940991],[86.33306193033883,35.77810058593769],[86.33367418077296,35.777058919270985],[86.33318657769155,35.77590169270849],[86.33220147026952,35.77428005642378],[86.33055243598142,35.77312093098982]]]}},{"type":"Feature","id":"hydrolakes:1371178","properties":{"Hylak_id":1371178,"Lake_name":"","Country":"China","Continent":"Asia","Poly_src":"SWBD","Lake_type":1,"Grand_id":0,"Lake_area":0.17,"Shore_len":1.7,"Shore_dev":1.16,"Vol_total":0.55,"Vol_res":0.0,"Vol_src":3,"Depth_avg":3.2,"Dis_avg":0.001,"Res_time":6421.9,"Elevation":5083,"Slope_100":2.16,"Wshd_area":33.3,"Pour_long":86.006908,"Pour_lat":35.772223,"source_id":"hydrolakes:1371178","label":""},"geometry":{"type":"Polygon","coordinates":[[[86.00849466959664,35.7701163736981],[86.00833333333384,35.76916666666688],[86.00734320746557,35.769287651909906],[86.00709757487033,35.76960584852452],[86.00654201931451,35.76952392578147],[86.00626424153688,35.76988362630226],[86.00477023654565,35.76966308593768],[86.00497056749163,35.77101860894123],[86.00547173394136,35.77184950086831],[86.00536159939264,35.77259494357662],[86.00579305013053,35.77331027560774],[86.0074034966367,35.773969455295344],[86.00953382704023,35.77365478515645],[86.01016872829888,35.772359212239735],[86.00849466959664,35.7701163736981]]]}},{"type":"Feature","id":"hydrolakes:1371181","properties":{"Hylak_id":1371181,"Lake_name":"","Country":"China","Continent":"Asia","Poly_src":"SWBD","Lake_type":1,"Grand_id":0,"Lake_area":0.18,"Shore_len":2.85,"Shore_dev":1.92,"Vol_total":0.78,"Vol_res":0.0,"Vol_src":3,"Depth_avg":4.4,"Dis_avg":0.001,"Res_time":8999.0,"Elevation":5124,"Slope_100":4.17,"Wshd_area":12.7,"Pour_long":86.31206,"Pour_lat":35.770308,"source_id":"hydrolakes:1371181","label":""},"geometry":{"type":"Polygon","coordinates":[[[86.31741916232681,35.77330213758711],[86.31709337022625,35.77151584201414],[86.31591349283917,35.77161051432324],[86.31357259114645,35.77032226562517],[86.31305555555605,35.76972222222258],[86.31074069552994,35.76986436631961],[86.31123969184085,35.770982530382184],[86.3132119411897,35.7723931206599],[86.31427856445362,35.77230740017376],[86.3146587456601,35.772748752170344],[86.31716118706646,35.77369845920157],[86.3182093641496,35.775970052083494],[86.31764919704915,35.77749538845518],[86.31805948893265,35.778184136285006],[86.31956814236145,35.777359483507155],[86.31994004991355,35.776692979600966],[86.31854370117225,35.7742708333335],[86.31741916232681,35.77330213758711]]]}},{"type":"Feature","id":"hydrolakes:1371185","properties":{"Hylak_id":1371185,"Lake_name":"","Country":"China","Continent":"Asia","Poly_src":"SWBD","Lake_type":1,"Grand_id":0,"Lake_area":0.22,"Shore_len":1.97,"Shore_dev":1.17,"Vol_total":1.19,"Vol_res":0.0,"Vol_src":3,"Depth_avg":5.3,"Dis_avg":0.001,"Res_time":13728.0,"Elevation":5122,"Slope_100":5.69,"Wshd_area":15.2,"Pour_long":86.303648,"Pour_lat":35.766081,"source_id":"hydrolakes:1371185","label":""},"geometry":{"type":"Polygon","coordinates":[[[86.31039632161514,35.76923041449675],[86.3104682074657,35.768024088541836],[86.30890082465328,35.76626980251757],[86.30722222222266,35.765000000000214],[86.30411946614629,35.765194498698065],[86.30209120008726,35.76648437500023],[86.30291992187534,35.76752441406285],[86.30488077799515,35.7686933051217],[86.30875637478346,35.76864203559052],[86.31039632161514,35.76923041449675]]]}},{"type":"Feature","id":"hydrolakes:1371213","properties":{"Hylak_id":1371213,"Lake_name":"","Country":"China","Continent":"Asia","Poly_src":"SWBD","Lake_type":1,"Grand_id":0,"Lake_area":0.14,"Shore_len":1.85,"Shore_dev":1.42,"Vol_total":0.24,"Vol_res":0.0,"Vol_src":3,"Depth_avg":1.8,"Dis_avg":0.017,"Res_time":165.3,"Elevation":4961,"Slope_100":0.69,"Wshd_area":334.1,"Pour_long":85.259375,"Pour_lat":35.736827,"source_id":"hydrolakes:1371213","label":""},"geometry":{"type":"Polygon","coordinates":[[[85.26368181016738,35.738326009114814],[85.2637876213924,35.73747531467035],[85.2623917643233,35.73635742187514],[85.26234227498395,35.73595974392396],[85.26284764607806,35.73555501302104],[85.26296101888056,35.734643283420326],[85.26277777777801,35.73416666666691],[85.2623457505972,35.73429009331613],[85.26139241536481,35.73597629123287],[85.2582224358456,35.736255154080084],[85.25737647162578,35.73693277994818],[85.25791429307765,35.737898763021064],[85.26065916273365,35.73828531901057],[85.26153778076207,35.73817599826407],[85.2624882507327,35.73873453776076],[85.26368181016738,35.738326009114814]]]}},{"type":"Feature","id":"hydrolakes:1371256","properties":{"Hylak_id":1371256,"Lake_name":"","Country":"China","Continent":"Asia","Poly_src":"SWBD","Lake_type":1,"Grand_id":0,"Lake_area":0.23,"Shore_len":1.97,"Shore_dev":1.17,"Vol_total":0.57,"Vol_res":0.0,"Vol_src":3,"Depth_avg":2.5,"Dis_avg":0.0,"Res_time":-1.0,"Elevation":5261,"Slope_100":1.19,"Wshd_area":6.3,"Pour_long":85.790791,"Pour_lat":35.693166,"source_id":"hydrolakes:1371256","label":""},"geometry":{"type":"Polygon","coordinates":[[[85.7904012722442,35.68820990668422],[85.79027777777821,35.68805555555582],[85.78943840874604,35.68820149739605],[85.78765428331195,35.69043240017396],[85.788519558377,35.69252522786479],[85.78973605685786,35.69404432508696],[85.79107686360709,35.694832628038455],[85.79312127007398,35.69359076605923],[85.79384663899765,35.69191053602452],[85.7905801730688,35.68964762369808],[85.7904012722442,35.68820990668422]]]}},{"type":"Feature","id":"hydrolakes:1371257","properties":{"Hylak_id":1371257,"Lake_name":"","Country":"China","Continent":"Asia","Poly_src":"SWBD","Lake_type":1,"Grand_id":0,"Lake_area":0.16,"Shore_len":1.7,"Shore_dev":1.19,"Vol_total":0.66,"Vol_res":0.0,"Vol_src":3,"Depth_avg":4.1,"Dis_avg":0.028,"Res_time":273.0,"Elevation":5017,"Slope_100":3.67,"Wshd_area":197.3,"Pour_long":88.932292,"Pour_lat":35.69236,"source_id":"hydrolakes:1371257","label":""},"geometry":{"type":"Polygon","coordinates":[[[88.92967041015697,35.693227810330086],[88.93069444444501,35.69261013454877],[88.93163330078181,35.6931765407989],[88.9334214952263,35.692843967014085],[88.93352484809083,35.692143825955156],[88.93215793185834,35.69146972656284],[88.93134847005268,35.690421278212],[88.92944444444527,35.68972222222243],[88.92660536024363,35.690198025173856],[88.92706759982707,35.692389322916995],[88.92967041015697,35.693227810330086]]]}},{"type":"Feature","id":"hydrolakes:1371277","properties":{"Hylak_id":1371277,"Lake_name":"","Country":"China","Continent":"Asia","Poly_src":"SWBD","Lake_type":1,"Grand_id":0,"Lake_area":0.92,"Shore_len":4.9,"Shore_dev":1.44,"Vol_total":2.32,"Vol_res":0.0,"Vol_src":3,"Depth_avg":2.5,"Dis_avg":0.002,"Res_time":13421.7,"Elevation":4841,"Slope_100":0.77,"Wshd_area":35.4,"Pour_long":87.03447,"Pour_lat":35.672599,"source_id":"hydrolakes:1371277","label":""},"geometry":{"type":"Polygon","coordinates":[[[87.02373969184077,35.67818413628487],[87.02580512152826,35.677807345920314],[87.0266981336809,35.67830566406275],[87.02966457790836,35.67604193793426],[87.032468804254,35.675405002170294],[87.03432237413233,35.6743706597224],[87.03589952256993,35.6738959418405],[87.03534030490505,35.671852213541854],[87.03732503255247,35.66979139539961],[87.03444444444489,35.66805555555584],[87.03292236328173,35.668483886719],[87.03155476888065,35.66837402343782],[87.03033664279565,35.669787868923834],[87.02949137369842,35.67016493055576],[87.02827107747436,35.670067003038355],[87.02590304904555,35.67130479600729],[87.02397311740503,35.67548583984399],[87.02235866970534,35.676206325955036],[87.0200519477001,35.674919433593914],[87.0182241482209,35.677837456597445],[87.01975775824695,35.67915879991335],[87.02181830512194,35.678993326823104],[87.02373969184077,35.67818413628487]]]}},{"type":"Feature","id":"hydrolakes:1371279","properties":{"Hylak_id":1371279,"Lake_name":"","Country":"China","Continent":"Asia","Poly_src":"SWBD","Lake_type":1,"Grand_id":0,"Lake_area":0.28,"Shore_len":2.63,"Shore_dev":1.41,"Vol_total":1.15,"Vol_res":0.0,"Vol_src":3,"Depth_avg":4.1,"Dis_avg":0.0,"Res_time":-1.0,"Elevation":5083,"Slope_100":3.17,"Wshd_area":7.7,"Pour_long":85.929693,"Pour_lat":35.671453,"source_id":"hydrolakes:1371279","label":""},"geometry":{"type":"Polygon","coordinates":[[[85.92168307834243,35.67284803602445],[85.92269944932758,35.67166829427106],[85.92420450846407,35.67250813802099],[85.92634589301241,35.672680121528],[85.92911071777382,35.67236300998286],[85.93123467339439,35.671301540798765],[85.93130215115053,35.67046196831615],[85.9306322564023,35.67008816189252],[85.92894287109408,35.670223795573065],[85.92583333333363,35.66944444444459],[85.92344428168434,35.66985297309043],[85.92025709364185,35.670812717014144],[85.91903808593776,35.67201687283],[85.91988430447088,35.67318413628493],[85.92168307834243,35.67284803602445]]]}},{"type":"Feature","id":"hydrolakes:1371283","properties":{"Hylak_id":1371283,"Lake_name":"","Country":"China","Continent":"Asia","Poly_src":"SWBD","Lake_type":1,"Grand_id":0,"Lake_area":0.34,"Shore_len":3.1,"Shore_dev":1.51,"Vol_total":0.74,"Vol_res":0.0,"Vol_src":3,"Depth_avg":2.2,"Dis_avg":0.001,"Res_time":8515.3,"Elevation":5083,"Slope_100":0.8,"Wshd_area":13.3,"Pour_long":85.942606,"Pour_lat":35.667685,"source_id":"hydrolakes:1371283","label":""},"geometry":{"type":"Polygon","coordinates":[[[85.94277208116347,35.66899712456615],[85.94332288954035,35.667167697482796],[85.94539184570351,35.66669759114603],[85.94557861328161,35.66437364366334],[85.94361111111147,35.66388888888906],[85.94290635850729,35.664017469618216],[85.9396843804256,35.665873480902974],[85.9345473904084,35.66726806640645],[85.9332097710506,35.66786512586822],[85.93311130099852,35.66909016927099],[85.9347222222226,35.66896077473979],[85.9380657958987,35.66922960069462],[85.9384840223529,35.668479817708544],[85.93843987358974,35.66793050130224],[85.93969523112025,35.66782958984402],[85.94188008626344,35.66929524739601],[85.94277208116347,35.66899712456615]]]}},{"type":"Feature","id":"hydrolakes:1371284","properties":{"Hylak_id":1371284,"Lake_name":"","Country":"China","Continent":"Asia","Poly_src":"SWBD","Lake_type":1,"Grand_id":0,"Lake_area":0.41,"Shore_len":3.32,"Shore_dev":1.46,"Vol_total":1.73,"Vol_res":0.0,"Vol_src":3,"Depth_avg":4.2,"Dis_avg":0.002,"Res_time":10003.2,"Elevation":4848,"Slope_100":2.92,"Wshd_area":25.8,"Pour_long":87.345025,"Pour_lat":35.667719,"source_id":"hydrolakes:1371284","label":""},"geometry":{"type":"Polygon","coordinates":[[[87.34932101779566,35.668765462239946],[87.35026611328163,35.66820990668424],[87.3543210177956,35.6684567599828],[87.35528157552125,35.669158528645994],[87.3570987955735,35.668765462239946],[87.35767740885461,35.66842529296889],[87.35841308593808,35.668516710069696],[87.35917588975741,35.66747260199685],[87.35817979600745,35.66688693576407],[87.35484863281306,35.666096191406496],[87.3522946506082,35.66641384548626],[87.34925103081633,35.66588406033003],[87.34750000000065,35.664722222222395],[87.34623453776084,35.664845648871676],[87.34543212890685,35.6654321289065],[87.3440757921012,35.665725368923745],[87.34388590494848,35.66725070529532],[87.34429036458374,35.66821017795161],[87.34587022569491,35.66947374131962],[87.34932101779566,35.668765462239946]]]}},{"type":"Feature","id":"hydrolakes:1371289","properties":{"Hylak_id":1371289,"Lake_name":"","Country":"China","Continent":"Asia","Poly_src":"SWBD","Lake_type":1,"Grand_id":0,"Lake_area":0.31,"Shore_len":2.15,"Shore_dev":1.08,"Vol_total":0.85,"Vol_res":0.0,"Vol_src":3,"Depth_avg":2.7,"Dis_avg":0.002,"Res_time":4903.0,"Elevation":5111,"Slope_100":1.26,"Wshd_area":9.6,"Pour_long":88.119792,"Pour_lat":35.663266,"source_id":"hydrolakes:1371289","label":""},"geometry":{"type":"Polygon","coordinates":[[[88.12236273871588,35.66122829861132],[88.11931043836859,35.65874430338562],[88.11797851562562,35.65879720052101],[88.11750000000063,35.65833333333353],[88.11650580512219,35.658523220486245],[88.11574218750059,35.659230685764044],[88.11458875868101,35.66174967447927],[88.11496446397615,35.662617187500246],[88.11681098090344,35.66291124131965],[88.11840549045183,35.66400851779531],[88.11963650173664,35.6640573459203],[88.12196153428886,35.663687065972454],[88.12263346354217,35.66241699218767],[88.12236273871588,35.66122829861132]]]}},{"type":"Feature","id":"hydrolakes:1371292","properties":{"Hylak_id":1371292,"Lake_name":"","Country":"China","Continent":"Asia","Poly_src":"SWBD","Lake_type":1,"Grand_id":0,"Lake_area":0.63,"Shore_len":3.13,"Shore_dev":1.12,"Vol_total":2.31,"Vol_res":0.0,"Vol_src":3,"Depth_avg":3.7,"Dis_avg":0.003,"Res_time":8927.8,"Elevation":5105,"Slope_100":1.93,"Wshd_area":18.1,"Pour_long":88.054043,"Pour_lat":35.654007,"source_id":"hydrolakes:1371292","label":""},"geometry":{"type":"Polygon","coordinates":[[[88.05623453776087,35.659807128906436],[88.05791666666715,35.65918945312524],[88.05917073567758,35.6596500651043],[88.06026340060811,35.65956217447939],[88.06135904947973,35.65895073784736],[88.06213189019161,35.657218967014046],[88.06175320095537,35.65301459418424],[88.06016981336853,35.65165066189252],[88.05916666666718,35.65111111111128],[88.05817789713586,35.65132676866341],[88.05654513888953,35.65119547526075],[88.05587782118118,35.65226074218771],[88.05393066406293,35.65393825954885],[88.05313964843793,35.656041395399484],[88.05149197048678,35.656776801215415],[88.05155164930608,35.65751925998285],[88.05441297743118,35.65838053385431],[88.05623453776087,35.659807128906436]]]}},{"type":"Feature","id":"hydrolakes:1371300","properties":{"Hylak_id":1371300,"Lake_name":"","Country":"China","Continent":"Asia","Poly_src":"SWBD","Lake_type":1,"Grand_id":0,"Lake_area":0.2,"Shore_len":2.06,"Shore_dev":1.3,"Vol_total":0.63,"Vol_res":0.0,"Vol_src":3,"Depth_avg":3.2,"Dis_avg":0.002,"Res_time":3631.1,"Elevation":5012,"Slope_100":2.02,"Wshd_area":29.3,"Pour_long":86.151618,"Pour_lat":35.647116,"source_id":"hydrolakes:1371300","label":""},"geometry":{"type":"Polygon","coordinates":[[[86.14555304633274,35.6499283854169],[86.14869405110721,35.649890136718966],[86.14908142089877,35.64955647786479],[86.14897325303878,35.648209906684144],[86.15127773708815,35.648611924913496],[86.15317843967057,35.64742160373288],[86.15323554145016,35.6467106119793],[86.15190592447959,35.64587782118082],[86.15138888888936,35.645277777778006],[86.14877841525634,35.64596733940988],[86.14514919704897,35.649007161458485],[86.14555304633274,35.6499283854169]]]}},{"type":"Feature","id":"hydrolakes:1371301","properties":{"Hylak_id":1371301,"Lake_name":"","Country":"China","Continent":"Asia","Poly_src":"SWBD","Lake_type":1,"Grand_id":0,"Lake_area":0.28,"Shore_len":2.49,"Shore_dev":1.33,"Vol_total":0.65,"Vol_res":0.0,"Vol_src":3,"Depth_avg":2.3,"Dis_avg":0.002,"Res_time":3740.1,"Elevation":4973,"Slope_100":0.97,"Wshd_area":29.5,"Pour_long":86.42601,"Pour_lat":35.647129,"source_id":"hydrolakes:1371301","label":""},"geometry":{"type":"Polygon","coordinates":[[[86.4251335991757,35.641533203125334],[86.42500000000052,35.641388888889196],[86.42422295464445,35.64163492838571],[86.4235949707035,35.64221679687523],[86.42403415256109,35.64347005208356],[86.42348497178858,35.64715332031267],[86.42418280707511,35.64847222222238],[86.42334174262203,35.6500618489585],[86.42438408745704,35.65061333550375],[86.42550971137183,35.64887017144122],[86.42703748914994,35.647454698351055],[86.42796074761327,35.64520697699669],[86.42757175021745,35.64447184244824],[86.4276654730906,35.64210557725727],[86.42708862304733,35.64180013020865],[86.4251335991757,35.641533203125334]]]}},{"type":"Feature","id":"hydrolakes:1371314","properties":{"Hylak_id":1371314,"Lake_name":"","Country":"China","Continent":"Asia","Poly_src":"SWBD","Lake_type":1,"Grand_id":0,"Lake_area":0.8,"Shore_len":4.68,"Shore_dev":1.48,"Vol_total":3.16,"Vol_res":0.0,"Vol_src":3,"Depth_avg":4.0,"Dis_avg":0.007,"Res_time":5219.9,"Elevation":5097,"Slope_100":2.07,"Wshd_area":31.8,"Pour_long":88.163542,"Pour_lat":35.636344,"source_id":"hydrolakes:1371314","label":""},"geometry":{"type":"Polygon","coordinates":[[[88.1699145507817,35.64532036675365],[88.17159315321231,35.644033203125275],[88.1722854275178,35.64440646701405],[88.1727596028652,35.64541124131961],[88.1740190972227,35.644942491319796],[88.17403347439301,35.644578993055745],[88.17303575303879,35.641389431423875],[88.16941650390669,35.63748345269113],[88.16698377821234,35.6370597330731],[88.16575466579923,35.63710856119815],[88.16347764757006,35.63513346354182],[88.16205322265682,35.63486165364617],[88.16166666666732,35.63444444444468],[88.15958875868114,35.6346256510418],[88.15991400824697,35.63593424479188],[88.16140760633743,35.63689860026062],[88.16461344401091,35.64007486979182],[88.16455674913254,35.64150227864599],[88.16542453342095,35.64276312934044],[88.16699544270898,35.647907714843996],[88.16894314236174,35.647984754774484],[88.16958468967073,35.64739040798639],[88.1699145507817,35.64532036675365]]]}},{"type":"Feature","id":"hydrolakes:1371317","properties":{"Hylak_id":1371317,"Lake_name":"","Country":"China","Continent":"Asia","Poly_src":"SWBD","Lake_type":1,"Grand_id":0,"Lake_area":0.29,"Shore_len":2.75,"Shore_dev":1.43,"Vol_total":0.98,"Vol_res":0.0,"Vol_src":3,"Depth_avg":3.3,"Dis_avg":0.002,"Res_time":5645.2,"Elevation":4901,"Slope_100":1.96,"Wshd_area":38.4,"Pour_long":86.881238,"Pour_lat":35.634856,"source_id":"hydrolakes:1371317","label":""},"geometry":{"type":"Polygon","coordinates":[[[86.87370686848993,35.63647732204879],[86.87529554579027,35.6355908203127],[86.87638888888938,35.63636610243083],[86.88113945855082,35.63588161892392],[86.88275811089466,35.63539415147585],[86.88331000434067,35.63440511067722],[86.88223592122432,35.63364366319473],[86.879972601997,35.63413709852455],[86.87790635850735,35.633760308159935],[86.8763567437071,35.6331076388891],[86.87493693033895,35.63322184244805],[86.87333333333373,35.63222222222237],[86.87256293402817,35.632666286892515],[86.87265068901951,35.63375840928836],[86.87156032986161,35.63515082465301],[86.87147555881114,35.636204698350866],[86.87253390842051,35.63679524739598],[86.87370686848993,35.63647732204879]]]}},{"type":"Feature","id":"hydrolakes:1371324","properties":{"Hylak_id":1371324,"Lake_name":"","Country":"China","Continent":"Asia","Poly_src":"SWBD","Lake_type":1,"Grand_id":0,"Lake_area":0.11,"Shore_len":1.68,"Shore_dev":1.42,"Vol_total":0.54,"Vol_res":0.0,"Vol_src":3,"Depth_avg":4.9,"Dis_avg":0.005,"Res_time":1247.8,"Elevation":5120,"Slope_100":5.99,"Wshd_area":14.7,"Pour_long":88.386885,"Pour_lat":35.628676,"source_id":"hydrolakes:1371324","label":""},"geometry":{"type":"Polygon","coordinates":[[[88.38878417968817,35.62879177517385],[88.38833333333383,35.62805555555582],[88.38626491970547,35.62823567708347],[88.38622097439304,35.629342719184194],[88.38974555121592,35.63314670138908],[88.39123670790002,35.63366943359409],[88.39125949435817,35.63309705946216],[88.389300130209,35.630422092014044],[88.38878417968817,35.62879177517385]]]}},{"type":"Feature","id":"hydrolakes:1371326","properties":{"Hylak_id":1371326,"Lake_name":"","Country":"China","Continent":"Asia","Poly_src":"SWBD","Lake_type":1,"Grand_id":0,"Lake_area":0.17,"Shore_len":1.78,"Shore_dev":1.22,"Vol_total":0.45,"Vol_res":0.0,"Vol_src":3,"Depth_avg":2.7,"Dis_avg":0.001,"Res_time":5178.3,"Elevation":5050,"Slope_100":1.48,"Wshd_area":11.2,"Pour_long":86.033196,"Pour_lat":35.627065,"source_id":"hydrolakes:1371326","label":""},"geometry":{"type":"Polygon","coordinates":[[[86.04040127224437,35.62845160590297],[86.03931104872026,35.62694932725725],[86.03760111490931,35.62533501519118],[86.03637329101599,35.625487738715435],[86.03555555555602,35.624722222222374],[86.03368143717483,35.625657823350934],[86.03293206108975,35.626932779948106],[86.03322970920175,35.627802191840544],[86.03436564127634,35.62823893229182],[86.03750000000048,35.62809082031271],[86.04040127224437,35.62845160590297]]]}},{"type":"Feature","id":"hydrolakes:1371335","properties":{"Hylak_id":1371335,"Lake_name":"","Country":"China","Continent":"Asia","Poly_src":"SWBD","Lake_type":1,"Grand_id":0,"Lake_area":0.13,"Shore_len":1.67,"Shore_dev":1.29,"Vol_total":0.37,"Vol_res":0.0,"Vol_src":3,"Depth_avg":2.8,"Dis_avg":0.0,"Res_time":-1.0,"Elevation":5264,"Slope_100":1.73,"Wshd_area":2.4,"Pour_long":85.829862,"Pour_lat":35.621726,"source_id":"hydrolakes:1371335","label":""},"geometry":{"type":"Polygon","coordinates":[[[85.83194919162366,35.622886013455],[85.83148722330753,35.6208924696183],[85.82962592230928,35.62037407769134],[85.8294444444449,35.61972222222238],[85.82817654079906,35.61984320746552],[85.82640034993528,35.6205414496531],[85.82515801323825,35.62035780164956],[85.82487901475741,35.620665961371685],[85.8272317843971,35.622441677517656],[85.8281506347659,35.62230604383711],[85.82890313042572,35.62275987413216],[85.83000000000038,35.62259792751769],[85.83194919162366,35.622886013455]]]}},{"type":"Feature","id":"hydrolakes:1371345","properties":{"Hylak_id":1371345,"Lake_name":"","Country":"China","Continent":"Asia","Poly_src":"SWBD","Lake_type":1,"Grand_id":0,"Lake_area":0.25,"Shore_len":2.66,"Shore_dev":1.49,"Vol_total":0.71,"Vol_res":0.0,"Vol_src":3,"Depth_avg":2.8,"Dis_avg":0.002,"Res_time":4088.1,"Elevation":4952,"Slope_100":1.42,"Wshd_area":39.5,"Pour_long":86.740564,"Pour_lat":35.612979,"source_id":"hydrolakes:1371345","label":""},"geometry":{"type":"Polygon","coordinates":[[[86.73736897786495,35.61320231119811],[86.73829318576423,35.61269992404527],[86.74141723632863,35.61374213324683],[86.74158569335987,35.61297363281267],[86.74053751627662,35.61162082248279],[86.74247938368097,35.61002766927112],[86.74513102213581,35.60881049262167],[86.74444444444481,35.60805555555572],[86.74310329861157,35.608195258246724],[86.73950195312545,35.60931803385432],[86.73545383029551,35.6111759440106],[86.7349222819015,35.61265760633694],[86.73588623046913,35.613736707899534],[86.73736897786495,35.61320231119811]]]}},{"type":"Feature","id":"hydrolakes:1371346","properties":{"Hylak_id":1371346,"Lake_name":"","Country":"China","Continent":"Asia","Poly_src":"SWBD","Lake_type":1,"Grand_id":0,"Lake_area":0.21,"Shore_len":2.38,"Shore_dev":1.47,"Vol_total":0.8,"Vol_res":0.0,"Vol_src":3,"Depth_avg":3.8,"Dis_avg":0.004,"Res_time":2313.4,"Elevation":4960,"Slope_100":2.96,"Wshd_area":11.5,"Pour_long":88.583053,"Pour_lat":35.61269,"source_id":"hydrolakes:1371346","label":""},"geometry":{"type":"Polygon","coordinates":[[[88.58831705729216,35.61266248914944],[88.58893581814283,35.61261284722241],[88.59013129340332,35.61320610894114],[88.59202609592063,35.613267957899495],[88.5924848090284,35.61244628906263],[88.59039822048663,35.6112820095488],[88.5837760416673,35.61137071397593],[88.58277777777829,35.61083333333363],[88.58182725694508,35.611119520399484],[88.58175645616376,35.61199924045167],[88.58579888237932,35.614745551215435],[88.58831705729216,35.61266248914944]]]}},{"type":"Feature","id":"hydrolakes:1371348","properties":{"Hylak_id":1371348,"Lake_name":"","Country":"China","Continent":"Asia","Poly_src":"SWBD","Lake_type":1,"Grand_id":0,"Lake_area":0.34,"Shore_len":3.05,"Shore_dev":1.48,"Vol_total":1.1,"Vol_res":0.0,"Vol_src":3,"Depth_avg":3.3,"Dis_avg":0.007,"Res_time":1823.0,"Elevation":4944,"Slope_100":1.82,"Wshd_area":80.2,"Pour_long":87.775239,"Pour_lat":35.612394,"source_id":"hydrolakes:1371348","label":""},"geometry":{"type":"Polygon","coordinates":[[[87.77066786024363,35.615700954861325],[87.77126356336845,35.615677354600905],[87.77338568793454,35.6168001302085],[87.77527696397618,35.61493489583347],[87.77726264105956,35.613767361111286],[87.7752669270838,35.6122368706599],[87.77309326171928,35.6126519097225],[87.77110351562555,35.613704969618254],[87.77067843967063,35.61290174696211],[87.77072102864645,35.6118296983509],[87.7700000000005,35.61083333333363],[87.76930013020882,35.61096679687523],[87.76814697265695,35.61185139973975],[87.76653754340322,35.612610948351005],[87.76821072048659,35.614590928819666],[87.76817843967069,35.61540174696199],[87.76900526258737,35.61763346354195],[87.76996283637203,35.617195095486295],[87.77066786024363,35.615700954861325]]]}},{"type":"Feature","id":"hydrolakes:1371357","properties":{"Hylak_id":1371357,"Lake_name":"","Country":"China","Continent":"Asia","Poly_src":"SWBD","Lake_type":1,"Grand_id":0,"Lake_area":0.29,"Shore_len":2.25,"Shore_dev":1.19,"Vol_total":1.01,"Vol_res":0.0,"Vol_src":3,"Depth_avg":3.5,"Dis_avg":0.003,"Res_time":3880.6,"Elevation":4914,"Slope_100":2.21,"Wshd_area":54.7,"Pour_long":87.701042,"Pour_lat":35.603531,"source_id":"hydrolakes:1371357","label":""},"geometry":{"type":"Polygon","coordinates":[[[87.70418538411525,35.60649414062516],[87.70574300130284,35.60594807942732],[87.70567898220526,35.60433376736137],[87.70500000000044,35.60277777777793],[87.69914794921931,35.602950303819625],[87.69617702908027,35.60394205729182],[87.69569986979212,35.60475585937513],[87.69755588107688,35.60563178168428],[87.70027587890684,35.606305067274604],[87.702308756511,35.606224500868336],[87.70319010416716,35.606533474392506],[87.70418538411525,35.60649414062516]]]}},{"type":"Feature","id":"hydrolakes:1371358","properties":{"Hylak_id":1371358,"Lake_name":"","Country":"China","Continent":"Asia","Poly_src":"SWBD","Lake_type":1,"Grand_id":0,"Lake_area":0.27,"Shore_len":2.33,"Shore_dev":1.26,"Vol_total":1.25,"Vol_res":0.0,"Vol_src":3,"Depth_avg":4.6,"Dis_avg":0.001,"Res_time":14477.5,"Elevation":5124,"Slope_100":3.88,"Wshd_area":4.4,"Pour_long":88.169792,"Pour_lat":35.603604,"source_id":"hydrolakes:1371358","label":""},"geometry":{"type":"Polygon","coordinates":[[[88.17490993923673,35.607106662326544],[88.17345675998342,35.605432128906386],[88.17318142361171,35.60446858723981],[88.1705634223095,35.60320746527799],[88.16871826171939,35.602808430989796],[88.16777777777821,35.601944444444655],[88.1662868923616,35.60220377604185],[88.16604899088594,35.604117024739764],[88.16840115017408,35.60599826388915],[88.16924750434089,35.60589301215299],[88.17095675998326,35.60737657335085],[88.17182101779576,35.60762342664947],[88.17274956597282,35.60830186631961],[88.17483561197992,35.607705349392575],[88.17490993923673,35.607106662326544]]]}},{"type":"Feature","id":"hydrolakes:1371362","properties":{"Hylak_id":1371362,"Lake_name":"","Country":"China","Continent":"Asia","Poly_src":"SWBD","Lake_type":1,"Grand_id":0,"Lake_area":0.26,"Shore_len":3.05,"Shore_dev":1.68,"Vol_total":1.27,"Vol_res":0.0,"Vol_src":3,"Depth_avg":4.9,"Dis_avg":0.002,"Res_time":7374.9,"Elevation":4948,"Slope_100":4.53,"Wshd_area":4.2,"Pour_long":88.539939,"Pour_lat":35.601127,"source_id":"hydrolakes:1371362","label":""},"geometry":{"type":"Polygon","coordinates":[[[88.55221489800408,35.60271647135437],[88.55068901909783,35.602088758680736],[88.54772271050393,35.60016981336821],[88.54610134548659,35.60010552300366],[88.54304199218797,35.6007454427085],[88.53972222222268,35.599722222222454],[88.53792209201458,35.599879014757164],[88.53827392578205,35.60169270833353],[88.53963351779589,35.602411838107855],[88.54592176649356,35.602048611111286],[88.547022569445,35.602631022135654],[88.5483666992194,35.60260443793425],[88.55053005642418,35.603171386719],[88.55263346354229,35.603254665798886],[88.55221489800408,35.60271647135437]]]}},{"type":"Feature","id":"hydrolakes:1371369","properties":{"Hylak_id":1371369,"Lake_name":"","Country":"China","Continent":"Asia","Poly_src":"SWBD","Lake_type":1,"Grand_id":0,"Lake_area":0.58,"Shore_len":3.23,"Shore_dev":1.19,"Vol_total":2.25,"Vol_res":0.0,"Vol_src":3,"Depth_avg":3.9,"Dis_avg":0.0,"Res_time":-1.0,"Elevation":4947,"Slope_100":2.15,"Wshd_area":6.6,"Pour_long":87.019042,"Pour_lat":35.596594,"source_id":"hydrolakes:1371369","label":""},"geometry":{"type":"Polygon","coordinates":[[[87.02179768880262,35.59846435546899],[87.02380262586843,35.59784532335084],[87.02614651150208,35.59798502604184],[87.02706380208377,35.59748643663221],[87.02745415581649,35.595808648003754],[87.02653930664104,35.59449896918426],[87.0276253255214,35.5935286458336],[87.02790879991358,35.592883572048834],[87.02624213324697,35.59236897786474],[87.02500000000043,35.59138888888913],[87.02423014322954,35.59153266059059],[87.02250149197096,35.592412923177335],[87.02037529839447,35.59178331163224],[87.01960449218785,35.591829155816185],[87.01897908528701,35.59148925781284],[87.01813978407165,35.59153944227444],[87.01715535481804,35.59264105902798],[87.01802693684942,35.59388888888907],[87.01709120008724,35.59560465494815],[87.01811374240503,35.597068684896044],[87.0196328396272,35.59753770616339],[87.02051500108547,35.59892469618069],[87.02179768880262,35.59846435546899]]]}},{"type":"Feature","id":"hydrolakes:1371389","properties":{"Hylak_id":1371389,"Lake_name":"","Country":"China","Continent":"Asia","Poly_src":"SWBD","Lake_type":1,"Grand_id":0,"Lake_area":0.38,"Shore_len":3.21,"Shore_dev":1.47,"Vol_total":1.17,"Vol_res":0.0,"Vol_src":3,"Depth_avg":3.1,"Dis_avg":0.001,"Res_time":13556.5,"Elevation":5164,"Slope_100":1.55,"Wshd_area":7.7,"Pour_long":86.176719,"Pour_lat":35.583902,"source_id":"hydrolakes:1371389","label":""},"geometry":{"type":"Polygon","coordinates":[[[86.1791822645402,35.58465440538214],[86.1798457166887,35.58412299262176],[86.17913140191013,35.583216145833546],[86.1774323187937,35.58218370225711],[86.1731790500221,35.580709906684206],[86.17197516547338,35.57983045789962],[86.16880154079894,35.578987087673795],[86.16805555555595,35.57805555555575],[86.16765869140653,35.57837320963557],[86.16689568413676,35.579861111111256],[86.16738362630258,35.58069118923635],[86.16682094997867,35.58215521918419],[86.16713962131121,35.582798936632116],[86.16930691189265,35.58373453776062],[86.17293206108991,35.58348768446194],[86.17526360405844,35.58282172309043],[86.1759524197052,35.58337320963568],[86.17640489366357,35.584447157118234],[86.1791822645402,35.58465440538214]]]}},{"type":"Feature","id":"hydrolakes:1371390","properties":{"Hylak_id":1371390,"Lake_name":"","Country":"China","Continent":"Asia","Poly_src":"SWBD","Lake_type":1,"Grand_id":0,"Lake_area":0.23,"Shore_len":2.19,"Shore_dev":1.3,"Vol_total":0.81,"Vol_res":0.0,"Vol_src":3,"Depth_avg":3.6,"Dis_avg":0.001,"Res_time":9348.8,"Elevation":5125,"Slope_100":2.48,"Wshd_area":8.6,"Pour_long":86.004584,"Pour_lat":35.582009,"source_id":"hydrolakes:1371390","label":""},"geometry":{"type":"Polygon","coordinates":[[[86.001112196181,35.58469509548627],[86.0023714192713,35.58431586371546],[86.00510816786056,35.58232693142389],[86.00516967773473,35.581561143663464],[86.00277777777814,35.580555555555804],[86.00085747612883,35.580716145833605],[85.99907721625482,35.58278238932314],[85.99592590332077,35.58356987847236],[85.99514919704916,35.584239095052226],[85.99635382758288,35.584630805121776],[86.001112196181,35.58469509548627]]]}},{"type":"Feature","id":"hydrolakes:1371393","properties":{"Hylak_id":1371393,"Lake_name":"","Country":"China","Continent":"Asia","Poly_src":"SWBD","Lake_type":1,"Grand_id":0,"Lake_area":0.11,"Shore_len":1.58,"Shore_dev":1.35,"Vol_total":0.33,"Vol_res":0.0,"Vol_src":3,"Depth_avg":3.0,"Dis_avg":0.0,"Res_time":-1.0,"Elevation":5188,"Slope_100":2.22,"Wshd_area":2.1,"Pour_long":86.130312,"Pour_lat":35.578638,"source_id":"hydrolakes:1371393","label":""},"geometry":{"type":"Polygon","coordinates":[[[86.13167304145031,35.58004503038211],[86.13220370822518,35.579142252604356],[86.13093994140655,35.57821912977465],[86.12916666666706,35.57777777777801],[86.12692369249163,35.57790988498283],[86.12489373101158,35.578349066840474],[86.12477817111579,35.5792778862849],[86.12805399576854,35.57968722873284],[86.1300849745013,35.57943467881961],[86.13167304145031,35.58004503038211]]]}},{"type":"Feature","id":"hydrolakes:1371401","properties":{"Hylak_id":1371401,"Lake_name":"","Country":"China","Continent":"Asia","Poly_src":"SWBD","Lake_type":1,"Grand_id":0,"Lake_area":0.22,"Shore_len":1.81,"Shore_dev":1.09,"Vol_total":0.69,"Vol_res":0.0,"Vol_src":3,"Depth_avg":3.2,"Dis_avg":0.001,"Res_time":7991.2,"Elevation":4896,"Slope_100":1.95,"Wshd_area":1.2,"Pour_long":88.996332,"Pour_lat":35.570629,"source_id":"hydrolakes:1371401","label":""},"geometry":{"type":"Polygon","coordinates":[[[88.99567654079914,35.570156792534874],[88.99555555555611,35.570000000000164],[88.99383761935826,35.57117404513912],[88.99303466796948,35.57225667317732],[88.99275444878549,35.574154188368254],[88.9957817925353,35.57605767144116],[88.99856662326448,35.5741132269967],[88.99766086154585,35.57289143880223],[88.99730984158037,35.57082519531269],[88.99567654079914,35.570156792534874]]]}},{"type":"Feature","id":"hydrolakes:1371414","properties":{"Hylak_id":1371414,"Lake_name":"","Country":"China","Continent":"Asia","Poly_src":"SWBD","Lake_type":1,"Grand_id":0,"Lake_area":0.31,"Shore_len":3.17,"Shore_dev":1.6,"Vol_total":0.85,"Vol_res":0.0,"Vol_src":3,"Depth_avg":2.7,"Dis_avg":0.0,"Res_time":-1.0,"Elevation":5093,"Slope_100":1.28,"Wshd_area":6.3,"Pour_long":86.059478,"Pour_lat":35.561855,"source_id":"hydrolakes:1371414","label":""},"geometry":{"type":"Polygon","coordinates":[[[86.06568698459233,35.567966037326585],[86.06571763780408,35.567193196614824],[86.06402248806467,35.56653320312523],[86.06290486653688,35.56454182942724],[86.06208828396308,35.56374430338559],[86.06106275770429,35.56378499348972],[86.05987121582069,35.56322265625022],[86.06083251953152,35.561687825521005],[86.06037238227026,35.56119113498289],[86.05796712239624,35.5612866210941],[86.05750000000046,35.56083333333356],[86.0540335422096,35.56193088107659],[86.05514458550397,35.56374538845506],[86.05511182997009,35.56457139756975],[86.05736606174094,35.56485541449666],[86.05768317328585,35.56519775390649],[86.0607725016281,35.5650751410592],[86.06248833550376,35.56725721571195],[86.06376478407162,35.5679326714411],[86.06568698459233,35.567966037326585]]]}},{"type":"Feature","id":"hydrolakes:1371417","properties":{"Hylak_id":1371417,"Lake_name":"","Country":"China","Continent":"Asia","Poly_src":"SWBD","Lake_type":1,"Grand_id":0,"Lake_area":0.31,"Shore_len":3.0,"Shore_dev":1.51,"Vol_total":1.31,"Vol_res":0.0,"Vol_src":3,"Depth_avg":4.2,"Dis_avg":0.011,"Res_time":1375.3,"Elevation":4910,"Slope_100":3.09,"Wshd_area":22.7,"Pour_long":88.775294,"Pour_lat":35.558002,"source_id":"hydrolakes:1371417","label":""},"geometry":{"type":"Polygon","coordinates":[[[88.77595675998322,35.55854410807308],[88.77531060112898,35.55758924696204],[88.77121853298667,35.5564192708336],[88.77037814670206,35.555925292968936],[88.76960937500064,35.55602077908003],[88.76694444444513,35.5541666666669],[88.76294569227491,35.554297960069675],[88.76209879557342,35.55573866102452],[88.76281982421932,35.556465386284856],[88.76671657986168,35.55742431640647],[88.76792480468816,35.55893283420153],[88.76911024305616,35.55823594835084],[88.77100287543465,35.55800048828149],[88.77467502170197,35.559084201389226],[88.77595675998322,35.55854410807308]]]}},{"type":"Feature","id":"hydrolakes:1371418","properties":{"Hylak_id":1371418,"Lake_name":"","Country":"China","Continent":"Asia","Poly_src":"SWBD","Lake_type":1,"Grand_id":0,"Lake_area":0.27,"Shore_len":2.08,"Shore_dev":1.12,"Vol_total":1.05,"Vol_res":0.0,"Vol_src":3,"Depth_avg":3.8,"Dis_avg":0.0,"Res_time":-1.0,"Elevation":5062,"Slope_100":2.7,"Wshd_area":3.0,"Pour_long":86.687129,"Pour_lat":35.557767,"source_id":"hydrolakes:1371418","label":""},"geometry":{"type":"Polygon","coordinates":[[[86.69004787868994,35.560200466580056],[86.69083333333379,35.55977349175362],[86.69152777777822,35.560150824653135],[86.69374213324687,35.55906548394114],[86.6920754665802,35.55681342230923],[86.69168226454042,35.555539822048786],[86.69111111111152,35.55500000000018],[86.68830268012198,35.55523980034741],[86.68764675564285,35.55653564453149],[86.6865356445316,35.55796929253495],[86.68696370442763,35.55971055772585],[86.68808390299523,35.560964355469025],[86.69004787868994,35.560200466580056]]]}},{"type":"Feature","id":"hydrolakes:1371423","properties":{"Hylak_id":1371423,"Lake_name":"","Country":"China","Continent":"Asia","Poly_src":"SWBD","Lake_type":1,"Grand_id":0,"Lake_area":0.42,"Shore_len":2.45,"Shore_dev":1.07,"Vol_total":1.31,"Vol_res":0.0,"Vol_src":3,"Depth_avg":3.2,"Dis_avg":0.002,"Res_time":7604.6,"Elevation":4903,"Slope_100":1.59,"Wshd_area":8.7,"Pour_long":87.894299,"Pour_lat":35.554991,"source_id":"hydrolakes:1371423","label":""},"geometry":{"type":"Polygon","coordinates":[[[87.89707546658042,35.55098008897585],[87.89459879557336,35.551002875434165],[87.89153564453176,35.55373969184046],[87.89193739149351,35.554618869357796],[87.89488552517423,35.55614854600714],[87.89669514974014,35.55679768880225],[87.90023600260474,35.556528862847415],[87.90178982204918,35.55554063585089],[87.90184082031305,35.554685058593975],[87.9013452148443,35.55360514322933],[87.8987578667539,35.55179768880225],[87.89707546658042,35.55098008897585]]]}},{"type":"Feature","id":"hydrolakes:1371427","properties":{"Hylak_id":1371427,"Lake_name":"","Country":"China","Continent":"Asia","Poly_src":"SWBD","Lake_type":1,"Grand_id":0,"Lake_area":0.24,"Shore_len":2.1,"Shore_dev":1.22,"Vol_total":0.8,"Vol_res":0.0,"Vol_src":3,"Depth_avg":3.4,"Dis_avg":0.036,"Res_time":257.4,"Elevation":4899,"Slope_100":2.2,"Wshd_area":90.4,"Pour_long":88.882582,"Pour_lat":35.553395,"source_id":"hydrolakes:1371427","label":""},"geometry":{"type":"Polygon","coordinates":[[[88.883684895834,35.55607259114606],[88.88687961154568,35.555631239149534],[88.88799235026113,35.55574462890638],[88.8890150282125,35.554244791666804],[88.88765923394152,35.553656684028],[88.88666666666734,35.55222222222244],[88.885681694879,35.552348361545285],[88.88462863498313,35.55295138888903],[88.88268473307346,35.5522208658856],[88.8803024631082,35.5555303276912],[88.88078260633745,35.556368543837095],[88.883684895834,35.55607259114606]]]}},{"type":"Feature","id":"hydrolakes:1371431","properties":{"Hylak_id":1371431,"Lake_name":"","Country":"China","Continent":"Asia","Poly_src":"SWBD","Lake_type":1,"Grand_id":0,"Lake_area":0.33,"Shore_len":3.07,"Shore_dev":1.5,"Vol_total":1.16,"Vol_res":0.0,"Vol_src":3,"Depth_avg":3.5,"Dis_avg":0.01,"Res_time":1348.1,"Elevation":4920,"Slope_100":2.12,"Wshd_area":21.5,"Pour_long":88.741424,"Pour_lat":35.549815,"source_id":"hydrolakes:1371431","label":""},"geometry":{"type":"Polygon","coordinates":[[[88.7417952473964,35.54959364149323],[88.74166666666736,35.549444444444646],[88.73939317491386,35.55117974175374],[88.73857883029586,35.552638888889135],[88.73925401475765,35.5538487413196],[88.73985080295193,35.556585015191104],[88.73957411024367,35.557132161458526],[88.73743815104234,35.55808539496553],[88.73691541883733,35.55902208116339],[88.74010932074737,35.55934787326413],[88.74160237630281,35.56040635850712],[88.74225396050429,35.559622124566204],[88.74205213758756,35.5557215711807],[88.74267415364642,35.554606391059224],[88.74259657118125,35.55363878038219],[88.74295057508743,35.55168538411493],[88.74250515408033,35.550205078125146],[88.7417952473964,35.54959364149323]]]}},{"type":"Feature","id":"hydrolakes:1371444","properties":{"Hylak_id":1371444,"Lake_name":"","Country":"China","Continent":"Asia","Poly_src":"SWBD","Lake_type":1,"Grand_id":0,"Lake_area":0.13,"Shore_len":1.49,"Shore_dev":1.18,"Vol_total":0.29,"Vol_res":0.0,"Vol_src":3,"Depth_avg":2.3,"Dis_avg":0.008,"Res_time":426.2,"Elevation":5086,"Slope_100":1.19,"Wshd_area":131.7,"Pour_long":86.007928,"Pour_lat":35.540621,"source_id":"hydrolakes:1371444","label":""},"geometry":{"type":"Polygon","coordinates":[[[86.0121941460506,35.541083170573245],[86.01250000000033,35.5394444444446],[86.0073368326826,35.53959309895856],[86.0073850504561,35.54040147569458],[86.00653557671478,35.54199842664951],[86.00966430664107,35.5423532443578],[86.0121941460506,35.541083170573245]]]}},{"type":"Feature","id":"hydrolakes:1371473","properties":{"Hylak_id":1371473,"Lake_name":"","Country":"China","Continent":"Asia","Poly_src":"SWBD","Lake_type":1,"Grand_id":0,"Lake_area":0.16,"Shore_len":1.81,"Shore_dev":1.27,"Vol_total":0.45,"Vol_res":0.0,"Vol_src":3,"Depth_avg":2.8,"Dis_avg":0.0,"Res_time":-1.0,"Elevation":5144,"Slope_100":1.61,"Wshd_area":2.6,"Pour_long":86.688542,"Pour_lat":35.518753,"source_id":"hydrolakes:1371473","label":""},"geometry":{"type":"Polygon","coordinates":[[[86.69261596679729,35.52031222873279],[86.69220703125035,35.51947645399321],[86.69106553819478,35.519702148437716],[86.68928263346396,35.5184950086807],[86.68905069987017,35.51733832465305],[86.68861111111147,35.51666666666688],[86.68716132269998,35.51679877387181],[86.68667900933212,35.518049316406405],[86.68571736653706,35.51930853949676],[86.68770616319483,35.52079182942731],[86.69066582573822,35.521382649739735],[86.69261596679729,35.52031222873279]]]}},{"type":"Feature","id":"hydrolakes:1371486","properties":{"Hylak_id":1371486,"Lake_name":"","Country":"China","Continent":"Asia","Poly_src":"SWBD","Lake_type":1,"Grand_id":0,"Lake_area":0.23,"Shore_len":2.4,"Shore_dev":1.4,"Vol_total":0.57,"Vol_res":0.0,"Vol_src":3,"Depth_avg":2.4,"Dis_avg":0.001,"Res_time":6571.5,"Elevation":5156,"Slope_100":1.12,"Wshd_area":8.4,"Pour_long":85.997917,"Pour_lat":35.509831,"source_id":"hydrolakes:1371486","label":""},"geometry":{"type":"Polygon","coordinates":[[[86.00373969184062,35.51097683376753],[86.00303826226173,35.51017822265641],[86.00235080295181,35.509871419271064],[86.00204223632846,35.50851318359395],[86.00055555555599,35.50805555555576],[85.9992952473961,35.508184136284854],[85.9984254286029,35.50866943359392],[85.9964317491324,35.50903320312517],[85.99542697482673,35.50959364149321],[85.99292697482673,35.51004964192725],[85.99333109537787,35.510642632378676],[85.99508205837702,35.51112196180577],[85.9978936089413,35.51089599609395],[86.00028205023904,35.51126003689251],[86.00146118164105,35.51262858072937],[86.00373969184062,35.51097683376753]]]}},{"type":"Feature","id":"hydrolakes:1371503","properties":{"Hylak_id":1371503,"Lake_name":"","Country":"China","Continent":"Asia","Poly_src":"SWBD","Lake_type":1,"Grand_id":0,"Lake_area":0.21,"Shore_len":1.82,"Shore_dev":1.12,"Vol_total":0.55,"Vol_res":0.0,"Vol_src":3,"Depth_avg":2.6,"Dis_avg":0.004,"Res_time":1592.6,"Elevation":5068,"Slope_100":1.32,"Wshd_area":66.8,"Pour_long":86.772772,"Pour_lat":35.497893,"source_id":"hydrolakes:1371503","label":""},"geometry":{"type":"Polygon","coordinates":[[[86.77375854492226,35.495134548611304],[86.77361111111156,35.49444444444475],[86.77148681640676,35.494597981770994],[86.7704303656688,35.49671359592037],[86.77064344618123,35.4997441948787],[86.77334933810806,35.50022488064252],[86.77568657769137,35.49831705729201],[86.77540730794311,35.497586263021105],[86.77372599283899,35.495681423611416],[86.77375854492226,35.495134548611304]]]}},{"type":"Feature","id":"hydrolakes:1371574","properties":{"Hylak_id":1371574,"Lake_name":"","Country":"China","Continent":"Asia","Poly_src":"SWBD","Lake_type":1,"Grand_id":0,"Lake_area":0.17,"Shore_len":2.37,"Shore_dev":1.64,"Vol_total":0.25,"Vol_res":0.0,"Vol_src":3,"Depth_avg":1.5,"Dis_avg":0.001,"Res_time":2900.3,"Elevation":4816,"Slope_100":0.45,"Wshd_area":2.1,"Pour_long":88.390753,"Pour_lat":35.439224,"source_id":"hydrolakes:1371574","label":""},"geometry":{"type":"Polygon","coordinates":[[[88.39867024739647,35.44191948784743],[88.39915961371577,35.44104248046898],[88.39764919704942,35.440406358507175],[88.39294759114642,35.439398600260574],[88.39015923394146,35.438154296875155],[88.38944444444502,35.437500000000284],[88.3885392252609,35.43777262369821],[88.38801025390683,35.43921332465294],[88.3895936414936,35.43957302517384],[88.39467637803887,35.44157606336819],[88.39559380425408,35.441502278646],[88.39867024739647,35.44191948784743]]]}},{"type":"Feature","id":"hydrolakes:1371576","properties":{"Hylak_id":1371576,"Lake_name":"","Country":"China","Continent":"Asia","Poly_src":"SWBD","Lake_type":1,"Grand_id":0,"Lake_area":0.29,"Shore_len":2.66,"Shore_dev":1.4,"Vol_total":1.38,"Vol_res":0.0,"Vol_src":3,"Depth_avg":4.8,"Dis_avg":0.004,"Res_time":3997.9,"Elevation":4866,"Slope_100":4.24,"Wshd_area":4.5,"Pour_long":88.669493,"Pour_lat":35.437032,"source_id":"hydrolakes:1371576","label":""},"geometry":{"type":"Polygon","coordinates":[[[88.67024441189284,35.43855875651076],[88.67293836805618,35.43782145182308],[88.67485080295188,35.43623969184051],[88.67684271918455,35.435483669705036],[88.67963270399355,35.43505859375023],[88.6795597330734,35.4341506618926],[88.67833333333391,35.43305555555577],[88.67611002604235,35.43314968533019],[88.67347547743128,35.433761935764096],[88.67126030816024,35.435704752604295],[88.66822048611175,35.43718071831614],[88.66792697482691,35.43854953342037],[88.67024441189284,35.43855875651076]]]}},{"type":"Feature","id":"hydrolakes:1371578","properties":{"Hylak_id":1371578,"Lake_name":"","Country":"China","Continent":"Asia","Poly_src":"SWBD","Lake_type":1,"Grand_id":0,"Lake_area":0.24,"Shore_len":2.01,"Shore_dev":1.16,"Vol_total":0.45,"Vol_res":0.0,"Vol_src":3,"Depth_avg":1.9,"Dis_avg":0.001,"Res_time":5236.7,"Elevation":4814,"Slope_100":0.65,"Wshd_area":2.1,"Pour_long":88.38478,"Pour_lat":35.436612,"source_id":"hydrolakes:1371578","label":""},"geometry":{"type":"Polygon","coordinates":[[[88.38373453776103,35.43515435112863],[88.38361111111163,35.43500000000023],[88.3796280924484,35.43513075086821],[88.37793212890688,35.43648898654533],[88.37888102213606,35.43776421440987],[88.38197509765672,35.43830268012175],[88.38331054687558,35.438815917968896],[88.38643581814301,35.43818495008702],[88.38734564887199,35.437456325955054],[88.38626546224003,35.43651231553832],[88.38373453776103,35.43515435112863]]]}},{"type":"Feature","id":"hydrolakes:1371590","properties":{"Hylak_id":1371590,"Lake_name":"","Country":"China","Continent":"Asia","Poly_src":"SWBD","Lake_type":1,"Grand_id":0,"Lake_area":0.44,"Shore_len":2.52,"Shore_dev":1.07,"Vol_total":1.33,"Vol_res":0.0,"Vol_src":3,"Depth_avg":3.0,"Dis_avg":0.01,"Res_time":1538.6,"Elevation":4879,"Slope_100":1.41,"Wshd_area":11.4,"Pour_long":88.728232,"Pour_lat":35.430685,"source_id":"hydrolakes:1371590","label":""},"geometry":{"type":"Polygon","coordinates":[[[88.73235080295206,35.42681586371543],[88.73068413628545,35.42679524739606],[88.7294235568582,35.4274986436634],[88.7269121636291,35.42806911892376],[88.72542697482709,35.430163574218966],[88.72588053385482,35.43111843533006],[88.72762858072969,35.432093641493225],[88.72903808593804,35.43235080295159],[88.73112901475758,35.433298068576505],[88.73540635850742,35.43102159288213],[88.7343763563374,35.427425672743254],[88.73235080295206,35.42681586371543]]]}},{"type":"Feature","id":"hydrolakes:1371656","properties":{"Hylak_id":1371656,"Lake_name":"","Country":"China","Continent":"Asia","Poly_src":"SWBD","Lake_type":1,"Grand_id":0,"Lake_area":0.21,"Shore_len":1.82,"Shore_dev":1.12,"Vol_total":0.53,"Vol_res":0.0,"Vol_src":3,"Depth_avg":2.5,"Dis_avg":0.003,"Res_time":2042.5,"Elevation":4955,"Slope_100":1.25,"Wshd_area":37.1,"Pour_long":85.854798,"Pour_lat":35.356804,"source_id":"hydrolakes:1371656","label":""},"geometry":{"type":"Polygon","coordinates":[[[85.855711330838,35.35624864366338],[85.8550000000003,35.35527777777793],[85.85429524739612,35.355406358507025],[85.85142489963147,35.356434733073115],[85.85014919704895,35.35753390842041],[85.8522576226132,35.36068413628499],[85.85451565212713,35.360402018229365],[85.85606051974861,35.3597127278648],[85.85514919704889,35.35807942708345],[85.855711330838,35.35624864366338]]]}},{"type":"Feature","id":"hydrolakes:1371666","properties":{"Hylak_id":1371666,"Lake_name":"","Country":"China","Continent":"Asia","Poly_src":"SWBD","Lake_type":1,"Grand_id":0,"Lake_area":0.5,"Shore_len":3.19,"Shore_dev":1.27,"Vol_total":2.54,"Vol_res":0.0,"Vol_src":3,"Depth_avg":5.0,"Dis_avg":0.005,"Res_time":5872.0,"Elevation":4792,"Slope_100":3.94,"Wshd_area":3.3,"Pour_long":89.949642,"Pour_lat":35.346251,"source_id":"hydrolakes:1371666","label":""},"geometry":{"type":"Polygon","coordinates":[[[89.95139973958408,35.348916829427424],[89.95763129340367,35.34759765625023],[89.95713270399364,35.34607720269116],[89.95580891927159,35.34459526909734],[89.9537575954867,35.34421251085104],[89.95484754774395,35.343002658420346],[89.95490071614654,35.34211669921888],[89.95293836805621,35.34147786458345],[89.95289225260484,35.34070149739597],[89.95328179253545,35.34035319010434],[89.95305555555626,35.33972222222235],[89.94986816406322,35.34074788411482],[89.94903266059094,35.34228569878496],[89.94875759548671,35.34375786675372],[89.94792426215344,35.344950900607785],[89.94829806857717,35.34562581380226],[89.94913085937566,35.34600802951411],[89.95139973958408,35.348916829427424]]]}},{"type":"Feature","id":"hydrolakes:1371671","properties":{"Hylak_id":1371671,"Lake_name":"","Country":"China","Continent":"Asia","Poly_src":"SWBD","Lake_type":1,"Grand_id":0,"Lake_area":0.18,"Shore_len":1.8,"Shore_dev":1.18,"Vol_total":0.43,"Vol_res":0.0,"Vol_src":3,"Depth_avg":2.3,"Dis_avg":0.0,"Res_time":-1.0,"Elevation":4957,"Slope_100":1.09,"Wshd_area":1.1,"Pour_long":86.879976,"Pour_lat":35.342672,"source_id":"hydrolakes:1371671","label":""},"geometry":{"type":"Polygon","coordinates":[[[86.87846191406283,35.339593641493195],[86.87833333333384,35.33944444444461],[86.8765521918408,35.33962619357658],[86.87587863498305,35.34083333333348],[86.87673285590324,35.34257649739601],[86.87820475260469,35.34429524739596],[86.87855943467935,35.34509006076411],[86.88003553602465,35.34520860460083],[86.88076144748305,35.34458333333356],[86.87987494574696,35.34381971571196],[86.88078477647616,35.34253634982656],[86.88033949110297,35.34057698567739],[86.87846191406283,35.339593641493195]]]}},{"type":"Feature","id":"hydrolakes:1371723","properties":{"Hylak_id":1371723,"Lake_name":"","Country":"China","Continent":"Asia","Poly_src":"SWBD","Lake_type":1,"Grand_id":0,"Lake_area":0.48,"Shore_len":3.65,"Shore_dev":1.49,"Vol_total":1.01,"Vol_res":0.0,"Vol_src":3,"Depth_avg":2.1,"Dis_avg":0.001,"Res_time":11682.4,"Elevation":4783,"Slope_100":0.66,"Wshd_area":0.4,"Pour_long":89.739098,"Pour_lat":35.282941,"source_id":"hydrolakes:1371723","label":""},"geometry":{"type":"Polygon","coordinates":[[[89.73783420138966,35.28724202473967],[89.73861111111188,35.28600151909751],[89.73976182725767,35.28664333767381],[89.74204101562577,35.28521592881975],[89.74244249132016,35.284122450086954],[89.74076063368125,35.283616265191085],[89.73971788194535,35.28240532769115],[89.73887261284801,35.28233751085082],[89.73728678385487,35.283461914062684],[89.73696994357715,35.282257486979404],[89.73754340277856,35.281230197482785],[89.73518771701453,35.27938585069455],[89.7327777777785,35.278888888889185],[89.731735568577,35.27931993272597],[89.7303146701397,35.28068630642389],[89.72963433159782,35.28190511067726],[89.73245008680624,35.283901367187696],[89.73347764757006,35.2831730143231],[89.7361501736118,35.28509223090299],[89.73728190104231,35.28762858072935],[89.73783420138966,35.28724202473967]]]}},{"type":"Feature","id":"hydrolakes:1371746","properties":{"Hylak_id":1371746,"Lake_name":"","Country":"China","Continent":"Asia","Poly_src":"SWBD","Lake_type":1,"Grand_id":0,"Lake_area":0.23,"Shore_len":2.68,"Shore_dev":1.58,"Vol_total":0.49,"Vol_res":0.0,"Vol_src":3,"Depth_avg":2.2,"Dis_avg":0.021,"Res_time":272.1,"Elevation":4819,"Slope_100":0.87,"Wshd_area":15.4,"Pour_long":89.474379,"Pour_lat":35.263163,"source_id":"hydrolakes:1371746","label":""},"geometry":{"type":"Polygon","coordinates":[[[89.47536404079938,35.26540907118084],[89.47683865017422,35.26426595052101],[89.47814588758735,35.26434407552097],[89.47879855685818,35.263989257812625],[89.48029541015688,35.26401041666679],[89.48544162326442,35.2643999565974],[89.48596435546932,35.26366916232661],[89.48508002387217,35.2628786892364],[89.48088433159779,35.26275390625017],[89.47833333333404,35.26138888888903],[89.47685384114652,35.26217719184041],[89.474204644098,35.26201931423623],[89.47375786675423,35.26282714843762],[89.47536404079938,35.26540907118084]]]}},{"type":"Feature","id":"hydrolakes:1371747","properties":{"Hylak_id":1371747,"Lake_name":"","Country":"China","Continent":"Asia","Poly_src":"SWBD","Lake_type":1,"Grand_id":0,"Lake_area":0.19,"Shore_len":1.71,"Shore_dev":1.1,"Vol_total":0.29,"Vol_res":0.0,"Vol_src":3,"Depth_avg":1.5,"Dis_avg":0.001,"Res_time":3305.8,"Elevation":4788,"Slope_100":0.42,"Wshd_area":0.5,"Pour_long":89.284909,"Pour_lat":35.261267,"source_id":"hydrolakes:1371747","label":""},"geometry":{"type":"Polygon","coordinates":[[[89.28289876302159,35.25932345920154],[89.2827777777785,35.25916666666683],[89.28191975911517,35.259312608507116],[89.28100016276102,35.26002224392374],[89.28177924262218,35.261925998264076],[89.28312093099021,35.263664279514046],[89.28469482421934,35.26483127170155],[89.28610785590342,35.26374023437518],[89.28648410373324,35.26119357638902],[89.28515679253542,35.260120985243304],[89.28289876302159,35.25932345920154]]]}},{"type":"Feature","id":"hydrolakes:1371753","properties":{"Hylak_id":1371753,"Lake_name":"","Country":"China","Continent":"Asia","Poly_src":"SWBD","Lake_type":1,"Grand_id":0,"Lake_area":0.34,"Shore_len":2.49,"Shore_dev":1.22,"Vol_total":0.85,"Vol_res":0.0,"Vol_src":3,"Depth_avg":2.5,"Dis_avg":1.564,"Res_time":6.3,"Elevation":4771,"Slope_100":1.07,"Wshd_area":1725.9,"Pour_long":89.916787,"Pour_lat":35.250215,"source_id":"hydrolakes:1371753","label":""},"geometry":{"type":"Polygon","coordinates":[[[89.91402018229229,35.25290907118074],[89.91506456163262,35.25242947048628],[89.91681315104228,35.25042426215293],[89.91709852430625,35.24980305989595],[89.91880696614658,35.248276909722506],[89.9180555555563,35.24666666666678],[89.91540256076456,35.24718044704872],[89.91347981770895,35.24875759548644],[89.90875759548697,35.25052897135441],[89.9097949218758,35.25231336805575],[89.91095323350771,35.25294270833348],[89.91200954861182,35.25287977430571],[89.9132530381952,35.253325737847376],[89.91402018229229,35.25290907118074]]]}},{"type":"Feature","id":"hydrolakes:1371758","properties":{"Hylak_id":1371758,"Lake_name":"","Country":"China","Continent":"Asia","Poly_src":"SWBD","Lake_type":1,"Grand_id":0,"Lake_area":0.76,"Shore_len":3.66,"Shore_dev":1.19,"Vol_total":2.32,"Vol_res":0.0,"Vol_src":3,"Depth_avg":3.1,"Dis_avg":0.932,"Res_time":28.8,"Elevation":4771,"Slope_100":1.24,"Wshd_area":1053.6,"Pour_long":89.909231,"Pour_lat":35.247194,"source_id":"hydrolakes:1371758","label":""},"geometry":{"type":"Polygon","coordinates":[[[89.90570475260495,35.25014919704881],[89.90690049913269,35.24921278211832],[89.90866590711886,35.249354383680725],[89.9098714192715,35.247649197048815],[89.91012858072986,35.24670030381958],[89.90948079427164,35.24553982204873],[89.90818413628551,35.245149197048875],[89.90709364149387,35.244161783854395],[89.90766547309084,35.24260416666692],[89.90694444444523,35.24194444444464],[89.90651746961868,35.24207302517391],[89.90546061197995,35.24329969618071],[89.90372287326466,35.24232964409737],[89.90266601562558,35.24232964409737],[89.89840277777836,35.244082573784965],[89.89697970920196,35.24648546006961],[89.89709689670212,35.247949218750136],[89.8976470269103,35.24790473090303],[89.90006184895913,35.2494124348961],[89.90196072048684,35.24932942708347],[89.90322645399385,35.250798611111236],[89.90570475260495,35.25014919704881]]]}},{"type":"Feature","id":"hydrolakes:1371776","properties":{"Hylak_id":1371776,"Lake_name":"","Country":"China","Continent":"Asia","Poly_src":"SWBD","Lake_type":1,"Grand_id":0,"Lake_area":0.13,"Shore_len":1.62,"Shore_dev":1.3,"Vol_total":0.22,"Vol_res":0.0,"Vol_src":3,"Depth_avg":1.7,"Dis_avg":0.073,"Res_time":34.2,"Elevation":4746,"Slope_100":0.66,"Wshd_area":575.1,"Pour_long":87.197683,"Pour_lat":35.234247,"source_id":"hydrolakes:1371776","label":""},"geometry":{"type":"Polygon","coordinates":[[[87.19790635850745,35.233204752604365],[87.19736884223136,35.23290473090293],[87.19635335286523,35.23298665364598],[87.19583333333372,35.232500000000186],[87.19347127278701,35.232697482639026],[87.1920936414935,35.23388400607661],[87.19262858072977,35.23431586371544],[87.19607977973146,35.23458062065987],[87.19832872178864,35.23540635850708],[87.19957302517406,35.23495551215291],[87.19925849066897,35.233808051215476],[87.19790635850745,35.233204752604365]]]}},{"type":"Feature","id":"hydrolakes:1371785","properties":{"Hylak_id":1371785,"Lake_name":"","Country":"China","Continent":"Asia","Poly_src":"SWBD","Lake_type":1,"Grand_id":0,"Lake_area":0.11,"Shore_len":1.89,"Shore_dev":1.58,"Vol_total":0.16,"Vol_res":0.0,"Vol_src":3,"Depth_avg":1.4,"Dis_avg":0.356,"Res_time":5.0,"Elevation":4790,"Slope_100":0.42,"Wshd_area":420.1,"Pour_long":89.378739,"Pour_lat":35.228157,"source_id":"hydrolakes:1371785","label":""},"geometry":{"type":"Polygon","coordinates":[[[89.3790405273445,35.227625868055725],[89.37861111111164,35.226944444444655],[89.37745741102486,35.227417534722406],[89.37827772352477,35.22855740017377],[89.3792928059903,35.23209635416697],[89.37983154296938,35.233037109375175],[89.38028157552174,35.23457031250018],[89.3813552517367,35.23323404947928],[89.380707194011,35.23012586805578],[89.3790405273445,35.227625868055725]]]}},{"type":"Feature","id":"hydrolakes:1371793","properties":{"Hylak_id":1371793,"Lake_name":"","Country":"China","Continent":"Asia","Poly_src":"SWBD","Lake_type":1,"Grand_id":0,"Lake_area":0.14,"Shore_len":1.56,"Shore_dev":1.16,"Vol_total":0.28,"Vol_res":0.0,"Vol_src":3,"Depth_avg":2.0,"Dis_avg":0.057,"Res_time":56.2,"Elevation":4880,"Slope_100":0.82,"Wshd_area":222.5,"Pour_long":88.042073,"Pour_lat":35.222719,"source_id":"hydrolakes:1371793","label":""},"geometry":{"type":"Polygon","coordinates":[[[88.04126274956644,35.219570312500196],[88.04055555555607,35.218611111111215],[88.03936414930615,35.21896050347243],[88.03881483289973,35.21991970486124],[88.03851942274349,35.22281738281265],[88.04130154079917,35.22379991319457],[88.04289686414995,35.223331705729436],[88.04180935329907,35.22143337673623],[88.04126274956644,35.219570312500196]]]}},{"type":"Feature","id":"hydrolakes:1371797","properties":{"Hylak_id":1371797,"Lake_name":"","Country":"China","Continent":"Asia","Poly_src":"SWBD","Lake_type":1,"Grand_id":0,"Lake_area":0.23,"Shore_len":2.09,"Shore_dev":1.24,"Vol_total":0.62,"Vol_res":0.0,"Vol_src":3,"Depth_avg":2.7,"Dis_avg":0.003,"Res_time":2393.9,"Elevation":4794,"Slope_100":1.42,"Wshd_area":2.3,"Pour_long":89.426186,"Pour_lat":35.219989,"source_id":"hydrolakes:1371797","label":""},"geometry":{"type":"Polygon","coordinates":[[[89.4248741319451,35.21900499131965],[89.4241666666673,35.21777777777805],[89.42310872395899,35.2179161241321],[89.41995117187554,35.21936252170161],[89.4184825303825,35.22062771267372],[89.41883599175401,35.22149739583347],[89.42299045138947,35.2219059244793],[89.4245730251742,35.221239691840424],[89.4269919162333,35.22079861111126],[89.42790635850753,35.21950900607669],[89.4248741319451,35.21900499131965]]]}},{"type":"Feature","id":"hydrolakes:1371808","properties":{"Hylak_id":1371808,"Lake_name":"","Country":"China","Continent":"Asia","Poly_src":"SWBD","Lake_type":1,"Grand_id":0,"Lake_area":0.18,"Shore_len":1.71,"Shore_dev":1.14,"Vol_total":0.39,"Vol_res":0.0,"Vol_src":3,"Depth_avg":2.2,"Dis_avg":0.401,"Res_time":11.4,"Elevation":4797,"Slope_100":0.97,"Wshd_area":411.5,"Pour_long":89.406363,"Pour_lat":35.210212,"source_id":"hydrolakes:1371808","label":""},"geometry":{"type":"Polygon","coordinates":[[[89.40901991102493,35.20736870659738],[89.40888888888958,35.20722222222247],[89.40674994574726,35.207692057291865],[89.40376166449721,35.21036187065994],[89.40369764539986,35.21143608940986],[89.40592013888948,35.21217502170151],[89.40741455078188,35.21171332465292],[89.40901068793465,35.2102875434029],[89.4089887152785,35.209064670139185],[89.4098532443582,35.20782714843773],[89.40901991102493,35.20736870659738]]]}},{"type":"Feature","id":"hydrolakes:1371810","properties":{"Hylak_id":1371810,"Lake_name":"","Country":"China","Continent":"Asia","Poly_src":"SWBD","Lake_type":1,"Grand_id":0,"Lake_area":0.25,"Shore_len":2.52,"Shore_dev":1.42,"Vol_total":0.72,"Vol_res":0.0,"Vol_src":3,"Depth_avg":2.9,"Dis_avg":0.009,"Res_time":920.5,"Elevation":4773,"Slope_100":1.53,"Wshd_area":5.8,"Pour_long":89.94375,"Pour_lat":35.209245,"source_id":"hydrolakes:1371810","label":""},"geometry":{"type":"Polygon","coordinates":[[[89.93918782552157,35.21121256510429],[89.94090874566035,35.20995605468778],[89.94195638020898,35.2109570312503],[89.9433935546881,35.21011176215296],[89.9439892578132,35.210186089409945],[89.9459369574659,35.20904134114596],[89.9441780598965,35.20797309027802],[89.94216905382012,35.20854709201399],[89.94083333333407,35.20777777777789],[89.93901258680626,35.20790147569471],[89.93808973524364,35.20857530381954],[89.93543023003542,35.208074001736236],[89.93479003906327,35.20887315538215],[89.93488986545202,35.209675021701514],[89.93755208333414,35.21141601562516],[89.93918782552157,35.21121256510429]]]}},{"type":"Feature","id":"hydrolakes:1371898","properties":{"Hylak_id":1371898,"Lake_name":"","Country":"China","Continent":"Asia","Poly_src":"SWBD","Lake_type":1,"Grand_id":0,"Lake_area":0.36,"Shore_len":2.37,"Shore_dev":1.12,"Vol_total":0.86,"Vol_res":0.0,"Vol_src":3,"Depth_avg":2.4,"Dis_avg":0.003,"Res_time":3311.0,"Elevation":4794,"Slope_100":0.94,"Wshd_area":1.9,"Pour_long":89.822917,"Pour_lat":35.131111,"source_id":"hydrolakes:1371898","label":""},"geometry":{"type":"Polygon","coordinates":[[[89.82221950954931,35.13354600694464],[89.82363661024368,35.13254937065989],[89.82407443576454,35.1310188802085],[89.82561089409796,35.13057942708349],[89.82599989149378,35.12956705729192],[89.82559733072992,35.12725477430587],[89.82440104166727,35.12675075954871],[89.82388888888948,35.12611111111124],[89.82082194010474,35.126908094618216],[89.8196907552092,35.12920572916681],[89.8184874131951,35.130710177951585],[89.82016493055613,35.13327745225706],[89.82118977864644,35.13314995659738],[89.82221950954931,35.13354600694464]]]}},{"type":"Feature","id":"hydrolakes:1371920","properties":{"Hylak_id":1371920,"Lake_name":"","Country":"China","Continent":"Asia","Poly_src":"SWBD","Lake_type":1,"Grand_id":0,"Lake_area":0.48,"Shore_len":3.47,"Shore_dev":1.42,"Vol_total":2.0,"Vol_res":0.0,"Vol_src":3,"Depth_avg":4.2,"Dis_avg":0.046,"Res_time":502.9,"Elevation":4812,"Slope_100":2.73,"Wshd_area":28.1,"Pour_long":89.844062,"Pour_lat":35.114583,"source_id":"hydrolakes:1371920","label":""},"geometry":{"type":"Polygon","coordinates":[[[89.84845052083398,35.1063053385418],[89.8475000000006,35.10500000000013],[89.84569281684088,35.10626464843767],[89.8449853515632,35.105472547743204],[89.84283962673703,35.10787434895849],[89.84293023003539,35.10939724392375],[89.84384982638954,35.11108886718762],[89.84229003906313,35.11413682725714],[89.84323350694507,35.11688476562517],[89.84399576822983,35.117565646701564],[89.84635579427157,35.11650553385442],[89.84751030816034,35.114914822048775],[89.84657823350761,35.11267469618065],[89.8462575954868,35.110995008680675],[89.84797417534782,35.10897732204876],[89.84853678385491,35.10775119357652],[89.84845052083398,35.1063053385418]]]}},{"type":"Feature","id":"hydrolakes:1371927","properties":{"Hylak_id":1371927,"Lake_name":"","Country":"China","Continent":"Asia","Poly_src":"SWBD","Lake_type":1,"Grand_id":0,"Lake_area":0.69,"Shore_len":4.41,"Shore_dev":1.5,"Vol_total":1.41,"Vol_res":0.0,"Vol_src":3,"Depth_avg":2.1,"Dis_avg":0.001,"Res_time":16306.7,"Elevation":4794,"Slope_100":0.55,"Wshd_area":6.0,"Pour_long":86.821765,"Pour_lat":35.109808,"source_id":"hydrolakes:1371927","label":""},"geometry":{"type":"Polygon","coordinates":[[[86.82458685980936,35.10704861111128],[86.82295247395876,35.10547851562524],[86.82186075846403,35.103812934027985],[86.8205333116324,35.102431640625184],[86.8194251844622,35.10300238715297],[86.8180783420143,35.10208930121547],[86.81709526909759,35.10206922743066],[86.81561618381119,35.103191731771005],[86.81485839843799,35.10291937934056],[86.8122222222226,35.10111111111121],[86.8098357476133,35.10129069010435],[86.80875271267416,35.10233127170153],[86.81096950954907,35.10430826822932],[86.81180826822953,35.10458062065976],[86.81365614149354,35.105982530382164],[86.8153868272575,35.10594726562516],[86.81625976562555,35.106539171007114],[86.81985772026951,35.10712456597241],[86.81825086805611,35.108668619791786],[86.8215368652348,35.11150282118069],[86.82455512152814,35.108602973090456],[86.82458685980936,35.10704861111128]]]}},{"type":"Feature","id":"hydrolakes:1371930","properties":{"Hylak_id":1371930,"Lake_name":"","Country":"China","Continent":"Asia","Poly_src":"SWBD","Lake_type":1,"Grand_id":0,"Lake_area":0.36,"Shore_len":2.78,"Shore_dev":1.31,"Vol_total":0.83,"Vol_res":0.0,"Vol_src":3,"Depth_avg":2.3,"Dis_avg":0.057,"Res_time":169.5,"Elevation":4804,"Slope_100":0.89,"Wshd_area":244.4,"Pour_long":86.572917,"Pour_lat":35.107544,"source_id":"hydrolakes:1371930","label":""},"geometry":{"type":"Polygon","coordinates":[[[86.57014282226606,35.11100531684042],[86.57146362304724,35.11100043402797],[86.57429524739632,35.10873969184047],[86.57707302517406,35.107983398437625],[86.57670572916732,35.10747667100708],[86.57530002170171,35.10669216579879],[86.5731557888459,35.106864691840485],[86.56967692057327,35.10525553385435],[86.56888888888926,35.103888888889],[86.5680095757383,35.10464626736132],[86.56737141927135,35.106538085937586],[86.56626030816017,35.108089192708576],[86.56660156250035,35.10898003472249],[86.56764919704898,35.10929524739606],[86.5679615614153,35.109657660590585],[86.56923475477464,35.10955566406261],[86.57014282226606,35.11100531684042]]]}},{"type":"Feature","id":"hydrolakes:1371934","properties":{"Hylak_id":1371934,"Lake_name":"","Country":"China","Continent":"Asia","Poly_src":"SWBD","Lake_type":1,"Grand_id":0,"Lake_area":0.79,"Shore_len":5.0,"Shore_dev":1.59,"Vol_total":2.17,"Vol_res":0.0,"Vol_src":3,"Depth_avg":2.7,"Dis_avg":0.055,"Res_time":455.6,"Elevation":4803,"Slope_100":0.97,"Wshd_area":229.7,"Pour_long":86.546468,"Pour_lat":35.104767,"source_id":"hydrolakes:1371934","label":""},"geometry":{"type":"Polygon","coordinates":[[[86.54837022569495,35.10541503906268],[86.54623969184064,35.10292697482652],[86.54580186631978,35.101946072048804],[86.5438606770839,35.100862630208496],[86.54235283745692,35.10098415798626],[86.54106513129409,35.10007107204882],[86.54041815863746,35.10043185763908],[86.53776801215326,35.09931586371545],[86.53431328667591,35.09974229600709],[86.53319227430592,35.10015353732655],[86.5321065266931,35.099548068576496],[86.53148288302998,35.099597981770955],[86.5311111111115,35.09916666666686],[86.52700873480956,35.099902886284895],[86.52570475260444,35.101567925347354],[86.52648111979198,35.10233072916685],[86.52799112955779,35.10126030815991],[86.52915744357671,35.10154676649324],[86.52962293836856,35.1030929904515],[86.53096340603332,35.103585069444534],[86.53440660264795,35.10420952690981],[86.5372162543407,35.10398383246553],[86.53906032986146,35.10438585069471],[86.54083333333381,35.10390082465284],[86.54207953559063,35.10487684461816],[86.54291517469665,35.10456976996551],[86.54633816189272,35.10529459635433],[86.54753390842046,35.105961914062675],[86.54837022569495,35.10541503906268]]]}},{"type":"Feature","id":"hydrolakes:1371962","properties":{"Hylak_id":1371962,"Lake_name":"","Country":"China","Continent":"Asia","Poly_src":"SWBD","Lake_type":1,"Grand_id":0,"Lake_area":0.25,"Shore_len":2.04,"Shore_dev":1.16,"Vol_total":0.66,"Vol_res":0.0,"Vol_src":3,"Depth_avg":2.6,"Dis_avg":0.011,"Res_time":691.4,"Elevation":4993,"Slope_100":1.3,"Wshd_area":9.1,"Pour_long":88.400617,"Pour_lat":35.082512,"source_id":"hydrolakes:1371962","label":""},"geometry":{"type":"Polygon","coordinates":[[[88.40283582899355,35.08568684895852],[88.4033449978304,35.08493652343776],[88.40270806206644,35.0835481770834],[88.39967122395899,35.080850694444564],[88.398333333334,35.0800000000001],[88.39758544921938,35.080231119791904],[88.39570231119853,35.082309570312646],[88.39640028211863,35.083946397569605],[88.39707546658053,35.08431315104184],[88.39835747612898,35.08461154513901],[88.40019097222267,35.085608181423765],[88.40169677734428,35.08506781684042],[88.40283582899355,35.08568684895852]]]}},{"type":"Feature","id":"hydrolakes:1371965","properties":{"Hylak_id":1371965,"Lake_name":"","Country":"China","Continent":"Asia","Poly_src":"SWBD","Lake_type":1,"Grand_id":0,"Lake_area":0.12,"Shore_len":1.45,"Shore_dev":1.21,"Vol_total":0.22,"Vol_res":0.0,"Vol_src":3,"Depth_avg":1.9,"Dis_avg":0.005,"Res_time":517.4,"Elevation":4786,"Slope_100":0.87,"Wshd_area":18.8,"Pour_long":87.061667,"Pour_lat":35.079261,"source_id":"hydrolakes:1371965","label":""},"geometry":{"type":"Polygon","coordinates":[[[87.06211303710995,35.07945746527787],[87.06416666666723,35.07920193142377],[87.06586683485278,35.07941351996544],[87.06666476779554,35.07832085503492],[87.06570977105076,35.07762369791698],[87.06388888888927,35.07694444444462],[87.0601798502608,35.07800455729176],[87.06005710177993,35.07899034288209],[87.06211303710995,35.07945746527787]]]}},{"type":"Feature","id":"hydrolakes:1371970","properties":{"Hylak_id":1371970,"Lake_name":"","Country":"China","Continent":"Asia","Poly_src":"SWBD","Lake_type":1,"Grand_id":0,"Lake_area":0.42,"Shore_len":3.04,"Shore_dev":1.33,"Vol_total":0.97,"Vol_res":0.0,"Vol_src":3,"Depth_avg":2.3,"Dis_avg":0.057,"Res_time":196.2,"Elevation":4993,"Slope_100":0.83,"Wshd_area":52.9,"Pour_long":88.395937,"Pour_lat":35.073135,"source_id":"hydrolakes:1371970","label":""},"geometry":{"type":"Polygon","coordinates":[[[88.39614420572974,35.07297688802106],[88.39480360243107,35.07261013454871],[88.39373887803873,35.07269531250023],[88.39103027343805,35.07013943142374],[88.38978488498316,35.06985622829876],[88.38833333333383,35.0680555555557],[88.38650553385463,35.06882703993074],[88.38570475260468,35.06951660156261],[88.38633110894142,35.07058268229184],[88.38729654947974,35.071414388021026],[88.3893261718755,35.073868272569655],[88.39140950520891,35.07678493923629],[88.39190999349006,35.077906358507164],[88.3943158637158,35.076260308159874],[88.39614420572974,35.07297688802106]]]}},{"type":"Feature","id":"hydrolakes:1371975","properties":{"Hylak_id":1371975,"Lake_name":"","Country":"China","Continent":"Asia","Poly_src":"SWBD","Lake_type":1,"Grand_id":0,"Lake_area":0.23,"Shore_len":2.45,"Shore_dev":1.45,"Vol_total":0.35,"Vol_res":0.0,"Vol_src":3,"Depth_avg":1.6,"Dis_avg":0.091,"Res_time":45.1,"Elevation":4826,"Slope_100":0.45,"Wshd_area":247.6,"Pour_long":88.044792,"Pour_lat":35.065191,"source_id":"hydrolakes:1371975","label":""},"geometry":{"type":"Polygon","coordinates":[[[88.0465174696186,35.06624620225705],[88.04605902777831,35.06474880642378],[88.04526584201432,35.06348253038209],[88.04334933810833,35.06442220052094],[88.0420730251742,35.06403808593768],[88.04157931857691,35.062931857639],[88.0402422417539,35.06298665364608],[88.03972222222268,35.06250000000017],[88.03681586371579,35.063368598090335],[88.0373174370664,35.064674479166854],[88.03931586371579,35.065128580729265],[88.04198242187562,35.066338975694634],[88.04291748046927,35.065675998264055],[88.04494194878532,35.06735080295158],[88.0465174696186,35.06624620225705]]]}},{"type":"Feature","id":"hydrolakes:1371978","properties":{"Hylak_id":1371978,"Lake_name":"","Country":"China","Continent":"Asia","Poly_src":"SWBD","Lake_type":1,"Grand_id":0,"Lake_area":0.2,"Shore_len":2.12,"Shore_dev":1.35,"Vol_total":0.26,"Vol_res":0.0,"Vol_src":3,"Depth_avg":1.3,"Dis_avg":0.101,"Res_time":30.0,"Elevation":4825,"Slope_100":0.34,"Wshd_area":264.1,"Pour_long":88.051089,"Pour_lat":35.057934,"source_id":"hydrolakes:1371978","label":""},"geometry":{"type":"Polygon","coordinates":[[[88.04651529947978,35.056714409722474],[88.04527777777832,35.05527777777792],[88.04405436197959,35.05550075954892],[88.0439556206602,35.05673068576402],[88.04962131076445,35.06038628472237],[88.05038953993119,35.06044813368072],[88.05202853732703,35.059652777777956],[88.05277750651084,35.05831054687525],[88.05181586371589,35.05762858072927],[88.04651529947978,35.056714409722474]]]}},{"type":"Feature","id":"hydrolakes:1371983","properties":{"Hylak_id":1371983,"Lake_name":"","Country":"China","Continent":"Asia","Poly_src":"SWBD","Lake_type":1,"Grand_id":0,"Lake_area":0.18,"Shore_len":1.94,"Shore_dev":1.28,"Vol_total":0.46,"Vol_res":0.0,"Vol_src":3,"Depth_avg":2.5,"Dis_avg":0.0,"Res_time":-1.0,"Elevation":4801,"Slope_100":1.25,"Wshd_area":0.9,"Pour_long":86.879767,"Pour_lat":35.054761,"source_id":"hydrolakes:1371983","label":""},"geometry":{"type":"Polygon","coordinates":[[[86.87981879340327,35.055358615451496],[86.88149400499168,35.05467285156277],[86.88157918294331,35.05409722222237],[86.88070638020866,35.05344997829883],[86.87947821723134,35.05363118489595],[86.87849012586838,35.05289876302106],[86.87662353515668,35.05213487413209],[86.87583333333367,35.051111111111254],[86.8732123480907,35.05211425781266],[86.87349405924533,35.053392469618245],[86.87472724066873,35.05389756944464],[86.87583129882847,35.05471571180584],[86.87744873046904,35.055187717014064],[86.87981879340327,35.055358615451496]]]}},{"type":"Feature","id":"hydrolakes:1371990","properties":{"Hylak_id":1371990,"Lake_name":"","Country":"China","Continent":"Asia","Poly_src":"SWBD","Lake_type":1,"Grand_id":0,"Lake_area":0.82,"Shore_len":5.41,"Shore_dev":1.69,"Vol_total":3.21,"Vol_res":0.0,"Vol_src":3,"Depth_avg":3.9,"Dis_avg":0.015,"Res_time":2475.8,"Elevation":4947,"Slope_100":2.01,"Wshd_area":9.3,"Pour_long":89.426042,"Pour_lat":35.042007,"source_id":"hydrolakes:1371990","label":""},"geometry":{"type":"Polygon","coordinates":[[[89.44150743272627,35.041175672743236],[89.44156575520924,35.04019585503488],[89.43875786675414,35.03878797743067],[89.43931803385487,35.037875976562646],[89.44121337890687,35.03798882378487],[89.44161648220552,35.03686577690985],[89.44050862630269,35.03626356336821],[89.43681911892429,35.036340060764076],[89.43677517361186,35.03560004340295],[89.4384643554693,35.03452528211824],[89.4366666666674,35.03333333333342],[89.43381944444513,35.03371419270843],[89.43207546658044,35.0359646267363],[89.43177137586866,35.038883463541765],[89.43049750434113,35.03957573784737],[89.42926432291733,35.03922471788218],[89.42782796224037,35.03811197916684],[89.42625786675421,35.03986870659742],[89.42463351779588,35.04090169270853],[89.42406819661511,35.041942274305825],[89.4253013780388,35.04261230468768],[89.42687906901102,35.0420464409724],[89.42764458550414,35.04209201388909],[89.43160291883743,35.04104654947935],[89.43502224392415,35.043016493055745],[89.43716389974026,35.04185275607654],[89.44150743272627,35.041175672743236]]]}},{"type":"Feature","id":"hydrolakes:1371995","properties":{"Hylak_id":1371995,"Lake_name":"","Country":"China","Continent":"Asia","Poly_src":"SWBD","Lake_type":1,"Grand_id":0,"Lake_area":0.39,"Shore_len":3.11,"Shore_dev":1.41,"Vol_total":2.13,"Vol_res":0.0,"Vol_src":3,"Depth_avg":5.5,"Dis_avg":0.015,"Res_time":1643.1,"Elevation":5168,"Slope_100":5.07,"Wshd_area":9.7,"Pour_long":88.799529,"Pour_lat":35.039569,"source_id":"hydrolakes:1371995","label":""},"geometry":{"type":"Polygon","coordinates":[[[88.81137695312549,35.04029296875012],[88.81022732204929,35.03867187500009],[88.81075358072985,35.037239040798795],[88.80916666666747,35.03583333333353],[88.80681776258729,35.036718207465526],[88.80514350043455,35.03765245225719],[88.80314643012218,35.03721679687516],[88.80143174913258,35.03817328559046],[88.79985080295188,35.03846191406262],[88.79918565538247,35.03883300781274],[88.7987603081603,35.04000162760434],[88.79995035807343,35.04068413628494],[88.8016544596361,35.039475911458624],[88.80483696831647,35.039907226562605],[88.80813585069507,35.04188856336833],[88.80958902994843,35.041771375868166],[88.81137695312549,35.04029296875012]]]}},{"type":"Feature","id":"hydrolakes:1372019","properties":{"Hylak_id":1372019,"Lake_name":"","Country":"China","Continent":"Asia","Poly_src":"SWBD","Lake_type":1,"Grand_id":0,"Lake_area":0.84,"Shore_len":4.28,"Shore_dev":1.32,"Vol_total":2.82,"Vol_res":0.0,"Vol_src":3,"Depth_avg":3.4,"Dis_avg":0.011,"Res_time":2964.9,"Elevation":4959,"Slope_100":1.45,"Wshd_area":30.8,"Pour_long":85.117954,"Pour_lat":35.023859,"source_id":"hydrolakes:1372019","label":""},"geometry":{"type":"Polygon","coordinates":[[[85.11901996612585,35.02459092881958],[85.11874912261982,35.02342719184054],[85.11727070702489,35.02210611979177],[85.11794597625772,35.01878200954877],[85.11756766849118,35.0180853949654],[85.11817122141548,35.01640353732648],[85.11666666666702,35.01500000000016],[85.11446156819693,35.01553331163211],[85.11034140268981,35.0154296875001],[85.10863464355509,35.01662163628487],[85.10807916853184,35.01900933159732],[85.10978412204372,35.01979166666689],[85.10928198496538,35.02071560329881],[85.10932613372836,35.02145616319456],[85.11021388583737,35.022727322048695],[85.11347042507634,35.02408582899318],[85.11534056769517,35.023974609375216],[85.11602765401227,35.02434787326405],[85.1159327952069,35.025939127604374],[85.11699904123975,35.02731499565999],[85.11907913631882,35.02763129340286],[85.11965225219762,35.026989474826564],[85.1195695792307,35.02560275607652],[85.11901996612585,35.02459092881958]]]}}]}