{"type":"FeatureCollection","features":[{"type":"Feature","id":"hydrolakes:13426","properties":{"Hylak_id":13426,"Lake_name":"","Country":"Russia","Continent":"Europe","Poly_src":"SWBD","Lake_type":1,"Grand_id":0,"Lake_area":23.94,"Shore_len":55.63,"Shore_dev":3.21,"Vol_total":527.06,"Vol_res":0.0,"Vol_src":3,"Depth_avg":22.0,"Dis_avg":4.711,"Res_time":1294.9,"Elevation":439,"Slope_100":5.9,"Wshd_area":182.3,"Pour_long":93.932293,"Pour_lat":53.888304,"source_id":"hydrolakes:13426","label":""},"geometry":{"type":"Polygon","coordinates":[[[94.0212527126738,53.91055284288211],[94.02078721788206,53.91010538736987],[94.0226695421008,53.90898803710945],[94.02458604600724,53.90861382378489],[94.02485839843763,53.90833062065991],[94.0285240342883,53.90720906575535],[94.03010145399332,53.907241346571254],[94.03152506510429,53.90666395399319],[94.03458604600706,53.906391601562575],[94.03678141276049,53.90544189453141],[94.03938585069466,53.90493340386314],[94.04009358723971,53.90419677734383],[94.0433029513892,53.90539944118933],[94.04903049045146,53.905830620659856],[94.05028401692715,53.90675726996557],[94.05840549045155,53.90659152560772],[94.06036865234398,53.908548583984555],[94.07099392361118,53.909727783203266],[94.07175347222244,53.91051852756095],[94.07339246961828,53.911108398437705],[94.07874728732673,53.91027506510437],[94.08224826388914,53.910002712673815],[94.08709662543424,53.91167494032146],[94.08957004123289,53.91193617079017],[94.09046766493071,53.91224338107662],[94.09718939887176,53.91277506510431],[94.10222737630221,53.912202826606006],[94.10519721137177,53.91159450954876],[94.10791937934044,53.91055826822924],[94.10874728732648,53.90942545572926],[94.10771918402799,53.90839992947059],[94.10489474826414,53.90784857855914],[94.10458604600717,53.90727254231791],[94.10672498914965,53.90685506184917],[94.10731391059045,53.907467719184126],[94.11128228081617,53.90789889865465],[94.11455295138893,53.907163221571295],[94.11485839843795,53.905175645616396],[94.11367187500008,53.90439778645856],[94.10891384548631,53.904416639540045],[94.10514160156276,53.90304511176231],[94.10862630208345,53.9023647732206],[94.10760742187529,53.901086290147816],[94.09911702473983,53.90125949435776],[94.09650173611135,53.90212944878482],[94.09510932074681,53.901652832031345],[94.09430284288214,53.90083604600704],[94.09393039279524,53.90006876627626],[94.09174289279525,53.89972493489603],[94.08833875868066,53.900422227647766],[94.0833425564237,53.900866563585225],[94.08169867621552,53.90142917209215],[94.07887505425356,53.901371663411624],[94.07527886284737,53.901780056423775],[94.06943332248278,53.90166083441858],[94.06903049045155,53.900830620659804],[94.06801676432309,53.90016587999139],[94.06263617621545,53.899169379340435],[94.062363823785,53.89833062065986],[94.06136610243078,53.89734998914946],[94.05906656901061,53.896901177300435],[94.05656819661488,53.89695217556442],[94.05396538628497,53.8966564941407],[94.05194661458341,53.89596557617216],[94.0489957682293,53.89639675564251],[94.04323893229184,53.89640787760425],[94.04152506510445,53.895836046007105],[94.04125271267372,53.895536566840406],[94.0423638237848,53.89444715711812],[94.04263617621535,53.89267564561658],[94.04152153862867,53.891944986979354],[94.04277235243057,53.89041110568587],[94.04485839843778,53.88971950954874],[94.0532188585072,53.888602837456745],[94.05403049045145,53.88778049045152],[94.05458604600716,53.8866693793405],[94.0548583984376,53.88543660481781],[94.05193901909735,53.88486667209219],[94.05027506510424,53.88429714626744],[94.05127007378479,53.883319634331656],[94.0599047851565,53.88360744900183],[94.06347493489613,53.88250271267373],[94.06399468315982,53.88196180555565],[94.06847493489596,53.881669379340394],[94.07008680555572,53.88133938259557],[94.07041395399318,53.879997287326546],[94.07075466579886,53.879669731987974],[94.06736979166675,53.87900906033002],[94.06374267578144,53.87777926974837],[94.06430284288217,53.876647677951496],[94.06319173177087,53.87528049045147],[94.06291937934054,53.87388617621542],[94.0608333333335,53.872638888889014],[94.05708062065992,53.87277506510429],[94.05309733072926,53.87342135959216],[94.05125271267389,53.8741693793404],[94.04780571831606,53.87465060763901],[94.04430284288208,53.87583062065988],[94.04354492187514,53.876580539279644],[94.03874728732654,53.8769417317709],[94.0365814887154,53.87787868923624],[94.03621744791695,53.87900065104179],[94.032276746962,53.880275065104286],[94.02497395833359,53.87944715711825],[94.02273111979196,53.880356987847335],[94.02236382378481,53.88111382378486],[94.01816786024341,53.881714274088665],[94.0150602213543,53.88165093315979],[94.01333414713548,53.881060112847365],[94.01042751736134,53.881119384765896],[94.00897786458341,53.88053141276049],[94.00534586588554,53.88086873372413],[93.99783962673627,53.88090576171879],[93.99492241753484,53.87992214626746],[93.99458604600716,53.87888617621536],[93.99123101128498,53.878613823784804],[93.99069715711835,53.8791693793404],[93.98816840277794,53.87966308593769],[93.9862171766494,53.87887166341153],[93.98458604600711,53.87749728732649],[93.98257541232658,53.87635728624156],[93.97791937934034,53.8744417317709],[93.97154215494811,53.8741693793404],[93.96565700954886,53.87696628146716],[93.96278320312507,53.8790333387588],[93.96152506510441,53.87944173177095],[93.95871012369804,53.88112887912337],[93.95582709418414,53.88169162326403],[93.9504871961808,53.8822718641494],[93.94776285807308,53.88221625434039],[93.94736382378488,53.881369900173866],[93.95041395399335,53.878052842882084],[93.95536973741326,53.87660508897579],[93.95341606987881,53.874658203125136],[93.94938015408025,53.87474053276918],[93.94732828776068,53.87557278103327],[93.94485839843759,53.877775065104345],[93.94408230251742,53.87882012261298],[93.94702880859387,53.87979098849837],[93.9462527126737,53.880558268229265],[93.94312093098966,53.88099555121556],[93.938250868056,53.882128634982735],[93.93441406250014,53.88254543728311],[93.93263617621534,53.88527506510434],[93.93125271267371,53.88807454427092],[93.93266303168446,53.88947509765637],[93.93784993489618,53.88936930338565],[93.94347493489596,53.89277506510433],[93.94403049045167,53.893330620659924],[93.94485839843759,53.89528049045151],[93.94680826822929,53.89555284288201],[93.95149251302092,53.899672037760524],[93.95510362413222,53.89999728732647],[93.95541395399317,53.89777506510433],[93.9566612413197,53.89652221679711],[93.95937852647586,53.89561442057317],[93.96045735677103,53.89666395399314],[93.96433837890663,53.895260552300556],[93.96485839843774,53.89471950954868],[93.96611653645869,53.89431111653653],[93.96791937934051,53.892780490451514],[93.96847493489611,53.89222493489592],[93.96874728732666,53.889981011284874],[93.96819173177107,53.88944715711813],[93.96791937934051,53.88838365342889],[93.97096950954875,53.88777506510428],[93.9749237738717,53.88750271267378],[93.97774468315976,53.8880805121529],[93.98056098090296,53.889022216797],[93.98236382378491,53.89083062065987],[93.98263617621541,53.892241210937584],[93.98180826822926,53.89335232204871],[93.98236680772578,53.89388888888902],[93.98207709418415,53.89416734483518],[93.9834749348961,53.89499728732653],[93.98458604600711,53.89610839843766],[93.98485839843784,53.899169379340435],[93.98541395399315,53.90028049045151],[93.98625271267383,53.900552842882064],[93.98708062065987,53.90168565538204],[93.9863661024308,53.90237223307304],[93.983204481337,53.90276950412334],[93.98125271267378,53.90361382378495],[93.97262993706607,53.906110297309226],[93.9740852864586,53.90697414822057],[93.97644205729176,53.90773885091153],[93.9825089518232,53.90813476562511],[93.98657145182307,53.908051893446384],[93.98874457465297,53.90730794270843],[93.99210828993063,53.90806464301227],[93.99441514756973,53.90984185112865],[94.00323811848978,53.90972588433175],[94.00485839843765,53.9102804904515],[94.0071264648439,53.91059719509565],[94.01061876085089,53.91052598741334],[94.01403049045166,53.91166395399313],[94.01459038628502,53.91250135633692],[94.01265842013913,53.91314778645847],[94.01236382378482,53.915574544271124],[94.01307834201401,53.91626112196201],[94.01639160156259,53.917091742621665],[94.01596950954871,53.91749728732651],[94.01569715711815,53.918613823784824],[94.01319173177097,53.91888617621538],[94.01236382378482,53.91918565538219],[94.01294270833347,53.91974161783867],[94.01480658637195,53.92034654405393],[94.01430284288222,53.92083062065984],[94.01403049045166,53.92196343315982],[94.0154139539934,53.92333604600708],[94.01777777777806,53.924130316840376],[94.02014160156267,53.92333604600708],[94.02119167751755,53.92226603190113],[94.023474934896,53.921947157118154],[94.0276684570315,53.920263943142515],[94.02847493489605,53.91944715711816],[94.02874728732655,53.91803656684044],[94.02791937934052,53.91721950954877],[94.02652506510447,53.916947157118216],[94.02328667534732,53.91575412326398],[94.02263617621554,53.914724934896014],[94.02236382378481,53.91277506510431],[94.0212527126738,53.91055284288211]],[[94.00819173177098,53.907502712673875],[94.0078553602433,53.90646674262155],[94.0067610677084,53.906092122396046],[94.00385687934056,53.90615139431435],[94.00222222222249,53.905591905382096],[93.99990180121534,53.90638617621545],[93.99736382378495,53.905569932725825],[93.99844156901048,53.90418145073795],[94.0020402018232,53.90420260959223],[94.00263617621556,53.9036300998265],[94.00069715711817,53.902969970703225],[94.00112630208355,53.90222493489597],[94.00379991319454,53.90253485785604],[94.00455376519119,53.90331949869807],[94.00581922743083,53.903752577039995],[94.00652506510437,53.90307454427091],[94.00571207682322,53.90197767469641],[94.00817681206627,53.90163343641501],[94.00736382378483,53.90085232204876],[94.01084852430574,53.90014255099845],[94.01033365885439,53.89964803059911],[94.01263617621538,53.89888617621534],[94.01514160156256,53.89861382378484],[94.01874728732662,53.89723415798636],[94.018474934896,53.8963861762154],[94.01708062065978,53.89555826822925],[94.01625271267375,53.89474121093775],[94.017500542535,53.89428968641505],[94.02527777777794,53.893750000000125],[94.02847493489605,53.8941639539932],[94.02903049045165,53.895275065104386],[94.0293028428822,53.89666937934044],[94.03041395399327,53.89803656684035],[94.03014160156266,53.89972493489603],[94.02903049045165,53.90083604600704],[94.02777235243087,53.901244439019194],[94.02652506510447,53.90221950954867],[94.02541042751744,53.903611653646124],[94.02652506510447,53.90434231228312],[94.02280653211818,53.90588487413203],[94.01797146267393,53.905786268446434],[94.0171023220488,53.90666395399319],[94.01388888888914,53.90605984158003],[94.00951253255232,53.90777506510432],[94.00819173177098,53.907502712673875]],[[93.99514160156275,53.88255845811648],[94.00138888888898,53.88236111111121],[94.002363823785,53.883330620659876],[94.00263617621556,53.884824354383795],[94.00118164062519,53.88577785915811],[93.99843153211822,53.88610839843767],[93.99677598741346,53.88554172092023],[93.9959695095489,53.88472493489604],[93.99514160156275,53.88255845811648]],[[94.09553846571225,53.90967529296887],[94.09336100260452,53.91004516601572],[94.09266954210091,53.90994289822066],[94.09237901475717,53.90872870551232],[94.09638888888912,53.90791666666695],[94.09706542968775,53.90876207139769],[94.09553846571225,53.90967529296887]]]}},{"type":"Feature","id":"hydrolakes:13503","properties":{"Hylak_id":13503,"Lake_name":"","Country":"Russia","Continent":"Europe","Poly_src":"SWBD","Lake_type":1,"Grand_id":0,"Lake_area":12.77,"Shore_len":21.43,"Shore_dev":1.69,"Vol_total":84.37,"Vol_res":0.0,"Vol_src":3,"Depth_avg":6.6,"Dis_avg":0.818,"Res_time":1193.7,"Elevation":292,"Slope_100":2.37,"Wshd_area":114.2,"Pour_long":90.957325,"Pour_lat":53.27934,"source_id":"hydrolakes:13503","label":""},"geometry":{"type":"Polygon","coordinates":[[[90.99403055826826,53.27666395399308],[90.99040662977427,53.2741647677953],[90.99286688910576,53.27389160156258],[90.99600769042951,53.27529758029516],[90.9965249972874,53.27583604600704],[90.99894538031685,53.27720838758688],[91.01104682074674,53.277772623697956],[91.01655748155366,53.276652832031345],[91.01736389160158,53.27583604600704],[91.01763610839834,53.27444173177088],[91.01819166395381,53.27333062065975],[91.01985833062065,53.272765842013996],[91.01819166395381,53.27222493489597],[91.017919447157,53.27083062065981],[91.01703613281256,53.270251464843795],[91.01541388617619,53.26972493489592],[91.01479444715704,53.269108072916765],[91.01180833604593,53.269447157118066],[91.00441833496097,53.26971950954868],[91.0020383029514,53.26875406901047],[90.99430277506491,53.26778049045146],[90.98485833062063,53.26528049045152],[90.9845861138237,53.263330620659815],[90.9778173149956,53.25980794270845],[90.97596944173159,53.25944715711813],[90.97569722493478,53.25914767795149],[90.97652499728719,53.25805284288214],[90.97816453721794,53.257732747396005],[90.97514919704844,53.25502631293409],[90.96626885308143,53.2545686848959],[90.96455044216572,53.25387152777785],[90.96416666666659,53.253472222222285],[90.95738491482194,53.25362684461817],[90.93041388617604,53.25499728732649],[90.92934868706595,53.2553618706599],[90.92903055826821,53.25668565538206],[90.9295861138238,53.25721950954869],[90.92985833062056,53.25880343967026],[90.92771592881928,53.25951687282998],[90.92400831434463,53.25944118923621],[90.9219215223523,53.257349989149475],[90.91985833062057,53.256947157118134],[90.91672987196193,53.25580376519105],[90.91511942545566,53.25583658854174],[90.91430277506498,53.256663953993154],[90.91347500271263,53.259169379340335],[90.90793097601988,53.2606209309896],[90.90141791449645,53.26048800998268],[90.90403055826806,53.262219509548686],[90.90430277506499,53.262780490451405],[90.91041388617606,53.26528049045152],[90.91296169704856,53.26624593098961],[90.91680833604596,53.266663953993145],[90.91708055284289,53.26779676649312],[90.9165249972873,53.26833062065975],[90.91625278049031,53.270296766493175],[90.91680833604596,53.27083062065981],[90.91763610839848,53.27250271267371],[90.9232115342881,53.273304850260445],[90.94132446289063,53.27270833333341],[90.94490464952253,53.27278157552092],[90.9501416693792,53.27444173177088],[90.95430277506506,53.279169379340374],[90.96159037272122,53.27999728732641],[90.96847500271252,53.27861382378478],[90.96999443901905,53.277077907986154],[90.9721902804904,53.2763484700522],[90.97462036132805,53.27639811197923],[90.98660807291662,53.27834960937503],[90.99337883843299,53.28062228732648],[90.996742892795,53.281108398437595],[90.99708055284293,53.27970323350701],[90.99403055826826,53.27666395399308]]]}},{"type":"Feature","id":"hydrolakes:13679","properties":{"Hylak_id":13679,"Lake_name":"","Country":"Russia","Continent":"Europe","Poly_src":"SWBD","Lake_type":1,"Grand_id":0,"Lake_area":13.78,"Shore_len":20.05,"Shore_dev":1.52,"Vol_total":265.64,"Vol_res":0.0,"Vol_src":3,"Depth_avg":19.3,"Dis_avg":0.341,"Res_time":9016.2,"Elevation":1810,"Slope_100":5.92,"Wshd_area":63.6,"Pour_long":91.208767,"Pour_lat":51.515941,"source_id":"hydrolakes:13679","label":""},"geometry":{"type":"Polygon","coordinates":[[[91.19719184027781,51.52921223958333],[91.20154717339415,51.52889214409714],[91.20236382378465,51.529719509548556],[91.20319173177069,51.531391601562405],[91.20374728732628,51.531947157118],[91.20631740993929,51.53336615668405],[91.2087704806857,51.534162326388866],[91.21180826822922,51.531947157118],[91.21263617621514,51.530830620659685],[91.21458604600679,51.52944715711794],[91.21491441514746,51.52877034505212],[91.21788655598942,51.52767333984366],[91.21819173177096,51.52609212239577],[91.21596950954853,51.52333604600693],[91.21569715711803,51.52249728732636],[91.21319173177085,51.52111382378462],[91.21152506510401,51.51944715711801],[91.21069715711798,51.51749728732631],[91.2089667426215,51.515208604600616],[91.19688761393223,51.515633680555425],[91.18578369140613,51.515407172308926],[91.17523613823772,51.51175455729168],[91.17263617621512,51.51139160156248],[91.1612527126735,51.50749728732626],[91.1548583984374,51.505558268229095],[91.15010443793403,51.50359212239579],[91.14638888888885,51.500972222222174],[91.14052483452684,51.50115749782981],[91.13950588650158,51.50258626302082],[91.13410081651477,51.502475857204956],[91.12888258192277,51.50278944227421],[91.12438090006498,51.50344726562497],[91.1237472195096,51.504441731770896],[91.12347500271267,51.506391601562484],[91.12096944173169,51.51110839843744],[91.12069722493476,51.512502712673495],[91.12014166937934,51.513074544270864],[91.12221666124128,51.51514431423601],[91.1248583306205,51.51611382378468],[91.13063239203547,51.517269694010395],[91.13096944173174,51.51845241970477],[91.12930277506501,51.51944173177088],[91.12903055826808,51.520280490451455],[91.12819166395383,51.52083062065964],[91.12746080186628,51.52183241102421],[91.12851942274295,51.52252631293396],[91.13180833604588,51.52360839843743],[91.13291944715701,51.52471950954856],[91.13319166395382,51.52639160156258],[91.13374721950953,51.526947157118],[91.13525024414054,51.52743489583327],[91.13885613335503,51.527775065104095],[91.1487139214409,51.526895345052026],[91.15134453667525,51.527279730902706],[91.15434909396708,51.52721842447926],[91.15600192599823,51.52665283203129],[91.15736382378458,51.52528049045128],[91.15763617621514,51.52416395399297],[91.1583620876736,51.52343098958323],[91.16047919379326,51.522502712673656],[91.16397650824644,51.52321912977425],[91.16430284288197,51.52389160156241],[91.16774454752596,51.524469401041586],[91.16971666124124,51.52514431423606],[91.17205349392361,51.52560058593741],[91.17152506510422,51.52610839843743],[91.17069715711807,51.528058268229074],[91.17014160156248,51.528630099826444],[91.17069715711807,51.52916395399308],[91.17098971896712,51.53066243489576],[91.17680826822908,51.53277506510415],[91.17878445095477,51.53363009982627],[91.17960923936624,51.53446397569439],[91.18208062065958,51.53528049045133],[91.18783474392359,51.537094455295176],[91.1926220703125,51.53752007378466],[91.1937693956163,51.537496744791554],[91.19430284288194,51.53694173177092],[91.19736382378471,51.53500271267359],[91.19763617621527,51.53442545572909],[91.19708062065962,51.53389160156246],[91.19652506510403,51.53278049045127],[91.19625271267358,51.53053656684017],[91.19719184027781,51.52921223958333]]]}},{"type":"Feature","id":"hydrolakes:13692","properties":{"Hylak_id":13692,"Lake_name":"","Country":"Russia","Continent":"Europe","Poly_src":"SWBD","Lake_type":1,"Grand_id":0,"Lake_area":24.28,"Shore_len":31.62,"Shore_dev":1.81,"Vol_total":111.68,"Vol_res":0.0,"Vol_src":3,"Depth_avg":4.6,"Dis_avg":2.213,"Res_time":584.1,"Elevation":705,"Slope_100":1.51,"Wshd_area":551.6,"Pour_long":94.514583,"Pour_lat":51.335417,"source_id":"hydrolakes:13692","label":""},"geometry":{"type":"Polygon","coordinates":[[[94.497922092014,51.36250542534708],[94.4983227539064,51.36207248263878],[94.50068440755223,51.36128797743049],[94.50098388671904,51.36316840277766],[94.50236653645851,51.36360568576379],[94.50269015842031,51.364291992187475],[94.50606174045157,51.36555013020825],[94.50836154513905,51.36521972656243],[94.51014431423624,51.364172092013916],[94.51041124131956,51.363050130208364],[94.51245524088557,51.36266004774302],[94.51292209201438,51.362227647569455],[94.5131890190977,51.36027235243046],[94.51477105034746,51.359771592881884],[94.51672607421915,51.35810818142369],[94.52061089409739,51.35795410156237],[94.52118950737872,51.35857855902765],[94.52602376302116,51.36055013020831],[94.52959879557312,51.3602327473958],[94.53069986979199,51.359172092013694],[94.5309667968753,51.358327907985995],[94.53236653645848,51.357505425347085],[94.53266954210079,51.35654839409716],[94.53456787109388,51.355947265624934],[94.53485568576423,51.354439019097185],[94.53674506293413,51.35281032986097],[94.53974256727474,51.351725260416686],[94.54181098090305,51.350560980902685],[94.54236653645864,51.349449869791556],[94.54318901909755,51.34666124131934],[94.54514431423632,51.34556098090263],[94.5456296115454,51.34503689236101],[94.5487820095488,51.343616536458285],[94.55014431423638,51.3438834635416],[94.5504112413197,51.34528320312501],[94.55119493272593,51.346084526909635],[94.55271945529529,51.34661892361106],[94.55557725694473,51.34721679687493],[94.55854492187513,51.34677354600683],[94.56096679687516,51.34527235243047],[94.56485568576409,51.343605685763976],[94.57096679687521,51.3414116753471],[94.56984103732668,51.34055121527774],[94.57403320312511,51.3402832031249],[94.57669759114611,51.33967719184028],[94.57825737847241,51.340224066840165],[94.58327365451402,51.33964301215275],[94.58646592881956,51.33976942274296],[94.58731879340297,51.33890136718759],[94.5928027343752,51.33859157986103],[94.59318901909762,51.33777235243048],[94.59430013020852,51.33670193142348],[94.5940332031252,51.33443901909726],[94.59181098090312,51.329994574652744],[94.58881076388906,51.32725477430546],[94.5868549262155,51.32645128038189],[94.58347764756957,51.3270963541666],[94.58374457465294,51.328060980902706],[94.58410753038214,51.32839680989571],[94.58069986979194,51.329172092013835],[94.57667426215312,51.329468858506914],[94.5751443142363,51.33000542534717],[94.57242187500032,51.33052517361119],[94.57103027343766,51.33163682725689],[94.56482747395864,51.33188259548609],[94.56318901909736,51.33028320312502],[94.5628602430557,51.32890299479158],[94.56140842013906,51.328845486111106],[94.55969129774337,51.32938910590269],[94.55818901909754,51.330272352430484],[94.55768934461827,51.330812174479036],[94.55562554253498,51.32996419270836],[94.55097954644117,51.33014811197904],[94.54818901909738,51.3286165364583],[94.54736653645847,51.32749457465269],[94.54458875868073,51.324716796875066],[94.5423562282989,51.32331705729155],[94.54152452256955,51.323350151909665],[94.5412554253474,51.32193901909716],[94.53945502387182,51.32040581597215],[94.53818901909744,51.32000542534712],[94.53603705512165,51.318370225694366],[94.5329600694447,51.31698404947912],[94.52255886501763,51.31739583333325],[94.51963433159739,51.316425781249905],[94.51878716362859,51.31556260850675],[94.51695231119834,51.31557725694432],[94.51504909939257,51.3152137586805],[94.51430013020848,51.31444986979159],[94.51403320312517,51.313605685763775],[94.51358913845513,51.31319444444432],[94.51430013020848,51.31253526475683],[94.51397976345498,51.311820203992966],[94.51211398654539,51.311229383680484],[94.51174072265655,51.31005099826382],[94.50874457465306,51.309449869791536],[94.50805555555587,51.30847222222218],[94.50473144531293,51.30876193576381],[94.50430013020866,51.30916124131937],[94.50403320312523,51.310283203124925],[94.50318901909742,51.31082790798598],[94.50292209201399,51.311672092013794],[94.50236653645851,51.31222764756939],[94.50110053168413,51.312628038194305],[94.50014431423642,51.313616536458255],[94.4987445746529,51.314439019097165],[94.49736653645869,51.316116536458196],[94.4948556857641,51.318327907985974],[94.49458875868066,51.31889431423599],[94.49211100260447,51.319232855902726],[94.49181098090287,51.321116536458305],[94.49125542534733,51.3216314019096],[94.49207790798624,51.322742513020785],[94.48958875868084,51.3263943142361],[94.48874457465308,51.32693901909715],[94.48847764756977,51.329172092013835],[94.487922092014,51.3296869574653],[94.48847764756977,51.330272352430484],[94.48874457465308,51.33389431423598],[94.48903320312525,51.33416124131941],[94.48930013020856,51.33611653645829],[94.48959445529545,51.33638888888885],[94.48847764756977,51.33746473524303],[94.48874457465308,51.3377832031249],[94.48943386501776,51.338483072916574],[94.49155164930568,51.33918240017351],[94.492911512587,51.33912814670134],[94.49318901909749,51.3400054253471],[94.49403320312518,51.340550130208214],[94.49435682508698,51.3412364366319],[94.49707790798641,51.34222764756936],[94.50041124131974,51.342517903645785],[94.50014431423642,51.343338758680545],[94.49945502387169,51.344038628472106],[94.49699842664955,51.34485622829857],[94.48903727213559,51.34465115017349],[94.4860337999134,51.345061306423474],[94.48569986979192,51.34611653645828],[94.48485568576416,51.34666124131934],[94.48458875868084,51.34917209201393],[94.48351101345509,51.34986762152772],[94.4851510959204,51.35083224826377],[94.48458875868084,51.35135362413189],[94.48681098090293,51.35193901909719],[94.48763346354184,51.35274251302076],[94.48681098090293,51.35357584635403],[94.48707790798625,51.35611653645822],[94.48763346354184,51.35663140190968],[94.48707790798625,51.35749457465272],[94.48681098090293,51.359172092013694],[94.48612928602455,51.36027235243046],[94.4787445746532,51.36000542534714],[94.47715955946205,51.35944986979155],[94.47331678602444,51.35975043402772],[94.47207790798626,51.36055013020831],[94.47181098090294,51.36139431423601],[94.46930013020852,51.363050130208364],[94.46903320312515,51.36444986979154],[94.46792209201402,51.36552029079854],[94.47044704861122,51.36666124131932],[94.47175808376744,51.36622775607634],[94.47220404730933,51.36528320312493],[94.47477566189247,51.36600531684019],[94.4790332031252,51.364727647569396],[94.48275743272598,51.362992621527724],[94.48450710720505,51.36360568576379],[94.48681098090293,51.36333875868047],[94.48935709635435,51.362227647569455],[94.49041124131958,51.36295735677089],[94.48958875868084,51.36385362413182],[94.48985568576416,51.364727647569396],[94.49181098090287,51.36610568576384],[94.49212049696195,51.3680501302083],[94.49342556423642,51.36761501736106],[94.49374457465308,51.36693901909729],[94.49458875868066,51.366394314236004],[94.4948556857641,51.36555013020825],[94.49736653645869,51.36361653645821],[94.497922092014,51.36250542534708]]]}},{"type":"Feature","id":"hydrolakes:13710","properties":{"Hylak_id":13710,"Lake_name":"","Country":"Russia","Continent":"Europe","Poly_src":"SWBD","Lake_type":1,"Grand_id":0,"Lake_area":26.47,"Shore_len":19.45,"Shore_dev":1.07,"Vol_total":205.35,"Vol_res":0.0,"Vol_src":3,"Depth_avg":7.8,"Dis_avg":0.552,"Res_time":4305.7,"Elevation":1002,"Slope_100":2.34,"Wshd_area":166.3,"Pour_long":94.775475,"Pour_lat":51.019494,"source_id":"hydrolakes:13710","label":""},"geometry":{"type":"Polygon","coordinates":[[[94.72231770833366,51.04139268663181],[94.72422092013909,51.04141276041662],[94.72820746527805,51.03999186197905],[94.74217827691007,51.039713541666515],[94.74443901909734,51.03818901909722],[94.74985839843765,51.035830620659624],[94.75292480468767,51.03549750434013],[94.75680826822946,51.03444715711794],[94.76208062066007,51.032219509548554],[94.76347493489601,51.031947157118],[94.76619683159754,51.030951605902715],[94.76662000868089,51.030079210069346],[94.77146430121542,51.028364800347276],[94.77458930121549,51.026389431423524],[94.77430013020847,51.026111111111106],[94.7765250651043,51.02333062065969],[94.77763617621554,51.022601996527726],[94.77708062066012,51.02194715711795],[94.7768082682295,51.0202750651041],[94.77541395399322,51.01805826822903],[94.77514160156267,51.01666395399303],[94.77374728732673,51.01444715711796],[94.77347493489617,51.01305284288179],[94.77291937934058,51.01221950954863],[94.77096950954899,51.011113823784626],[94.77069715711826,51.009997287326314],[94.76874728732656,51.00805826822909],[94.76837999131976,51.007301432291456],[94.76516493055573,51.00613064236103],[94.76374728732657,51.00472493489576],[94.76347493489601,51.00388617621519],[94.76278320312531,51.003189019097135],[94.76110568576416,51.00264431423608],[94.76014160156268,51.00166395399299],[94.7576361762155,51.000280490451246],[94.75711317274323,50.999736328124925],[94.75541395399341,50.99916937934012],[94.74736382378495,50.99527506510407],[94.74125271267377,50.99277506510413],[94.72861111111132,50.98847222222224],[94.72280815972243,50.9888509114582],[94.71847493489605,50.98972493489566],[94.71469997829882,50.99006076388878],[94.70985839843786,50.991108398437405],[94.70665201822936,50.992190755208185],[94.6996093750002,50.9938693576388],[94.69874728732651,50.99499728732633],[94.69847493489596,50.99778049045136],[94.69819173177109,50.998052842881805],[94.69791937934048,50.99972493489582],[94.69763617621561,50.999997287326266],[94.69736382378505,51.00222493489571],[94.69625271267387,51.00389160156237],[94.69430284288228,51.00527506510406],[94.69403049045155,51.005836046006834],[94.69152506510437,51.008330620659706],[94.68958604600721,51.011391601562366],[94.68874728732652,51.01221950954863],[94.68847493489613,51.01444715711796],[94.68819173177104,51.01471950954857],[94.68791937934049,51.016113823784565],[94.6868082682293,51.017203233506905],[94.68708062066014,51.01972493489575],[94.68903049045173,51.02110839843738],[94.69014160156263,51.02221950954856],[94.69096950954906,51.02361382378456],[94.69652506510437,51.0291693793402],[94.69791937934048,51.03027506510409],[94.69819173177109,51.031113823784665],[94.69903049045155,51.031663953992904],[94.70125271267386,51.0341639539929],[94.70208062066001,51.0363916015624],[94.70319173177103,51.03778049045127],[94.7062527126738,51.04027506510403],[94.70652506510436,51.0411138237846],[94.70874728732667,51.04250271267347],[94.71014160156273,51.042775065104195],[94.71270996093779,51.04388617621521],[94.71374728732678,51.04305284288182],[94.71867621527798,51.04251736111098],[94.72231770833366,51.04139268663181]]]}},{"type":"Feature","id":"hydrolakes:163513","properties":{"Hylak_id":163513,"Lake_name":"","Country":"Russia","Continent":"Europe","Poly_src":"SWBD","Lake_type":1,"Grand_id":0,"Lake_area":3.21,"Shore_len":13.43,"Shore_dev":2.11,"Vol_total":33.28,"Vol_res":0.0,"Vol_src":3,"Depth_avg":10.4,"Dis_avg":4.387,"Res_time":87.8,"Elevation":456,"Slope_100":5.18,"Wshd_area":187.8,"Pour_long":93.974586,"Pour_lat":53.995262,"source_id":"hydrolakes:163513","label":""},"geometry":{"type":"Polygon","coordinates":[[[93.99459038628493,54.00168972439246],[93.99767957899326,54.00139160156266],[94.00043565538209,54.002219509548695],[94.00096950954872,54.001663953993216],[94.0040304904515,54.000002712673734],[94.00509819878488,53.998914116753554],[94.0084749348959,53.998613823784865],[94.00874728732646,53.99803656684037],[94.00794650607651,53.99726725260439],[94.00976969401057,53.996911349826576],[94.01170166015635,53.99695081922755],[94.01374728732651,53.99778049045159],[94.01670925564252,53.998052842882146],[94.0204416232641,53.997213134765786],[94.0212027994794,53.996421169704945],[94.02485839843763,53.99583062065983],[94.02903049045165,53.995558268229274],[94.03154106987864,53.99471394856789],[94.03455322265637,53.99440511067718],[94.03485839843762,53.99221950954876],[94.03514160156266,53.991947157118204],[94.03541395399321,53.98947129991336],[94.03263617621536,53.98916937934041],[94.03096652560777,53.98722222222244],[94.03125271267373,53.98694715711821],[94.03152506510429,53.9858306206599],[94.03253906250029,53.98516560872406],[94.03138888888918,53.98402777777795],[94.02927327473975,53.9841985405817],[94.02791937934052,53.98482435438382],[94.02903049045165,53.9855528428821],[94.02973361545156,53.986527777777894],[94.02903049045165,53.98722493489595],[94.02596950954887,53.987775065104245],[94.02291937934041,53.98916937934041],[94.02041395399323,53.98944173177097],[94.01750542534751,53.99042222764774],[94.01417507595511,53.99107245551227],[94.01564100477458,53.991548122829954],[94.0165250651043,53.99302029079871],[94.0128285047744,53.993536376953216],[94.01208062065979,53.99278049045148],[94.01125271267375,53.99110839843763],[94.00763617621556,53.99083604600702],[94.00736382378483,53.98833062065984],[94.0059049479168,53.98746446397587],[94.00400824652797,53.987503255208594],[94.00304416232649,53.988472222222356],[94.00514594184034,53.99083468967018],[94.00121717664939,53.99223944769989],[93.99899712456607,53.99378974066849],[93.99548122829873,53.994711235894215],[93.9884095594619,53.994997287326555],[93.98278862847229,53.993891601562666],[93.97431559244802,53.99467881944457],[93.97403049045153,53.99557454427105],[93.97458604600723,53.996108398437684],[93.97485839843756,53.99722493489611],[93.98036214192746,53.9989576551651],[93.97985839843773,53.999441731771014],[93.97958604600717,54.00055826822933],[93.97903049045158,54.001362033420264],[93.98180826822926,54.001663953993216],[93.98719943576424,54.002767198350796],[93.9959695095489,54.00303656684042],[93.99459038628493,54.00168972439246]],[[94.00599717881971,53.99234076605916],[94.00805555555576,53.992083333333426],[94.00873453776069,53.9931191677519],[94.00638509114606,53.993791097005385],[94.00468532986127,53.993137749566074],[94.00599717881971,53.99234076605916]]]}},{"type":"Feature","id":"hydrolakes:163535","properties":{"Hylak_id":163535,"Lake_name":"","Country":"Russia","Continent":"Europe","Poly_src":"SWBD","Lake_type":1,"Grand_id":0,"Lake_area":4.24,"Shore_len":13.58,"Shore_dev":1.86,"Vol_total":35.26,"Vol_res":0.0,"Vol_src":3,"Depth_avg":8.3,"Dis_avg":3.099,"Res_time":131.7,"Elevation":458,"Slope_100":3.62,"Wshd_area":129.6,"Pour_long":94.03125,"Pour_lat":53.980425,"source_id":"hydrolakes:163535","label":""},"geometry":{"type":"Polygon","coordinates":[[[94.03236653645848,53.979202202691056],[94.0326334635418,53.97360582139771],[94.03307752821206,53.973194444444516],[94.03236653645848,53.972535536024395],[94.0326334635418,53.97082804362009],[94.03324571397576,53.96987494574665],[94.03529812283011,53.969225124783236],[94.03736653645848,53.96806084526929],[94.0376334635418,53.965828043619865],[94.0381890190975,53.96471693250885],[94.03874457465304,53.96420220269107],[94.03838921440996,53.963408745659876],[94.03661458333363,53.96278672960079],[94.03201199001762,53.96260430230046],[94.02346598307298,53.96323472764783],[94.02116021050392,53.96367499457483],[94.02045383029537,53.96443752712685],[94.01903320312522,53.96449381510428],[94.01930013020853,53.96332804361987],[94.01974419487857,53.96291666666684],[94.01847764756957,53.96138359917552],[94.0170779079865,53.96056084526924],[94.01600775824681,53.959171956380374],[94.01160400390654,53.96055026584219],[94.01041124131956,53.960283067491446],[94.01001057942716,53.95985053168414],[94.00707790798623,53.95944973415811],[94.0065882703995,53.95892130533872],[94.00429172092021,53.958058132595625],[94.00482530381953,53.957563747829965],[94.00083333333362,53.95708333333346],[93.99781684027784,53.9572357855904],[93.9962554253475,53.95778306749139],[93.99336181640643,53.95809095594632],[93.99096679687506,53.95943915473106],[93.99014431423626,53.961671956380314],[93.98958875868084,53.96218668619821],[93.98985568576416,53.963338623047036],[93.99096679687506,53.96556084526924],[93.99263346354189,53.9675052897137],[93.99514431423626,53.968883599175626],[93.99563123914959,53.96940931532134],[93.99805365668414,53.970466444227554],[94.00096679687522,53.97086452907996],[94.0006998697919,53.971949734158216],[93.99865587022589,53.97233995225707],[93.997922092014,53.97302001953142],[93.99847764756959,53.97360582139771],[93.9987445746529,53.9744497341581],[94.0006998697919,53.9747169325089],[94.00099690755218,53.975037570529594],[94.00233723958348,53.97498440212689],[94.00379937065998,53.97549696180573],[94.00630506727447,53.975596245659915],[94.00596110026055,53.97527777777793],[94.00681098090291,53.9744497341581],[94.00718641493069,53.97365410698808],[94.00887912326414,53.9732999674481],[94.0111208767363,53.9732999674481],[94.01391059027799,53.97388359917545],[94.01514431423647,53.973616400824824],[94.01569986979189,53.97278306749149],[94.0159667968752,53.97082804362009],[94.0165223524308,53.96999471028653],[94.01732394748274,53.96917358398446],[94.01846191406281,53.96912855360256],[94.0188571506078,53.96996568467898],[94.02374457465305,53.96992865668415],[94.02347764756973,53.970560845269176],[94.02292209201414,53.97107557508696],[94.02318901909746,53.97167195638036],[94.02387830946213,53.97237169053835],[94.02541124131955,53.97285712348099],[94.02514431423623,53.9744497341581],[94.0247002495662,53.97486111111135],[94.02596679687514,53.97635335286475],[94.02569986979182,53.97694973415827],[94.02443386501744,53.97735053168418],[94.02236653645849,53.97876288519984],[94.02690538194457,53.979289686415086],[94.02784776475704,53.98023640950532],[94.03014431423634,53.98055026584228],[94.03049343533002,53.98165323893238],[94.03147054036492,53.981691894531366],[94.03348334418416,53.98027777777787],[94.03236653645848,53.979202202691056]],[[94.02818413628495,53.97471191406265],[94.02861111111127,53.9745833333335],[94.02903808593777,53.974989691840506],[94.02929524739613,53.97584364149316],[94.0295936414933,53.976100802951635],[94.02985080295184,53.977011040581715],[94.02908718533013,53.977668863932365],[94.02737141927099,53.977155626085334],[94.02792697482647,53.976676974826546],[94.02818413628495,53.97471191406265]]]}},{"type":"Feature","id":"hydrolakes:163539","properties":{"Hylak_id":163539,"Lake_name":"","Country":"Russia","Continent":"Europe","Poly_src":"SWBD","Lake_type":1,"Grand_id":0,"Lake_area":4.58,"Shore_len":15.05,"Shore_dev":1.98,"Vol_total":43.17,"Vol_res":0.0,"Vol_src":3,"Depth_avg":9.4,"Dis_avg":2.424,"Res_time":206.1,"Elevation":458,"Slope_100":4.08,"Wshd_area":101.3,"Pour_long":94.041008,"Pour_lat":53.977083,"source_id":"hydrolakes:163539","label":""},"geometry":{"type":"Polygon","coordinates":[[[94.06707790798617,53.98142442491337],[94.06681098090286,53.98055026584228],[94.06504909939252,53.98021389431432],[94.06380506727453,53.978915337456726],[94.06289279513902,53.978595513238076],[94.06184461805589,53.97863715277788],[94.06125542534744,53.97809109157993],[94.06171278211843,53.977545572916824],[94.06375976562526,53.97670477973111],[94.06974419487864,53.9767556423613],[94.07183675130221,53.976317816840435],[94.0729220920141,53.97666137695336],[94.07331217447938,53.97748819987004],[94.07566379123284,53.977581380208505],[94.07604926215294,53.976764865451685],[94.07922417534729,53.975334201389046],[94.08262342664938,53.975983208550474],[94.08495062934048,53.976939154730985],[94.08792209201408,53.9766719563803],[94.08843017578147,53.976123453776154],[94.090613606771,53.97579793294284],[94.09204562717031,53.97629977756094],[94.0945000542535,53.97578626844631],[94.10291585286467,53.97524793836834],[94.10374457465298,53.97447998046886],[94.10340521918431,53.973369276258836],[94.09582655164957,53.97372328016502],[94.09458875868069,53.972535536024395],[94.094855685764,53.97166137695325],[94.101372884115,53.97124457465287],[94.10207790798626,53.970591091579934],[94.10171440972249,53.96977973090287],[94.09719292534749,53.96900878906263],[94.09161132812511,53.96878757052963],[94.09102728949676,53.969417995876825],[94.08938178168415,53.96999471028653],[94.08763346354186,53.9697275119359],[94.08733045789961,53.96908528645844],[94.07920952690989,53.9694071451824],[94.07391140407998,53.96834784613725],[94.06763346354177,53.96806084526929],[94.06514431423636,53.96721693250879],[94.0565223524307,53.966949734158106],[94.0546945529515,53.96619886610256],[94.05292209201406,53.965828043619865],[94.04818901909738,53.96556084526924],[94.04638888888917,53.96486111111119],[94.04114529079874,53.965080023871735],[94.04041124131953,53.965828043619865],[94.04014431423622,53.96722751193596],[94.03847764756972,53.969131130642495],[94.03930013020863,53.970005289713754],[94.04056613498273,53.97040608723967],[94.04119167751747,53.97108113606788],[94.04403320312514,53.97138359917557],[94.04474419487872,53.972083333333444],[94.04403320312514,53.97278306749149],[94.04265977647583,53.97321777343757],[94.04236653645853,53.9744497341581],[94.04098768446204,53.97488620334212],[94.04069986979181,53.97639417860256],[94.0390332031252,53.9782977973091],[94.03941704644109,53.979154595269165],[94.04123806423621,53.97922675238743],[94.04155137803826,53.978237033420214],[94.04336561414948,53.978873019748335],[94.04820936414939,53.979331732856],[94.05305555555566,53.97877034505228],[94.05214382595494,53.97968980577264],[94.05052761501759,53.980353732639],[94.04760335286466,53.9802379014759],[94.04595757378485,53.98055202908],[94.04675048828136,53.981362440321334],[94.04781873914953,53.981736924913264],[94.0539588758682,53.981980251736275],[94.05606174045153,53.98111640082482],[94.05681098090298,53.981383599175444],[94.05736653645863,53.98193915473115],[94.05763346354195,53.983894178602554],[94.05828531901068,53.98493150499144],[94.06181098090303,53.98444973415815],[94.06403320312512,53.983616400824815],[94.06625542534755,53.982227511935946],[94.06707790798617,53.98142442491337]]]}},{"type":"Feature","id":"hydrolakes:163598","properties":{"Hylak_id":163598,"Lake_name":"","Country":"Russia","Continent":"Europe","Poly_src":"SWBD","Lake_type":1,"Grand_id":0,"Lake_area":1.61,"Shore_len":5.78,"Shore_dev":1.28,"Vol_total":13.89,"Vol_res":0.0,"Vol_src":3,"Depth_avg":8.6,"Dis_avg":0.117,"Res_time":1374.3,"Elevation":454,"Slope_100":5.29,"Wshd_area":4.9,"Pour_long":93.989608,"Pour_lat":53.927112,"source_id":"hydrolakes:163598","label":""},"geometry":{"type":"Polygon","coordinates":[[[94.00505995008695,53.92991522894977],[94.00541124131973,53.929131130642475],[94.00458875868082,53.92805026584216],[94.0030175781252,53.927126736111234],[93.9987445746529,53.926671956380346],[93.99569986979185,53.92555026584216],[93.99138888888905,53.924861111111284],[93.98874457465297,53.92499471028657],[93.98619493272594,53.92585978190118],[93.98546115451416,53.92665174696202],[93.9809667968753,53.92693915473103],[93.98069986979198,53.92725775824664],[93.98152235243083,53.92819200303836],[93.9786518012155,53.92976793077264],[93.97361355251758,53.92956814236118],[93.9692097981773,53.93103257921018],[93.9719669596355,53.9337504069012],[93.9902454969619,53.9347675238717],[93.99214165581623,53.934692382812614],[93.99263346354189,53.934161376953284],[93.99569986979185,53.9338941786026],[94.00014431423631,53.93250528971362],[94.00172390407994,53.93185641818587],[94.00207790798623,53.93110582139769],[94.00282687717021,53.930341661241414],[94.00505995008695,53.92991522894977]]]}},{"type":"Feature","id":"hydrolakes:163734","properties":{"Hylak_id":163734,"Lake_name":"","Country":"Russia","Continent":"Europe","Poly_src":"SWBD","Lake_type":1,"Grand_id":0,"Lake_area":5.81,"Shore_len":13.45,"Shore_dev":1.57,"Vol_total":19.17,"Vol_res":0.0,"Vol_src":3,"Depth_avg":3.3,"Dis_avg":1.693,"Res_time":131.1,"Elevation":473,"Slope_100":1.09,"Wshd_area":445.6,"Pour_long":90.68125,"Pour_lat":53.810417,"source_id":"hydrolakes:163734","label":""},"geometry":{"type":"Polygon","coordinates":[[[90.65245110405817,53.813006184895926],[90.65403306749118,53.81250528971367],[90.65432094997834,53.81099731445323],[90.65579128689222,53.810531819661605],[90.66124403211802,53.810571831597315],[90.66374471028644,53.811702202691094],[90.66300577799473,53.81238688151058],[90.66681084526914,53.814716932508816],[90.66921156141495,53.81682671440984],[90.67229248046857,53.817414957682445],[90.67296766493035,53.818092583550424],[90.67657823350675,53.819423014323036],[90.67707804361959,53.81888359917542],[90.67874471028642,53.818328043619886],[90.68069973415783,53.8180608452692],[90.68231228298595,53.8173985460071],[90.68263359917535,53.816383599175424],[90.68301310221335,53.816032036675495],[90.68598449707031,53.815203721788464],[90.69100775824654,53.81472751193587],[90.69159172905813,53.815357801649384],[90.6943638102212,53.815247938368145],[90.69569973415781,53.81417195638028],[90.69652248806409,53.81305026584221],[90.69786539713522,53.812625054253544],[90.69818915473093,53.81193915473102],[90.69903306749143,53.811671956380394],[90.69991238064233,53.810152723524425],[90.70125528971363,53.80972751193593],[90.70152248806426,53.80832804361995],[90.70196648491736,53.80791666666681],[90.7013668484156,53.80736111111116],[90.70207804361985,53.80663113064247],[90.70096123589406,53.80555555555566],[90.70125528971363,53.80528306749153],[90.70152248806426,53.803605821397696],[90.70207804361985,53.8030200195314],[90.7007835557726,53.80177978515633],[90.70181084526905,53.80111640082475],[90.70207804361985,53.800634901258775],[90.69841708713102,53.79941799587681],[90.69694444444463,53.798194444444505],[90.69202087402329,53.79827026367195],[90.68652248806427,53.7988835991755],[90.67652248806411,53.80110582139781],[90.67612169053808,53.80153835720506],[90.6671677652995,53.804241536458505],[90.66488511827237,53.804151068793544],[90.66218980577247,53.804801703559235],[90.64985582139747,53.80638359917549],[90.64707804361967,53.80693915473097],[90.64606085883241,53.80729560004352],[90.64569973415803,53.80806084526927],[90.64430026584193,53.809161376953284],[90.64374471028646,53.80999471028656],[90.6434775119356,53.811116400824915],[90.64118109809021,53.81143025716153],[90.64046854654936,53.812199300130374],[90.63121120876735,53.812786593967076],[90.62985582139737,53.81416137695334],[90.62958862304686,53.81623711480057],[90.63286743164048,53.81703165690112],[90.63625528971357,53.81749471028655],[90.6370780436198,53.818616400824794],[90.6384775119356,53.81888359917542],[90.6405001491969,53.81971435546893],[90.64213846842432,53.81914021809905],[90.6431493462457,53.818127983941054],[90.64792195638017,53.81750528971361],[90.64936611599381,53.816912027994874],[90.65125528971328,53.81556084526932],[90.65152248806419,53.81360582139763],[90.65245110405817,53.813006184895926]]]}},{"type":"Feature","id":"hydrolakes:163736","properties":{"Hylak_id":163736,"Lake_name":"","Country":"Russia","Continent":"Europe","Poly_src":"SWBD","Lake_type":1,"Grand_id":0,"Lake_area":1.07,"Shore_len":4.1,"Shore_dev":1.12,"Vol_total":2.51,"Vol_res":0.0,"Vol_src":3,"Depth_avg":2.3,"Dis_avg":0.031,"Res_time":935.9,"Elevation":434,"Slope_100":1.32,"Wshd_area":8.6,"Pour_long":90.884375,"Pour_lat":53.808184,"source_id":"hydrolakes:163736","label":""},"geometry":{"type":"Polygon","coordinates":[[[90.8895911322698,53.80860324435781],[90.88861111111095,53.80791666666681],[90.88598605685769,53.80813083224837],[90.88291029188372,53.80794759114593],[90.87989400227849,53.80869940863727],[90.87959113226998,53.81005140516504],[90.88033854166667,53.810719129774384],[90.87917277018232,53.81146063910603],[90.87712768554684,53.81209201388907],[90.87681335449207,53.81282918294278],[90.877533094618,53.813472222222344],[90.8769113498264,53.81402777777794],[90.8776310899521,53.81473008897581],[90.87903557671439,53.815547688802155],[90.87998440212658,53.81654337565118],[90.8815614149305,53.81703043619808],[90.8879771592882,53.818422851562616],[90.88929775661882,53.81889675564247],[90.89398939344596,53.819144151475825],[90.89429775661893,53.81749213324662],[90.89514668782556,53.81667453342027],[90.89596442328542,53.81494859483524],[90.89292446560313,53.81110324435775],[90.89165106879324,53.810710042317794],[90.88985331217452,53.809174533420276],[90.8895911322698,53.80860324435781]]]}},{"type":"Feature","id":"hydrolakes:163790","properties":{"Hylak_id":163790,"Lake_name":"","Country":"Russia","Continent":"Europe","Poly_src":"SWBD","Lake_type":1,"Grand_id":0,"Lake_area":1.39,"Shore_len":5.7,"Shore_dev":1.36,"Vol_total":6.0,"Vol_res":0.0,"Vol_src":3,"Depth_avg":4.3,"Dis_avg":0.051,"Res_time":1360.8,"Elevation":333,"Slope_100":2.46,"Wshd_area":26.0,"Pour_long":92.223958,"Pour_lat":53.765561,"source_id":"hydrolakes:163790","label":""},"geometry":{"type":"Polygon","coordinates":[[[92.2246736653646,53.76704359266506],[92.22736843532994,53.76555582682295],[92.22599161783847,53.76444769965292],[92.22358059353314,53.764456380208514],[92.22062961154512,53.764044460720584],[92.21847493489582,53.76334526909733],[92.21874728732638,53.76249728732648],[92.22028917100687,53.76125000000013],[92.21985541449658,53.76083333333355],[92.2204139539931,53.76029676649313],[92.21991048177074,53.75974283854174],[92.21903049045136,53.759441731771005],[92.216286078559,53.758905843099114],[92.21432495117182,53.75750325520852],[92.2132076009114,53.75750827365465],[92.21157131618929,53.75694810655392],[92.20905558268237,53.75695800781267],[92.2080555555558,53.756250000000136],[92.20107394748277,53.75642537434902],[92.19458604600692,53.758124050564334],[92.19496459960936,53.758805202908206],[92.19819173177098,53.76028049045158],[92.20313096788192,53.76191284179714],[92.20514160156256,53.763052842882075],[92.20666110568584,53.76431111653653],[92.21098158094611,53.76611938476577],[92.2126072862414,53.766086290147655],[92.21343926323783,53.76692721896728],[92.2173175726997,53.76832967122408],[92.22055053710949,53.76839558919278],[92.2246736653646,53.76704359266506]]]}},{"type":"Feature","id":"hydrolakes:163821","properties":{"Hylak_id":163821,"Lake_name":"","Country":"Russia","Continent":"Europe","Poly_src":"SWBD","Lake_type":1,"Grand_id":0,"Lake_area":1.26,"Shore_len":5.07,"Shore_dev":1.28,"Vol_total":11.11,"Vol_res":0.0,"Vol_src":3,"Depth_avg":8.8,"Dis_avg":0.745,"Res_time":172.6,"Elevation":447,"Slope_100":5.95,"Wshd_area":25.3,"Pour_long":94.044681,"Pour_lat":53.739589,"source_id":"hydrolakes:163821","label":""},"geometry":{"type":"Polygon","coordinates":[[[94.06554741753479,53.746897515191165],[94.06792209201404,53.745560845269154],[94.06818901909736,53.744716932508766],[94.06874457465307,53.7442022026911],[94.06792209201404,53.74336886935771],[94.06818901909736,53.742494710286564],[94.06874457465307,53.74197998046884],[94.06847764756975,53.740828043619956],[94.06779893663219,53.739734022352536],[94.06373209635427,53.73957288954006],[94.06016031901066,53.74047214084209],[94.0574579535591,53.74057929144982],[94.05574544270854,53.740037027994845],[94.05389946831627,53.73846164279519],[94.05263346354178,53.73806084526916],[94.05214653862868,53.73753512912333],[94.04861111111126,53.73625000000021],[94.0447794596356,53.73649509006094],[94.04430013020846,53.73693915473103],[94.04374457465315,53.73805026584222],[94.04347764756972,53.73944973415814],[94.04292209201412,53.73996446397581],[94.04318901909744,53.740560845269215],[94.04403320312514,53.741105821397696],[94.04435004340286,53.74243611653651],[94.04681098090305,53.742772488064304],[94.04713460286496,53.74345838758683],[94.04874457465286,53.74396823459216],[94.04847764756954,53.74472751193588],[94.047970920139,53.74519694010428],[94.05292209201406,53.745828043620065],[94.05493001302113,53.746652832031316],[94.06554741753479,53.746897515191165]]]}},{"type":"Feature","id":"hydrolakes:163822","properties":{"Hylak_id":163822,"Lake_name":"","Country":"Russia","Continent":"Europe","Poly_src":"SWBD","Lake_type":1,"Grand_id":0,"Lake_area":4.29,"Shore_len":11.72,"Shore_dev":1.6,"Vol_total":20.11,"Vol_res":0.0,"Vol_src":3,"Depth_avg":4.7,"Dis_avg":0.103,"Res_time":2259.9,"Elevation":342,"Slope_100":1.83,"Wshd_area":70.0,"Pour_long":92.119792,"Pour_lat":53.73874,"source_id":"hydrolakes:163822","label":""},"geometry":{"type":"Polygon","coordinates":[[[92.12458862304703,53.73972751193588],[92.12818915473099,53.73805026584222],[92.12981011284722,53.737537027994904],[92.13032755533851,53.737057562934126],[92.12880520290793,53.73585978190113],[92.12761040581603,53.73544108072923],[92.12421807183182,53.73557549370679],[92.12181084526924,53.73524658203138],[92.12276719835074,53.734017198350955],[92.124679090712,53.73341186523453],[92.12403306749133,53.73281331380218],[92.12541137695325,53.731777208116455],[92.12485582139766,53.731116400824874],[92.12458862304703,53.730272488064486],[92.12403306749133,53.72975775824659],[92.12430026584207,53.72943915473104],[92.12738878038209,53.729110514323],[92.12792195638013,53.72861640082482],[92.12831529405383,53.72778306749137],[92.12903306749138,53.72805026584217],[92.13054497612859,53.729871690538346],[92.13258789062513,53.73051852756089],[92.13292765299491,53.73083333333341],[92.13236640082471,53.731671956380296],[92.1315157063803,53.7322212727866],[92.13230590820314,53.73302910698811],[92.1331891547311,53.733338623046905],[92.13640394422742,53.73368069118948],[92.13793362087671,53.73416503906259],[92.13625528971363,53.73515177408865],[92.1381697591147,53.73610582139776],[92.14573961046,53.73576090494805],[92.14930026584199,53.7325355360245],[92.14847751193588,53.73110582139765],[92.14768093532979,53.73029012044276],[92.14318915473098,53.729727511935835],[92.14263359917533,53.72917195638041],[92.14236640082464,53.72777248806432],[92.14158298068583,53.72697089301221],[92.13943386501734,53.72626057942722],[92.13889946831603,53.725683865017515],[92.13554497612841,53.7245939127605],[92.13436075846369,53.72335978190114],[92.13116943359387,53.72226982964412],[92.12879679361993,53.721773546007],[92.11883232964419,53.72121093750013],[92.1186111111113,53.72097222222237],[92.11552625868052,53.72116956922753],[92.1137447102866,53.722216932508786],[92.11324964735235,53.72275132921021],[92.11172498914937,53.72328572591152],[92.10569973415807,53.72444973415804],[92.10318915473084,53.72471693250873],[92.09911783854164,53.726339518229224],[92.09818915473102,53.72693915473104],[92.09763359917542,53.72805026584217],[92.09736640082457,53.729727511935835],[92.09681084526909,53.730242241753615],[92.09707804361977,53.7313941786025],[92.09818915473102,53.733338623046905],[92.09952813042543,53.73441799587687],[92.10567830403659,53.735652262370024],[92.10730590820327,53.73691799587692],[92.10995090060766,53.73756388346379],[92.11125528971348,53.73860582139764],[92.11157877604177,53.73929131401917],[92.1161900499132,53.73910847981779],[92.11942572699661,53.73996622721364],[92.12207397460935,53.74007120768249],[92.12458862304703,53.73972751193588]]]}},{"type":"Feature","id":"hydrolakes:163946","properties":{"Hylak_id":163946,"Lake_name":"","Country":"Russia","Continent":"Europe","Poly_src":"SWBD","Lake_type":1,"Grand_id":0,"Lake_area":5.17,"Shore_len":12.35,"Shore_dev":1.53,"Vol_total":20.98,"Vol_res":0.0,"Vol_src":3,"Depth_avg":4.1,"Dis_avg":0.893,"Res_time":271.9,"Elevation":264,"Slope_100":1.45,"Wshd_area":229.5,"Pour_long":91.136615,"Pour_lat":53.633526,"source_id":"hydrolakes:163946","label":""},"geometry":{"type":"Polygon","coordinates":[[[91.10125779893667,53.6347300889758],[91.10614698621964,53.634463161892484],[91.11629394531269,53.63327528211829],[91.12017740885409,53.63365017361116],[91.12284444173179,53.63363172743078],[91.12705471462675,53.63296278211811],[91.13177157931864,53.633032769097326],[91.1326728651257,53.633356119791756],[91.1337965901692,53.63328911675353],[91.13730590820302,53.63382297092022],[91.13763108995227,53.63276991102447],[91.13818664550786,53.63196397569459],[91.13360873752174,53.63148681640638],[91.12707553439668,53.6302856445314],[91.12451666937932,53.62969726562511],[91.12346550835497,53.628649359809174],[91.11941114637574,53.62830349392368],[91.11657674153645,53.62735378689257],[91.11617045084631,53.62646837022578],[91.1142977566189,53.62611897786462],[91.11318664550771,53.6255634223092],[91.11236891004773,53.62471435546888],[91.10874220106331,53.62389675564242],[91.10848002115881,53.623603244357696],[91.10501803927957,53.62238715277783],[91.09994066026479,53.621494411892456],[91.09959113226984,53.6211032443577],[91.09792446560346,53.62054768880233],[91.09352098253026,53.61977349175356],[91.08588670518668,53.62022867838556],[91.08207553439655,53.61945231119796],[91.08160692003031,53.61892768012166],[91.0791666666666,53.61847222222235],[91.07207553439656,53.620269911024366],[91.07181335449212,53.62067437065997],[91.0731866455078,53.621593424479215],[91.07207553439656,53.62193657769109],[91.07095418294256,53.62277642144102],[91.07171088324651,53.62355468750013],[91.07514668782574,53.62415879991329],[91.0768263753256,53.62471842447934],[91.07620103624129,53.625687120225734],[91.07151997884108,53.62749213324662],[91.06985331217447,53.62860324435769],[91.06959113226992,53.62917453342027],[91.06817606608064,53.629998372396074],[91.06849026150161,53.63027913411463],[91.06763108995216,53.630825466580006],[91.06651997884126,53.63276991102447],[91.06625779893659,53.63596625434042],[91.07219387478284,53.637214355468814],[91.07874532063789,53.63530978732649],[91.08312906901034,53.63499294704866],[91.10125779893667,53.6347300889758]]]}},{"type":"Feature","id":"hydrolakes:164010","properties":{"Hylak_id":164010,"Lake_name":"","Country":"Russia","Continent":"Europe","Poly_src":"SWBD","Lake_type":1,"Grand_id":0,"Lake_area":1.18,"Shore_len":4.39,"Shore_dev":1.14,"Vol_total":1.66,"Vol_res":0.0,"Vol_src":3,"Depth_avg":1.4,"Dis_avg":0.023,"Res_time":837.5,"Elevation":315,"Slope_100":0.7,"Wshd_area":15.4,"Pour_long":91.951643,"Pour_lat":53.593443,"source_id":"hydrolakes:164010","label":""},"geometry":{"type":"Polygon","coordinates":[[[91.94912923177077,53.58980604383703],[91.9465224880642,53.58944986979179],[91.94563924153641,53.58914008246535],[91.94527777777768,53.58875000000006],[91.94109008789059,53.58883300781258],[91.93951429578993,53.58948025173618],[91.93676852756084,53.589451497396055],[91.93625528971353,53.59000542534733],[91.933189154731,53.59082790798624],[91.92989637586834,53.5923413085938],[91.92958862304687,53.59350396050354],[91.9323664008246,53.59388346354177],[91.93403306749144,53.59443901909731],[91.93681084526901,53.59610568576403],[91.93707804361986,53.59778320312506],[91.93836086697058,53.598801812066085],[91.93997829861104,53.599439019097304],[91.94839545355893,53.597593858507025],[91.9488783094618,53.597072753906446],[91.95056613498258,53.59653835720496],[91.9515224880642,53.595272352430754],[91.95347751193583,53.59389431423625],[91.95430026584194,53.59265190972235],[91.95263359917544,53.591672092013994],[91.9523098415799,53.59098605685779],[91.94912923177077,53.58980604383703]]]}},{"type":"Feature","id":"hydrolakes:164014","properties":{"Hylak_id":164014,"Lake_name":"","Country":"Russia","Continent":"Europe","Poly_src":"SWBD","Lake_type":1,"Grand_id":0,"Lake_area":2.07,"Shore_len":7.59,"Shore_dev":1.49,"Vol_total":9.23,"Vol_res":0.0,"Vol_src":3,"Depth_avg":4.5,"Dis_avg":1.931,"Res_time":55.3,"Elevation":319,"Slope_100":2.23,"Wshd_area":230.6,"Pour_long":92.791935,"Pour_lat":53.58971,"source_id":"hydrolakes:164014","label":""},"geometry":{"type":"Polygon","coordinates":[[[92.77152506510447,53.595830620659854],[92.77448703342037,53.59555826822924],[92.77867730034757,53.596500922309076],[92.78437527126738,53.59638454861124],[92.78779947916678,53.59568332248273],[92.78874728732654,53.594425455729265],[92.78791937934045,53.59331434461825],[92.78903049045152,53.59194715711817],[92.78930284288208,53.59083062065986],[92.79236843532999,53.59000162760424],[92.79207763671889,53.58972222222235],[92.79236816406262,53.589443088107714],[92.79088921440979,53.588963216145885],[92.79125271267361,53.588613823784954],[92.79152506510417,53.58692545572927],[92.79083333333347,53.58625000000018],[92.78610595703122,53.58668619791672],[92.77986273871528,53.587617458767454],[92.77781467013887,53.587198079427196],[92.77514160156255,53.587518988715374],[92.77596950954859,53.58835232204865],[92.7743028428821,53.58971950954873],[92.77403049045165,53.59028049045145],[92.77308892144106,53.59058620876738],[92.76732042100707,53.59166395399319],[92.76549370659734,53.59103868272575],[92.76173583984394,53.59111545138916],[92.7579125976564,53.59189832899318],[92.75328233506951,53.59231011284726],[92.75180826822913,53.59444715711811],[92.74851535373296,53.596538085937766],[92.75075792100716,53.59780951605927],[92.75516493055568,53.59935167100707],[92.75726589626737,53.598632541232746],[92.76180826822929,53.598336046007034],[92.7653051757813,53.5969916449655],[92.76958604600713,53.59666937934054],[92.77152506510447,53.595830620659854]]]}},{"type":"Feature","id":"hydrolakes:164017","properties":{"Hylak_id":164017,"Lake_name":"","Country":"Russia","Continent":"Europe","Poly_src":"SWBD","Lake_type":1,"Grand_id":0,"Lake_area":1.3,"Shore_len":4.71,"Shore_dev":1.17,"Vol_total":4.61,"Vol_res":0.0,"Vol_src":3,"Depth_avg":3.6,"Dis_avg":0.074,"Res_time":721.4,"Elevation":301,"Slope_100":2.01,"Wshd_area":53.5,"Pour_long":91.812658,"Pour_lat":53.587277,"source_id":"hydrolakes:164017","label":""},"geometry":{"type":"Polygon","coordinates":[[[91.81040378146713,53.586401638455015],[91.80792955186627,53.58582058376754],[91.80416666666662,53.585416666666845],[91.79929267035595,53.58554280598969],[91.79782755533853,53.58609320746535],[91.79387654622411,53.585862901475934],[91.79348510742187,53.58652398003477],[91.79461697048623,53.587222222222294],[91.79332777235237,53.58801757812512],[91.79095933702263,53.58832058376743],[91.78997382269955,53.58869086371533],[91.78959621853295,53.5892477756077],[91.79027547200542,53.589812282986315],[91.7920704481337,53.59041286892369],[91.79074978298615,53.59122748480928],[91.79126288519967,53.59165391710093],[91.79151489257822,53.59279052734388],[91.79348510742187,53.59332058376742],[91.79391140407995,53.59383382161468],[91.79848510742193,53.59498725043426],[91.80089694552947,53.59606689453142],[91.80719970703143,53.59466715494813],[91.80762600368917,53.59415391710081],[91.80904066297751,53.59334608289936],[91.80929267035589,53.59248725043409],[91.81058119032122,53.592109103732696],[91.81095933702261,53.59165391710093],[91.81292955186643,53.590568305121565],[91.8131815592447,53.58998725043409],[91.8140406629775,53.58945719401066],[91.81429267035594,53.588476019965356],[91.8131815592447,53.58779052734383],[91.81237399631067,53.58665391710082],[91.81040378146713,53.586401638455015]]]}},{"type":"Feature","id":"hydrolakes:164154","properties":{"Hylak_id":164154,"Lake_name":"","Country":"Russia","Continent":"Europe","Poly_src":"SWBD","Lake_type":1,"Grand_id":0,"Lake_area":1.57,"Shore_len":5.06,"Shore_dev":1.14,"Vol_total":3.27,"Vol_res":0.0,"Vol_src":3,"Depth_avg":2.1,"Dis_avg":0.61,"Res_time":62.0,"Elevation":289,"Slope_100":1.0,"Wshd_area":193.3,"Pour_long":91.589611,"Pour_lat":53.435386,"source_id":"hydrolakes:164154","label":""},"geometry":{"type":"Polygon","coordinates":[[[91.5861914062499,53.42526177300357],[91.58583333333343,53.42486111111117],[91.58485324435759,53.424992133246576],[91.58236897786452,53.42580023871534],[91.58318657769092,53.42661539713555],[91.58292453342011,53.42806342230921],[91.58151991102432,53.4288810221355],[91.58125786675362,53.431118977864685],[91.58070231119791,53.431615397135545],[91.58348008897565,53.433603244357755],[91.5837421332464,53.43417453342022],[91.58498440212679,53.435154622396055],[91.58625786675344,53.43554768880222],[91.5865199110242,53.43611897786468],[91.5878373209635,53.43718315972228],[91.59403564453117,53.43971435546899],[91.59452867296011,53.440266113281325],[91.59587849934917,53.44034667968759],[91.59681342230891,53.43945231119801],[91.5970754665799,53.43888102213555],[91.59834893120683,53.43848795572927],[91.60151991102441,53.436103244357696],[91.60289781358512,53.43567789713552],[91.6031865776909,53.43443657769103],[91.6037421332465,53.43394015842023],[91.60348008897574,53.43221435546877],[91.60096435546882,53.43084120008683],[91.60064548068573,53.43014621310772],[91.59632771809885,53.4286659071181],[91.59494045681424,53.427261284722306],[91.59072102864604,53.42558919270846],[91.5861914062499,53.42526177300357]]]}},{"type":"Feature","id":"hydrolakes:164158","properties":{"Hylak_id":164158,"Lake_name":"","Country":"Russia","Continent":"Europe","Poly_src":"SWBD","Lake_type":1,"Grand_id":0,"Lake_area":2.28,"Shore_len":6.96,"Shore_dev":1.3,"Vol_total":4.36,"Vol_res":0.0,"Vol_src":3,"Depth_avg":1.9,"Dis_avg":0.323,"Res_time":156.3,"Elevation":262,"Slope_100":0.79,"Wshd_area":149.2,"Pour_long":91.79375,"Pour_lat":53.429969,"source_id":"hydrolakes:164158","label":""},"geometry":{"type":"Polygon","coordinates":[[[91.7868082682291,53.43168565538201],[91.78716105143235,53.430937771267565],[91.79096584743917,53.43179361979168],[91.79886284722221,53.42889160156261],[91.80003824869783,53.429334038628554],[91.80067504882823,53.42999674479171],[91.80180501302078,53.43001980251745],[91.80208062065992,53.428608398437575],[91.80263617621523,53.42807454427094],[91.80236382378467,53.42638617621526],[91.80014160156259,53.423352322048856],[91.80041395399303,53.421663953993175],[91.80069715711807,53.42139160156262],[91.80096950954862,53.42027506510419],[91.80208062065992,53.41991455078136],[91.80180826822908,53.418608398437584],[91.80096950954862,53.41833604600697],[91.80083333333329,53.41791666666677],[91.79430284288185,53.418052842882105],[91.79152506510405,53.418608398437584],[91.78903049045141,53.41944715711816],[91.78674465603302,53.41989339192713],[91.78180826822927,53.422224934895894],[91.78041395399299,53.42249728732651],[91.77763617621531,53.423608398437636],[91.77728095160586,53.42470296223979],[91.76865776909716,53.42510498046886],[91.76791937934019,53.425814344618175],[91.76985839843746,53.42833604600713],[91.77096950954865,53.42889160156261],[91.77306111653644,53.42930013020839],[91.77749443901916,53.430699869791795],[91.78025485568566,53.43123887803824],[91.78122558593759,53.432213812934094],[91.78396525065097,53.43277506510424],[91.78763604058173,53.432481011284835],[91.7868082682291,53.43168565538201]]]}},{"type":"Feature","id":"hydrolakes:164178","properties":{"Hylak_id":164178,"Lake_name":"","Country":"Russia","Continent":"Europe","Poly_src":"SWBD","Lake_type":1,"Grand_id":0,"Lake_area":1.32,"Shore_len":7.47,"Shore_dev":1.83,"Vol_total":1.86,"Vol_res":0.0,"Vol_src":3,"Depth_avg":1.4,"Dis_avg":5.035,"Res_time":4.3,"Elevation":280,"Slope_100":0.67,"Wshd_area":788.2,"Pour_long":91.169851,"Pour_lat":53.408939,"source_id":"hydrolakes:164178","label":""},"geometry":{"type":"Polygon","coordinates":[[[91.19373711480029,53.390609266493186],[91.19339152018239,53.38975640190972],[91.18883911132798,53.38946234809032],[91.18677313910581,53.39023871527786],[91.185707329644,53.39034722222232],[91.18595933702244,53.389709472656364],[91.18707044813362,53.389023980034835],[91.18681844075513,53.38693169487857],[91.18613674587675,53.38622422960077],[91.18472222222226,53.38569444444448],[91.18321926540796,53.38588677300362],[91.18292955186627,53.3875127495661],[91.18181844075508,53.38819824218763],[91.18207044813352,53.390290527343836],[91.1831815592447,53.39130777994808],[91.18292955186627,53.391679416232705],[91.17984822591137,53.393320583767434],[91.17848510742175,53.39445719401061],[91.17484822591138,53.396376139323024],[91.16929267035596,53.399987250434094],[91.16904066297741,53.400568305121624],[91.16818155924472,53.40109836154511],[91.16737399631069,53.402512749566085],[91.164596218533,53.40491889105914],[91.16484822591138,53.406401638454895],[91.1668184407551,53.40804280598968],[91.16713324652761,53.409115668402876],[91.17020005967879,53.40960069444458],[91.17070732964402,53.409179416232746],[91.17095933702245,53.40748725043409],[91.17292955186633,53.40556830512156],[91.17318155924477,53.40470947265635],[91.17459621853283,53.40334608289936],[91.17484822591138,53.40276502821189],[91.17681844075526,53.40167941623275],[91.17707044813369,53.40109836154511],[91.18015177408859,53.39945719401044],[91.18052992078987,53.399002007378556],[91.18233710394964,53.3984716796877],[91.1831815592447,53.396376139323024],[91.18737399631073,53.39417941623276],[91.19070732964406,53.391957194010445],[91.19112603081584,53.39145317925352],[91.19373711480029,53.390609266493186]]]}},{"type":"Feature","id":"hydrolakes:164203","properties":{"Hylak_id":164203,"Lake_name":"","Country":"Russia","Continent":"Europe","Poly_src":"SWBD","Lake_type":1,"Grand_id":0,"Lake_area":1.07,"Shore_len":4.12,"Shore_dev":1.12,"Vol_total":4.48,"Vol_res":0.0,"Vol_src":3,"Depth_avg":4.2,"Dis_avg":0.661,"Res_time":78.4,"Elevation":318,"Slope_100":2.63,"Wshd_area":98.5,"Pour_long":90.888542,"Pour_lat":53.379683,"source_id":"hydrolakes:164203","label":""},"geometry":{"type":"Polygon","coordinates":[[[90.87493164062494,53.38330023871538],[90.88272148980025,53.38267632378478],[90.88676127115889,53.38283664279527],[90.88736640082453,53.38222764756949],[90.88818915473087,53.38055013020846],[90.89070644802518,53.3780547417536],[90.88903306749137,53.37666124131954],[90.88283603244344,53.37476996527789],[90.87416666666655,53.37319444444449],[90.87051167805981,53.37337917751739],[90.86911688910584,53.374279785156375],[90.86958862304687,53.37471679687508],[90.87041137695297,53.37667209201396],[90.87125528971336,53.37777235243061],[90.87207804361958,53.379449869791756],[90.87403306749127,53.38110568576394],[90.87493164062494,53.38330023871538]]]}},{"type":"Feature","id":"hydrolakes:164270","properties":{"Hylak_id":164270,"Lake_name":"","Country":"Russia","Continent":"Europe","Poly_src":"SWBD","Lake_type":1,"Grand_id":0,"Lake_area":2.76,"Shore_len":8.53,"Shore_dev":1.45,"Vol_total":2.69,"Vol_res":0.0,"Vol_src":3,"Depth_avg":1.0,"Dis_avg":0.259,"Res_time":120.0,"Elevation":287,"Slope_100":0.33,"Wshd_area":60.8,"Pour_long":91.518242,"Pour_lat":53.310697,"source_id":"hydrolakes:164270","label":""},"geometry":{"type":"Polygon","coordinates":[[[91.50847751193572,53.320560980902826],[91.50874471028641,53.31961181640639],[91.5075488281251,53.3188395182292],[91.50595594618045,53.31833523220496],[91.50711208767353,53.31758843315987],[91.51157972547742,53.317199164496685],[91.51207804361974,53.31666124131948],[91.51449883355025,53.31603624131964],[91.51930026584188,53.31607557508693],[91.51874471028657,53.31556098090283],[91.51847751193577,53.313305935329936],[91.5200843641494,53.3133189561633],[91.52041137695306,53.31190890842021],[91.51985582139747,53.31139431423617],[91.5195640733507,53.30895616319452],[91.51707804361968,53.30861653645843],[91.51613362630195,53.30695909288204],[91.50715196397573,53.30654839409732],[91.5023240831162,53.3066596137154],[91.50194444444458,53.30625000000009],[91.49596693250885,53.3069390190974],[91.49508368598077,53.30724880642367],[91.49292195638014,53.30917209201391],[91.49211547851559,53.30943901909734],[91.48891994900163,53.30799940321191],[91.48732408311622,53.30806260850699],[91.48681084526896,53.30861653645843],[91.48383504231776,53.309813910590435],[91.48347751193586,53.31052924262167],[91.48600775824661,53.31082790798621],[91.48757242838536,53.309594455295326],[91.48958862304681,53.310272352430616],[91.4898558213975,53.31197998046895],[91.48889946831588,53.312927246093864],[91.48719441731777,53.31346706814247],[91.48681084526896,53.31392442491341],[91.48832275390623,53.31570502387166],[91.49047186957489,53.31641547309039],[91.49125528971354,53.31721679687507],[91.49152248806433,53.318060980902885],[91.49205566406249,53.318554958767436],[91.49514417860246,53.31888346354191],[91.49541137695314,53.3200273980035],[91.49347751193562,53.32003553602442],[91.49403306749122,53.3205501302084],[91.49438937717014,53.32130506727441],[91.49792195638014,53.322216796875125],[91.49943454318577,53.32330946180565],[91.50096693250856,53.322772352430604],[91.5029219563803,53.32250542534729],[91.50430026584189,53.32193901909727],[91.50781778971361,53.32122884114585],[91.50847751193572,53.320560980902826]]]}},{"type":"Feature","id":"hydrolakes:164286","properties":{"Hylak_id":164286,"Lake_name":"","Country":"Russia","Continent":"Europe","Poly_src":"SWBD","Lake_type":1,"Grand_id":0,"Lake_area":1.46,"Shore_len":7.52,"Shore_dev":1.75,"Vol_total":6.47,"Vol_res":0.0,"Vol_src":3,"Depth_avg":4.4,"Dis_avg":0.047,"Res_time":1593.7,"Elevation":305,"Slope_100":2.5,"Wshd_area":7.1,"Pour_long":91.158715,"Pour_lat":53.288238,"source_id":"hydrolakes:164286","label":""},"geometry":{"type":"Polygon","coordinates":[[[91.14680826822922,53.282497287326464],[91.1423141818575,53.281178927951544],[91.13841423882388,53.28063449435774],[91.13686523437485,53.2801044379342],[91.1248583306205,53.27972493489585],[91.12458611382368,53.27944173177087],[91.12291944715707,53.27888617621551],[91.12083333333322,53.27847222222243],[91.11453742133244,53.2786157226563],[91.11069722493477,53.27979627821185],[91.11098985460069,53.28240722656261],[91.11291944715691,53.28305284288206],[91.11345275878892,53.2836078559028],[91.11640753851981,53.28366807725706],[91.12014166937934,53.28333604600715],[91.1220989312065,53.28254231770836],[91.12620686848959,53.28245849609385],[91.1284750027126,53.28277506510432],[91.13763014051636,53.2848798285591],[91.14263617621515,53.28666937934037],[91.14553059895854,53.287454969618125],[91.14891384548599,53.28782280815983],[91.15289984809033,53.28927652994804],[91.15767930772557,53.28997477213562],[91.15930284288186,53.288352322048695],[91.15897311740446,53.287316623264076],[91.15708062065983,53.28694715711811],[91.15187296549487,53.28503282335083],[91.14903049045125,53.2833306206598],[91.14680826822922,53.282497287326464]]]}},{"type":"Feature","id":"hydrolakes:164290","properties":{"Hylak_id":164290,"Lake_name":"","Country":"Russia","Continent":"Europe","Poly_src":"SWBD","Lake_type":1,"Grand_id":0,"Lake_area":9.3,"Shore_len":15.72,"Shore_dev":1.45,"Vol_total":64.58,"Vol_res":0.0,"Vol_src":3,"Depth_avg":6.9,"Dis_avg":1.382,"Res_time":540.8,"Elevation":291,"Slope_100":2.22,"Wshd_area":227.0,"Pour_long":91.475916,"Pour_lat":53.285216,"source_id":"hydrolakes:164290","label":""},"geometry":{"type":"Polygon","coordinates":[[[91.46903306749141,53.278605685764035],[91.4687447102865,53.27833875868072],[91.46847751193582,53.27666124131969],[91.46792195638017,53.27610568576398],[91.46717298719608,53.27583875868066],[91.46473673502601,53.27683946397576],[91.4651498752171,53.277222222222406],[91.46485012478297,53.27750000000003],[91.46540228949647,53.27801161024314],[91.46334784613714,53.27840386284731],[91.46181084526916,53.27777235243059],[91.45985582139747,53.27750542534727],[91.45958862304684,53.276353352864646],[91.46237345377591,53.273332248264126],[91.46096693250877,53.27250542534745],[91.46069973415797,53.271661241319464],[91.45985582139747,53.271116536458464],[91.45958862304684,53.26971679687517],[91.45874471028634,53.268616536458524],[91.45847751193583,53.26777235243071],[91.45713094075535,53.26668511284731],[91.45308797200511,53.266386718750084],[91.43656846788207,53.266126030816054],[91.4328477647569,53.26551432291683],[91.4325,53.26513888888894],[91.42152248806411,53.265550130208396],[91.41958862304693,53.26639431423621],[91.41818915473095,53.266661241319525],[91.41569973415801,53.26778320312508],[91.41197564019092,53.26891221788196],[91.4110085720485,53.268873697916774],[91.40668660481776,53.269886881510445],[91.39985582139764,53.270272352430595],[91.39610731336796,53.270861816406466],[91.39241577148431,53.27180908203127],[91.39497653537313,53.27357855902784],[91.40043972439236,53.27405463324658],[91.40818915473108,53.276672092013996],[91.41099622938373,53.27723768446185],[91.41228068033848,53.2771869574654],[91.41660820855043,53.27809082031257],[91.41840318467882,53.27801974826406],[91.4210925292968,53.27900797526058],[91.42514417860235,53.27943901909731],[91.4257340494791,53.28002658420144],[91.42847751193568,53.280550130208496],[91.44048244900165,53.28614908854178],[91.44096693250867,53.28667209201399],[91.4443702528211,53.28809244791677],[91.44498942057288,53.28876057942716],[91.44847751193566,53.28999457465284],[91.449300265842,53.29083875868065],[91.4529219563803,53.292772352430575],[91.45374471028651,53.293616536458444],[91.45792195638023,53.29610568576396],[91.45818915473086,53.29667209201392],[91.45945502387156,53.297072753906434],[91.45998942057287,53.297649468316024],[91.46378865559888,53.298880208333514],[91.4643002658421,53.29832790798628],[91.46579020182281,53.29785644531256],[91.46540283203126,53.29749728732645],[91.46727240668406,53.2968709309896],[91.46763359917549,53.29610568576396],[91.4712552897135,53.293338758680704],[91.47152248806424,53.292772352430575],[91.47458862304683,53.29083875868065],[91.47485582139751,53.28832790798634],[91.47681084526914,53.28639431423619],[91.47707804361966,53.28350070529518],[91.47562133789057,53.28255995008686],[91.47318915473113,53.28222764756964],[91.47056613498273,53.27929497612854],[91.46930026584221,53.27889431423614],[91.46903306749141,53.278605685764035]]]}},{"type":"Feature","id":"hydrolakes:164298","properties":{"Hylak_id":164298,"Lake_name":"","Country":"Russia","Continent":"Europe","Poly_src":"SWBD","Lake_type":1,"Grand_id":0,"Lake_area":2.03,"Shore_len":11.09,"Shore_dev":2.2,"Vol_total":3.48,"Vol_res":0.0,"Vol_src":3,"Depth_avg":1.7,"Dis_avg":1.827,"Res_time":22.1,"Elevation":289,"Slope_100":0.73,"Wshd_area":339.2,"Pour_long":91.501037,"Pour_lat":53.276661,"source_id":"hydrolakes:164298","label":""},"geometry":{"type":"Polygon","coordinates":[[[91.51570475260428,53.28637858072926],[91.51429524739592,53.2861214192709],[91.51391411675354,53.28567925347227],[91.51084147135413,53.285202365451426],[91.50949707031259,53.286233452691135],[91.50651746961807,53.28584364149316],[91.50386827256943,53.284881727430616],[91.50348253038203,53.2844341362848],[91.5018158637152,53.28393229166687],[91.50207302517367,53.281934136284804],[91.50237141927079,53.281676974826496],[91.50262858072927,53.28082302517373],[91.50318413628474,53.28034423828143],[91.50292697482644,53.279711914062716],[91.50058024088548,53.279404839409835],[91.49859022352439,53.27825737847235],[91.50057617187491,53.27765950520836],[91.50207302517367,53.276515842013964],[91.50165662977435,53.27584364149311],[91.499489203559,53.276437445746694],[91.4970730251735,53.27612141927085],[91.49668728298599,53.27567382812521],[91.49540635850701,53.27528808593769],[91.49514919704859,53.27498969184035],[91.49361111111114,53.27458333333351],[91.48985080295125,53.274711914062664],[91.48818413628459,53.275267469618086],[91.48762858072917,53.27610080295142],[91.4873714192708,53.27723253038215],[91.48626030815961,53.277928602430734],[91.4865578884548,53.27840901692707],[91.48778578016487,53.27831027560768],[91.49151746961809,53.278622233072895],[91.4912223307291,53.27925889756955],[91.48848253038193,53.27975884331602],[91.48873969184018,53.280288085937514],[91.49040635850702,53.28078993055573],[91.48959364149295,53.28160020616326],[91.49032240125871,53.28236111111113],[91.48959364149295,53.28298909505213],[91.48985080295125,53.285565863715306],[91.49014919704854,53.28582302517373],[91.49040635850702,53.28667697482649],[91.49292697482656,53.28693413628474],[91.49329888237855,53.287767469618075],[91.49720255533845,53.28742838541672],[91.4977571614582,53.28678493923627],[91.50055094401029,53.28584364149316],[91.50151746961802,53.28639919704875],[91.50292697482644,53.286656358507],[91.50318413628474,53.28695475260423],[91.50570475260412,53.28721191406271],[91.5059619140626,53.28751030815977],[91.51349867078983,53.290142686632066],[91.51652872721354,53.29069552951398],[91.51873969184015,53.29167697482643],[91.5207047526041,53.292211914062534],[91.52116102430557,53.29274142795151],[91.5246873643664,53.29320285373268],[91.52596191406258,53.294454752604224],[91.52792697482636,53.29498969184033],[91.52831271701376,53.2954372829862],[91.52959364149308,53.29582302517372],[91.52985080295139,53.296399197048686],[91.53070475260427,53.29693413628479],[91.53100884331604,53.29860080295151],[91.5344494628905,53.29767768012158],[91.5354063585068,53.29673312717017],[91.5351491970485,53.2963785807292],[91.53429524739573,53.29612141927106],[91.533482530382,53.295267469618295],[91.53153008355059,53.294911295573],[91.53126030815997,53.291100802951405],[91.5309619140624,53.290843641493154],[91.53063815646698,53.289768608941074],[91.526517469618,53.28917697482649],[91.5248114691841,53.288458658854324],[91.52096191406258,53.28806586371536],[91.52052435980909,53.28755805121534],[91.5177832031249,53.28705810546887],[91.51570475260428,53.28637858072926]]]}},{"type":"Feature","id":"hydrolakes:164340","properties":{"Hylak_id":164340,"Lake_name":"","Country":"Russia","Continent":"Europe","Poly_src":"SWBD","Lake_type":1,"Grand_id":0,"Lake_area":2.14,"Shore_len":10.52,"Shore_dev":2.03,"Vol_total":15.48,"Vol_res":0.0,"Vol_src":3,"Depth_avg":7.2,"Dis_avg":2.586,"Res_time":69.3,"Elevation":295,"Slope_100":3.91,"Wshd_area":504.6,"Pour_long":92.401872,"Pour_lat":53.234416,"source_id":"hydrolakes:164340","label":""},"geometry":{"type":"Polygon","coordinates":[[[92.39736653645843,53.23166124131956],[92.39596679687503,53.23083875868059],[92.39566569010447,53.2302004665799],[92.39096679687509,53.22917209201398],[92.39037706163202,53.2285845269098],[92.38381863064234,53.22702962239589],[92.38301079644094,53.22622884114594],[92.37930013020843,53.22528320312506],[92.3776334635416,53.22417209201399],[92.3764431423611,53.22243191189244],[92.37232394748258,53.22249294704869],[92.37173692491325,53.2218592664932],[92.36438612196196,53.2205078125001],[92.3587445746528,53.218616536458455],[92.35861111111109,53.218194444444464],[92.3515223524306,53.21832790798618],[92.34347764756944,53.22059109157988],[92.34541124131965,53.22306098090297],[92.34736653645854,53.224161241319564],[92.34763346354168,53.22528320312506],[92.35001003689257,53.22560791015627],[92.35250786675363,53.22497829861135],[92.35907741970493,53.22493760850699],[92.36104112413204,53.224130859375066],[92.3715665690105,53.224731174045246],[92.3731453450522,53.22597222222231],[92.37203043619797,53.22669216579868],[92.37014431423609,53.226702202691],[92.37069986979179,53.22721679687521],[92.37096679687511,53.2280609809028],[92.37181098090298,53.22832790798623],[92.37241210937503,53.228926052517465],[92.37403320312518,53.2294390190973],[92.37476698133679,53.230160047743254],[92.3782397460937,53.230849338107646],[92.37911241319455,53.23173475477438],[92.38125000000014,53.23165011935771],[92.38157904730912,53.232347276475764],[92.38447916666661,53.23331841362858],[92.3859667968751,53.232742241753556],[92.3854047309029,53.23222140842017],[92.38643825954858,53.23155381944446],[92.38990152994785,53.23195502387165],[92.3909225802953,53.23297878689249],[92.3949959309897,53.23353542751744],[92.40021457248264,53.23600857204872],[92.40347764756945,53.23500542534737],[92.40374457465276,53.23396809895837],[92.40263346354186,53.23361653645844],[92.40183322482636,53.23283393012167],[92.39874457465294,53.23250542534731],[92.39786159939234,53.232195638020926],[92.39736653645843,53.23166124131956]]]}},{"type":"Feature","id":"hydrolakes:164440","properties":{"Hylak_id":164440,"Lake_name":"","Country":"Russia","Continent":"Europe","Poly_src":"SWBD","Lake_type":1,"Grand_id":0,"Lake_area":1.87,"Shore_len":6.66,"Shore_dev":1.37,"Vol_total":11.75,"Vol_res":0.0,"Vol_src":3,"Depth_avg":6.3,"Dis_avg":0.191,"Res_time":711.7,"Elevation":341,"Slope_100":3.47,"Wshd_area":24.1,"Pour_long":90.75625,"Pour_lat":53.139583,"source_id":"hydrolakes:164440","label":""},"geometry":{"type":"Polygon","coordinates":[[[90.76708055284274,53.135836046007],[90.75970174153645,53.13600287543409],[90.75901048448344,53.13698866102442],[90.747683783637,53.137801106771064],[90.73903055826838,53.13892144097224],[90.73932366265194,53.140384928385515],[90.74150187174467,53.141091579861325],[90.74263610839824,53.14220323350702],[90.7423638916016,53.143058268229254],[90.741808336046,53.143592122395944],[90.74216932508682,53.14398925781251],[90.74652499728717,53.145002712673715],[90.75799045138865,53.14536512586807],[90.75900221082895,53.146379394531266],[90.76709899902346,53.148330620659806],[90.76930277506517,53.14802001953126],[90.76903055826824,53.14694173177094],[90.76680833604581,53.14471950954862],[90.76485134548614,53.14333143446186],[90.77317877875424,53.142190755208446],[90.77096944173167,53.13916937934039],[90.77066697862398,53.13731174045142],[90.76796386718752,53.13641520182301],[90.76708055284274,53.135836046007]]]}},{"type":"Feature","id":"hydrolakes:164442","properties":{"Hylak_id":164442,"Lake_name":"","Country":"Russia","Continent":"Europe","Poly_src":"SWBD","Lake_type":1,"Grand_id":0,"Lake_area":6.22,"Shore_len":10.61,"Shore_dev":1.2,"Vol_total":29.9,"Vol_res":0.0,"Vol_src":3,"Depth_avg":4.8,"Dis_avg":0.251,"Res_time":1378.8,"Elevation":333,"Slope_100":1.65,"Wshd_area":33.8,"Pour_long":91.117308,"Pour_lat":53.138554,"source_id":"hydrolakes:164442","label":""},"geometry":{"type":"Polygon","coordinates":[[[91.131834174262,53.10749972873265],[91.12972222222214,53.1062500000001],[91.12880818684891,53.10644938151057],[91.12583333333322,53.10621039496533],[91.12339992947045,53.10640597873265],[91.12285020616304,53.10704399956609],[91.11762858072916,53.10804524739598],[91.11613959418406,53.108672146267395],[91.1155762396919,53.10932617187507],[91.11337002224383,53.11005154079868],[91.11279846191428,53.11071506076394],[91.10780246310748,53.112565646701455],[91.10707302517352,53.113323025173656],[91.10681586371527,53.114454752604274],[91.10540635850691,53.114711914062525],[91.1038119167751,53.11538330078133],[91.10261657714835,53.117500000000064],[91.10293897840711,53.11777777777792],[91.10207302517358,53.11887858072919],[91.10126030815962,53.1205658637154],[91.09985080295127,53.12165635850698],[91.09848253038194,53.123621419270876],[91.09762858072918,53.12415635850698],[91.0973714192707,53.12701090494801],[91.0979269748263,53.12748969184037],[91.09818413628477,53.12867757161462],[91.09762858072918,53.129156358506975],[91.09681586371511,53.13112141927087],[91.09651746961794,53.13137858072918],[91.0962603081598,53.13256646050354],[91.09681586371511,53.1330452473959],[91.09707302517347,53.134454752604256],[91.09818413628477,53.136121419270864],[91.09861362033416,53.136491427951455],[91.10126030815962,53.13721191406256],[91.1031841362846,53.138899197048715],[91.10478881835928,53.139824490017475],[91.10718553331156,53.140607096354245],[91.107628580729,53.14112141927092],[91.11061218261716,53.142740885416686],[91.11382229275165,53.14248291015639],[91.11596191406244,53.140545247396005],[91.11792697482645,53.139176974826455],[91.11818413628458,53.13832302517369],[91.11873969184018,53.1377674696181],[91.12126030815983,53.13639919704872],[91.12181586371526,53.135843641493125],[91.1220730251735,53.133600802951435],[91.12292697482644,53.13278808593759],[91.12318413628458,53.132211914062566],[91.12429524739582,53.13110080295144],[91.12677435980896,53.130425889756964],[91.12762858072921,53.128600802951496],[91.13014919704858,53.12584364149308],[91.13040635850683,53.11354465060771],[91.12985080295124,53.11306586371529],[91.1295936414931,53.11165635850705],[91.12848253038186,53.109873046875066],[91.1295936414931,53.10917697482648],[91.13040635850683,53.10832302517372],[91.131834174262,53.10749972873265]]]}},{"type":"Feature","id":"hydrolakes:164605","properties":{"Hylak_id":164605,"Lake_name":"","Country":"Russia","Continent":"Europe","Poly_src":"SWBD","Lake_type":1,"Grand_id":0,"Lake_area":8.74,"Shore_len":44.62,"Shore_dev":4.26,"Vol_total":291.46,"Vol_res":0.0,"Vol_src":3,"Depth_avg":33.3,"Dis_avg":1459.129,"Res_time":2.3,"Elevation":321,"Slope_100":14.44,"Wshd_area":184104.8,"Pour_long":91.50087,"Pour_lat":52.967446,"source_id":"hydrolakes:164605","label":""},"geometry":{"type":"Polygon","coordinates":[[[91.47514160156254,52.888886176215294],[91.47378295898454,52.88779513888892],[91.4723638237848,52.887219509548686],[91.46561659071187,52.88556233723966],[91.45663669162332,52.88537923177091],[91.44499932183152,52.88607828776048],[91.43534912109374,52.88552273220489],[91.42641276041655,52.88287000868064],[91.42485839843738,52.881947157118134],[91.42430284288207,52.8813916015626],[91.42319173177088,52.87916937934028],[91.42291937934033,52.87805284288197],[91.42263617621535,52.87778049045153],[91.42236382378474,52.87583062065977],[91.42180826822926,52.875296766493136],[91.42208062065964,52.87388617621531],[91.42347493489575,52.87139160156255],[91.42430284288207,52.86694173177091],[91.42541395399297,52.86555284288204],[91.42736680772578,52.86388888888894],[91.4270776367187,52.86361111111131],[91.42736382378467,52.863336046006964],[91.42763617621529,52.86138617621526],[91.4287472873263,52.8600189887153],[91.42847493489575,52.85777506510419],[91.42818874782978,52.857500000000186],[91.42985839843737,52.85529676649304],[91.42958604600699,52.85305284288194],[91.42903049045128,52.85251898871542],[91.42958902994786,52.85194444444454],[91.42929985894102,52.8516666666668],[91.42985839843737,52.851130099826435],[91.42958604600699,52.84999728732646],[91.42929985894102,52.84972222222234],[91.42958902994786,52.84944444444449],[91.428191731771,52.84805826822924],[91.42791937934015,52.84694173177081],[91.42708062065981,52.846113823784776],[91.42625271267366,52.84444173177093],[91.42377970377589,52.8422360568577],[91.42208062065964,52.84166937934026],[91.4216722276476,52.84124457465276],[91.41874728732643,52.840836046006984],[91.41193888346368,52.83931098090284],[91.40847493489576,52.838052842882064],[91.40416110568583,52.83708875868052],[91.39109659830723,52.83308702256949],[91.38604139539922,52.832022026909726],[91.38562527126737,52.83158908420137],[91.38269137912317,52.831016167534756],[91.38041395399301,52.82972493489581],[91.37769721137158,52.827265896267306],[91.3752777777778,52.826805555555666],[91.37236382378478,52.82695556640624],[91.37263617621517,52.8280582682292],[91.37374728732641,52.82889160156259],[91.37680826822918,52.83055284288196],[91.37708062065974,52.83111382378479],[91.37872409396692,52.831647135416745],[91.37930284288183,52.83250271267366],[91.38180826822912,52.83333062065981],[91.38230834960939,52.8338509114584],[91.38512573242184,52.83388075086805],[91.38722778320312,52.8345779079861],[91.38763617621515,52.8350027126736],[91.39014160156245,52.835275065104156],[91.40014160156261,52.838330620659804],[91.40208062065966,52.83916937934026],[91.41651909722225,52.8426576063369],[91.42203613281237,52.84441813151045],[91.42347493489575,52.84555284288194],[91.42458604600682,52.847219509548665],[91.42541395399297,52.84944715711811],[91.42596950954857,52.84998101128474],[91.42541395399297,52.850830620659735],[91.42514160156242,52.8544471571181],[91.42485839843738,52.85471950954866],[91.42458604600682,52.85778049045143],[91.42430284288207,52.85805284288199],[91.42403049045134,52.86055826822917],[91.42374728732648,52.86083062065978],[91.42347493489575,52.86250271267363],[91.42263617621535,52.86388617621526],[91.42180826822926,52.86611382378476],[91.41930284288196,52.86860839843763],[91.41819173177072,52.87110839843757],[91.41791937934033,52.87250271267368],[91.41736382378468,52.87303656684031],[91.41819173177072,52.878613823784804],[91.42181125217002,52.88222222222237],[91.42144476996515,52.88257432725703],[91.42291937934033,52.88305284288202],[91.42514160156242,52.884441731770835],[91.42783637152786,52.88660020616322],[91.43541395399313,52.88833604600711],[91.44662882486972,52.89041558159721],[91.45823310004346,52.888706868489635],[91.46604342990452,52.89005696614589],[91.46652506510412,52.89055826822931],[91.46812215169263,52.89107666015627],[91.47180826822921,52.89305284288196],[91.4723638237848,52.89360839843755],[91.47263617621536,52.894447157118236],[91.47319173177084,52.89498101128487],[91.47291937934051,52.89722493489586],[91.47041395399293,52.900830620659804],[91.46930284288203,52.903330620659744],[91.46903049045159,52.90472493489585],[91.46791937934029,52.90611382378478],[91.4659695095487,52.90749728732652],[91.46319173177079,52.909997287326405],[91.46236382378464,52.91194715711805],[91.46180826822905,52.9124810112848],[91.46208062065978,52.91389160156251],[91.4626361762152,52.91442545572926],[91.46236382378464,52.91555826822923],[91.46125271267374,52.91778049045138],[91.46069715711815,52.91831434461807],[91.46180826822905,52.92055284288216],[91.4626361762152,52.923336046006966],[91.46403049045148,52.925552842881984],[91.46430284288186,52.92639160156256],[91.46736382378486,52.931108398437516],[91.4676361762152,52.93278049045142],[91.46791937934029,52.93305284288198],[91.46819173177079,52.936113823784865],[91.46847493489588,52.93638617621531],[91.46874728732644,52.93805826822933],[91.47014160156237,52.94027506510423],[91.47096950954852,52.942224934895876],[91.47485839843745,52.9461138237848],[91.47677110460057,52.94748101128471],[91.47959038628471,52.948609754774395],[91.47903049045146,52.94914767795143],[91.48301689995645,52.94988823784729],[91.48903049045128,52.95471950954868],[91.4912527126736,52.95805284288201],[91.49152506510416,52.959169379340324],[91.4918082682293,52.95944173177088],[91.49263617621534,52.96278049045151],[91.49291937934021,52.96305284288195],[91.49374728732636,52.96861382378489],[91.49442220052083,52.96969346788194],[91.49669989691836,52.9689138454861],[91.50231092664944,52.96798828125014],[91.50347846137146,52.967222764757025],[91.50263617621528,52.9655582682293],[91.50180826822918,52.962497287326414],[91.49847493489585,52.95583062065981],[91.49291937934021,52.95055284288213],[91.49208062065975,52.95000271267361],[91.4918082682293,52.9488861762153],[91.48985839843743,52.94750271267378],[91.48903049045128,52.9461083984375],[91.48819173177083,52.94555826822932],[91.48791937934038,52.94499728732637],[91.48374728732648,52.942224934895876],[91.48208062065959,52.94055826822927],[91.48069715711796,52.93860839843751],[91.47874728732626,52.9369471571182],[91.47736382378463,52.93527506510418],[91.47485839843745,52.93389160156255],[91.4740304904513,52.9322195095487],[91.47208062065971,52.93055826822922],[91.47096950954852,52.92833604600702],[91.47069715711797,52.92638617621532],[91.47041395399293,52.9261138237847],[91.47014160156237,52.91916395399312],[91.4695860460069,52.91863009982637],[91.46985839843751,52.91777506510425],[91.47180826822921,52.915280490451494],[91.47208062065971,52.91416395399307],[91.4723638237848,52.91389160156251],[91.47263617621536,52.91194173177087],[91.47291937934051,52.91166937934031],[91.47319173177084,52.908608398437536],[91.4734749348957,52.90833604600709],[91.47374728732643,52.90583062065974],[91.4757001410589,52.90444444444449],[91.47541097005217,52.90416666666681],[91.47596950954863,52.9036083984376],[91.47763617621536,52.9026190863716],[91.4770770941841,52.90194390190965],[91.47903049045146,52.900280490451394],[91.47930284288185,52.89944173177082],[91.47985839843756,52.89890787760419],[91.47958238389748,52.89156521267364],[91.47738701714405,52.890852864583394],[91.47514160156254,52.888886176215294]]]}},{"type":"Feature","id":"hydrolakes:165286","properties":{"Hylak_id":165286,"Lake_name":"","Country":"Russia","Continent":"Europe","Poly_src":"SWBD","Lake_type":1,"Grand_id":0,"Lake_area":1.84,"Shore_len":5.76,"Shore_dev":1.2,"Vol_total":6.5,"Vol_res":0.0,"Vol_src":3,"Depth_avg":3.5,"Dis_avg":3.536,"Res_time":21.3,"Elevation":933,"Slope_100":1.77,"Wshd_area":289.0,"Pour_long":93.918263,"Pour_lat":52.242854,"source_id":"hydrolakes:165286","label":""},"geometry":{"type":"Polygon","coordinates":[[[93.91763617621535,52.240280490451426],[93.91162624782993,52.240286458333344],[93.90736382378498,52.241947157118034],[93.90549207899318,52.24231255425343],[93.90208062065977,52.24416395399305],[93.90167209201394,52.24458875868055],[93.89963053385424,52.24525146484376],[93.89819173177096,52.24638617621525],[93.89791937934041,52.24778049045142],[93.89736382378481,52.24831434461805],[93.89763617621537,52.25166937934023],[93.89874728732644,52.2530582682291],[93.90125271267374,52.25471950954858],[93.90233154296885,52.25581949869786],[93.90394802517375,52.25637261284726],[93.90763617621553,52.254997287326375],[93.91090874565998,52.25464165581593],[93.91341417100716,52.25380995008692],[93.91743191189255,52.25324896918397],[93.91819173177095,52.25251898871528],[93.91791937934056,52.249719509548584],[93.91736382378502,52.248608398437455],[93.91656222873291,52.247796766493195],[93.9134749348961,52.2465812174479],[93.91569715711813,52.24528049045148],[93.91621717664952,52.244739583333285],[93.91763617621535,52.24416395399305],[93.91985839843778,52.24373019748265],[93.91958604600705,52.24221950954859],[93.91930284288219,52.241947157118034],[93.91900472005221,52.24072455512152],[93.91763617621535,52.240280490451426]]]}},{"type":"Feature","id":"hydrolakes:165540","properties":{"Hylak_id":165540,"Lake_name":"","Country":"Russia","Continent":"Europe","Poly_src":"SWBD","Lake_type":1,"Grand_id":0,"Lake_area":2.12,"Shore_len":6.24,"Shore_dev":1.21,"Vol_total":15.07,"Vol_res":0.0,"Vol_src":3,"Depth_avg":7.1,"Dis_avg":0.09,"Res_time":1938.1,"Elevation":1711,"Slope_100":3.84,"Wshd_area":11.3,"Pour_long":90.295002,"Pour_lat":51.939559,"source_id":"hydrolakes:165540","label":""},"geometry":{"type":"Polygon","coordinates":[[[90.29594930013002,51.92196723090274],[90.29583333333323,51.921805555555466],[90.29317152235222,51.92192165798616],[90.29238403320295,51.9239116753472],[90.29182847764753,51.924745008680475],[90.29071736653651,51.92569878472216],[90.29094930013014,51.93141167534719],[90.29182847764753,51.93219943576389],[90.29261596679675,51.93363389756939],[90.29405069986962,51.935254991319425],[90.29428907606336,51.94386610243055],[90.29682847764735,51.94363389756944],[90.29983818901894,51.94247721354168],[90.3040506998696,51.941411675347126],[90.30682847764751,51.938633897569446],[90.3073840332031,51.937800564236056],[90.30761596679702,51.93692165798603],[90.30849514431401,51.935856119791595],[90.31039374457464,51.9316438802083],[90.3109431287977,51.931250000000034],[90.30793958875853,51.92886610243056],[90.30539374457447,51.92752278645827],[90.30347771538612,51.92495279947917],[90.29761596679674,51.92363389756946],[90.29594930013002,51.92196723090274]]]}},{"type":"Feature","id":"hydrolakes:165957","properties":{"Hylak_id":165957,"Lake_name":"","Country":"Russia","Continent":"Europe","Poly_src":"SWBD","Lake_type":1,"Grand_id":0,"Lake_area":5.68,"Shore_len":14.27,"Shore_dev":1.69,"Vol_total":12.71,"Vol_res":0.0,"Vol_src":3,"Depth_avg":2.2,"Dis_avg":3.041,"Res_time":48.4,"Elevation":704,"Slope_100":0.69,"Wshd_area":541.1,"Pour_long":94.785417,"Pour_lat":51.430763,"source_id":"hydrolakes:165957","label":""},"geometry":{"type":"Polygon","coordinates":[[[94.79625759548634,51.41550428602426],[94.79697753906282,51.41486111111101],[94.79633138020853,51.41428385416663],[94.79386230468776,51.41526991102421],[94.79347981770849,51.41443657769088],[94.79236870659741,51.413191460503356],[94.79625759548634,51.4125078667534],[94.79763129340313,51.41193657769094],[94.803879665799,51.41136773003467],[94.80429796006962,51.41070041232632],[94.80245171440987,51.40962565104161],[94.79989095052105,51.40977837456586],[94.79959092881967,51.409393174913134],[94.80014648437515,51.40889675564233],[94.8004090711807,51.406059841579804],[94.79985351562522,51.40556342230889],[94.79903537326425,51.40300428602433],[94.79959092881967,51.40250786675341],[94.79985351562522,51.40054768880202],[94.80014648437515,51.40028564453121],[94.8004090711807,51.39932562934024],[94.79916666666713,51.39847222222215],[94.79763129340313,51.39860324435756],[94.79611111111137,51.399148763020776],[94.79416666666702,51.39845106336804],[94.79268066406291,51.39898410373263],[94.7885801866322,51.39953260633678],[94.78487087673636,51.401246202256914],[94.78459092881957,51.40338460286455],[94.78531846788218,51.40403455946176],[94.78674207899337,51.40352349175356],[94.78736870659748,51.40415879991309],[94.78763129340325,51.40588460286449],[94.78580023871547,51.40791666666661],[94.78648654513927,51.40852973090267],[94.78948784722235,51.40788845486105],[94.78985351562528,51.40845214843739],[94.78843695746542,51.40950032552081],[94.78667154947937,51.40946072048604],[94.78505967881978,51.41003906249989],[94.78403537326398,51.41111897786453],[94.78280598958355,51.41138102213529],[94.78120334201407,51.41080593532985],[94.77710394965294,51.41114067925338],[94.77681315104184,51.41361897786447],[94.77618218315985,51.41425889756937],[94.7730110677087,51.414850802951435],[94.77374240451405,51.41569471571171],[94.77135633680587,51.41702799479157],[94.76938368055596,51.41763726128465],[94.7690353732641,51.418174370659585],[94.77014648437518,51.41888102213551],[94.77040907118072,51.419563259548625],[94.76929796006965,51.42026991102426],[94.7690353732641,51.42084120008684],[94.76818684895863,51.42165879991313],[94.76792426215309,51.4227856445313],[94.7673687065975,51.42345214843738],[94.76849229600725,51.42416666666662],[94.76763129340304,51.42471435546878],[94.76625759548625,51.42695231119785],[94.76540907118073,51.42776991102426],[94.76514648437518,51.42861897786457],[94.76318684895864,51.4302699110242],[94.76292426215292,51.43255126953113],[94.76596462673632,51.43500786675344],[94.76792426215309,51.43610324435758],[94.76837348090305,51.436605631510304],[94.77153808593778,51.43743598090265],[94.77574544270846,51.43799858940969],[94.77788845486145,51.4371074761284],[94.77818684895851,51.435825466579956],[94.77903537326415,51.434730088975584],[94.7792979600697,51.433881022135495],[94.7805132378474,51.433108181423506],[94.7862575954864,51.43223008897564],[94.78707573784754,51.43189317491306],[94.78651095920173,51.43138888888876],[94.78707573784754,51.43054768880205],[94.78922743055574,51.42905246310761],[94.78857801649326,51.428472222222126],[94.78966091579883,51.42744520399299],[94.79207573784737,51.42654785156259],[94.79095431857672,51.42583468967007],[94.7912668185769,51.42555555555549],[94.79096462673647,51.42528564453113],[94.7907020399308,51.424115397135324],[94.79152018229217,51.42304768880206],[94.79289767795171,51.42262234157977],[94.79318684895856,51.42138102213528],[94.79485351562528,51.41971435546867],[94.79681315104182,51.418341200086786],[94.79707573784736,51.41772650824646],[94.79652018229189,51.41723008897566],[94.79625759548634,51.41550428602426]]]}},{"type":"Feature","id":"hydrolakes:166055","properties":{"Hylak_id":166055,"Lake_name":"","Country":"Russia","Continent":"Europe","Poly_src":"SWBD","Lake_type":1,"Grand_id":0,"Lake_area":3.9,"Shore_len":11.16,"Shore_dev":1.59,"Vol_total":5.77,"Vol_res":0.0,"Vol_src":3,"Depth_avg":1.5,"Dis_avg":0.514,"Res_time":129.9,"Elevation":1110,"Slope_100":0.49,"Wshd_area":122.4,"Pour_long":93.572917,"Pour_lat":51.335417,"source_id":"hydrolakes:166055","label":""},"geometry":{"type":"Polygon","coordinates":[[[93.58792209201408,51.34111653645823],[93.5881890190974,51.33959635416659],[93.58652235243068,51.33861653645829],[93.58625542534725,51.33774251302077],[93.58681098090284,51.33722764756931],[93.58707790798616,51.33638346354172],[93.58763346354175,51.335827907986015],[93.5880227322051,51.335467664930434],[93.592740342882,51.334965277777656],[93.59563991970504,51.334985894097144],[93.59596679687525,51.33357584635422],[93.59514431423628,51.332772352430425],[93.59313259548622,51.33164008246524],[93.58832275390648,51.33098307291658],[93.58643771701401,51.32939507378461],[93.58306993272578,51.32816080729157],[93.58403320312516,51.32694986979169],[93.58430013020859,51.326177300347126],[93.5767629665799,51.32526475694431],[93.5763888888892,51.32486111111098],[93.57276557074664,51.325012478298504],[93.56763346354177,51.32582790798597],[93.56488199869807,51.32682888454849],[93.56458875868071,51.328060980902706],[93.56069986979179,51.329172092013835],[93.55825602213577,51.32950575086801],[93.55788601345512,51.33067382812487],[93.55630723741325,51.33117404513882],[93.55232394748282,51.331118164062445],[93.55181098090287,51.33167209201389],[93.54998155381963,51.33202094184014],[93.54958875868078,51.33263292100685],[93.55181098090287,51.333883463541554],[93.55254991319447,51.334608832465165],[93.5515223524306,51.33527235243042],[93.55125542534728,51.336378580729104],[93.55282714843759,51.336939019097144],[93.55511420355907,51.33599989149303],[93.55541124131952,51.337055121527726],[93.55347764756971,51.33861653645829],[93.55106336805562,51.33894639756937],[93.55069986979186,51.33975748697907],[93.55138020833346,51.340388454861056],[93.55494791666678,51.34028645833325],[93.55771511501757,51.34110568576381],[93.55936062283007,51.34052897135422],[93.56152235243076,51.33860568576381],[93.56269775390649,51.338338758680436],[93.56318901909725,51.338924153645735],[93.5623665364584,51.34003526475681],[93.56304687500011,51.340666232638796],[93.56881076388896,51.34043728298599],[93.57724121093753,51.33972764756936],[93.58144015842021,51.3403537326389],[93.58207790798616,51.34069173177073],[93.57774224175387,51.341153428819496],[93.57681098090302,51.34252278645829],[93.57972466362867,51.34348741319434],[93.58508951822927,51.343274739583194],[93.58658284505225,51.342751193576305],[93.58792209201408,51.34111653645823]]]}},{"type":"Feature","id":"hydrolakes:166318","properties":{"Hylak_id":166318,"Lake_name":"","Country":"Russia","Continent":"Europe","Poly_src":"SWBD","Lake_type":1,"Grand_id":0,"Lake_area":2.0,"Shore_len":7.53,"Shore_dev":1.5,"Vol_total":9.32,"Vol_res":0.0,"Vol_src":3,"Depth_avg":4.6,"Dis_avg":0.021,"Res_time":5135.8,"Elevation":1118,"Slope_100":2.37,"Wshd_area":11.1,"Pour_long":90.044081,"Pour_lat":50.93593,"source_id":"hydrolakes:166318","label":""},"geometry":{"type":"Polygon","coordinates":[[[90.04459114498559,50.93667426215268],[90.0465199661254,50.93443684895817],[90.04903558942982,50.93306315104161],[90.04916666666651,50.93263888888879],[90.047075521681,50.93277018229156],[90.04560808817524,50.933380533854006],[90.04269933912468,50.93664876302074],[90.03772440804352,50.935475802951316],[90.03596477932382,50.93558105468736],[90.03348003387424,50.93667426215268],[90.03124208450294,50.93709201388879],[90.02875139024525,50.938188476562516],[90.02848003387442,50.94222981770821],[90.02818663279197,50.94249240451387],[90.02792447831888,50.94389648437493],[90.02707552168101,50.94443684895833],[90.0268133672077,50.945007595486004],[90.02540885501418,50.94582573784709],[90.02485329945858,50.94693684895827],[90.0245911449855,50.94949598524295],[90.02570225609657,50.95082573784708],[90.02596441056977,50.95222981770826],[90.0268133672077,50.95304796006934],[90.02707552168101,50.95560709635407],[90.0262578116521,50.95644042968735],[90.02752428690587,50.95763075086791],[90.02991579903505,50.95748860677077],[90.03053993013151,50.956789822048506],[90.03271816889429,50.95607204861096],[90.03514670054102,50.95417426215272],[90.03540885501434,50.952492404513805],[90.03570225609667,50.95222981770826],[90.03596441057005,50.94971462673601],[90.03681336720774,50.94861870659719],[90.03707552168083,50.94777018229155],[90.03792447831876,50.946952039930466],[90.03874218834767,50.94554796006935],[90.03910554038146,50.94522298177077],[90.04122155507383,50.94456976996514],[90.04151996612524,50.943603515624886],[90.0434800338744,50.94195203993047],[90.04403558943,50.94084092881934],[90.04429774390309,50.936936848958226],[90.04459114498559,50.93667426215268]]]}},{"type":"Feature","id":"hydrolakes:166328","properties":{"Hylak_id":166328,"Lake_name":"","Country":"Russia","Continent":"Europe","Poly_src":"SWBD","Lake_type":1,"Grand_id":0,"Lake_area":2.31,"Shore_len":6.09,"Shore_dev":1.13,"Vol_total":7.16,"Vol_res":0.0,"Vol_src":3,"Depth_avg":3.1,"Dis_avg":0.145,"Res_time":571.3,"Elevation":1738,"Slope_100":1.39,"Wshd_area":54.6,"Pour_long":94.322917,"Pour_lat":50.91875,"source_id":"hydrolakes:166328","label":""},"geometry":{"type":"Polygon","coordinates":[[[94.31342203776069,50.916075846354204],[94.31305555555582,50.91569444444434],[94.30883789062523,50.9164767795138],[94.3081917317711,50.917497287326285],[94.30791937934055,50.92000271267352],[94.30652506510427,50.92083062065956],[94.30541395399337,50.92194173177069],[94.30485839843777,50.92277506510402],[94.30458604600705,50.92472493489572],[94.30125271267372,50.9268256293401],[94.30157172309038,50.92794487847226],[94.30545383029522,50.92971950954853],[94.3156971571184,50.92944715711798],[94.31958604600732,50.9288916015625],[94.32315456814263,50.928073459201244],[94.32569715711827,50.92666937934018],[94.3277042643233,50.92374565972216],[94.33053765190994,50.92294650607619],[94.33152506510442,50.92196343315976],[94.33125271267409,50.92083062065956],[94.33041395399329,50.92028049045132],[94.33014160156279,50.91833062065962],[94.3293028428821,50.91750271267347],[94.3289043511287,50.91668185763882],[94.31342203776069,50.916075846354204]]]}},{"type":"Feature","id":"hydrolakes:166694","properties":{"Hylak_id":166694,"Lake_name":"","Country":"Mongolia","Continent":"Asia","Poly_src":"SWBD","Lake_type":1,"Grand_id":0,"Lake_area":1.32,"Shore_len":6.45,"Shore_dev":1.58,"Vol_total":1.42,"Vol_res":0.0,"Vol_src":3,"Depth_avg":1.1,"Dis_avg":0.289,"Res_time":56.9,"Elevation":762,"Slope_100":0.49,"Wshd_area":594.9,"Pour_long":92.213167,"Pour_lat":50.385417,"source_id":"hydrolakes:166694","label":""},"geometry":{"type":"Polygon","coordinates":[[[92.20957804361967,50.39189344618035],[92.20984578450515,50.389151475694234],[92.21005018446175,50.388904079860936],[92.21040134006074,50.389737413194325],[92.21128892686659,50.39026258680542],[92.21397148980049,50.389653320312334],[92.21429022894966,50.38879340277765],[92.21373467339407,50.38834852430534],[92.2134875488282,50.387682291666465],[92.21404310438379,50.38723741319444],[92.21429022894966,50.386293402777596],[92.21373467339407,50.3858485243054],[92.2134875488282,50.38456868489567],[92.2151542154948,50.383626302083144],[92.21540134006091,50.37887369791662],[92.2170680067274,50.37748480902758],[92.21793199327271,50.37723741319428],[92.21817911783847,50.376848958333255],[92.217623562283,50.37640407986095],[92.21737643771712,50.37581814236097],[92.2136111111111,50.374861111110874],[92.20984578450515,50.374984809027694],[92.20888319227436,50.37535481770823],[92.20748711480053,50.37645616319429],[92.2054640028212,50.376204969617845],[92.20515421549493,50.37581814236097],[92.20337687174475,50.375570746527785],[92.20293199327273,50.376126302083264],[92.20156941731767,50.37651584201376],[92.2009568956164,50.37748480902758],[92.2007097710503,50.38029296874987],[92.19962660047747,50.38095106336789],[92.20041151258675,50.38157931857637],[92.20277777777773,50.381285264756855],[92.20402248806454,50.38143988715257],[92.20429022894973,50.38418185763868],[92.20459865993922,50.384429253472035],[92.20484578450532,50.385570746527605],[92.20783610026069,50.38594509548591],[92.20817911783865,50.38648437499978],[92.20737643771696,50.38731770833334],[92.20793199327255,50.387762586805366],[92.20817911783865,50.3888335503471],[92.20540134006103,50.38970703124983],[92.20515421549493,50.390095486110965],[92.2060351562501,50.39094618055543],[92.20736843533001,50.39078070746507],[92.20766072591147,50.39213161892343],[92.20957804361967,50.39189344618035]]]}},{"type":"Feature","id":"hydrolakes:166825","properties":{"Hylak_id":166825,"Lake_name":"","Country":"Russia","Continent":"Europe","Poly_src":"SWBD","Lake_type":1,"Grand_id":0,"Lake_area":5.32,"Shore_len":12.81,"Shore_dev":1.57,"Vol_total":20.44,"Vol_res":0.0,"Vol_src":3,"Depth_avg":3.8,"Dis_avg":0.317,"Res_time":746.1,"Elevation":894,"Slope_100":1.34,"Wshd_area":429.2,"Pour_long":94.535867,"Pour_lat":50.229305,"source_id":"hydrolakes:166825","label":""},"geometry":{"type":"Polygon","coordinates":[[[94.59763617621553,50.2311138237846],[94.59705729166694,50.230536024305366],[94.59328342013902,50.22908094618043],[94.59291937934051,50.22833062065956],[94.59112630208352,50.227266167534594],[94.58634982638921,50.226570095485954],[94.58180826822945,50.22444173177064],[94.57930284288227,50.2236138237846],[94.5762527126738,50.22221950954855],[94.57365180121553,50.22171169704842],[94.56861111111147,50.221249999999884],[94.55930284288212,50.221386176215105],[94.55458604600727,50.22333604600675],[94.5495225694446,50.224813910590115],[94.54774631076418,50.224093424479065],[94.53453179253489,50.224363064236],[94.53333414713563,50.224773220485986],[94.52623535156283,50.224628363715055],[94.52492106119826,50.22507812499987],[94.52458604600724,50.226130099826264],[94.5254139539934,50.22722493489567],[94.52629720052101,50.227804361979],[94.53022922092043,50.22909505208315],[94.53668457031267,50.22946668836795],[94.54268473307303,50.2308528645832],[94.54712402343773,50.23138617621515],[94.54879448784737,50.2308143446179],[94.54993082682307,50.230837673611006],[94.55263617621551,50.23139160156228],[94.55791937934049,50.23166395399289],[94.55882595486139,50.23197428385396],[94.56059027777803,50.2319379340276],[94.56335937500023,50.23083604600674],[94.56544976128498,50.231684027777646],[94.56708062065997,50.23305826822906],[94.56945258246543,50.23440321180533],[94.57236382378488,50.23471950954848],[94.57541395399335,50.23555826822894],[94.57736382378499,50.235830620659556],[94.57874728732668,50.23639160156239],[94.58701497395862,50.2373779296874],[94.5882242838544,50.23779188368047],[94.58903049045176,50.23860839843729],[94.58940592447931,50.23938151041648],[94.59173448350708,50.23971950954848],[94.59430284288226,50.23860839843729],[94.59903049045153,50.23833604600685],[94.601752387153,50.237340494791454],[94.60263617621558,50.23600911458317],[94.59874728732666,50.23305826822906],[94.59847493489605,50.23166395399289],[94.59763617621553,50.2311138237846]]]}},{"type":"Feature","id":"hydrolakes:166848","properties":{"Hylak_id":166848,"Lake_name":"","Country":"Mongolia","Continent":"Asia","Poly_src":"SWBD","Lake_type":1,"Grand_id":0,"Lake_area":1.97,"Shore_len":11.47,"Shore_dev":2.31,"Vol_total":2.26,"Vol_res":0.0,"Vol_src":3,"Depth_avg":1.2,"Dis_avg":0.267,"Res_time":98.2,"Elevation":773,"Slope_100":0.46,"Wshd_area":777.3,"Pour_long":92.236458,"Pour_lat":50.205208,"source_id":"hydrolakes:166848","label":""},"geometry":{"type":"Polygon","coordinates":[[[92.23651991102423,50.21391601562482],[92.23429768880214,50.213618706597],[92.23403564453156,50.212492404513625],[92.23342081705732,50.212229817708135],[92.23214708116319,50.21388129340255],[92.23181342230902,50.2126589626734],[92.23292453342026,50.211952039930395],[92.2331865776909,50.21135579427067],[92.2315199110243,50.210840928819266],[92.22966322157112,50.20872667100673],[92.22492797851578,50.20886827256936],[92.22459120008682,50.20774468315949],[92.22639010959193,50.20718912760401],[92.22893649631095,50.20734103732616],[92.22929768880209,50.206936848958264],[92.23237196180554,50.206395941840185],[92.23713473849824,50.20611870659701],[92.23763102213553,50.20667426215272],[92.23960422092034,50.20721462673595],[92.24040879991315,50.20682562934013],[92.23928548177076,50.206111111110886],[92.24033854166663,50.20544162326371],[92.23959120008675,50.20443684895832],[92.2349735514324,50.20417426215266],[92.23459120008675,50.20500759548588],[92.23381686740453,50.205270182291486],[92.23181342230902,50.20443684895832],[92.22929768880209,50.20417426215266],[92.22903564453134,50.20388129340262],[92.22515760633672,50.203549804687384],[92.22681342230902,50.2022298177082],[92.22707546658,50.19996690538176],[92.22491007486997,50.19929850260405],[92.22453436957471,50.1984792751735],[92.22265218098954,50.19789822048597],[92.22250000000008,50.197083333333296],[92.22151991102425,50.197214626735956],[92.22014675564236,50.197785373263685],[92.21818657769091,50.19804796006923],[92.21763102213544,50.19860351562494],[92.21736897786468,50.19957736545126],[92.21903564453117,50.2005479600694],[92.21929768880216,50.20111870659707],[92.22123074001752,50.20147949218733],[92.22151991102425,50.20339355468735],[92.21859673394096,50.20419867621513],[92.21766927083326,50.20414388020828],[92.2137668185764,50.202785373263794],[92.21348008897576,50.20584092881927],[92.21318657769092,50.20610351562482],[92.21292453342011,50.207077365451255],[92.21459120008694,50.20804796006928],[92.2148749457466,50.21047037760394],[92.21985324435775,50.21103786892348],[92.21849812825513,50.21145616319427],[92.2195042588977,50.212460937499884],[92.22181342230908,50.21277018229148],[92.22339558919265,50.21342827690961],[92.22374213324667,50.21414713541651],[92.22096435546877,50.21443684895809],[92.2207023111979,50.215051540798584],[92.22132771809902,50.21561035156236],[92.2243919542102,50.21671386718742],[92.22728854709214,50.21969075520826],[92.22991251627599,50.219992404513675],[92.23077216254336,50.21911187065962],[92.23236897786467,50.21861870659711],[92.23263102213542,50.21828179253458],[92.23168226454015,50.21734537760409],[92.22959120008693,50.21661512586786],[92.23014675564264,50.21611870659706],[92.23040879991333,50.21527018229153],[92.23088975694452,50.214840494791474],[92.23625786675359,50.214452039930336],[92.23651991102423,50.21391601562482]]]}},{"type":"Feature","id":"hydrolakes:166898","properties":{"Hylak_id":166898,"Lake_name":"","Country":"Russia","Continent":"Europe","Poly_src":"SWBD","Lake_type":1,"Grand_id":0,"Lake_area":1.4,"Shore_len":6.51,"Shore_dev":1.55,"Vol_total":8.37,"Vol_res":0.0,"Vol_src":3,"Depth_avg":6.0,"Dis_avg":0.125,"Res_time":774.8,"Elevation":2381,"Slope_100":3.63,"Wshd_area":132.3,"Pour_long":90.149326,"Pour_lat":50.128566,"source_id":"hydrolakes:166898","label":""},"geometry":{"type":"Polygon","coordinates":[[[90.14984575059663,50.12807074652767],[90.14972222222218,50.127916666666465],[90.14836444430858,50.12808648003454],[90.1459568617077,50.13054036458328],[90.14570980495859,50.13112630208326],[90.14484575059669,50.1316514756943],[90.14459869384757,50.13334852430535],[90.14151241726347,50.13581814236096],[90.14003072950555,50.137392035590096],[90.13808552212168,50.13794813368037],[90.13404313829199,50.14140407986088],[90.13206797281902,50.14276258680542],[90.13151241726331,50.143595920138694],[90.13126536051408,50.14584852430539],[90.13015424940318,50.14684895833312],[90.13041640387627,50.150503472222],[90.13188536749942,50.15068630642338],[90.13237647162538,50.150292968749795],[90.1326781548392,50.149577365451194],[90.13540130615212,50.14831814236095],[90.13682091606984,50.148070746527594],[90.14015424940322,50.146959635416465],[90.14126536051424,50.14612630208313],[90.14151241726347,50.145262586805416],[90.14182091606966,50.145015190972],[90.14206797281878,50.14387369791643],[90.14237647162525,50.14362630208319],[90.14262352837437,50.141929253472085],[90.14404313829215,50.140848524305454],[90.1449027252196,50.13901584201375],[90.14817908393002,50.13776258680542],[90.15084174262137,50.137299262152624],[90.15206797281894,50.136206597221985],[90.15126536051417,50.13537326388871],[90.15151241726335,50.13276258680537],[90.15206797281894,50.132317708333176],[90.15182091606982,50.13081814236091],[90.15151241726335,50.13057074652755],[90.15126536051417,50.12942925347215],[90.15070980495858,50.12859592013882],[90.14984575059663,50.12807074652767]]]}},{"type":"Feature","id":"hydrolakes:166967","properties":{"Hylak_id":166967,"Lake_name":"","Country":"Mongolia","Continent":"Asia","Poly_src":"SWBD","Lake_type":1,"Grand_id":0,"Lake_area":1.63,"Shore_len":6.07,"Shore_dev":1.34,"Vol_total":1.91,"Vol_res":0.0,"Vol_src":3,"Depth_avg":1.2,"Dis_avg":0.686,"Res_time":32.3,"Elevation":760,"Slope_100":0.5,"Wshd_area":1508.7,"Pour_long":92.953452,"Pour_lat":50.048014,"source_id":"hydrolakes:166967","label":""},"geometry":{"type":"Polygon","coordinates":[[[92.95563612196202,50.048363172742825],[92.95770670572921,50.04836371527762],[92.96271782769105,50.04778320312482],[92.96987223307298,50.049428168402585],[92.97136908637168,50.04948784722205],[92.97314344618059,50.048925781249864],[92.97430013020846,50.0477723524304],[92.97634412977447,50.047382269965226],[92.97707790798614,50.0467019314234],[92.97681098090283,50.045272352430345],[92.97596679687507,50.04500542534703],[92.97569986979175,50.044161241319216],[92.9749831814238,50.04343207465257],[92.97041124131965,50.042227647569405],[92.96541124131949,50.04028320312494],[92.96403320312498,50.038883463541424],[92.96138888888896,50.03680555555536],[92.95815700954864,50.03696885850678],[92.95292209201392,50.0394498697915],[92.95125542534743,50.03997721354142],[92.95152235243074,50.04194986979144],[92.95347764756951,50.0430501302082],[92.95485568576407,50.044686957465046],[92.95318901909724,50.046383463541645],[92.95292209201392,50.048338758680416],[92.95236653645833,50.04917209201369],[92.95152235243074,50.04971679687486],[92.95069986979183,50.05079806857617],[92.95185221354171,50.050973849826164],[92.95318901909724,50.0499945746526],[92.95403320312505,50.049727647569284],[92.95563612196202,50.048363172742825]]]}},{"type":"Feature","id":"hydrolakes:166976","properties":{"Hylak_id":166976,"Lake_name":"","Country":"Mongolia","Continent":"Asia","Poly_src":"SWBD","Lake_type":1,"Grand_id":0,"Lake_area":2.61,"Shore_len":9.86,"Shore_dev":1.72,"Vol_total":8.66,"Vol_res":0.0,"Vol_src":3,"Depth_avg":3.3,"Dis_avg":0.019,"Res_time":5272.5,"Elevation":1147,"Slope_100":1.45,"Wshd_area":29.8,"Pour_long":94.879415,"Pour_lat":50.037961,"source_id":"hydrolakes:166976","label":""},"geometry":{"type":"Polygon","coordinates":[[[94.87985839843759,50.03779676649282],[94.87935492621551,50.037242838541545],[94.8776795789932,50.03666937934008],[94.87012695312518,50.03712782118032],[94.86823513454897,50.03777506510397],[94.8660460069446,50.037426757812284],[94.86430284288218,50.036391601562286],[94.86347493489603,50.03499728732635],[94.86263617621569,50.0341693793402],[94.86180826822937,50.031941731770644],[94.86041395399326,50.030558268229015],[94.85949435763911,50.028974609374814],[94.85583333333363,50.02763888888876],[94.84909559461829,50.027883029513646],[94.84378038194467,50.029265950520596],[94.84155761718768,50.03081922743036],[94.83652506510435,50.03249728732618],[94.83185275607667,50.034417860242854],[94.83069715711838,50.03517578124985],[94.83096950954894,50.03611382378466],[94.8316558159724,50.03721625434014],[94.8331629774309,50.03724717881943],[94.83347493489612,50.03694715711782],[94.83374728732662,50.035552842881714],[94.83514160156273,50.035280490451214],[94.83676161024329,50.03462348090261],[94.83763617621543,50.03611382378466],[94.838474934896,50.03666395399284],[94.83936686197939,50.038810763888705],[94.84094618055587,50.039351671006784],[94.84555501302106,50.038004557291515],[94.84956488715301,50.03808648003468],[94.86072319878508,50.037543945312336],[94.863191731771,50.040258789062364],[94.86236382378496,50.04166937934008],[94.86125271267395,50.042398003472044],[94.86154947916685,50.044631076388725],[94.86305555555589,50.045146484374754],[94.8659461805558,50.044186197916474],[94.8666612413196,50.04346679687478],[94.87403049045162,50.041113823784485],[94.87897460937523,50.03900716145819],[94.87985839843759,50.03779676649282]]]}},{"type":"Feature","id":"hydrolakes:166993","properties":{"Hylak_id":166993,"Lake_name":"","Country":"Mongolia","Continent":"Asia","Poly_src":"SWBD","Lake_type":1,"Grand_id":0,"Lake_area":2.14,"Shore_len":7.85,"Shore_dev":1.51,"Vol_total":2.26,"Vol_res":0.0,"Vol_src":3,"Depth_avg":1.1,"Dis_avg":0.089,"Res_time":293.7,"Elevation":762,"Slope_100":0.4,"Wshd_area":223.5,"Pour_long":92.884375,"Pour_lat":50.021137,"source_id":"hydrolakes:166993","label":""},"geometry":{"type":"Polygon","coordinates":[[[92.90596950954858,50.02166395399286],[92.90698350694458,50.02099880642345],[92.9063045247396,50.02034667968729],[92.90778944227435,50.01986490885412],[92.90819173177101,50.01943250868038],[92.90652506510418,50.01889160156236],[92.90596516927081,50.018331705729],[92.90727864583346,50.01790581597214],[92.90763617621542,50.01738118489561],[92.9054139539931,50.0169471571179],[92.90514160156255,50.01583062065947],[92.90444986979185,50.01513346354153],[92.90319173177096,50.014724934895696],[92.9009087456597,50.013301866319296],[92.89929850260432,50.01277940538188],[92.89985839843769,50.01154785156234],[92.89659695095492,50.01091091579843],[92.89638888888891,50.010694444444255],[92.89178276909723,50.01083984374975],[92.8912527126738,50.01139160156248],[92.88896945529513,50.01171061197914],[92.88680826822917,50.013336046006714],[92.88381103515644,50.01375434027756],[92.88316297743074,50.01474717881922],[92.88159016927085,50.01471516927063],[92.88122694227428,50.013224826388694],[92.87927951388906,50.01259277343746],[92.87550889756943,50.01396809895817],[92.87514160156258,50.014724934895696],[92.87318820529532,50.01611165364562],[92.8741639539931,50.016751302083094],[92.8768082682293,50.017497287326194],[92.87728081597243,50.01798882378455],[92.87903049045138,50.018330620659526],[92.88125271267364,50.019719509548395],[92.88152506510437,50.02028049045123],[92.88240831163205,50.02085991753444],[92.88421115451388,50.02144476996506],[92.88710286458354,50.021385633680325],[92.88787136501736,50.020585937499845],[92.89118516710096,50.021822374131716],[92.89500542534728,50.022355685763785],[92.89685438368076,50.023635525173404],[92.8982139756946,50.02360785590275],[92.89963053385424,50.0224734157984],[92.90334662543404,50.02111382378456],[92.9037472873265,50.0219634331595],[92.90246093750005,50.023221028645764],[92.90380886501742,50.02423339843739],[92.90619601779508,50.02471950954845],[92.90652506510418,50.02314127604143],[92.9054139539931,50.02278049045117],[92.90514160156255,50.02248101128458],[92.90596950954858,50.02166395399286]]]}},{"type":"Feature","id":"hydrolakes:1321293","properties":{"Hylak_id":1321293,"Lake_name":"","Country":"Russia","Continent":"Europe","Poly_src":"SWBD","Lake_type":1,"Grand_id":0,"Lake_area":0.75,"Shore_len":5.29,"Shore_dev":1.73,"Vol_total":3.94,"Vol_res":0.0,"Vol_src":3,"Depth_avg":5.3,"Dis_avg":0.554,"Res_time":82.2,"Elevation":467,"Slope_100":3.83,"Wshd_area":25.6,"Pour_long":94.039421,"Pour_lat":54.001886,"source_id":"hydrolakes:1321293","label":""},"geometry":{"type":"Polygon","coordinates":[[[94.0388132052953,54.00468709309905],[94.03985568576422,54.00360582139774],[94.04297743055577,54.001636149088654],[94.05105658637166,53.99994181315117],[94.05207790798619,53.998883599175485],[94.05334391276057,53.99848280164957],[94.05529975043413,53.996805555555625],[94.05430013020862,53.995838623047064],[94.0541666666669,53.995416666666756],[94.04950086805582,53.99561143663209],[94.04847764756954,53.99694973415808],[94.04652235243077,53.99721693250876],[94.04318901909744,53.99832804361989],[94.04067654079881,53.99946017795156],[94.03877034505223,53.99938476562511],[94.03847764756972,54.00000528971361],[94.03521077473994,54.001169297960246],[94.03176133897585,54.001827935113],[94.02755967881973,54.00378526475703],[94.02593994140648,54.00321750217023],[94.02380018446206,54.003665093316044],[94.02347764756973,54.00493801540813],[94.02493733723969,54.00555026584209],[94.02652235243056,54.00499471028661],[94.03165228949672,54.00466661241336],[94.03380832248286,54.004752061632075],[94.03449028862872,54.005488145616425],[94.03619845920161,54.005828043619886],[94.0388132052953,54.00468709309905]]]}},{"type":"Feature","id":"hydrolakes:1321304","properties":{"Hylak_id":1321304,"Lake_name":"","Country":"Russia","Continent":"Europe","Poly_src":"SWBD","Lake_type":1,"Grand_id":0,"Lake_area":0.55,"Shore_len":4.2,"Shore_dev":1.6,"Vol_total":4.67,"Vol_res":0.0,"Vol_src":3,"Depth_avg":8.5,"Dis_avg":1.954,"Res_time":27.7,"Elevation":643,"Slope_100":11.26,"Wshd_area":77.9,"Pour_long":94.481764,"Pour_lat":53.999374,"source_id":"hydrolakes:1321304","label":""},"geometry":{"type":"Polygon","coordinates":[[[94.50569715711833,53.99916937934057],[94.50842095269127,53.99795016818598],[94.50874728732657,53.9969254557293],[94.50805555555587,53.99625000000009],[94.49771457248289,53.99635932074665],[94.49434217664947,53.99715087890638],[94.49246446397586,53.99650811089424],[94.48780978732651,53.998095838758786],[94.48456380208364,53.998058810764064],[94.48403049045152,53.998613823784865],[94.48041395399332,53.99888617621548],[94.47958604600717,53.99928561740467],[94.48137261284734,54.00034613715286],[94.49658284505227,54.00003567165811],[94.49994086371555,53.9995450846356],[94.50569715711833,53.99916937934057]]]}},{"type":"Feature","id":"hydrolakes:1321374","properties":{"Hylak_id":1321374,"Lake_name":"","Country":"Russia","Continent":"Europe","Poly_src":"SWBD","Lake_type":1,"Grand_id":0,"Lake_area":0.12,"Shore_len":2.05,"Shore_dev":1.66,"Vol_total":0.56,"Vol_res":0.0,"Vol_src":3,"Depth_avg":4.6,"Dis_avg":0.003,"Res_time":2160.9,"Elevation":474,"Slope_100":5.16,"Wshd_area":0.1,"Pour_long":94.001042,"Pour_lat":53.983739,"source_id":"hydrolakes:1321374","label":""},"geometry":{"type":"Polygon","coordinates":[[[94.00917371961822,53.98454752604175],[94.00985324435794,53.983940294054094],[94.0071687825523,53.98297593858524],[94.004081217448,53.983159993489664],[94.00194444444452,53.982638888889085],[93.99538492838548,53.98277045355917],[93.99675075954889,53.98387722439253],[94.00247802734395,53.9842342122397],[94.0046104600695,53.98410712348107],[94.00917371961822,53.98454752604175]]]}},{"type":"Feature","id":"hydrolakes:1321447","properties":{"Hylak_id":1321447,"Lake_name":"","Country":"Russia","Continent":"Europe","Poly_src":"SWBD","Lake_type":1,"Grand_id":0,"Lake_area":0.3,"Shore_len":3.29,"Shore_dev":1.69,"Vol_total":1.83,"Vol_res":0.0,"Vol_src":3,"Depth_avg":6.0,"Dis_avg":1.867,"Res_time":11.3,"Elevation":366,"Slope_100":6.69,"Wshd_area":122.8,"Pour_long":93.296875,"Pour_lat":53.968457,"source_id":"hydrolakes:1321447","label":""},"geometry":{"type":"Polygon","coordinates":[[[93.30514594184058,53.97111111111127],[93.30378282335084,53.97001722547759],[93.29910183376751,53.96836832682317],[93.29458604600705,53.9659692382815],[93.29541395399309,53.9638861762154],[93.29591769748288,53.963402099609596],[93.29472222222239,53.96291666666684],[93.29287597656264,53.96308078342031],[93.29125271267372,53.96472493489608],[93.28920003255223,53.96620700412342],[93.293191731771,53.9680582682293],[93.29539903428821,53.96836656358522],[93.29458604600705,53.96914767795164],[93.29485839843761,53.96944715711817],[93.29714165581618,53.9697660319012],[93.29789225260419,53.97054728190113],[93.29942925347228,53.97086195204014],[93.30150770399331,53.97081963433175],[93.30234157986126,53.971663411458564],[93.30424424913213,53.97170220269106],[93.30514594184058,53.97111111111127]]]}},{"type":"Feature","id":"hydrolakes:1321589","properties":{"Hylak_id":1321589,"Lake_name":"","Country":"Russia","Continent":"Europe","Poly_src":"SWBD","Lake_type":1,"Grand_id":0,"Lake_area":0.32,"Shore_len":2.39,"Shore_dev":1.2,"Vol_total":1.01,"Vol_res":0.0,"Vol_src":3,"Depth_avg":3.2,"Dis_avg":0.116,"Res_time":101.2,"Elevation":402,"Slope_100":1.79,"Wshd_area":61.1,"Pour_long":91.075148,"Pour_lat":53.940342,"source_id":"hydrolakes:1321589","label":""},"geometry":{"type":"Polygon","coordinates":[[[91.07485080295135,53.938343641493134],[91.07472222222208,53.93791666666681],[91.06873969184011,53.93804524739596],[91.06429524739588,53.938600802951555],[91.06403808593745,53.93889919704873],[91.06318413628469,53.93915635850709],[91.0627984619141,53.939603949652906],[91.06126030815972,53.94006713867202],[91.06151746961797,53.94056586371545],[91.06858032226569,53.94176337348114],[91.07353888617627,53.94216186523454],[91.07540635850694,53.94159952799487],[91.07514919704857,53.938600802951555],[91.07485080295135,53.938343641493134]]]}},{"type":"Feature","id":"hydrolakes:1321604","properties":{"Hylak_id":1321604,"Lake_name":"","Country":"Russia","Continent":"Europe","Poly_src":"SWBD","Lake_type":1,"Grand_id":0,"Lake_area":0.23,"Shore_len":1.94,"Shore_dev":1.14,"Vol_total":1.06,"Vol_res":0.0,"Vol_src":3,"Depth_avg":4.6,"Dis_avg":0.08,"Res_time":153.8,"Elevation":601,"Slope_100":4.12,"Wshd_area":3.3,"Pour_long":94.095208,"Pour_lat":53.937187,"source_id":"hydrolakes:1321604","label":""},"geometry":{"type":"Polygon","coordinates":[[[94.09667290581626,53.93717339409733],[94.09638888888912,53.93680555555568],[94.09408610026054,53.936938205295235],[94.09293457031288,53.93779568142378],[94.09126790364616,53.93825981987857],[94.09153076171901,53.93986707899313],[94.09262098524334,53.940295681423834],[94.09682345920169,53.94053765190989],[94.09822808159743,53.94108981662339],[94.10206542968757,53.94043796115466],[94.1018069118926,53.93846801757826],[94.1004606119792,53.93793877495676],[94.09667290581626,53.93717339409733]]]}},{"type":"Feature","id":"hydrolakes:1321692","properties":{"Hylak_id":1321692,"Lake_name":"","Country":"Russia","Continent":"Europe","Poly_src":"SWBD","Lake_type":1,"Grand_id":0,"Lake_area":0.12,"Shore_len":1.6,"Shore_dev":1.3,"Vol_total":0.53,"Vol_res":0.0,"Vol_src":3,"Depth_avg":4.4,"Dis_avg":0.008,"Res_time":769.4,"Elevation":830,"Slope_100":4.73,"Wshd_area":0.4,"Pour_long":94.938542,"Pour_lat":53.92002,"source_id":"hydrolakes:1321692","label":""},"geometry":{"type":"Polygon","coordinates":[[[94.93792426215299,53.92195231119808],[94.93828559027804,53.92154798719628],[94.94088541666684,53.92170288085947],[94.9431868489587,53.92041680230045],[94.94292426215304,53.91999213324675],[94.9413888888891,53.9190277777779],[94.93828613281272,53.919222276475864],[94.93707573784747,53.91999213324675],[94.9368131510418,53.9205634223091],[94.93504014756985,53.920894368489655],[94.93347981770847,53.922103407118186],[94.93792426215299,53.92195231119808]]]}},{"type":"Feature","id":"hydrolakes:1321750","properties":{"Hylak_id":1321750,"Lake_name":"","Country":"Russia","Continent":"Europe","Poly_src":"SWBD","Lake_type":1,"Grand_id":0,"Lake_area":0.96,"Shore_len":5.16,"Shore_dev":1.48,"Vol_total":6.07,"Vol_res":0.0,"Vol_src":3,"Depth_avg":6.3,"Dis_avg":1.851,"Res_time":37.9,"Elevation":439,"Slope_100":5.1,"Wshd_area":71.3,"Pour_long":94.128364,"Pour_lat":53.908923,"source_id":"hydrolakes:1321750","label":""},"geometry":{"type":"Polygon","coordinates":[[[94.15396592881967,53.91133599175356],[94.15430013020864,53.910242241753565],[94.15358913845495,53.909583333333444],[94.15514431423622,53.90833862304703],[94.15541124131954,53.90746446397577],[94.15429172092041,53.90638631184902],[94.15541124131954,53.905985107422055],[94.15330186631962,53.90474500868078],[94.14930013020864,53.904449734158106],[94.14805555555569,53.90347222222232],[94.1465223524308,53.90360582139772],[94.14340657552094,53.90503797743082],[94.14236653645855,53.90639417860257],[94.14106011284753,53.906807725694534],[94.1350170898441,53.90656819661473],[94.13455864800363,53.90607354058187],[94.12921413845498,53.90628540039074],[94.12731580946189,53.90668253580748],[94.12581136067723,53.908194444444575],[94.1270689561635,53.90940049913212],[94.13255425347239,53.90987847222232],[94.13430013020854,53.90916137695325],[94.13707655164939,53.908782009548815],[94.13824951171893,53.90919311523459],[94.13874457465306,53.9097275119359],[94.14165690104187,53.910311143663364],[94.14378716362876,53.910284695095754],[94.14443386501767,53.910982801649425],[94.14681315104212,53.91177381727442],[94.15396592881967,53.91133599175356]]]}},{"type":"Feature","id":"hydrolakes:1321789","properties":{"Hylak_id":1321789,"Lake_name":"","Country":"Russia","Continent":"Europe","Poly_src":"SWBD","Lake_type":1,"Grand_id":0,"Lake_area":0.25,"Shore_len":2.02,"Shore_dev":1.13,"Vol_total":1.47,"Vol_res":0.0,"Vol_src":3,"Depth_avg":5.8,"Dis_avg":0.04,"Res_time":426.2,"Elevation":502,"Slope_100":6.59,"Wshd_area":1.5,"Pour_long":94.246425,"Pour_lat":53.903624,"source_id":"hydrolakes:1321789","label":""},"geometry":{"type":"Polygon","coordinates":[[[94.24104844835097,53.907772488064495],[94.24277777777809,53.90716634114597],[94.2443427191842,53.90749308268249],[94.24625542534733,53.90611640082483],[94.24681667751753,53.90527777777805],[94.24625542534733,53.904611680772746],[94.24737304687511,53.903889838324744],[94.24638888888904,53.90291666666673],[94.23886149088554,53.9030676269532],[94.23736653645858,53.903646647135645],[94.23792209201406,53.9041613769532],[94.23818901909749,53.905838623046975],[94.23958875868067,53.906661376953195],[94.2398822699655,53.90728339301222],[94.24104844835097,53.907772488064495]]]}},{"type":"Feature","id":"hydrolakes:1321809","properties":{"Hylak_id":1321809,"Lake_name":"","Country":"Russia","Continent":"Europe","Poly_src":"SWBD","Lake_type":1,"Grand_id":0,"Lake_area":0.27,"Shore_len":2.13,"Shore_dev":1.17,"Vol_total":1.49,"Vol_res":0.0,"Vol_src":3,"Depth_avg":5.6,"Dis_avg":0.201,"Res_time":85.6,"Elevation":739,"Slope_100":5.96,"Wshd_area":9.0,"Pour_long":94.856768,"Pour_lat":53.900556,"source_id":"hydrolakes:1321809","label":""},"geometry":{"type":"Polygon","coordinates":[[[94.86576551649318,53.898718804253576],[94.86361111111137,53.89819444444464],[94.86171169704892,53.8984187825522],[94.85989529079893,53.89831054687511],[94.8588357204863,53.89869072808182],[94.85664116753486,53.89855984158004],[94.85419650607673,53.89936170789946],[94.85459092881962,53.89971435546886],[94.8549104817713,53.900748155382075],[94.85761773003486,53.9012533908421],[94.85929796006974,53.901952311198045],[94.86414930555588,53.90225640190994],[94.8650699869795,53.902201470269176],[94.86540907118075,53.90110324435773],[94.86707573784759,53.89994859483522],[94.86576551649318,53.898718804253576]]]}},{"type":"Feature","id":"hydrolakes:1321852","properties":{"Hylak_id":1321852,"Lake_name":"","Country":"Russia","Continent":"Europe","Poly_src":"SWBD","Lake_type":1,"Grand_id":0,"Lake_area":0.21,"Shore_len":2.12,"Shore_dev":1.29,"Vol_total":0.54,"Vol_res":0.0,"Vol_src":3,"Depth_avg":2.5,"Dis_avg":0.939,"Res_time":6.6,"Elevation":297,"Slope_100":1.22,"Wshd_area":455.5,"Pour_long":91.235417,"Pour_lat":53.88973,"source_id":"hydrolakes:1321852","label":""},"geometry":{"type":"Polygon","coordinates":[[[91.23206542968734,53.88696234809055],[91.23194444444431,53.886805555555725],[91.23072184244785,53.88695502387168],[91.23019571940108,53.887361111111204],[91.23182345920128,53.88859320746536],[91.23206542968734,53.889184570312636],[91.23262098524293,53.88961330837691],[91.23182345920128,53.89140679253478],[91.23126790364569,53.89183553059905],[91.23154934353289,53.89327487521712],[91.23335394965267,53.893541666666806],[91.23871893988712,53.88988104926233],[91.23780300564243,53.88897827148452],[91.23595431857626,53.888351236979304],[91.23554945204,53.887826605902944],[91.23206542968734,53.88696234809055]]]}},{"type":"Feature","id":"hydrolakes:1321987","properties":{"Hylak_id":1321987,"Lake_name":"","Country":"Russia","Continent":"Europe","Poly_src":"SWBD","Lake_type":1,"Grand_id":0,"Lake_area":0.27,"Shore_len":2.33,"Shore_dev":1.27,"Vol_total":1.45,"Vol_res":0.0,"Vol_src":3,"Depth_avg":5.4,"Dis_avg":0.157,"Res_time":106.6,"Elevation":458,"Slope_100":5.48,"Wshd_area":5.7,"Pour_long":94.295591,"Pour_lat":53.860412,"source_id":"hydrolakes:1321987","label":""},"geometry":{"type":"Polygon","coordinates":[[[94.30596435546903,53.85889675564249],[94.30583333333357,53.8587500000001],[94.29848470052099,53.85929796006968],[94.29514675564252,53.860217420790036],[94.2955721028647,53.860778808593864],[94.29707628038204,53.86131863064247],[94.29916422526071,53.86176472981788],[94.30348008897585,53.862214355468836],[94.30606445312509,53.86338650173627],[94.30929768880225,53.86295396592885],[94.30903564453149,53.862214355468836],[94.30763102213547,53.86139675564243],[94.30736897786477,53.85971435546884],[94.30596435546903,53.85889675564249]]]}},{"type":"Feature","id":"hydrolakes:1322031","properties":{"Hylak_id":1322031,"Lake_name":"","Country":"Russia","Continent":"Europe","Poly_src":"SWBD","Lake_type":1,"Grand_id":0,"Lake_area":0.24,"Shore_len":2.0,"Shore_dev":1.16,"Vol_total":1.6,"Vol_res":0.0,"Vol_src":3,"Depth_avg":6.7,"Dis_avg":1.126,"Res_time":16.4,"Elevation":599,"Slope_100":9.03,"Wshd_area":41.1,"Pour_long":94.653129,"Pour_lat":53.851249,"source_id":"hydrolakes:1322031","label":""},"geometry":{"type":"Polygon","coordinates":[[[94.66261447482651,53.852953152126815],[94.6620681423613,53.85251532660607],[94.66095703125012,53.850848659939345],[94.66065049913215,53.84977783203135],[94.65811143663205,53.84936835394973],[94.65644802517386,53.849575330946266],[94.65583333333353,53.849027777777906],[94.65429036458346,53.84915134006087],[94.6518207465279,53.84993638780395],[94.65208279079889,53.8520800781252],[94.6540521918406,53.85293023003487],[94.65555609809047,53.85274319118946],[94.66015625000017,53.853318006727534],[94.66261447482651,53.852953152126815]]]}},{"type":"Feature","id":"hydrolakes:1322072","properties":{"Hylak_id":1322072,"Lake_name":"","Country":"Russia","Continent":"Europe","Poly_src":"SWBD","Lake_type":1,"Grand_id":0,"Lake_area":0.68,"Shore_len":5.37,"Shore_dev":1.84,"Vol_total":5.53,"Vol_res":0.0,"Vol_src":3,"Depth_avg":8.2,"Dis_avg":0.257,"Res_time":248.9,"Elevation":708,"Slope_100":9.83,"Wshd_area":9.4,"Pour_long":94.456788,"Pour_lat":53.842277,"source_id":"hydrolakes:1322072","label":""},"geometry":{"type":"Polygon","coordinates":[[[94.45960123697927,53.84224012586816],[94.45984320746572,53.84081542968761],[94.46074327256974,53.84027723524321],[94.45928765191002,53.83946234809042],[94.45904568142373,53.83887098524315],[94.458176540799,53.838073459201496],[94.45784939236131,53.83727389865459],[94.4563435872397,53.83705132378486],[94.45454101562524,53.83775987413213],[94.45373209635437,53.83751790364596],[94.45345675998306,53.836529269748326],[94.45182345920153,53.835815429687784],[94.44984320746545,53.8355734592015],[94.44952012803844,53.83478407118071],[94.44515679253487,53.83387098524332],[94.44095431857653,53.83362901475704],[94.43829752604182,53.832674696180675],[94.43805555555565,53.83236111111131],[94.43467556423622,53.83322184244804],[94.43539876302111,53.83377997504368],[94.4348163519968,53.83444729275192],[94.43626790364601,53.83525987413208],[94.43664143880227,53.83574395073799],[94.4376209852432,53.836129014757034],[94.43960123697946,53.83637098524309],[94.44317654079885,53.83724012586822],[94.44587646484405,53.83749782986126],[94.4490456814238,53.838315429687555],[94.45126790364611,53.839704318576594],[94.45168050130235,53.840238715277906],[94.4529592556425,53.84042778862863],[94.4534901258682,53.84001790364596],[94.45383110894124,53.83918457031257],[94.4548432074655,53.8395026312935],[94.45460123697944,53.84112901475703],[94.45329752604181,53.84149197048623],[94.45237901475713,53.84239108615458],[94.45405951605926,53.84265814887169],[94.4550301106774,53.841684570312566],[94.45608588324666,53.84268839518245],[94.4576806640627,53.84331529405398],[94.45960123697927,53.84224012586816]]]}},{"type":"Feature","id":"hydrolakes:1322127","properties":{"Hylak_id":1322127,"Lake_name":"","Country":"Russia","Continent":"Europe","Poly_src":"SWBD","Lake_type":1,"Grand_id":0,"Lake_area":0.38,"Shore_len":2.84,"Shore_dev":1.3,"Vol_total":0.9,"Vol_res":0.0,"Vol_src":3,"Depth_avg":2.4,"Dis_avg":0.114,"Res_time":91.6,"Elevation":473,"Slope_100":0.93,"Wshd_area":28.6,"Pour_long":90.763603,"Pour_lat":53.829633,"source_id":"hydrolakes:1322127","label":""},"geometry":{"type":"Polygon","coordinates":[[[90.76152248806409,53.82833862304699],[90.75883117675778,53.82841729058174],[90.75652248806404,53.829716932508916],[90.75373901367169,53.8322222222223],[90.75485582139754,53.83333862304704],[90.75832275390616,53.83570502387158],[90.76116651746969,53.836658799913266],[90.76470553927953,53.83534790039073],[90.76017761230469,53.832354329427176],[90.76470553927953,53.829374321831665],[90.76152248806409,53.82833862304699]]]}},{"type":"Feature","id":"hydrolakes:1322181","properties":{"Hylak_id":1322181,"Lake_name":"","Country":"Russia","Continent":"Europe","Poly_src":"SWBD","Lake_type":1,"Grand_id":0,"Lake_area":0.23,"Shore_len":2.77,"Shore_dev":1.64,"Vol_total":0.97,"Vol_res":0.0,"Vol_src":3,"Depth_avg":4.3,"Dis_avg":0.269,"Res_time":41.9,"Elevation":558,"Slope_100":3.58,"Wshd_area":9.5,"Pour_long":94.529777,"Pour_lat":53.820247,"source_id":"hydrolakes:1322181","label":""},"geometry":{"type":"Polygon","coordinates":[[[94.52985568576406,53.81972751193592],[94.52805555555585,53.818194444444714],[94.52409233940983,53.81873819986998],[94.5223847113719,53.81813978407132],[94.51730957031282,53.818340928819566],[94.5168109809029,53.81891153971367],[94.51955539279533,53.819816894531414],[94.52233723958363,53.819706624349124],[94.52792209201425,53.82110582139762],[94.52818901909734,53.82142442491329],[94.52743381076408,53.82212429470496],[94.53268744574677,53.82287394205741],[94.53374457465299,53.82246446397579],[94.53292209201408,53.821661376953216],[94.52985568576406,53.81972751193592]]]}},{"type":"Feature","id":"hydrolakes:1322182","properties":{"Hylak_id":1322182,"Lake_name":"","Country":"Russia","Continent":"Europe","Poly_src":"SWBD","Lake_type":1,"Grand_id":0,"Lake_area":0.31,"Shore_len":2.39,"Shore_dev":1.22,"Vol_total":1.39,"Vol_res":0.0,"Vol_src":3,"Depth_avg":4.6,"Dis_avg":0.035,"Res_time":460.9,"Elevation":567,"Slope_100":3.73,"Wshd_area":1.3,"Pour_long":94.557167,"Pour_lat":53.820069,"source_id":"hydrolakes:1322182","label":""},"geometry":{"type":"Polygon","coordinates":[[[94.56174967447942,53.81915405273452],[94.56138888888916,53.81875000000008],[94.55929796006961,53.8188810221356],[94.55600314670158,53.81950575086819],[94.55570203993074,53.821118977864785],[94.55459120008692,53.82182562934031],[94.56181315104197,53.82249213324667],[94.56325032552098,53.82308973524317],[94.56714626736147,53.822757161458526],[94.56763129340294,53.822214355468816],[94.56929796006978,53.82124403211827],[94.56899034288222,53.820427517361225],[94.56625759548638,53.81943657769108],[94.56174967447942,53.81915405273452]]]}},{"type":"Feature","id":"hydrolakes:1322189","properties":{"Hylak_id":1322189,"Lake_name":"","Country":"Russia","Continent":"Europe","Poly_src":"SWBD","Lake_type":1,"Grand_id":0,"Lake_area":0.35,"Shore_len":2.51,"Shore_dev":1.19,"Vol_total":1.64,"Vol_res":0.0,"Vol_src":3,"Depth_avg":4.6,"Dis_avg":0.59,"Res_time":32.2,"Elevation":557,"Slope_100":3.71,"Wshd_area":20.8,"Pour_long":94.546738,"Pour_lat":53.819394,"source_id":"hydrolakes:1322189","label":""},"geometry":{"type":"Polygon","coordinates":[[[94.54576660156283,53.82094075520848],[94.54818901909738,53.81957709418418],[94.54787733289959,53.8187674967449],[94.54610053168426,53.818205023871656],[94.54547987196196,53.81753512912337],[94.54221164279545,53.816260579427194],[94.54194444444482,53.815972222222285],[94.53570719401063,53.816111653645976],[94.53485568576423,53.81666137695328],[94.53403320312538,53.817742241753535],[94.53492458767391,53.81966701931435],[94.5385704210072,53.82049614800354],[94.54224066840294,53.819728190104286],[94.54275661892393,53.8208215332034],[94.54576660156283,53.82094075520848]]]}},{"type":"Feature","id":"hydrolakes:1322217","properties":{"Hylak_id":1322217,"Lake_name":"","Country":"Russia","Continent":"Europe","Poly_src":"SWBD","Lake_type":1,"Grand_id":0,"Lake_area":0.23,"Shore_len":1.94,"Shore_dev":1.16,"Vol_total":0.34,"Vol_res":0.0,"Vol_src":3,"Depth_avg":1.5,"Dis_avg":1.316,"Res_time":3.0,"Elevation":235,"Slope_100":0.41,"Wshd_area":600.6,"Pour_long":91.393529,"Pour_lat":53.813806,"source_id":"hydrolakes:1322217","label":""},"geometry":{"type":"Polygon","coordinates":[[[91.38928005642367,53.809747721354256],[91.38916666666654,53.80958333333342],[91.38761338975684,53.8096967230905],[91.38738661024308,53.810581054687646],[91.38683105468749,53.81096462673622],[91.38705783420124,53.81252549913211],[91.38738661024308,53.81275227864597],[91.38761338975684,53.81363661024318],[91.3884977213541,53.81386338975716],[91.3888028971354,53.81430555555579],[91.39089192708332,53.815252278645914],[91.39539116753468,53.81501342773447],[91.39516438802082,53.813585611979306],[91.39460883246534,53.81275227864597],[91.39316894531248,53.81196994357646],[91.39282864040791,53.81147691514769],[91.39150227864576,53.811136610243125],[91.391275499132,53.81053005642383],[91.38928005642367,53.809747721354256]]]}},{"type":"Feature","id":"hydrolakes:1322248","properties":{"Hylak_id":1322248,"Lake_name":"","Country":"Russia","Continent":"Europe","Poly_src":"SWBD","Lake_type":1,"Grand_id":0,"Lake_area":0.26,"Shore_len":2.0,"Shore_dev":1.1,"Vol_total":0.55,"Vol_res":0.0,"Vol_src":3,"Depth_avg":2.1,"Dis_avg":0.383,"Res_time":16.7,"Elevation":429,"Slope_100":0.8,"Wshd_area":95.6,"Pour_long":90.858646,"Pour_lat":53.806118,"source_id":"hydrolakes:1322248","label":""},"geometry":{"type":"Polygon","coordinates":[[[90.85039876302068,53.80446234809045],[90.85027777777765,53.80430555555563],[90.84873209635418,53.80442654079877],[90.84849012586801,53.80501790364593],[90.84793457031253,53.805446641710205],[90.84817654079859,53.806406792534915],[90.84928765190966,53.80751790364593],[90.85323662651905,53.80887098524329],[90.8554014756944,53.80848700629349],[90.85845296223954,53.80737358940985],[90.858732096354,53.80637098524312],[90.8592876519096,53.80594224717896],[90.85902228461373,53.80549858940998],[90.85571234809026,53.80470431857651],[90.85039876302068,53.80446234809045]]]}},{"type":"Feature","id":"hydrolakes:1322275","properties":{"Hylak_id":1322275,"Lake_name":"","Country":"Russia","Continent":"Europe","Poly_src":"SWBD","Lake_type":1,"Grand_id":0,"Lake_area":0.2,"Shore_len":1.8,"Shore_dev":1.13,"Vol_total":0.47,"Vol_res":0.0,"Vol_src":3,"Depth_avg":2.4,"Dis_avg":0.393,"Res_time":14.0,"Elevation":429,"Slope_100":1.09,"Wshd_area":98.4,"Pour_long":90.876719,"Pour_lat":53.80211,"source_id":"hydrolakes:1322275","label":""},"geometry":{"type":"Polygon","coordinates":[[[90.87442376030799,53.799881727430716],[90.87416666666655,53.79958333333343],[90.87072245279944,53.79972154405391],[90.86927747938364,53.80083835177959],[90.87014919704859,53.80110080295145],[90.87040635850684,53.80251030815987],[90.87117770724825,53.803316379123316],[90.87471740722651,53.80360080295145],[90.87842637803811,53.80324150933171],[90.87961018880208,53.802500000000066],[90.87831088595902,53.80145711263026],[90.87442376030799,53.799881727430716]]]}},{"type":"Feature","id":"hydrolakes:1322285","properties":{"Hylak_id":1322285,"Lake_name":"","Country":"Russia","Continent":"Europe","Poly_src":"SWBD","Lake_type":1,"Grand_id":0,"Lake_area":0.33,"Shore_len":2.25,"Shore_dev":1.11,"Vol_total":0.85,"Vol_res":0.0,"Vol_src":3,"Depth_avg":2.6,"Dis_avg":0.01,"Res_time":983.8,"Elevation":481,"Slope_100":1.13,"Wshd_area":2.0,"Pour_long":90.652023,"Pour_lat":53.801261,"source_id":"hydrolakes:1322285","label":""},"geometry":{"type":"Polygon","coordinates":[[[90.65150987413182,53.79751790364594],[90.65138888888879,53.79736111111134],[90.64928765190956,53.79748209635437],[90.64603346082885,53.79821302625885],[90.64460123697899,53.79961330837682],[90.64539876302064,53.80044664171021],[90.64460123697899,53.801279975043656],[90.6448905436198,53.80275987413205],[90.65349012586807,53.80251790364599],[90.6548432074652,53.801220024956876],[90.65404568142355,53.800386691623316],[90.65428765190973,53.79970431857646],[90.6548432074652,53.799275580512415],[90.65455274793823,53.79845662434917],[90.65150987413182,53.79751790364594]]]}},{"type":"Feature","id":"hydrolakes:1322365","properties":{"Hylak_id":1322365,"Lake_name":"","Country":"Russia","Continent":"Europe","Poly_src":"SWBD","Lake_type":1,"Grand_id":0,"Lake_area":0.33,"Shore_len":2.23,"Shore_dev":1.1,"Vol_total":0.83,"Vol_res":0.0,"Vol_src":3,"Depth_avg":2.5,"Dis_avg":0.034,"Res_time":281.4,"Elevation":481,"Slope_100":1.05,"Wshd_area":7.0,"Pour_long":90.702807,"Pour_lat":53.784565,"source_id":"hydrolakes:1322365","label":""},"geometry":{"type":"Polygon","coordinates":[[[90.7081891547308,53.781671956380364],[90.70154988606754,53.78185641818584],[90.69958862304674,53.78247734917545],[90.69985582139742,53.78306084526929],[90.70181084526905,53.784716932508786],[90.70212999131928,53.78572482638896],[90.70699157714824,53.78769802517377],[90.7089765082464,53.787069498697974],[90.70930026584199,53.786383599175565],[90.710411376953,53.785313313802305],[90.71014417860238,53.78221693250879],[90.7081891547308,53.781671956380364]]]}},{"type":"Feature","id":"hydrolakes:1322426","properties":{"Hylak_id":1322426,"Lake_name":"","Country":"Russia","Continent":"Europe","Poly_src":"SWBD","Lake_type":1,"Grand_id":0,"Lake_area":0.79,"Shore_len":4.21,"Shore_dev":1.33,"Vol_total":1.89,"Vol_res":0.0,"Vol_src":3,"Depth_avg":2.4,"Dis_avg":1.204,"Res_time":18.2,"Elevation":477,"Slope_100":0.73,"Wshd_area":243.1,"Pour_long":90.553701,"Pour_lat":53.774835,"source_id":"hydrolakes:1322426","label":""},"geometry":{"type":"Polygon","coordinates":[[[90.55459113226993,53.77611897786471],[90.55472222222215,53.77458333333351],[90.55318664550765,53.774714355468916],[90.54374220106314,53.77776991102445],[90.54318664550783,53.778325466579986],[90.54181335449204,53.781118977864764],[90.54125779893644,53.78161526150194],[90.541519978841,53.78445231119798],[90.54619862874358,53.78888102213551],[90.54850877549899,53.788530137803946],[90.55317745632584,53.787162679036555],[90.55014668782536,53.7833847384984],[90.55040886772997,53.78221435546891],[90.55070224338101,53.7819523111981],[90.55096442328556,53.77943657769106],[90.5512577989366,53.7791745334203],[90.55151997884099,53.778047688802246],[90.55459113226993,53.77611897786471]]]}},{"type":"Feature","id":"hydrolakes:1322432","properties":{"Hylak_id":1322432,"Lake_name":"","Country":"Russia","Continent":"Europe","Poly_src":"SWBD","Lake_type":1,"Grand_id":0,"Lake_area":0.84,"Shore_len":4.46,"Shore_dev":1.38,"Vol_total":2.39,"Vol_res":0.0,"Vol_src":3,"Depth_avg":2.9,"Dis_avg":0.836,"Res_time":33.1,"Elevation":387,"Slope_100":1.04,"Wshd_area":207.6,"Pour_long":90.88125,"Pour_lat":53.772917,"source_id":"hydrolakes:1322432","label":""},"geometry":{"type":"Polygon","coordinates":[[[90.8776335991754,53.7625052897136],[90.87596693250867,53.76249471028666],[90.87569973415788,53.76500528971377],[90.87514417860228,53.76552001953132],[90.87792195638019,53.76832804361993],[90.87929423014327,53.77023668077271],[90.87569973415788,53.77087551540808],[90.87596693250867,53.771949734158056],[90.87625528971336,53.77221693250874],[90.87652248806421,53.77389417860252],[90.87792195638019,53.775828043619924],[90.87818915473082,53.776671956380426],[90.87942328559029,53.778599310981065],[90.88087266710079,53.77865668402791],[90.8840330674912,53.77694973415805],[90.88458862304685,53.77611640082472],[90.88485582139754,53.77499471028659],[90.88514417860245,53.774727511935964],[90.88541137695324,53.77138359917541],[90.88596693250855,53.77086886935774],[90.88569973415792,53.768605821397784],[90.88514417860245,53.7674947102866],[90.88374471028652,53.766394178602525],[90.88236640082454,53.763883599175415],[90.8776335991754,53.7625052897136]]]}},{"type":"Feature","id":"hydrolakes:1322441","properties":{"Hylak_id":1322441,"Lake_name":"","Country":"Russia","Continent":"Europe","Poly_src":"SWBD","Lake_type":1,"Grand_id":0,"Lake_area":0.17,"Shore_len":1.91,"Shore_dev":1.29,"Vol_total":0.38,"Vol_res":0.0,"Vol_src":3,"Depth_avg":2.2,"Dis_avg":0.112,"Res_time":39.5,"Elevation":391,"Slope_100":0.98,"Wshd_area":32.3,"Pour_long":90.897441,"Pour_lat":53.77123,"source_id":"hydrolakes:1322441","label":""},"geometry":{"type":"Polygon","coordinates":[[[90.8959493001301,53.76502292209216],[90.8958333333332,53.764861111111315],[90.89460625542529,53.7650040690105],[90.89483818901908,53.766134033203286],[90.895161810981,53.76636596679697],[90.8953937445745,53.76863403320334],[90.8957173665363,53.76886596679714],[90.8959493001301,53.770022922092096],[90.89722663031665,53.77164374457476],[90.90016181098082,53.771411810980965],[90.90094312879756,53.7706944444447],[90.9003937445745,53.77030069986995],[90.90016181098082,53.769421522352616],[90.89983818901891,53.76918958875882],[90.89960625542523,53.76803263346369],[90.89793958875862,53.76608818901923],[90.8959493001301,53.76502292209216]]]}},{"type":"Feature","id":"hydrolakes:1322451","properties":{"Hylak_id":1322451,"Lake_name":"","Country":"Russia","Continent":"Europe","Poly_src":"SWBD","Lake_type":1,"Grand_id":0,"Lake_area":0.18,"Shore_len":1.91,"Shore_dev":1.27,"Vol_total":0.37,"Vol_res":0.0,"Vol_src":3,"Depth_avg":2.0,"Dis_avg":0.003,"Res_time":1411.6,"Elevation":242,"Slope_100":0.82,"Wshd_area":2.2,"Pour_long":91.403069,"Pour_lat":53.768762,"source_id":"hydrolakes:1322451","label":""},"geometry":{"type":"Polygon","coordinates":[[[91.40429524739574,53.76778808593758],[91.40416666666653,53.76763888888905],[91.40218017578121,53.76780490451404],[91.40181586371517,53.76862141927097],[91.40126030815964,53.76910007052976],[91.40939670138874,53.771918267144315],[91.4108451334634,53.772034640842094],[91.4129455566407,53.76999443901923],[91.40429524739574,53.76778808593758]]]}},{"type":"Feature","id":"hydrolakes:1322470","properties":{"Hylak_id":1322470,"Lake_name":"","Country":"Russia","Continent":"Europe","Poly_src":"SWBD","Lake_type":1,"Grand_id":0,"Lake_area":0.56,"Shore_len":3.68,"Shore_dev":1.4,"Vol_total":1.44,"Vol_res":0.0,"Vol_src":3,"Depth_avg":2.6,"Dis_avg":1.773,"Res_time":9.4,"Elevation":234,"Slope_100":0.96,"Wshd_area":551.2,"Pour_long":91.417694,"Pour_lat":53.765175,"source_id":"hydrolakes:1322470","label":""},"geometry":{"type":"Polygon","coordinates":[[[91.41848754882807,53.76057088216157],[91.41861111111103,53.7581944444446],[91.41762356228298,53.75831800672762],[91.41603610568569,53.75900322808167],[91.41567749023426,53.75855536566854],[91.41460964626742,53.75807088216152],[91.41097249348951,53.758523356119895],[91.41070977105022,53.75973754882824],[91.41040134006084,53.75998467339423],[91.41015421549474,53.76223754882818],[91.40771620008667,53.76254258897575],[91.40682088216141,53.76418199327264],[91.40629326714418,53.76460449218763],[91.40776611328118,53.76549899631084],[91.40959865993915,53.7658180067275],[91.41112603081604,53.76647732204873],[91.41168090820315,53.7671702745227],[91.41662312825514,53.76804022894993],[91.41762356228298,53.766651340060946],[91.41848754882807,53.766126437717105],[91.41929022894988,53.764364556206715],[91.41651245117174,53.76362643771728],[91.41459865993914,53.76268242730043],[91.41540134006095,53.76192911783869],[91.41778347439225,53.76131212022585],[91.41848754882807,53.76057088216157]]]}},{"type":"Feature","id":"hydrolakes:1322477","properties":{"Hylak_id":1322477,"Lake_name":"","Country":"Russia","Continent":"Europe","Poly_src":"SWBD","Lake_type":1,"Grand_id":0,"Lake_area":0.42,"Shore_len":4.05,"Shore_dev":1.77,"Vol_total":2.32,"Vol_res":0.0,"Vol_src":3,"Depth_avg":5.5,"Dis_avg":0.238,"Res_time":112.8,"Elevation":500,"Slope_100":5.1,"Wshd_area":8.2,"Pour_long":94.028579,"Pour_lat":53.764619,"source_id":"hydrolakes:1322477","label":""},"geometry":{"type":"Polygon","coordinates":[[[94.04954372829889,53.76399047851572],[94.04475884331623,53.76259318033863],[94.04361111111155,53.76180555555567],[94.04096191406279,53.76193413628482],[94.02895453559051,53.763351508246615],[94.02848253038206,53.76389919704877],[94.02681586371557,53.76486016167536],[94.02798855251763,53.76554524739589],[94.0295936414933,53.765288085937755],[94.03263617621536,53.76389919704877],[94.0362603081598,53.76415635850714],[94.04156331380238,53.76489691840288],[94.04303493923635,53.76543728298623],[94.04514919704889,53.765823025173745],[94.04651746961821,53.76639919704877],[94.04848253038222,53.76665635850708],[94.0504614257814,53.76748969184035],[94.05318413628487,53.767123209635486],[94.05288438585086,53.7662552897138],[94.05086995442724,53.76564873589422],[94.04985080295154,53.76501030815979],[94.04954372829889,53.76399047851572]]]}},{"type":"Feature","id":"hydrolakes:1322527","properties":{"Hylak_id":1322527,"Lake_name":"","Country":"Russia","Continent":"Europe","Poly_src":"SWBD","Lake_type":1,"Grand_id":0,"Lake_area":0.15,"Shore_len":1.64,"Shore_dev":1.21,"Vol_total":0.72,"Vol_res":0.0,"Vol_src":3,"Depth_avg":4.9,"Dis_avg":0.019,"Res_time":441.5,"Elevation":492,"Slope_100":5.53,"Wshd_area":0.6,"Pour_long":94.420212,"Pour_lat":53.75527,"source_id":"hydrolakes:1322527","label":""},"geometry":{"type":"Polygon","coordinates":[[[94.42818657769124,53.75250786675366],[94.4254087999135,53.75249213324679],[94.4219235568579,53.75352037217897],[94.42151991102457,53.753881022135545],[94.42125786675359,53.75473008897575],[94.4195912000871,53.755244683159844],[94.42060519748276,53.75563991970495],[94.42857638888898,53.755140245225846],[94.42929768880231,53.754495849609555],[94.42903564453144,53.75332546657995],[94.42818657769124,53.75250786675366]]]}},{"type":"Feature","id":"hydrolakes:1322546","properties":{"Hylak_id":1322546,"Lake_name":"","Country":"Russia","Continent":"Europe","Poly_src":"SWBD","Lake_type":1,"Grand_id":0,"Lake_area":0.14,"Shore_len":1.75,"Shore_dev":1.33,"Vol_total":0.6,"Vol_res":0.0,"Vol_src":3,"Depth_avg":4.3,"Dis_avg":0.044,"Res_time":157.3,"Elevation":486,"Slope_100":4.32,"Wshd_area":1.5,"Pour_long":94.033696,"Pour_lat":53.751982,"source_id":"hydrolakes:1322546","label":""},"geometry":{"type":"Polygon","coordinates":[[[94.03152235243078,53.7488941786026],[94.02839274088552,53.74894165039069],[94.02737548828145,53.74995605468774],[94.02929117838556,53.75032172309034],[94.02847764756956,53.75107557508687],[94.03008056640641,53.75274793836826],[94.0329120551217,53.75286010742201],[94.03430013020858,53.752420654297],[94.03403320312526,53.75166137695322],[94.03309868706611,53.750754801432436],[94.03537163628494,53.750035129123376],[94.03207790798638,53.74944973415808],[94.03152235243078,53.7488941786026]]]}},{"type":"Feature","id":"hydrolakes:1322567","properties":{"Hylak_id":1322567,"Lake_name":"","Country":"Russia","Continent":"Europe","Poly_src":"SWBD","Lake_type":1,"Grand_id":0,"Lake_area":0.34,"Shore_len":3.18,"Shore_dev":1.54,"Vol_total":1.37,"Vol_res":0.0,"Vol_src":3,"Depth_avg":4.1,"Dis_avg":0.388,"Res_time":40.8,"Elevation":452,"Slope_100":2.84,"Wshd_area":13.2,"Pour_long":94.090625,"Pour_lat":53.748498,"source_id":"hydrolakes:1322567","label":""},"geometry":{"type":"Polygon","coordinates":[[[94.10096191406274,53.748899197048786],[94.10050103081613,53.748364257812625],[94.09895779079886,53.74802775065115],[94.09778184678834,53.74812215169277],[94.09666259765652,53.74771118164068],[94.09250488281265,53.748045247395964],[94.09102918836828,53.74766099717897],[94.08972222222229,53.74569444444455],[94.08818983289945,53.74589491102449],[94.08762858072924,53.74637858072924],[94.08737141927111,53.74751030815986],[94.0845936414932,53.74826646592891],[94.08562527126747,53.74871704101571],[94.08857557508696,53.74848008897578],[94.08929524739608,53.74917697482647],[94.09070475260444,53.749989691840426],[94.09099853515642,53.750965169270955],[94.09287000868085,53.75152872721361],[94.09321750217026,53.75230712890641],[94.09514919704884,53.75195475260438],[94.0955013020835,53.75116577148464],[94.10201307508714,53.7503191460504],[94.1025789388022,53.74983154296882],[94.10096191406274,53.748899197048786]]]}},{"type":"Feature","id":"hydrolakes:1322584","properties":{"Hylak_id":1322584,"Lake_name":"","Country":"Russia","Continent":"Europe","Poly_src":"SWBD","Lake_type":1,"Grand_id":0,"Lake_area":0.7,"Shore_len":3.61,"Shore_dev":1.22,"Vol_total":2.81,"Vol_res":0.0,"Vol_src":3,"Depth_avg":4.0,"Dis_avg":0.09,"Res_time":361.0,"Elevation":324,"Slope_100":2.18,"Wshd_area":30.2,"Pour_long":91.003699,"Pour_lat":53.743777,"source_id":"hydrolakes:1322584","label":""},"geometry":{"type":"Polygon","coordinates":[[[91.00929775661905,53.74250786675361],[91.00916666666672,53.74236111111122],[91.00375766330279,53.74281534830743],[91.00292446560314,53.743559705946325],[91.0031866455077,53.74417453342022],[91.0037422010634,53.744730088975814],[91.00459113226987,53.74499213324668],[91.00570224338105,53.7461032443577],[91.00596442328543,53.746674533420276],[91.00681335449207,53.747214355468884],[91.00707553439662,53.747785644531405],[91.00874220106334,53.74889675564248],[91.01096442328543,53.74973008897575],[91.01263108995227,53.750285644531345],[91.01512830946166,53.75061957465289],[91.01711636013454,53.75133287217892],[91.0216299777561,53.75160196940112],[91.0225330946181,53.750694444444605],[91.0220755343966,53.750285644531345],[91.02181335449205,53.749158799913346],[91.01763108995209,53.746674533420276],[91.01736891004771,53.74582546657996],[91.01549580891935,53.74392781575523],[91.01318664550797,53.743618977864685],[91.01273356119776,53.743111843533086],[91.00929775661905,53.74250786675361]]]}},{"type":"Feature","id":"hydrolakes:1322590","properties":{"Hylak_id":1322590,"Lake_name":"","Country":"Russia","Continent":"Europe","Poly_src":"SWBD","Lake_type":1,"Grand_id":0,"Lake_area":0.14,"Shore_len":1.73,"Shore_dev":1.29,"Vol_total":0.73,"Vol_res":0.0,"Vol_src":3,"Depth_avg":5.1,"Dis_avg":0.051,"Res_time":165.4,"Elevation":458,"Slope_100":6.08,"Wshd_area":1.8,"Pour_long":94.029872,"Pour_lat":53.742344,"source_id":"hydrolakes:1322590","label":""},"geometry":{"type":"Polygon","coordinates":[[[94.0295936414933,53.7433436414932],[94.02997938368082,53.742896050347326],[94.03177924262172,53.742354058159776],[94.03207302517387,53.74137858072942],[94.03254475911478,53.7409722222223],[94.03194444444455,53.74041666666676],[94.02732937283008,53.74096693250874],[94.02250244140646,53.74239746093764],[94.02181586371557,53.742988959418426],[94.02618001302108,53.74330552842906],[94.02880723741333,53.743878580729245],[94.0295936414933,53.7433436414932]]]}},{"type":"Feature","id":"hydrolakes:1322612","properties":{"Hylak_id":1322612,"Lake_name":"","Country":"Russia","Continent":"Europe","Poly_src":"SWBD","Lake_type":1,"Grand_id":0,"Lake_area":0.53,"Shore_len":4.49,"Shore_dev":1.75,"Vol_total":3.78,"Vol_res":0.0,"Vol_src":3,"Depth_avg":7.2,"Dis_avg":0.15,"Res_time":291.7,"Elevation":503,"Slope_100":8.15,"Wshd_area":5.2,"Pour_long":94.483846,"Pour_lat":53.739358,"source_id":"hydrolakes:1322612","label":""},"geometry":{"type":"Polygon","coordinates":[[[94.48373453776054,53.74418199327266],[94.48348768446198,53.74276245117204],[94.48293212890638,53.74220689561645],[94.48126546223989,53.74126451280392],[94.48160264756973,53.74065483940984],[94.48391954210103,53.73989189995672],[94.48461778428833,53.73916666666673],[94.4841666666668,53.73875000000015],[94.48184109158007,53.73938774956622],[94.4787955729168,53.7397687445748],[94.47798638237873,53.74041666666676],[94.4785158962676,53.74084065755221],[94.47719156901059,53.74121921115466],[94.47682101779532,53.74168199327272],[94.47492811414975,53.742011447482696],[94.47427110460086,53.74305555555566],[94.47493842230921,53.74412448459219],[94.47688530815986,53.74403578016506],[94.47737657335097,53.74442911783865],[94.47762342664964,53.74529310438385],[94.47850667317732,53.74638888888899],[94.47793212890656,53.74723754882831],[94.47682101779532,53.747912462022725],[94.47711371527788,53.74875840928826],[94.47898627387178,53.7492938910591],[94.47929009331614,53.75001532660605],[94.48070990668413,53.75081800672751],[94.48113009982671,53.75134277343767],[94.48371120876766,53.75192911783864],[94.48565483940985,53.751596272786514],[94.48595675998308,53.750540228949774],[94.4864857313371,53.750116644965544],[94.48262342664947,53.749459771050454],[94.48126546223989,53.74815090603306],[94.48237657335096,53.74723754882831],[94.48262342664947,53.74665134006085],[94.48484564887178,53.746264512803975],[94.48459879557305,53.745262451172096],[94.48373453776054,53.74418199327266]]]}},{"type":"Feature","id":"hydrolakes:1322648","properties":{"Hylak_id":1322648,"Lake_name":"","Country":"Russia","Continent":"Europe","Poly_src":"SWBD","Lake_type":1,"Grand_id":0,"Lake_area":0.34,"Shore_len":2.27,"Shore_dev":1.09,"Vol_total":0.48,"Vol_res":0.0,"Vol_src":3,"Depth_avg":1.4,"Dis_avg":1.498,"Res_time":3.7,"Elevation":464,"Slope_100":0.31,"Wshd_area":296.5,"Pour_long":90.585417,"Pour_lat":53.73238,"source_id":"hydrolakes:1322648","label":""},"geometry":{"type":"Polygon","coordinates":[[[90.58207302517366,53.73056586371541],[90.57985080295146,53.73054524739598],[90.57890957302499,53.73154839409733],[90.5769118245442,53.73214992947061],[90.57596191406253,53.73304524739598],[90.57570475260411,53.73389919704874],[90.57514919704846,53.73437784830742],[90.5793501790364,53.73610080295151],[90.5828331163193,53.735804307725914],[90.58681586371523,53.73445475260422],[90.58813449435746,53.733164876302226],[90.586517469618,53.73223253038202],[90.5862238226996,53.73157457139763],[90.58244337293826,53.73088500976576],[90.58207302517366,53.73056586371541]]]}},{"type":"Feature","id":"hydrolakes:1322665","properties":{"Hylak_id":1322665,"Lake_name":"","Country":"Russia","Continent":"Europe","Poly_src":"SWBD","Lake_type":1,"Grand_id":0,"Lake_area":0.99,"Shore_len":4.38,"Shore_dev":1.24,"Vol_total":2.77,"Vol_res":0.0,"Vol_src":3,"Depth_avg":2.8,"Dis_avg":0.812,"Res_time":39.5,"Elevation":258,"Slope_100":0.94,"Wshd_area":296.9,"Pour_long":91.179427,"Pour_lat":53.729364,"source_id":"hydrolakes:1322665","label":""},"geometry":{"type":"Polygon","coordinates":[[[91.17152248806417,53.719171956380364],[91.17138888888877,53.71875000000006],[91.16707804361977,53.718883599175456],[91.16551649305552,53.71943088107645],[91.15837727864567,53.71979166666682],[91.15736640082451,53.72079779730916],[91.1576335991752,53.721671956380305],[91.15818915473079,53.72222751193584],[91.15985582139763,53.722783067491434],[91.16236640082451,53.72305026584212],[91.16285346137153,53.72357598198795],[91.16639146592888,53.7249359809029],[91.170699734158,53.727216932508895],[91.1710609266492,53.727982177734475],[91.17493001302068,53.72943060980913],[91.17951199001743,53.72961222330741],[91.18041137695303,53.728328043620024],[91.18152248806427,53.72761054144985],[91.18125528971342,53.72666137695319],[91.17847751193574,53.72388359917551],[91.1770780436197,53.723060845269174],[91.17436075846348,53.720582004123514],[91.17263359917519,53.7200052897137],[91.17152248806417,53.719171956380364]]]}},{"type":"Feature","id":"hydrolakes:1322700","properties":{"Hylak_id":1322700,"Lake_name":"","Country":"Russia","Continent":"Europe","Poly_src":"SWBD","Lake_type":1,"Grand_id":0,"Lake_area":0.14,"Shore_len":1.66,"Shore_dev":1.25,"Vol_total":0.84,"Vol_res":0.0,"Vol_src":3,"Depth_avg":6.0,"Dis_avg":0.021,"Res_time":464.0,"Elevation":563,"Slope_100":8.34,"Wshd_area":0.8,"Pour_long":94.695114,"Pour_lat":53.721148,"source_id":"hydrolakes:1322700","label":""},"geometry":{"type":"Polygon","coordinates":[[[94.70151475694479,53.721298421224105],[94.70080403645846,53.720734185112974],[94.69860894097258,53.72008992513048],[94.69818142361146,53.719735107422025],[94.69737413194463,53.71804267035617],[94.69694444444457,53.71763888888904],[94.69485514322929,53.71818657769103],[94.69373697916694,53.71887600368933],[94.69261067708362,53.720277777777824],[94.69328179253495,53.7213553873699],[94.69472222222248,53.72150214301223],[94.69707194010448,53.721262613932424],[94.6982714843752,53.72171332465291],[94.70151475694479,53.721298421224105]]]}},{"type":"Feature","id":"hydrolakes:1322741","properties":{"Hylak_id":1322741,"Lake_name":"","Country":"Russia","Continent":"Europe","Poly_src":"SWBD","Lake_type":1,"Grand_id":0,"Lake_area":0.27,"Shore_len":2.46,"Shore_dev":1.35,"Vol_total":1.51,"Vol_res":0.0,"Vol_src":3,"Depth_avg":5.7,"Dis_avg":0.075,"Res_time":233.6,"Elevation":499,"Slope_100":6.25,"Wshd_area":2.4,"Pour_long":94.233826,"Pour_lat":53.712688,"source_id":"hydrolakes:1322741","label":""},"geometry":{"type":"Polygon","coordinates":[[[94.24015435112864,53.710015326606026],[94.24040120442737,53.70887356228326],[94.2407288953994,53.70861111111117],[94.24027777777809,53.70819444444459],[94.23873453776054,53.70831800672755],[94.23663601345527,53.70899698893237],[94.23608805338563,53.70968112521717],[94.23405409071194,53.70998467339416],[94.23169813368077,53.7096915690106],[94.23126546223972,53.709151340060885],[94.23014105902786,53.70846828884561],[94.22819932725707,53.70930650499139],[94.22793212890639,53.71092868381089],[94.22848768446198,53.7113735622832],[94.22881700303839,53.712155219184126],[94.23340033637163,53.71304022894981],[94.23538113064262,53.712278917100946],[94.23842583550362,53.71189805772576],[94.23873453776054,53.71081800672761],[94.24015435112864,53.710015326606026]]]}},{"type":"Feature","id":"hydrolakes:1322781","properties":{"Hylak_id":1322781,"Lake_name":"","Country":"Russia","Continent":"Europe","Poly_src":"SWBD","Lake_type":1,"Grand_id":0,"Lake_area":0.22,"Shore_len":1.95,"Shore_dev":1.18,"Vol_total":0.56,"Vol_res":0.0,"Vol_src":3,"Depth_avg":2.6,"Dis_avg":0.063,"Res_time":103.2,"Elevation":473,"Slope_100":1.3,"Wshd_area":10.7,"Pour_long":90.485186,"Pour_lat":53.701778,"source_id":"hydrolakes:1322781","label":""},"geometry":{"type":"Polygon","coordinates":[[[90.48259331597211,53.70032335069459],[90.48249999999996,53.700138888889],[90.47740668402759,53.70023573133693],[90.477593315972,53.701156684027865],[90.47796223958318,53.70134331597228],[90.4781488715276,53.70282335069459],[90.48074001736109,53.703565538194596],[90.4809266493055,53.7042122395834],[90.48129557291651,53.70439887152793],[90.48157660590255,53.704954427083464],[90.48296223958317,53.70476779513905],[90.48314887152759,53.70439887152793],[90.48462890625001,53.70365668402792],[90.48481553819443,53.70328776041674],[90.4862955729165,53.70254557291673],[90.48648220486092,53.70217664930573],[90.48703776041651,53.701895616319575],[90.4862955729165,53.700509982639005],[90.48259331597211,53.70032335069459]]]}},{"type":"Feature","id":"hydrolakes:1322835","properties":{"Hylak_id":1322835,"Lake_name":"","Country":"Russia","Continent":"Europe","Poly_src":"SWBD","Lake_type":1,"Grand_id":0,"Lake_area":0.35,"Shore_len":5.06,"Shore_dev":2.4,"Vol_total":1.25,"Vol_res":0.0,"Vol_src":3,"Depth_avg":3.5,"Dis_avg":0.412,"Res_time":35.0,"Elevation":435,"Slope_100":2.12,"Wshd_area":13.4,"Pour_long":94.380468,"Pour_lat":53.693391,"source_id":"hydrolakes:1322835","label":""},"geometry":{"type":"Polygon","coordinates":[[[94.37953694661468,53.68872694227446],[94.37703911675356,53.6880632866754],[94.37759385850705,53.68761908637168],[94.37527777777802,53.687083333333476],[94.37095675998296,53.68720689561644],[94.36823486328154,53.68818305121539],[94.36429009331613,53.69054022894977],[94.36404324001762,53.69112643771712],[94.36187527126748,53.69319444444454],[94.36239556206607,53.69361111111118],[94.36182101779531,53.69407131618931],[94.3626272243925,53.69446166992208],[94.36529351128485,53.69479329427094],[94.36590250651068,53.694305555555616],[94.36515435112864,53.69370646158859],[94.3654012044272,53.69248467339423],[94.36626546223971,53.69195977105039],[94.36706787109404,53.691095784505364],[94.36843071831629,53.69070610894107],[94.36875000000032,53.68994818793408],[94.36952338324681,53.69004435221365],[94.37047661675359,53.68967787000878],[94.37188530816002,53.689853108724094],[94.37237657335089,53.68945977105062],[94.37268527560786,53.68837931315119],[94.37372395833353,53.68825018988724],[94.37570990668416,53.68859578450531],[94.37793212890648,53.68942911783864],[94.3781789822051,53.6900153266061],[94.37984564887171,53.69095770941851],[94.37959879557309,53.693904215494854],[94.37848768446213,53.69457912868933],[94.37955295138903,53.69526245117203],[94.38065077039971,53.69481146918412],[94.38203993055566,53.69377115885442],[94.3812654622397,53.69315090603311],[94.38151231553843,53.69192911783881],[94.38206787109402,53.69148423936639],[94.38070990668422,53.68998467339435],[94.37984564887171,53.68945977105062],[94.37953694661468,53.68872694227446]]]}},{"type":"Feature","id":"hydrolakes:1322903","properties":{"Hylak_id":1322903,"Lake_name":"","Country":"Russia","Continent":"Europe","Poly_src":"SWBD","Lake_type":1,"Grand_id":0,"Lake_area":0.23,"Shore_len":1.76,"Shore_dev":1.05,"Vol_total":0.58,"Vol_res":0.0,"Vol_src":3,"Depth_avg":2.5,"Dis_avg":0.03,"Res_time":222.3,"Elevation":501,"Slope_100":1.23,"Wshd_area":4.7,"Pour_long":90.376042,"Pour_lat":53.681023,"source_id":"hydrolakes:1322903","label":""},"geometry":{"type":"Polygon","coordinates":[[[90.37705790201824,53.678081054687766],[90.37694444444429,53.67791666666682],[90.37413547092012,53.67803629557318],[90.37261345757378,53.67886338975711],[90.37183098687052,53.67957573784736],[90.37205790201807,53.68169216579872],[90.37332567003034,53.68303005642372],[90.37738654242617,53.68280327690985],[90.37928012424032,53.68097981770842],[90.37905320909266,53.67858561197926],[90.37705790201824,53.678081054687766]]]}},{"type":"Feature","id":"hydrolakes:1322927","properties":{"Hylak_id":1322927,"Lake_name":"","Country":"Russia","Continent":"Europe","Poly_src":"SWBD","Lake_type":1,"Grand_id":0,"Lake_area":0.39,"Shore_len":3.29,"Shore_dev":1.48,"Vol_total":1.21,"Vol_res":0.0,"Vol_src":3,"Depth_avg":3.1,"Dis_avg":1.083,"Res_time":13.0,"Elevation":453,"Slope_100":1.54,"Wshd_area":34.9,"Pour_long":94.044792,"Pour_lat":53.676208,"source_id":"hydrolakes:1322927","label":""},"geometry":{"type":"Polygon","coordinates":[[[94.04903320312513,53.67833862304701],[94.05105577256961,53.67750786675356],[94.05302842881957,53.67819919162349],[94.05374457465302,53.677535536024436],[94.05347764756971,53.67693915473109],[94.05207790798619,53.67583862304713],[94.05171685112884,53.67507337782126],[94.04874457465286,53.67444973415809],[94.04672200520844,53.673618977864635],[94.04438449435793,53.674438205295246],[94.04397379557315,53.67314114040812],[94.04233317057304,53.672566053602566],[94.0395144314237,53.672180853949726],[94.03916666666692,53.671805555555636],[94.03792209201418,53.6721995713977],[94.0387095811634,53.67298746744808],[94.03681098090289,53.67358846028657],[94.03874457465304,53.67487399631091],[94.03792209201418,53.67579779730909],[94.04146592881972,53.6757862684463],[94.04230061848972,53.67663425021726],[94.04681098090305,53.6780502658421],[94.04732394748277,53.67860419379366],[94.04903320312513,53.67833862304701]]]}},{"type":"Feature","id":"hydrolakes:1322945","properties":{"Hylak_id":1322945,"Lake_name":"","Country":"Russia","Continent":"Europe","Poly_src":"SWBD","Lake_type":1,"Grand_id":0,"Lake_area":0.66,"Shore_len":3.97,"Shore_dev":1.37,"Vol_total":2.15,"Vol_res":0.0,"Vol_src":3,"Depth_avg":3.2,"Dis_avg":0.144,"Res_time":172.4,"Elevation":445,"Slope_100":1.44,"Wshd_area":24.0,"Pour_long":90.542675,"Pour_lat":53.672306,"source_id":"hydrolakes:1322945","label":""},"geometry":{"type":"Polygon","coordinates":[[[90.54485833062046,53.671391601562505],[90.5399170939126,53.67142428927957],[90.53736389160139,53.6719471571181],[90.52905297173373,53.67248942057313],[90.52763610839838,53.67333062065984],[90.52708055284279,53.67388617621532],[90.5268083360458,53.674724934896005],[90.52514166937942,53.676092122395914],[90.52596944173166,53.67778049045148],[90.52763610839838,53.67998101128484],[90.52696136474606,53.68066731770841],[90.52913380940754,53.681548529731174],[90.52958611382365,53.68111382378481],[90.52985833062047,53.68027506510424],[90.53096944173171,53.67944173177108],[90.5322277832031,53.67903333875881],[90.5331916639538,53.67805284288221],[90.53481387668165,53.677526312934106],[90.54069722493472,53.67389160156256],[90.5412026977537,53.67336561414936],[90.54463138156473,53.67299302842889],[90.54570153130413,53.671665310329956],[90.54485833062046,53.671391601562505]]]}},{"type":"Feature","id":"hydrolakes:1322948","properties":{"Hylak_id":1322948,"Lake_name":"","Country":"Russia","Continent":"Europe","Poly_src":"SWBD","Lake_type":1,"Grand_id":0,"Lake_area":0.97,"Shore_len":5.01,"Shore_dev":1.43,"Vol_total":7.45,"Vol_res":0.0,"Vol_src":3,"Depth_avg":7.7,"Dis_avg":1.955,"Res_time":44.1,"Elevation":436,"Slope_100":7.66,"Wshd_area":60.6,"Pour_long":94.130193,"Pour_lat":53.671644,"source_id":"hydrolakes:1322948","label":""},"geometry":{"type":"Polygon","coordinates":[[[94.12118435329893,53.662000054253554],[94.11863416883688,53.66158121744803],[94.11657470703136,53.661885579427235],[94.11568033854189,53.66105170355928],[94.11472927517389,53.66119208441853],[94.11388264973965,53.66032660590298],[94.11167290581625,53.65995117187509],[94.11138888888911,53.65958333333339],[94.11051974826404,53.65982530381956],[94.10925781250023,53.66083333333353],[94.11039876302101,53.66151570638027],[94.11015679253495,53.66251790364595],[94.10913167317716,53.66313096788201],[94.11404568142387,53.664704318576526],[94.11480441623274,53.66541666666677],[94.11404568142387,53.66600219726587],[94.11431586371538,53.667074381510474],[94.11737901475709,53.668315429687595],[94.11767333984403,53.66903469509572],[94.12015679253483,53.66998209635443],[94.1204568142362,53.67071492513037],[94.12297254774313,53.67137749565978],[94.12259792751746,53.67166666666674],[94.12293457031274,53.671926540798665],[94.12322699652788,53.67297675238734],[94.12527777777785,53.67345187717024],[94.13065700954894,53.672433810764005],[94.131267903646,53.6719623480904],[94.13150987413223,53.67081542968759],[94.13202663845516,53.67041666666671],[94.129993760851,53.668659939236306],[94.12817654079873,53.66835123697922],[94.12793457031268,53.66720431857652],[94.1261455620662,53.66565700954868],[94.12460123697934,53.66498209635432],[94.12209499783012,53.66432427300356],[94.12182345920172,53.66303765190986],[94.12118435329893,53.662000054253554]]]}},{"type":"Feature","id":"hydrolakes:1322963","properties":{"Hylak_id":1322963,"Lake_name":"","Country":"Russia","Continent":"Europe","Poly_src":"SWBD","Lake_type":1,"Grand_id":0,"Lake_area":0.16,"Shore_len":1.87,"Shore_dev":1.33,"Vol_total":0.41,"Vol_res":0.0,"Vol_src":3,"Depth_avg":2.6,"Dis_avg":0.189,"Res_time":24.9,"Elevation":455,"Slope_100":1.4,"Wshd_area":6.1,"Pour_long":94.043073,"Pour_lat":53.668352,"source_id":"hydrolakes:1322963","label":""},"geometry":{"type":"Polygon","coordinates":[[[94.04484320746536,53.66803765190997],[94.0453857421877,53.66761895073796],[94.04387179904523,53.666713595920214],[94.04206542968774,53.66640679253487],[94.041388888889,53.66541666666677],[94.04041693793414,53.66568725585938],[94.04015679253479,53.667517903645944],[94.03925862630223,53.66803765190997],[94.03711480034747,53.66772081163214],[94.03626790364598,53.66816446940118],[94.03711914062524,53.66882147894978],[94.03904568142389,53.669148763020985],[94.04133463541683,53.670537651909854],[94.0439952256948,53.669921196831694],[94.04428765190988,53.66887098524313],[94.04484320746536,53.66803765190997]]]}},{"type":"Feature","id":"hydrolakes:1322989","properties":{"Hylak_id":1322989,"Lake_name":"","Country":"Russia","Continent":"Europe","Poly_src":"SWBD","Lake_type":1,"Grand_id":0,"Lake_area":0.21,"Shore_len":2.03,"Shore_dev":1.26,"Vol_total":1.4,"Vol_res":0.0,"Vol_src":3,"Depth_avg":6.7,"Dis_avg":0.283,"Res_time":57.1,"Elevation":455,"Slope_100":9.52,"Wshd_area":8.9,"Pour_long":94.180261,"Pour_lat":53.663664,"source_id":"hydrolakes:1322989","label":""},"geometry":{"type":"Polygon","coordinates":[[[94.17429524739612,53.65917697482655],[94.17416666666685,53.65902777777791],[94.17331271701397,53.659284939236215],[94.17237141927097,53.66021131727456],[94.17292697482657,53.66082302517367],[94.17320556640641,53.66234944661471],[94.17531032986125,53.66298326280395],[94.17672715928848,53.664420301649386],[94.18039713541674,53.66498969184033],[94.18151746961826,53.66429551866332],[94.18124538845501,53.66179633246543],[94.17959364149311,53.66110080295152],[94.17557807074672,53.66076524522583],[94.17429524739612,53.65917697482655]]]}},{"type":"Feature","id":"hydrolakes:1323020","properties":{"Hylak_id":1323020,"Lake_name":"","Country":"Russia","Continent":"Europe","Poly_src":"SWBD","Lake_type":1,"Grand_id":0,"Lake_area":0.15,"Shore_len":1.84,"Shore_dev":1.33,"Vol_total":0.5,"Vol_res":0.0,"Vol_src":3,"Depth_avg":3.3,"Dis_avg":0.094,"Res_time":61.2,"Elevation":458,"Slope_100":2.33,"Wshd_area":3.1,"Pour_long":94.036458,"Pour_lat":53.659278,"source_id":"hydrolakes:1323020","label":""},"geometry":{"type":"Polygon","coordinates":[[[94.04057454427101,53.65898247612853],[94.03818088107647,53.6579017469619],[94.03598659939252,53.65817464192719],[94.03570990668425,53.657206759982785],[94.03527777777799,53.65680555555576],[94.03313720703142,53.65707329644107],[94.0324308268232,53.65763888888904],[94.03317898220502,53.65823811848958],[94.03293212890634,53.65918212890631],[94.03242160373293,53.65959092881951],[94.03848768446215,53.660540093316115],[94.03940836588566,53.6608940972223],[94.04206787109399,53.66043131510423],[94.04057454427101,53.65898247612853]]]}},{"type":"Feature","id":"hydrolakes:1323136","properties":{"Hylak_id":1323136,"Lake_name":"","Country":"Russia","Continent":"Europe","Poly_src":"SWBD","Lake_type":1,"Grand_id":0,"Lake_area":0.41,"Shore_len":3.44,"Shore_dev":1.52,"Vol_total":3.85,"Vol_res":0.0,"Vol_src":3,"Depth_avg":9.5,"Dis_avg":0.122,"Res_time":365.1,"Elevation":473,"Slope_100":15.72,"Wshd_area":3.8,"Pour_long":94.152083,"Pour_lat":53.636551,"source_id":"hydrolakes:1323136","label":""},"geometry":{"type":"Polygon","coordinates":[[[94.15385877821211,53.637757432725834],[94.15429524739613,53.63715576171887],[94.15348253038206,53.63637858072923],[94.15130560980924,53.63517062717028],[94.14957628038223,53.6346497938369],[94.1458333333336,53.634027777777874],[94.14462022569461,53.63429226345505],[94.14051540798624,53.63396267361122],[94.13437744140634,53.63447265625007],[94.1326972113718,53.6341061740452],[94.13160671658011,53.63419379340297],[94.13126030815982,53.635126953125166],[94.13238905164945,53.63583414713554],[94.13903808593767,53.63610080295149],[94.14134738498274,53.63645914713561],[94.14516899956612,53.63790500217027],[94.14726019965286,53.637448730468805],[94.14933213975723,53.638133680555654],[94.15385877821211,53.637757432725834]]]}},{"type":"Feature","id":"hydrolakes:1323155","properties":{"Hylak_id":1323155,"Lake_name":"","Country":"Russia","Continent":"Europe","Poly_src":"SWBD","Lake_type":1,"Grand_id":0,"Lake_area":0.14,"Shore_len":1.78,"Shore_dev":1.35,"Vol_total":0.3,"Vol_res":0.0,"Vol_src":3,"Depth_avg":2.2,"Dis_avg":0.011,"Res_time":317.6,"Elevation":389,"Slope_100":1.06,"Wshd_area":1.9,"Pour_long":90.712246,"Pour_lat":53.631803,"source_id":"hydrolakes:1323155","label":""},"geometry":{"type":"Polygon","coordinates":[[[90.7223714192707,53.630010308159854],[90.72249999999997,53.629027777777935],[90.71672627766912,53.629469401041774],[90.71607442220045,53.6302262369793],[90.71244337293825,53.63105957031263],[90.71181586371512,53.631600206163455],[90.7121775309243,53.63248969184042],[90.71497904459619,53.63210259331606],[90.72107577853723,53.63105794270842],[90.7223714192707,53.630010308159854]]]}},{"type":"Feature","id":"hydrolakes:1323203","properties":{"Hylak_id":1323203,"Lake_name":"","Country":"Russia","Continent":"Europe","Poly_src":"SWBD","Lake_type":1,"Grand_id":0,"Lake_area":0.23,"Shore_len":1.99,"Shore_dev":1.17,"Vol_total":0.77,"Vol_res":0.0,"Vol_src":3,"Depth_avg":3.4,"Dis_avg":0.043,"Res_time":206.5,"Elevation":1500,"Slope_100":2.16,"Wshd_area":1.7,"Pour_long":94.798966,"Pour_lat":53.623537,"source_id":"hydrolakes:1323203","label":""},"geometry":{"type":"Polygon","coordinates":[[[94.8054014756948,53.61945990668414],[94.80527777777809,53.61930555555563],[94.80280653211832,53.619614800347335],[94.80086317274333,53.620170355902815],[94.8004014756948,53.620540093316094],[94.80015407986139,53.621404351128604],[94.79929036458356,53.621928982204906],[94.79793185763907,53.62351589626752],[94.79823567708365,53.62467556423621],[94.8006467013891,53.62497531467022],[94.80358127170166,53.62399631076397],[94.80429036458361,53.623317871094],[94.80675998263928,53.62300916883686],[94.80739908854207,53.622497287326496],[94.80595703125022,53.62168212890634],[94.8057096354168,53.619706759982705],[94.8054014756948,53.61945990668414]]]}},{"type":"Feature","id":"hydrolakes:1323224","properties":{"Hylak_id":1323224,"Lake_name":"","Country":"Russia","Continent":"Europe","Poly_src":"SWBD","Lake_type":1,"Grand_id":0,"Lake_area":0.93,"Shore_len":4.68,"Shore_dev":1.37,"Vol_total":2.66,"Vol_res":0.0,"Vol_src":3,"Depth_avg":2.9,"Dis_avg":17.396,"Res_time":1.8,"Elevation":392,"Slope_100":1.01,"Wshd_area":2486.8,"Pour_long":90.693388,"Pour_lat":53.61972,"source_id":"hydrolakes:1323224","label":""},"geometry":{"type":"Polygon","coordinates":[[[90.6959669325085,53.620560980902894],[90.6951441786025,53.61943901909734],[90.69421556260852,53.61883951822932],[90.69125528971358,53.61777235243062],[90.68652248806427,53.61694986979171],[90.68624504937065,53.61665039062507],[90.68544067382788,53.61668212890629],[90.68305555555543,53.61597222222241],[90.67715549045118,53.61640570746533],[90.67279954698347,53.61583875868081],[90.66967569986963,53.61649224175352],[90.66656589084181,53.61789333767365],[90.66625528971343,53.61901475694452],[90.66852199978285,53.620591362847335],[90.67279683430974,53.621383463541804],[90.67652248806411,53.62082790798621],[90.68069702148432,53.620560980902894],[90.68773939344612,53.6211249457466],[90.69265896267342,53.62279351128484],[90.69496175130195,53.62270209418409],[90.6962552897134,53.62167209201408],[90.69652248806409,53.621075575086934],[90.6959669325085,53.620560980902894]]]}},{"type":"Feature","id":"hydrolakes:1323237","properties":{"Hylak_id":1323237,"Lake_name":"","Country":"Russia","Continent":"Europe","Poly_src":"SWBD","Lake_type":1,"Grand_id":0,"Lake_area":0.2,"Shore_len":2.01,"Shore_dev":1.25,"Vol_total":1.3,"Vol_res":0.0,"Vol_src":3,"Depth_avg":6.4,"Dis_avg":0.025,"Res_time":600.3,"Elevation":563,"Slope_100":8.46,"Wshd_area":0.8,"Pour_long":94.170308,"Pour_lat":53.617058,"source_id":"hydrolakes:1323237","label":""},"geometry":{"type":"Polygon","coordinates":[[[94.17041395399326,53.61278049045143],[94.17027777777793,53.61263888888897],[94.16903049045158,53.61304361979177],[94.16930284288202,53.61361382378499],[94.17041395399326,53.61434244791667],[94.1701416015627,53.616113823784815],[94.16958604600723,53.61664767795145],[94.16998508029525,53.6174940321182],[94.1709521484376,53.61751383463553],[94.17152506510445,53.61694173177108],[94.17380832248278,53.616622992621615],[94.17430284288218,53.61610839843763],[94.17819173177111,53.61501193576413],[94.17787760416695,53.613072916666795],[94.17041395399326,53.61278049045143]]]}},{"type":"Feature","id":"hydrolakes:1323287","properties":{"Hylak_id":1323287,"Lake_name":"","Country":"Russia","Continent":"Europe","Poly_src":"SWBD","Lake_type":1,"Grand_id":0,"Lake_area":0.18,"Shore_len":1.93,"Shore_dev":1.28,"Vol_total":0.96,"Vol_res":0.0,"Vol_src":3,"Depth_avg":5.3,"Dis_avg":0.107,"Res_time":104.2,"Elevation":413,"Slope_100":6.0,"Wshd_area":18.7,"Pour_long":92.415975,"Pour_lat":53.608188,"source_id":"hydrolakes:1323287","label":""},"geometry":{"type":"Polygon","coordinates":[[[92.41762858072923,53.60806586371541],[92.41750000000013,53.60791666666671],[92.41514919704878,53.608113064236306],[92.4154063585072,53.60917697482648],[92.41681586371527,53.610823025173715],[92.41707302517358,53.612788085937666],[92.41839979383684,53.6138717990454],[92.42236572265625,53.613549533420326],[92.42365587022567,53.61236111111123],[92.42279839409753,53.61150716145846],[92.42090006510432,53.61093560112852],[92.41929524739612,53.61001030815987],[92.41762858072923,53.60806586371541]]]}},{"type":"Feature","id":"hydrolakes:1323299","properties":{"Hylak_id":1323299,"Lake_name":"","Country":"Russia","Continent":"Europe","Poly_src":"SWBD","Lake_type":1,"Grand_id":0,"Lake_area":0.19,"Shore_len":2.21,"Shore_dev":1.44,"Vol_total":0.52,"Vol_res":0.0,"Vol_src":3,"Depth_avg":2.7,"Dis_avg":0.01,"Res_time":597.5,"Elevation":339,"Slope_100":1.52,"Wshd_area":7.1,"Pour_long":91.895571,"Pour_lat":53.603662,"source_id":"hydrolakes:1323299","label":""},"geometry":{"type":"Polygon","coordinates":[[[91.90514417860237,53.60360568576408],[91.90263359917543,53.60333875868059],[91.90083333333331,53.60263888888903],[91.89787638346365,53.602788357204986],[91.89733656141505,53.6033707682293],[91.8954326714412,53.603295355902844],[91.89514417860238,53.6037369791668],[91.89711344401053,53.60489474826403],[91.9075764973959,53.605618489583435],[91.90948757595476,53.60554280598973],[91.90985582139757,53.60459635416686],[91.90514417860237,53.60360568576408]]]}},{"type":"Feature","id":"hydrolakes:1323310","properties":{"Hylak_id":1323310,"Lake_name":"","Country":"Russia","Continent":"Europe","Poly_src":"SWBD","Lake_type":1,"Grand_id":0,"Lake_area":0.16,"Shore_len":2.03,"Shore_dev":1.43,"Vol_total":0.32,"Vol_res":0.0,"Vol_src":3,"Depth_avg":2.0,"Dis_avg":0.186,"Res_time":19.6,"Elevation":383,"Slope_100":0.81,"Wshd_area":29.6,"Pour_long":90.70117,"Pour_lat":53.601555,"source_id":"hydrolakes:1323310","label":""},"geometry":{"type":"Polygon","coordinates":[[[90.70236389160146,53.601108398437646],[90.7009965684677,53.59973063151051],[90.69805555555541,53.59902777777796],[90.69227681477867,53.599237467448006],[90.69125278049023,53.600258789062536],[90.6950128173828,53.60115044487861],[90.69956156412746,53.601057671441026],[90.70050225151908,53.60305284288199],[90.70263610839851,53.60274061414941],[90.70236389160146,53.601108398437646]]]}},{"type":"Feature","id":"hydrolakes:1323321","properties":{"Hylak_id":1323321,"Lake_name":"","Country":"Russia","Continent":"Europe","Poly_src":"SWBD","Lake_type":1,"Grand_id":0,"Lake_area":0.13,"Shore_len":1.83,"Shore_dev":1.41,"Vol_total":0.49,"Vol_res":0.0,"Vol_src":3,"Depth_avg":3.6,"Dis_avg":0.086,"Res_time":65.7,"Elevation":1460,"Slope_100":3.04,"Wshd_area":3.3,"Pour_long":94.807292,"Pour_lat":53.598066,"source_id":"hydrolakes:1323321","label":""},"geometry":{"type":"Polygon","coordinates":[[[94.80722222222255,53.599222547743125],[94.80861111111125,53.598735622829906],[94.80988498263923,53.599182128906364],[94.81313259548642,53.599213867187586],[94.81348415798647,53.59888807508685],[94.81263346354189,53.598338758680654],[94.81236653645857,53.597216796875216],[94.81194444444458,53.59680555555576],[94.80707790798658,53.59693901909736],[94.80625542534756,53.597227647569525],[94.80316677517379,53.597556152344],[94.80236653645863,53.598297797309215],[94.80385416666718,53.59887396918424],[94.80562879774334,53.59825168185779],[94.8061946614585,53.59886230468754],[94.80722222222255,53.599222547743125]]]}},{"type":"Feature","id":"hydrolakes:1323358","properties":{"Hylak_id":1323358,"Lake_name":"","Country":"Russia","Continent":"Europe","Poly_src":"SWBD","Lake_type":1,"Grand_id":0,"Lake_area":0.15,"Shore_len":1.82,"Shore_dev":1.34,"Vol_total":0.36,"Vol_res":0.0,"Vol_src":3,"Depth_avg":2.4,"Dis_avg":0.112,"Res_time":37.0,"Elevation":411,"Slope_100":1.3,"Wshd_area":17.1,"Pour_long":90.580784,"Pour_lat":53.587888,"source_id":"hydrolakes:1323358","label":""},"geometry":{"type":"Polygon","coordinates":[[[90.58206542968742,53.586962348090424],[90.58194444444439,53.58652777777786],[90.57971198187926,53.58665635850713],[90.57428765190969,53.588037651909815],[90.57145321316176,53.589041612413325],[90.57081010606555,53.58953776041676],[90.57504903157553,53.59023410373271],[90.58188008626303,53.587902832031375],[90.58258212619347,53.587361111111306],[90.58206542968742,53.586962348090424]]]}},{"type":"Feature","id":"hydrolakes:1323369","properties":{"Hylak_id":1323369,"Lake_name":"","Country":"Russia","Continent":"Europe","Poly_src":"SWBD","Lake_type":1,"Grand_id":0,"Lake_area":0.33,"Shore_len":2.43,"Shore_dev":1.2,"Vol_total":0.72,"Vol_res":0.0,"Vol_src":3,"Depth_avg":2.2,"Dis_avg":0.064,"Res_time":130.7,"Elevation":355,"Slope_100":0.83,"Wshd_area":12.0,"Pour_long":90.845267,"Pour_lat":53.585699,"source_id":"hydrolakes:1323369","label":""},"geometry":{"type":"Polygon","coordinates":[[[90.85152248806406,53.58111653645847],[90.84930026584203,53.581105685764044],[90.84874471028633,53.58166124131964],[90.84847751193564,53.582505425347335],[90.84652248806424,53.583883463541724],[90.84470018174932,53.585694444444584],[90.84565734863281,53.586659613715426],[90.84722425672732,53.58672173394103],[90.85848646375871,53.58361409505221],[90.85707804361988,53.582505425347335],[90.85673143174898,53.58141059027787],[90.85152248806406,53.58111653645847]]]}},{"type":"Feature","id":"hydrolakes:1323469","properties":{"Hylak_id":1323469,"Lake_name":"","Country":"Russia","Continent":"Europe","Poly_src":"SWBD","Lake_type":1,"Grand_id":0,"Lake_area":0.23,"Shore_len":2.21,"Shore_dev":1.28,"Vol_total":2.06,"Vol_res":0.0,"Vol_src":3,"Depth_avg":8.8,"Dis_avg":0.054,"Res_time":441.1,"Elevation":1691,"Slope_100":15.73,"Wshd_area":2.0,"Pour_long":94.779413,"Pour_lat":53.563771,"source_id":"hydrolakes:1323469","label":""},"geometry":{"type":"Polygon","coordinates":[[[94.77762098524323,53.561684570312536],[94.7775000000002,53.561527777777826],[94.77536675347238,53.562078179253604],[94.77206542968781,53.56442654079865],[94.77182345920164,53.56501790364587],[94.77039876302098,53.56581542968763],[94.77015679253492,53.566406792534906],[94.76960123697933,53.56683566623269],[94.771488715278,53.56782389322922],[94.77345540364615,53.568114691840435],[94.77521321614608,53.56762505425371],[94.77682345920158,53.56612901475705],[94.77709255642384,53.564852701822986],[94.77984320746555,53.563962402343975],[94.77946614583345,53.56338677300363],[94.77737901475717,53.5630322265626],[94.77762098524323,53.5624820963543],[94.77813747829896,53.56208333333342],[94.77762098524323,53.561684570312536]]]}},{"type":"Feature","id":"hydrolakes:1323474","properties":{"Hylak_id":1323474,"Lake_name":"","Country":"Russia","Continent":"Europe","Poly_src":"SWBD","Lake_type":1,"Grand_id":0,"Lake_area":0.18,"Shore_len":1.98,"Shore_dev":1.32,"Vol_total":0.46,"Vol_res":0.0,"Vol_src":3,"Depth_avg":2.6,"Dis_avg":0.133,"Res_time":40.3,"Elevation":475,"Slope_100":1.35,"Wshd_area":20.5,"Pour_long":90.717057,"Pour_lat":53.562851,"source_id":"hydrolakes:1323474","label":""},"geometry":{"type":"Polygon","coordinates":[[[90.71874220106338,53.560007866753665],[90.71651997884095,53.55999213324668],[90.7162577989364,53.56084120008694],[90.7151466878255,53.56195231119813],[90.71049112955723,53.56228868272581],[90.70903557671426,53.563214518229245],[90.71064310709625,53.56499213324662],[90.7143657769098,53.564704589843814],[90.71505255805096,53.563935818142454],[90.71779337565084,53.562932400173736],[90.71929775661908,53.56144015842028],[90.71903557671442,53.56026991102436],[90.71874220106338,53.560007866753665]]]}},{"type":"Feature","id":"hydrolakes:1323480","properties":{"Hylak_id":1323480,"Lake_name":"","Country":"Russia","Continent":"Europe","Poly_src":"SWBD","Lake_type":1,"Grand_id":0,"Lake_area":0.36,"Shore_len":2.57,"Shore_dev":1.21,"Vol_total":0.86,"Vol_res":0.0,"Vol_src":3,"Depth_avg":2.4,"Dis_avg":0.002,"Res_time":4957.2,"Elevation":286,"Slope_100":0.92,"Wshd_area":0.5,"Pour_long":91.056335,"Pour_lat":53.560619,"source_id":"hydrolakes:1323480","label":""},"geometry":{"type":"Polygon","coordinates":[[[91.0659694417318,53.561391601562605],[91.06544637044254,53.560847167968916],[91.06388888888887,53.56031412760427],[91.06157755533854,53.56110514322921],[91.06120944552941,53.55921956380217],[91.0580555555556,53.5587500000002],[91.05403055826827,53.55892144097231],[91.05430277506514,53.561391601562605],[91.05485833062062,53.56250271267368],[91.0556471082898,53.56330105251743],[91.05847500271273,53.563608398437566],[91.06157755533854,53.56499728732655],[91.0633747694227,53.5643750000001],[91.06569722493487,53.56305826822921],[91.0659694417318,53.562219509548754],[91.06640021430121,53.56180555555568],[91.0659694417318,53.561391601562605]]]}},{"type":"Feature","id":"hydrolakes:1323505","properties":{"Hylak_id":1323505,"Lake_name":"","Country":"Russia","Continent":"Europe","Poly_src":"SWBD","Lake_type":1,"Grand_id":0,"Lake_area":0.2,"Shore_len":1.83,"Shore_dev":1.16,"Vol_total":0.35,"Vol_res":0.0,"Vol_src":3,"Depth_avg":1.8,"Dis_avg":0.003,"Res_time":1362.1,"Elevation":287,"Slope_100":0.6,"Wshd_area":0.6,"Pour_long":91.055463,"Pour_lat":53.555762,"source_id":"hydrolakes:1323505","label":""},"geometry":{"type":"Polygon","coordinates":[[[91.05430026584185,53.55417209201397],[91.04920288085941,53.554278700086854],[91.04625528971371,53.55525526258691],[91.04657701280365,53.55662651909728],[91.05241082085502,53.55728461371541],[91.05707804361987,53.556877983941206],[91.05678602430538,53.55481987847236],[91.05430026584185,53.55417209201397]]]}},{"type":"Feature","id":"hydrolakes:1323581","properties":{"Hylak_id":1323581,"Lake_name":"","Country":"Russia","Continent":"Europe","Poly_src":"SWBD","Lake_type":1,"Grand_id":0,"Lake_area":0.2,"Shore_len":2.02,"Shore_dev":1.26,"Vol_total":1.77,"Vol_res":0.0,"Vol_src":3,"Depth_avg":8.6,"Dis_avg":0.065,"Res_time":315.6,"Elevation":1445,"Slope_100":15.99,"Wshd_area":2.2,"Pour_long":94.575655,"Pour_lat":53.537763,"source_id":"hydrolakes:1323581","label":""},"geometry":{"type":"Polygon","coordinates":[[[94.57651258680596,53.53759521484386],[94.57626519097238,53.53415120442713],[94.57552463107669,53.533364257812536],[94.57305555555581,53.53291666666672],[94.57212510850712,53.53318277994816],[94.57182074652798,53.53390435112857],[94.57056098090294,53.53492323133685],[94.56793185763905,53.5357695855036],[94.56959852430583,53.53720675998272],[94.5699386935766,53.53801323784728],[94.57064344618067,53.538101128472306],[94.57317057291681,53.53695990668422],[94.57459852430588,53.53720675998272],[94.57493869357671,53.53801323784728],[94.57584906684048,53.53812662760424],[94.57651258680596,53.53759521484386]]]}},{"type":"Feature","id":"hydrolakes:1323607","properties":{"Hylak_id":1323607,"Lake_name":"","Country":"Russia","Continent":"Europe","Poly_src":"SWBD","Lake_type":1,"Grand_id":0,"Lake_area":0.13,"Shore_len":1.54,"Shore_dev":1.22,"Vol_total":1.14,"Vol_res":0.0,"Vol_src":3,"Depth_avg":8.9,"Dis_avg":0.014,"Res_time":938.7,"Elevation":1687,"Slope_100":19.55,"Wshd_area":0.5,"Pour_long":94.696819,"Pour_lat":53.531694,"source_id":"hydrolakes:1323607","label":""},"geometry":{"type":"Polygon","coordinates":[[[94.69280870225725,53.52996907552091],[94.69250000000017,53.52958333333339],[94.69151095920165,53.52986599392369],[94.69015407986132,53.53069037543412],[94.69107042100717,53.53127794053836],[94.69237630208363,53.531651204427305],[94.69274685329873,53.5321139865452],[94.69548828125028,53.53304009331606],[94.69771104600727,53.532749294704956],[94.69977430555593,53.53158257378482],[94.69659505208352,53.53044270833345],[94.69280870225725,53.52996907552091]]]}},{"type":"Feature","id":"hydrolakes:1323619","properties":{"Hylak_id":1323619,"Lake_name":"","Country":"Russia","Continent":"Europe","Poly_src":"SWBD","Lake_type":1,"Grand_id":0,"Lake_area":0.15,"Shore_len":1.65,"Shore_dev":1.21,"Vol_total":0.89,"Vol_res":0.0,"Vol_src":3,"Depth_avg":6.0,"Dis_avg":0.067,"Res_time":154.5,"Elevation":1523,"Slope_100":8.42,"Wshd_area":2.4,"Pour_long":94.714583,"Pour_lat":53.53003,"source_id":"hydrolakes:1323619","label":""},"geometry":{"type":"Polygon","coordinates":[[[94.71152235243096,53.528060980903035],[94.7077560763891,53.528068305121565],[94.70736653645872,53.5288943142362],[94.70681098090313,53.52940890842024],[94.70726833767384,53.529954427083396],[94.7090185546877,53.53067328559041],[94.71637478298646,53.5309648980035],[94.71707790798627,53.53031331380214],[94.71485568576418,53.52944986979179],[94.71445529513915,53.52901719835074],[94.71152235243096,53.528060980903035]]]}},{"type":"Feature","id":"hydrolakes:1323633","properties":{"Hylak_id":1323633,"Lake_name":"","Country":"Russia","Continent":"Europe","Poly_src":"SWBD","Lake_type":1,"Grand_id":0,"Lake_area":0.1,"Shore_len":1.6,"Shore_dev":1.43,"Vol_total":0.67,"Vol_res":0.0,"Vol_src":3,"Depth_avg":6.8,"Dis_avg":0.019,"Res_time":410.6,"Elevation":1599,"Slope_100":12.24,"Wshd_area":0.6,"Pour_long":94.529884,"Pour_lat":53.527876,"source_id":"hydrolakes:1323633","label":""},"geometry":{"type":"Polygon","coordinates":[[[94.53148220486122,53.52643446180576],[94.53138888888918,53.526250000000175],[94.53036512586834,53.52634385850712],[94.52851779513912,53.527270236545235],[94.52870442708371,53.52810112847226],[94.52971923828159,53.52861083984379],[94.52907335069472,53.52893771701412],[94.52925998263913,53.52976779513898],[94.52962890625031,53.529954427083396],[94.52981635199683,53.53144124348967],[94.53056043836824,53.53180474175355],[94.53259331597246,53.53078531901065],[94.53240668402805,53.52939887152792],[94.53148220486122,53.52893446180565],[94.5312955729168,53.5282877604169],[94.53083631727446,53.528055284288314],[94.53203776041681,53.527451714409835],[94.5318511284724,53.52662109375018],[94.53148220486122,53.52643446180576]]]}},{"type":"Feature","id":"hydrolakes:1323650","properties":{"Hylak_id":1323650,"Lake_name":"","Country":"Russia","Continent":"Europe","Poly_src":"SWBD","Lake_type":1,"Grand_id":0,"Lake_area":0.1,"Shore_len":1.44,"Shore_dev":1.31,"Vol_total":0.77,"Vol_res":0.0,"Vol_src":3,"Depth_avg":8.0,"Dis_avg":0.03,"Res_time":295.6,"Elevation":1556,"Slope_100":17.18,"Wshd_area":1.0,"Pour_long":94.628125,"Pour_lat":53.523745,"source_id":"hydrolakes:1323650","label":""},"geometry":{"type":"Polygon","coordinates":[[[94.62683105468784,53.525581054687564],[94.62708333333364,53.52490668402788],[94.62797743055575,53.52510687934034],[94.62881076388919,53.524293891059074],[94.631502278646,53.523435872395964],[94.63127549913224,53.52219672309036],[94.63083333333361,53.52180555555566],[94.6298356119795,53.521918945312734],[94.62717122395844,53.52286566840297],[94.62683105468784,53.523358832465476],[94.62460883246541,53.52453965928834],[94.62486599392372,53.525404730902835],[94.62624620225722,53.525984700520894],[94.62683105468784,53.525581054687564]]]}},{"type":"Feature","id":"hydrolakes:1323675","properties":{"Hylak_id":1323675,"Lake_name":"","Country":"Russia","Continent":"Europe","Poly_src":"SWBD","Lake_type":1,"Grand_id":0,"Lake_area":0.16,"Shore_len":1.86,"Shore_dev":1.32,"Vol_total":0.44,"Vol_res":0.0,"Vol_src":3,"Depth_avg":2.8,"Dis_avg":0.197,"Res_time":25.7,"Elevation":356,"Slope_100":1.64,"Wshd_area":52.0,"Pour_long":91.314222,"Pour_lat":53.518222,"source_id":"hydrolakes:1323675","label":""},"geometry":{"type":"Polygon","coordinates":[[[91.31150485568566,53.514189453125084],[91.31138888888876,53.514027777777926],[91.30960625542536,53.51416097005222],[91.31039374457464,53.51557834201401],[91.31206041124125,53.516809895833376],[91.31182847764745,53.51780056423621],[91.31127292209186,53.518198784722415],[91.31150485568566,53.51891167534734],[91.31210896809881,53.51953531901046],[91.31434529622385,53.51997721354178],[91.3156831868489,53.51959716796887],[91.31594930013006,53.51858832465291],[91.31649861653648,53.518194444444475],[91.31594930013006,53.51780056423621],[91.31571736653638,53.51636610243071],[91.31506130642367,53.51567003038201],[91.31405069986977,53.51525499131952],[91.31206041124125,53.51502278645842],[91.31150485568566,53.514189453125084]]]}},{"type":"Feature","id":"hydrolakes:1323716","properties":{"Hylak_id":1323716,"Lake_name":"","Country":"Russia","Continent":"Europe","Poly_src":"SWBD","Lake_type":1,"Grand_id":0,"Lake_area":0.21,"Shore_len":2.35,"Shore_dev":1.46,"Vol_total":0.27,"Vol_res":0.0,"Vol_src":3,"Depth_avg":1.3,"Dis_avg":0.091,"Res_time":34.3,"Elevation":280,"Slope_100":0.31,"Wshd_area":18.4,"Pour_long":91.088365,"Pour_lat":53.50922,"source_id":"hydrolakes:1323716","label":""},"geometry":{"type":"Polygon","coordinates":[[[91.09040384928375,53.50806830512158],[91.09027777777766,53.50791666666669],[91.08798000759538,53.50805474175354],[91.08595940483934,53.50859836154524],[91.08070726182717,53.51084608289949],[91.07694213867177,53.51185438368066],[91.07626281738266,53.512418891059156],[91.0781550428602,53.513320583767495],[91.08071173773874,53.51299777560769],[91.08905314127605,53.50984619140644],[91.09095940483934,53.50875786675357],[91.09040384928375,53.50806830512158]]]}},{"type":"Feature","id":"hydrolakes:1323717","properties":{"Hylak_id":1323717,"Lake_name":"","Country":"Russia","Continent":"Europe","Poly_src":"SWBD","Lake_type":1,"Grand_id":0,"Lake_area":0.2,"Shore_len":1.92,"Shore_dev":1.21,"Vol_total":2.08,"Vol_res":0.0,"Vol_src":3,"Depth_avg":10.3,"Dis_avg":0.023,"Res_time":1044.6,"Elevation":1626,"Slope_100":22.99,"Wshd_area":0.8,"Pour_long":94.563542,"Pour_lat":53.509324,"source_id":"hydrolakes:1323717","label":""},"geometry":{"type":"Polygon","coordinates":[[[94.569211154514,53.507361111111265],[94.56861111111147,53.50680555555567],[94.56644259982653,53.50685953776053],[94.5617165798613,53.50753634982647],[94.56126030816017,53.508065863715444],[94.55929524739611,53.50915635850703],[94.55848253038215,53.51062201605913],[94.55929741753505,53.51132405598969],[94.5637396918404,53.51026746961816],[94.56726399739614,53.509972873264076],[94.56762858072955,53.50915635850703],[94.569211154514,53.507361111111265]]]}},{"type":"Feature","id":"hydrolakes:1323739","properties":{"Hylak_id":1323739,"Lake_name":"","Country":"Russia","Continent":"Europe","Poly_src":"SWBD","Lake_type":1,"Grand_id":0,"Lake_area":0.15,"Shore_len":1.71,"Shore_dev":1.24,"Vol_total":0.31,"Vol_res":0.0,"Vol_src":3,"Depth_avg":2.0,"Dis_avg":0.004,"Res_time":896.1,"Elevation":311,"Slope_100":0.86,"Wshd_area":0.8,"Pour_long":90.961458,"Pour_lat":53.503572,"source_id":"hydrolakes:1323739","label":""},"geometry":{"type":"Polygon","coordinates":[[[90.96317905002155,53.503071017795264],[90.96305555555557,53.50291666666675],[90.95969211154505,53.503046061198006],[90.95459872775592,53.50449462890634],[90.95484571668851,53.5061265733508],[90.95558688693569,53.506913791232705],[90.95665622287322,53.50704671223963],[90.95848876953113,53.506522894965485],[90.96070983886716,53.50501546223961],[90.96114223904101,53.50447536892369],[90.96348761664484,53.504182128906336],[90.9640649414061,53.503608940972356],[90.96317905002155,53.503071017795264]]]}},{"type":"Feature","id":"hydrolakes:1323783","properties":{"Hylak_id":1323783,"Lake_name":"","Country":"Russia","Continent":"Europe","Poly_src":"SWBD","Lake_type":1,"Grand_id":0,"Lake_area":0.15,"Shore_len":1.73,"Shore_dev":1.24,"Vol_total":0.19,"Vol_res":0.0,"Vol_src":3,"Depth_avg":1.2,"Dis_avg":0.045,"Res_time":48.3,"Elevation":310,"Slope_100":0.3,"Wshd_area":8.3,"Pour_long":90.95384,"Pour_lat":53.496162,"source_id":"hydrolakes:1323783","label":""},"geometry":{"type":"Polygon","coordinates":[[[90.96263610839844,53.49500271267368],[90.95537875705287,53.49502332899317],[90.95311150444877,53.49575900607664],[90.95511990017343,53.49777506510429],[90.95819166395398,53.4972195095487],[90.96339077419702,53.49675699869795],[90.96421284993477,53.49593885633698],[90.96263610839844,53.49500271267368]]]}},{"type":"Feature","id":"hydrolakes:1323792","properties":{"Hylak_id":1323792,"Lake_name":"","Country":"Russia","Continent":"Europe","Poly_src":"SWBD","Lake_type":1,"Grand_id":0,"Lake_area":0.41,"Shore_len":3.63,"Shore_dev":1.61,"Vol_total":1.59,"Vol_res":0.0,"Vol_src":3,"Depth_avg":3.9,"Dis_avg":2.042,"Res_time":9.0,"Elevation":455,"Slope_100":2.52,"Wshd_area":274.2,"Pour_long":90.534861,"Pour_lat":53.494119,"source_id":"hydrolakes:1323792","label":""},"geometry":{"type":"Polygon","coordinates":[[[90.53629557291646,53.493656684028],[90.53638888888895,53.492361111111165],[90.53314887152771,53.49245442708343],[90.53203776041647,53.49356553819456],[90.53185112847206,53.49421223958336],[90.53092664930568,53.49495442708343],[90.53074001736127,53.496156684027824],[90.53018446180556,53.49643771701409],[90.53037109374998,53.49782335069466],[90.53074001736127,53.498009982639076],[90.53092664930568,53.49865668402782],[90.53148220486099,53.49893771701397],[90.53129557291646,53.499490017361154],[90.53092664930568,53.4996766493058],[90.53074001736127,53.50060112847228],[90.53037109374998,53.50078776041681],[90.53018446180556,53.501434461805616],[90.52925998263896,53.501898871528],[90.52870442708314,53.50245442708342],[90.52851779513873,53.50310112847234],[90.52796223958313,53.503382161458376],[90.52814887152766,53.504490017361206],[90.52851779513873,53.50467664930562],[90.52875827365443,53.505509982638955],[90.53185112847206,53.50532335069454],[90.53203776041647,53.50467664930562],[90.53240668402765,53.504490017361206],[90.53259331597206,53.503009982639014],[90.5329622395833,53.502823350694484],[90.53314887152771,53.501898871528],[90.5346289062498,53.50060112847228],[90.53481553819461,53.49939887152783],[90.53518446180539,53.499212239583414],[90.5353710937498,53.497732204861336],[90.5359266493054,53.497451171875184],[90.53574001736098,53.49689887152789],[90.53518446180539,53.49661783854174],[90.5353710937498,53.49550998263902],[90.53574001736098,53.49532335069449],[90.5359266493054,53.49384331597241],[90.53629557291646,53.493656684028]]]}},{"type":"Feature","id":"hydrolakes:1323807","properties":{"Hylak_id":1323807,"Lake_name":"","Country":"Russia","Continent":"Europe","Poly_src":"SWBD","Lake_type":1,"Grand_id":0,"Lake_area":0.37,"Shore_len":3.86,"Shore_dev":1.78,"Vol_total":1.5,"Vol_res":0.0,"Vol_src":3,"Depth_avg":4.0,"Dis_avg":0.162,"Res_time":107.3,"Elevation":301,"Slope_100":2.7,"Wshd_area":74.8,"Pour_long":92.040625,"Pour_lat":53.490469,"source_id":"hydrolakes:1323807","label":""},"geometry":{"type":"Polygon","coordinates":[[[92.06070081922746,53.492777235243295],[92.0590304904515,53.49166395399317],[92.05152506510416,53.48916937934041],[92.04888332790796,53.48819986979174],[92.04861111111103,53.48791666666676],[92.04400512695327,53.48806206597226],[92.04259575737848,53.48948052300352],[92.03714640299478,53.48936930338556],[92.03680826822927,53.489741210937666],[92.03763617621541,53.49083604600702],[92.03847493489576,53.49110839843763],[92.03875135633689,53.49224202473971],[92.03988050672734,53.49221896701397],[92.04054999457463,53.49152235243059],[92.04263617621552,53.49083062065989],[92.04599745008699,53.490465494791806],[92.04708062065964,53.49083604600702],[92.0510812717016,53.49113715277798],[92.05545166015634,53.49279703776051],[92.05680284288195,53.492769368489746],[92.0570806206598,53.49305826822922],[92.06001491970494,53.493467881944525],[92.06070081922746,53.492777235243295]]]}},{"type":"Feature","id":"hydrolakes:1323808","properties":{"Hylak_id":1323808,"Lake_name":"","Country":"Russia","Continent":"Europe","Poly_src":"SWBD","Lake_type":1,"Grand_id":0,"Lake_area":0.27,"Shore_len":2.13,"Shore_dev":1.15,"Vol_total":2.78,"Vol_res":0.0,"Vol_src":3,"Depth_avg":10.2,"Dis_avg":0.041,"Res_time":784.5,"Elevation":1611,"Slope_100":20.51,"Wshd_area":1.7,"Pour_long":94.80497,"Pour_lat":53.490333,"source_id":"hydrolakes:1323808","label":""},"geometry":{"type":"Polygon","coordinates":[[[94.8048459201392,53.488904351128724],[94.80472222222244,53.488750000000095],[94.80266384548645,53.48900743272577],[94.80151258680587,53.48970675998271],[94.8012651909724,53.492237684462054],[94.7995985243059,53.494071451823004],[94.79988335503504,53.49547851562505],[94.80234809027814,53.49603841145853],[94.80317925347236,53.495262315538355],[94.80635904947928,53.494274088541715],[94.807623697917,53.493150770399495],[94.80737630208364,53.49165120442717],[94.80626519097251,53.48998453776068],[94.8048459201392,53.488904351128724]]]}},{"type":"Feature","id":"hydrolakes:1323813","properties":{"Hylak_id":1323813,"Lake_name":"","Country":"Russia","Continent":"Europe","Poly_src":"SWBD","Lake_type":1,"Grand_id":0,"Lake_area":0.61,"Shore_len":2.93,"Shore_dev":1.06,"Vol_total":1.34,"Vol_res":0.0,"Vol_src":3,"Depth_avg":2.2,"Dis_avg":0.022,"Res_time":703.8,"Elevation":308,"Slope_100":0.67,"Wshd_area":4.1,"Pour_long":90.96052,"Pour_lat":53.488757,"source_id":"hydrolakes:1323813","label":""},"geometry":{"type":"Polygon","coordinates":[[[90.96095682779946,53.483348795572965],[90.96083333333326,53.48319444444451],[90.95686028374558,53.48332465277781],[90.9542901611328,53.484984537760454],[90.95348761664502,53.48573811848979],[90.95374627007362,53.48818060980909],[90.95651238335489,53.48945990668415],[90.9612855360242,53.49005669487855],[90.9631603325738,53.49077718098971],[90.96514404296857,53.49102403428839],[90.96682094997817,53.489737684461886],[90.96817905002166,53.488150770399386],[90.96793206108941,53.48609564887175],[90.96737650553376,53.48526231553831],[90.96095682779946,53.483348795572965]]]}},{"type":"Feature","id":"hydrolakes:1323946","properties":{"Hylak_id":1323946,"Lake_name":"","Country":"Russia","Continent":"Europe","Poly_src":"SWBD","Lake_type":1,"Grand_id":0,"Lake_area":0.28,"Shore_len":2.66,"Shore_dev":1.41,"Vol_total":1.41,"Vol_res":0.0,"Vol_src":3,"Depth_avg":5.0,"Dis_avg":0.008,"Res_time":2036.1,"Elevation":831,"Slope_100":4.55,"Wshd_area":1.0,"Pour_long":90.41446,"Pour_lat":53.460332,"source_id":"hydrolakes:1323946","label":""},"geometry":{"type":"Polygon","coordinates":[[[90.41929775661873,53.45611897786472],[90.41721944173167,53.45613850911474],[90.41596442328552,53.45693657769107],[90.4150451999239,53.45856228298618],[90.41127139621295,53.45930881076396],[90.40807406955298,53.460476345486256],[90.406519978841,53.46138102213553],[90.40570224338103,53.46217095269111],[90.40715098063163,53.462767740885454],[90.4156555175781,53.46215304904524],[90.41596442328552,53.46082546657999],[90.41651997884105,53.45999213324666],[90.41707553439664,53.459436577691065],[90.4190355767143,53.45834120008692],[90.41929775661873,53.4574921332466],[90.41985331217444,53.4569957139758],[90.41929775661873,53.45611897786472]]]}},{"type":"Feature","id":"hydrolakes:1324134","properties":{"Hylak_id":1324134,"Lake_name":"","Country":"Russia","Continent":"Europe","Poly_src":"SWBD","Lake_type":1,"Grand_id":0,"Lake_area":0.88,"Shore_len":3.91,"Shore_dev":1.17,"Vol_total":2.83,"Vol_res":0.0,"Vol_src":3,"Depth_avg":3.2,"Dis_avg":0.542,"Res_time":60.5,"Elevation":290,"Slope_100":1.29,"Wshd_area":164.8,"Pour_long":91.582292,"Pour_lat":53.421541,"source_id":"hydrolakes:1324134","label":""},"geometry":{"type":"Polygon","coordinates":[[[91.57943386501728,53.4118161349827],[91.5791666666666,53.411527777777906],[91.57664496527786,53.412202690972265],[91.57170518663202,53.412518446180684],[91.56985582139754,53.41360568576397],[91.56903306749115,53.41440890842023],[91.56941663953984,53.41486626519105],[91.57069973415793,53.41527235243069],[91.57096693250878,53.41639431423624],[91.57165608723955,53.41709391276049],[91.57344170464404,53.41765923394115],[91.57435682508668,53.41956949869797],[91.57641967773435,53.420222710503594],[91.57792195638018,53.42110568576396],[91.57827623155384,53.42185655381951],[91.58050632052942,53.422772352430684],[91.58311442057283,53.422008463541886],[91.58347751193583,53.42167209201398],[91.58374471028662,53.4191612413195],[91.58514417860232,53.41806098090291],[91.585411376953,53.41638346354176],[91.5862552897135,53.415283203125114],[91.58652248806425,53.41416124131956],[91.58707804361984,53.413646647135465],[91.58669759114605,53.412797580295376],[91.5815224880642,53.41250542534732],[91.57943386501728,53.4118161349827]]]}},{"type":"Feature","id":"hydrolakes:1324153","properties":{"Hylak_id":1324153,"Lake_name":"","Country":"Russia","Continent":"Europe","Poly_src":"SWBD","Lake_type":1,"Grand_id":0,"Lake_area":0.28,"Shore_len":2.27,"Shore_dev":1.21,"Vol_total":0.7,"Vol_res":0.0,"Vol_src":3,"Depth_avg":2.5,"Dis_avg":0.05,"Res_time":161.6,"Elevation":299,"Slope_100":1.1,"Wshd_area":23.1,"Pour_long":91.612193,"Pour_lat":53.417113,"source_id":"hydrolakes:1324153","label":""},"geometry":{"type":"Polygon","coordinates":[[[91.62122409396699,53.416784667968784],[91.6199430338541,53.41629231770844],[91.61876261393212,53.416439073350716],[91.618314344618,53.415879448784835],[91.6161220974393,53.415381401909826],[91.61415106879332,53.415626627604354],[91.61305555555549,53.41458333333338],[91.61169772677948,53.41475314670146],[91.61070977105044,53.415738118489685],[91.61182088216134,53.41692898220492],[91.6120680067275,53.41751546223969],[91.61332763671885,53.41853434244797],[91.61674235026038,53.41933105468769],[91.61721652560766,53.41992323133684],[91.61882175021691,53.420540093316106],[91.62120863172737,53.42022786458341],[91.62206800672737,53.41953965928826],[91.6218208821615,53.41804009331605],[91.62151245117195,53.41779324001743],[91.62122409396699,53.416784667968784]]]}},{"type":"Feature","id":"hydrolakes:1324194","properties":{"Hylak_id":1324194,"Lake_name":"","Country":"Russia","Continent":"Europe","Poly_src":"SWBD","Lake_type":1,"Grand_id":0,"Lake_area":0.16,"Shore_len":1.64,"Shore_dev":1.15,"Vol_total":0.41,"Vol_res":0.0,"Vol_src":3,"Depth_avg":2.5,"Dis_avg":0.031,"Res_time":153.2,"Elevation":391,"Slope_100":1.37,"Wshd_area":7.7,"Pour_long":91.413046,"Pour_lat":53.409467,"source_id":"hydrolakes:1324194","label":""},"geometry":{"type":"Polygon","coordinates":[[[91.41207044813353,53.405846082899416],[91.41194444444437,53.40541666666678],[91.41016126844607,53.40556260850707],[91.40929267035602,53.40609836154522],[91.40904066297742,53.40667941623275],[91.40793565538189,53.40736111111124],[91.40904066297742,53.40804280598968],[91.40929267035602,53.41001274956619],[91.41004896375858,53.41081000434036],[91.41227511935767,53.4110370551216],[91.41373711480037,53.41013509114589],[91.41348510742193,53.40748725043409],[91.41207044813353,53.405846082899416]]]}},{"type":"Feature","id":"hydrolakes:1324240","properties":{"Hylak_id":1324240,"Lake_name":"","Country":"Russia","Continent":"Europe","Poly_src":"SWBD","Lake_type":1,"Grand_id":0,"Lake_area":0.74,"Shore_len":3.29,"Shore_dev":1.08,"Vol_total":2.24,"Vol_res":0.0,"Vol_src":3,"Depth_avg":3.0,"Dis_avg":0.101,"Res_time":256.3,"Elevation":294,"Slope_100":1.19,"Wshd_area":39.9,"Pour_long":91.652099,"Pour_lat":53.402061,"source_id":"hydrolakes:1324240","label":""},"geometry":{"type":"Polygon","coordinates":[[[91.64985080295133,53.39695475260436],[91.64738009982631,53.396949327257005],[91.646517469618,53.39748969184035],[91.6462603081597,53.398065863715374],[91.64485080295134,53.39887858072922],[91.64403808593767,53.3999335394966],[91.64459364149309,53.40082302517368],[91.64485080295134,53.4019547526043],[91.64614786783847,53.40328179253481],[91.64726562500005,53.40369222005211],[91.65241170247407,53.40421712239595],[91.65490573459203,53.405267469618195],[91.65736843532983,53.40493598090285],[91.65818413628472,53.404156358507066],[91.66040635850692,53.40292317708338],[91.66013766818566,53.39840630425351],[91.64985080295133,53.39695475260436]]]}},{"type":"Feature","id":"hydrolakes:1324318","properties":{"Hylak_id":1324318,"Lake_name":"","Country":"Russia","Continent":"Europe","Poly_src":"SWBD","Lake_type":1,"Grand_id":0,"Lake_area":0.18,"Shore_len":2.07,"Shore_dev":1.37,"Vol_total":0.8,"Vol_res":0.0,"Vol_src":3,"Depth_avg":4.4,"Dis_avg":1.04,"Res_time":8.9,"Elevation":312,"Slope_100":4.11,"Wshd_area":160.1,"Pour_long":92.537081,"Pour_lat":53.387158,"source_id":"hydrolakes:1324318","label":""},"geometry":{"type":"Polygon","coordinates":[[[92.53817654079859,53.38862901475704],[92.53793457031264,53.387946777343814],[92.5385131835937,53.387500000000045],[92.53749999999997,53.38652777777787],[92.53650987413221,53.38720431857661],[92.53626790364586,53.38807345920145],[92.53512234157989,53.38839246961811],[92.53396945529511,53.38822211371536],[92.53267306857634,53.38873182508689],[92.53237901475694,53.38951795789933],[92.53404568142355,53.38998209635423],[92.53432807074654,53.391320258246594],[92.53793457031264,53.39192654079869],[92.53952202690982,53.39262044270839],[92.54147108289925,53.39097222222239],[92.54076904296875,53.390430501302205],[92.53876925998264,53.389873589409774],[92.53849012586818,53.3888709852431],[92.53817654079859,53.38862901475704]]]}},{"type":"Feature","id":"hydrolakes:1324359","properties":{"Hylak_id":1324359,"Lake_name":"","Country":"Russia","Continent":"Europe","Poly_src":"SWBD","Lake_type":1,"Grand_id":0,"Lake_area":0.16,"Shore_len":1.87,"Shore_dev":1.34,"Vol_total":0.24,"Vol_res":0.0,"Vol_src":3,"Depth_avg":1.6,"Dis_avg":3.858,"Res_time":0.7,"Elevation":376,"Slope_100":0.49,"Wshd_area":513.6,"Pour_long":90.6015,"Pour_lat":53.379762,"source_id":"hydrolakes:1324359","label":""},"geometry":{"type":"Polygon","coordinates":[[[90.60290968153208,53.37984076605909],[90.60305555555539,53.378750000000025],[90.600556165907,53.37890679253485],[90.5974388970269,53.37994520399309],[90.59459113226984,53.383004286024345],[90.59763203938786,53.38443657769102],[90.59903557671424,53.384174533420264],[90.59988165961357,53.38095133463554],[90.60290968153208,53.37984076605909]]]}},{"type":"Feature","id":"hydrolakes:1324360","properties":{"Hylak_id":1324360,"Lake_name":"","Country":"Russia","Continent":"Europe","Poly_src":"SWBD","Lake_type":1,"Grand_id":0,"Lake_area":0.34,"Shore_len":2.85,"Shore_dev":1.39,"Vol_total":0.5,"Vol_res":0.0,"Vol_src":3,"Depth_avg":1.5,"Dis_avg":4.822,"Res_time":1.2,"Elevation":283,"Slope_100":0.36,"Wshd_area":745.9,"Pour_long":91.185544,"Pour_lat":53.379644,"source_id":"hydrolakes:1324360","label":""},"geometry":{"type":"Polygon","coordinates":[[[91.18928765190981,53.371684570312595],[91.18916666666689,53.371527777777885],[91.18484320746529,53.371648763020914],[91.18222832573781,53.372271050347365],[91.18126790364602,53.37322455512168],[91.18317654079846,53.37393853081613],[91.1829345703124,53.375017903645926],[91.18182345920133,53.37568250868077],[91.182652859158,53.37626085069451],[91.1842876519097,53.37671630859387],[91.1823790147568,53.37789550781258],[91.18266574435768,53.37876464843754],[91.18404568142364,53.37914876302091],[91.1843729654949,53.3799484592015],[91.1857368977864,53.3801500108508],[91.18737901475697,53.37890679253485],[91.18762098524309,53.37831542968752],[91.18873209635422,53.37765082465302],[91.18849012586804,53.37553765190984],[91.18793457031256,53.37510877821188],[91.18817654079862,53.373593207465376],[91.18984320746512,53.37266004774318],[91.18960123697906,53.371926540798654],[91.18928765190981,53.371684570312595]]]}},{"type":"Feature","id":"hydrolakes:1324400","properties":{"Hylak_id":1324400,"Lake_name":"","Country":"Russia","Continent":"Europe","Poly_src":"SWBD","Lake_type":1,"Grand_id":0,"Lake_area":0.44,"Shore_len":2.81,"Shore_dev":1.2,"Vol_total":1.32,"Vol_res":0.0,"Vol_src":3,"Depth_avg":3.0,"Dis_avg":0.031,"Res_time":491.8,"Elevation":399,"Slope_100":1.41,"Wshd_area":6.9,"Pour_long":91.370568,"Pour_lat":53.37423,"source_id":"hydrolakes:1324400","label":""},"geometry":{"type":"Polygon","coordinates":[[[91.37207546657987,53.37361897786462],[91.37194444444447,53.37347222222235],[91.3701467556424,53.373712565104256],[91.37040879991315,53.37473008897592],[91.37096435546863,53.37522650824661],[91.3701467556424,53.376059841579945],[91.37070231119799,53.3766587999134],[91.37096435546863,53.37750786675355],[91.37172620985223,53.378294270833464],[91.37348008897567,53.37888102213549],[91.37396918402783,53.379428439670164],[91.37792453342013,53.37971435546888],[91.38029486762144,53.380220811632],[91.38344631618929,53.379632703993195],[91.38374213324653,53.378047688802155],[91.38485324435754,53.37734103732646],[91.38181342230905,53.375825466579954],[91.37651991102439,53.37500786675355],[91.37514675564228,53.374436577691085],[91.37242133246514,53.37392795138902],[91.37207546657987,53.37361897786462]]]}},{"type":"Feature","id":"hydrolakes:1324416","properties":{"Hylak_id":1324416,"Lake_name":"","Country":"Russia","Continent":"Europe","Poly_src":"SWBD","Lake_type":1,"Grand_id":0,"Lake_area":0.14,"Shore_len":1.76,"Shore_dev":1.34,"Vol_total":0.29,"Vol_res":0.0,"Vol_src":3,"Depth_avg":2.1,"Dis_avg":0.157,"Res_time":21.6,"Elevation":343,"Slope_100":0.98,"Wshd_area":22.9,"Pour_long":90.838835,"Pour_lat":53.371064,"source_id":"hydrolakes:1324416","label":""},"geometry":{"type":"Polygon","coordinates":[[[90.83318915473075,53.36917209201397],[90.83015611436633,53.36921332465289],[90.83403306749113,53.37221679687519],[90.83510335286445,53.37332790798621],[90.83787936740453,53.37268419053828],[90.83818915473091,53.37138346354175],[90.84017035590273,53.37111273871545],[90.83318915473075,53.36917209201397]]]}},{"type":"Feature","id":"hydrolakes:1324429","properties":{"Hylak_id":1324429,"Lake_name":"","Country":"Russia","Continent":"Europe","Poly_src":"SWBD","Lake_type":1,"Grand_id":0,"Lake_area":0.18,"Shore_len":1.75,"Shore_dev":1.16,"Vol_total":0.24,"Vol_res":0.0,"Vol_src":3,"Depth_avg":1.3,"Dis_avg":0.054,"Res_time":52.2,"Elevation":287,"Slope_100":0.35,"Wshd_area":10.4,"Pour_long":91.247172,"Pour_lat":53.369088,"source_id":"hydrolakes:1324429","label":""},"geometry":{"type":"Polygon","coordinates":[[[91.24428765190959,53.36612901475718],[91.24416666666656,53.36597222222224],[91.24297417534711,53.36611789279516],[91.24126790364585,53.36659315321185],[91.24150987413202,53.36779568142367],[91.24317654079852,53.36901584201394],[91.24237901475686,53.36989122178824],[91.24601440429677,53.37109320746532],[91.24777425130208,53.37078125000011],[91.2484901258681,53.37001790364587],[91.24873209635422,53.36914876302086],[91.24924872504346,53.36875000000009],[91.24835856119779,53.36786729600698],[91.24539876302083,53.36696234809034],[91.24428765190959,53.36612901475718]]]}},{"type":"Feature","id":"hydrolakes:1324476","properties":{"Hylak_id":1324476,"Lake_name":"","Country":"Russia","Continent":"Europe","Poly_src":"SWBD","Lake_type":1,"Grand_id":0,"Lake_area":0.13,"Shore_len":1.69,"Shore_dev":1.32,"Vol_total":0.24,"Vol_res":0.0,"Vol_src":3,"Depth_avg":1.8,"Dis_avg":0.14,"Res_time":19.7,"Elevation":293,"Slope_100":0.72,"Wshd_area":28.6,"Pour_long":91.298683,"Pour_lat":53.361398,"source_id":"hydrolakes:1324476","label":""},"geometry":{"type":"Polygon","coordinates":[[[91.29874606662321,53.36258599175352],[91.30161878797736,53.36190375434046],[91.30537529839404,53.362373046875064],[91.30762356228297,53.361730414496606],[91.30723103841149,53.36116346571191],[91.30223795572903,53.3602275933161],[91.30194444444442,53.35986111111123],[91.30040134006083,53.35998453776057],[91.29764580620667,53.36063286675352],[91.29682088216134,53.361293674045214],[91.29780910915787,53.36246934678826],[91.29874606662321,53.36258599175352]]]}},{"type":"Feature","id":"hydrolakes:1324513","properties":{"Hylak_id":1324513,"Lake_name":"","Country":"Russia","Continent":"Europe","Poly_src":"SWBD","Lake_type":1,"Grand_id":0,"Lake_area":0.42,"Shore_len":3.88,"Shore_dev":1.7,"Vol_total":0.71,"Vol_res":0.0,"Vol_src":3,"Depth_avg":1.7,"Dis_avg":3.627,"Res_time":2.3,"Elevation":285,"Slope_100":0.45,"Wshd_area":563.9,"Pour_long":91.212318,"Pour_lat":53.354289,"source_id":"hydrolakes:1324513","label":""},"geometry":{"type":"Polygon","coordinates":[[[91.22651746961793,53.34306586371537],[91.22638888888889,53.34291666666678],[91.22433444552973,53.343088378906316],[91.22373969184025,53.34360080295147],[91.22344590928833,53.344576280382],[91.22152791341148,53.34515380859381],[91.2212603081598,53.34806586371536],[91.22096191406263,53.34832302517373],[91.22065890842003,53.34965684678832],[91.21903808593737,53.350010308159824],[91.21515367296013,53.350285373264],[91.2137396918402,53.351378580729204],[91.21348253038195,53.35278808593756],[91.21181586371512,53.35328993055566],[91.21212090386274,53.35434217664937],[91.21369967990444,53.35492187500006],[91.21696506076375,53.35432617187507],[91.22175889756943,53.35263807508693],[91.22207302517353,53.3519341362848],[91.22348253038189,53.3508436414931],[91.22373969184025,53.346378580729265],[91.2257047526042,53.34528808593757],[91.22596191406234,53.34471191406266],[91.22761949327247,53.3437562391494],[91.22651746961793,53.34306586371537]]]}},{"type":"Feature","id":"hydrolakes:1324613","properties":{"Hylak_id":1324613,"Lake_name":"","Country":"Russia","Continent":"Europe","Poly_src":"SWBD","Lake_type":1,"Grand_id":0,"Lake_area":0.17,"Shore_len":1.89,"Shore_dev":1.31,"Vol_total":1.04,"Vol_res":0.0,"Vol_src":3,"Depth_avg":6.3,"Dis_avg":0.168,"Res_time":71.7,"Elevation":1190,"Slope_100":8.78,"Wshd_area":5.9,"Pour_long":94.598029,"Pour_lat":53.334299,"source_id":"hydrolakes:1324613","label":""},"geometry":{"type":"Polygon","coordinates":[[[94.59784450954885,53.33538411458346],[94.60140082465307,53.33536810980911],[94.60182996961822,53.334998372395944],[94.60052680121578,53.33394992404527],[94.59766493055588,53.33290961371546],[94.59730251736147,53.33170600043417],[94.59394856770854,53.331363932291765],[94.59361111111133,53.33097222222227],[94.59256673177117,53.331286621093795],[94.5909434678822,53.33222249348967],[94.59292697482653,53.33332302517363],[94.59337022569463,53.333837348090356],[94.59570475260466,53.334434136284756],[94.59784450954885,53.33538411458346]]]}},{"type":"Feature","id":"hydrolakes:1324678","properties":{"Hylak_id":1324678,"Lake_name":"","Country":"Russia","Continent":"Europe","Poly_src":"SWBD","Lake_type":1,"Grand_id":0,"Lake_area":0.29,"Shore_len":3.74,"Shore_dev":1.96,"Vol_total":0.49,"Vol_res":0.0,"Vol_src":3,"Depth_avg":1.7,"Dis_avg":0.122,"Res_time":46.1,"Elevation":288,"Slope_100":0.48,"Wshd_area":19.9,"Pour_long":91.223218,"Pour_lat":53.322424,"source_id":"hydrolakes:1324678","label":""},"geometry":{"type":"Polygon","coordinates":[[[91.23707302517352,53.315010308159856],[91.23694444444436,53.3134722222224],[91.23405354817714,53.31361246744808],[91.23237141927086,53.314732530382],[91.22877061631931,53.31568386501738],[91.22485080295155,53.318045247396014],[91.22459364149313,53.318621419270926],[91.22373969184025,53.31915635850703],[91.22348253038189,53.319732530382055],[91.22262858072901,53.3205452473959],[91.2223714192707,53.32139919704872],[91.22181586371528,53.32187798394102],[91.22207302517353,53.3227880859377],[91.2223714192707,53.32304524739595],[91.22266777886284,53.3249896918403],[91.22348253038189,53.324732530382164],[91.22373969184025,53.3227674696181],[91.22429524739584,53.32193413628494],[91.22485080295155,53.32137858072923],[91.22651746961793,53.32087673611113],[91.2257493760851,53.3201049804689],[91.22848253038194,53.318621419270926],[91.22880737304678,53.31789333767364],[91.23318413628459,53.31610080295155],[91.23762858072911,53.31564751519102],[91.23707302517352,53.315010308159856]]]}},{"type":"Feature","id":"hydrolakes:1324728","properties":{"Hylak_id":1324728,"Lake_name":"","Country":"Russia","Continent":"Europe","Poly_src":"SWBD","Lake_type":1,"Grand_id":0,"Lake_area":0.7,"Shore_len":4.39,"Shore_dev":1.49,"Vol_total":1.26,"Vol_res":0.0,"Vol_src":3,"Depth_avg":1.8,"Dis_avg":0.376,"Res_time":38.7,"Elevation":290,"Slope_100":0.42,"Wshd_area":57.6,"Pour_long":91.203682,"Pour_lat":53.313211,"source_id":"hydrolakes:1324728","label":""},"geometry":{"type":"Polygon","coordinates":[[[91.20759331597213,53.299212239583426],[91.20749999999998,53.29902777777784],[91.20648220486095,53.2991210937501],[91.20629557291653,53.299490017361165],[91.2042599826388,53.30023220486123],[91.20407335069439,53.30282335069461],[91.20314887152762,53.303009982639026],[91.2029622395832,53.30365668402777],[91.202406684028,53.30393771701398],[91.20259331597242,53.30560112847223],[91.2029622395832,53.30578776041682],[91.20314887152762,53.31365939670144],[91.20537109375005,53.314767795139005],[91.20685112847212,53.31495442708342],[91.20713216145839,53.31550998263896],[91.20851779513896,53.31532335069454],[91.20870442708338,53.31134331597235],[91.20925998263886,53.31106228298614],[91.20907335069444,53.309954427083426],[91.20851779513896,53.309673394097274],[91.20870442708338,53.30856553819456],[91.20981553819445,53.30772894965281],[91.20962890625003,53.30634331597224],[91.20907335069444,53.306062282986204],[91.20925998263886,53.30384331597236],[91.20962890625003,53.30365668402777],[91.20981553819445,53.30273220486117],[91.21018446180545,53.302545572916756],[91.21037109374987,53.3018988715279],[91.21092664930546,53.30161783854169],[91.21074001736105,53.299954427083435],[91.21018446180545,53.29939887152784],[91.20759331597213,53.299212239583426]]]}},{"type":"Feature","id":"hydrolakes:1324814","properties":{"Hylak_id":1324814,"Lake_name":"","Country":"Russia","Continent":"Europe","Poly_src":"SWBD","Lake_type":1,"Grand_id":0,"Lake_area":0.15,"Shore_len":1.77,"Shore_dev":1.3,"Vol_total":0.93,"Vol_res":0.0,"Vol_src":3,"Depth_avg":6.3,"Dis_avg":0.132,"Res_time":81.7,"Elevation":1392,"Slope_100":9.33,"Wshd_area":4.7,"Pour_long":94.626634,"Pour_lat":53.298492,"source_id":"hydrolakes:1324814","label":""},"geometry":{"type":"Polygon","coordinates":[[[94.62385633680583,53.299595269097324],[94.62757975260439,53.29948242187504],[94.62928873697928,53.29818006727447],[94.6251464843752,53.29721435546878],[94.62119140625032,53.29692843967018],[94.62083333333345,53.2965277777779],[94.61792426215294,53.29671006944454],[94.62005967881959,53.29857204861116],[94.62385633680583,53.299595269097324]]]}},{"type":"Feature","id":"hydrolakes:1324949","properties":{"Hylak_id":1324949,"Lake_name":"","Country":"Russia","Continent":"Europe","Poly_src":"SWBD","Lake_type":1,"Grand_id":0,"Lake_area":0.92,"Shore_len":6.61,"Shore_dev":1.95,"Vol_total":2.99,"Vol_res":0.0,"Vol_src":3,"Depth_avg":3.3,"Dis_avg":0.166,"Res_time":208.4,"Elevation":293,"Slope_100":1.33,"Wshd_area":28.5,"Pour_long":91.358859,"Pour_lat":53.274161,"source_id":"hydrolakes:1324949","label":""},"geometry":{"type":"Polygon","coordinates":[[[91.35930026584191,53.27416124131952],[91.35984673394103,53.27365505642365],[91.3581891547309,53.27333875868061],[91.35628038194443,53.27255452473969],[91.34207804361984,53.270560980902985],[91.34161580403668,53.27006212022587],[91.33416666666687,53.2695833333334],[91.31982557508684,53.27058783637159],[91.31818915473076,53.27110568576393],[91.31792195638008,53.27139431423615],[91.31458862304675,53.27174886067718],[91.31488281250006,53.272581651475775],[91.31929470486097,53.27254909939245],[91.32285291883693,53.272018500434115],[91.331238064236,53.27168619791672],[91.33286146375872,53.27358452690993],[91.33405626085056,53.27400336371534],[91.34089382595477,53.27373236762156],[91.34827921549481,53.27497884114598],[91.35513427734384,53.27552788628492],[91.35901000976577,53.27568142361116],[91.35930026584191,53.27416124131952]]]}},{"type":"Feature","id":"hydrolakes:1325062","properties":{"Hylak_id":1325062,"Lake_name":"","Country":"Russia","Continent":"Europe","Poly_src":"SWBD","Lake_type":1,"Grand_id":0,"Lake_area":0.36,"Shore_len":3.03,"Shore_dev":1.42,"Vol_total":1.42,"Vol_res":0.0,"Vol_src":3,"Depth_avg":3.9,"Dis_avg":2.37,"Res_time":6.9,"Elevation":285,"Slope_100":2.58,"Wshd_area":477.3,"Pour_long":91.659633,"Pour_lat":53.254393,"source_id":"hydrolakes:1325062","label":""},"geometry":{"type":"Polygon","coordinates":[[[91.65668212890625,53.2547501627605],[91.65922444661447,53.254734700520885],[91.66208062065965,53.25416395399321],[91.6740304904514,53.2538916015626],[91.6743028428819,53.25333062065977],[91.67541395399314,53.25260199652786],[91.674586046007,53.251108398437566],[91.6736111111112,53.25041666666681],[91.66789591471365,53.2505601671009],[91.66736382378485,53.25111382378475],[91.6631917317709,53.25166395399316],[91.66096950954847,53.25221950954875],[91.65853963216142,53.2530227322049],[91.65569715711808,53.25459201388901],[91.65668212890625,53.2547501627605]]]}},{"type":"Feature","id":"hydrolakes:1325080","properties":{"Hylak_id":1325080,"Lake_name":"","Country":"Russia","Continent":"Europe","Poly_src":"SWBD","Lake_type":1,"Grand_id":0,"Lake_area":0.36,"Shore_len":3.31,"Shore_dev":1.55,"Vol_total":0.58,"Vol_res":0.0,"Vol_src":3,"Depth_avg":1.6,"Dis_avg":2.283,"Res_time":3.0,"Elevation":284,"Slope_100":0.41,"Wshd_area":447.7,"Pour_long":91.63778,"Pour_lat":53.250136,"source_id":"hydrolakes:1325080","label":""},"geometry":{"type":"Polygon","coordinates":[[[91.62430284288183,53.24750271267379],[91.62204888237852,53.24754937065984],[91.62152506510427,53.248052842881975],[91.62119398328986,53.24907280815984],[91.61958604600687,53.24972493489588],[91.61680826822919,53.25002685546883],[91.61708062065969,53.25055826822927],[91.6184749348958,53.25083062065977],[91.61956434461803,53.2519417317709],[91.63791937934019,53.250280490451416],[91.63874498155383,53.24946560329863],[91.62763617621516,53.24861382378481],[91.62710774739577,53.24806396484382],[91.62430284288183,53.24750271267379]]]}},{"type":"Feature","id":"hydrolakes:1325131","properties":{"Hylak_id":1325131,"Lake_name":"","Country":"Russia","Continent":"Europe","Poly_src":"SWBD","Lake_type":1,"Grand_id":0,"Lake_area":0.22,"Shore_len":2.06,"Shore_dev":1.25,"Vol_total":0.36,"Vol_res":0.0,"Vol_src":3,"Depth_avg":1.7,"Dis_avg":0.019,"Res_time":219.8,"Elevation":294,"Slope_100":0.52,"Wshd_area":4.1,"Pour_long":91.511138,"Pour_lat":53.242929,"source_id":"hydrolakes:1325131","label":""},"geometry":{"type":"Polygon","coordinates":[[[91.50873969184016,53.23667697482654],[91.50673217773425,53.23668484157997],[91.50570475260412,53.23771131727443],[91.5059619140626,53.23889919704885],[91.50707302517355,53.2408436414932],[91.50792697482643,53.241378580729304],[91.50818413628468,53.241954752604215],[91.50903808593745,53.24248969184032],[91.50929524739587,53.24306586371529],[91.51062215169264,53.24414957682296],[91.51144816080722,53.244216037326396],[91.51207302517349,53.243677571614626],[91.51181586371536,53.23915635850699],[91.510406358507,53.238343641493145],[91.50873969184016,53.23667697482654]]]}},{"type":"Feature","id":"hydrolakes:1325179","properties":{"Hylak_id":1325179,"Lake_name":"","Country":"Russia","Continent":"Europe","Poly_src":"SWBD","Lake_type":1,"Grand_id":0,"Lake_area":0.87,"Shore_len":3.86,"Shore_dev":1.17,"Vol_total":2.88,"Vol_res":0.0,"Vol_src":3,"Depth_avg":3.3,"Dis_avg":0.179,"Res_time":186.1,"Elevation":300,"Slope_100":1.37,"Wshd_area":25.6,"Pour_long":91.155208,"Pour_lat":53.234498,"source_id":"hydrolakes:1325179","label":""},"geometry":{"type":"Polygon","coordinates":[[[91.157379014757,53.2345532226563],[91.15763658311641,53.233827039930645],[91.15900512695316,53.23402913411462],[91.16095431857644,53.23293782552088],[91.16071234809033,53.232482096354204],[91.15960123697909,53.231817491319475],[91.15984320746514,53.231370985243075],[91.16150987413198,53.23043782552088],[91.1612437608506,53.22902045355909],[91.15747165256067,53.22785563151052],[91.15638888888878,53.2276955837674],[91.15543334960927,53.22783691406255],[91.15218641493044,53.226841362847324],[91.15194444444438,53.2265277777779],[91.14924750434045,53.22665066189245],[91.1451567925348,53.227338324652806],[91.14539876302075,53.22807345920148],[91.1459543185764,53.228502332899325],[91.14571234809034,53.22918457031267],[91.1440456814235,53.23100233289932],[91.14571234809034,53.232482096354204],[91.1459543185764,53.23307345920142],[91.14773681640617,53.234890136718775],[91.15054239908847,53.236195746527926],[91.15150987413182,53.235815429687534],[91.15758572048594,53.23556477864588],[91.15813761393235,53.23513888888891],[91.157379014757,53.2345532226563]]]}},{"type":"Feature","id":"hydrolakes:1325223","properties":{"Hylak_id":1325223,"Lake_name":"","Country":"Russia","Continent":"Europe","Poly_src":"SWBD","Lake_type":1,"Grand_id":0,"Lake_area":0.57,"Shore_len":3.1,"Shore_dev":1.15,"Vol_total":2.14,"Vol_res":0.0,"Vol_src":3,"Depth_avg":3.7,"Dis_avg":0.069,"Res_time":358.5,"Elevation":300,"Slope_100":2.01,"Wshd_area":9.8,"Pour_long":91.157842,"Pour_lat":53.225171,"source_id":"hydrolakes:1325223","label":""},"geometry":{"type":"Polygon","coordinates":[[[91.16206041124133,53.21585611979174],[91.16194444444443,53.215694444444466],[91.16071736653652,53.21613389756948],[91.15579020182275,53.21637369791671],[91.15261596679676,53.218032769097306],[91.15127292209189,53.21930989583342],[91.1515220811632,53.22126980251744],[91.15343885633666,53.22177544487852],[91.15378336588537,53.222668999566054],[91.15516181098081,53.2230327690973],[91.1553937445745,53.223911675347324],[91.1557173665363,53.22414388020843],[91.1560148111979,53.22491482204879],[91.15781548394102,53.22534884982656],[91.15958238389743,53.22488254123277],[91.16016181098081,53.22446723090286],[91.16094930013026,53.22247721354182],[91.16232774522575,53.22211344401046],[91.16261596679675,53.22136610243069],[91.16293958875855,53.22113389756953],[91.16317152235234,53.22025499131951],[91.16372083875865,53.21986111111124],[91.16293958875855,53.219301215277824],[91.16317152235234,53.2185883246529],[91.1635271538629,53.21833333333336],[91.16317152235234,53.21807834201394],[91.16293958875855,53.21692165798618],[91.16206041124133,53.21585611979174]]]}},{"type":"Feature","id":"hydrolakes:1325252","properties":{"Hylak_id":1325252,"Lake_name":"","Country":"Russia","Continent":"Europe","Poly_src":"SWBD","Lake_type":1,"Grand_id":0,"Lake_area":0.34,"Shore_len":3.27,"Shore_dev":1.59,"Vol_total":0.97,"Vol_res":0.0,"Vol_src":3,"Depth_avg":2.9,"Dis_avg":0.128,"Res_time":87.7,"Elevation":285,"Slope_100":1.42,"Wshd_area":30.9,"Pour_long":91.638398,"Pour_lat":53.219016,"source_id":"hydrolakes:1325252","label":""},"geometry":{"type":"Polygon","coordinates":[[[91.62485080295141,53.21112141927091],[91.62284328884556,53.211129286024345],[91.62181586371537,53.21215576171886],[91.62410007052961,53.212953287760456],[91.62570475260418,53.213878580729215],[91.6268158637152,53.21498969184029],[91.6271451822916,53.215727810330065],[91.62873969184034,53.216399197048645],[91.63222534179693,53.21732014973969],[91.63318413628497,53.21834364149311],[91.63459364149293,53.219156358507064],[91.63502848307297,53.219661187066094],[91.63712795681414,53.220545247396046],[91.63929524739592,53.21930799696196],[91.63903808593744,53.218600802951585],[91.635406358507,53.216399197048645],[91.63502061631948,53.21595160590283],[91.62985080295135,53.213899197048704],[91.62952433268254,53.21316758897575],[91.62587009006069,53.21175998263891],[91.62485080295141,53.21112141927091]]]}},{"type":"Feature","id":"hydrolakes:1325278","properties":{"Hylak_id":1325278,"Lake_name":"","Country":"Russia","Continent":"Europe","Poly_src":"SWBD","Lake_type":1,"Grand_id":0,"Lake_area":0.15,"Shore_len":2.14,"Shore_dev":1.57,"Vol_total":0.28,"Vol_res":0.0,"Vol_src":3,"Depth_avg":1.9,"Dis_avg":0.081,"Res_time":39.6,"Elevation":295,"Slope_100":0.74,"Wshd_area":15.8,"Pour_long":91.523958,"Pour_lat":53.214284,"source_id":"hydrolakes:1325278","label":""},"geometry":{"type":"Polygon","coordinates":[[[91.51707044813372,53.208901638454904],[91.51694444444445,53.20875000000001],[91.5157073296441,53.20890842013898],[91.5159593370226,53.20973497178835],[91.51651489257813,53.21029052734377],[91.5180578613282,53.210743272569516],[91.51848510742178,53.21109836154517],[91.51873711480022,53.21167941623281],[91.51959621853302,53.212209472656355],[91.51984822591152,53.21306830512157],[91.52070732964421,53.21359836154522],[91.52101467556429,53.21464599609379],[91.52292955186635,53.21498725043409],[91.52439181857642,53.21553656684051],[91.52540378146716,53.21452555338544],[91.52515177408844,53.21387613932296],[91.52373711480044,53.21306830512157],[91.5223739963107,53.21137613932302],[91.52040378146705,53.211123860677105],[91.51707044813372,53.208901638454904]]]}},{"type":"Feature","id":"hydrolakes:1325306","properties":{"Hylak_id":1325306,"Lake_name":"","Country":"Russia","Continent":"Europe","Poly_src":"SWBD","Lake_type":1,"Grand_id":0,"Lake_area":0.76,"Shore_len":3.41,"Shore_dev":1.1,"Vol_total":2.34,"Vol_res":0.0,"Vol_src":3,"Depth_avg":3.1,"Dis_avg":0.048,"Res_time":564.1,"Elevation":301,"Slope_100":1.25,"Wshd_area":7.1,"Pour_long":91.235368,"Pour_lat":53.209631,"source_id":"hydrolakes:1325306","label":""},"geometry":{"type":"Polygon","coordinates":[[[91.2309669325087,53.20361653645847],[91.22723768446173,53.203653971354186],[91.22466227213528,53.20510362413199],[91.22514417860248,53.205550130208394],[91.22541137695299,53.20639431423626],[91.22703233506945,53.2069072808161],[91.2281891547309,53.20861653645841],[91.2295886230471,53.20943901909732],[91.22993259006063,53.21052571614592],[91.2349401855468,53.211105685763926],[91.24104112413187,53.20995876736123],[91.24292195638026,53.208338758680725],[91.24318915473089,53.20610568576399],[91.24358900282112,53.20573540581614],[91.24098782009548,53.204600151909744],[91.23792195638015,53.203883463541786],[91.2309669325087,53.20361653645847]]]}},{"type":"Feature","id":"hydrolakes:1325350","properties":{"Hylak_id":1325350,"Lake_name":"","Country":"Russia","Continent":"Europe","Poly_src":"SWBD","Lake_type":1,"Grand_id":0,"Lake_area":0.13,"Shore_len":1.83,"Shore_dev":1.44,"Vol_total":0.23,"Vol_res":0.0,"Vol_src":3,"Depth_avg":1.8,"Dis_avg":0.103,"Res_time":25.3,"Elevation":286,"Slope_100":0.68,"Wshd_area":24.2,"Pour_long":91.614937,"Pour_lat":53.201007,"source_id":"hydrolakes:1325350","label":""},"geometry":{"type":"Polygon","coordinates":[[[91.62039876302094,53.201775444878535],[91.61889363606781,53.20098714192716],[91.61753702799473,53.201187608506984],[91.61650987413202,53.200573459201564],[91.61559136284723,53.19954752604173],[91.61428765190959,53.199184570312525],[91.61361111111108,53.19847222222239],[91.61237901475715,53.19881537543404],[91.6126209852431,53.19946234809038],[91.61349012586794,53.20025987413203],[91.61373209635411,53.20085123697925],[91.61484320746519,53.20196234809032],[91.61682345920127,53.20303765190977],[91.61715074327276,53.20383734809042],[91.61898098415787,53.20410780164934],[91.6196244303386,53.20361111111123],[91.6190456814237,53.203164333767404],[91.61928765190976,53.20275987413197],[91.62039876302094,53.201775444878535]]]}},{"type":"Feature","id":"hydrolakes:1325384","properties":{"Hylak_id":1325384,"Lake_name":"","Country":"Russia","Continent":"Europe","Poly_src":"SWBD","Lake_type":1,"Grand_id":0,"Lake_area":0.17,"Shore_len":1.82,"Shore_dev":1.23,"Vol_total":0.75,"Vol_res":0.0,"Vol_src":3,"Depth_avg":4.3,"Dis_avg":0.003,"Res_time":2879.8,"Elevation":353,"Slope_100":3.93,"Wshd_area":0.4,"Pour_long":91.189595,"Pour_lat":53.193204,"source_id":"hydrolakes:1325384","label":""},"geometry":{"type":"Polygon","coordinates":[[[91.19120551215264,53.194741210937536],[91.19226196289071,53.19437961154523],[91.19347846137157,53.19222167968758],[91.19194444444452,53.190972222222285],[91.19110555013026,53.19124457465284],[91.19062771267363,53.19174180772592],[91.18600965711795,53.191647677951494],[91.18418362087658,53.19238823784724],[91.18458957248265,53.19277832031253],[91.18348849826378,53.19350016276053],[91.18722778320301,53.194022352430636],[91.1879366048176,53.194736056857835],[91.19120551215264,53.194741210937536]]]}},{"type":"Feature","id":"hydrolakes:1325458","properties":{"Hylak_id":1325458,"Lake_name":"","Country":"Russia","Continent":"Europe","Poly_src":"SWBD","Lake_type":1,"Grand_id":0,"Lake_area":0.67,"Shore_len":3.49,"Shore_dev":1.21,"Vol_total":2.7,"Vol_res":0.0,"Vol_src":3,"Depth_avg":4.0,"Dis_avg":0.649,"Res_time":48.1,"Elevation":379,"Slope_100":2.29,"Wshd_area":87.6,"Pour_long":91.006252,"Pour_lat":53.177086,"source_id":"hydrolakes:1325458","label":""},"geometry":{"type":"Polygon","coordinates":[[[91.00985582139754,53.17472764756951],[91.00653449164497,53.17474446614585],[90.99874471028647,53.17582790798616],[90.99847751193562,53.17806098090284],[90.99736640082455,53.178412543403],[90.99763359917523,53.1805609809029],[90.99818915473094,53.18167209201391],[90.99930026584207,53.18306098090284],[91.00069973415788,53.183327907986154],[91.00176845974397,53.184437391493134],[91.0025998263888,53.184470486111195],[91.00292195638019,53.18417209201397],[91.00318915473088,53.18305013020853],[91.00565002441391,53.18271402994793],[91.00599826388884,53.18125189887155],[91.00887953016485,53.18044867621535],[91.01014417860239,53.17889431423629],[91.01041137695313,53.17749457465288],[91.01305189344606,53.176045193142386],[91.01078443739152,53.17532714843753],[91.00985582139754,53.17472764756951]]]}},{"type":"Feature","id":"hydrolakes:1325548","properties":{"Hylak_id":1325548,"Lake_name":"","Country":"Russia","Continent":"Europe","Poly_src":"SWBD","Lake_type":1,"Grand_id":0,"Lake_area":0.51,"Shore_len":3.21,"Shore_dev":1.27,"Vol_total":1.68,"Vol_res":0.0,"Vol_src":3,"Depth_avg":3.3,"Dis_avg":0.256,"Res_time":75.9,"Elevation":387,"Slope_100":1.6,"Wshd_area":34.4,"Pour_long":91.045593,"Pour_lat":53.162698,"source_id":"hydrolakes:1325548","label":""},"geometry":{"type":"Polygon","coordinates":[[[91.05539876302089,53.16025987413212],[91.05594502766934,53.15983832465281],[91.05333950466564,53.1593956163195],[91.05305555555543,53.159027777777794],[91.05073954264316,53.15967013888894],[91.04815165201813,53.159070366753554],[91.047235921224,53.1592057291669],[91.04667758517786,53.15992919921882],[91.04444444444448,53.15959906684037],[91.04323337131069,53.159778103298834],[91.04293457031247,53.16085123697923],[91.0423883056639,53.16127278645854],[91.04460123697908,53.16164876302088],[91.04539876302073,53.16279568142369],[91.04685031467017,53.16360839843753],[91.04648674858936,53.16388888888889],[91.04682345920139,53.164148763021046],[91.04706542968745,53.16557345920148],[91.04762098524304,53.16640679253476],[91.04830139160151,53.16712402343751],[91.04963019476997,53.16748209635426],[91.05232950846369,53.16708333333338],[91.05262098524298,53.166370985243134],[91.05404568142364,53.16529568142374],[91.0542876519097,53.164704318576355],[91.05515679253483,53.1644623480903],[91.05539876302089,53.163502332899384],[91.0548432074653,53.16307345920143],[91.05460123697912,53.162113444010515],[91.05515679253483,53.16168457031256],[91.05539876302089,53.16025987413212]]]}},{"type":"Feature","id":"hydrolakes:1325673","properties":{"Hylak_id":1325673,"Lake_name":"","Country":"Russia","Continent":"Europe","Poly_src":"SWBD","Lake_type":1,"Grand_id":0,"Lake_area":0.5,"Shore_len":2.96,"Shore_dev":1.18,"Vol_total":2.03,"Vol_res":0.0,"Vol_src":3,"Depth_avg":4.1,"Dis_avg":0.078,"Res_time":300.8,"Elevation":428,"Slope_100":2.54,"Wshd_area":10.3,"Pour_long":91.064497,"Pour_lat":53.137943,"source_id":"hydrolakes:1325673","label":""},"geometry":{"type":"Polygon","coordinates":[[[91.05985080295136,53.13139919704872],[91.05873969184012,53.13137858072918],[91.05614223904081,53.13200249565983],[91.05514919704848,53.13306586371533],[91.05317023383225,53.134446072048775],[91.05447557237392,53.13549750434038],[91.05626030815978,53.135823025173636],[91.06014539930544,53.137356499566124],[91.06448954264329,53.13838975694455],[91.0665174696179,53.13748969184036],[91.06949028862846,53.137186414930625],[91.0698508029513,53.13637858072923],[91.070846218533,53.13575520833342],[91.06553487141923,53.13377061631951],[91.06500135633672,53.13315131293405],[91.06040635850695,53.1319547526042],[91.05985080295136,53.13139919704872]]]}},{"type":"Feature","id":"hydrolakes:1325955","properties":{"Hylak_id":1325955,"Lake_name":"","Country":"Russia","Continent":"Europe","Poly_src":"SWBD","Lake_type":1,"Grand_id":0,"Lake_area":0.17,"Shore_len":1.64,"Shore_dev":1.11,"Vol_total":0.45,"Vol_res":0.0,"Vol_src":3,"Depth_avg":2.6,"Dis_avg":0.008,"Res_time":647.6,"Elevation":480,"Slope_100":1.38,"Wshd_area":1.0,"Pour_long":90.967708,"Pour_lat":53.084498,"source_id":"hydrolakes:1325955","label":""},"geometry":{"type":"Polygon","coordinates":[[[90.97180833604585,53.082780490451455],[90.97194444444432,53.08125000000007],[90.96674133300763,53.081438802083426],[90.96403055826818,53.084425455729274],[90.96712436252159,53.085830620659806],[90.96942993164066,53.085165201822974],[90.97180833604585,53.082780490451455]]]}},{"type":"Feature","id":"hydrolakes:1326242","properties":{"Hylak_id":1326242,"Lake_name":"","Country":"Russia","Continent":"Europe","Poly_src":"SWBD","Lake_type":1,"Grand_id":0,"Lake_area":0.31,"Shore_len":2.22,"Shore_dev":1.13,"Vol_total":1.16,"Vol_res":0.0,"Vol_src":3,"Depth_avg":3.8,"Dis_avg":0.028,"Res_time":478.8,"Elevation":499,"Slope_100":2.54,"Wshd_area":3.6,"Pour_long":90.921091,"Pour_lat":53.021898,"source_id":"hydrolakes:1326242","label":""},"geometry":{"type":"Polygon","coordinates":[[[90.9187396918403,53.017232530382046],[90.9159619140624,53.01721191406256],[90.91237141927081,53.01801703559033],[90.91262858072906,53.01945475260425],[90.91681586371544,53.022211914062666],[90.91725891113265,53.02272623697917],[90.91888427734375,53.02332302517368],[90.92126030815956,53.02306586371543],[90.92151746961798,53.0197119140625],[90.92181586371515,53.01945475260425],[90.92207302517363,53.01860080295148],[90.92262858072911,53.018122016059124],[90.9187396918403,53.017232530382046]]]}},{"type":"Feature","id":"hydrolakes:1326273","properties":{"Hylak_id":1326273,"Lake_name":"","Country":"Russia","Continent":"Europe","Poly_src":"SWBD","Lake_type":1,"Grand_id":0,"Lake_area":0.18,"Shore_len":2.21,"Shore_dev":1.49,"Vol_total":0.93,"Vol_res":0.0,"Vol_src":3,"Depth_avg":5.3,"Dis_avg":0.04,"Res_time":268.8,"Elevation":1569,"Slope_100":6.03,"Wshd_area":1.3,"Pour_long":93.878125,"Pour_lat":53.015091,"source_id":"hydrolakes:1326273","label":""},"geometry":{"type":"Polygon","coordinates":[[[93.88596679687521,53.01684082031244],[93.88569417317728,53.01410617404525],[93.87771294487868,53.01442247178829],[93.87750000000011,53.01375000000013],[93.87652235243064,53.01388346354173],[93.87619873046884,53.01456949869788],[93.87403320312524,53.01525526258689],[93.87430013020855,53.01556098090282],[93.88065538194456,53.01591959635425],[93.88103054470514,53.0174945746528],[93.88596679687521,53.01684082031244]]]}},{"type":"Feature","id":"hydrolakes:1326324","properties":{"Hylak_id":1326324,"Lake_name":"","Country":"Russia","Continent":"Europe","Poly_src":"SWBD","Lake_type":1,"Grand_id":0,"Lake_area":0.54,"Shore_len":3.11,"Shore_dev":1.19,"Vol_total":1.3,"Vol_res":0.0,"Vol_src":3,"Depth_avg":2.4,"Dis_avg":0.084,"Res_time":179.1,"Elevation":362,"Slope_100":0.82,"Wshd_area":9.3,"Pour_long":90.459375,"Pour_lat":53.00512,"source_id":"hydrolakes:1326324","label":""},"geometry":{"type":"Polygon","coordinates":[[[90.46374471028633,52.998666449652774],[90.45916666666665,52.998194444444664],[90.4544424438476,52.99827826605906],[90.45321261935771,52.998709309895844],[90.45292195638001,53.000868869357646],[90.45514417860221,53.003327907986204],[90.45652248806414,53.00531331380216],[90.4556997341578,53.00635335286478],[90.4577152167426,53.006661241319534],[90.45936069064663,53.00608452690972],[90.46075520833318,53.004969618055554],[90.4645722452799,53.00424072265628],[90.46541137695306,53.00138346354174],[90.46595777723502,53.00087727864587],[90.46430026584198,53.00056098090283],[90.46292195638006,52.9999644639758],[90.46347751193565,52.99944986979182],[90.46374471028633,52.998666449652774]]]}},{"type":"Feature","id":"hydrolakes:1326435","properties":{"Hylak_id":1326435,"Lake_name":"","Country":"Russia","Continent":"Europe","Poly_src":"SWBD","Lake_type":1,"Grand_id":0,"Lake_area":0.17,"Shore_len":1.8,"Shore_dev":1.23,"Vol_total":1.14,"Vol_res":0.0,"Vol_src":3,"Depth_avg":6.7,"Dis_avg":0.457,"Res_time":28.9,"Elevation":581,"Slope_100":9.86,"Wshd_area":58.7,"Pour_long":91.00344,"Pour_lat":52.984256,"source_id":"hydrolakes:1326435","label":""},"geometry":{"type":"Polygon","coordinates":[[[91.00959364149293,52.9813991970488],[91.00972222222202,52.9812500000001],[91.00779181586364,52.98141140407989],[91.00485080295124,52.98221191406253],[91.00207302517356,52.98304524739592],[91.00126078287752,52.98382188585077],[91.00237141927067,52.98415635850699],[91.00270731608077,52.98490885416669],[91.00385084364137,52.98532904730905],[91.00848253038214,52.984454752604165],[91.00873969184016,52.98415635850699],[91.01014919704852,52.983899197048686],[91.010406358507,52.9836008029514],[91.01127807617195,52.98333821614585],[91.01014919704852,52.98221191406253],[91.00903856065526,52.98187744140631],[91.00959364149293,52.9813991970488]]]}},{"type":"Feature","id":"hydrolakes:1326531","properties":{"Hylak_id":1326531,"Lake_name":"","Country":"Russia","Continent":"Europe","Poly_src":"SWBD","Lake_type":1,"Grand_id":0,"Lake_area":0.15,"Shore_len":1.57,"Shore_dev":1.14,"Vol_total":0.92,"Vol_res":0.0,"Vol_src":3,"Depth_avg":6.1,"Dis_avg":0.122,"Res_time":87.4,"Elevation":1450,"Slope_100":8.67,"Wshd_area":4.1,"Pour_long":93.835417,"Pour_lat":52.968567,"source_id":"hydrolakes:1326531","label":""},"geometry":{"type":"Polygon","coordinates":[[[93.83484320746533,52.96668457031251],[93.8347222222223,52.9665277777778],[93.83350314670162,52.96667670355919],[93.83128092447942,52.96817464192708],[93.83184651692738,52.96861111111116],[93.83126790364594,52.96905788845493],[93.831509874132,52.97057345920143],[93.83223605685777,52.971349826388916],[93.83344943576395,52.971529134114576],[93.83515679253486,52.97057345920143],[93.83595431857646,52.96970431857659],[93.83762098524335,52.96924018012163],[93.837379014757,52.96859320746529],[93.83650987413216,52.96807345920138],[93.83623074001764,52.96707085503482],[93.83484320746533,52.96668457031251]]]}},{"type":"Feature","id":"hydrolakes:1327228","properties":{"Hylak_id":1327228,"Lake_name":"","Country":"Russia","Continent":"Europe","Poly_src":"SWBD","Lake_type":1,"Grand_id":0,"Lake_area":0.69,"Shore_len":3.9,"Shore_dev":1.32,"Vol_total":5.18,"Vol_res":0.0,"Vol_src":3,"Depth_avg":7.5,"Dis_avg":0.169,"Res_time":354.5,"Elevation":1412,"Slope_100":8.03,"Wshd_area":8.7,"Pour_long":93.245002,"Pour_lat":52.836676,"source_id":"hydrolakes:1327228","label":""},"geometry":{"type":"Polygon","coordinates":[[[93.24596435546891,52.835841200086804],[93.24385226779538,52.83586344401044],[93.2434800889759,52.83667453342014],[93.24263102213558,52.8372143554688],[93.2407023111981,52.84167453342019],[93.24014675564251,52.84217095269105],[93.24040879991327,52.8433412000868],[93.2412578667537,52.843881022135406],[93.24151991102451,52.84584120008685],[93.24207546657999,52.846337619357655],[93.24181342230912,52.84806342230917],[93.2412578667537,52.848559841579856],[93.24159315321191,52.84970133463554],[93.24622558593774,52.84997748480902],[93.24697753906258,52.84930555555576],[93.24625786675352,52.848662380642395],[93.2465199110245,52.846103244357835],[93.24792453342036,52.845007866753406],[93.24903564453155,52.8433412000868],[93.24929768880224,52.84221435546891],[93.24959120008685,52.84195231119793],[93.24985324435784,52.8399921332466],[93.25040879991343,52.83949571397568],[93.25014675564245,52.838603244357614],[93.24929768880224,52.837785644531266],[93.24897867838558,52.83709065755215],[93.2469384765626,52.83646050347227],[93.24596435546891,52.835841200086804]]]}},{"type":"Feature","id":"hydrolakes:1327275","properties":{"Hylak_id":1327275,"Lake_name":"","Country":"Russia","Continent":"Europe","Poly_src":"SWBD","Lake_type":1,"Grand_id":0,"Lake_area":0.75,"Shore_len":4.34,"Shore_dev":1.41,"Vol_total":4.73,"Vol_res":0.0,"Vol_src":3,"Depth_avg":6.3,"Dis_avg":0.081,"Res_time":676.0,"Elevation":1370,"Slope_100":5.47,"Wshd_area":3.5,"Pour_long":93.527083,"Pour_lat":52.823047,"source_id":"hydrolakes:1327275","label":""},"geometry":{"type":"Polygon","coordinates":[[[93.52830268012161,52.82128065321183],[93.52805555555574,52.82097222222228],[93.52660508897588,52.821153700086995],[93.52626546223968,52.82195990668407],[93.52540120442717,52.82248453776049],[93.52515435112849,52.823071017795144],[93.52429009331598,52.82359564887162],[93.52404324001759,52.82418212890627],[93.52262342664955,52.825262315538225],[93.52237657335075,52.82723768446186],[93.52182101779516,52.82768256293417],[93.52206787109384,52.83001546223966],[93.52262342664955,52.830460340711795],[93.52237657335075,52.83279324001745],[93.52126546223968,52.83379367404518],[93.52151231553825,52.83640435112852],[93.52216064453131,52.8374576822917],[93.52403293185785,52.83769070095485],[93.52703993055565,52.83543782552084],[93.52626546223968,52.834817437065965],[93.527067871094,52.83304009331596],[93.52843071831614,52.83265055338558],[93.5287345377605,52.83192898220494],[93.52959879557301,52.83112657335079],[93.52984564887157,52.82776231553828],[93.5301543511286,52.8275154622396],[93.53040120442733,52.82470675998263],[93.53095675998281,52.824261881510495],[93.5307099066842,52.82248453776049],[93.53003065321218,52.821774902343805],[93.52830268012161,52.82128065321183]]]}},{"type":"Feature","id":"hydrolakes:1327316","properties":{"Hylak_id":1327316,"Lake_name":"","Country":"Russia","Continent":"Europe","Poly_src":"SWBD","Lake_type":1,"Grand_id":0,"Lake_area":0.23,"Shore_len":2.42,"Shore_dev":1.44,"Vol_total":1.27,"Vol_res":0.0,"Vol_src":3,"Depth_avg":5.6,"Dis_avg":0.104,"Res_time":141.5,"Elevation":1568,"Slope_100":6.36,"Wshd_area":3.9,"Pour_long":94.117708,"Pour_lat":52.816342,"source_id":"hydrolakes:1327316","label":""},"geometry":{"type":"Polygon","coordinates":[[[94.11824218750007,52.81618869357641],[94.11805555555571,52.815972222222285],[94.11707302517391,52.81610080295155],[94.11626030815984,52.81715576171882],[94.11707302517391,52.81806586371533],[94.11792697482667,52.818600802951494],[94.11818413628481,52.819176974826405],[94.11959364149317,52.8202674696181],[94.11985080295165,52.82195475260414],[94.12142144097237,52.82242757161464],[94.12218098958363,52.82358534071187],[94.12485080295164,52.82379991319442],[94.12459364149339,52.82248969184042],[94.12398111979184,52.82152859157986],[94.12237196180558,52.8210441080729],[94.12310031467024,52.82041666666669],[94.12262858072933,52.820010308159794],[94.1223714192709,52.81748969184031],[94.12181586371548,52.81665635850703],[94.11824218750007,52.81618869357641]]]}},{"type":"Feature","id":"hydrolakes:1327339","properties":{"Hylak_id":1327339,"Lake_name":"","Country":"Russia","Continent":"Europe","Poly_src":"SWBD","Lake_type":1,"Grand_id":0,"Lake_area":0.19,"Shore_len":2.04,"Shore_dev":1.33,"Vol_total":1.29,"Vol_res":0.0,"Vol_src":3,"Depth_avg":6.9,"Dis_avg":0.064,"Res_time":234.0,"Elevation":1589,"Slope_100":10.37,"Wshd_area":3.0,"Pour_long":93.439636,"Pour_lat":52.812131,"source_id":"hydrolakes:1327339","label":""},"geometry":{"type":"Polygon","coordinates":[[[93.44041395399307,52.81166937934029],[93.4389694552952,52.811710340711784],[93.43819173177098,52.81249728732644],[93.43791937934031,52.8138916015626],[93.43708062065974,52.81499728732649],[93.43680826822936,52.815836046007064],[93.43541395399336,52.81694173177084],[93.43514160156252,52.817780490451526],[93.43458604600704,52.818314344618045],[93.43662163628494,52.819163953993154],[93.43838758680579,52.81851616753477],[93.43874728732658,52.817775065104286],[93.44069715711828,52.816113823784804],[93.44096950954867,52.81499728732649],[93.44152506510432,52.814463433159744],[93.44096950954867,52.81333604600701],[93.44069715711828,52.8119417317709],[93.44041395399307,52.81166937934029]]]}},{"type":"Feature","id":"hydrolakes:1327341","properties":{"Hylak_id":1327341,"Lake_name":"","Country":"Russia","Continent":"Europe","Poly_src":"SWBD","Lake_type":1,"Grand_id":0,"Lake_area":0.42,"Shore_len":2.77,"Shore_dev":1.21,"Vol_total":2.61,"Vol_res":0.0,"Vol_src":3,"Depth_avg":6.2,"Dis_avg":0.31,"Res_time":97.6,"Elevation":1394,"Slope_100":6.5,"Wshd_area":14.0,"Pour_long":93.509375,"Pour_lat":52.811291,"source_id":"hydrolakes:1327341","label":""},"geometry":{"type":"Polygon","coordinates":[[[93.51263617621538,52.81082139756944],[93.5105501302084,52.8101443142362],[93.51027777777784,52.80986111111116],[93.50824028862883,52.81036078559032],[93.49711588541669,52.81028564453135],[93.49680826822924,52.812619086371626],[93.49889322916698,52.81385660807308],[93.50736382378483,52.814163953993045],[93.50930474175351,52.81456136067726],[93.51100504557297,52.81387152777779],[93.51236382378482,52.81278049045147],[93.51263617621538,52.81082139756944]]]}},{"type":"Feature","id":"hydrolakes:1327399","properties":{"Hylak_id":1327399,"Lake_name":"","Country":"Russia","Continent":"Europe","Poly_src":"SWBD","Lake_type":1,"Grand_id":0,"Lake_area":0.33,"Shore_len":2.55,"Shore_dev":1.25,"Vol_total":1.98,"Vol_res":0.0,"Vol_src":3,"Depth_avg":6.0,"Dis_avg":0.106,"Res_time":215.7,"Elevation":1509,"Slope_100":6.42,"Wshd_area":5.1,"Pour_long":93.415625,"Pour_lat":52.797917,"source_id":"hydrolakes:1327399","label":""},"geometry":{"type":"Polygon","coordinates":[[[93.41596435546882,52.794174533420176],[93.41324408637155,52.794189995659735],[93.41292453342032,52.795563422309044],[93.41236897786473,52.796059841579904],[93.41263102213549,52.79723008897571],[93.41459120008682,52.79860324435782],[93.41514675564252,52.79943657769098],[93.41540879991322,52.80111897786463],[93.41672634548638,52.80246093749997],[93.41836181640645,52.80304768880217],[93.42014675564258,52.80278564453124],[93.42096435546898,52.80199571397577],[93.42024468315975,52.8009722222223],[93.42086642795147,52.800416666666706],[93.42040879991333,52.80000786675356],[93.42014675564258,52.79915879991324],[93.41929768880215,52.7980634223091],[93.41903564453145,52.79638102213539],[93.41596435546882,52.794174533420176]]]}},{"type":"Feature","id":"hydrolakes:1327412","properties":{"Hylak_id":1327412,"Lake_name":"","Country":"Russia","Continent":"Europe","Poly_src":"SWBD","Lake_type":1,"Grand_id":0,"Lake_area":0.15,"Shore_len":1.84,"Shore_dev":1.32,"Vol_total":1.02,"Vol_res":0.0,"Vol_src":3,"Depth_avg":6.6,"Dis_avg":0.189,"Res_time":62.6,"Elevation":1538,"Slope_100":9.97,"Wshd_area":8.7,"Pour_long":94.520466,"Pour_lat":52.795645,"source_id":"hydrolakes:1327412","label":""},"geometry":{"type":"Polygon","coordinates":[[[94.5231488715279,52.79587890624998],[94.52305555555586,52.794027777777785],[94.5214822048614,52.79412109375005],[94.52129557291698,52.79476779513891],[94.52074001736145,52.795323350694616],[94.51962890625015,52.795881618923715],[94.51981553819456,52.79699001736111],[94.52027452256993,52.79722222222222],[94.51962890625015,52.797548828125],[94.51981553819456,52.79921223958331],[94.52074001736145,52.79995442708332],[94.52098063151055,52.80078776041671],[94.52241373697933,52.80060031467019],[94.52370442708349,52.79995171440976],[94.52351779513907,52.79606553819451],[94.5231488715279,52.79587890624998]]]}},{"type":"Feature","id":"hydrolakes:1328437","properties":{"Hylak_id":1328437,"Lake_name":"","Country":"Russia","Continent":"Europe","Poly_src":"SWBD","Lake_type":1,"Grand_id":0,"Lake_area":0.13,"Shore_len":1.53,"Shore_dev":1.21,"Vol_total":0.9,"Vol_res":0.0,"Vol_src":3,"Depth_avg":7.0,"Dis_avg":0.029,"Res_time":358.0,"Elevation":1703,"Slope_100":11.99,"Wshd_area":2.2,"Pour_long":93.018368,"Pour_lat":52.545557,"source_id":"hydrolakes:1328437","label":""},"geometry":{"type":"Polygon","coordinates":[[[93.0192651367189,52.54531819661463],[93.01916666666688,52.54513888888886],[93.0175523546007,52.54524007161456],[93.01648735894116,52.545792914496644],[93.016290418837,52.546429307725816],[93.01573486328141,52.54673394097239],[93.01593478732644,52.5500906032986],[93.01696451822932,52.55051513671873],[93.01794731987872,52.5500729709201],[93.01815402560766,52.5494040256076],[93.02037624782997,52.54743272569448],[93.02017930772581,52.54690402560766],[93.01974663628476,52.546666666666624],[93.02037624782997,52.54632161458335],[93.02017930772581,52.545792914496644],[93.0192651367189,52.54531819661463]]]}},{"type":"Feature","id":"hydrolakes:1329450","properties":{"Hylak_id":1329450,"Lake_name":"","Country":"Russia","Continent":"Europe","Poly_src":"SWBD","Lake_type":1,"Grand_id":0,"Lake_area":0.13,"Shore_len":1.75,"Shore_dev":1.38,"Vol_total":0.81,"Vol_res":0.0,"Vol_src":3,"Depth_avg":6.3,"Dis_avg":0.029,"Res_time":323.2,"Elevation":1834,"Slope_100":9.7,"Wshd_area":4.1,"Pour_long":94.850132,"Pour_lat":52.33014,"source_id":"hydrolakes:1329450","label":""},"geometry":{"type":"Polygon","coordinates":[[[94.84817654079893,52.324740125868004],[94.8480555555559,52.324583333333464],[94.84626790364604,52.32472330729166],[94.8465098741321,52.325851236979304],[94.84682345920174,52.32609320746525],[94.84707248263919,52.33013237847223],[94.8498144531253,52.33053765190988],[94.85039713541698,52.33012586805563],[94.84904568142377,52.32931749131944],[94.84984320746543,52.32775987413197],[94.85095431857661,52.32709526909724],[94.85015679253496,52.32581542968751],[94.84817654079893,52.324740125868004]]]}},{"type":"Feature","id":"hydrolakes:1329558","properties":{"Hylak_id":1329558,"Lake_name":"","Country":"Russia","Continent":"Europe","Poly_src":"SWBD","Lake_type":1,"Grand_id":0,"Lake_area":0.18,"Shore_len":1.73,"Shore_dev":1.15,"Vol_total":1.38,"Vol_res":0.0,"Vol_src":3,"Depth_avg":7.6,"Dis_avg":0.028,"Res_time":571.4,"Elevation":1771,"Slope_100":12.86,"Wshd_area":2.8,"Pour_long":91.55625,"Pour_lat":52.305684,"source_id":"hydrolakes:1329558","label":""},"geometry":{"type":"Polygon","coordinates":[[[91.55762098524298,52.302240125868025],[91.55750000000006,52.30208333333337],[91.5548432074653,52.3022043185764],[91.55404568142364,52.302946777343834],[91.55428765190982,52.30390679253475],[91.554804280599,52.304305555555516],[91.55404568142364,52.304891221788296],[91.55428765190982,52.30557345920141],[91.55549777560753,52.30709065755207],[91.55729003906254,52.307355414496556],[91.55849012586805,52.30612901475695],[91.55873209635422,52.30525987413199],[91.55960123697906,52.30474012586808],[91.56095431857631,52.30316433376731],[91.55994235568568,52.30263454861125],[91.55762098524298,52.302240125868025]]]}},{"type":"Feature","id":"hydrolakes:1330088","properties":{"Hylak_id":1330088,"Lake_name":"","Country":"Russia","Continent":"Europe","Poly_src":"SWBD","Lake_type":1,"Grand_id":0,"Lake_area":0.17,"Shore_len":1.79,"Shore_dev":1.24,"Vol_total":1.32,"Vol_res":0.0,"Vol_src":3,"Depth_avg":7.9,"Dis_avg":0.039,"Res_time":392.3,"Elevation":1760,"Slope_100":14.2,"Wshd_area":4.2,"Pour_long":90.410417,"Pour_lat":52.202069,"source_id":"hydrolakes:1330088","label":""},"geometry":{"type":"Polygon","coordinates":[[[90.41040632459834,52.198621419270864],[90.41027777777776,52.19847222222228],[90.40792700873476,52.19866861979165],[90.40818410237625,52.1994547526042],[90.4096080186631,52.20111328125],[90.40792700873476,52.20208224826388],[90.40822272406666,52.203213704427014],[90.41046132405597,52.204156358506964],[90.41292405870217,52.20382486979162],[90.413655734592,52.20319444444448],[90.41318410237608,52.20278808593753],[90.41292700873458,52.20054524739584],[90.41181589762368,52.19943413628471],[90.41040632459834,52.198621419270864]]]}},{"type":"Feature","id":"hydrolakes:1330243","properties":{"Hylak_id":1330243,"Lake_name":"","Country":"Russia","Continent":"Europe","Poly_src":"SWBD","Lake_type":1,"Grand_id":0,"Lake_area":0.16,"Shore_len":1.75,"Shore_dev":1.25,"Vol_total":0.95,"Vol_res":0.0,"Vol_src":3,"Depth_avg":6.1,"Dis_avg":0.03,"Res_time":365.5,"Elevation":1880,"Slope_100":8.37,"Wshd_area":3.3,"Pour_long":90.37133,"Pour_lat":52.174585,"source_id":"hydrolakes:1330243","label":""},"geometry":{"type":"Polygon","coordinates":[[[90.37150990804037,52.17418457031249],[90.37138888888887,52.174027777777724],[90.37017089843732,52.174176703559056],[90.3673921373155,52.175952419704856],[90.36817657470704,52.176557888454795],[90.36793453640405,52.177517903645764],[90.36682342529281,52.17850233289926],[90.367114393446,52.17932264539934],[90.36861111111085,52.17991102430557],[90.37123074001727,52.17904025607646],[90.37150990804037,52.178037651909676],[90.37262101915127,52.17737304687506],[90.37182342529297,52.176093207465215],[90.37126786973738,52.17566433376737],[90.37206546359596,52.17483100043404],[90.37150990804037,52.17418457031249]]]}},{"type":"Feature","id":"hydrolakes:1330292","properties":{"Hylak_id":1330292,"Lake_name":"","Country":"Russia","Continent":"Europe","Poly_src":"SWBD","Lake_type":1,"Grand_id":0,"Lake_area":0.19,"Shore_len":1.94,"Shore_dev":1.27,"Vol_total":1.09,"Vol_res":0.0,"Vol_src":3,"Depth_avg":5.8,"Dis_avg":0.116,"Res_time":108.9,"Elevation":1747,"Slope_100":7.29,"Wshd_area":11.1,"Pour_long":91.701652,"Pour_lat":52.16469,"source_id":"hydrolakes:1330292","label":""},"geometry":{"type":"Polygon","coordinates":[[[91.70403306749125,52.16306098090274],[91.70416666666665,52.16236111111107],[91.70180718315987,52.16329047309023],[91.69762451171863,52.163655056423636],[91.69625528971352,52.1652422417535],[91.69652248806432,52.16583875868065],[91.69752197265632,52.16680555555553],[91.696810845269,52.16746446397565],[91.69995890299487,52.16798312717009],[91.70054497612836,52.16735053168395],[91.70234931098094,52.16677924262149],[91.70263359917527,52.16499457465278],[91.70348320855027,52.16416666666663],[91.70318345811626,52.16388888888889],[91.70403306749125,52.16306098090274]]]}},{"type":"Feature","id":"hydrolakes:1330323","properties":{"Hylak_id":1330323,"Lake_name":"","Country":"Russia","Continent":"Europe","Poly_src":"SWBD","Lake_type":1,"Grand_id":0,"Lake_area":0.26,"Shore_len":1.99,"Shore_dev":1.1,"Vol_total":1.44,"Vol_res":0.0,"Vol_src":3,"Depth_avg":5.5,"Dis_avg":0.131,"Res_time":127.4,"Elevation":1787,"Slope_100":5.74,"Wshd_area":14.1,"Pour_long":90.35851,"Pour_lat":52.158613,"source_id":"hydrolakes:1330323","label":""},"geometry":{"type":"Polygon","coordinates":[[[90.3576285468207,52.15584364149305],[90.35485076904297,52.15582302517362],[90.35246734619125,52.15659423828117],[90.35040632459845,52.158600802951355],[90.35014923095696,52.15917697482632],[90.34903811984572,52.159873046875134],[90.34938439263249,52.160806206597215],[90.3530507066514,52.16110080295141],[90.35666480170346,52.16018581814228],[90.35707299126506,52.15971191406243],[90.35873965793178,52.15875108506958],[90.35848256429028,52.15693413628475],[90.3576285468207,52.15584364149305]]]}},{"type":"Feature","id":"hydrolakes:1330359","properties":{"Hylak_id":1330359,"Lake_name":"","Country":"Russia","Continent":"Europe","Poly_src":"SWBD","Lake_type":1,"Grand_id":0,"Lake_area":0.1,"Shore_len":1.55,"Shore_dev":1.36,"Vol_total":0.58,"Vol_res":0.0,"Vol_src":3,"Depth_avg":5.6,"Dis_avg":0.206,"Res_time":32.4,"Elevation":1443,"Slope_100":8.06,"Wshd_area":21.2,"Pour_long":91.517582,"Pour_lat":52.148986,"source_id":"hydrolakes:1330359","label":""},"geometry":{"type":"Polygon","coordinates":[[[91.5181791178386,52.14807101779513],[91.51805555555546,52.14791666666662],[91.51660508897578,52.14809814453122],[91.516265326606,52.14890435112858],[91.51515421549482,52.149904785156195],[91.515731608073,52.150835503472194],[91.5148457845051,52.151373426649286],[91.51459865993922,52.151959906684056],[91.51404310438357,52.15240478515625],[91.51430664062502,52.15341172960069],[91.51673855251738,52.15298855251723],[91.5179319932725,52.151126573350666],[91.5181791178386,52.149706759982564],[91.51873467339402,52.14926188151054],[91.51848754882815,52.148317871093695],[91.5181791178386,52.14807101779513]]]}},{"type":"Feature","id":"hydrolakes:1330374","properties":{"Hylak_id":1330374,"Lake_name":"","Country":"Russia","Continent":"Europe","Poly_src":"SWBD","Lake_type":1,"Grand_id":0,"Lake_area":0.46,"Shore_len":2.62,"Shore_dev":1.08,"Vol_total":2.04,"Vol_res":0.0,"Vol_src":3,"Depth_avg":4.4,"Dis_avg":0.299,"Res_time":79.1,"Elevation":1714,"Slope_100":3.07,"Wshd_area":32.5,"Pour_long":90.383936,"Pour_lat":52.145384,"source_id":"hydrolakes:1330374","label":""},"geometry":{"type":"Polygon","coordinates":[[[90.38040886772984,52.14361897786455],[90.37786102294905,52.143623589409685],[90.37716261121949,52.144405381944466],[90.3746610853405,52.14522298177076],[90.37429775661883,52.145547688802026],[90.37403557671422,52.14806342230895],[90.37348002115863,52.14855984157987],[90.37379262288403,52.149955240885504],[90.37885413275802,52.15048258463537],[90.38049614800326,52.1510717773437],[90.3810954793293,52.1504009331598],[90.38311669243689,52.14977701822909],[90.38348002115879,52.14945231119793],[90.38403557671438,52.14889675564234],[90.38429775661876,52.146658799913155],[90.38485331217436,52.14616238064235],[90.38455681694865,52.145153266059026],[90.38040886772984,52.14361897786455]]]}},{"type":"Feature","id":"hydrolakes:1330405","properties":{"Hylak_id":1330405,"Lake_name":"","Country":"Russia","Continent":"Europe","Poly_src":"SWBD","Lake_type":1,"Grand_id":0,"Lake_area":0.13,"Shore_len":2.1,"Shore_dev":1.63,"Vol_total":1.0,"Vol_res":0.0,"Vol_src":3,"Depth_avg":7.6,"Dis_avg":0.022,"Res_time":527.5,"Elevation":1758,"Slope_100":14.04,"Wshd_area":2.4,"Pour_long":91.421698,"Pour_lat":52.13917,"source_id":"hydrolakes:1330405","label":""},"geometry":{"type":"Polygon","coordinates":[[[91.41595689561626,52.13612657335068],[91.4158333333333,52.13597222222211],[91.41296630859381,52.13610568576388],[91.41190741644954,52.13674886067707],[91.41317911783841,52.13723768446181],[91.41573011610251,52.13755669487847],[91.42024780273437,52.13905924479161],[91.42110541449648,52.13992323133681],[91.42271063910596,52.14054009331596],[91.42429022894959,52.1402473958334],[91.423734673394,52.13945990668401],[91.42348754882812,52.1385956488715],[91.41941365559882,52.13766954210075],[91.4188945855035,52.13702121310757],[91.41595689561626,52.13612657335068]]]}},{"type":"Feature","id":"hydrolakes:1330506","properties":{"Hylak_id":1330506,"Lake_name":"","Country":"Russia","Continent":"Europe","Poly_src":"SWBD","Lake_type":1,"Grand_id":0,"Lake_area":0.16,"Shore_len":1.71,"Shore_dev":1.22,"Vol_total":0.98,"Vol_res":0.0,"Vol_src":3,"Depth_avg":6.2,"Dis_avg":0.042,"Res_time":269.0,"Elevation":1805,"Slope_100":8.64,"Wshd_area":4.6,"Pour_long":91.40625,"Pour_lat":52.115638,"source_id":"hydrolakes:1330506","label":""},"geometry":{"type":"Polygon","coordinates":[[[91.4059619140624,52.11417697482642],[91.40583333333336,52.11374999999998],[91.40386827256941,52.1140071614584],[91.40292697482624,52.11493353949652],[91.40320176866311,52.11709364149306],[91.40501098632802,52.11785563151051],[91.40985080295133,52.1182443576389],[91.40959364149302,52.117211914062466],[91.40903808593771,52.116733127170164],[91.40929524739573,52.11582302517371],[91.40984456380204,52.11534966362842],[91.40651746961805,52.11501030815964],[91.4059619140624,52.11417697482642]]]}},{"type":"Feature","id":"hydrolakes:1330687","properties":{"Hylak_id":1330687,"Lake_name":"","Country":"Russia","Continent":"Europe","Poly_src":"SWBD","Lake_type":1,"Grand_id":0,"Lake_area":0.64,"Shore_len":3.4,"Shore_dev":1.2,"Vol_total":1.21,"Vol_res":0.0,"Vol_src":3,"Depth_avg":1.9,"Dis_avg":2.424,"Res_time":5.8,"Elevation":817,"Slope_100":0.48,"Wshd_area":253.3,"Pour_long":93.711458,"Pour_lat":52.074063,"source_id":"hydrolakes:1330687","label":""},"geometry":{"type":"Polygon","coordinates":[[[93.70985839843775,52.077775065104106],[93.71069715711809,52.07722493489581],[93.7109836154516,52.075172797308994],[93.71316840277785,52.07446397569453],[93.71374728732656,52.07390787760414],[93.71326660156262,52.07337890624996],[93.70912733289947,52.072801106770896],[93.70583333333349,52.0718055555555],[93.69936713324682,52.07196804470482],[93.69458604600703,52.073563910590224],[93.69485839843776,52.07416937934022],[93.69610568576411,52.07514431423613],[93.69736382378494,52.07555284288196],[93.69847493489596,52.07638617621524],[93.6988625759551,52.07718505859373],[93.70059054904527,52.07753906250002],[93.70454861111136,52.07745822482633],[93.70623046875016,52.0788856336805],[93.708127170139,52.07892442491311],[93.70985839843775,52.077775065104106]]]}},{"type":"Feature","id":"hydrolakes:1330721","properties":{"Hylak_id":1330721,"Lake_name":"","Country":"Russia","Continent":"Europe","Poly_src":"SWBD","Lake_type":1,"Grand_id":0,"Lake_area":0.51,"Shore_len":3.16,"Shore_dev":1.25,"Vol_total":0.64,"Vol_res":0.0,"Vol_src":3,"Depth_avg":1.3,"Dis_avg":2.924,"Res_time":2.5,"Elevation":818,"Slope_100":0.22,"Wshd_area":315.4,"Pour_long":93.712038,"Pour_lat":52.065428,"source_id":"hydrolakes:1330721","label":""},"geometry":{"type":"Polygon","coordinates":[[[93.71652235243067,52.060560980902835],[93.7148754882814,52.06062337239581],[93.71457655164937,52.06374267578127],[93.71125542534753,52.06466851128471],[93.71215738932295,52.067200520833296],[93.71736653645848,52.067494574652756],[93.71785617404527,52.06802327473969],[93.72339599609404,52.06999457465275],[93.7243001302084,52.06922119140626],[93.72403320312509,52.06777235243055],[93.72374457465293,52.067505425347235],[93.7234776475695,52.06610568576383],[93.72318901909762,52.06583875868051],[93.7229220920143,52.06416124131937],[93.72112169053827,52.06262830946173],[93.71776719835088,52.06153835720494],[93.71652235243067,52.060560980902835]]]}},{"type":"Feature","id":"hydrolakes:1330768","properties":{"Hylak_id":1330768,"Lake_name":"","Country":"Russia","Continent":"Europe","Poly_src":"SWBD","Lake_type":1,"Grand_id":0,"Lake_area":0.16,"Shore_len":1.94,"Shore_dev":1.38,"Vol_total":1.19,"Vol_res":0.0,"Vol_src":3,"Depth_avg":7.6,"Dis_avg":0.017,"Res_time":809.4,"Elevation":1990,"Slope_100":13.21,"Wshd_area":2.0,"Pour_long":91.381346,"Pour_lat":52.050708,"source_id":"hydrolakes:1330768","label":""},"geometry":{"type":"Polygon","coordinates":[[[91.37873969184017,52.047510308159644],[91.37861111111113,52.04736111111106],[91.3762603081596,52.047557508680654],[91.37651746961808,52.049454752604106],[91.37762817382799,52.049789225260554],[91.3770609537761,52.05027777777781],[91.37737141927084,52.0505452473958],[91.3776285807291,52.05139919704857],[91.37849650065107,52.05194281684027],[91.37801093207463,52.05236111111111],[91.37891411675349,52.05326850043406],[91.38023518880203,52.053374565972206],[91.3820730251735,52.0528211805555],[91.38072360568583,52.051805555555575],[91.3820730251735,52.05096028645835],[91.3815053982205,52.05027777777781],[91.3818298339844,52.049998372395805],[91.38057617187508,52.04900716145835],[91.37929524739576,52.04862141927083],[91.37903808593745,52.047767469618066],[91.37873969184017,52.047510308159644]]]}},{"type":"Feature","id":"hydrolakes:1330786","properties":{"Hylak_id":1330786,"Lake_name":"","Country":"Russia","Continent":"Europe","Poly_src":"SWBD","Lake_type":1,"Grand_id":0,"Lake_area":0.12,"Shore_len":1.69,"Shore_dev":1.36,"Vol_total":0.79,"Vol_res":0.0,"Vol_src":3,"Depth_avg":6.5,"Dis_avg":0.026,"Res_time":353.7,"Elevation":1856,"Slope_100":10.25,"Wshd_area":3.0,"Pour_long":91.288542,"Pour_lat":52.046253,"source_id":"hydrolakes:1330786","label":""},"geometry":{"type":"Polygon","coordinates":[[[91.29181586371516,52.04639919704874],[91.29292697482646,52.0455658637153],[91.29318413628471,52.04498969184027],[91.29429524739572,52.04465521918405],[91.29263563368039,52.044478081597106],[91.29249999999985,52.04402777777773],[91.28890190972214,52.04432861328121],[91.28485080295138,52.04554524739598],[91.28406670464398,52.0465755208333],[91.28679660373268,52.04635606553819],[91.28716837565099,52.04678765190965],[91.29181586371516,52.04639919704874]]]}},{"type":"Feature","id":"hydrolakes:1331160","properties":{"Hylak_id":1331160,"Lake_name":"","Country":"Russia","Continent":"Europe","Poly_src":"SWBD","Lake_type":1,"Grand_id":0,"Lake_area":0.2,"Shore_len":2.07,"Shore_dev":1.3,"Vol_total":0.95,"Vol_res":0.0,"Vol_src":3,"Depth_avg":4.7,"Dis_avg":0.12,"Res_time":92.1,"Elevation":1678,"Slope_100":4.54,"Wshd_area":12.8,"Pour_long":90.06303,"Pour_lat":51.946507,"source_id":"hydrolakes:1331160","label":""},"geometry":{"type":"Polygon","coordinates":[[[90.06625529395205,51.94444986979158],[90.06638888888881,51.943472222222226],[90.06287896898033,51.94361870659719],[90.0616708628337,51.94487847222217],[90.05592714097742,51.94562798394105],[90.05514418284088,51.94635335286455],[90.05549050648989,51.947486436632005],[90.06234914567733,51.94775824652777],[90.06625529395205,51.94444986979158]]]}},{"type":"Feature","id":"hydrolakes:1331205","properties":{"Hylak_id":1331205,"Lake_name":"","Country":"Russia","Continent":"Europe","Poly_src":"SWBD","Lake_type":1,"Grand_id":0,"Lake_area":0.2,"Shore_len":1.77,"Shore_dev":1.13,"Vol_total":1.39,"Vol_res":0.0,"Vol_src":3,"Depth_avg":7.1,"Dis_avg":0.019,"Res_time":844.8,"Elevation":2056,"Slope_100":10.7,"Wshd_area":2.4,"Pour_long":91.02332,"Pour_lat":51.935816,"source_id":"hydrolakes:1331205","label":""},"geometry":{"type":"Polygon","coordinates":[[[91.0276335991752,51.93361653645837],[91.02448357476118,51.93362467447912],[91.02207804361979,51.934439019097226],[91.0218108452691,51.93528320312498],[91.02096123589394,51.93638888888887],[91.02125528971345,51.93666124131943],[91.02153516981332,51.93870958116321],[91.02412177191843,51.938215603298715],[91.02485582139758,51.93749457465276],[91.02754889594172,51.93643825954854],[91.0287447102865,51.935665961371626],[91.02847751193559,51.93416124131937],[91.0276335991752,51.93361653645837]]]}},{"type":"Feature","id":"hydrolakes:1331238","properties":{"Hylak_id":1331238,"Lake_name":"","Country":"Russia","Continent":"Europe","Poly_src":"SWBD","Lake_type":1,"Grand_id":0,"Lake_area":0.14,"Shore_len":1.57,"Shore_dev":1.17,"Vol_total":1.13,"Vol_res":0.0,"Vol_src":3,"Depth_avg":7.9,"Dis_avg":0.042,"Res_time":310.8,"Elevation":2027,"Slope_100":15.05,"Wshd_area":5.4,"Pour_long":91.030226,"Pour_lat":51.9279,"source_id":"hydrolakes:1331238","label":""},"geometry":{"type":"Polygon","coordinates":[[[91.02873460557709,51.92612657335064],[91.0286111111111,51.92597222222224],[91.02762349446601,51.926095648871524],[91.02682094997823,51.92723768446177],[91.02595682779952,51.927484537760336],[91.02540127224387,51.928040093315985],[91.02515428331162,51.929459906683974],[91.02459872775597,51.929904785156225],[91.02486870659715,51.9306328667534],[91.02785346137142,51.93011338975697],[91.0281790500216,51.929706759982594],[91.03066351996512,51.929396158854104],[91.03095682779951,51.928040093315985],[91.03128451877171,51.92777777777769],[91.03064520941837,51.926775716145926],[91.02873460557709,51.92612657335064]]]}},{"type":"Feature","id":"hydrolakes:1331249","properties":{"Hylak_id":1331249,"Lake_name":"","Country":"Russia","Continent":"Europe","Poly_src":"SWBD","Lake_type":1,"Grand_id":0,"Lake_area":0.15,"Shore_len":1.73,"Shore_dev":1.24,"Vol_total":0.45,"Vol_res":0.0,"Vol_src":3,"Depth_avg":2.9,"Dis_avg":0.652,"Res_time":8.0,"Elevation":1629,"Slope_100":1.87,"Wshd_area":85.9,"Pour_long":90.422917,"Pour_lat":51.924601,"source_id":"hydrolakes:1331249","label":""},"geometry":{"type":"Polygon","coordinates":[[[90.42514668782553,51.92417453342006],[90.42527777777775,51.92374999999993],[90.4218117607964,51.92441216362846],[90.41709865993909,51.92475287543397],[90.41523546006943,51.92621365017362],[90.41707638210721,51.92687418619789],[90.41996917724595,51.92749213324652],[90.42231241861975,51.92701551649316],[90.42514668782553,51.92417453342006]]]}},{"type":"Feature","id":"hydrolakes:1331283","properties":{"Hylak_id":1331283,"Lake_name":"","Country":"Russia","Continent":"Europe","Poly_src":"SWBD","Lake_type":1,"Grand_id":0,"Lake_area":0.15,"Shore_len":1.82,"Shore_dev":1.31,"Vol_total":1.24,"Vol_res":0.0,"Vol_src":3,"Depth_avg":8.1,"Dis_avg":0.013,"Res_time":1100.3,"Elevation":2177,"Slope_100":15.46,"Wshd_area":1.7,"Pour_long":91.01423,"Pour_lat":51.918789,"source_id":"hydrolakes:1331283","label":""},"geometry":{"type":"Polygon","coordinates":[[[91.01595431857646,51.91501790364583],[91.01583333333338,51.91486111111112],[91.01496426052506,51.91510308159724],[91.01404568142351,51.91640679253476],[91.01262098524307,51.91748209635409],[91.01182345920142,51.91890679253464],[91.01126790364566,51.91933566623271],[91.01151502821187,51.92088351779512],[91.01481424967449,51.921370985243016],[91.01571234809023,51.920851236979104],[91.01595431857646,51.91692654079867],[91.016509874132,51.91649766710083],[91.01575120713966,51.915694444444455],[91.01629102918827,51.91527777777776],[91.01595431857646,51.91501790364583]]]}},{"type":"Feature","id":"hydrolakes:1331302","properties":{"Hylak_id":1331302,"Lake_name":"","Country":"Russia","Continent":"Europe","Poly_src":"SWBD","Lake_type":1,"Grand_id":0,"Lake_area":0.28,"Shore_len":2.12,"Shore_dev":1.13,"Vol_total":1.96,"Vol_res":0.0,"Vol_src":3,"Depth_avg":7.0,"Dis_avg":0.034,"Res_time":668.0,"Elevation":1948,"Slope_100":9.38,"Wshd_area":4.4,"Pour_long":90.965625,"Pour_lat":51.915063,"source_id":"hydrolakes:1331302","label":""},"geometry":{"type":"Polygon","coordinates":[[[90.96929273817273,51.91306830512144],[90.96916666666658,51.91291666666666],[90.96651496039499,51.913042805989505],[90.96626281738264,51.913346082899295],[90.96405856662341,51.913738878038146],[90.96083102756074,51.914909939236054],[90.95904059516062,51.91686333550342],[90.95935078938788,51.9173206922743],[90.96523688422297,51.918042805989614],[90.96848042805993,51.91724582248264],[90.9690405951605,51.91640163845483],[90.96929273817273,51.914709472656114],[90.97016716851118,51.913888888888835],[90.96929273817273,51.91306830512144]]]}},{"type":"Feature","id":"hydrolakes:1331385","properties":{"Hylak_id":1331385,"Lake_name":"","Country":"Russia","Continent":"Europe","Poly_src":"SWBD","Lake_type":1,"Grand_id":0,"Lake_area":0.38,"Shore_len":3.58,"Shore_dev":1.64,"Vol_total":2.68,"Vol_res":0.0,"Vol_src":3,"Depth_avg":7.1,"Dis_avg":0.099,"Res_time":313.1,"Elevation":1910,"Slope_100":8.73,"Wshd_area":13.0,"Pour_long":90.96679,"Pour_lat":51.898651,"source_id":"hydrolakes:1331385","label":""},"geometry":{"type":"Polygon","coordinates":[[[90.96685112847211,51.90087890624994],[90.9669444444445,51.897361111111024],[90.96407335069449,51.89865668402774],[90.96314887152761,51.89884331597216],[90.9624066840276,51.89976779513887],[90.96148220486111,51.90023220486103],[90.9612955729167,51.901156684027626],[90.96018446180557,51.90171495225701],[90.96037109374998,51.902545572916665],[90.96259331597213,51.9036591254341],[90.9624066840276,51.90421223958339],[90.96203776041659,51.9043988715278],[90.96185112847229,51.9053233506944],[90.95981553819428,51.9071766493056],[90.95962890624986,51.90782335069446],[90.95851779513879,51.90838161892367],[90.95873582628042,51.90967664930548],[90.9607400173611,51.909490017361065],[90.96092881944446,51.90911675347223],[90.96203776041659,51.90856553819435],[90.96462890625003,51.908378906249936],[90.96537109375004,51.90745442708328],[90.96592664930535,51.90717339409724],[90.9657400173611,51.90578776041667],[90.96472547743048,51.90499999999997],[90.9651844618055,51.904767795138866],[90.96537109375004,51.90189887152775],[90.96629557291652,51.90171223958333],[90.96648220486094,51.90106553819436],[90.96685112847211,51.90087890624994]]]}},{"type":"Feature","id":"hydrolakes:1331403","properties":{"Hylak_id":1331403,"Lake_name":"","Country":"Russia","Continent":"Europe","Poly_src":"SWBD","Lake_type":1,"Grand_id":0,"Lake_area":0.23,"Shore_len":2.0,"Shore_dev":1.19,"Vol_total":1.52,"Vol_res":0.0,"Vol_src":3,"Depth_avg":6.7,"Dis_avg":0.003,"Res_time":5846.2,"Elevation":2082,"Slope_100":9.25,"Wshd_area":0.4,"Pour_long":90.878494,"Pour_lat":51.895504,"source_id":"hydrolakes:1331403","label":""},"geometry":{"type":"Polygon","coordinates":[[[90.87928012424032,51.895303276909715],[90.8791666666666,51.89513888888882],[90.87705790201824,51.89525227864584],[90.875946790907,51.89636338975703],[90.87571987575944,51.89835883246519],[90.87460876464826,51.898993055555536],[90.87490892198355,51.89962402343741],[90.87627543131504,51.899974500867984],[90.87665900336367,51.90053005642352],[90.87855292426218,51.900296495225746],[90.88010837131071,51.899897189670185],[90.88043070475243,51.899035915798606],[90.88428012424049,51.89788302951388],[90.88405320909288,51.89719672309019],[90.87983567979592,51.89585883246531],[90.87928012424032,51.895303276909715]]]}},{"type":"Feature","id":"hydrolakes:1331406","properties":{"Hylak_id":1331406,"Lake_name":"","Country":"Russia","Continent":"Europe","Poly_src":"SWBD","Lake_type":1,"Grand_id":0,"Lake_area":0.71,"Shore_len":4.29,"Shore_dev":1.43,"Vol_total":5.43,"Vol_res":0.0,"Vol_src":3,"Depth_avg":7.6,"Dis_avg":0.056,"Res_time":1122.4,"Elevation":1958,"Slope_100":8.29,"Wshd_area":7.4,"Pour_long":90.920592,"Pour_lat":51.895431,"source_id":"hydrolakes:1331406","label":""},"geometry":{"type":"Polygon","coordinates":[[[90.92263359917536,51.89500542534722],[90.92041137695304,51.8949945746528],[90.9201441786023,51.89694986979157],[90.91985582139773,51.897216796875],[90.91958862304682,51.90000542534716],[90.91763359917519,51.9019390190972],[90.91681084526891,51.90417209201382],[90.91625528971349,51.90468668619792],[90.91652248806412,51.907227647569414],[90.91848320855041,51.909444444444375],[90.91681084526891,51.911075575086784],[90.92015007866758,51.91162570529508],[90.92236640082461,51.909449869791615],[90.92347751193574,51.907227647569414],[90.92430026584185,51.902772352430645],[90.92458862304676,51.90250542534733],[90.92485582139744,51.90110568576381],[90.92541137695304,51.90059109157983],[90.92514417860235,51.89777235243059],[90.92458862304676,51.89666124131941],[90.92263359917536,51.89500542534722]]]}},{"type":"Feature","id":"hydrolakes:1331581","properties":{"Hylak_id":1331581,"Lake_name":"","Country":"Russia","Continent":"Europe","Poly_src":"SWBD","Lake_type":1,"Grand_id":0,"Lake_area":0.16,"Shore_len":1.77,"Shore_dev":1.25,"Vol_total":1.05,"Vol_res":0.0,"Vol_src":3,"Depth_avg":6.7,"Dis_avg":0.035,"Res_time":348.8,"Elevation":2031,"Slope_100":10.15,"Wshd_area":4.5,"Pour_long":90.260488,"Pour_lat":51.855249,"source_id":"hydrolakes:1331581","label":""},"geometry":{"type":"Polygon","coordinates":[[[90.26263610839823,51.853891601562395],[90.25984219021257,51.85392333984373],[90.25847500271249,51.855536566840215],[90.25887557983384,51.85638617621527],[90.26781204223613,51.85607937282987],[90.26930277506489,51.855101996527765],[90.26891174316404,51.85455240885415],[90.26263610839823,51.853891601562395]]]}},{"type":"Feature","id":"hydrolakes:1331605","properties":{"Hylak_id":1331605,"Lake_name":"","Country":"Russia","Continent":"Europe","Poly_src":"SWBD","Lake_type":1,"Grand_id":0,"Lake_area":0.1,"Shore_len":1.83,"Shore_dev":1.66,"Vol_total":0.68,"Vol_res":0.0,"Vol_src":3,"Depth_avg":7.1,"Dis_avg":0.056,"Res_time":140.6,"Elevation":1928,"Slope_100":13.43,"Wshd_area":7.8,"Pour_long":90.528193,"Pour_lat":51.850558,"source_id":"hydrolakes:1331605","label":""},"geometry":{"type":"Polygon","coordinates":[[[90.52759331597207,51.848101128472194],[90.52749999999992,51.847361111111184],[90.52574001736104,51.848101128472194],[90.52411577012782,51.84830593532979],[90.5246289062498,51.84856553819435],[90.52481553819433,51.84921223958327],[90.52574001736104,51.849676649305536],[90.52592664930557,51.850045572916656],[90.52685980902777,51.85023383246522],[90.52907335069438,51.85162109375],[90.52925998263896,51.85226779513886],[90.53018446180556,51.85273220486101],[90.53046549479149,51.853287760416606],[90.53142032199418,51.853073187933944],[90.53092664930568,51.852823350694564],[90.53074001736127,51.85189887152785],[90.52981553819438,51.8508789062501],[90.52962890624997,51.85023220486107],[90.52870442708314,51.850045572916656],[90.52851779513873,51.84856553819435],[90.52759331597207,51.848101128472194]]]}},{"type":"Feature","id":"hydrolakes:1331608","properties":{"Hylak_id":1331608,"Lake_name":"","Country":"Russia","Continent":"Europe","Poly_src":"SWBD","Lake_type":1,"Grand_id":0,"Lake_area":0.13,"Shore_len":1.55,"Shore_dev":1.23,"Vol_total":1.0,"Vol_res":0.0,"Vol_src":3,"Depth_avg":8.0,"Dis_avg":0.013,"Res_time":886.7,"Elevation":2130,"Slope_100":15.76,"Wshd_area":1.7,"Pour_long":90.277196,"Pour_lat":51.850129,"source_id":"hydrolakes:1331608","label":""},"geometry":{"type":"Polygon","coordinates":[[[90.28069722493478,51.84694715711811],[90.28083333333308,51.8459722222222],[90.27892778184673,51.84614176432302],[90.27596944173172,51.84777506510426],[90.27569722493479,51.848336046006864],[90.27430277506488,51.84916395399301],[90.27347500271247,51.849981011284626],[90.27714864095032,51.850275065104086],[90.2787933010523,51.84969428168398],[90.2801416693793,51.848336046006864],[90.28041388617612,51.84721950954855],[90.28069722493478,51.84694715711811]]]}},{"type":"Feature","id":"hydrolakes:1331632","properties":{"Hylak_id":1331632,"Lake_name":"","Country":"Russia","Continent":"Europe","Poly_src":"SWBD","Lake_type":1,"Grand_id":0,"Lake_area":0.18,"Shore_len":1.88,"Shore_dev":1.27,"Vol_total":1.4,"Vol_res":0.0,"Vol_src":3,"Depth_avg":8.0,"Dis_avg":0.008,"Res_time":2032.5,"Elevation":2108,"Slope_100":14.21,"Wshd_area":1.1,"Pour_long":90.655202,"Pour_lat":51.843554,"source_id":"hydrolakes:1331632","label":""},"geometry":{"type":"Polygon","coordinates":[[[90.65550469292515,51.83991210937495],[90.6552777777776,51.83958333333345],[90.6542801242403,51.83969672309024],[90.65316901312923,51.840807834201314],[90.65294209798185,51.84252549913202],[90.6526134575738,51.842752278645776],[90.65238654242614,51.84363661024304],[90.65183098687066,51.844469943576485],[90.65127543131513,51.84485351562495],[90.65221455891924,51.846085611979106],[90.65477396647117,51.84584309895837],[90.65571987575947,51.84530327690965],[90.65627543131507,51.844469943576485],[90.65650234646273,51.84136338975685],[90.65758300781232,51.840445421006905],[90.65550469292515,51.83991210937495]]]}},{"type":"Feature","id":"hydrolakes:1331654","properties":{"Hylak_id":1331654,"Lake_name":"","Country":"Russia","Continent":"Europe","Poly_src":"SWBD","Lake_type":1,"Grand_id":0,"Lake_area":0.12,"Shore_len":1.79,"Shore_dev":1.49,"Vol_total":0.86,"Vol_res":0.0,"Vol_src":3,"Depth_avg":7.5,"Dis_avg":0.03,"Res_time":333.2,"Elevation":2020,"Slope_100":14.31,"Wshd_area":4.2,"Pour_long":90.523958,"Pour_lat":51.838616,"source_id":"hydrolakes:1331654","label":""},"geometry":{"type":"Polygon","coordinates":[[[90.52594679090703,51.83585883246519],[90.5258333333332,51.83541666666656],[90.52372456868471,51.83553005642352],[90.52316901312912,51.83608561197917],[90.52294209798174,51.83891438802084],[90.52150234646263,51.840252278645835],[90.5212754313149,51.841136610242984],[90.52071987575943,51.841520182291674],[90.52117770724828,51.84186713324658],[90.52294209798174,51.84141438802084],[90.52349765353716,51.84085883246519],[90.52372456868471,51.83997450086798],[90.52650234646262,51.83709092881941],[90.52627543131507,51.83608561197917],[90.52594679090703,51.83585883246519]]]}},{"type":"Feature","id":"hydrolakes:1331701","properties":{"Hylak_id":1331701,"Lake_name":"","Country":"Russia","Continent":"Europe","Poly_src":"SWBD","Lake_type":1,"Grand_id":0,"Lake_area":0.22,"Shore_len":1.86,"Shore_dev":1.12,"Vol_total":1.8,"Vol_res":0.0,"Vol_src":3,"Depth_avg":8.1,"Dis_avg":0.022,"Res_time":946.4,"Elevation":2045,"Slope_100":13.78,"Wshd_area":3.1,"Pour_long":90.562987,"Pour_lat":51.829322,"source_id":"hydrolakes:1331701","label":""},"geometry":{"type":"Polygon","coordinates":[[[90.56092664930554,51.82643446180555],[90.56083333333316,51.82624999999996],[90.55925408257366,51.826343587239535],[90.55814887152764,51.8268988715277],[90.5568511284722,51.828378906249895],[90.55629557291661,51.82865993923616],[90.55648220486103,51.829490017361024],[90.5568511284722,51.829676649305554],[90.55703776041662,51.83115668402775],[90.55740668402791,51.83134331597216],[90.55763098822689,51.832454427083235],[90.55963470458966,51.83226725260414],[90.56185112847203,51.83115668402775],[90.56240668402762,51.83060112847221],[90.56259331597204,51.829676649305554],[90.56314887152763,51.8293956163194],[90.56296223958321,51.828565538194425],[90.56259331597204,51.828378906249895],[90.56240668402762,51.82745442708324],[90.56092664930554,51.82643446180555]]]}},{"type":"Feature","id":"hydrolakes:1331705","properties":{"Hylak_id":1331705,"Lake_name":"","Country":"Russia","Continent":"Europe","Poly_src":"SWBD","Lake_type":1,"Grand_id":0,"Lake_area":0.13,"Shore_len":1.59,"Shore_dev":1.26,"Vol_total":1.1,"Vol_res":0.0,"Vol_src":3,"Depth_avg":8.7,"Dis_avg":0.022,"Res_time":577.2,"Elevation":1915,"Slope_100":18.91,"Wshd_area":3.1,"Pour_long":90.646389,"Pour_lat":51.82837,"source_id":"hydrolakes:1331705","label":""},"geometry":{"type":"Polygon","coordinates":[[[90.64792948404966,51.8283460828992],[90.64805555555535,51.82736111111109],[90.64608540852862,51.82761311848958],[90.64570726182711,51.828068305121576],[90.64141805013014,51.82880588107645],[90.6404038492837,51.829431694878394],[90.64015170627181,51.83001274956604],[90.6395961507161,51.83047444661457],[90.64045477973076,51.830794813368016],[90.64328789605031,51.83108344184018],[90.64373718261703,51.83054280598958],[90.6460707600911,51.83024414062493],[90.64737392849395,51.82917941623259],[90.64792948404966,51.8283460828992]]]}},{"type":"Feature","id":"hydrolakes:1331716","properties":{"Hylak_id":1331716,"Lake_name":"","Country":"Russia","Continent":"Europe","Poly_src":"SWBD","Lake_type":1,"Grand_id":0,"Lake_area":0.24,"Shore_len":2.43,"Shore_dev":1.39,"Vol_total":1.72,"Vol_res":0.0,"Vol_src":3,"Depth_avg":7.1,"Dis_avg":0.098,"Res_time":203.2,"Elevation":1968,"Slope_100":10.12,"Wshd_area":13.7,"Pour_long":90.392708,"Pour_lat":51.825853,"source_id":"hydrolakes:1331716","label":""},"geometry":{"type":"Polygon","coordinates":[[[90.39651997884101,51.82584120008693],[90.3954959445528,51.82476128472217],[90.39223531087231,51.82363389756949],[90.38805555555535,51.82319444444448],[90.3851466878254,51.82337673611107],[90.38543185763893,51.82515082465278],[90.38798770480696,51.82627577039921],[90.39108028835716,51.82693657769107],[90.39292446560313,51.82667453342009],[90.39330695258224,51.82584120008693],[90.39459113226997,51.826103244357625],[90.39490224202473,51.827769911024234],[90.39763108995226,51.82747992621529],[90.39736891004753,51.826658799913105],[90.39651997884101,51.82584120008693]]]}},{"type":"Feature","id":"hydrolakes:1331729","properties":{"Hylak_id":1331729,"Lake_name":"","Country":"Russia","Continent":"Europe","Poly_src":"SWBD","Lake_type":1,"Grand_id":0,"Lake_area":0.16,"Shore_len":2.05,"Shore_dev":1.44,"Vol_total":0.94,"Vol_res":0.0,"Vol_src":3,"Depth_avg":5.8,"Dis_avg":0.02,"Res_time":541.3,"Elevation":1996,"Slope_100":7.67,"Wshd_area":2.7,"Pour_long":90.235787,"Pour_lat":51.822817,"source_id":"hydrolakes:1331729","label":""},"geometry":{"type":"Polygon","coordinates":[[[90.23736640082444,51.82306098090271],[90.23775200737833,51.82264458550338],[90.2390330674911,51.82305013020823],[90.23938225640171,51.824153103298556],[90.24068927341034,51.82420491536459],[90.24096693250846,51.82332790798603],[90.24143870035783,51.822890896267324],[90.23970019870313,51.8215277777777],[90.24037614610461,51.82090142144108],[90.23916666666645,51.820416666666574],[90.2354946729871,51.82065158420136],[90.2345886230467,51.822227647569434],[90.23347751193592,51.822945149739496],[90.2337965901691,51.82407850477426],[90.23561813354473,51.824716796875066],[90.23763356526678,51.82440890842014],[90.23681084526902,51.82364664713549],[90.23736640082444,51.82306098090271]]]}},{"type":"Feature","id":"hydrolakes:1331740","properties":{"Hylak_id":1331740,"Lake_name":"","Country":"Russia","Continent":"Europe","Poly_src":"SWBD","Lake_type":1,"Grand_id":0,"Lake_area":0.17,"Shore_len":1.89,"Shore_dev":1.29,"Vol_total":1.25,"Vol_res":0.0,"Vol_src":3,"Depth_avg":7.3,"Dis_avg":0.014,"Res_time":1030.5,"Elevation":2166,"Slope_100":11.88,"Wshd_area":1.9,"Pour_long":90.30625,"Pour_lat":51.8212,"source_id":"hydrolakes:1331740","label":""},"geometry":{"type":"Polygon","coordinates":[[[90.3076335991754,51.81917209201379],[90.30749999999972,51.81819444444437],[90.30380594889306,51.81834879557289],[90.30347751193557,51.81972764756938],[90.3023664008245,51.82107557508692],[90.30292768690305,51.821944444444455],[90.3023664008245,51.82246446397568],[90.30331526014538,51.82388346354162],[90.3051441786024,51.8236165364583],[90.30542846679674,51.82183186848954],[90.30930026584184,51.820578070746535],[90.30903306749121,51.8194390190971],[90.3076335991754,51.81917209201379]]]}},{"type":"Feature","id":"hydrolakes:1331772","properties":{"Hylak_id":1331772,"Lake_name":"","Country":"Russia","Continent":"Europe","Poly_src":"SWBD","Lake_type":1,"Grand_id":0,"Lake_area":0.12,"Shore_len":2.32,"Shore_dev":1.86,"Vol_total":0.9,"Vol_res":0.0,"Vol_src":3,"Depth_avg":7.2,"Dis_avg":0.02,"Res_time":518.0,"Elevation":2184,"Slope_100":12.88,"Wshd_area":2.8,"Pour_long":90.362945,"Pour_lat":51.815499,"source_id":"hydrolakes:1331772","label":""},"geometry":{"type":"Polygon","coordinates":[[[90.354835679796,51.81113661024301],[90.35472222222205,51.81097222222235],[90.35127543131489,51.81109374999994],[90.354835679796,51.81280327690973],[90.35602515326588,51.813108452690926],[90.35905320909274,51.81469672309021],[90.35928012424023,51.815581054687414],[90.36298173692472,51.81636338975687],[90.36428012424022,51.816088595920064],[90.36342281765388,51.81486626519097],[90.36127543131505,51.813863389757046],[90.35816901312933,51.81363661024295],[90.35794209798178,51.8130300564236],[90.35661580403644,51.812689887152715],[90.354835679796,51.81113661024301]]]}},{"type":"Feature","id":"hydrolakes:1331810","properties":{"Hylak_id":1331810,"Lake_name":"","Country":"Russia","Continent":"Europe","Poly_src":"SWBD","Lake_type":1,"Grand_id":0,"Lake_area":0.13,"Shore_len":1.64,"Shore_dev":1.27,"Vol_total":0.51,"Vol_res":0.0,"Vol_src":3,"Depth_avg":3.9,"Dis_avg":0.07,"Res_time":84.9,"Elevation":2011,"Slope_100":3.5,"Wshd_area":9.2,"Pour_long":90.185836,"Pour_lat":51.806905,"source_id":"hydrolakes:1331810","label":""},"geometry":{"type":"Polygon","coordinates":[[[90.19284930759,51.80800401475693],[90.19373211330833,51.80643446180545],[90.19138888888887,51.80569444444444],[90.18821183946397,51.80617458767358],[90.18793455335805,51.805815429687584],[90.1865081448023,51.80557345920124],[90.18417122734894,51.806594780816056],[90.1855446539983,51.80798475477428],[90.1878154330783,51.80764919704859],[90.19133655124233,51.8082275390625],[90.19284930759,51.80800401475693]]]}},{"type":"Feature","id":"hydrolakes:1331884","properties":{"Hylak_id":1331884,"Lake_name":"","Country":"Russia","Continent":"Europe","Poly_src":"SWBD","Lake_type":1,"Grand_id":0,"Lake_area":0.3,"Shore_len":3.22,"Shore_dev":1.65,"Vol_total":1.72,"Vol_res":0.0,"Vol_src":3,"Depth_avg":5.7,"Dis_avg":0.107,"Res_time":186.4,"Elevation":2075,"Slope_100":5.89,"Wshd_area":14.9,"Pour_long":90.323958,"Pour_lat":51.786567,"source_id":"hydrolakes:1331884","label":""},"geometry":{"type":"Polygon","coordinates":[[[90.329302775065,51.78611382378472],[90.32903055826819,51.78581434461802],[90.32959042019291,51.785276421440926],[90.328611111111,51.78486111111107],[90.32455922444655,51.78500813802083],[90.3238503350151,51.78574598524301],[90.32234208848723,51.78610839843742],[90.32174841986762,51.785490451388796],[90.32069722493469,51.78557454427079],[90.3212527804904,51.78610839843742],[90.32152499728727,51.78751898871525],[90.32069722493469,51.78833604600686],[90.31958611382362,51.789169379340194],[90.31675825330927,51.78947672526033],[90.31625278049029,51.79000271267353],[90.31461324055988,51.79032280815966],[90.31577100965688,51.79145697699653],[90.32002610948331,51.791941731770805],[90.32230509440086,51.79101725260409],[90.32263610839817,51.789997287326344],[90.32403055826802,51.78833604600686],[90.324425455729,51.78752224392355],[90.32958611382378,51.78722493489573],[90.3298583306206,51.78664767795135],[90.329302775065,51.78611382378472]]]}},{"type":"Feature","id":"hydrolakes:1331910","properties":{"Hylak_id":1331910,"Lake_name":"","Country":"Russia","Continent":"Europe","Poly_src":"SWBD","Lake_type":1,"Grand_id":0,"Lake_area":0.12,"Shore_len":1.65,"Shore_dev":1.36,"Vol_total":0.93,"Vol_res":0.0,"Vol_src":3,"Depth_avg":7.8,"Dis_avg":0.032,"Res_time":335.0,"Elevation":2228,"Slope_100":15.56,"Wshd_area":4.5,"Pour_long":90.396615,"Pour_lat":51.777317,"source_id":"hydrolakes:1331910","label":""},"geometry":{"type":"Polygon","coordinates":[[[90.39734459771029,51.77798800998261],[90.39749999999992,51.77652777777786],[90.39316711425766,51.77670871310755],[90.38736640082453,51.77773980034715],[90.3884367201062,51.77888346354166],[90.39292195638018,51.77861653645823],[90.39734459771029,51.77798800998261]]]}},{"type":"Feature","id":"hydrolakes:1331913","properties":{"Hylak_id":1331913,"Lake_name":"","Country":"Russia","Continent":"Europe","Poly_src":"SWBD","Lake_type":1,"Grand_id":0,"Lake_area":0.29,"Shore_len":2.28,"Shore_dev":1.2,"Vol_total":1.37,"Vol_res":0.0,"Vol_src":3,"Depth_avg":4.8,"Dis_avg":0.078,"Res_time":203.7,"Elevation":2084,"Slope_100":4.25,"Wshd_area":10.9,"Pour_long":90.292981,"Pour_lat":51.776126,"source_id":"hydrolakes:1331913","label":""},"geometry":{"type":"Polygon","coordinates":[[[90.28999321831589,51.774620225694434],[90.289722222222,51.77430555555554],[90.28683005438887,51.77444580078122],[90.28596189710805,51.77498969184023],[90.28570476955821,51.7755658637152],[90.28283740573437,51.775858289930454],[90.28181588066928,51.77687798394095],[90.28207300821924,51.77834364149305],[90.28348254733612,51.77860080295136],[90.28391415066187,51.7791018337673],[90.28578552246086,51.77925211588547],[90.28848254733612,51.778899197048645],[90.29014923095701,51.77834364149305],[90.2904562717012,51.77732367621525],[90.29151743570941,51.776934136284694],[90.29348256429034,51.77667697482633],[90.29429480658615,51.77590033637148],[90.28999321831589,51.774620225694434]]]}},{"type":"Feature","id":"hydrolakes:1331924","properties":{"Hylak_id":1331924,"Lake_name":"","Country":"Russia","Continent":"Europe","Poly_src":"SWBD","Lake_type":1,"Grand_id":0,"Lake_area":0.16,"Shore_len":1.99,"Shore_dev":1.41,"Vol_total":0.95,"Vol_res":0.0,"Vol_src":3,"Depth_avg":6.0,"Dis_avg":0.116,"Res_time":94.8,"Elevation":2026,"Slope_100":8.04,"Wshd_area":16.2,"Pour_long":90.317319,"Pour_lat":51.774281,"source_id":"hydrolakes:1331924","label":""},"geometry":{"type":"Polygon","coordinates":[[[90.31871951633008,51.77364149305549],[90.31861111111107,51.7734722222221],[90.31693084716784,51.77358913845495],[90.31538618299675,51.77469184027774],[90.31516937255861,51.775585937499955],[90.31483062744127,51.775802951388926],[90.31461381700291,51.77697482638882],[90.31427507188567,51.777191840277794],[90.31405826144731,51.77864149305549],[90.31350270589172,51.77899712456605],[90.31374064127601,51.78043592664932],[90.31504669189451,51.780802951388864],[90.31625413682713,51.78041693793398],[90.31649729410799,51.779414062499995],[90.31683603922534,51.779197048611024],[90.31705284966358,51.77774739583339],[90.31739159478064,51.777530381944416],[90.317608405219,51.77635850694435],[90.31794715033624,51.77614149305566],[90.3181639607746,51.775247395833446],[90.31927507188561,51.774336208767295],[90.31871951633008,51.77364149305549]]]}},{"type":"Feature","id":"hydrolakes:1331972","properties":{"Hylak_id":1331972,"Lake_name":"","Country":"Russia","Continent":"Europe","Poly_src":"SWBD","Lake_type":1,"Grand_id":0,"Lake_area":0.24,"Shore_len":2.28,"Shore_dev":1.32,"Vol_total":1.13,"Vol_res":0.0,"Vol_src":3,"Depth_avg":4.7,"Dis_avg":0.05,"Res_time":262.6,"Elevation":2138,"Slope_100":4.39,"Wshd_area":6.8,"Pour_long":90.224087,"Pour_lat":51.761612,"source_id":"hydrolakes:1331972","label":""},"geometry":{"type":"Polygon","coordinates":[[[90.22596189710828,51.76112141927075],[90.22583333333336,51.76041666666657],[90.22395445081918,51.76057373046865],[90.22292699178058,51.76160020616322],[90.22318411933031,51.765010308159674],[90.22485078599703,51.76597113715275],[90.22459365844708,51.76778808593747],[90.22403810289148,51.76826687282977],[90.22515470716672,51.768600802951426],[90.22873967488584,51.76776719835078],[90.228482547336,51.76498969184024],[90.22818411933036,51.764732530381934],[90.22792699178041,51.763600802951316],[90.22651745266376,51.76223253038205],[90.22626032511391,51.76137858072917],[90.22596189710828,51.76112141927075]]]}},{"type":"Feature","id":"hydrolakes:1331998","properties":{"Hylak_id":1331998,"Lake_name":"","Country":"Russia","Continent":"Europe","Poly_src":"SWBD","Lake_type":1,"Grand_id":0,"Lake_area":0.38,"Shore_len":2.41,"Shore_dev":1.1,"Vol_total":1.87,"Vol_res":0.0,"Vol_src":3,"Depth_avg":4.9,"Dis_avg":1.883,"Res_time":11.5,"Elevation":773,"Slope_100":4.01,"Wshd_area":408.7,"Pour_long":94.176797,"Pour_lat":51.756408,"source_id":"hydrolakes:1331998","label":""},"geometry":{"type":"Polygon","coordinates":[[[94.17442382812521,51.75349283854166],[94.17416666666685,51.75319444444443],[94.17262858072928,51.753323025173586],[94.16968967013901,51.754372016058994],[94.16929524739618,51.754711914062455],[94.16903808593764,51.75584364149296],[94.16856635199662,51.756249999999966],[94.16929524739618,51.75687798394097],[94.16903808593764,51.75751030815968],[94.16792697482663,51.758206380208264],[94.16827338324669,51.75913953993046],[94.17193956163209,51.75943413628471],[94.17662299262179,51.75886040581594],[94.17848253038221,51.75778808593742],[94.17929524739594,51.75701090494789],[94.1790380859378,51.75554524739579],[94.17746744791674,51.755072428385404],[94.17663004557335,51.75421820746527],[94.17442382812521,51.75349283854166]]]}},{"type":"Feature","id":"hydrolakes:1332097","properties":{"Hylak_id":1332097,"Lake_name":"","Country":"Russia","Continent":"Europe","Poly_src":"SWBD","Lake_type":1,"Grand_id":0,"Lake_area":0.4,"Shore_len":2.82,"Shore_dev":1.25,"Vol_total":1.82,"Vol_res":0.0,"Vol_src":3,"Depth_avg":4.5,"Dis_avg":0.203,"Res_time":103.9,"Elevation":2067,"Slope_100":3.41,"Wshd_area":30.0,"Pour_long":90.37407,"Pour_lat":51.739583,"source_id":"hydrolakes:1332097","label":""},"geometry":{"type":"Polygon","coordinates":[[[90.37649729410782,51.734474826388805],[90.3763888888887,51.73430555555552],[90.37350270589184,51.73442274305546],[90.3737195163302,51.73614149305564],[90.37427507188579,51.73649712456597],[90.37405826144754,51.737530381944396],[90.3726084052189,51.739414062499975],[90.37183603922512,51.740863715277726],[90.37128048366952,51.741219346788114],[90.37183603922512,51.74191406249997],[90.37205284966348,51.74280815972219],[90.37330278184658,51.744414062499914],[90.37452100965697,51.7440643988715],[90.37483062744121,51.74358072916658],[90.37739159478076,51.74197482638891],[90.37961381700285,51.7397526041666],[90.37983062744121,51.738858506944496],[90.38038618299674,51.73850287543394],[90.37961381700285,51.736914062500034],[90.37739159478076,51.73469184027772],[90.37649729410782,51.734474826388805]]]}},{"type":"Feature","id":"hydrolakes:1332174","properties":{"Hylak_id":1332174,"Lake_name":"","Country":"Russia","Continent":"Europe","Poly_src":"SWBD","Lake_type":1,"Grand_id":0,"Lake_area":0.1,"Shore_len":1.48,"Shore_dev":1.31,"Vol_total":0.59,"Vol_res":0.0,"Vol_src":3,"Depth_avg":5.9,"Dis_avg":0.029,"Res_time":236.2,"Elevation":2250,"Slope_100":8.91,"Wshd_area":4.0,"Pour_long":90.192708,"Pour_lat":51.723343,"source_id":"hydrolakes:1332174","label":""},"geometry":{"type":"Polygon","coordinates":[[[90.19626032511383,51.72195475260418],[90.1963888888888,51.72125000000011],[90.19429523044147,51.72137858072915],[90.19386038886171,51.72188340928818],[90.19237143622502,51.7225103081596],[90.1884825473361,51.722835286458235],[90.1887577480739,51.72397406684024],[90.1914163377549,51.72455376519093],[90.19385776095902,51.72410861545137],[90.19514921400253,51.72306586371519],[90.19540634155271,51.72248969184028],[90.19626032511383,51.72195475260418]]]}},{"type":"Feature","id":"hydrolakes:1332215","properties":{"Hylak_id":1332215,"Lake_name":"","Country":"Russia","Continent":"Europe","Poly_src":"SWBD","Lake_type":1,"Grand_id":0,"Lake_area":0.18,"Shore_len":1.87,"Shore_dev":1.24,"Vol_total":1.05,"Vol_res":0.0,"Vol_src":3,"Depth_avg":5.7,"Dis_avg":0.047,"Res_time":257.5,"Elevation":2237,"Slope_100":7.11,"Wshd_area":6.5,"Pour_long":90.204722,"Pour_lat":51.714059,"source_id":"hydrolakes:1332215","label":""},"geometry":{"type":"Polygon","coordinates":[[[90.20625278049027,51.71305826822919],[90.20638888888874,51.71263888888882],[90.20178285386811,51.71278428819443],[90.20125278049028,51.71333604600693],[90.19960923936611,51.713869357639],[90.19680833604593,51.71636990017362],[90.19936445448127,51.717497287326296],[90.2006647576224,51.71640272352431],[90.2015249972871,51.71610839843743],[90.20435287475567,51.71580105251729],[90.2051416693792,51.71500271267365],[90.20625278049027,51.71305826822919]]]}},{"type":"Feature","id":"hydrolakes:1332386","properties":{"Hylak_id":1332386,"Lake_name":"","Country":"Russia","Continent":"Europe","Poly_src":"SWBD","Lake_type":1,"Grand_id":0,"Lake_area":0.66,"Shore_len":3.28,"Shore_dev":1.14,"Vol_total":2.48,"Vol_res":0.0,"Vol_src":3,"Depth_avg":3.8,"Dis_avg":0.146,"Res_time":196.2,"Elevation":1991,"Slope_100":1.96,"Wshd_area":21.2,"Pour_long":90.15768,"Pour_lat":51.677903,"source_id":"hydrolakes:1332386","label":""},"geometry":{"type":"Polygon","coordinates":[[[90.16094679090696,51.676692165798556],[90.1608333333333,51.67652777777772],[90.15761345757363,51.6766411675348],[90.15705790201804,51.677196723090276],[90.15683098687066,51.677803276909685],[90.15571987575947,51.67808837890618],[90.15627543131507,51.678863389756884],[90.15705790201804,51.681414388020755],[90.15738654242597,51.68164116753462],[90.15761345757363,51.68308105468748],[90.15794209798156,51.683307834201344],[90.15816901312911,51.68446994357629],[90.15883802625848,51.68518988715266],[90.16065209282755,51.6856553819444],[90.16158876207135,51.68653944227435],[90.16315370347746,51.68719672309027],[90.16627543131489,51.68696994357629],[90.1668309868707,51.68641438802075],[90.1670579020182,51.68469672309027],[90.16738654242613,51.68446994357629],[90.16761345757368,51.68358561197908],[90.16816901312939,51.68320203993051],[90.16794209798172,51.68136338975688],[90.16738654242613,51.680807834201346],[90.16094679090696,51.676692165798556]]]}},{"type":"Feature","id":"hydrolakes:1333768","properties":{"Hylak_id":1333768,"Lake_name":"","Country":"Russia","Continent":"Europe","Poly_src":"SWBD","Lake_type":1,"Grand_id":0,"Lake_area":0.79,"Shore_len":4.54,"Shore_dev":1.44,"Vol_total":2.89,"Vol_res":0.0,"Vol_src":3,"Depth_avg":3.6,"Dis_avg":0.098,"Res_time":340.8,"Elevation":700,"Slope_100":1.75,"Wshd_area":26.7,"Pour_long":94.44379,"Pour_lat":51.360465,"source_id":"hydrolakes:1333768","label":""},"geometry":{"type":"Polygon","coordinates":[[[94.43362114800362,51.36574164496517],[94.43580403645865,51.36482204861102],[94.4375404188371,51.36545952690966],[94.44006673177097,51.364338107638844],[94.44210801866359,51.36450249565979],[94.44514350043431,51.36410481770827],[94.4459619140626,51.363045247395746],[94.44818413628502,51.36181206597212],[94.44792697482654,51.358045247395694],[94.44750000000033,51.3576388888888],[94.44485080295169,51.357767469617954],[94.44046332465314,51.359306640624936],[94.44014919704881,51.36001030815959],[94.43818413628486,51.36026746961812],[94.43688313802113,51.36074490017353],[94.43228786892377,51.36112901475684],[94.4309619140626,51.362211914062584],[94.43014919704888,51.363343641492975],[94.42903808593763,51.36403971354156],[94.43016710069463,51.36556043836799],[94.42857855902793,51.366038953992984],[94.42792697482656,51.3665999348957],[94.42823540581628,51.367358398437375],[94.42959364149317,51.367767469618],[94.42995876736126,51.368585611979086],[94.43112955729185,51.36867947048603],[94.43485080295153,51.3672656249999],[94.43459364149328,51.366656358506816],[94.43362114800362,51.36574164496517]]]}},{"type":"Feature","id":"hydrolakes:1333811","properties":{"Hylak_id":1333811,"Lake_name":"","Country":"Russia","Continent":"Europe","Poly_src":"SWBD","Lake_type":1,"Grand_id":0,"Lake_area":0.86,"Shore_len":4.59,"Shore_dev":1.4,"Vol_total":2.3,"Vol_res":0.0,"Vol_src":3,"Depth_avg":2.7,"Dis_avg":0.439,"Res_time":60.7,"Elevation":698,"Slope_100":0.9,"Wshd_area":123.0,"Pour_long":94.385519,"Pour_lat":51.352674,"source_id":"hydrolakes:1333811","label":""},"geometry":{"type":"Polygon","coordinates":[[[94.38515679253499,51.35918457031238],[94.38543077256975,51.3588292100693],[94.38732231987859,51.3591091579861],[94.38957356770851,51.358481987847085],[94.38984320746556,51.35720431857641],[94.39182345920159,51.35585123697905],[94.39262098524324,51.3544265407985],[94.39373209635448,51.35344238281243],[94.39349012586831,51.35248209635404],[94.39287760416681,51.351509874131864],[94.38972222222253,51.35041666666655],[94.38762098524325,51.35053765190969],[94.38626790364606,51.351129014756964],[94.38095431857658,51.3519265407985],[94.37867540147602,51.352652452256905],[94.37706542968766,51.35387098524296],[94.37626790364601,51.35501790364589],[94.37515679253488,51.3556825086805],[94.37595431857687,51.35655761718738],[94.37571234809042,51.35779568142351],[94.37516981336825,51.35821451822909],[94.37626790364601,51.358870985243016],[94.37668050130253,51.35940538194433],[94.37842529296898,51.35966308593737],[94.3790456814238,51.35918457031238],[94.37928765190998,51.35859320746516],[94.38015679253482,51.35807345920125],[94.38039876302099,51.35720431857641],[94.38168050130224,51.35559461805548],[94.38249294704883,51.35547471788192],[94.3831765407989,51.35600206163184],[94.38293457031256,51.35668457031238],[94.38182345920166,51.35766872829856],[94.38270616319454,51.359392903645755],[94.38453640408005,51.35966308593737],[94.38515679253499,51.35918457031238]]]}},{"type":"Feature","id":"hydrolakes:1334917","properties":{"Hylak_id":1334917,"Lake_name":"","Country":"Russia","Continent":"Europe","Poly_src":"SWBD","Lake_type":1,"Grand_id":0,"Lake_area":0.53,"Shore_len":3.49,"Shore_dev":1.36,"Vol_total":2.4,"Vol_res":0.0,"Vol_src":3,"Depth_avg":4.6,"Dis_avg":0.015,"Res_time":1848.5,"Elevation":1358,"Slope_100":3.15,"Wshd_area":4.6,"Pour_long":93.146875,"Pour_lat":51.053066,"source_id":"hydrolakes:1334917","label":""},"geometry":{"type":"Polygon","coordinates":[[[93.15459364149314,51.0522325303819],[93.15626030815986,51.051121419270714],[93.15638888888901,51.05013888888874],[93.15221544053838,51.05121310763883],[93.1512586805556,51.05215711805545],[93.14755398220507,51.05185926649307],[93.14488281250004,51.05227376302071],[93.14336995442716,51.0528293185763],[93.14274658203146,51.05355305989576],[93.13949896918416,51.05419759114568],[93.13873969184033,51.054989691840206],[93.13848253038196,51.05590006510408],[93.13905002170156,51.05638888888882],[93.13873969184033,51.05665635850693],[93.13848253038196,51.05799641927081],[93.14230387369787,51.058323025173536],[93.14522976345489,51.057685004340215],[93.14946506076393,51.05627061631941],[93.15459364149314,51.0522325303819]]]}},{"type":"Feature","id":"hydrolakes:1335156","properties":{"Hylak_id":1335156,"Lake_name":"","Country":"Russia","Continent":"Europe","Poly_src":"SWBD","Lake_type":1,"Grand_id":0,"Lake_area":0.18,"Shore_len":1.66,"Shore_dev":1.1,"Vol_total":1.12,"Vol_res":0.0,"Vol_src":3,"Depth_avg":6.1,"Dis_avg":0.05,"Res_time":259.0,"Elevation":2281,"Slope_100":8.18,"Wshd_area":14.9,"Pour_long":92.435159,"Pour_lat":50.980045,"source_id":"hydrolakes:1335156","label":""},"geometry":{"type":"Polygon","coordinates":[[[92.43485568576392,50.978060980902626],[92.42995605468764,50.97811577690959],[92.4295887586805,50.97889431423596],[92.42858913845481,50.97986111111095],[92.42952826605915,50.98080674913183],[92.43117377387154,50.981383463541704],[92.43561279296887,50.98103624131949],[92.43763346354166,50.979848090277756],[92.43735161675363,50.97853732638879],[92.43485568576392,50.978060980902626]]]}},{"type":"Feature","id":"hydrolakes:1335174","properties":{"Hylak_id":1335174,"Lake_name":"","Country":"Russia","Continent":"Europe","Poly_src":"SWBD","Lake_type":1,"Grand_id":0,"Lake_area":0.2,"Shore_len":1.92,"Shore_dev":1.22,"Vol_total":1.56,"Vol_res":0.0,"Vol_src":3,"Depth_avg":7.8,"Dis_avg":0.005,"Res_time":3612.8,"Elevation":2409,"Slope_100":13.19,"Wshd_area":1.5,"Pour_long":92.46031,"Pour_lat":50.975355,"source_id":"hydrolakes:1335174","label":""},"geometry":{"type":"Polygon","coordinates":[[[92.46570475260432,50.973065863715135],[92.46583333333348,50.972361111110956],[92.46262858072913,50.97248969184011],[92.45558675130223,50.9736691623263],[92.45459364149326,50.97465549045131],[92.45495252821178,50.97515082465276],[92.45928602430553,50.97582302517344],[92.463310546875,50.97548773871512],[92.46514919704873,50.97389919704847],[92.46570475260432,50.973065863715135]]]}},{"type":"Feature","id":"hydrolakes:1336091","properties":{"Hylak_id":1336091,"Lake_name":"","Country":"Russia","Continent":"Europe","Poly_src":"SWBD","Lake_type":1,"Grand_id":0,"Lake_area":0.59,"Shore_len":4.74,"Shore_dev":1.75,"Vol_total":1.31,"Vol_res":0.0,"Vol_src":3,"Depth_avg":2.2,"Dis_avg":0.017,"Res_time":889.6,"Elevation":772,"Slope_100":0.69,"Wshd_area":9.0,"Pour_long":93.256779,"Pour_lat":50.694026,"source_id":"hydrolakes:1336091","label":""},"geometry":{"type":"Polygon","coordinates":[[[93.2595887586807,50.70110568576371],[93.25736653645868,50.69832790798603],[93.2559602864585,50.696943359374814],[93.25689561631964,50.696339518229024],[93.25847764756946,50.695838758680395],[93.2599894205731,50.694294704860965],[93.26125542534731,50.69389431423593],[93.2618196614585,50.693330620659594],[93.25776719835079,50.69209418402761],[93.25750000000039,50.69180555555545],[93.25618109809028,50.69198567708315],[93.25541124131945,50.69277235243038],[93.25513292100703,50.69538845486096],[93.25266682942714,50.69620605468731],[93.25236653645857,50.69781304253456],[93.25318901909736,50.69861653645819],[93.25515407986114,50.69888509114577],[93.25458875868065,50.70000542534706],[93.25368815104167,50.70088053385399],[93.24965494791678,50.70072048611098],[93.25236653645857,50.7024945746528],[93.25347764756975,50.703605685763705],[93.25374457465307,50.704449869791574],[93.25430013020838,50.70500542534711],[93.25707790798629,50.706116536458296],[93.25953748914941,50.70638346354161],[93.25985568576402,50.70471679687489],[93.2601443142363,50.704449869791574],[93.26041124131962,50.70190917968739],[93.2595887586807,50.70110568576371]]]}},{"type":"Feature","id":"hydrolakes:1336227","properties":{"Hylak_id":1336227,"Lake_name":"","Country":"Russia","Continent":"Europe","Poly_src":"SWBD","Lake_type":1,"Grand_id":0,"Lake_area":0.11,"Shore_len":1.88,"Shore_dev":1.59,"Vol_total":0.66,"Vol_res":0.0,"Vol_src":3,"Depth_avg":5.9,"Dis_avg":0.02,"Res_time":379.9,"Elevation":2389,"Slope_100":8.82,"Wshd_area":18.2,"Pour_long":90.328125,"Pour_lat":50.6549,"source_id":"hydrolakes:1336227","label":""},"geometry":{"type":"Polygon","coordinates":[[[90.32651241726336,50.651404079860924],[90.3263888888888,50.65124999999989],[90.32459869384763,50.65147406684025],[90.32484575059658,50.65223741319426],[90.32570980495854,50.65276258680541],[90.32595686170777,50.65390407986109],[90.32651241726336,50.65434895833323],[90.32626536051413,50.65501519097211],[90.32348758273645,50.65650607638872],[90.32447163899718,50.657207031249925],[90.32562330457893,50.65678982204844],[90.32610548231332,50.65618815104153],[90.32706797281901,50.65581814236094],[90.32902082655147,50.655477973090115],[90.32984575059658,50.65481770833321],[90.32706797281901,50.65223741319426],[90.32651241726336,50.651404079860924]]]}},{"type":"Feature","id":"hydrolakes:1336251","properties":{"Hylak_id":1336251,"Lake_name":"","Country":"Russia","Continent":"Europe","Poly_src":"SWBD","Lake_type":1,"Grand_id":0,"Lake_area":0.1,"Shore_len":1.83,"Shore_dev":1.59,"Vol_total":0.71,"Vol_res":0.0,"Vol_src":3,"Depth_avg":6.8,"Dis_avg":0.011,"Res_time":746.7,"Elevation":2425,"Slope_100":11.84,"Wshd_area":10.1,"Pour_long":90.336458,"Pour_lat":50.647987,"source_id":"hydrolakes:1336251","label":""},"geometry":{"type":"Polygon","coordinates":[[[90.34348002115865,50.6455631510417],[90.34361111111099,50.645416666666506],[90.3412394544813,50.6460470920137],[90.33874220106321,50.64638129340267],[90.33570224338092,50.64778537326379],[90.33292446560313,50.64807508680536],[90.33324449327239,50.64873914930541],[90.34117591010187,50.64824164496525],[90.34207553439654,50.64665907118041],[90.34348002115865,50.6455631510417]]]}},{"type":"Feature","id":"hydrolakes:1336257","properties":{"Hylak_id":1336257,"Lake_name":"","Country":"Russia","Continent":"Europe","Poly_src":"SWBD","Lake_type":1,"Grand_id":0,"Lake_area":0.1,"Shore_len":1.42,"Shore_dev":1.26,"Vol_total":0.68,"Vol_res":0.0,"Vol_src":3,"Depth_avg":6.8,"Dis_avg":0.011,"Res_time":717.9,"Elevation":2459,"Slope_100":12.26,"Wshd_area":9.7,"Pour_long":90.43017,"Pour_lat":50.646556,"source_id":"hydrolakes:1336257","label":""},"geometry":{"type":"Polygon","coordinates":[[[90.42984575059677,50.64362630208319],[90.42972222222238,50.64319444444442],[90.42836442735444,50.64336425781238],[90.42743089463983,50.644305555555434],[90.42904313829189,50.64581814236101],[90.42933654785139,50.64717393663176],[90.43317908392993,50.64765407986101],[90.43237647162522,50.64581814236101],[90.42984575059677,50.64362630208319]]]}},{"type":"Feature","id":"hydrolakes:1336320","properties":{"Hylak_id":1336320,"Lake_name":"","Country":"Russia","Continent":"Europe","Poly_src":"SWBD","Lake_type":1,"Grand_id":0,"Lake_area":0.13,"Shore_len":1.76,"Shore_dev":1.41,"Vol_total":0.92,"Vol_res":0.0,"Vol_src":3,"Depth_avg":7.4,"Dis_avg":0.008,"Res_time":1334.5,"Elevation":2559,"Slope_100":13.45,"Wshd_area":7.2,"Pour_long":90.237735,"Pour_lat":50.625202,"source_id":"hydrolakes:1336320","label":""},"geometry":{"type":"Polygon","coordinates":[[[90.23929019504112,50.619459635416604],[90.23916666666645,50.6193055555554],[90.23766057332335,50.61949381510402],[90.23737647162528,50.62112630208321],[90.23651241726338,50.6219292534721],[90.23626536051427,50.62362630208315],[90.23515424940302,50.62490451388874],[90.23548243204743,50.62578993055536],[90.23683710734036,50.625958116319396],[90.23793202718076,50.62529296874999],[90.23848758273635,50.62445963541654],[90.23873463948559,50.622762586805436],[90.23984575059671,50.62148437499985],[90.2395986938476,50.619707031249845],[90.23929019504112,50.619459635416604]]]}},{"type":"Feature","id":"hydrolakes:1336428","properties":{"Hylak_id":1336428,"Lake_name":"","Country":"Russia","Continent":"Europe","Poly_src":"SWBD","Lake_type":1,"Grand_id":0,"Lake_area":0.12,"Shore_len":1.44,"Shore_dev":1.18,"Vol_total":0.81,"Vol_res":0.0,"Vol_src":3,"Depth_avg":6.8,"Dis_avg":0.011,"Res_time":857.5,"Elevation":2588,"Slope_100":11.7,"Wshd_area":9.7,"Pour_long":90.417636,"Pour_lat":50.586002,"source_id":"hydrolakes:1336428","label":""},"geometry":{"type":"Polygon","coordinates":[[[90.41816396077462,50.584474826388714],[90.41805555555538,50.584305555555375],[90.41705284966343,50.58441406249983],[90.41516937255858,50.58614149305538],[90.41405826144734,50.58675618489582],[90.4142750718857,50.58725260416651],[90.41516937255858,50.588025173611015],[90.41541785346118,50.589050021701325],[90.41671335856103,50.589414062499884],[90.4179208034937,50.589027777777574],[90.41816396077462,50.588025173611015],[90.41871951633033,50.5876692708332],[90.41850270589191,50.5846918402778],[90.41816396077462,50.584474826388714]]]}},{"type":"Feature","id":"hydrolakes:1336688","properties":{"Hylak_id":1336688,"Lake_name":"","Country":"Russia","Continent":"Europe","Poly_src":"SWBD","Lake_type":1,"Grand_id":0,"Lake_area":0.14,"Shore_len":1.56,"Shore_dev":1.19,"Vol_total":0.98,"Vol_res":0.0,"Vol_src":3,"Depth_avg":7.2,"Dis_avg":0.002,"Res_time":5678.3,"Elevation":2829,"Slope_100":12.5,"Wshd_area":1.8,"Pour_long":90.098138,"Pour_lat":50.503024,"source_id":"hydrolakes:1336688","label":""},"geometry":{"type":"Polygon","coordinates":[[[90.09928012424041,50.501969943576285],[90.09916666666646,50.50180555555539],[90.09745544433571,50.50193033854151],[90.09627543131495,50.50260416666663],[90.09683098687043,50.50330783420122],[90.09705790201798,50.504469943576225],[90.09905320909286,50.506363389756814],[90.09936502244727,50.507196723090146],[90.10070339626736,50.50681694878455],[90.1009467909069,50.50497450086806],[90.10150234646261,50.504590928819255],[90.10127543131495,50.5030300564236],[90.10060642666264,50.50231011284711],[90.09928012424041,50.501969943576285]]]}},{"type":"Feature","id":"hydrolakes:1337142","properties":{"Hylak_id":1337142,"Lake_name":"","Country":"Russia","Continent":"Europe","Poly_src":"SWBD","Lake_type":1,"Grand_id":0,"Lake_area":0.25,"Shore_len":1.89,"Shore_dev":1.08,"Vol_total":0.76,"Vol_res":0.0,"Vol_src":3,"Depth_avg":3.1,"Dis_avg":0.008,"Res_time":1097.8,"Elevation":1920,"Slope_100":1.78,"Wshd_area":7.4,"Pour_long":90.276233,"Pour_lat":50.394754,"source_id":"hydrolakes:1337142","label":""},"geometry":{"type":"Polygon","coordinates":[[[90.27708055284273,50.39361382378456],[90.2732269287107,50.39363064236096],[90.26903055826813,50.39526584201377],[90.26930277506489,50.396669379340096],[90.27066475762246,50.39831922743036],[90.27232031928173,50.398886176215115],[90.27496873643639,50.39768283420119],[90.27763610839821,50.39595974392347],[90.2773638916014,50.39388617621529],[90.27708055284273,50.39361382378456]]]}},{"type":"Feature","id":"hydrolakes:1337196","properties":{"Hylak_id":1337196,"Lake_name":"","Country":"Russia","Continent":"Europe","Poly_src":"SWBD","Lake_type":1,"Grand_id":0,"Lake_area":0.47,"Shore_len":3.08,"Shore_dev":1.26,"Vol_total":1.41,"Vol_res":0.0,"Vol_src":3,"Depth_avg":3.0,"Dis_avg":0.279,"Res_time":58.4,"Elevation":985,"Slope_100":1.34,"Wshd_area":274.2,"Pour_long":94.872951,"Pour_lat":50.381219,"source_id":"hydrolakes:1337196","label":""},"geometry":{"type":"Polygon","coordinates":[[[94.88040907118074,50.38153374565951],[94.88014648437519,50.38082573784703],[94.87818684895865,50.37972981770821],[94.87773166232654,50.379220920138835],[94.87459092881977,50.377770182291556],[94.872631293403,50.377507595485895],[94.87138888888921,50.37652777777765],[94.86897189670157,50.37667914496507],[94.867924262153,50.377726236979015],[94.86929796006967,50.379115125867884],[94.86847981770853,50.38111870659708],[94.86736870659752,50.381825629340085],[94.86871690538226,50.382492404513755],[94.87008734809041,50.38139648437482],[94.87070203993085,50.38193684895833],[94.87159939236125,50.383792317708185],[94.873816731771,50.384714626735956],[94.87566297743075,50.3843505859374],[94.8770757378474,50.38332573784709],[94.88040907118074,50.38153374565951]]]}},{"type":"Feature","id":"hydrolakes:1337379","properties":{"Hylak_id":1337379,"Lake_name":"","Country":"Mongolia","Continent":"Asia","Poly_src":"SWBD","Lake_type":1,"Grand_id":0,"Lake_area":0.18,"Shore_len":1.78,"Shore_dev":1.18,"Vol_total":0.34,"Vol_res":0.0,"Vol_src":3,"Depth_avg":1.9,"Dis_avg":0.007,"Res_time":558.3,"Elevation":779,"Slope_100":0.69,"Wshd_area":5.8,"Pour_long":93.569809,"Pour_lat":50.342692,"source_id":"hydrolakes:1337379","label":""},"geometry":{"type":"Polygon","coordinates":[[[93.57436794704881,50.34134602864572],[93.574166666667,50.34069444444424],[93.56813476562508,50.34107259114569],[93.56848008897589,50.341381293402605],[93.56874213324664,50.34306315104152],[93.56949734158025,50.34384223090268],[93.573626030816,50.34408854166651],[93.57681342230921,50.34306315104152],[93.57763102213562,50.34199598524293],[93.57736897786464,50.34165907118046],[93.57436794704881,50.34134602864572]]]}},{"type":"Feature","id":"hydrolakes:1337722","properties":{"Hylak_id":1337722,"Lake_name":"","Country":"Russia","Continent":"Europe","Poly_src":"SWBD","Lake_type":1,"Grand_id":0,"Lake_area":0.11,"Shore_len":1.43,"Shore_dev":1.21,"Vol_total":0.76,"Vol_res":0.0,"Vol_src":3,"Depth_avg":6.8,"Dis_avg":0.009,"Res_time":977.2,"Elevation":2720,"Slope_100":11.94,"Wshd_area":9.7,"Pour_long":90.059884,"Pour_lat":50.25494,"source_id":"hydrolakes:1337722","label":""},"geometry":{"type":"Polygon","coordinates":[[[90.06151996612539,50.253618706597024],[90.05838362799733,50.25366048177062],[90.05779340108217,50.25432128906249],[90.0557722091674,50.25494520399286],[90.05459114498552,50.25605957031229],[90.05505290985116,50.25665310329839],[90.05712325202092,50.25677680121515],[90.06024532741958,50.25563910590273],[90.06261447058768,50.25431477864561],[90.06151996612539,50.253618706597024]]]}},{"type":"Feature","id":"hydrolakes:1337814","properties":{"Hylak_id":1337814,"Lake_name":"","Country":"Russia","Continent":"Europe","Poly_src":"SWBD","Lake_type":1,"Grand_id":0,"Lake_area":0.94,"Shore_len":6.93,"Shore_dev":2.02,"Vol_total":5.81,"Vol_res":0.0,"Vol_src":3,"Depth_avg":6.2,"Dis_avg":0.051,"Res_time":1318.8,"Elevation":2521,"Slope_100":4.93,"Wshd_area":53.8,"Pour_long":90.113278,"Pour_lat":50.227331,"source_id":"hydrolakes:1337814","label":""},"geometry":{"type":"Polygon","coordinates":[[[90.09429019504114,50.241095920138775],[90.09599261813707,50.24013346354167],[90.10114184061666,50.238225368923395],[90.10262352837447,50.236929253472],[90.10557465447295,50.23573947482623],[90.10651241726339,50.23442925347206],[90.10737647162534,50.233904079860906],[90.1076235283744,50.23331814236093],[90.1101542494032,50.231959635416445],[90.11237647162528,50.22973741319424],[90.1126235283744,50.22887369791653],[90.114043138292,50.228070746527635],[90.11429019504112,50.22657118055531],[90.11361111111097,50.225972222222026],[90.11317908393005,50.22609592013879],[90.11221658494713,50.22646592881932],[90.1112653605141,50.22751519097204],[90.10898746914319,50.22876139322909],[90.10712494744189,50.22929361979158],[90.10682091606986,50.2300151909721],[90.10570980495874,50.23112630208311],[90.10373463948548,50.2322070312498],[90.10182091606981,50.23445963541661],[90.10070980495863,50.235292968749775],[90.09726322597942,50.237120225694355],[90.09484575059673,50.23776258680533],[90.0930348629422,50.238544379340055],[90.09040130615222,50.23887369791646],[90.0893547821043,50.23927571614564],[90.08898616366906,50.240150824652574],[90.08704337226015,50.2407058376736],[90.08527777777772,50.24048665364569],[90.08432730780686,50.2406049262151],[90.08404313829203,50.24223741319423],[90.08293324788389,50.24291178385397],[90.08151241726324,50.24331814236098],[90.0807098049587,50.24495496961788],[90.0826125420462,50.24581814236103],[90.08604994879812,50.24539062499986],[90.09224527994769,50.242679036458185],[90.09429019504114,50.241095920138775]]]}},{"type":"Feature","id":"hydrolakes:1337853","properties":{"Hylak_id":1337853,"Lake_name":"","Country":"Russia","Continent":"Europe","Poly_src":"SWBD","Lake_type":1,"Grand_id":0,"Lake_area":0.12,"Shore_len":1.48,"Shore_dev":1.2,"Vol_total":0.17,"Vol_res":0.0,"Vol_src":3,"Depth_avg":1.4,"Dis_avg":0.0,"Res_time":-1.0,"Elevation":901,"Slope_100":0.42,"Wshd_area":0.1,"Pour_long":94.54375,"Pour_lat":50.215509,"source_id":"hydrolakes:1337853","label":""},"geometry":{"type":"Polygon","coordinates":[[[94.54095675998275,50.21334852430539],[94.54083333333352,50.2131944444443],[94.5393511284725,50.21337999131924],[94.53850884331615,50.21405436197904],[94.54015435112859,50.21498480902761],[94.5410961914065,50.21602267795117],[94.54319580078152,50.216929253472074],[94.54564968533003,50.21661946614563],[94.54651231553851,50.21592881944434],[94.54616916232663,50.21538899739562],[94.54404324001752,50.21442925347213],[94.54144341362871,50.21373806423588],[94.54095675998275,50.21334852430539]]]}},{"type":"Feature","id":"hydrolakes:1337884","properties":{"Hylak_id":1337884,"Lake_name":"","Country":"Russia","Continent":"Europe","Poly_src":"SWBD","Lake_type":1,"Grand_id":0,"Lake_area":0.12,"Shore_len":1.47,"Shore_dev":1.21,"Vol_total":0.76,"Vol_res":0.0,"Vol_src":3,"Depth_avg":6.5,"Dis_avg":0.009,"Res_time":974.2,"Elevation":2737,"Slope_100":10.47,"Wshd_area":9.8,"Pour_long":90.071698,"Pour_lat":50.205145,"source_id":"hydrolakes:1337884","label":""},"geometry":{"type":"Polygon","coordinates":[[[90.07373463524709,50.2030707465276],[90.07361111111106,50.202916666666454],[90.07163593716098,50.203163519965074],[90.07126536475272,50.20362630208331],[90.06996927049425,50.20399685329852],[90.06904314253069,50.20501519097206],[90.0673764758638,50.20595757378453],[90.0676978429156,50.206899956597],[90.06929208119698,50.20709798177057],[90.07237647586379,50.20584852430551],[90.07262352413585,50.20526258680553],[90.07429019080257,50.204320203992836],[90.07404314253063,50.20331814236107],[90.07373463524709,50.2030707465276]]]}},{"type":"Feature","id":"hydrolakes:1337896","properties":{"Hylak_id":1337896,"Lake_name":"","Country":"Russia","Continent":"Europe","Poly_src":"SWBD","Lake_type":1,"Grand_id":0,"Lake_area":0.13,"Shore_len":1.58,"Shore_dev":1.23,"Vol_total":0.7,"Vol_res":0.0,"Vol_src":3,"Depth_avg":5.3,"Dis_avg":0.019,"Res_time":425.3,"Elevation":2582,"Slope_100":6.74,"Wshd_area":21.3,"Pour_long":90.110094,"Pour_lat":50.20177,"source_id":"hydrolakes:1337896","label":""},"geometry":{"type":"Polygon","coordinates":[[[90.10928767734094,50.20001790364563],[90.10916666666674,50.19986111111092],[90.10762101067422,50.19998209635395],[90.10460121154762,50.20085123697896],[90.10238724602584,50.20112196180537],[90.10502491421147,50.20232259114567],[90.10810989379883,50.20303765190971],[90.11073874579529,50.202611219617836],[90.11185432434064,50.2019439019096],[90.11039878845196,50.20112901475676],[90.10928767734094,50.20001790364563]]]}},{"type":"Feature","id":"hydrolakes:1337898","properties":{"Hylak_id":1337898,"Lake_name":"","Country":"Russia","Continent":"Europe","Poly_src":"SWBD","Lake_type":1,"Grand_id":0,"Lake_area":0.22,"Shore_len":2.25,"Shore_dev":1.35,"Vol_total":1.71,"Vol_res":0.0,"Vol_src":3,"Depth_avg":7.7,"Dis_avg":0.015,"Res_time":1318.0,"Elevation":2633,"Slope_100":12.38,"Wshd_area":17.3,"Pour_long":90.088056,"Pour_lat":50.200258,"source_id":"hydrolakes:1337898","label":""},"geometry":{"type":"Polygon","coordinates":[[[90.0920805528429,50.19805826822909],[90.08646687825507,50.19811523437477],[90.08403055826801,50.199169379340105],[90.08145708719883,50.199528537326216],[90.08014166937909,50.200814344617925],[90.08047822740326,50.20221516927069],[90.08282602945945,50.20226291232626],[90.08736389160134,50.200836046006884],[90.0909694417316,50.199163953992866],[90.09319166395392,50.198729926215094],[90.0929194471571,50.19833062065953],[90.0920805528429,50.19805826822909]]]}},{"type":"Feature","id":"hydrolakes:1337902","properties":{"Hylak_id":1337902,"Lake_name":"","Country":"Russia","Continent":"Europe","Poly_src":"SWBD","Lake_type":1,"Grand_id":0,"Lake_area":0.16,"Shore_len":1.77,"Shore_dev":1.23,"Vol_total":1.01,"Vol_res":0.0,"Vol_src":3,"Depth_avg":6.1,"Dis_avg":0.022,"Res_time":529.4,"Elevation":2472,"Slope_100":8.42,"Wshd_area":25.5,"Pour_long":90.007621,"Pour_lat":50.199211,"source_id":"hydrolakes:1337902","label":""},"geometry":{"type":"Polygon","coordinates":[[[90.00874218755274,50.19834092881928],[90.00861111111101,50.19819444444431],[90.00712438265475,50.1983935546873],[90.00681336800244,50.199729817708146],[90.0054088541533,50.2005479600694],[90.00514670140205,50.201396484374925],[90.00459114582998,50.20189290364573],[90.00487483541167,50.204061414930436],[90.00669502496697,50.20471462673595],[90.00845521423548,50.204029947916524],[90.00874218755274,50.20249240451386],[90.0092977428435,50.201995985242945],[90.00903559048959,50.19860351562494],[90.00874218755274,50.19834092881928]]]}},{"type":"Feature","id":"hydrolakes:1337908","properties":{"Hylak_id":1337908,"Lake_name":"","Country":"Mongolia","Continent":"Asia","Poly_src":"SWBD","Lake_type":1,"Grand_id":0,"Lake_area":0.65,"Shore_len":4.52,"Shore_dev":1.58,"Vol_total":1.01,"Vol_res":0.0,"Vol_src":3,"Depth_avg":1.6,"Dis_avg":0.001,"Res_time":11636.9,"Elevation":783,"Slope_100":0.32,"Wshd_area":1.5,"Pour_long":92.189477,"Pour_lat":50.198159,"source_id":"hydrolakes:1337908","label":""},"geometry":{"type":"Polygon","coordinates":[[[92.19015177408852,50.20279079861092],[92.19043606228308,50.20056857638872],[92.19237399631095,50.20082031249984],[92.1926543511284,50.2033203124999],[92.19348510742185,50.20306857638866],[92.19373711480029,50.20248697916645],[92.19484822591147,50.202160915798515],[92.19459621853309,50.20082031249984],[92.19404066297744,50.20035915798593],[92.19429267035588,50.199986979166454],[92.19595933702271,50.19903537326371],[92.19321912977443,50.19843261718739],[92.19237399631095,50.19720920138866],[92.19040378146696,50.196679687499795],[92.19000244140636,50.19619628906236],[92.18792792426217,50.19598470052068],[92.18616373697915,50.19664767795126],[92.18459621853322,50.19498697916646],[92.18361111111119,50.19458333333313],[92.1812628851996,50.1948838975693],[92.1815148925782,50.19612413194426],[92.1831321885852,50.19793348524297],[92.18070732964429,50.19836534288174],[92.18207044813363,50.19930935329859],[92.1812628851996,50.20019639756924],[92.18164048936649,50.200753580728986],[92.18348510742192,50.201375868055436],[92.18373711480024,50.20223524305533],[92.184442545573,50.20297092013885],[92.18816596137145,50.204709201388766],[92.18929267035605,50.20438476562498],[92.18871432834214,50.20360514322903],[92.18959621853293,50.20334635416663],[92.19015177408852,50.20279079861092]]]}},{"type":"Feature","id":"hydrolakes:1337945","properties":{"Hylak_id":1337945,"Lake_name":"","Country":"Mongolia","Continent":"Asia","Poly_src":"SWBD","Lake_type":1,"Grand_id":0,"Lake_area":0.93,"Shore_len":6.96,"Shore_dev":2.04,"Vol_total":1.69,"Vol_res":0.0,"Vol_src":3,"Depth_avg":1.8,"Dis_avg":0.263,"Res_time":74.5,"Elevation":783,"Slope_100":0.39,"Wshd_area":765.4,"Pour_long":92.197567,"Pour_lat":50.19029,"source_id":"hydrolakes:1337945","label":""},"geometry":{"type":"Polygon","coordinates":[[[92.19596693250861,50.18806098090255],[92.19569525824659,50.18466145833315],[92.19375000000025,50.184738498263755],[92.19347751193584,50.18416124131926],[92.19284030490445,50.183894314235886],[92.19106092664936,50.18451768663181],[92.1906997341581,50.185283203124925],[92.18880832248266,50.18555013020824],[92.18847751193579,50.18416124131926],[92.1879219563802,50.18307345920118],[92.19125528971352,50.18278320312487],[92.19181084526912,50.18222764756928],[92.19194444444452,50.180138888888735],[92.18880493164068,50.18029730902771],[92.18847751193579,50.18167209201374],[92.18743299696172,50.18200249565962],[92.18273546006941,50.18133192274291],[92.18236640082478,50.18055013020813],[92.18050632052945,50.180283203124816],[92.17824327256943,50.18121256510403],[92.17792195638032,50.18222764756928],[92.17736640082461,50.18278320312487],[92.17570882161459,50.18309950086791],[92.17652248806422,50.18408745659707],[92.17541137695304,50.184439019097056],[92.17514417860252,50.18560926649286],[92.18096693250862,50.18750542534701],[92.18391330295151,50.18777235243033],[92.18430026584196,50.18690917968729],[92.18347751193596,50.18610568576372],[92.18263359917546,50.18583875868035],[92.18236640082478,50.184879014756746],[92.1827958170573,50.18417209201374],[92.18318915473088,50.185005425347185],[92.18498942057289,50.18653862847208],[92.18847751193579,50.18777235243033],[92.18903306749127,50.18832790798598],[92.18938137478295,50.18942816840263],[92.19569973415793,50.18971679687479],[92.19681084526911,50.19027235243033],[92.19707804361985,50.191394314235936],[92.1988090006513,50.19166124131925],[92.19930026584194,50.191075846353954],[92.19736640082476,50.18888346354146],[92.19596693250861,50.18806098090255]]]}},{"type":"Feature","id":"hydrolakes:1338224","properties":{"Hylak_id":1338224,"Lake_name":"","Country":"Russia","Continent":"Europe","Poly_src":"SWBD","Lake_type":1,"Grand_id":0,"Lake_area":0.18,"Shore_len":1.78,"Shore_dev":1.18,"Vol_total":0.67,"Vol_res":0.0,"Vol_src":3,"Depth_avg":3.7,"Dis_avg":0.131,"Res_time":59.0,"Elevation":2371,"Slope_100":2.77,"Wshd_area":138.5,"Pour_long":90.154598,"Pour_lat":50.113939,"source_id":"hydrolakes:1338224","label":""},"geometry":{"type":"Polygon","coordinates":[[[90.15589014689107,50.11378200954846],[90.1552777777776,50.11319444444422],[90.14844421386704,50.11323838975687],[90.14721874660898,50.11366807725682],[90.14681084526893,50.1142925347221],[90.14847751193565,50.115272352430395],[90.14874471028645,50.115838758680354],[90.15077907986108,50.11729058159699],[90.152798953586,50.1172102864582],[90.15374471028628,50.115272352430395],[90.15589014689107,50.11378200954846]]]}},{"type":"Feature","id":"hydrolakes:1338244","properties":{"Hylak_id":1338244,"Lake_name":"","Country":"Russia","Continent":"Europe","Poly_src":"SWBD","Lake_type":1,"Grand_id":0,"Lake_area":0.46,"Shore_len":3.59,"Shore_dev":1.5,"Vol_total":2.06,"Vol_res":0.0,"Vol_src":3,"Depth_avg":4.5,"Dis_avg":0.138,"Res_time":172.8,"Elevation":2365,"Slope_100":3.19,"Wshd_area":145.6,"Pour_long":90.175935,"Pour_lat":50.10902,"source_id":"hydrolakes:1338244","label":""},"geometry":{"type":"Polygon","coordinates":[[[90.16839991251618,50.10918348524291],[90.17139373779281,50.108943142361],[90.17413584391255,50.109541015624814],[90.17802000257683,50.10985351562476],[90.17873967488589,50.10923339843737],[90.17737143622503,50.108600802951344],[90.17204652574316,50.10768825954847],[90.17096189710804,50.1066769748262],[90.1707047695582,50.105545247395696],[90.17040634155256,50.10528808593733],[90.17014921400278,50.102211914062366],[90.16861111111115,50.10124999999982],[90.16760657416427,50.10155219184014],[90.1637396748859,50.103600802951235],[90.16237143622493,50.10521104600673],[90.16262856377472,50.105565863715185],[90.16514921400278,50.10693413628451],[90.16540634155263,50.1088991970484],[90.16606979370096,50.10997450086802],[90.16751183403841,50.110090060763696],[90.16839991251618,50.10918348524291]]]}},{"type":"Feature","id":"hydrolakes:1338252","properties":{"Hylak_id":1338252,"Lake_name":"","Country":"Mongolia","Continent":"Asia","Poly_src":"SWBD","Lake_type":1,"Grand_id":0,"Lake_area":0.47,"Shore_len":2.99,"Shore_dev":1.24,"Vol_total":1.84,"Vol_res":0.0,"Vol_src":3,"Depth_avg":4.0,"Dis_avg":0.149,"Res_time":142.9,"Elevation":2298,"Slope_100":2.44,"Wshd_area":155.1,"Pour_long":90.228125,"Pour_lat":50.107077,"source_id":"hydrolakes:1338252","label":""},"geometry":{"type":"Polygon","coordinates":[[[90.22903306749129,50.109172092013694],[90.2293002658418,50.10653374565959],[90.22541137695299,50.1041720920137],[90.22527777777753,50.10374999999976],[90.22322236802836,50.10426161024287],[90.22292195638005,50.10586859809007],[90.22372283935545,50.106610785590135],[90.22328406439868,50.10721679687481],[90.22125528971344,50.106383463541476],[90.21995073106535,50.10611653645816],[90.21765367295995,50.1070600043401],[90.21736640082463,50.10930555555552],[90.22096693250865,50.11139431423601],[90.22275600857199,50.111661241319155],[90.22546198527016,50.11109537760399],[90.22596693250847,50.11055013020814],[90.22824957953537,50.109973415798436],[90.22903306749129,50.109172092013694]]]}},{"type":"Feature","id":"hydrolakes:1338281","properties":{"Hylak_id":1338281,"Lake_name":"","Country":"Russia","Continent":"Europe","Poly_src":"SWBD","Lake_type":1,"Grand_id":0,"Lake_area":0.91,"Shore_len":4.81,"Shore_dev":1.42,"Vol_total":5.86,"Vol_res":0.0,"Vol_src":3,"Depth_avg":6.4,"Dis_avg":0.076,"Res_time":892.3,"Elevation":2336,"Slope_100":5.38,"Wshd_area":88.9,"Pour_long":90.057292,"Pour_lat":50.098892,"source_id":"hydrolakes:1338281","label":""},"geometry":{"type":"Polygon","coordinates":[[[90.05874470604783,50.09778320312478],[90.0551011912026,50.09778537326372],[90.05430026160349,50.098605685763744],[90.05347751617415,50.09968695746511],[90.05485581715891,50.10107584635398],[90.0545886272854,50.1019498697915],[90.0540330717298,50.10278320312483],[90.05236640506297,50.10389431423596],[90.0507454596625,50.10440755208316],[90.04985581715886,50.10527235243035],[90.04958862728523,50.10611653645816],[90.04707803938118,50.10832790798594],[90.04596692826993,50.1102723524304],[90.04569973839631,50.112227647569284],[90.04514418284083,50.112742513020635],[90.04560869004979,50.11329589843734],[90.04727569156199,50.11388020833317],[90.05294429779036,50.113276909722174],[90.0540330717298,50.112227647569284],[90.05430026160349,50.109716796874864],[90.05652248382552,50.1077723524304],[90.0590330717298,50.1063943142359],[90.05930026160343,50.10499457465261],[90.05959434509253,50.10472222222205],[90.0590330717298,50.10360568576385],[90.05847751617421,50.103090820312275],[90.05874470604783,50.10193901909702],[90.05958862728522,50.10083875868037],[90.05985581715913,50.099994574652555],[90.06041137271433,50.099479709201205],[90.06014418284082,50.09888346354148],[90.05874470604783,50.09778320312478]]]}},{"type":"Feature","id":"hydrolakes:1338389","properties":{"Hylak_id":1338389,"Lake_name":"","Country":"Mongolia","Continent":"Asia","Poly_src":"SWBD","Lake_type":1,"Grand_id":0,"Lake_area":0.16,"Shore_len":2.0,"Shore_dev":1.4,"Vol_total":1.01,"Vol_res":0.0,"Vol_src":3,"Depth_avg":6.2,"Dis_avg":0.028,"Res_time":416.1,"Elevation":2099,"Slope_100":8.55,"Wshd_area":34.1,"Pour_long":90.11117,"Pour_lat":50.070548,"source_id":"hydrolakes:1338389","label":""},"geometry":{"type":"Polygon","coordinates":[[[90.11428767734088,50.070017903645635],[90.11416666666645,50.069861111110924],[90.11262101067427,50.069982096353954],[90.10904565599213,50.07067328559009],[90.10928767734094,50.07112901475665],[90.11126787821445,50.072204318576155],[90.11211778428822,50.07403483072892],[90.11412482367604,50.074911566840115],[90.11648093329512,50.0752598741318],[90.1176210106745,50.07460015190952],[90.11737898932546,50.07414876302062],[90.11539878845196,50.07307345920111],[90.11460121154778,50.071926540798415],[90.11349010043654,50.07161729600671],[90.11373212178557,50.07109320746525],[90.11483008490649,50.070436740451214],[90.11428767734088,50.070017903645635]]]}},{"type":"Feature","id":"hydrolakes:1338412","properties":{"Hylak_id":1338412,"Lake_name":"","Country":"Mongolia","Continent":"Asia","Poly_src":"SWBD","Lake_type":1,"Grand_id":0,"Lake_area":0.18,"Shore_len":1.75,"Shore_dev":1.16,"Vol_total":1.05,"Vol_res":0.0,"Vol_src":3,"Depth_avg":5.8,"Dis_avg":0.002,"Res_time":6088.9,"Elevation":2090,"Slope_100":7.3,"Wshd_area":2.2,"Pour_long":90.125755,"Pour_lat":50.065134,"source_id":"hydrolakes:1338412","label":""},"geometry":{"type":"Polygon","coordinates":[[[90.12595434400754,50.0644623480901],[90.1258333333331,50.06430555555539],[90.1231335449217,50.06442871093725],[90.12035218980554,50.064901258680436],[90.11928767734088,50.065537651909494],[90.11904565599218,50.0672401258679],[90.11793454488105,50.06790473090257],[90.11858981662311,50.06836154513877],[90.12168728298587,50.06881944444427],[90.12650989956302,50.06542860243036],[90.12626787821443,50.06470431857616],[90.12595434400754,50.0644623480901]]]}}]}